{"type": "FeatureCollection", "features": [{"type": "Feature", "properties": {"layer": "outline_2026", "site": "JAM-01"}, "geometry": {"type": "Polygon", "coordinates": [[[70.10525946271562, 22.480630120237887], [70.10532539261635, 22.479587170007367], [70.10543202216219, 22.479452471079835], [70.10565661819679, 22.47942276217082], [70.10591997580704, 22.479520977878405], [70.10606010853773, 22.479685511222502], [70.10616356437049, 22.479783741392207], [70.10646170318796, 22.479843678252735], [70.10661383727603, 22.47986612733111], [70.10662216927777, 22.480070315139784], [70.10655223665863, 22.480053966668997], [70.10649085291642, 22.48035167284088], [70.1067937346142, 22.480401384184564], [70.10707086760561, 22.48037014224446], [70.10725199542367, 22.480496007064154], [70.10733341893351, 22.48064586988582], [70.10732621454818, 22.480883957134413], [70.10726725498462, 22.481345235637676], [70.10704514738956, 22.48138020968999], [70.10664299762533, 22.481327014120563], [70.10642174289048, 22.48126305789128], [70.10629809439679, 22.48114410020071], [70.10606282848389, 22.481006006884847], [70.10582628199742, 22.480896749480365], [70.10556595464134, 22.480831020924654], [70.10526522638436, 22.48073269055584], [70.10525946271562, 22.480630120237887]]]}}, {"type": "Feature", "properties": {"layer": "union_2016_2026", "site": "JAM-01"}, "geometry": {"type": "Polygon", "coordinates": [[[70.10591997580704, 22.479520977878405], [70.10565661819679, 22.47942276217082], [70.10543202216219, 22.479452471079835], [70.10532539261635, 22.479587170007367], [70.10525946271562, 22.480630120237887], [70.10526522638436, 22.48073269055584], [70.10529577852263, 22.480742680345767], [70.1052958687171, 22.480778196595125], [70.10545888659499, 22.480837754890537], [70.10552706822709, 22.480833512121645], [70.10557204160366, 22.480876035289974], [70.10578748611717, 22.48091669647806], [70.10579874188375, 22.48092181258363], [70.1059398524159, 22.481001958737387], [70.10614262948651, 22.481104304591973], [70.10614497358722, 22.481132530834532], [70.106232200082, 22.481162723861313], [70.10631943527498, 22.481252582296037], [70.10639370521451, 22.481322714712284], [70.10652548972861, 22.48132245119218], [70.10665011905094, 22.481345119066308], [70.10675096110748, 22.48140297421945], [70.10688477667235, 22.48138535907933], [70.10701802709102, 22.481445701691502], [70.10706371794768, 22.481452969840138], [70.10706848437754, 22.48145893986414], [70.10708665391414, 22.48145661831153], [70.10718064250491, 22.48147156923494], [70.10725135020942, 22.481492511126422], [70.10725557005698, 22.48148348804633], [70.10743243443383, 22.481511621922525], [70.10741938551394, 22.481449095116222], [70.1074715401489, 22.481369435787897], [70.1074488829639, 22.481246499340738], [70.10734554996344, 22.480983925719592], [70.10732339197395, 22.480906040072064], [70.10732621454818, 22.480883957134413], [70.10733341893351, 22.48064586988582], [70.10725285862264, 22.48049759581364], [70.10724459538677, 22.48041036295428], [70.10727627961445, 22.48036031714071], [70.10720153851224, 22.480269972064818], [70.10713719772596, 22.480291878279132], [70.10712187104697, 22.48027984942741], [70.10699758867916, 22.480312879039843], [70.10689973732164, 22.480389434276695], [70.1067937346142, 22.480401384184564], [70.1065046294329, 22.480353933964675], [70.10650520541452, 22.48035112384863], [70.10656837188112, 22.480096849870268], [70.10656703879556, 22.48009332114602], [70.10670057311054, 22.48011535165459], [70.10675142871092, 22.48009971142277], [70.10675361483985, 22.48009796111416], [70.10684629486362, 22.48010062392426], [70.10695798016248, 22.480104080828323], [70.10696224212285, 22.480105627184912], [70.1069648995602, 22.48010429499625], [70.10714335121288, 22.480109818296285], [70.10732110511007, 22.480000101020504], [70.10734901745049, 22.47984884065565], [70.10736275219784, 22.47981677199358], [70.10735468249004, 22.479818141053467], [70.10736445819155, 22.479765165176968], [70.10651570962163, 22.479735993371328], [70.10643294461569, 22.479789346175806], [70.1061445154882, 22.47976565470255], [70.10606010853773, 22.479685511222502], [70.10591997580704, 22.479520977878405]]]}}, {"type": "Feature", "properties": {"layer": "buffer_100m", "site": "JAM-01"}, "geometry": {"type": "Polygon", "coordinates": [[[70.1042948301101, 22.480779781233462], [70.10430449608118, 22.480868112171223], [70.10432344916825, 22.480955134054547], [70.10435150617407, 22.481040005666056], [70.10438839589484, 22.48112190657298], [70.10443376174135, 22.48120004505824], [70.10448716518552, 22.481273665773923], [70.10454808999914, 22.481342057043282], [70.1046159472438, 22.4814045577406], [70.10469008096393, 22.481460563682386], [70.10476977452763, 22.481509533468163], [70.10485425755434, 22.481550993714304], [70.1049427133621, 22.48158454363043], [70.10524344323102, 22.4816828745904], [70.1053111851368, 22.481702472708186], [70.10547933316772, 22.48174492750693], [70.10558588737382, 22.481794143400556], [70.1056803804696, 22.481849607871112], [70.1057228390775, 22.48189045590419], [70.10579389989027, 22.481952297767908], [70.10587126277696, 22.482007221357133], [70.10595415120179, 22.482054675367422], [70.10604173316283, 22.482094183470945], [70.10613312954352, 22.482125349097895], [70.10635438551594, 22.482189305716375], [70.10642953974032, 22.482207998770132], [70.10650606227459, 22.4822210445997], [70.10690821456849, 22.482274240504754], [70.10700792985122, 22.482282589013355], [70.10710804022747, 22.48228135817778], [70.10720748294665, 22.48227056106431], [70.10742959192108, 22.48223558679223], [70.10752332689414, 22.48221635786478], [70.10761456298162, 22.482188628172672], [70.10770240985536, 22.48215266831679], [70.10778601026273, 22.48210882921203], [70.1078645483925, 22.482057538662737], [70.10793725783608, 22.481999297187752], [70.10800342906674, 22.48193467313584], [70.10806241636347, 22.481864297139293], [70.10811364411215, 22.48178885595961], [70.10815661242236, 22.48170908578555], [70.10819090200525, 22.481625765048896], [70.10821617826466, 22.48153970682794], [70.10823219456164, 22.48145175091295], [70.10829115097387, 22.480990472063], [70.10829754999547, 22.480909338497895], [70.10830475272137, 22.480671251206687], [70.10830268618463, 22.480581782526308], [70.1082911011346, 22.480492943232285], [70.10827011135807, 22.480405605754004], [70.10823992299821, 22.480320627770954], [70.10820083252948, 22.48023884379019], [70.10811940832414, 22.480088981399017], [70.10807538228488, 22.48001646659656], [70.10802435673526, 22.47994802835387], [70.10796676544682, 22.479884248455726], [70.10790309800367, 22.47982566908614], [70.10783389564028, 22.47977278821951], [70.107652768237, 22.479646924042186], [70.10757603783054, 22.479598725958443], [70.10753426335259, 22.47957756600679], [70.10753228241451, 22.479571247768355], [70.10749673015572, 22.479488948835176], [70.10745266311949, 22.479410287521247], [70.1074005063099, 22.47933602244986], [70.10734076274787, 22.47926686984504], [70.10727400861951, 22.479203496624386], [70.10720088771924, 22.479146513967425], [70.10712210524076, 22.479096471421567], [70.10703842097608, 22.479053851602423], [70.10695064198825, 22.47901906553966], [70.10685961482808, 22.47899244871315], [70.10676621737034, 22.47897425781777], [70.1066831543005, 22.47896200095641], [70.10668189575902, 22.478960523278488], [70.10661522255222, 22.47889009157646], [70.10654104703966, 22.478826467753304], [70.10646016964756, 22.478770338364097], [70.10637346311788, 22.4787223090918], [70.10628186309067, 22.478682898211815], [70.10601850681009, 22.478584683085113], [70.10592237067605, 22.47855414872099], [70.10582332950224, 22.478533109616208], [70.10572246594562, 22.47852179575711], [70.10562088258312, 22.478520330819716], [70.10551968985969, 22.478528730817782], [70.10529509523774, 22.478558439539377], [70.10520031169003, 22.47857547893335], [70.10510781527037, 22.47860117490196], [70.1050185189784, 22.478635273809648], [70.10493330422807, 22.478677439078368], [70.10485301214815, 22.478727254509543], [70.10477843527977, 22.47878422839208], [70.10471030975381, 22.47884779835559], [70.10464930802479, 22.47891733692119], [70.10454267813165, 22.479052035340036], [70.10449112168949, 22.479124169690678], [70.10444723696625, 22.479200561708367], [70.10441142752666, 22.479280508913092], [70.1043840226791, 22.479363276131078], [70.10436527444705, 22.47944810225515], [70.10435535525089, 22.479534207243553], [70.1042894181102, 22.48057715708413], [70.10428906715418, 22.48067721088145], [70.1042948301101, 22.480779781233462]], [[70.10532539261635, 22.479587170007367], [70.10543202216219, 22.479452471079835], [70.10565661819679, 22.47942276217082], [70.10591997580704, 22.479520977878405], [70.10606010853773, 22.479685511222502], [70.10616356437049, 22.479783741392207], [70.10646170318796, 22.479843678252735], [70.10661383727603, 22.47986612733111], [70.10662216927777, 22.480070315139784], [70.10655223665863, 22.480053966668997], [70.10649085291642, 22.48035167284088], [70.1067937346142, 22.480401384184564], [70.10707086760561, 22.48037014224446], [70.10725199542367, 22.480496007064154], [70.10733341893351, 22.48064586988582], [70.10732621454818, 22.480883957134413], [70.10726725498462, 22.481345235637676], [70.10704514738956, 22.48138020968999], [70.10664299762533, 22.481327014120563], [70.10642174289048, 22.48126305789128], [70.10629809439679, 22.48114410020071], [70.10606282848389, 22.481006006884847], [70.10582628199742, 22.480896749480365], [70.10556595464134, 22.480831020924654], [70.10526522638436, 22.48073269055584], [70.10525946271562, 22.480630120237887], [70.10532539261635, 22.479587170007367]]]}}, {"type": "Feature", "properties": {"layer": "buffer_200m", "site": "JAM-01"}, "geometry": {"type": "Polygon", "coordinates": [[[70.1033244331796, 22.48082686607061], [70.10334376390944, 22.481003528059855], [70.10338166894334, 22.48117757204624], [70.1034377819308, 22.481347315586515], [70.10351156050369, 22.48151111780293], [70.10360229151712, 22.481667395245776], [70.10370909794118, 22.481814637201015], [70.1038309473373, 22.481951420294948], [70.10396666183765, 22.482076422254718], [70.1041149295306, 22.48218843469154], [70.10427431714263, 22.482286374783122], [70.10444328389391, 22.482369295742167], [70.10462019639371, 22.48243639596989], [70.10492092787459, 22.482534727521045], [70.10505641244325, 22.482573923994984], [70.10510141791109, 22.48258528720908], [70.10516605067467, 22.482641535140836], [70.1053207767796, 22.482751382874895], [70.10548655419649, 22.48284629140982], [70.10566171889874, 22.482925308069323], [70.10584451262201, 22.482987639695697], [70.10606576983203, 22.483051596703394], [70.10621607915431, 22.483088983040894], [70.10636912516547, 22.48311507486346], [70.10677127998915, 22.483168271104148], [70.1069707118306, 22.48318496822718], [70.10717093387954, 22.48318250654036], [70.10736982057985, 22.483160912176903], [70.10759193093372, 22.483125937685017], [70.10777940200785, 22.483087479591067], [70.107961875186, 22.4830320198713], [70.1081375697729, 22.482960099740566], [70.10830477123052, 22.482872421044977], [70.10846184791136, 22.482769839412143], [70.10860726698188, 22.48265335590053], [70.1087396093815, 22.482524107229594], [70.10885758367054, 22.482383354685933], [70.10896003863265, 22.482232471814033], [70.10904597450784, 22.482072931011377], [70.10911455274744, 22.4819062891592], [70.10916510419513, 22.481734172428826], [70.10919713561483, 22.481558260412058], [70.1092560888757, 22.48109698121547], [70.10926888579681, 22.480934714009788], [70.10927608686326, 22.48069662667599], [70.10927195254355, 22.480517689339713], [70.10924878123221, 22.48034001088777], [70.10920680055035, 22.4801653361736], [70.10914642282849, 22.47999538054667], [70.1090682410548, 22.479831813007788], [70.10898681615402, 22.479681951047112], [70.10889876347538, 22.479536921895892], [70.10879671196844, 22.479400045906807], [70.10868152919014, 22.47927248663252], [70.10855419431546, 22.479155328423353], [70.10841578981304, 22.47904956721014], [70.10829950506015, 22.478968762018336], [70.1082914834715, 22.478954443321893], [70.10818716935482, 22.478805913695837], [70.10806768196366, 22.478667609037345], [70.10793417368065, 22.478540863160383], [70.10778793209558, 22.478426898402287], [70.10763036758752, 22.478326813836485], [70.10746299972328, 22.47824157467399], [70.10728744260334, 22.478172002955787], [70.10716812706862, 22.47813711450334], [70.10716211207769, 22.478131955176213], [70.10700035766475, 22.478019696970208], [70.10682694522727, 22.477923638950728], [70.10664374601868, 22.477844817645963], [70.10638039106772, 22.477746603100115], [70.10618811984018, 22.47768553473961], [70.10599003867766, 22.477643456791093], [70.10578831284236, 22.47762082921589], [70.10558514743246, 22.477617899359746], [70.10538276328053, 22.477634699249407], [70.10515817007118, 22.47766440778358], [70.10496860413599, 22.477698486358612], [70.10478361234202, 22.47774987798244], [70.10460502064727, 22.477818075396364], [70.10443459184474, 22.47790240546004], [70.10427400816435, 22.478002035795], [70.10412485466956, 22.47811598299981], [70.10398860361259, 22.478243122355806], [70.10386659990267, 22.47838219892767], [70.10375996966225, 22.478516896837835], [70.10365685630995, 22.47866116503101], [70.1035690861919, 22.478813948608355], [70.10349746646216, 22.478973842626633], [70.10344265576882, 22.47913937675267], [70.10340515819536, 22.47930902878351], [70.10338531862331, 22.479481238643594], [70.10331937424272, 22.480524188094098], [70.10331867093649, 22.480724295684528], [70.1033244331796, 22.48082686607061]], [[70.10532539261635, 22.479587170007367], [70.10543202216219, 22.479452471079835], [70.10565661819679, 22.47942276217082], [70.10591997580704, 22.479520977878405], [70.10606010853773, 22.479685511222502], [70.10616356437049, 22.479783741392207], [70.10646170318796, 22.479843678252735], [70.10661383727603, 22.47986612733111], [70.10662216927777, 22.480070315139784], [70.10655223665863, 22.480053966668997], [70.10649085291642, 22.48035167284088], [70.1067937346142, 22.480401384184564], [70.10707086760561, 22.48037014224446], [70.10725199542367, 22.480496007064154], [70.10733341893351, 22.48064586988582], [70.10732621454818, 22.480883957134413], [70.10726725498462, 22.481345235637676], [70.10704514738956, 22.48138020968999], [70.10664299762533, 22.481327014120563], [70.10642174289048, 22.48126305789128], [70.10629809439679, 22.48114410020071], [70.10606282848389, 22.481006006884847], [70.10582628199742, 22.480896749480365], [70.10556595464134, 22.480831020924654], [70.10526522638436, 22.48073269055584], [70.10525946271562, 22.480630120237887], [70.10532539261635, 22.479587170007367]]]}}, {"type": "Feature", "properties": {"layer": "river", "name": "", "osm": "way/227900859", "distance_m": 1937.5}, "geometry": {"type": "LineString", "coordinates": [[70.08619018246641, 22.46570344501219], [70.0862128, 22.465740100000005], [70.08629919999998, 22.4659369], [70.0863006, 22.46653070000001], [70.08592820000001, 22.4672573], [70.08549770000002, 22.468113600000002], [70.084695, 22.469394800000003], [70.0842645, 22.4710064], [70.08403830000002, 22.472321300000008], [70.0839215, 22.473427100000006], [70.08492599999998, 22.474798000000003], [70.0855174, 22.4759039], [70.085889, 22.4764569], [70.0863533, 22.477181600000005], [70.0864668, 22.477811], [70.0865391, 22.478440300000006], [70.0864359, 22.478831300000003], [70.0856, 22.4795941], [70.085342, 22.480004100000002], [70.0851356, 22.48083370000001], [70.0849411, 22.482081999999995], [70.085036, 22.483295699999992], [70.0850141, 22.484974500000003], [70.0849338, 22.48555430000001], [70.084766, 22.4860128], [70.0844668, 22.486606100000003], [70.0839341, 22.4874556], [70.0836349, 22.487900600000003], [70.08305119999999, 22.488433200000003], [70.08268413619238, 22.488998395849517]]}}, {"type": "Feature", "properties": {"layer": "river", "name": "", "osm": "way/227900863", "distance_m": 2462.0}, "geometry": {"type": "MultiLineString", "coordinates": [[[70.09032840663292, 22.461802810056], [70.0894586, 22.4626301], [70.0888568, 22.4631682], [70.0881807, 22.46404990000001], [70.08765255301532, 22.464090723212635]], [[70.0872210626961, 22.464528468673453], [70.08668259999999, 22.465357499999993], [70.08629919999998, 22.4659369]]]}}, {"type": "Feature", "properties": {"layer": "river", "name": "", "osm": "way/227900865", "distance_m": 2306.0}, "geometry": {"type": "LineString", "coordinates": [[70.0839215, 22.473427100000006], [70.0824338, 22.474141500000005], [70.0822016, 22.474593600000006], [70.0819746, 22.474774800000002], [70.08155237895231, 22.475071777413554]]}}, {"type": "Feature", "properties": {"layer": "highway", "name": "SH6", "osm": "way/227970160", "distance_m": 735.5}, "geometry": {"type": "LineString", "coordinates": [[70.11416100000001, 22.478682700000007], [70.11454230000001, 22.478758500000005], [70.1146464, 22.4787792], [70.11578680000001, 22.478982300000006], [70.116147, 22.479046400000005], [70.1163242, 22.47909090000001], [70.1165617, 22.479165100000003], [70.1167393, 22.4792635], [70.1174337, 22.479651400000005], [70.1175919, 22.4797307], [70.1177605, 22.4798105], [70.1181261, 22.4799544], [70.1190215, 22.480299500000008], [70.1204391, 22.48082490000001], [70.1210238, 22.4810418], [70.1219022, 22.4813626], [70.1229904, 22.481774300000005], [70.1234096, 22.481933600000005], [70.1237315, 22.482064400000002], [70.1244879, 22.482343400000005], [70.1249015, 22.482500600000005], [70.1261872, 22.482978599999996], [70.1269752, 22.4832433], [70.1278045, 22.4835285], [70.1296072, 22.4840889], [70.1301504, 22.484278200000002], [70.1303443, 22.484337800000006], [70.1305241, 22.484402400000004], [70.13060640000002, 22.484433300000006], [70.13127253467465, 22.48465858019705]]}}, {"type": "Feature", "properties": {"layer": "highway", "name": "SH6", "osm": "way/427969312", "distance_m": 364.1}, "geometry": {"type": "LineString", "coordinates": [[70.1094116, 22.4778537], [70.109812, 22.477909900000007], [70.11013220000001, 22.4779638]]}}, {"type": "Feature", "properties": {"layer": "highway", "name": "Gulabnagar Road", "osm": "way/427972004", "distance_m": 1274.2}, "geometry": {"type": "LineString", "coordinates": [[70.08567549999998, 22.473147000000004], [70.0862624, 22.4732024], [70.0864676, 22.473232200000005], [70.08677600000001, 22.473276800000004], [70.0869879, 22.473317700000006], [70.0870898, 22.4733276], [70.08724410000002, 22.473353600000003], [70.0873433, 22.473368500000003], [70.08788779999999, 22.473463899999995], [70.0882392, 22.473518500000004], [70.08850200000002, 22.47356800000001], [70.08901829999999, 22.4736597], [70.0894998, 22.4737403], [70.0900174, 22.473837900000007], [70.09033589999999, 22.4738947], [70.090838, 22.4739808], [70.091033, 22.474008000000005], [70.09113100000002, 22.474026899999995], [70.0913441, 22.47406790000001], [70.0914418, 22.4740927], [70.09160129999998, 22.474151899999995], [70.09171190000002, 22.474195100000006], [70.09205570000002, 22.4743492], [70.0921218, 22.474379100000007], [70.0924986, 22.4745494], [70.09291459999999, 22.47474510000001], [70.0933894, 22.474953400000004], [70.09383660000002, 22.47514480000001], [70.0938935, 22.4751691]]}}, {"type": "Feature", "properties": {"layer": "highway", "name": "Hapa Fly-over", "osm": "way/427973989", "distance_m": 389.5}, "geometry": {"type": "LineString", "coordinates": [[70.1011151, 22.478036100000004], [70.1019585, 22.4779799]]}}, {"type": "Feature", "properties": {"layer": "highway", "name": "Gulab nagar road", "osm": "way/428184965", "distance_m": 382.4}, "geometry": {"type": "LineString", "coordinates": [[70.1020544, 22.47794950000001], [70.1019548, 22.477919800000006]]}}, {"type": "Feature", "properties": {"layer": "highway", "name": "SH6", "osm": "way/890157875", "distance_m": 408.0}, "geometry": {"type": "LineString", "coordinates": [[70.11013220000001, 22.4779638], [70.1102061, 22.477999000000004], [70.112155, 22.478335900000005], [70.114099, 22.478672000000003], [70.11416100000001, 22.478682700000007]]}}, {"type": "Feature", "properties": {"layer": "highway", "name": "SH6", "osm": "way/890157876", "distance_m": 408.0}, "geometry": {"type": "LineString", "coordinates": [[70.13128704759733, 22.48457880749379], [70.1307623, 22.4844001], [70.1306373, 22.484360800000005], [70.1299299, 22.484138400000006], [70.12906839999998, 22.483875500000003], [70.1282092, 22.48358800000001], [70.1281465, 22.483568100000003], [70.1275102, 22.483365900000003], [70.12670220000001, 22.483103100000008], [70.1261992, 22.482926099999997], [70.1258395, 22.482799500000002], [70.1254213, 22.482645599999998], [70.1251603, 22.482549600000002], [70.1242082, 22.482181600000004], [70.12312270000001, 22.4817707], [70.1225191, 22.481549300000008], [70.1221927, 22.481429500000004], [70.1215135, 22.481171], [70.1207181, 22.480873800000005], [70.1203948, 22.4807532], [70.1201341, 22.480656], [70.1194143, 22.480384600000004], [70.1187328, 22.480117500000002], [70.1180594, 22.479862200000007], [70.11779310000001, 22.479748000000004], [70.117574, 22.479654000000007], [70.1170515, 22.479380000000003], [70.11671370000002, 22.479179800000004], [70.1165245, 22.4790897], [70.116384, 22.479043600000004], [70.1163241, 22.479029800000003], [70.1160949, 22.478977100000005], [70.11537969999999, 22.478855900000006], [70.1147713, 22.478740000000002], [70.11416670000001, 22.478639700000002], [70.114034, 22.4786177], [70.11342799999998, 22.478510400000008], [70.11337890000001, 22.4785021], [70.11269650000001, 22.478386000000008], [70.1125868, 22.4783644], [70.11203350000001, 22.478259400000002], [70.1110885, 22.478095199999995], [70.1105114, 22.477994399999996], [70.1102515, 22.477957600000007], [70.1102084, 22.4779515], [70.11013220000001, 22.4779638]]}}, {"type": "Feature", "properties": {"layer": "highway", "name": "Hapa Fly-over", "osm": "way/890537688", "distance_m": 369.5}, "geometry": {"type": "LineString", "coordinates": [[70.1020544, 22.47794950000001], [70.102119, 22.477952], [70.10219589999998, 22.477952300000002]]}}, {"type": "Feature", "properties": {"layer": "highway", "name": "Hapa Fly-over", "osm": "way/890537689", "distance_m": 190.9}, "geometry": {"type": "LineString", "coordinates": [[70.10219589999998, 22.477952300000002], [70.1024477, 22.477941199999997], [70.1027982, 22.4779376], [70.10303559999998, 22.477925199999998], [70.1033962, 22.4778797], [70.1037501, 22.477791400000008], [70.1040297, 22.477709600000004], [70.1043123, 22.477663700000008], [70.104602, 22.477641399999996], [70.104911, 22.47765400000001], [70.1057462, 22.477699800000003], [70.1063656, 22.477745600000002], [70.1066297, 22.4777592], [70.1071675, 22.477774000000007], [70.1074827, 22.4777765], [70.1079977, 22.477788900000004], [70.1082659, 22.4777938], [70.1087433, 22.477804100000004], [70.1088784, 22.477807700000003], [70.1092335, 22.4778313], [70.109344, 22.477843600000003], [70.1094116, 22.4778537]]}}, {"type": "Feature", "properties": {"layer": "highway", "name": "Gulabnagar Road", "osm": "way/890648106", "distance_m": 468.8}, "geometry": {"type": "LineString", "coordinates": [[70.1011151, 22.4779698], [70.1010641, 22.4779729], [70.10100380000002, 22.477979700000006], [70.1009389, 22.477985900000004], [70.1003923, 22.4780788], [70.0999725, 22.478160599999995], [70.0996517, 22.478204800000007], [70.099473, 22.4782226], [70.0993352, 22.478232000000002], [70.09901599999999, 22.47821220000001], [70.0988175, 22.478172600000004], [70.0984916, 22.478064000000003], [70.09845809999999, 22.478056100000003], [70.09812290000002, 22.477947000000004], [70.09774199999998, 22.477810700000006], [70.09757460000002, 22.477747600000015], [70.09742009999998, 22.47768930000001], [70.0971387, 22.477593100000004], [70.0968811, 22.477500299999996], [70.0967418, 22.477439399999998], [70.096608, 22.477347200000008], [70.0964802, 22.477234900000003], [70.09637030000002, 22.477111000000004], [70.0962104, 22.4768763], [70.0959235, 22.47643100000001], [70.09580500000001, 22.476243500000006], [70.0956815, 22.476058300000002], [70.0955855, 22.475949399999998], [70.09545610000002, 22.475821500000002], [70.09534850000001, 22.475746000000004], [70.095273, 22.475702800000004], [70.0951991, 22.4756673], [70.09483910000002, 22.4754945]]}}, {"type": "Feature", "properties": {"layer": "highway", "name": "Gulab nagar road", "osm": "way/890648107", "distance_m": 393.0}, "geometry": {"type": "LineString", "coordinates": [[70.1019548, 22.477919800000006], [70.1011151, 22.4779698]]}}, {"type": "Feature", "properties": {"layer": "highway", "name": "Subhas-Chandra Bose Bridge", "osm": "way/892215313", "distance_m": 2146.0}, "geometry": {"type": "LineString", "coordinates": [[70.0856886, 22.473067799999995], [70.0841991, 22.4728437], [70.08339820000002, 22.472720700000007], [70.08227281727424, 22.472536888510405]]}}, {"type": "Feature", "properties": {"layer": "highway", "name": "Subhas-Chandra Bose Bridge", "osm": "way/894145358", "distance_m": 2144.3}, "geometry": {"type": "LineString", "coordinates": [[70.0822489448832, 22.47260895280461], [70.08284319999999, 22.472714500000002], [70.0838075, 22.472882800000008], [70.08567549999998, 22.473147000000004]]}}, {"type": "Feature", "properties": {"layer": "highway", "name": "", "osm": "way/895163660", "distance_m": 1066.6}, "geometry": {"type": "LineString", "coordinates": [[70.095613, 22.476106100000003], [70.0956815, 22.476058300000002]]}}, {"type": "Feature", "properties": {"layer": "highway", "name": "Gulabnagar Road", "osm": "way/895163662", "distance_m": 466.1}, "geometry": {"type": "LineString", "coordinates": [[70.0948029, 22.475571200000005], [70.09531290000001, 22.475820000000006], [70.0953517, 22.47584930000001], [70.0954252, 22.475905099999995], [70.095613, 22.476106100000003], [70.0957229, 22.476274400000005], [70.09585440000001, 22.476486200000004], [70.0961264, 22.4768912], [70.0963515, 22.477220100000004], [70.096444, 22.477315500000003], [70.0966002, 22.477433500000007], [70.0967605, 22.477522400000005], [70.09690670000002, 22.4775881], [70.0972353, 22.477710800000004], [70.09736139999998, 22.477754199999996], [70.09751289999998, 22.4778037], [70.0978455, 22.477919000000004], [70.09807079999999, 22.477997099999996], [70.0982063, 22.478040399999998], [70.09850529999999, 22.47813830000001], [70.09878829999998, 22.478232499999997], [70.0989318, 22.4782709], [70.09908999999999, 22.478292000000007], [70.09947759999999, 22.478294500000008], [70.0996667, 22.4782796], [70.0999671, 22.478235], [70.1002166, 22.478187900000012], [70.10046870000001, 22.478134600000008], [70.1006873, 22.478090000000005], [70.1009414, 22.4780541], [70.1010413, 22.4780423], [70.1011151, 22.478036100000004]]}}, {"type": "Feature", "properties": {"layer": "highway", "name": "Gulabnagar Road", "osm": "way/895163663", "distance_m": 1170.5}, "geometry": {"type": "LineString", "coordinates": [[70.09483910000002, 22.4754945], [70.09462520000001, 22.475400500000003], [70.094326, 22.475263800000008], [70.09392820000001, 22.475089800000003]]}}, {"type": "Feature", "properties": {"layer": "highway", "name": "Gulabnagar Road", "osm": "way/895163664", "distance_m": 1274.3}, "geometry": {"type": "LineString", "coordinates": [[70.09392820000001, 22.475089800000003], [70.0935054, 22.47491580000001], [70.09294400000002, 22.474655600000006], [70.0926384, 22.47452840000001], [70.0922538, 22.4743549], [70.0918956, 22.4741931], [70.0915729, 22.4740608], [70.0914189, 22.474013700000004], [70.0912189, 22.4739765], [70.0908986, 22.473924900000007], [70.090578, 22.473870400000003], [70.09037019999998, 22.473824600000004], [70.09011399999999, 22.473777500000004], [70.08998170000001, 22.4737536], [70.0898831, 22.473735800000004], [70.08969560000001, 22.473701900000002], [70.08953699999999, 22.4736754], [70.0892356, 22.473625000000002], [70.0888011, 22.473549400000007], [70.08851809999999, 22.473498799999998], [70.0882606, 22.473452800000004], [70.087865, 22.473385900000004], [70.0876223, 22.473342500000005], [70.0872467, 22.473276800000004], [70.08709120000002, 22.473247100000005], [70.0869919, 22.473233400000005], [70.08674920000001, 22.473197500000005], [70.0865319, 22.473164000000004], [70.0864005, 22.473146700000004], [70.0861725, 22.473116900000004], [70.0856886, 22.473067799999995]]}}, {"type": "Feature", "properties": {"layer": "highway", "name": "Gulabnagar Road", "osm": "way/895163665", "distance_m": 1170.7}, "geometry": {"type": "LineString", "coordinates": [[70.0938935, 22.4751691], [70.0948029, 22.475571200000005]]}}, {"type": "Feature", "properties": {"layer": "highway", "name": "Hapa Fly-over", "osm": "way/896888916", "distance_m": 382.4}, "geometry": {"type": "LineString", "coordinates": [[70.1019585, 22.4779799], [70.1020544, 22.47794950000001]]}}, {"type": "Feature", "properties": {"layer": "residential", "name": "", "osm": "way/954685565", "distance_m": 1844.2}, "geometry": {"type": "Polygon", "coordinates": [[[70.12636829999998, 22.485880599999998], [70.1263257, 22.486685800000007], [70.1272436, 22.486760900000007], [70.1273249, 22.4835761], [70.1264884, 22.483347100000007], [70.1264419, 22.4852401], [70.1247378, 22.485054000000005], [70.1247029, 22.485737500000003], [70.12636829999998, 22.485880599999998]]]}}, {"type": "Feature", "properties": {"layer": "residential", "name": "", "osm": "way/954685566", "distance_m": 36.9}, "geometry": {"type": "Polygon", "coordinates": [[[70.1180725, 22.4821232], [70.12082230000001, 22.48313590000001], [70.1228052, 22.483618999999997], [70.1235875, 22.4829534], [70.1238548, 22.482194800000006], [70.1220616, 22.481536299999995], [70.12211969999998, 22.480044000000003], [70.1206286, 22.47976490000001], [70.1207293, 22.478898900000008], [70.1224373, 22.479253100000008], [70.122538, 22.478133], [70.121775, 22.478068600000007], [70.1195693, 22.477739600000007], [70.1184017, 22.47748530000001], [70.11863150000002, 22.4748324], [70.117794, 22.474812300000007], [70.1173203, 22.472916400000003], [70.11525800000001, 22.4736575], [70.1138162, 22.470155000000002], [70.1100003, 22.471397999999997], [70.1084409, 22.472332200000007], [70.1075506, 22.474006400000004], [70.1071191, 22.4752946], [70.1060416, 22.4751353], [70.1055016, 22.477189500000005], [70.1060775, 22.479222], [70.1086435, 22.480292799999997], [70.1119767, 22.480363800000003], [70.1152203, 22.48048460000001], [70.1152259, 22.482112499999996], [70.1180725, 22.4821232]]]}}, {"type": "Feature", "properties": {"layer": "nonresidential_zone"}, "geometry": {"type": "Polygon", "coordinates": [[[70.104065, 22.477966800000008], [70.1038108, 22.478074499999998], [70.10391890000001, 22.478570300000005], [70.1044231, 22.478618299999997], [70.1044793, 22.478494999999995], [70.1046661, 22.478609200000005], [70.1048641, 22.47789540000001], [70.104065, 22.477966800000008]]]}}, {"type": "Feature", "properties": {"layer": "building", "distance_m": 489.7, "source": "Microsoft ML Buildings", "in_industrial_zone": false, "ghsl_2018": 1}, "geometry": {"type": "Polygon", "coordinates": [[[70.1005345, 22.478338400000002], [70.1005324, 22.478231900000004], [70.100716, 22.478228800000007], [70.1007207, 22.47847160000001], [70.10063900000002, 22.478473000000008], [70.1006364, 22.4783367], [70.1005345, 22.478338400000002]]]}}, {"type": "Feature", "properties": {"layer": "building", "distance_m": 493.5, "source": "Google Open Buildings", "in_industrial_zone": false, "ghsl_2018": 1}, "geometry": {"type": "Polygon", "coordinates": [[[70.100936, 22.477650600000008], [70.10094199999999, 22.477781], [70.10078379999999, 22.477787199999998], [70.1007778, 22.4776568], [70.100936, 22.477650600000008]]]}}, {"type": "Feature", "properties": {"layer": "building", "distance_m": 499.1, "source": "Microsoft ML Buildings", "in_industrial_zone": false, "ghsl_2018": 1}, "geometry": {"type": "Polygon", "coordinates": [[[70.1009857, 22.47757520000001], [70.10095089999999, 22.477576200000005], [70.1009488, 22.477514300000003], [70.10098370000001, 22.4775133], [70.1009857, 22.47757520000001]]]}}, {"type": "Feature", "properties": {"layer": "building", "distance_m": 494.8, "source": "Google Open Buildings", "in_industrial_zone": false, "ghsl_2018": 1}, "geometry": {"type": "Polygon", "coordinates": [[[70.1009887, 22.47751880000001], [70.10102729999998, 22.47751910000001], [70.1010266, 22.477586300000006], [70.10098799999999, 22.477586000000006], [70.1009887, 22.47751880000001]]]}}, {"type": "Feature", "properties": {"layer": "building", "distance_m": 492.0, "source": "Google Open Buildings", "in_industrial_zone": false, "ghsl_2018": 1}, "geometry": {"type": "Polygon", "coordinates": [[[70.1010279, 22.477580900000003], [70.1010275, 22.4776403], [70.10100319999998, 22.4776402], [70.1010037, 22.477580700000004], [70.1010279, 22.477580900000003]]]}}, {"type": "Feature", "properties": {"layer": "building", "distance_m": 483.1, "source": "Google Open Buildings", "in_industrial_zone": false, "ghsl_2018": 1}, "geometry": {"type": "Polygon", "coordinates": [[[70.10103210000001, 22.47772990000001], [70.1010375, 22.477810700000006], [70.10099759999999, 22.477813], [70.1009922, 22.47773220000001], [70.10103210000001, 22.47772990000001]]]}}, {"type": "Feature", "properties": {"layer": "building", "distance_m": 447.1, "source": "Microsoft ML Buildings", "in_industrial_zone": false, "ghsl_2018": 1}, "geometry": {"type": "Polygon", "coordinates": [[[70.1010321, 22.4781693], [70.1011849, 22.478166400000003], [70.1011891, 22.478353600000002], [70.1010363, 22.478356500000007], [70.1010321, 22.4781693]]]}}, {"type": "Feature", "properties": {"layer": "building", "distance_m": 469.7, "source": "Microsoft ML Buildings", "in_industrial_zone": false, "ghsl_2018": 1}, "geometry": {"type": "Polygon", "coordinates": [[[70.10117759999999, 22.477817799999997], [70.10108109999999, 22.4778194], [70.1010797, 22.477750100000005], [70.10117619999998, 22.4777484], [70.10117759999999, 22.477817799999997]]]}}, {"type": "Feature", "properties": {"layer": "building", "distance_m": 489.8, "source": "Google Open Buildings", "in_industrial_zone": false, "ghsl_2018": 1}, "geometry": {"type": "Polygon", "coordinates": [[[70.1010563, 22.477522100000005], [70.1010929, 22.477522300000004], [70.1010926, 22.477564800000003], [70.101056, 22.4775646], [70.1010563, 22.477522100000005]]]}}, {"type": "Feature", "properties": {"layer": "building", "distance_m": 490.1, "source": "Google Open Buildings", "in_industrial_zone": false, "ghsl_2018": 1}, "geometry": {"type": "Polygon", "coordinates": [[[70.1010254, 22.47748710000001], [70.1011071, 22.477481800000003], [70.1011106, 22.477527500000008], [70.10102879999998, 22.4775328], [70.1010254, 22.47748710000001]]]}}, {"type": "Feature", "properties": {"layer": "building", "distance_m": 468.1, "source": "Microsoft ML Buildings", "in_industrial_zone": false, "ghsl_2018": 1}, "geometry": {"type": "Polygon", "coordinates": [[[70.1015776, 22.477034299999996], [70.10161489999999, 22.476941600000004], [70.1017103, 22.476974500000008], [70.101673, 22.477067200000004], [70.1015776, 22.477034299999996]]]}}, {"type": "Feature", "properties": {"layer": "building", "distance_m": 460.2, "source": "Google Open Buildings", "in_industrial_zone": false, "ghsl_2018": 1}, "geometry": {"type": "Polygon", "coordinates": [[[70.1016162, 22.477187300000008], [70.101653, 22.477191200000007], [70.1016495, 22.477220300000006], [70.1016127, 22.477216400000003], [70.1016162, 22.477187300000008]]]}}, {"type": "Feature", "properties": {"layer": "building", "distance_m": 461.6, "source": "Microsoft ML Buildings", "in_industrial_zone": false, "ghsl_2018": 1}, "geometry": {"type": "Polygon", "coordinates": [[[70.1016752, 22.477142299999997], [70.10167339999998, 22.477167], [70.10162529999998, 22.477163800000007], [70.10162719999998, 22.477139199999996], [70.1016752, 22.477142299999997]]]}}, {"type": "Feature", "properties": {"layer": "building", "distance_m": 462.9, "source": "Microsoft ML Buildings", "in_industrial_zone": false, "ghsl_2018": 1}, "geometry": {"type": "Polygon", "coordinates": [[[70.10161289999999, 22.477117699999997], [70.10163769999998, 22.477061700000004], [70.10170199999999, 22.477086000000003], [70.1016772, 22.47714210000001], [70.10161289999999, 22.477117699999997]]]}}, {"type": "Feature", "properties": {"layer": "building", "distance_m": 468.4, "source": "Microsoft ML Buildings", "in_industrial_zone": false, "ghsl_2018": 1}, "geometry": {"type": "Polygon", "coordinates": [[[70.1020483, 22.47662360000001], [70.10197469999999, 22.4766201], [70.10197789999998, 22.476561800000006], [70.10205149999999, 22.476565200000003], [70.1020483, 22.47662360000001]]]}}, {"type": "Feature", "properties": {"layer": "building", "distance_m": 471.5, "source": "Microsoft ML Buildings", "in_industrial_zone": false, "ghsl_2018": 1}, "geometry": {"type": "Polygon", "coordinates": [[[70.1019915, 22.47651], [70.1020715, 22.476515500000005], [70.10206769999999, 22.476562400000002], [70.1019877, 22.4765568], [70.1019915, 22.47651]]]}}, {"type": "Feature", "properties": {"layer": "building", "distance_m": 462.0, "source": "Microsoft ML Buildings", "in_industrial_zone": false, "ghsl_2018": 1}, "geometry": {"type": "Polygon", "coordinates": [[[70.10190159999999, 22.476770600000002], [70.10192169999999, 22.476647000000003], [70.102003, 22.476658300000004], [70.10198289999998, 22.476781899999995], [70.10190159999999, 22.476770600000002]]]}}, {"type": "Feature", "properties": {"layer": "building", "distance_m": 450.2, "source": "Google Open Buildings", "in_industrial_zone": false, "ghsl_2018": 1}, "geometry": {"type": "Polygon", "coordinates": [[[70.101935, 22.4767758], [70.10206339999999, 22.4768036], [70.10204419999998, 22.47688020000001], [70.10191579999999, 22.476852400000002], [70.101935, 22.4767758]]]}}, {"type": "Feature", "properties": {"layer": "building", "distance_m": 436.7, "source": "Microsoft ML Buildings", "in_industrial_zone": false, "ghsl_2018": 1}, "geometry": {"type": "Polygon", "coordinates": [[[70.1019708, 22.477122500000007], [70.1019654, 22.477176600000004], [70.10191489999998, 22.47717220000001], [70.10192029999999, 22.4771182], [70.1019708, 22.477122500000007]]]}}, {"type": "Feature", "properties": {"layer": "building", "distance_m": 422.0, "source": "Microsoft ML Buildings", "in_industrial_zone": false, "ghsl_2018": 1}, "geometry": {"type": "Polygon", "coordinates": [[[70.10180079999999, 22.477346], [70.1017996, 22.4773956], [70.1016857, 22.47739320000001], [70.1016885, 22.477279300000003], [70.1020075, 22.477285800000008], [70.1020059, 22.4773503], [70.10180079999999, 22.477346]]]}}, {"type": "Feature", "properties": {"layer": "building", "distance_m": 418.8, "source": "Microsoft ML Buildings", "in_industrial_zone": false, "ghsl_2018": 1}, "geometry": {"type": "Polygon", "coordinates": [[[70.1018441, 22.477437300000002], [70.1018856, 22.477436200000003], [70.1018895, 22.477560000000004], [70.101848, 22.47756120000001], [70.1018441, 22.477437300000002]]]}}, {"type": "Feature", "properties": {"layer": "building", "distance_m": 414.5, "source": "Microsoft ML Buildings", "in_industrial_zone": false, "ghsl_2018": 1}, "geometry": {"type": "Polygon", "coordinates": [[[70.1017684, 22.477612800000006], [70.1017443, 22.47761350000001], [70.1017385, 22.477447699999995], [70.1018135, 22.477445399999997], [70.101818, 22.477572700000007], [70.10189299999999, 22.4775705], [70.1018949, 22.4776264], [70.1018494, 22.4776278], [70.10185039999999, 22.477657500000003], [70.10177, 22.4776599], [70.1017684, 22.477612800000006]]]}}, {"type": "Feature", "properties": {"layer": "building", "distance_m": 405.8, "source": "Google Open Buildings", "in_industrial_zone": false, "ghsl_2018": 1}, "geometry": {"type": "Polygon", "coordinates": [[[70.1019532, 22.477583100000004], [70.1019936, 22.47758500000001], [70.101991, 22.477631500000005], [70.1019506, 22.477629600000004], [70.1019532, 22.477583100000004]]]}}, {"type": "Feature", "properties": {"layer": "building", "distance_m": 405.3, "source": "Google Open Buildings", "in_industrial_zone": false, "ghsl_2018": 1}, "geometry": {"type": "Polygon", "coordinates": [[[70.101914, 22.477516200000004], [70.1019896, 22.477516900000012], [70.1019892, 22.477546000000014], [70.1020331, 22.4775464], [70.1020327, 22.477579300000006], [70.1019134, 22.477578200000007], [70.101914, 22.477516200000004]]]}}, {"type": "Feature", "properties": {"layer": "building", "distance_m": 412.7, "source": "Google Open Buildings", "in_industrial_zone": false, "ghsl_2018": 1}, "geometry": {"type": "Polygon", "coordinates": [[[70.1019322, 22.477435200000006], [70.1019821, 22.47743050000001], [70.10199150000001, 22.47751540000001], [70.1019416, 22.477520000000002], [70.1019322, 22.477435200000006]]]}}, {"type": "Feature", "properties": {"layer": "building", "distance_m": 404.2, "source": "Google Open Buildings", "in_industrial_zone": false, "ghsl_2018": 1}, "geometry": {"type": "Polygon", "coordinates": [[[70.1020651, 22.4774183], [70.1020749, 22.4775383], [70.1019998, 22.477543600000004], [70.10199, 22.477423600000005], [70.1020651, 22.4774183]]]}}, {"type": "Feature", "properties": {"layer": "building", "distance_m": 437.5, "source": "Microsoft ML Buildings", "in_industrial_zone": false, "ghsl_2018": 1}, "geometry": {"type": "Polygon", "coordinates": [[[70.1017256, 22.477484800000003], [70.1016647, 22.477478700000002], [70.10167, 22.477433100000002], [70.101731, 22.477439300000007], [70.1017256, 22.477484800000003]]]}}, {"type": "Feature", "properties": {"layer": "building", "distance_m": 431.5, "source": "Microsoft ML Buildings", "in_industrial_zone": false, "ghsl_2018": 1}, "geometry": {"type": "Polygon", "coordinates": [[[70.1017183, 22.4775375], [70.1017047, 22.4776213], [70.1016116, 22.477608400000005], [70.10162519999999, 22.477524600000002], [70.1017183, 22.4775375]]]}}, {"type": "Feature", "properties": {"layer": "building", "distance_m": 413.4, "source": "Google Open Buildings", "in_industrial_zone": false, "ghsl_2018": 1}, "geometry": {"type": "Polygon", "coordinates": [[[70.1013886, 22.478373900000005], [70.10139109999999, 22.478324600000004], [70.1015265, 22.478330400000008], [70.101524, 22.478379800000003], [70.1013886, 22.478373900000005]]]}}, {"type": "Feature", "properties": {"layer": "building", "distance_m": 421.9, "source": "Microsoft ML Buildings", "in_industrial_zone": false, "ghsl_2018": 1}, "geometry": {"type": "Polygon", "coordinates": [[[70.1013468, 22.4784903], [70.10135000000001, 22.478373800000014], [70.1014022, 22.478375099999997], [70.1013989, 22.4784915], [70.1013468, 22.4784903]]]}}, {"type": "Feature", "properties": {"layer": "building", "distance_m": 437.0, "source": "Google Open Buildings", "in_industrial_zone": false, "ghsl_2018": 1}, "geometry": {"type": "Polygon", "coordinates": [[[70.101409, 22.4780432], [70.1014089, 22.478062700000006], [70.10133210000001, 22.478062200000007], [70.1013323, 22.47804280000001], [70.101409, 22.4780432]]]}}, {"type": "Feature", "properties": {"layer": "building", "distance_m": 468.6, "source": "Microsoft ML Buildings", "in_industrial_zone": false, "ghsl_2018": 1}, "geometry": {"type": "Polygon", "coordinates": [[[70.1014016, 22.4774401], [70.1013131, 22.477425900000004], [70.10132479999999, 22.477363399999998], [70.1014134, 22.4773776], [70.1014016, 22.4774401]]]}}, {"type": "Feature", "properties": {"layer": "building", "distance_m": 451.0, "source": "Microsoft ML Buildings", "in_industrial_zone": false, "ghsl_2018": 1}, "geometry": {"type": "Polygon", "coordinates": [[[70.1015222, 22.477564299999994], [70.101482, 22.477563400000008], [70.10148289999998, 22.4775287], [70.1013609, 22.477526000000005], [70.10136289999998, 22.4774506], [70.10139769999999, 22.4774514], [70.1013984, 22.477426699999995], [70.10145470000002, 22.477427900000002], [70.10145409999998, 22.477450200000007], [70.1015252, 22.477451800000004], [70.1015222, 22.477564299999994]]]}}, {"type": "Feature", "properties": {"layer": "building", "distance_m": 453.6, "source": "Microsoft ML Buildings", "in_industrial_zone": false, "ghsl_2018": 1}, "geometry": {"type": "Polygon", "coordinates": [[[70.101477, 22.4775498], [70.10147779999998, 22.477588400000002], [70.1013706, 22.4775903], [70.1013698, 22.477551700000003], [70.101477, 22.4775498]]]}}, {"type": "Feature", "properties": {"layer": "building", "distance_m": 458.7, "source": "Microsoft ML Buildings", "in_industrial_zone": false, "ghsl_2018": 1}, "geometry": {"type": "Polygon", "coordinates": [[[70.1014572, 22.4774344], [70.10146479999999, 22.477415800000003], [70.10141789999999, 22.477399500000004], [70.101432, 22.477364700000006], [70.10152829999998, 22.477398300000004], [70.1015066, 22.477451600000006], [70.1014572, 22.4774344]]]}}, {"type": "Feature", "properties": {"layer": "building", "distance_m": 442.3, "source": "Microsoft ML Buildings", "in_industrial_zone": false, "ghsl_2018": 1}, "geometry": {"type": "Polygon", "coordinates": [[[70.10154979999999, 22.47758910000001], [70.1015576, 22.4774681], [70.10160970000001, 22.477471000000016], [70.10160189999999, 22.477591999999998], [70.10154979999999, 22.47758910000001]]]}}, {"type": "Feature", "properties": {"layer": "building", "distance_m": 439.4, "source": "Microsoft ML Buildings", "in_industrial_zone": false, "ghsl_2018": 1}, "geometry": {"type": "Polygon", "coordinates": [[[70.1015094, 22.47765710000001], [70.1015084, 22.477591600000004], [70.10159419999998, 22.477590500000005], [70.1015952, 22.477656000000003], [70.1015094, 22.47765710000001]]]}}, {"type": "Feature", "properties": {"layer": "building", "distance_m": 450.7, "source": "Microsoft ML Buildings", "in_industrial_zone": false, "ghsl_2018": 1}, "geometry": {"type": "Polygon", "coordinates": [[[70.1015963, 22.477453200000003], [70.1015216, 22.477448100000004], [70.1015246, 22.477411200000002], [70.10159929999999, 22.4774163], [70.1015963, 22.477453200000003]]]}}, {"type": "Feature", "properties": {"layer": "building", "distance_m": 456.4, "source": "Microsoft ML Buildings", "in_industrial_zone": false, "ghsl_2018": 1}, "geometry": {"type": "Polygon", "coordinates": [[[70.10147679999999, 22.477135200000006], [70.10150349999999, 22.4771431], [70.1015208, 22.477093800000006], [70.1015961, 22.477116300000002], [70.1015579, 22.477225300000008], [70.10163319999998, 22.477247799999997], [70.10159439999998, 22.477358700000007], [70.10141719999999, 22.4773057], [70.10147679999999, 22.477135200000006]]]}}, {"type": "Feature", "properties": {"layer": "building", "distance_m": 484.5, "source": "Microsoft ML Buildings", "in_industrial_zone": false, "ghsl_2018": 1}, "geometry": {"type": "Polygon", "coordinates": [[[70.1012867, 22.477316400000003], [70.10121050000001, 22.47727880000001], [70.1012462, 22.477217000000007], [70.10114489999998, 22.477167099999996], [70.1011772, 22.477111200000007], [70.10137239999997, 22.477207399999998], [70.101358, 22.4772325], [70.1013402, 22.477223700000007], [70.1012867, 22.477316400000003]]]}}, {"type": "Feature", "properties": {"layer": "building", "distance_m": 494.4, "source": "Microsoft ML Buildings", "in_industrial_zone": false, "ghsl_2018": 1}, "geometry": {"type": "Polygon", "coordinates": [[[70.10112639999998, 22.4772582], [70.10115970000001, 22.477184300000008], [70.10123969999998, 22.477215100000002], [70.1012064, 22.477289000000006], [70.10112639999998, 22.4772582]]]}}, {"type": "Feature", "properties": {"layer": "building", "distance_m": 473.2, "source": "Microsoft ML Buildings", "in_industrial_zone": false, "ghsl_2018": 1}, "geometry": {"type": "Polygon", "coordinates": [[[70.1011752, 22.47767440000001], [70.1011769, 22.4777438], [70.1011179, 22.477745000000002], [70.1011162, 22.477675700000006], [70.1011752, 22.47767440000001]]]}}, {"type": "Feature", "properties": {"layer": "building", "distance_m": 461.2, "source": "Microsoft ML Buildings", "in_industrial_zone": false, "ghsl_2018": 1}, "geometry": {"type": "Polygon", "coordinates": [[[70.10128529999999, 22.477524000000003], [70.10133089999998, 22.477523500000004], [70.1013332, 22.4776945], [70.1012018, 22.477696000000012], [70.1011982, 22.4774308], [70.10128399999999, 22.477429799999996], [70.10128529999999, 22.477524000000003]]]}}, {"type": "Feature", "properties": {"layer": "building", "distance_m": 456.2, "source": "Microsoft ML Buildings", "in_industrial_zone": false, "ghsl_2018": 1}, "geometry": {"type": "Polygon", "coordinates": [[[70.1012492, 22.477852300000006], [70.1011969, 22.47785020000001], [70.1012039, 22.477697900000003], [70.1013258, 22.4777027], [70.1013203, 22.4778214], [70.1012507, 22.477818700000004], [70.1012492, 22.477852300000006]]]}}, {"type": "Feature", "properties": {"layer": "building", "distance_m": 441.3, "source": "Google Open Buildings", "in_industrial_zone": false, "ghsl_2018": 1}, "geometry": {"type": "Polygon", "coordinates": [[[70.1011863, 22.478363299999994], [70.1012304, 22.478359600000005], [70.10123390000001, 22.478395300000003], [70.1011898, 22.4783991], [70.1011863, 22.478363299999994]]]}}, {"type": "Feature", "properties": {"layer": "building", "distance_m": 443.7, "source": "Google Open Buildings", "in_industrial_zone": false, "ghsl_2018": 1}, "geometry": {"type": "Polygon", "coordinates": [[[70.1011001, 22.478361000000003], [70.101187, 22.478363800000004], [70.1011827, 22.478476800000006], [70.10109580000001, 22.4784739], [70.1011001, 22.478361000000003]]]}}, {"type": "Feature", "properties": {"layer": "building", "distance_m": 429.6, "source": "Microsoft ML Buildings", "in_industrial_zone": false, "ghsl_2018": 1}, "geometry": {"type": "Polygon", "coordinates": [[[70.1011344, 22.479053600000004], [70.10113220000001, 22.47899920000001], [70.1011884, 22.478997200000002], [70.1011906, 22.479051699999996], [70.1011344, 22.479053600000004]]]}}, {"type": "Feature", "properties": {"layer": "building", "distance_m": 416.3, "source": "Microsoft ML Buildings", "in_industrial_zone": false, "ghsl_2018": 1}, "geometry": {"type": "Polygon", "coordinates": [[[70.10120150000002, 22.478564900000002], [70.10138380000001, 22.478569100000012], [70.10137849999997, 22.4787647], [70.1012028, 22.47876070000001], [70.10119990000001, 22.478869700000004], [70.1010111, 22.478865400000004], [70.1010134, 22.4787787], [70.10116350000001, 22.478782100000004], [70.10116429999998, 22.478750999999995], [70.1010342, 22.478748], [70.10103900000001, 22.478569700000005], [70.1012013, 22.478573400000002], [70.10120150000002, 22.478564900000002]]]}}, {"type": "Feature", "properties": {"layer": "building", "distance_m": 411.0, "source": "Microsoft ML Buildings", "in_industrial_zone": false, "ghsl_2018": 1}, "geometry": {"type": "Polygon", "coordinates": [[[70.1012517, 22.478950500000007], [70.1012531, 22.479010000000006], [70.1013696, 22.4790076], [70.10137090000002, 22.479066000000007], [70.1012062, 22.4790693], [70.1012034, 22.478951500000008], [70.1012517, 22.478950500000007]]]}}, {"type": "Feature", "properties": {"layer": "building", "distance_m": 416.3, "source": "Microsoft ML Buildings", "in_industrial_zone": false, "ghsl_2018": 1}, "geometry": {"type": "Polygon", "coordinates": [[[70.10126289999998, 22.478946599999997], [70.1013356, 22.4789552], [70.10132850000001, 22.4790064], [70.10125580000002, 22.478997800000002], [70.10126289999998, 22.478946599999997]]]}}, {"type": "Feature", "properties": {"layer": "building", "distance_m": 413.0, "source": "Microsoft ML Buildings", "in_industrial_zone": false, "ghsl_2018": 1}, "geometry": {"type": "Polygon", "coordinates": [[[70.10138640000001, 22.478875700000007], [70.1013408, 22.4788748], [70.10134, 22.478909500000004], [70.1012086, 22.478906999999996], [70.10121070000001, 22.478815300000004], [70.1012911, 22.4788169], [70.1012906, 22.47883920000001], [70.10138709999998, 22.478841], [70.10138640000001, 22.478875700000007]]]}}, {"type": "Feature", "properties": {"layer": "building", "distance_m": 414.0, "source": "Microsoft ML Buildings", "in_industrial_zone": false, "ghsl_2018": 1}, "geometry": {"type": "Polygon", "coordinates": [[[70.1013097, 22.479311], [70.1013109, 22.479339299999996], [70.1012079, 22.479343000000004], [70.10120680000001, 22.479314700000003], [70.1013097, 22.479311]]]}}, {"type": "Feature", "properties": {"layer": "building", "distance_m": 411.5, "source": "Microsoft ML Buildings", "in_industrial_zone": false, "ghsl_2018": 1}, "geometry": {"type": "Polygon", "coordinates": [[[70.101208, 22.479310500000004], [70.10120579999999, 22.47924370000001], [70.10133980000002, 22.479239900000003], [70.10134099999999, 22.479277], [70.10128470000001, 22.479278600000004], [70.1012857, 22.479308300000007], [70.101208, 22.479310500000004]]]}}, {"type": "Feature", "properties": {"layer": "building", "distance_m": 408.6, "source": "Microsoft ML Buildings", "in_industrial_zone": false, "ghsl_2018": 1}, "geometry": {"type": "Polygon", "coordinates": [[[70.10129699999999, 22.479226300000008], [70.1012953, 22.479181800000003], [70.1012111, 22.4791845], [70.10120690000002, 22.479075600000005], [70.10136879999999, 22.479070300000004], [70.1013747, 22.479223799999996], [70.10129699999999, 22.479226300000008]]]}}, {"type": "Feature", "properties": {"layer": "building", "distance_m": 405.3, "source": "Microsoft ML Buildings", "in_industrial_zone": false, "ghsl_2018": 1}, "geometry": {"type": "Polygon", "coordinates": [[[70.1012034, 22.4793595], [70.1013777, 22.479357000000004], [70.1013812, 22.4795691], [70.1012471, 22.479571000000007], [70.1012453, 22.479464400000005], [70.10120510000002, 22.479464999999998], [70.1012034, 22.4793595]]]}}, {"type": "Feature", "properties": {"layer": "building", "distance_m": 417.0, "source": "Microsoft ML Buildings", "in_industrial_zone": false, "ghsl_2018": 1}, "geometry": {"type": "Polygon", "coordinates": [[[70.101291, 22.4792329], [70.1012026, 22.479231100000007], [70.1012036, 22.4791875], [70.1012921, 22.47918930000001], [70.101291, 22.4792329]]]}}, {"type": "Feature", "properties": {"layer": "building", "distance_m": 426.3, "source": "Microsoft ML Buildings", "in_industrial_zone": false, "ghsl_2018": 1}, "geometry": {"type": "Polygon", "coordinates": [[[70.101194, 22.4793027], [70.1010906, 22.479305100000005], [70.1010876, 22.4791947], [70.10119099999999, 22.479192300000005], [70.101194, 22.4793027]]]}}, {"type": "Feature", "properties": {"layer": "building", "distance_m": 426.8, "source": "Google Open Buildings", "in_industrial_zone": false, "ghsl_2018": 1}, "geometry": {"type": "Polygon", "coordinates": [[[70.1011009, 22.479464300000007], [70.101177, 22.4794658], [70.101176, 22.479507899999998], [70.10110000000002, 22.4795064], [70.1011009, 22.479464300000007]]]}}, {"type": "Feature", "properties": {"layer": "building", "distance_m": 426.5, "source": "Google Open Buildings", "in_industrial_zone": false, "ghsl_2018": 1}, "geometry": {"type": "Polygon", "coordinates": [[[70.10110000000002, 22.4795064], [70.101176, 22.479507899999998], [70.10117460000001, 22.479570000000002], [70.10109850000002, 22.4795685], [70.10110000000002, 22.4795064]]]}}, {"type": "Feature", "properties": {"layer": "building", "distance_m": 418.9, "source": "Google Open Buildings", "in_industrial_zone": false, "ghsl_2018": 1}, "geometry": {"type": "Polygon", "coordinates": [[[70.1011525, 22.4798184], [70.10123120000002, 22.479820700000005], [70.10122900000002, 22.479886000000004], [70.1011503, 22.479883700000002], [70.1011525, 22.4798184]]]}}, {"type": "Feature", "properties": {"layer": "building", "distance_m": 411.2, "source": "Microsoft ML Buildings", "in_industrial_zone": false, "ghsl_2018": 1}, "geometry": {"type": "Polygon", "coordinates": [[[70.1011968, 22.480185800000005], [70.1011989, 22.480061900000003], [70.1012874, 22.4800632], [70.1012853, 22.4801871], [70.1011968, 22.480185800000005]]]}}, {"type": "Feature", "properties": {"layer": "building", "distance_m": 422.3, "source": "Microsoft ML Buildings", "in_industrial_zone": false, "ghsl_2018": 1}, "geometry": {"type": "Polygon", "coordinates": [[[70.1011084, 22.47999690000001], [70.1011849, 22.479994100000003], [70.1011867, 22.4800362], [70.1011102, 22.480039000000005], [70.1011084, 22.47999690000001]]]}}, {"type": "Feature", "properties": {"layer": "building", "distance_m": 421.0, "source": "Microsoft ML Buildings", "in_industrial_zone": false, "ghsl_2018": 1}, "geometry": {"type": "Polygon", "coordinates": [[[70.1011072, 22.480189400000008], [70.101102, 22.480044700000008], [70.1011839, 22.480042200000003], [70.1011892, 22.480186900000003], [70.1011072, 22.480189400000008]]]}}, {"type": "Feature", "properties": {"layer": "building", "distance_m": 419.9, "source": "Microsoft ML Buildings", "in_industrial_zone": false, "ghsl_2018": 1}, "geometry": {"type": "Polygon", "coordinates": [[[70.1011896, 22.48035670000001], [70.1011228, 22.480360599999997], [70.1011197, 22.480316200000008], [70.1011865, 22.480312300000005], [70.1011896, 22.48035670000001]]]}}, {"type": "Feature", "properties": {"layer": "building", "distance_m": 399.5, "source": "Microsoft ML Buildings", "in_industrial_zone": false, "ghsl_2018": 1}, "geometry": {"type": "Polygon", "coordinates": [[[70.1011207, 22.4804172], [70.1012012, 22.480417499999998], [70.1012021, 22.480241599999996], [70.1012933, 22.480242000000004], [70.1012931, 22.4802792], [70.10138, 22.4802795], [70.1013786, 22.480558500000004], [70.10112, 22.4805574], [70.1011207, 22.4804172]]]}}, {"type": "Feature", "properties": {"layer": "building", "distance_m": 410.2, "source": "Microsoft ML Buildings", "in_industrial_zone": false, "ghsl_2018": 1}, "geometry": {"type": "Polygon", "coordinates": [[[70.1012726, 22.480646800000002], [70.1012741, 22.480708700000005], [70.1012382, 22.480709500000007], [70.1012366, 22.480647500000003], [70.1012726, 22.480646800000002]]]}}, {"type": "Feature", "properties": {"layer": "building", "distance_m": 401.6, "source": "Microsoft ML Buildings", "in_industrial_zone": false, "ghsl_2018": 1}, "geometry": {"type": "Polygon", "coordinates": [[[70.1012945, 22.480199400000007], [70.1013706, 22.48019710000001], [70.1013733, 22.4802738], [70.1012972, 22.4802761], [70.1012945, 22.480199400000007]]]}}, {"type": "Feature", "properties": {"layer": "building", "distance_m": 398.2, "source": "Google Open Buildings", "in_industrial_zone": false, "ghsl_2018": 1}, "geometry": {"type": "Polygon", "coordinates": [[[70.101248, 22.4798866], [70.1014285, 22.479891900000005], [70.10142630000001, 22.4799553], [70.1012459, 22.479950000000006], [70.101248, 22.4798866]]]}}, {"type": "Feature", "properties": {"layer": "building", "distance_m": 402.1, "source": "Microsoft ML Buildings", "in_industrial_zone": false, "ghsl_2018": 1}, "geometry": {"type": "Polygon", "coordinates": [[[70.1013757, 22.4801468], [70.1012872, 22.480144700000004], [70.1012892, 22.4800729], [70.1013776, 22.48007490000001], [70.1013757, 22.4801468]]]}}, {"type": "Feature", "properties": {"layer": "building", "distance_m": 403.8, "source": "Microsoft ML Buildings", "in_industrial_zone": false, "ghsl_2018": 1}, "geometry": {"type": "Polygon", "coordinates": [[[70.10119679999998, 22.479645000000005], [70.101387, 22.479651400000005], [70.1013812, 22.479798900000002], [70.101191, 22.479792400000004], [70.10119679999998, 22.479645000000005]]]}}, {"type": "Feature", "properties": {"layer": "building", "distance_m": 389.0, "source": "Microsoft ML Buildings", "in_industrial_zone": false, "ghsl_2018": 1}, "geometry": {"type": "Polygon", "coordinates": [[[70.10149730000002, 22.480250400000006], [70.1014631, 22.4802549], [70.1014563, 22.480211200000003], [70.1014905, 22.480206700000007], [70.10149730000002, 22.480250400000006]]]}}, {"type": "Feature", "properties": {"layer": "building", "distance_m": 384.5, "source": "Microsoft ML Buildings", "in_industrial_zone": false, "ghsl_2018": 1}, "geometry": {"type": "Polygon", "coordinates": [[[70.1014995, 22.4802144], [70.10154230000002, 22.4802164], [70.1015401, 22.480256000000008], [70.10149730000002, 22.480253900000005], [70.1014995, 22.4802144]]]}}, {"type": "Feature", "properties": {"layer": "building", "distance_m": 378.4, "source": "Microsoft ML Buildings", "in_industrial_zone": false, "ghsl_2018": 1}, "geometry": {"type": "Polygon", "coordinates": [[[70.10158, 22.4808289], [70.1014459, 22.480827700000003], [70.1014481, 22.480629400000005], [70.1015822, 22.480630700000003], [70.10158, 22.4808289]]]}}, {"type": "Feature", "properties": {"layer": "building", "distance_m": 376.4, "source": "Microsoft ML Buildings", "in_industrial_zone": false, "ghsl_2018": 1}, "geometry": {"type": "Polygon", "coordinates": [[[70.1015028, 22.4804249], [70.1016046, 22.480421900000003], [70.101606, 22.4804615], [70.10150410000001, 22.4804645], [70.1015028, 22.4804249]]]}}, {"type": "Feature", "properties": {"layer": "building", "distance_m": 371.9, "source": "Microsoft ML Buildings", "in_industrial_zone": false, "ghsl_2018": 1}, "geometry": {"type": "Polygon", "coordinates": [[[70.1016563, 22.480261], [70.1016534, 22.480403700000004], [70.1014523, 22.4804001], [70.1014542, 22.480309500000004], [70.1015534, 22.4803113], [70.1015544, 22.480259200000003], [70.1016563, 22.480261]]]}}, {"type": "Feature", "properties": {"layer": "building", "distance_m": 373.8, "source": "Microsoft ML Buildings", "in_industrial_zone": false, "ghsl_2018": 1}, "geometry": {"type": "Polygon", "coordinates": [[[70.101461, 22.480023100000004], [70.1014575, 22.479901800000004], [70.1016558, 22.4798969], [70.1016593, 22.48001830000001], [70.101461, 22.480023100000004]]]}}, {"type": "Feature", "properties": {"layer": "building", "distance_m": 385.6, "source": "Google Open Buildings", "in_industrial_zone": false, "ghsl_2018": 1}, "geometry": {"type": "Polygon", "coordinates": [[[70.1014897, 22.4800508], [70.1015413, 22.480052400000005], [70.1015401, 22.480085600000002], [70.1014885, 22.480083999999998], [70.1014897, 22.4800508]]]}}, {"type": "Feature", "properties": {"layer": "building", "distance_m": 385.2, "source": "Microsoft ML Buildings", "in_industrial_zone": false, "ghsl_2018": 1}, "geometry": {"type": "Polygon", "coordinates": [[[70.1014659, 22.479778200000002], [70.1015623, 22.479782399999998], [70.1015589, 22.479849100000003], [70.1014626, 22.479845], [70.1014659, 22.479778200000002]]]}}, {"type": "Feature", "properties": {"layer": "building", "distance_m": 385.0, "source": "Microsoft ML Buildings", "in_industrial_zone": false, "ghsl_2018": 1}, "geometry": {"type": "Polygon", "coordinates": [[[70.10149009999999, 22.4797743], [70.1014916, 22.4797262], [70.10144880000001, 22.479725000000006], [70.1014515, 22.479641900000004], [70.10157060000002, 22.479645200000004], [70.1015662, 22.479776400000002], [70.10149009999999, 22.4797743]]]}}, {"type": "Feature", "properties": {"layer": "building", "distance_m": 379.2, "source": "Microsoft ML Buildings", "in_industrial_zone": false, "ghsl_2018": 1}, "geometry": {"type": "Polygon", "coordinates": [[[70.10153350000002, 22.479150600000004], [70.101496, 22.479152300000003], [70.10149430000003, 22.479118700000008], [70.1016629, 22.479111099999997], [70.1016666, 22.479181799999996], [70.1015355, 22.479187700000008], [70.10153350000002, 22.479150600000004]]]}}, {"type": "Feature", "properties": {"layer": "building", "distance_m": 388.0, "source": "Microsoft ML Buildings", "in_industrial_zone": false, "ghsl_2018": 1}, "geometry": {"type": "Polygon", "coordinates": [[[70.1015639, 22.479347400000005], [70.1014942, 22.4793488], [70.10149329999999, 22.4793081], [70.10156299999998, 22.4793067], [70.1015639, 22.479347400000005]]]}}, {"type": "Feature", "properties": {"layer": "building", "distance_m": 391.2, "source": "Google Open Buildings", "in_industrial_zone": false, "ghsl_2018": 1}, "geometry": {"type": "Polygon", "coordinates": [[[70.10150810000002, 22.479189500000007], [70.10154590000002, 22.479191300000004], [70.1015439, 22.479226999999995], [70.10150610000001, 22.479225199999995], [70.10150810000002, 22.479189500000007]]]}}, {"type": "Feature", "properties": {"layer": "building", "distance_m": 406.3, "source": "Google Open Buildings", "in_industrial_zone": false, "ghsl_2018": 1}, "geometry": {"type": "Polygon", "coordinates": [[[70.1014163, 22.478852500000002], [70.10145030000001, 22.478852200000006], [70.1014505, 22.478883900000003], [70.10141650000001, 22.47888410000001], [70.1014163, 22.478852500000002]]]}}, {"type": "Feature", "properties": {"layer": "building", "distance_m": 391.8, "source": "Google Open Buildings", "in_industrial_zone": false, "ghsl_2018": 1}, "geometry": {"type": "Polygon", "coordinates": [[[70.1015321, 22.47861110000001], [70.1016394, 22.47861320000001], [70.1016371, 22.4787102], [70.10152990000002, 22.4787081], [70.1015321, 22.47861110000001]]]}}, {"type": "Feature", "properties": {"layer": "building", "distance_m": 376.0, "source": "Google Open Buildings", "in_industrial_zone": false, "ghsl_2018": 1}, "geometry": {"type": "Polygon", "coordinates": [[[70.1015679, 22.4790499], [70.101604, 22.479050200000003], [70.1016046, 22.47899010000001], [70.1017143, 22.478991], [70.1017135, 22.479074], [70.1015676, 22.479072900000006], [70.1015679, 22.4790499]]]}}, {"type": "Feature", "properties": {"layer": "building", "distance_m": 375.6, "source": "Microsoft ML Buildings", "in_industrial_zone": false, "ghsl_2018": 1}, "geometry": {"type": "Polygon", "coordinates": [[[70.10168440000001, 22.479354300000008], [70.1015665, 22.479350800000002], [70.1015708, 22.479227], [70.10168869999998, 22.479230500000003], [70.10168440000001, 22.479354300000008]]]}}, {"type": "Feature", "properties": {"layer": "building", "distance_m": 376.7, "source": "Google Open Buildings", "in_industrial_zone": false, "ghsl_2018": 1}, "geometry": {"type": "Polygon", "coordinates": [[[70.1016047, 22.479450700000005], [70.1016621, 22.479443900000003], [70.1016659, 22.4794716], [70.1016085, 22.47947840000001], [70.1016047, 22.479450700000005]]]}}, {"type": "Feature", "properties": {"layer": "building", "distance_m": 377.3, "source": "Microsoft ML Buildings", "in_industrial_zone": false, "ghsl_2018": 1}, "geometry": {"type": "Polygon", "coordinates": [[[70.1016009, 22.479400900000012], [70.1016646, 22.479407200000008], [70.1016604, 22.479442900000002], [70.10159679999998, 22.4794366], [70.1016009, 22.479400900000012]]]}}, {"type": "Feature", "properties": {"layer": "building", "distance_m": 369.9, "source": "Microsoft ML Buildings", "in_industrial_zone": false, "ghsl_2018": 1}, "geometry": {"type": "Polygon", "coordinates": [[[70.1016861, 22.4795142], [70.1017263, 22.479513400000002], [70.10172730000001, 22.479555500000004], [70.1016871, 22.479556400000007], [70.1016861, 22.4795142]]]}}, {"type": "Feature", "properties": {"layer": "building", "distance_m": 377.3, "source": "Microsoft ML Buildings", "in_industrial_zone": false, "ghsl_2018": 1}, "geometry": {"type": "Polygon", "coordinates": [[[70.1016638, 22.478830700000003], [70.101743, 22.478833600000005], [70.10174150000002, 22.4788682], [70.10166230000002, 22.4788653], [70.1016638, 22.478830700000003]]]}}, {"type": "Feature", "properties": {"layer": "building", "distance_m": 373.6, "source": "Microsoft ML Buildings", "in_industrial_zone": false, "ghsl_2018": 1}, "geometry": {"type": "Polygon", "coordinates": [[[70.10170940000002, 22.478939800000006], [70.10170520000001, 22.478875600000002], [70.1017587, 22.4788726], [70.10176290000001, 22.4789368], [70.10170940000002, 22.478939800000006]]]}}, {"type": "Feature", "properties": {"layer": "building", "distance_m": 357.2, "source": "Microsoft ML Buildings", "in_industrial_zone": false, "ghsl_2018": 1}, "geometry": {"type": "Polygon", "coordinates": [[[70.101939, 22.478644500000005], [70.10193370000002, 22.478644800000005], [70.1019453, 22.478854900000005], [70.1018169, 22.47886090000001], [70.10180420000002, 22.478631000000004], [70.1018015, 22.478631200000006], [70.101798, 22.4785669], [70.1019344, 22.4785605], [70.101939, 22.478644500000005]]]}}, {"type": "Feature", "properties": {"layer": "building", "distance_m": 348.0, "source": "Google Open Buildings", "in_industrial_zone": false, "ghsl_2018": 1}, "geometry": {"type": "Polygon", "coordinates": [[[70.1019787, 22.4788276], [70.1020317, 22.4788249], [70.1020341, 22.478864700000006], [70.10198110000002, 22.478867400000002], [70.1019787, 22.4788276]]]}}, {"type": "Feature", "properties": {"layer": "building", "distance_m": 348.6, "source": "Microsoft ML Buildings", "in_industrial_zone": false, "ghsl_2018": 1}, "geometry": {"type": "Polygon", "coordinates": [[[70.1019283, 22.479506600000008], [70.10180070000001, 22.479504100000003], [70.1018151, 22.478868500000004], [70.1019399, 22.478870900000004], [70.1019369, 22.4790046], [70.1019503, 22.479004900000007], [70.10193970000002, 22.479473100000003], [70.10192900000001, 22.479472900000008], [70.1019283, 22.479506600000008]]]}}, {"type": "Feature", "properties": {"layer": "building", "distance_m": 346.9, "source": "Microsoft ML Buildings", "in_industrial_zone": false, "ghsl_2018": 1}, "geometry": {"type": "Polygon", "coordinates": [[[70.1018111, 22.479752499999996], [70.1017923, 22.479752299999998], [70.1017933, 22.479662100000002], [70.1019289, 22.4796634], [70.1019258, 22.479945900000008], [70.1018089, 22.4799448], [70.1018111, 22.479752499999996]]]}}, {"type": "Feature", "properties": {"layer": "building", "distance_m": 345.8, "source": "Microsoft ML Buildings", "in_industrial_zone": false, "ghsl_2018": 1}, "geometry": {"type": "Polygon", "coordinates": [[[70.1018526, 22.480359900000003], [70.10180009999999, 22.4803576], [70.10180470000002, 22.480266100000005], [70.10191440000001, 22.4802708], [70.1019083, 22.4803945], [70.101851, 22.480392000000002], [70.1018526, 22.480359900000003]]]}}, {"type": "Feature", "properties": {"layer": "building", "distance_m": 346.6, "source": "Microsoft ML Buildings", "in_industrial_zone": false, "ghsl_2018": 1}, "geometry": {"type": "Polygon", "coordinates": [[[70.1017874, 22.4804139], [70.1018893, 22.480412500000007], [70.1018918, 22.4805661], [70.1017899, 22.480567500000006], [70.1017874, 22.4804139]]]}}, {"type": "Feature", "properties": {"layer": "building", "distance_m": 348.8, "source": "Microsoft ML Buildings", "in_industrial_zone": false, "ghsl_2018": 1}, "geometry": {"type": "Polygon", "coordinates": [[[70.1018551, 22.480707400000004], [70.101756, 22.480709600000004], [70.1017539, 22.4806278], [70.1018691, 22.480625299999996], [70.1018732, 22.4807838], [70.10185709999999, 22.480784200000002], [70.1018551, 22.480707400000004]]]}}, {"type": "Feature", "properties": {"layer": "building", "distance_m": 351.0, "source": "Microsoft ML Buildings", "in_industrial_zone": false, "ghsl_2018": 1}, "geometry": {"type": "Polygon", "coordinates": [[[70.1016967, 22.480712600000004], [70.1016742, 22.480713000000005], [70.1016723, 22.4806313], [70.1017484, 22.480629700000005], [70.1017504, 22.480714], [70.1018496, 22.480712], [70.1018511, 22.480776400000003], [70.1016983, 22.480779400000003], [70.1016967, 22.480712600000004]]]}}, {"type": "Feature", "properties": {"layer": "building", "distance_m": 359.2, "source": "Microsoft ML Buildings", "in_industrial_zone": false, "ghsl_2018": 1}, "geometry": {"type": "Polygon", "coordinates": [[[70.1017795, 22.480270299999997], [70.1017819, 22.480333600000005], [70.101708, 22.48033600000001], [70.1017056, 22.4802727], [70.1017795, 22.480270299999997]]]}}, {"type": "Feature", "properties": {"layer": "building", "distance_m": 358.1, "source": "Microsoft ML Buildings", "in_industrial_zone": false, "ghsl_2018": 1}, "geometry": {"type": "Polygon", "coordinates": [[[70.1017449, 22.4803402], [70.1017851, 22.480339000000004], [70.1017877, 22.480413300000002], [70.1017475, 22.480414499999995], [70.1017449, 22.4803402]]]}}, {"type": "Feature", "properties": {"layer": "building", "distance_m": 363.5, "source": "Google Open Buildings", "in_industrial_zone": false, "ghsl_2018": 1}, "geometry": {"type": "Polygon", "coordinates": [[[70.1017739, 22.4796999], [70.10177789999999, 22.479737500000002], [70.1017314, 22.4797418], [70.1017274, 22.4797042], [70.1017739, 22.4796999]]]}}, {"type": "Feature", "properties": {"layer": "building", "distance_m": 375.1, "source": "Microsoft ML Buildings", "in_industrial_zone": false, "ghsl_2018": 1}, "geometry": {"type": "Polygon", "coordinates": [[[70.1016521, 22.479901500000004], [70.10160870000001, 22.479896800000002], [70.1016133, 22.479860100000007], [70.10165680000001, 22.479864800000005], [70.1016521, 22.479901500000004]]]}}, {"type": "Feature", "properties": {"layer": "building", "distance_m": 374.2, "source": "Microsoft ML Buildings", "in_industrial_zone": false, "ghsl_2018": 1}, "geometry": {"type": "Polygon", "coordinates": [[[70.1015704, 22.479651999999998], [70.1016643, 22.479651200000003], [70.10166610000002, 22.479847000000007], [70.1015723, 22.4798477], [70.1015704, 22.479651999999998]]]}}, {"type": "Feature", "properties": {"layer": "building", "distance_m": 374.3, "source": "Microsoft ML Buildings", "in_industrial_zone": false, "ghsl_2018": 1}, "geometry": {"type": "Polygon", "coordinates": [[[70.1016222, 22.480061600000006], [70.1016206, 22.4800171], [70.1016501, 22.4800162], [70.10165169999999, 22.4800607], [70.1016222, 22.480061600000006]]]}}, {"type": "Feature", "properties": {"layer": "building", "distance_m": 373.5, "source": "Microsoft ML Buildings", "in_industrial_zone": false, "ghsl_2018": 1}, "geometry": {"type": "Polygon", "coordinates": [[[70.1015804, 22.480147400000003], [70.1015823, 22.480064200000008], [70.1016558, 22.4800657], [70.10165389999999, 22.480148900000003], [70.1015804, 22.480147400000003]]]}}, {"type": "Feature", "properties": {"layer": "building", "distance_m": 372.7, "source": "Microsoft ML Buildings", "in_industrial_zone": false, "ghsl_2018": 1}, "geometry": {"type": "Polygon", "coordinates": [[[70.1016559, 22.480252600000004], [70.101562, 22.4802542], [70.10156, 22.480152600000007], [70.10165380000001, 22.480151000000003], [70.1016559, 22.480252600000004]]]}}, {"type": "Feature", "properties": {"layer": "building", "distance_m": 371.3, "source": "Microsoft ML Buildings", "in_industrial_zone": false, "ghsl_2018": 1}, "geometry": {"type": "Polygon", "coordinates": [[[70.1015874, 22.480782199999997], [70.1015857, 22.480629600000007], [70.1016517, 22.4806289], [70.1016534, 22.4807816], [70.1015874, 22.480782199999997]]]}}, {"type": "Feature", "properties": {"layer": "building", "distance_m": 384.8, "source": "Microsoft ML Buildings", "in_industrial_zone": false, "ghsl_2018": 1}, "geometry": {"type": "Polygon", "coordinates": [[[70.10154069999999, 22.481670899999997], [70.1015441, 22.4816002], [70.10164579999999, 22.481604300000004], [70.10164239999999, 22.481675100000004], [70.10154069999999, 22.481670899999997]]]}}, {"type": "Feature", "properties": {"layer": "building", "distance_m": 389.7, "source": "Microsoft ML Buildings", "in_industrial_zone": false, "ghsl_2018": 1}, "geometry": {"type": "Polygon", "coordinates": [[[70.101557, 22.481758100000004], [70.10156249999999, 22.48171410000001], [70.10163129999998, 22.481721500000003], [70.10162580000001, 22.4817655], [70.101557, 22.481758100000004]]]}}, {"type": "Feature", "properties": {"layer": "building", "distance_m": 365.4, "source": "Microsoft ML Buildings", "in_industrial_zone": false, "ghsl_2018": 1}, "geometry": {"type": "Polygon", "coordinates": [[[70.101774, 22.481335700000002], [70.10177219999998, 22.48141250000001], [70.1017347, 22.481411800000004], [70.10173639999998, 22.48133500000001], [70.101774, 22.481335700000002]]]}}, {"type": "Feature", "properties": {"layer": "building", "distance_m": 380.3, "source": "Microsoft ML Buildings", "in_industrial_zone": false, "ghsl_2018": 1}, "geometry": {"type": "Polygon", "coordinates": [[[70.1016897, 22.4817503], [70.10173729999998, 22.481755600000003], [70.10173289999997, 22.4817888], [70.1016853, 22.481783500000002], [70.1016897, 22.4817503]]]}}, {"type": "Feature", "properties": {"layer": "building", "distance_m": 367.5, "source": "Microsoft ML Buildings", "in_industrial_zone": false, "ghsl_2018": 1}, "geometry": {"type": "Polygon", "coordinates": [[[70.1018155, 22.481591400000003], [70.1018073, 22.481653500000004], [70.1017253, 22.481644200000012], [70.10173359999999, 22.4815822], [70.1018155, 22.481591400000003]]]}}, {"type": "Feature", "properties": {"layer": "building", "distance_m": 370.8, "source": "Microsoft ML Buildings", "in_industrial_zone": false, "ghsl_2018": 1}, "geometry": {"type": "Polygon", "coordinates": [[[70.10171859999998, 22.481649600000008], [70.10180299999999, 22.481659600000004], [70.101785, 22.4817888], [70.10173749999998, 22.481783200000002], [70.101746, 22.481722200000007], [70.1017091, 22.4817178], [70.10171859999998, 22.481649600000008]]]}}, {"type": "Feature", "properties": {"layer": "building", "distance_m": 350.9, "source": "Microsoft ML Buildings", "in_industrial_zone": false, "ghsl_2018": 1}, "geometry": {"type": "Polygon", "coordinates": [[[70.1018772, 22.4810936], [70.10187220000002, 22.4812521], [70.1015489, 22.48124340000001], [70.1015539, 22.48108500000001], [70.10181649999998, 22.481092], [70.1018772, 22.4810936]]]}}, {"type": "Feature", "properties": {"layer": "building", "distance_m": 348.0, "source": "Google Open Buildings", "in_industrial_zone": false, "ghsl_2018": 1}, "geometry": {"type": "Polygon", "coordinates": [[[70.1017593, 22.480825600000003], [70.1018846, 22.480827100000003], [70.101884, 22.480870200000002], [70.1018531, 22.480869800000008], [70.1018502, 22.481076200000004], [70.10175589999999, 22.48107510000001], [70.1017593, 22.480825600000003]]]}}, {"type": "Feature", "properties": {"layer": "building", "distance_m": 322.6, "source": "Microsoft ML Buildings", "in_industrial_zone": false, "ghsl_2018": 1}, "geometry": {"type": "Polygon", "coordinates": [[[70.1020747, 22.480915500000005], [70.1021364, 22.4809158], [70.1021357, 22.481047100000012], [70.102007, 22.4810466], [70.10200729999998, 22.480989600000015], [70.1019536, 22.480989400000002], [70.1019539, 22.480938300000005], [70.10193240000001, 22.480938200000008], [70.1019326, 22.48089760000001], [70.10203889999998, 22.480898], [70.102039, 22.4808608], [70.10207500000001, 22.480861000000004], [70.1020747, 22.480915500000005]]]}}, {"type": "Feature", "properties": {"layer": "building", "distance_m": 329.5, "source": "Microsoft ML Buildings", "in_industrial_zone": false, "ghsl_2018": 1}, "geometry": {"type": "Polygon", "coordinates": [[[70.1020823, 22.4812528], [70.1019312, 22.481249500000004], [70.10193529999998, 22.4810885], [70.1020865, 22.481091800000005], [70.1020823, 22.4812528]]]}}, {"type": "Feature", "properties": {"layer": "building", "distance_m": 361.9, "source": "Google Open Buildings", "in_industrial_zone": false, "ghsl_2018": 1}, "geometry": {"type": "Polygon", "coordinates": [[[70.10189550000001, 22.481783899999993], [70.10193640000001, 22.481785600000002], [70.1019343, 22.481830299999995], [70.10189340000001, 22.4818287], [70.10189550000001, 22.481783899999993]]]}}, {"type": "Feature", "properties": {"layer": "building", "distance_m": 367.9, "source": "Microsoft ML Buildings", "in_industrial_zone": false, "ghsl_2018": 1}, "geometry": {"type": "Polygon", "coordinates": [[[70.1020644, 22.482278], [70.1019813, 22.482279800000004], [70.1019795, 22.482210500000004], [70.1020626, 22.48220860000001], [70.1020644, 22.482278]]]}}, {"type": "Feature", "properties": {"layer": "building", "distance_m": 377.7, "source": "Microsoft ML Buildings", "in_industrial_zone": false, "ghsl_2018": 1}, "geometry": {"type": "Polygon", "coordinates": [[[70.101959, 22.4824721], [70.10196380000001, 22.482355699999996], [70.10203879999999, 22.482358400000006], [70.102034, 22.482474700000015], [70.101959, 22.4824721]]]}}, {"type": "Feature", "properties": {"layer": "building", "distance_m": 394.1, "source": "Microsoft ML Buildings", "in_industrial_zone": false, "ghsl_2018": 1}, "geometry": {"type": "Polygon", "coordinates": [[[70.10201059999999, 22.482762500000007], [70.10187949999998, 22.482757199999998], [70.1018853, 22.482632099999996], [70.10191469999998, 22.482633200000006], [70.10191639999998, 22.4825976], [70.1020064, 22.4826012], [70.10200249999998, 22.482686300000005], [70.10201419999999, 22.48268680000001], [70.10201059999999, 22.482762500000007]]]}}, {"type": "Feature", "properties": {"layer": "building", "distance_m": 390.8, "source": "Microsoft ML Buildings", "in_industrial_zone": false, "ghsl_2018": 1}, "geometry": {"type": "Polygon", "coordinates": [[[70.102015, 22.48259910000001], [70.10193239999998, 22.4825929], [70.10193560000002, 22.482556], [70.10201819999999, 22.482562200000004], [70.102015, 22.48259910000001]]]}}, {"type": "Feature", "properties": {"layer": "building", "distance_m": 386.5, "source": "Microsoft ML Buildings", "in_industrial_zone": false, "ghsl_2018": 1}, "geometry": {"type": "Polygon", "coordinates": [[[70.10195180000001, 22.482490100000007], [70.1020214, 22.4824921], [70.1020193, 22.482555000000005], [70.1019497, 22.482553], [70.10195180000001, 22.482490100000007]]]}}, {"type": "Feature", "properties": {"layer": "building", "distance_m": 414.5, "source": "Microsoft ML Buildings", "in_industrial_zone": false, "ghsl_2018": 1}, "geometry": {"type": "Polygon", "coordinates": [[[70.10197750000002, 22.482973300000005], [70.1018784, 22.4829702], [70.1018811, 22.482896000000004], [70.1019802, 22.482899099999997], [70.10197750000002, 22.482973300000005]]]}}, {"type": "Feature", "properties": {"layer": "building", "distance_m": 433.2, "source": "Microsoft ML Buildings", "in_industrial_zone": false, "ghsl_2018": 1}, "geometry": {"type": "Polygon", "coordinates": [[[70.101791, 22.482989600000007], [70.1017482, 22.482987900000005], [70.1017504, 22.482943300000002], [70.1017932, 22.482945099999995], [70.101791, 22.482989600000007]]]}}, {"type": "Feature", "properties": {"layer": "building", "distance_m": 425.6, "source": "Microsoft ML Buildings", "in_industrial_zone": false, "ghsl_2018": 1}, "geometry": {"type": "Polygon", "coordinates": [[[70.10180230000002, 22.482834300000004], [70.10179939999999, 22.482888700000007], [70.1016442, 22.482881599999995], [70.1016471, 22.482827200000003], [70.10180230000002, 22.482834300000004]]]}}, {"type": "Feature", "properties": {"layer": "building", "distance_m": 422.7, "source": "Microsoft ML Buildings", "in_industrial_zone": false, "ghsl_2018": 1}, "geometry": {"type": "Polygon", "coordinates": [[[70.10180449999999, 22.4828155], [70.1016582, 22.48281], [70.1016614, 22.482736799999998], [70.1017649, 22.4827407], [70.10176269999998, 22.48278910000001], [70.10180559999999, 22.48279070000001], [70.10180449999999, 22.4828155]]]}}, {"type": "Feature", "properties": {"layer": "building", "distance_m": 417.7, "source": "Microsoft ML Buildings", "in_industrial_zone": false, "ghsl_2018": 1}, "geometry": {"type": "Polygon", "coordinates": [[[70.10167010000002, 22.482731000000005], [70.10167219999998, 22.482670500000015], [70.10172039999999, 22.482671900000003], [70.1017192, 22.482707600000012], [70.10180859999998, 22.48271010000001], [70.1018078, 22.482734899999997], [70.10167010000002, 22.482731000000005]]]}}, {"type": "Feature", "properties": {"layer": "building", "distance_m": 398.9, "source": "Microsoft ML Buildings", "in_industrial_zone": false, "ghsl_2018": 1}, "geometry": {"type": "Polygon", "coordinates": [[[70.1018474, 22.4824328], [70.101843, 22.48254420000001], [70.10170639999998, 22.482539600000003], [70.10171080000002, 22.482428199999994], [70.1018474, 22.4824328]]]}}, {"type": "Feature", "properties": {"layer": "building", "distance_m": 406.9, "source": "Microsoft ML Buildings", "in_industrial_zone": false, "ghsl_2018": 1}, "geometry": {"type": "Polygon", "coordinates": [[[70.10183269999999, 22.482625300000002], [70.1016973, 22.4826129], [70.1017035, 22.482554000000018], [70.101839, 22.482566400000003], [70.10183269999999, 22.482625300000002]]]}}, {"type": "Feature", "properties": {"layer": "building", "distance_m": 393.7, "source": "Microsoft ML Buildings", "in_industrial_zone": false, "ghsl_2018": 1}, "geometry": {"type": "Polygon", "coordinates": [[[70.1018521, 22.482429400000008], [70.1017223, 22.482410200000004], [70.10173439999998, 22.482341100000006], [70.10186409999999, 22.48236030000001], [70.1018521, 22.482429400000008]]]}}, {"type": "Feature", "properties": {"layer": "building", "distance_m": 386.6, "source": "Microsoft ML Buildings", "in_industrial_zone": false, "ghsl_2018": 1}, "geometry": {"type": "Polygon", "coordinates": [[[70.1017563, 22.4821509], [70.101834, 22.4821541], [70.1018312, 22.482211], [70.10175350000002, 22.482207700000004], [70.1017563, 22.4821509]]]}}, {"type": "Feature", "properties": {"layer": "building", "distance_m": 386.6, "source": "Microsoft ML Buildings", "in_industrial_zone": false, "ghsl_2018": 1}, "geometry": {"type": "Polygon", "coordinates": [[[70.10173699999999, 22.48226830000001], [70.1017425, 22.482219300000004], [70.1018725, 22.482231500000005], [70.10186709999999, 22.482280600000006], [70.10173699999999, 22.48226830000001]]]}}, {"type": "Feature", "properties": {"layer": "building", "distance_m": 380.6, "source": "Microsoft ML Buildings", "in_industrial_zone": false, "ghsl_2018": 1}, "geometry": {"type": "Polygon", "coordinates": [[[70.1016486, 22.482029800000003], [70.1016723, 22.481881800000004], [70.10178519999998, 22.481897300000004], [70.10176149999998, 22.482045200000005], [70.1016486, 22.482029800000003]]]}}, {"type": "Feature", "properties": {"layer": "building", "distance_m": 404.5, "source": "Microsoft ML Buildings", "in_industrial_zone": false, "ghsl_2018": 1}, "geometry": {"type": "Polygon", "coordinates": [[[70.10171669999998, 22.482304100000004], [70.1017136, 22.482336100000005], [70.1016249, 22.482328900000002], [70.1016279, 22.482296900000005], [70.10171669999998, 22.482304100000004]]]}}, {"type": "Feature", "properties": {"layer": "building", "distance_m": 409.5, "source": "Microsoft ML Buildings", "in_industrial_zone": false, "ghsl_2018": 1}, "geometry": {"type": "Polygon", "coordinates": [[[70.1016969, 22.482454300000008], [70.10160060000001, 22.482449300000003], [70.1016052, 22.4823737], [70.10170149999999, 22.48237870000001], [70.1016969, 22.482454300000008]]]}}, {"type": "Feature", "properties": {"layer": "building", "distance_m": 407.0, "source": "Microsoft ML Buildings", "in_industrial_zone": false, "ghsl_2018": 1}, "geometry": {"type": "Polygon", "coordinates": [[[70.10170849999999, 22.48234070000001], [70.10170549999998, 22.4823742], [70.10162649999998, 22.482368000000005], [70.1016296, 22.4823345], [70.10170849999999, 22.48234070000001]]]}}, {"type": "Feature", "properties": {"layer": "building", "distance_m": 398.4, "source": "Microsoft ML Buildings", "in_industrial_zone": false, "ghsl_2018": 1}, "geometry": {"type": "Polygon", "coordinates": [[[70.1016219, 22.4822069], [70.10173689999999, 22.482212500000006], [70.10173189999999, 22.48229900000001], [70.10161689999998, 22.482293400000007], [70.1016219, 22.4822069]]]}}, {"type": "Feature", "properties": {"layer": "building", "distance_m": 393.6, "source": "Microsoft ML Buildings", "in_industrial_zone": false, "ghsl_2018": 1}, "geometry": {"type": "Polygon", "coordinates": [[[70.101614, 22.482156200000002], [70.101625, 22.4821063], [70.1017486, 22.482129500000003], [70.1017376, 22.48217950000001], [70.101614, 22.482156200000002]]]}}, {"type": "Feature", "properties": {"layer": "building", "distance_m": 420.5, "source": "Microsoft ML Buildings", "in_industrial_zone": false, "ghsl_2018": 1}, "geometry": {"type": "Polygon", "coordinates": [[[70.10158390000001, 22.4825694], [70.10158219999998, 22.482617900000008], [70.1015474, 22.48261690000001], [70.1015495, 22.482556000000002], [70.1016352, 22.482558500000003], [70.1016358, 22.482541199999993], [70.1016733, 22.4825423], [70.1016723, 22.482572], [70.10158390000001, 22.4825694]]]}}, {"type": "Feature", "properties": {"layer": "building", "distance_m": 429.3, "source": "Microsoft ML Buildings", "in_industrial_zone": false, "ghsl_2018": 1}, "geometry": {"type": "Polygon", "coordinates": [[[70.1015611, 22.4827172], [70.1015641, 22.4826688], [70.10165399999998, 22.482673700000003], [70.101651, 22.482721999999995], [70.1015611, 22.4827172]]]}}, {"type": "Feature", "properties": {"layer": "building", "distance_m": 422.9, "source": "Microsoft ML Buildings", "in_industrial_zone": false, "ghsl_2018": 1}, "geometry": {"type": "Polygon", "coordinates": [[[70.10166579999999, 22.4825759], [70.10166269999999, 22.482656600000002], [70.101585, 22.4826541], [70.1015881, 22.482573400000003], [70.10166579999999, 22.4825759]]]}}, {"type": "Feature", "properties": {"layer": "building", "distance_m": 417.2, "source": "Microsoft ML Buildings", "in_industrial_zone": false, "ghsl_2018": 1}, "geometry": {"type": "Polygon", "coordinates": [[[70.1016862, 22.482502800000006], [70.10168239999999, 22.482539600000006], [70.1015681, 22.4825295], [70.10157189999998, 22.48249270000001], [70.1016862, 22.482502800000006]]]}}, {"type": "Feature", "properties": {"layer": "building", "distance_m": 415.9, "source": "Microsoft ML Buildings", "in_industrial_zone": false, "ghsl_2018": 1}, "geometry": {"type": "Polygon", "coordinates": [[[70.1016871, 22.4824779], [70.10168389999998, 22.482503400000006], [70.1016425, 22.482499000000004], [70.10164569999999, 22.482473500000008], [70.1016871, 22.4824779]]]}}, {"type": "Feature", "properties": {"layer": "building", "distance_m": 436.5, "source": "Microsoft ML Buildings", "in_industrial_zone": false, "ghsl_2018": 1}, "geometry": {"type": "Polygon", "coordinates": [[[70.1016436, 22.482887700000003], [70.1017079, 22.482885300000003], [70.10171, 22.482932300000005], [70.1017448, 22.482930999999997], [70.10174629999999, 22.482965600000004], [70.10162849999999, 22.48297000000001], [70.1016261, 22.482915600000005], [70.1016448, 22.4829149], [70.1016436, 22.482887700000003]]]}}, {"type": "Feature", "properties": {"layer": "building", "distance_m": 440.2, "source": "Microsoft ML Buildings", "in_industrial_zone": false, "ghsl_2018": 1}, "geometry": {"type": "Polygon", "coordinates": [[[70.1017279, 22.483037800000005], [70.10161479999998, 22.483027100000005], [70.1016216, 22.4829658], [70.10173469999998, 22.482976400000005], [70.1017279, 22.483037800000005]]]}}, {"type": "Feature", "properties": {"layer": "building", "distance_m": 433.1, "source": "Microsoft ML Buildings", "in_industrial_zone": false, "ghsl_2018": 1}, "geometry": {"type": "Polygon", "coordinates": [[[70.10164509999998, 22.482727], [70.10164010000001, 22.482781200000005], [70.1015326, 22.482772700000005], [70.10153759999999, 22.482718499999997], [70.10164509999998, 22.482727]]]}}, {"type": "Feature", "properties": {"layer": "building", "distance_m": 443.5, "source": "Microsoft ML Buildings", "in_industrial_zone": false, "ghsl_2018": 1}, "geometry": {"type": "Polygon", "coordinates": [[[70.1016186, 22.4828675], [70.1016099, 22.482946], [70.1015319, 22.482938600000004], [70.10154069999999, 22.4828601], [70.1016186, 22.4828675]]]}}, {"type": "Feature", "properties": {"layer": "building", "distance_m": 449.9, "source": "Microsoft ML Buildings", "in_industrial_zone": false, "ghsl_2018": 1}, "geometry": {"type": "Polygon", "coordinates": [[[70.10160219999999, 22.482949700000006], [70.10159309999999, 22.48302560000001], [70.10149869999998, 22.483016000000003], [70.10150779999998, 22.482940100000004], [70.10160219999999, 22.482949700000006]]]}}, {"type": "Feature", "properties": {"layer": "building", "distance_m": 430.3, "source": "Microsoft ML Buildings", "in_industrial_zone": false, "ghsl_2018": 1}, "geometry": {"type": "Polygon", "coordinates": [[[70.1015146, 22.4824501], [70.10150850000001, 22.482488900000003], [70.1014586, 22.482482300000004], [70.1014646, 22.482443500000002], [70.1015146, 22.4824501]]]}}, {"type": "Feature", "properties": {"layer": "building", "distance_m": 466.9, "source": "Microsoft ML Buildings", "in_industrial_zone": false, "ghsl_2018": 1}, "geometry": {"type": "Polygon", "coordinates": [[[70.10142969999998, 22.482983999999995], [70.1014208, 22.48304630000001], [70.1013022, 22.483031800000003], [70.10131110000002, 22.482969499999996], [70.10142969999998, 22.482983999999995]]]}}, {"type": "Feature", "properties": {"layer": "building", "distance_m": 462.6, "source": "Microsoft ML Buildings", "in_industrial_zone": false, "ghsl_2018": 1}, "geometry": {"type": "Polygon", "coordinates": [[[70.1013116, 22.482949400000003], [70.1013152, 22.482912600000002], [70.1014376, 22.482922600000002], [70.10143409999999, 22.482959500000003], [70.1013116, 22.482949400000003]]]}}, {"type": "Feature", "properties": {"layer": "building", "distance_m": 458.6, "source": "Microsoft ML Buildings", "in_industrial_zone": false, "ghsl_2018": 1}, "geometry": {"type": "Polygon", "coordinates": [[[70.10132719999999, 22.482829300000002], [70.10133210000001, 22.482794200000004], [70.101406, 22.482802900000006], [70.10140109999999, 22.482838], [70.10132719999999, 22.482829300000002]]]}}, {"type": "Feature", "properties": {"layer": "building", "distance_m": 449.8, "source": "Microsoft ML Buildings", "in_industrial_zone": false, "ghsl_2018": 1}, "geometry": {"type": "Polygon", "coordinates": [[[70.1013504, 22.482750100000015], [70.10135249999999, 22.482713000000007], [70.10145149999998, 22.482717800000003], [70.10144939999999, 22.482754800000002], [70.1013504, 22.482750100000015]]]}}, {"type": "Feature", "properties": {"layer": "building", "distance_m": 444.5, "source": "Microsoft ML Buildings", "in_industrial_zone": false, "ghsl_2018": 1}, "geometry": {"type": "Polygon", "coordinates": [[[70.1014549, 22.482713300000004], [70.1013568, 22.4827037], [70.1013655, 22.482627700000005], [70.1014636, 22.482637300000004], [70.1014549, 22.482713300000004]]]}}, {"type": "Feature", "properties": {"layer": "building", "distance_m": 435.1, "source": "Microsoft ML Buildings", "in_industrial_zone": false, "ghsl_2018": 1}, "geometry": {"type": "Polygon", "coordinates": [[[70.1014585, 22.482442400000007], [70.1014567, 22.48247310000001], [70.1013925, 22.482469999999992], [70.10139429999998, 22.482439300000003], [70.1014585, 22.482442400000007]]]}}, {"type": "Feature", "properties": {"layer": "building", "distance_m": 438.8, "source": "Microsoft ML Buildings", "in_industrial_zone": false, "ghsl_2018": 1}, "geometry": {"type": "Polygon", "coordinates": [[[70.10148540000002, 22.4825672], [70.10147699999999, 22.482630700000005], [70.10136599999998, 22.4826181], [70.10138189999999, 22.482498400000008], [70.10144269999999, 22.48250530000001], [70.10143519999998, 22.482561500000006], [70.10148540000002, 22.4825672]]]}}, {"type": "Feature", "properties": {"layer": "building", "distance_m": 430.5, "source": "Microsoft ML Buildings", "in_industrial_zone": false, "ghsl_2018": 1}, "geometry": {"type": "Polygon", "coordinates": [[[70.1014067, 22.482295899999997], [70.1013328, 22.482291900000003], [70.10133619999999, 22.482237600000005], [70.10141, 22.482241499999997], [70.1014067, 22.482295899999997]]]}}, {"type": "Feature", "properties": {"layer": "building", "distance_m": 424.7, "source": "Microsoft ML Buildings", "in_industrial_zone": false, "ghsl_2018": 1}, "geometry": {"type": "Polygon", "coordinates": [[[70.10136439999997, 22.482228900000003], [70.10136239999999, 22.4821362], [70.101424, 22.482135000000007], [70.1014261, 22.482227700000003], [70.10136439999997, 22.482228900000003]]]}}, {"type": "Feature", "properties": {"layer": "building", "distance_m": 413.8, "source": "Microsoft ML Buildings", "in_industrial_zone": false, "ghsl_2018": 1}, "geometry": {"type": "Polygon", "coordinates": [[[70.1012824, 22.482120500000004], [70.1012828, 22.4821032], [70.1012855, 22.482103200000005], [70.1012899, 22.481922400000002], [70.10145440000001, 22.4819258], [70.1014495, 22.482124], [70.1012824, 22.482120500000004]]]}}, {"type": "Feature", "properties": {"layer": "building", "distance_m": 412.1, "source": "Microsoft ML Buildings", "in_industrial_zone": false, "ghsl_2018": 1}, "geometry": {"type": "Polygon", "coordinates": [[[70.1015608, 22.4821456], [70.1015357, 22.482318400000004], [70.10141970000001, 22.482304000000003], [70.10144220000001, 22.482149199999995], [70.1014844, 22.482154500000004], [70.10148699999999, 22.482136400000005], [70.1015608, 22.4821456]]]}}, {"type": "Feature", "properties": {"layer": "building", "distance_m": 426.6, "source": "Microsoft ML Buildings", "in_industrial_zone": false, "ghsl_2018": 1}, "geometry": {"type": "Polygon", "coordinates": [[[70.1014406, 22.4823822], [70.1015209, 22.482386200000004], [70.1015175, 22.482444100000006], [70.1014373, 22.482440099999998], [70.1014406, 22.4823822]]]}}, {"type": "Feature", "properties": {"layer": "building", "distance_m": 402.1, "source": "Google Open Buildings", "in_industrial_zone": false, "ghsl_2018": 1}, "geometry": {"type": "Polygon", "coordinates": [[[70.10153729999999, 22.481928700000008], [70.10157739999998, 22.481931599999996], [70.1015738, 22.4819746], [70.10153369999999, 22.481971700000006], [70.10153729999999, 22.481928700000008]]]}}, {"type": "Feature", "properties": {"layer": "building", "distance_m": 382.7, "source": "Microsoft ML Buildings", "in_industrial_zone": false, "ghsl_2018": 1}, "geometry": {"type": "Polygon", "coordinates": [[[70.1015159, 22.4813211], [70.1016016, 22.481323100000008], [70.1015983, 22.481442], [70.1015125, 22.481440000000003], [70.1015159, 22.4813211]]]}}, {"type": "Feature", "properties": {"layer": "building", "distance_m": 371.0, "source": "Microsoft ML Buildings", "in_industrial_zone": false, "ghsl_2018": 1}, "geometry": {"type": "Polygon", "coordinates": [[[70.1016163, 22.480794100000008], [70.1016582, 22.4807934], [70.1016608, 22.4809431], [70.10145710000002, 22.4809462], [70.1014553, 22.4808461], [70.1016172, 22.480843599999996], [70.1016163, 22.480794100000008]]]}}, {"type": "Feature", "properties": {"layer": "building", "distance_m": 384.7, "source": "Microsoft ML Buildings", "in_industrial_zone": false, "ghsl_2018": 1}, "geometry": {"type": "Polygon", "coordinates": [[[70.10154430000001, 22.481252500000004], [70.1014387, 22.4812506], [70.101442, 22.4810945], [70.10154760000002, 22.481096399999995], [70.10154430000001, 22.481252500000004]]]}}, {"type": "Feature", "properties": {"layer": "building", "distance_m": 395.9, "source": "Microsoft ML Buildings", "in_industrial_zone": false, "ghsl_2018": 1}, "geometry": {"type": "Polygon", "coordinates": [[[70.1013543, 22.481711000000004], [70.1013509, 22.4816144], [70.1015358, 22.4816089], [70.101538, 22.481673300000004], [70.1015096, 22.4816742], [70.10151069999999, 22.481706300000003], [70.1013543, 22.481711000000004]]]}}, {"type": "Feature", "properties": {"layer": "building", "distance_m": 406.1, "source": "Microsoft ML Buildings", "in_industrial_zone": false, "ghsl_2018": 1}, "geometry": {"type": "Polygon", "coordinates": [[[70.1014877, 22.481794200000003], [70.1014861, 22.481837700000003], [70.1013414, 22.4818331], [70.101343, 22.4817896], [70.1014877, 22.481794200000003]]]}}, {"type": "Feature", "properties": {"layer": "building", "distance_m": 408.7, "source": "Microsoft ML Buildings", "in_industrial_zone": false, "ghsl_2018": 1}, "geometry": {"type": "Polygon", "coordinates": [[[70.1014795, 22.481849500000006], [70.10147559999999, 22.481916200000004], [70.10135249999999, 22.48191], [70.10135649999998, 22.4818433], [70.1014795, 22.481849500000006]]]}}, {"type": "Feature", "properties": {"layer": "building", "distance_m": 407.2, "source": "Microsoft ML Buildings", "in_industrial_zone": false, "ghsl_2018": 1}, "geometry": {"type": "Polygon", "coordinates": [[[70.1013254, 22.481456400000006], [70.10133, 22.481378800000005], [70.10137009999998, 22.481380800000004], [70.1013597, 22.48155480000001], [70.1011468, 22.4815439], [70.101151, 22.4814737], [70.1012312, 22.481477800000008], [70.1012328, 22.4814516], [70.1013254, 22.481456400000006]]]}}, {"type": "Feature", "properties": {"layer": "building", "distance_m": 410.1, "source": "Microsoft ML Buildings", "in_industrial_zone": false, "ghsl_2018": 1}, "geometry": {"type": "Polygon", "coordinates": [[[70.1012349, 22.4813257], [70.1013315, 22.4813248], [70.10133229999998, 22.481394200000004], [70.1012358, 22.4813951], [70.1012349, 22.4813257]]]}}, {"type": "Feature", "properties": {"layer": "building", "distance_m": 402.6, "source": "Microsoft ML Buildings", "in_industrial_zone": false, "ghsl_2018": 1}, "geometry": {"type": "Polygon", "coordinates": [[[70.1013745, 22.481109299999996], [70.1013779, 22.481248000000004], [70.10128840000002, 22.4812498], [70.101285, 22.481111100000007], [70.1013745, 22.481109299999996]]]}}, {"type": "Feature", "properties": {"layer": "building", "distance_m": 400.1, "source": "Microsoft ML Buildings", "in_industrial_zone": false, "ghsl_2018": 1}, "geometry": {"type": "Polygon", "coordinates": [[[70.1013235, 22.480844000000005], [70.1013243, 22.480899500000007], [70.1013608, 22.480899100000002], [70.1013621, 22.4809907], [70.1013175, 22.480991300000003], [70.1013181, 22.481029900000006], [70.1012447, 22.481030800000006], [70.1012419, 22.480842500000005], [70.1013181, 22.480841599999998], [70.1013176, 22.4808129], [70.1013766, 22.48081210000001], [70.10137710000001, 22.480843300000007], [70.1013235, 22.480844000000005]]]}}, {"type": "Feature", "properties": {"layer": "building", "distance_m": 399.5, "source": "Microsoft ML Buildings", "in_industrial_zone": false, "ghsl_2018": 1}, "geometry": {"type": "Polygon", "coordinates": [[[70.1012002, 22.480782600000005], [70.1011928, 22.480722500000013], [70.1013702, 22.4807037], [70.1013808, 22.480789300000005], [70.1013093, 22.4807969], [70.1013135, 22.480831100000003], [70.1011997, 22.4808432], [70.10119229999998, 22.4807834], [70.1012002, 22.480782600000005]]]}}, {"type": "Feature", "properties": {"layer": "building", "distance_m": 401.4, "source": "Microsoft ML Buildings", "in_industrial_zone": false, "ghsl_2018": 1}, "geometry": {"type": "Polygon", "coordinates": [[[70.1011928, 22.481036800000002], [70.1013787, 22.481042799999997], [70.10137619999999, 22.4811086], [70.1011903, 22.481102600000003], [70.1011928, 22.481036800000002]]]}}, {"type": "Feature", "properties": {"layer": "building", "distance_m": 413.5, "source": "Microsoft ML Buildings", "in_industrial_zone": false, "ghsl_2018": 1}, "geometry": {"type": "Polygon", "coordinates": [[[70.101191, 22.4811714], [70.1011894, 22.481117900000005], [70.1012688, 22.481115900000002], [70.10127149999998, 22.48120400000001], [70.10123499999999, 22.481204900000005], [70.1012339, 22.481170300000002], [70.101191, 22.4811714]]]}}, {"type": "Feature", "properties": {"layer": "building", "distance_m": 416.3, "source": "Microsoft ML Buildings", "in_industrial_zone": false, "ghsl_2018": 1}, "geometry": {"type": "Polygon", "coordinates": [[[70.1012297, 22.480991499999995], [70.10119519999999, 22.480995000000004], [70.1011903, 22.480953400000008], [70.1012248, 22.4809499], [70.1012297, 22.480991499999995]]]}}, {"type": "Feature", "properties": {"layer": "building", "distance_m": 420.1, "source": "Microsoft ML Buildings", "in_industrial_zone": false, "ghsl_2018": 1}, "geometry": {"type": "Polygon", "coordinates": [[[70.1011817, 22.480801500000002], [70.10118780000002, 22.480930100000002], [70.1011065, 22.4809334], [70.1011004, 22.4808047], [70.1011817, 22.480801500000002]]]}}, {"type": "Feature", "properties": {"layer": "building", "distance_m": 421.7, "source": "Microsoft ML Buildings", "in_industrial_zone": false, "ghsl_2018": 1}, "geometry": {"type": "Polygon", "coordinates": [[[70.1011858, 22.48109360000001], [70.1011114, 22.4811059], [70.1011003, 22.4810483], [70.1011746, 22.481036000000003], [70.1011858, 22.48109360000001]]]}}, {"type": "Feature", "properties": {"layer": "building", "distance_m": 422.2, "source": "Microsoft ML Buildings", "in_industrial_zone": false, "ghsl_2018": 1}, "geometry": {"type": "Polygon", "coordinates": [[[70.1011802, 22.481221600000012], [70.10109879999999, 22.481219100000004], [70.1011026, 22.481115100000004], [70.101184, 22.481117600000005], [70.1011802, 22.481221600000012]]]}}, {"type": "Feature", "properties": {"layer": "building", "distance_m": 422.9, "source": "Google Open Buildings", "in_industrial_zone": false, "ghsl_2018": 1}, "geometry": {"type": "Polygon", "coordinates": [[[70.1011707, 22.481348400000005], [70.10121009999999, 22.481349400000006], [70.1012075, 22.481440199999998], [70.101168, 22.4814392], [70.1011707, 22.481348400000005]]]}}, {"type": "Feature", "properties": {"layer": "building", "distance_m": 422.8, "source": "Microsoft ML Buildings", "in_industrial_zone": false, "ghsl_2018": 1}, "geometry": {"type": "Polygon", "coordinates": [[[70.1011835, 22.481584900000005], [70.1012612, 22.481587000000005], [70.1012593, 22.481646500000004], [70.10118159999999, 22.481644400000008], [70.1011835, 22.481584900000005]]]}}, {"type": "Feature", "properties": {"layer": "building", "distance_m": 425.4, "source": "Microsoft ML Buildings", "in_industrial_zone": false, "ghsl_2018": 1}, "geometry": {"type": "Polygon", "coordinates": [[[70.1012492, 22.4817893], [70.10103559999999, 22.481786900000003], [70.101039, 22.481531700000005], [70.1011168, 22.4815325], [70.101115, 22.481665299999996], [70.1011713, 22.481665900000003], [70.1011715, 22.48164960000001], [70.101251, 22.481650500000004], [70.1012492, 22.4817893]]]}}, {"type": "Feature", "properties": {"layer": "building", "distance_m": 446.7, "source": "Microsoft ML Buildings", "in_industrial_zone": false, "ghsl_2018": 1}, "geometry": {"type": "Polygon", "coordinates": [[[70.1011886, 22.482189800000008], [70.1011543, 22.48218170000001], [70.1011657, 22.482139800000002], [70.10120009999999, 22.482147900000008], [70.1011886, 22.482189800000008]]]}}, {"type": "Feature", "properties": {"layer": "building", "distance_m": 453.0, "source": "Microsoft ML Buildings", "in_industrial_zone": false, "ghsl_2018": 1}, "geometry": {"type": "Polygon", "coordinates": [[[70.1012256, 22.482635100000007], [70.1012268, 22.482595400000005], [70.1013474, 22.482598499999998], [70.1013429, 22.482749500000008], [70.10121699999999, 22.4827464], [70.10122020000001, 22.482634900000004], [70.1012256, 22.482635100000007]]]}}, {"type": "Feature", "properties": {"layer": "building", "distance_m": 443.9, "source": "Google Open Buildings", "in_industrial_zone": false, "ghsl_2018": 1}, "geometry": {"type": "Polygon", "coordinates": [[[70.10135719999998, 22.482428499999997], [70.1013478, 22.482556299999995], [70.10127149999998, 22.482551400000002], [70.1012809, 22.482423600000004], [70.10135719999998, 22.482428499999997]]]}}, {"type": "Feature", "properties": {"layer": "building", "distance_m": 462.8, "source": "Microsoft ML Buildings", "in_industrial_zone": false, "ghsl_2018": 1}, "geometry": {"type": "Polygon", "coordinates": [[[70.101383, 22.482842900000005], [70.10137929999998, 22.482898700000003], [70.10132049999999, 22.482895400000004], [70.1013242, 22.482839700000014], [70.101383, 22.482842900000005]]]}}, {"type": "Feature", "properties": {"layer": "building", "distance_m": 466.1, "source": "Microsoft ML Buildings", "in_industrial_zone": false, "ghsl_2018": 1}, "geometry": {"type": "Polygon", "coordinates": [[[70.1013139, 22.4828196], [70.1012652, 22.482824599999997], [70.10126079999999, 22.48278780000001], [70.10130949999999, 22.482782900000004], [70.1013139, 22.4828196]]]}}, {"type": "Feature", "properties": {"layer": "building", "distance_m": 467.9, "source": "Microsoft ML Buildings", "in_industrial_zone": false, "ghsl_2018": 1}, "geometry": {"type": "Polygon", "coordinates": [[[70.10131459999998, 22.4828939], [70.1012494, 22.48289100000001], [70.1012528, 22.482826700000007], [70.10131799999999, 22.482829700000003], [70.10131459999998, 22.4828939]]]}}, {"type": "Feature", "properties": {"layer": "building", "distance_m": 473.1, "source": "Microsoft ML Buildings", "in_industrial_zone": false, "ghsl_2018": 1}, "geometry": {"type": "Polygon", "coordinates": [[[70.1012047, 22.482941700000005], [70.1012078, 22.482897300000015], [70.10130499999998, 22.482903100000005], [70.1013019, 22.482947500000005], [70.1012047, 22.482941700000005]]]}}, {"type": "Feature", "properties": {"layer": "building", "distance_m": 479.0, "source": "Microsoft ML Buildings", "in_industrial_zone": false, "ghsl_2018": 1}, "geometry": {"type": "Polygon", "coordinates": [[[70.1012779, 22.482965], [70.1012794, 22.483025800000004], [70.10121509999999, 22.4830272], [70.10121360000001, 22.482966300000008], [70.1012779, 22.482965]]]}}, {"type": "Feature", "properties": {"layer": "building", "distance_m": 470.6, "source": "Microsoft ML Buildings", "in_industrial_zone": false, "ghsl_2018": 1}, "geometry": {"type": "Polygon", "coordinates": [[[70.1011953, 22.482815800000004], [70.1011975, 22.4827787], [70.10125899999998, 22.482781899999996], [70.10125680000002, 22.4828189], [70.1011953, 22.482815800000004]]]}}, {"type": "Feature", "properties": {"layer": "building", "distance_m": 484.3, "source": "Microsoft ML Buildings", "in_industrial_zone": false, "ghsl_2018": 1}, "geometry": {"type": "Polygon", "coordinates": [[[70.1011347, 22.482828000000005], [70.1011334, 22.48287360000001], [70.10105029999998, 22.4828715], [70.1010516, 22.482825800000004], [70.1011347, 22.482828000000005]]]}}, {"type": "Feature", "properties": {"layer": "building", "distance_m": 490.2, "source": "Microsoft ML Buildings", "in_industrial_zone": false, "ghsl_2018": 1}, "geometry": {"type": "Polygon", "coordinates": [[[70.10105050000001, 22.482979000000007], [70.1010548, 22.4829024], [70.10111529999999, 22.482905200000012], [70.10111109999998, 22.4829819], [70.10105050000001, 22.482979000000007]]]}}, {"type": "Feature", "properties": {"layer": "building", "distance_m": 456.2, "source": "Microsoft ML Buildings", "in_industrial_zone": false, "ghsl_2018": 1}, "geometry": {"type": "Polygon", "coordinates": [[[70.1011429, 22.482509100000005], [70.1011459, 22.4828213], [70.10105200000001, 22.482822099999993], [70.1010472, 22.482318999999997], [70.10117329999999, 22.482318000000003], [70.1011751, 22.482508800000012], [70.1011429, 22.482509100000005]]]}}, {"type": "Feature", "properties": {"layer": "building", "distance_m": 444.9, "source": "Google Open Buildings", "in_industrial_zone": false, "ghsl_2018": 1}, "geometry": {"type": "Polygon", "coordinates": [[[70.10108180000002, 22.482019100000006], [70.1011712, 22.48202370000001], [70.1011654, 22.482120900000005], [70.101076, 22.482116300000005], [70.10108180000002, 22.482019100000006]]]}}, {"type": "Feature", "properties": {"layer": "building", "distance_m": 441.3, "source": "Google Open Buildings", "in_industrial_zone": false, "ghsl_2018": 1}, "geometry": {"type": "Polygon", "coordinates": [[[70.10108759999999, 22.48193680000001], [70.10117860000001, 22.4819391], [70.10117599999998, 22.482023900000005], [70.101085, 22.4820215], [70.10108759999999, 22.48193680000001]]]}}, {"type": "Feature", "properties": {"layer": "building", "distance_m": 452.7, "source": "Microsoft ML Buildings", "in_industrial_zone": false, "ghsl_2018": 1}, "geometry": {"type": "Polygon", "coordinates": [[[70.1011271, 22.48212030000001], [70.1011231, 22.4822913], [70.10104, 22.482289600000005], [70.10104389999998, 22.4821187], [70.1011271, 22.48212030000001]]]}}, {"type": "Feature", "properties": {"layer": "building", "distance_m": 470.8, "source": "Microsoft ML Buildings", "in_industrial_zone": false, "ghsl_2018": 1}, "geometry": {"type": "Polygon", "coordinates": [[[70.1007328, 22.481308499999997], [70.1007285, 22.481430900000007], [70.10067750000002, 22.4814293], [70.10068190000001, 22.481307000000008], [70.1007328, 22.481308499999997]]]}}, {"type": "Feature", "properties": {"layer": "building", "distance_m": 466.1, "source": "Microsoft ML Buildings", "in_industrial_zone": false, "ghsl_2018": 1}, "geometry": {"type": "Polygon", "coordinates": [[[70.1007357, 22.481386900000008], [70.10073399999999, 22.4813335], [70.1007823, 22.481332200000008], [70.10078400000002, 22.481385600000003], [70.1007357, 22.481386900000008]]]}}, {"type": "Feature", "properties": {"layer": "building", "distance_m": 451.6, "source": "Microsoft ML Buildings", "in_industrial_zone": false, "ghsl_2018": 1}, "geometry": {"type": "Polygon", "coordinates": [[[70.1008255, 22.4812309], [70.1005387, 22.481225], [70.100542, 22.4810876], [70.1006305, 22.481089500000003], [70.10063139999998, 22.481049800000005], [70.1007092, 22.4810514], [70.1007082, 22.481093500000004], [70.10072960000001, 22.481094000000002], [70.10072890000001, 22.48112370000001], [70.1008978, 22.481127200000007], [70.1008952, 22.481236200000005], [70.10082540000002, 22.481234800000006], [70.1008255, 22.4812309]]]}}, {"type": "Feature", "properties": {"layer": "building", "distance_m": 462.1, "source": "Microsoft ML Buildings", "in_industrial_zone": false, "ghsl_2018": 1}, "geometry": {"type": "Polygon", "coordinates": [[[70.1007219, 22.480829000000007], [70.1007663, 22.480822300000003], [70.1007766, 22.48088020000001], [70.1007322, 22.480886899999994], [70.1007219, 22.480829000000007]]]}}, {"type": "Feature", "properties": {"layer": "building", "distance_m": 461.1, "source": "Google Open Buildings", "in_industrial_zone": false, "ghsl_2018": 1}, "geometry": {"type": "Polygon", "coordinates": [[[70.1007611, 22.480893700000003], [70.1007876, 22.480894699999997], [70.1007844, 22.48097260000001], [70.1007578, 22.480971600000004], [70.1007611, 22.480893700000003]]]}}, {"type": "Feature", "properties": {"layer": "building", "distance_m": 456.0, "source": "Google Open Buildings", "in_industrial_zone": false, "ghsl_2018": 1}, "geometry": {"type": "Polygon", "coordinates": [[[70.10078960000001, 22.480834200000007], [70.10083399999999, 22.4808347], [70.1008334, 22.48088370000001], [70.100789, 22.480883200000005], [70.10078960000001, 22.480834200000007]]]}}, {"type": "Feature", "properties": {"layer": "building", "distance_m": 453.0, "source": "Google Open Buildings", "in_industrial_zone": false, "ghsl_2018": 1}, "geometry": {"type": "Polygon", "coordinates": [[[70.1008309, 22.4808963], [70.1008662, 22.4808975], [70.1008646, 22.4809364], [70.10082929999999, 22.4809351], [70.1008309, 22.4808963]]]}}, {"type": "Feature", "properties": {"layer": "building", "distance_m": 452.2, "source": "Google Open Buildings", "in_industrial_zone": false, "ghsl_2018": 1}, "geometry": {"type": "Polygon", "coordinates": [[[70.1007759, 22.4809595], [70.1008782, 22.4809617], [70.1008773, 22.480997900000002], [70.10077500000001, 22.480995700000005], [70.1007759, 22.4809595]]]}}, {"type": "Feature", "properties": {"layer": "building", "distance_m": 454.0, "source": "Google Open Buildings", "in_industrial_zone": false, "ghsl_2018": 1}, "geometry": {"type": "Polygon", "coordinates": [[[70.1007732, 22.481005399999997], [70.1008625, 22.480998], [70.1008652, 22.481026200000006], [70.1007759, 22.481033600000007], [70.1007732, 22.481005399999997]]]}}, {"type": "Feature", "properties": {"layer": "building", "distance_m": 456.9, "source": "Google Open Buildings", "in_industrial_zone": false, "ghsl_2018": 1}, "geometry": {"type": "Polygon", "coordinates": [[[70.1007905, 22.480926900000004], [70.1008287, 22.480923600000004], [70.1008317, 22.480954600000008], [70.10079360000002, 22.480957900000003], [70.1007905, 22.480926900000004]]]}}, {"type": "Feature", "properties": {"layer": "building", "distance_m": 445.2, "source": "Google Open Buildings", "in_industrial_zone": false, "ghsl_2018": 1}, "geometry": {"type": "Polygon", "coordinates": [[[70.1008972, 22.481317800000003], [70.1009858, 22.481322100000003], [70.1009819, 22.481392000000003], [70.1008934, 22.4813878], [70.1008972, 22.481317800000003]]]}}, {"type": "Feature", "properties": {"layer": "building", "distance_m": 441.5, "source": "Microsoft ML Buildings", "in_industrial_zone": false, "ghsl_2018": 1}, "geometry": {"type": "Polygon", "coordinates": [[[70.1011243, 22.481807300000003], [70.10104119999998, 22.481808400000002], [70.10104069999998, 22.481774700000003], [70.10112379999998, 22.4817737], [70.1011243, 22.481807300000003]]]}}, {"type": "Feature", "properties": {"layer": "building", "distance_m": 426.8, "source": "Microsoft ML Buildings", "in_industrial_zone": false, "ghsl_2018": 1}, "geometry": {"type": "Polygon", "coordinates": [[[70.1011576, 22.481436400000003], [70.1010158, 22.4814292], [70.10102319999999, 22.481305600000002], [70.1011649, 22.48131280000001], [70.1011576, 22.481436400000003]]]}}, {"type": "Feature", "properties": {"layer": "building", "distance_m": 430.1, "source": "Microsoft ML Buildings", "in_industrial_zone": false, "ghsl_2018": 1}, "geometry": {"type": "Polygon", "coordinates": [[[70.1010926, 22.481246599999995], [70.1009934, 22.481244599999997], [70.1009987, 22.481024100000003], [70.1010979, 22.481026200000002], [70.1010926, 22.481246599999995]]]}}, {"type": "Feature", "properties": {"layer": "building", "distance_m": 432.3, "source": "Microsoft ML Buildings", "in_industrial_zone": false, "ghsl_2018": 1}, "geometry": {"type": "Polygon", "coordinates": [[[70.1010079, 22.480954500000003], [70.101069, 22.4809489], [70.1010755, 22.481010299999998], [70.1010144, 22.4810159], [70.1010079, 22.480954500000003]]]}}, {"type": "Feature", "properties": {"layer": "building", "distance_m": 421.4, "source": "Microsoft ML Buildings", "in_industrial_zone": false, "ghsl_2018": 1}, "geometry": {"type": "Polygon", "coordinates": [[[70.1011799, 22.481021400000003], [70.1010754, 22.481023500000003], [70.1010743, 22.4809789], [70.1011789, 22.480976800000004], [70.1011799, 22.481021400000003]]]}}, {"type": "Feature", "properties": {"layer": "building", "distance_m": 414.4, "source": "Microsoft ML Buildings", "in_industrial_zone": false, "ghsl_2018": 1}, "geometry": {"type": "Polygon", "coordinates": [[[70.1010857, 22.48093520000001], [70.1010052, 22.4809347], [70.1010075, 22.48062240000001], [70.1012327, 22.480623800000004], [70.1012322, 22.48070059999999], [70.1011877, 22.4807004], [70.1011869, 22.480799500000003], [70.1011108, 22.480799], [70.10111109999998, 22.480761800000003], [70.1010869, 22.480761700000002], [70.1010857, 22.48093520000001]]]}}, {"type": "Feature", "properties": {"layer": "building", "distance_m": 420.6, "source": "Microsoft ML Buildings", "in_industrial_zone": false, "ghsl_2018": 1}, "geometry": {"type": "Polygon", "coordinates": [[[70.1011831, 22.480236399999995], [70.10118529999998, 22.4803082], [70.1010138, 22.48031270000001], [70.1010091, 22.480159200000003], [70.1010948, 22.480156899999997], [70.1010973, 22.4802386], [70.1011831, 22.480236399999995]]]}}, {"type": "Feature", "properties": {"layer": "building", "distance_m": 426.8, "source": "Microsoft ML Buildings", "in_industrial_zone": false, "ghsl_2018": 1}, "geometry": {"type": "Polygon", "coordinates": [[[70.1011126, 22.480557000000005], [70.101008, 22.480555900000002], [70.1010103, 22.480365100000004], [70.1011149, 22.480366100000005], [70.1011126, 22.480557000000005]]]}}, {"type": "Feature", "properties": {"layer": "building", "distance_m": 427.7, "source": "Microsoft ML Buildings", "in_industrial_zone": false, "ghsl_2018": 1}, "geometry": {"type": "Polygon", "coordinates": [[[70.1010053, 22.4803158], [70.101115, 22.4803206], [70.1011129, 22.480362700000004], [70.1010032, 22.4803579], [70.1010053, 22.4803158]]]}}, {"type": "Feature", "properties": {"layer": "building", "distance_m": 431.6, "source": "Microsoft ML Buildings", "in_industrial_zone": false, "ghsl_2018": 1}, "geometry": {"type": "Polygon", "coordinates": [[[70.1011094, 22.4798115], [70.1010079, 22.479805500000005], [70.10101270000001, 22.479736399999997], [70.1011142, 22.479742400000003], [70.1011094, 22.4798115]]]}}, {"type": "Feature", "properties": {"layer": "building", "distance_m": 432.0, "source": "Microsoft ML Buildings", "in_industrial_zone": false, "ghsl_2018": 1}, "geometry": {"type": "Polygon", "coordinates": [[[70.1011027, 22.479873300000005], [70.1010155, 22.479877300000002], [70.1010122, 22.479815500000008], [70.1010994, 22.479811500000004], [70.1011027, 22.479873300000005]]]}}, {"type": "Feature", "properties": {"layer": "building", "distance_m": 434.0, "source": "Microsoft ML Buildings", "in_industrial_zone": false, "ghsl_2018": 1}, "geometry": {"type": "Polygon", "coordinates": [[[70.10100929999999, 22.4801554], [70.1010056, 22.480107100000005], [70.1010616, 22.480103500000002], [70.1010653, 22.4801518], [70.10100929999999, 22.4801554]]]}}, {"type": "Feature", "properties": {"layer": "building", "distance_m": 430.8, "source": "Google Open Buildings", "in_industrial_zone": false, "ghsl_2018": 1}, "geometry": {"type": "Polygon", "coordinates": [[[70.1010563, 22.480051200000002], [70.1010998, 22.480051800000002], [70.10109910000001, 22.4801016], [70.1010556, 22.480101], [70.1010563, 22.480051200000002]]]}}, {"type": "Feature", "properties": {"layer": "building", "distance_m": 430.9, "source": "Microsoft ML Buildings", "in_industrial_zone": false, "ghsl_2018": 1}, "geometry": {"type": "Polygon", "coordinates": [[[70.101003, 22.4800389], [70.1010083, 22.479880400000003], [70.10110740000002, 22.4798832], [70.1011022, 22.480041700000005], [70.101003, 22.4800389]]]}}, {"type": "Feature", "properties": {"layer": "building", "distance_m": 430.7, "source": "Microsoft ML Buildings", "in_industrial_zone": false, "ghsl_2018": 1}, "geometry": {"type": "Polygon", "coordinates": [[[70.1010975, 22.480152500000003], [70.101067, 22.480151500000005], [70.1010688, 22.4801044], [70.1010994, 22.48010540000001], [70.1010975, 22.480152500000003]]]}}, {"type": "Feature", "properties": {"layer": "building", "distance_m": 426.7, "source": "Google Open Buildings", "in_industrial_zone": false, "ghsl_2018": 1}, "geometry": {"type": "Polygon", "coordinates": [[[70.1010355, 22.4793737], [70.1011834, 22.479377500000002], [70.1011814, 22.479444900000004], [70.1010335, 22.479441099999995], [70.1010355, 22.4793737]]]}}, {"type": "Feature", "properties": {"layer": "building", "distance_m": 434.0, "source": "Google Open Buildings", "in_industrial_zone": false, "ghsl_2018": 1}, "geometry": {"type": "Polygon", "coordinates": [[[70.1010614, 22.4795103], [70.101103, 22.47951100000001], [70.1011017, 22.4795756], [70.1010601, 22.479574900000006], [70.1010614, 22.4795103]]]}}, {"type": "Feature", "properties": {"layer": "building", "distance_m": 429.8, "source": "Microsoft ML Buildings", "in_industrial_zone": false, "ghsl_2018": 1}, "geometry": {"type": "Polygon", "coordinates": [[[70.10117120000001, 22.4791897], [70.1010854, 22.4791878], [70.1010824, 22.479301800000005], [70.10101810000002, 22.479300300000002], [70.1010221, 22.479146700000005], [70.1011722, 22.47915010000001], [70.10117120000001, 22.4791897]]]}}, {"type": "Feature", "properties": {"layer": "building", "distance_m": 429.3, "source": "Microsoft ML Buildings", "in_industrial_zone": false, "ghsl_2018": 1}, "geometry": {"type": "Polygon", "coordinates": [[[70.1011281, 22.479001600000004], [70.1011264, 22.479057500000003], [70.1011853, 22.479059100000004], [70.10118309999999, 22.479130900000005], [70.10102499999999, 22.479126700000002], [70.10102780000001, 22.479037600000005], [70.10108139999998, 22.479039000000004], [70.1010825, 22.4790004], [70.1011281, 22.479001600000004]]]}}, {"type": "Feature", "properties": {"layer": "building", "distance_m": 430.4, "source": "Microsoft ML Buildings", "in_industrial_zone": false, "ghsl_2018": 1}, "geometry": {"type": "Polygon", "coordinates": [[[70.10119160000002, 22.478999600000005], [70.1010203, 22.4789926], [70.1010232, 22.47893180000001], [70.1011945, 22.4789388], [70.10119160000002, 22.478999600000005]]]}}, {"type": "Feature", "properties": {"layer": "building", "distance_m": 440.8, "source": "Microsoft ML Buildings", "in_industrial_zone": false, "ghsl_2018": 1}, "geometry": {"type": "Polygon", "coordinates": [[[70.1010631, 22.4789461], [70.1010241, 22.478945100000004], [70.1010258, 22.478893100000008], [70.1011035, 22.478895200000004], [70.10110269999998, 22.47892], [70.101064, 22.478918900000004], [70.1010631, 22.4789461]]]}}, {"type": "Feature", "properties": {"layer": "building", "distance_m": 453.5, "source": "Microsoft ML Buildings", "in_industrial_zone": false, "ghsl_2018": 1}, "geometry": {"type": "Polygon", "coordinates": [[[70.1009117, 22.4795706], [70.1008191, 22.479574000000003], [70.1008175, 22.47953439999999], [70.10091000000001, 22.479531100000003], [70.1009117, 22.4795706]]]}}, {"type": "Feature", "properties": {"layer": "building", "distance_m": 454.1, "source": "Microsoft ML Buildings", "in_industrial_zone": false, "ghsl_2018": 1}, "geometry": {"type": "Polygon", "coordinates": [[[70.1008004, 22.479418699999997], [70.100914, 22.4794228], [70.10090979999998, 22.479521800000008], [70.10079620000002, 22.4795176], [70.1008004, 22.479418699999997]]]}}, {"type": "Feature", "properties": {"layer": "building", "distance_m": 456.6, "source": "Microsoft ML Buildings", "in_industrial_zone": false, "ghsl_2018": 1}, "geometry": {"type": "Polygon", "coordinates": [[[70.10082050000001, 22.4791997], [70.1008176, 22.479099600000005], [70.10090610000002, 22.4790974], [70.1009089, 22.479197500000005], [70.10082050000001, 22.4791997]]]}}, {"type": "Feature", "properties": {"layer": "building", "distance_m": 456.0, "source": "Google Open Buildings", "in_industrial_zone": false, "ghsl_2018": 1}, "geometry": {"type": "Polygon", "coordinates": [[[70.1007837, 22.478966300000003], [70.100804, 22.4789668], [70.1008045, 22.4789466], [70.10094190000001, 22.478949800000002], [70.10094070000001, 22.478994200000006], [70.10078300000002, 22.478990500000002], [70.1007837, 22.478966300000003]]]}}, {"type": "Feature", "properties": {"layer": "building", "distance_m": 462.2, "source": "Microsoft ML Buildings", "in_industrial_zone": false, "ghsl_2018": 1}, "geometry": {"type": "Polygon", "coordinates": [[[70.10072370000002, 22.478927600000002], [70.1007404, 22.478621100000005], [70.10090630000002, 22.478628800000003], [70.10088960000002, 22.4789353], [70.10072370000002, 22.478927600000002]]]}}, {"type": "Feature", "properties": {"layer": "building", "distance_m": 458.6, "source": "Microsoft ML Buildings", "in_industrial_zone": false, "ghsl_2018": 1}, "geometry": {"type": "Polygon", "coordinates": [[[70.1008204, 22.479091500000006], [70.1008224, 22.4790569], [70.1007811, 22.479054900000005], [70.10078409999998, 22.4790005], [70.1009057, 22.4790064], [70.10090070000001, 22.479095300000004], [70.1008204, 22.479091500000006]]]}}, {"type": "Feature", "properties": {"layer": "building", "distance_m": 473.4, "source": "Google Open Buildings", "in_industrial_zone": false, "ghsl_2018": 1}, "geometry": {"type": "Polygon", "coordinates": [[[70.1006858, 22.478943900000004], [70.1007694, 22.478945800000012], [70.1007677, 22.479006000000002], [70.10068420000002, 22.479004100000008], [70.1006858, 22.478943900000004]]]}}, {"type": "Feature", "properties": {"layer": "building", "distance_m": 466.5, "source": "Microsoft ML Buildings", "in_industrial_zone": false, "ghsl_2018": 1}, "geometry": {"type": "Polygon", "coordinates": [[[70.1007338, 22.479198800000002], [70.10073760000002, 22.479061100000006], [70.10081530000001, 22.479063000000004], [70.10081149999999, 22.479200600000002], [70.1007338, 22.479198800000002]]]}}, {"type": "Feature", "properties": {"layer": "building", "distance_m": 465.8, "source": "Microsoft ML Buildings", "in_industrial_zone": false, "ghsl_2018": 1}, "geometry": {"type": "Polygon", "coordinates": [[[70.1007246, 22.47941670000001], [70.1007943, 22.479414999999996], [70.10079680000001, 22.4795067], [70.1007566, 22.4795076], [70.1007581, 22.479564600000003], [70.10070990000001, 22.479565699999995], [70.1007089, 22.479531], [70.10072770000001, 22.479530600000007], [70.1007246, 22.47941670000001]]]}}, {"type": "Feature", "properties": {"layer": "building", "distance_m": 473.5, "source": "Microsoft ML Buildings", "in_industrial_zone": false, "ghsl_2018": 1}, "geometry": {"type": "Polygon", "coordinates": [[[70.10072020000001, 22.4795299], [70.10065740000002, 22.479531], [70.1006555, 22.479439300000003], [70.10071829999998, 22.479438200000004], [70.10072020000001, 22.4795299]]]}}, {"type": "Feature", "properties": {"layer": "building", "distance_m": 457.2, "source": "Microsoft ML Buildings", "in_industrial_zone": false, "ghsl_2018": 1}, "geometry": {"type": "Polygon", "coordinates": [[[70.1007403, 22.4799425], [70.1008502, 22.4799458], [70.10084790000002, 22.4800102], [70.100738, 22.480006900000003], [70.1007403, 22.4799425]]]}}, {"type": "Feature", "properties": {"layer": "building", "distance_m": 459.9, "source": "Microsoft ML Buildings", "in_industrial_zone": false, "ghsl_2018": 1}, "geometry": {"type": "Polygon", "coordinates": [[[70.1008305, 22.47988120000001], [70.10073020000002, 22.479883200000003], [70.10072870000002, 22.479818800000007], [70.10082900000002, 22.479816800000002], [70.1008305, 22.47988120000001]]]}}, {"type": "Feature", "properties": {"layer": "building", "distance_m": 463.7, "source": "Microsoft ML Buildings", "in_industrial_zone": false, "ghsl_2018": 1}, "geometry": {"type": "Polygon", "coordinates": [[[70.1007338, 22.4796576], [70.1008034, 22.479660000000003], [70.1007976, 22.479806000000004], [70.1007279, 22.479803600000007], [70.1007338, 22.4796576]]]}}, {"type": "Feature", "properties": {"layer": "building", "distance_m": 452.3, "source": "Microsoft ML Buildings", "in_industrial_zone": false, "ghsl_2018": 1}, "geometry": {"type": "Polygon", "coordinates": [[[70.1008086, 22.4797702], [70.1008068, 22.4796438], [70.10090600000001, 22.4796426], [70.10090850000002, 22.47981110000001], [70.1008066, 22.4798124], [70.100806, 22.4797702], [70.1008086, 22.4797702]]]}}, {"type": "Feature", "properties": {"layer": "building", "distance_m": 452.0, "source": "Microsoft ML Buildings", "in_industrial_zone": false, "ghsl_2018": 1}, "geometry": {"type": "Polygon", "coordinates": [[[70.1008599, 22.479893400000005], [70.1009028, 22.4798934], [70.10090280000001, 22.4799465], [70.1008599, 22.479946500000008], [70.1008599, 22.479893400000005]]]}}, {"type": "Feature", "properties": {"layer": "building", "distance_m": 451.0, "source": "Microsoft ML Buildings", "in_industrial_zone": false, "ghsl_2018": 1}, "geometry": {"type": "Polygon", "coordinates": [[[70.10072650000001, 22.48019], [70.1007275, 22.4800824], [70.1008294, 22.480083200000003], [70.1008295, 22.4800768], [70.10090030000002, 22.4800774], [70.1008996, 22.480149300000004], [70.1008594, 22.480148900000003], [70.100859, 22.4801911], [70.10072650000001, 22.48019]]]}}, {"type": "Feature", "properties": {"layer": "building", "distance_m": 450.1, "source": "Microsoft ML Buildings", "in_industrial_zone": false, "ghsl_2018": 1}, "geometry": {"type": "Polygon", "coordinates": [[[70.1008924, 22.4804083], [70.10072650000001, 22.480415800000006], [70.100716, 22.480218000000004], [70.1008819, 22.480210500000002], [70.1008924, 22.4804083]]]}}, {"type": "Feature", "properties": {"layer": "building", "distance_m": 447.8, "source": "Microsoft ML Buildings", "in_industrial_zone": false, "ghsl_2018": 1}, "geometry": {"type": "Polygon", "coordinates": [[[70.1009086, 22.4804916], [70.100909, 22.4805511], [70.1007454, 22.480552], [70.100745, 22.4804925], [70.1009086, 22.4804916]]]}}, {"type": "Feature", "properties": {"layer": "building", "distance_m": 448.8, "source": "Microsoft ML Buildings", "in_industrial_zone": false, "ghsl_2018": 1}, "geometry": {"type": "Polygon", "coordinates": [[[70.1006227, 22.480854500000003], [70.1005368, 22.480854800000003], [70.1005359, 22.4806193], [70.1007237, 22.480618699999997], [70.1007237, 22.480616200000004], [70.100898, 22.4806157], [70.1008986, 22.480776799999997], [70.1007119, 22.4807774], [70.1007121, 22.480826900000004], [70.1006225, 22.4808272], [70.1006227, 22.480854500000003]]]}}, {"type": "Feature", "properties": {"layer": "building", "distance_m": 469.0, "source": "Microsoft ML Buildings", "in_industrial_zone": false, "ghsl_2018": 1}, "geometry": {"type": "Polygon", "coordinates": [[[70.1007028, 22.480549400000005], [70.1005555, 22.4805542], [70.1005499, 22.48040960000001], [70.1006973, 22.48040480000001], [70.1007028, 22.480549400000005]]]}}, {"type": "Feature", "properties": {"layer": "building", "distance_m": 470.6, "source": "Microsoft ML Buildings", "in_industrial_zone": false, "ghsl_2018": 1}, "geometry": {"type": "Polygon", "coordinates": [[[70.1007015, 22.480218500000007], [70.1006962, 22.4803596], [70.1005343, 22.4803544], [70.10053969999998, 22.48021330000001], [70.1007015, 22.480218500000007]]]}}, {"type": "Feature", "properties": {"layer": "building", "distance_m": 485.2, "source": "Microsoft ML Buildings", "in_industrial_zone": false, "ghsl_2018": 1}, "geometry": {"type": "Polygon", "coordinates": [[[70.1005294, 22.479914399999995], [70.1005776, 22.479912500000005], [70.1005793, 22.4799496], [70.10053110000001, 22.479951500000002], [70.1005294, 22.479914399999995]]]}}, {"type": "Feature", "properties": {"layer": "building", "distance_m": 485.3, "source": "Microsoft ML Buildings", "in_industrial_zone": false, "ghsl_2018": 1}, "geometry": {"type": "Polygon", "coordinates": [[[70.1005823, 22.47988820000001], [70.100542, 22.479894300000005], [70.1005367, 22.479864300000003], [70.10057689999998, 22.479858200000002], [70.1005823, 22.47988820000001]]]}}, {"type": "Feature", "properties": {"layer": "building", "distance_m": 472.5, "source": "Microsoft ML Buildings", "in_industrial_zone": false, "ghsl_2018": 1}, "geometry": {"type": "Polygon", "coordinates": [[[70.1007092, 22.4798521], [70.1005349, 22.4798557], [70.1005334, 22.4797938], [70.1005736, 22.479793000000008], [70.10057249999998, 22.4797459], [70.1007065, 22.479743100000004], [70.1007092, 22.4798521]]]}}, {"type": "Feature", "properties": {"layer": "building", "distance_m": 480.6, "source": "Microsoft ML Buildings", "in_industrial_zone": false, "ghsl_2018": 1}, "geometry": {"type": "Polygon", "coordinates": [[[70.100534, 22.4799549], [70.1005838, 22.479956], [70.1005851, 22.479904], [70.1005862, 22.479856900000005], [70.1006249, 22.479857699999997], [70.1006216, 22.479989000000003], [70.10053320000002, 22.4799871], [70.100534, 22.4799549]]]}}, {"type": "Feature", "properties": {"layer": "building", "distance_m": 470.6, "source": "Microsoft ML Buildings", "in_industrial_zone": false, "ghsl_2018": 1}, "geometry": {"type": "Polygon", "coordinates": [[[70.1005428, 22.480043000000002], [70.1007117, 22.480047800000005], [70.1007069, 22.48019], [70.1005729, 22.480186200000006], [70.10057420000001, 22.480147999999996], [70.10053930000001, 22.480147], [70.1005428, 22.480043000000002]]]}}, {"type": "Feature", "properties": {"layer": "building", "distance_m": 471.5, "source": "Microsoft ML Buildings", "in_industrial_zone": false, "ghsl_2018": 1}, "geometry": {"type": "Polygon", "coordinates": [[[70.100639, 22.4799061], [70.1007154, 22.4799101], [70.1007099, 22.479999], [70.10061629999998, 22.4799941], [70.1006189, 22.479952100000002], [70.1006361, 22.479953000000002], [70.100639, 22.4799061]]]}}, {"type": "Feature", "properties": {"layer": "building", "distance_m": 472.3, "source": "Microsoft ML Buildings", "in_industrial_zone": false, "ghsl_2018": 1}, "geometry": {"type": "Polygon", "coordinates": [[[70.10063920000002, 22.479867], [70.1007089, 22.479868100000004], [70.1007082, 22.4799039], [70.1006385, 22.4799027], [70.10063920000002, 22.479867]]]}}, {"type": "Feature", "properties": {"layer": "building", "distance_m": 481.5, "source": "Microsoft ML Buildings", "in_industrial_zone": false, "ghsl_2018": 1}, "geometry": {"type": "Polygon", "coordinates": [[[70.1006401, 22.479566200000004], [70.10055, 22.479567400000008], [70.1005493, 22.4795203], [70.10063930000001, 22.47951910000001], [70.1006401, 22.479566200000004]]]}}, {"type": "Feature", "properties": {"layer": "building", "distance_m": 480.9, "source": "Microsoft ML Buildings", "in_industrial_zone": false, "ghsl_2018": 1}, "geometry": {"type": "Polygon", "coordinates": [[[70.10059390000002, 22.479477700000007], [70.1005403, 22.4794769], [70.10054080000002, 22.479447200000003], [70.1006507, 22.4794488], [70.10064969999999, 22.479508200000005], [70.1005934, 22.479507400000003], [70.10059390000002, 22.479477700000007]]]}}, {"type": "Feature", "properties": {"layer": "building", "distance_m": 475.2, "source": "Microsoft ML Buildings", "in_industrial_zone": false, "ghsl_2018": 1}, "geometry": {"type": "Polygon", "coordinates": [[[70.10063620000001, 22.479152400000004], [70.1006364, 22.479147400000006], [70.1007168, 22.4791491], [70.1007098, 22.4794326], [70.10064009999999, 22.4794311], [70.1006416, 22.479369200000004], [70.10057729999998, 22.4793679], [70.10057869999999, 22.479310900000005], [70.1005331, 22.479309900000008], [70.10053710000001, 22.479150300000008], [70.10063620000001, 22.479152400000004]]]}}, {"type": "Feature", "properties": {"layer": "building", "distance_m": 476.5, "source": "Microsoft ML Buildings", "in_industrial_zone": false, "ghsl_2018": 1}, "geometry": {"type": "Polygon", "coordinates": [[[70.100721, 22.479135800000005], [70.100536, 22.4791333], [70.10053810000001, 22.479003], [70.10072310000001, 22.479005500000007], [70.100721, 22.479135800000005]]]}}, {"type": "Feature", "properties": {"layer": "building", "distance_m": 480.1, "source": "Microsoft ML Buildings", "in_industrial_zone": false, "ghsl_2018": 1}, "geometry": {"type": "Polygon", "coordinates": [[[70.100713, 22.4788777], [70.1007142, 22.4789298], [70.1006311, 22.4789314], [70.100632, 22.4789735], [70.1005489, 22.4789752], [70.1005467, 22.478881000000012], [70.100713, 22.4788777]]]}}, {"type": "Feature", "properties": {"layer": "building", "distance_m": 484.6, "source": "Microsoft ML Buildings", "in_industrial_zone": false, "ghsl_2018": 1}, "geometry": {"type": "Polygon", "coordinates": [[[70.10062790000002, 22.478670500000003], [70.10071090000001, 22.4786672], [70.1007128, 22.478708200000003], [70.1006298, 22.478711500000003], [70.10062790000002, 22.478670500000003]]]}}, {"type": "Feature", "properties": {"layer": "building", "distance_m": 490.6, "source": "Google Open Buildings", "in_industrial_zone": false, "ghsl_2018": 1}, "geometry": {"type": "Polygon", "coordinates": [[[70.1005985, 22.4786161], [70.10066440000001, 22.47861680000001], [70.1006638, 22.478659200000006], [70.10059790000001, 22.478658400000008], [70.1005985, 22.4786161]]]}}, {"type": "Feature", "properties": {"layer": "building", "distance_m": 481.0, "source": "Microsoft ML Buildings", "in_industrial_zone": false, "ghsl_2018": 1}, "geometry": {"type": "Polygon", "coordinates": [[[70.1006323, 22.478705900000005], [70.1006323, 22.478715800000003], [70.10071550000002, 22.478715800000003], [70.1007155, 22.4788719], [70.10066989999999, 22.4788719], [70.1006699, 22.4788199], [70.10054110000002, 22.47881990000001], [70.1005411, 22.4787059], [70.1006323, 22.478705900000005]]]}}, {"type": "Feature", "properties": {"layer": "building", "distance_m": 486.1, "source": "Microsoft ML Buildings", "in_industrial_zone": false, "ghsl_2018": 1}, "geometry": {"type": "Polygon", "coordinates": [[[70.1005386, 22.478877400000005], [70.10053770000002, 22.478827900000002], [70.1006637, 22.4788259], [70.1006646, 22.4788755], [70.1005386, 22.478877400000005]]]}}, {"type": "Feature", "properties": {"layer": "building", "distance_m": 489.0, "source": "Microsoft ML Buildings", "in_industrial_zone": false, "ghsl_2018": 1}, "geometry": {"type": "Polygon", "coordinates": [[[70.10054860000001, 22.478981300000004], [70.1006156, 22.478980200000002], [70.100616, 22.4790025], [70.100549, 22.479003600000002], [70.10054860000001, 22.478981300000004]]]}}, {"type": "Feature", "properties": {"layer": "building", "distance_m": 499.8, "source": "Microsoft ML Buildings", "in_industrial_zone": false, "ghsl_2018": 1}, "geometry": {"type": "Polygon", "coordinates": [[[70.1003013, 22.479506300000008], [70.10045110000002, 22.4794864], [70.10046210000002, 22.4795568], [70.10031230000001, 22.479576700000003], [70.1003013, 22.479506300000008]]]}}, {"type": "Feature", "properties": {"layer": "building", "distance_m": 497.6, "source": "Microsoft ML Buildings", "in_industrial_zone": false, "ghsl_2018": 1}, "geometry": {"type": "Polygon", "coordinates": [[[70.1003651, 22.480008200000004], [70.1003657, 22.48005390000001], [70.1001956, 22.4800557], [70.10019370000002, 22.4799021], [70.1002875, 22.479901100000003], [70.1002864, 22.479809400000008], [70.10029980000002, 22.4798093], [70.1003003, 22.479851400000005], [70.1003057, 22.479851299999996], [70.100307, 22.47995430000001], [70.1003778, 22.479953500000004], [70.1003771, 22.479892699999997], [70.1004537, 22.479891900000002], [70.1004552, 22.4800072], [70.1003651, 22.480008200000004]]]}}, {"type": "Feature", "properties": {"layer": "building", "distance_m": 497.7, "source": "Microsoft ML Buildings", "in_industrial_zone": false, "ghsl_2018": 1}, "geometry": {"type": "Polygon", "coordinates": [[[70.1003849, 22.4798429], [70.10030730000001, 22.479846300000002], [70.1003023, 22.479749800000004], [70.1004548, 22.4797431], [70.1004622, 22.479886500000003], [70.1003873, 22.479889800000006], [70.1003849, 22.4798429]]]}}, {"type": "Feature", "properties": {"layer": "building", "distance_m": 499.0, "source": "Microsoft ML Buildings", "in_industrial_zone": false, "ghsl_2018": 1}, "geometry": {"type": "Polygon", "coordinates": [[[70.100458, 22.479741000000008], [70.10038830000002, 22.479739800000004], [70.10039039999998, 22.479640700000004], [70.1004601, 22.479641900000004], [70.100458, 22.479741000000008]]]}}, {"type": "Feature", "properties": {"layer": "building", "distance_m": 494.9, "source": "Google Open Buildings", "in_industrial_zone": false, "ghsl_2018": 1}, "geometry": {"type": "Polygon", "coordinates": [[[70.1004287, 22.4800172], [70.1004766, 22.480014200000003], [70.1004791, 22.480050000000006], [70.1004312, 22.480052900000004], [70.1004287, 22.4800172]]]}}, {"type": "Feature", "properties": {"layer": "building", "distance_m": 495.6, "source": "Microsoft ML Buildings", "in_industrial_zone": false, "ghsl_2018": 1}, "geometry": {"type": "Polygon", "coordinates": [[[70.10034720000002, 22.480109899999995], [70.1004571, 22.480106400000004], [70.1004613, 22.480217800000002], [70.1003514, 22.480221300000004], [70.10034720000002, 22.480109899999995]]]}}, {"type": "Feature", "properties": {"layer": "building", "distance_m": 494.4, "source": "Microsoft ML Buildings", "in_industrial_zone": false, "ghsl_2018": 1}, "geometry": {"type": "Polygon", "coordinates": [[[70.1003643, 22.480412100000002], [70.1003683, 22.480223800000008], [70.1004648, 22.4802256], [70.1004608, 22.480413899999995], [70.1003643, 22.480412100000002]]]}}, {"type": "Feature", "properties": {"layer": "building", "distance_m": 494.1, "source": "Microsoft ML Buildings", "in_industrial_zone": false, "ghsl_2018": 1}, "geometry": {"type": "Polygon", "coordinates": [[[70.1004607, 22.480490100000008], [70.1004312, 22.4804891], [70.1004297, 22.480526200000003], [70.1003922, 22.4805249], [70.1003911, 22.480552099999997], [70.1003001, 22.4805491], [70.1003012, 22.4805194], [70.1002546, 22.480517799999998], [70.1002577, 22.4804411], [70.1004623, 22.480448000000003], [70.1004607, 22.480490100000008]]]}}, {"type": "Feature", "properties": {"layer": "building", "distance_m": 496.9, "source": "Microsoft ML Buildings", "in_industrial_zone": false, "ghsl_2018": 1}, "geometry": {"type": "Polygon", "coordinates": [[[70.10027450000001, 22.4811261], [70.1002754, 22.481106300000004], [70.1003627, 22.4811095], [70.100362, 22.481126900000007], [70.1004557, 22.4811303], [70.10044520000001, 22.4813728], [70.1001801, 22.48136300000001], [70.1001905, 22.481123], [70.10027450000001, 22.4811261]]]}}, {"type": "Feature", "properties": {"layer": "building", "distance_m": 495.3, "source": "Microsoft ML Buildings", "in_industrial_zone": false, "ghsl_2018": 1}, "geometry": {"type": "Polygon", "coordinates": [[[70.10025, 22.481046200000005], [70.1002477, 22.480946000000003], [70.1004579, 22.4809418], [70.1004588, 22.4809839], [70.1002926, 22.4809872], [70.100294, 22.481045300000005], [70.10025, 22.481046200000005]]]}}, {"type": "Feature", "properties": {"layer": "building", "distance_m": 494.2, "source": "Microsoft ML Buildings", "in_industrial_zone": false, "ghsl_2018": 1}, "geometry": {"type": "Polygon", "coordinates": [[[70.100414, 22.4808906], [70.1004154, 22.480842200000005], [70.1004626, 22.480843300000004], [70.1004599, 22.4809399], [70.10037250000002, 22.4809378], [70.1003738, 22.480889699999995], [70.100414, 22.4808906]]]}}, {"type": "Feature", "properties": {"layer": "building", "distance_m": 479.3, "source": "Microsoft ML Buildings", "in_industrial_zone": false, "ghsl_2018": 1}, "geometry": {"type": "Polygon", "coordinates": [[[70.100541, 22.480906600000004], [70.1005427, 22.4808621], [70.1006086, 22.480864100000005], [70.100607, 22.480908700000004], [70.100541, 22.480906600000004]]]}}, {"type": "Feature", "properties": {"layer": "building", "distance_m": 477.9, "source": "Microsoft ML Buildings", "in_industrial_zone": false, "ghsl_2018": 1}, "geometry": {"type": "Polygon", "coordinates": [[[70.1006208, 22.481051700000002], [70.1005377, 22.481049600000002], [70.1005418, 22.480911999999996], [70.1006249, 22.480914100000003], [70.1006208, 22.481051700000002]]]}}, {"type": "Feature", "properties": {"layer": "building", "distance_m": 468.1, "source": "Microsoft ML Buildings", "in_industrial_zone": false, "ghsl_2018": 1}, "geometry": {"type": "Polygon", "coordinates": [[[70.1006332, 22.480831100000003], [70.1007163, 22.480832100000004], [70.1007149, 22.480923800000003], [70.1006318, 22.480922700000004], [70.1006332, 22.480831100000003]]]}}, {"type": "Feature", "properties": {"layer": "building", "distance_m": 470.1, "source": "Microsoft ML Buildings", "in_industrial_zone": false, "ghsl_2018": 1}, "geometry": {"type": "Polygon", "coordinates": [[[70.10063519999999, 22.4810178], [70.1007076, 22.4810186], [70.1007073, 22.481045800000008], [70.1006349, 22.481045000000005], [70.10063519999999, 22.4810178]]]}}, {"type": "Feature", "properties": {"layer": "building", "distance_m": 473.7, "source": "Microsoft ML Buildings", "in_industrial_zone": false, "ghsl_2018": 1}, "geometry": {"type": "Polygon", "coordinates": [[[70.1005673, 22.481464800000005], [70.10056889999998, 22.481420200000006], [70.1005367, 22.481419300000002], [70.1005403, 22.481316400000004], [70.1006117, 22.481318500000004], [70.10060779999999, 22.481429900000006], [70.100724, 22.481433400000004], [70.1007227, 22.48146940000001], [70.1005673, 22.481464800000005]]]}}, {"type": "Feature", "properties": {"layer": "building", "distance_m": 496.2, "source": "Microsoft ML Buildings", "in_industrial_zone": false, "ghsl_2018": 1}, "geometry": {"type": "Polygon", "coordinates": [[[70.10105509999998, 22.4831311], [70.10105269999998, 22.483009700000004], [70.10111169999999, 22.483008700000003], [70.1011141, 22.483130100000007], [70.10105509999998, 22.4831311]]]}}, {"type": "Feature", "properties": {"layer": "building", "distance_m": 491.9, "source": "Microsoft ML Buildings", "in_industrial_zone": false, "ghsl_2018": 1}, "geometry": {"type": "Polygon", "coordinates": [[[70.10126099999998, 22.4831587], [70.1012555, 22.48324270000001], [70.10114059999998, 22.48323620000001], [70.10114609999998, 22.483152300000008], [70.10126099999998, 22.4831587]]]}}, {"type": "Feature", "properties": {"layer": "building", "distance_m": 482.9, "source": "Microsoft ML Buildings", "in_industrial_zone": false, "ghsl_2018": 1}, "geometry": {"type": "Polygon", "coordinates": [[[70.10127789999999, 22.483032100000006], [70.10127429999999, 22.483111200000003], [70.1011967, 22.483108200000004], [70.1012003, 22.483029100000003], [70.10127789999999, 22.483032100000006]]]}}, {"type": "Feature", "properties": {"layer": "building", "distance_m": 497.2, "source": "Microsoft ML Buildings", "in_industrial_zone": false, "ghsl_2018": 1}, "geometry": {"type": "Polygon", "coordinates": [[[70.1013562, 22.4833711], [70.1013591, 22.483466600000007], [70.1012423, 22.4834697], [70.10123929999999, 22.48337420000001], [70.1013562, 22.4833711]]]}}, {"type": "Feature", "properties": {"layer": "building", "distance_m": 481.4, "source": "Microsoft ML Buildings", "in_industrial_zone": false, "ghsl_2018": 1}, "geometry": {"type": "Polygon", "coordinates": [[[70.10139379999998, 22.4831732], [70.1013899, 22.483257300000002], [70.10126399999999, 22.483252299999997], [70.1012679, 22.483168200000005], [70.10139379999998, 22.4831732]]]}}, {"type": "Feature", "properties": {"layer": "building", "distance_m": 475.3, "source": "Microsoft ML Buildings", "in_industrial_zone": false, "ghsl_2018": 1}, "geometry": {"type": "Polygon", "coordinates": [[[70.10128379999999, 22.48316240000001], [70.10128690000002, 22.483080700000006], [70.101294, 22.483080900000008], [70.1012956, 22.4830378], [70.10136090000002, 22.483040000000003], [70.1013593, 22.4830831], [70.10140109999999, 22.483084500000004], [70.10139789999998, 22.4831662], [70.10128379999999, 22.48316240000001]]]}}, {"type": "Feature", "properties": {"layer": "building", "distance_m": 495.1, "source": "Microsoft ML Buildings", "in_industrial_zone": false, "ghsl_2018": 1}, "geometry": {"type": "Polygon", "coordinates": [[[70.101544, 22.483653900000004], [70.10154689999999, 22.483703300000002], [70.10140249999999, 22.483710600000006], [70.1013971, 22.483619099999995], [70.1015832, 22.48360980000001], [70.1015857, 22.4836518], [70.101544, 22.483653900000004]]]}}, {"type": "Feature", "properties": {"layer": "building", "distance_m": 472.6, "source": "Microsoft ML Buildings", "in_industrial_zone": false, "ghsl_2018": 1}, "geometry": {"type": "Polygon", "coordinates": [[[70.1016011, 22.483369199999995], [70.10153249999999, 22.4833674], [70.1015344, 22.483306500000005], [70.10160299999998, 22.4833083], [70.1016011, 22.483369199999995]]]}}, {"type": "Feature", "properties": {"layer": "building", "distance_m": 491.2, "source": "Microsoft ML Buildings", "in_industrial_zone": false, "ghsl_2018": 1}, "geometry": {"type": "Polygon", "coordinates": [[[70.10154880000002, 22.483515700000005], [70.10154750000001, 22.483605900000004], [70.1014643, 22.4836049], [70.10146569999999, 22.483514600000007], [70.10154880000002, 22.483515700000005]]]}}, {"type": "Feature", "properties": {"layer": "building", "distance_m": 481.4, "source": "Microsoft ML Buildings", "in_industrial_zone": false, "ghsl_2018": 1}, "geometry": {"type": "Polygon", "coordinates": [[[70.10148269999999, 22.483417400000004], [70.1014814, 22.4834669], [70.1014036, 22.48346510000001], [70.10140639999999, 22.483362500000002], [70.10154309999999, 22.4833657], [70.1015417, 22.483418800000006], [70.10148269999999, 22.483417400000004]]]}}, {"type": "Feature", "properties": {"layer": "building", "distance_m": 468.0, "source": "Microsoft ML Buildings", "in_industrial_zone": false, "ghsl_2018": 1}, "geometry": {"type": "Polygon", "coordinates": [[[70.1014828, 22.483184200000004], [70.1015632, 22.483186700000008], [70.10156059999998, 22.4832561], [70.10148029999999, 22.483253500000004], [70.1014828, 22.483184200000004]]]}}, {"type": "Feature", "properties": {"layer": "building", "distance_m": 458.0, "source": "Microsoft ML Buildings", "in_industrial_zone": false, "ghsl_2018": 1}, "geometry": {"type": "Polygon", "coordinates": [[[70.1014593, 22.483054000000006], [70.10158519999999, 22.483058800000006], [70.101583, 22.483105800000004], [70.10145719999998, 22.48310100000001], [70.1014593, 22.483054000000006]]]}}, {"type": "Feature", "properties": {"layer": "building", "distance_m": 451.5, "source": "Microsoft ML Buildings", "in_industrial_zone": false, "ghsl_2018": 1}, "geometry": {"type": "Polygon", "coordinates": [[[70.10167189999999, 22.483128400000005], [70.10159, 22.483125200000007], [70.10159240000002, 22.483072200000002], [70.1016744, 22.483075400000008], [70.10167189999999, 22.483128400000005]]]}}, {"type": "Feature", "properties": {"layer": "building", "distance_m": 457.6, "source": "Microsoft ML Buildings", "in_industrial_zone": false, "ghsl_2018": 1}, "geometry": {"type": "Polygon", "coordinates": [[[70.1016427, 22.483166900000008], [70.10158270000001, 22.4831609], [70.1015866, 22.483127600000003], [70.10164659999998, 22.483133600000006], [70.1016427, 22.483166900000008]]]}}, {"type": "Feature", "properties": {"layer": "building", "distance_m": 473.2, "source": "Microsoft ML Buildings", "in_industrial_zone": false, "ghsl_2018": 1}, "geometry": {"type": "Polygon", "coordinates": [[[70.10157739999998, 22.483435200000006], [70.1015479, 22.483435700000012], [70.10154670000001, 22.483376200000006], [70.1016513, 22.4833745], [70.10165309999998, 22.483471100000006], [70.1015781, 22.483472400000007], [70.10157739999998, 22.483435200000006]]]}}, {"type": "Feature", "properties": {"layer": "building", "distance_m": 477.1, "source": "Microsoft ML Buildings", "in_industrial_zone": false, "ghsl_2018": 1}, "geometry": {"type": "Polygon", "coordinates": [[[70.1017318, 22.483521799999995], [70.10173039999998, 22.483608500000006], [70.10158019999999, 22.483606500000008], [70.10158159999999, 22.483519699999995], [70.1017318, 22.483521799999995]]]}}, {"type": "Feature", "properties": {"layer": "building", "distance_m": 463.7, "source": "Microsoft ML Buildings", "in_industrial_zone": false, "ghsl_2018": 1}, "geometry": {"type": "Polygon", "coordinates": [[[70.10165859999998, 22.483374200000007], [70.1016248, 22.483374799999993], [70.10162359999998, 22.483317799999995], [70.10171909999998, 22.4833162], [70.10171999999999, 22.483363300000008], [70.1017388, 22.483363000000008], [70.1017404, 22.483442200000002], [70.10165989999999, 22.4834436], [70.10165859999998, 22.483374200000007]]]}}, {"type": "Feature", "properties": {"layer": "building", "distance_m": 453.7, "source": "Microsoft ML Buildings", "in_industrial_zone": false, "ghsl_2018": 1}, "geometry": {"type": "Polygon", "coordinates": [[[70.10173139999999, 22.483181800000004], [70.1017139, 22.483233800000008], [70.1016322, 22.4832104], [70.1016496, 22.483158400000008], [70.10173139999999, 22.483181800000004]]]}}, {"type": "Feature", "properties": {"layer": "building", "distance_m": 460.8, "source": "Microsoft ML Buildings", "in_industrial_zone": false, "ghsl_2018": 1}, "geometry": {"type": "Polygon", "coordinates": [[[70.10171679999999, 22.483304200000006], [70.10158539999999, 22.4833025], [70.10158589999999, 22.483270200000003], [70.10171730000002, 22.483272000000003], [70.10171679999999, 22.483304200000006]]]}}, {"type": "Feature", "properties": {"layer": "building", "distance_m": 453.2, "source": "Microsoft ML Buildings", "in_industrial_zone": false, "ghsl_2018": 1}, "geometry": {"type": "Polygon", "coordinates": [[[70.10175499999998, 22.483204800000006], [70.1017587, 22.483264100000003], [70.10172129999998, 22.4832661], [70.1017175, 22.483206800000005], [70.10175499999998, 22.483204800000006]]]}}, {"type": "Feature", "properties": {"layer": "building", "distance_m": 444.0, "source": "Microsoft ML Buildings", "in_industrial_zone": false, "ghsl_2018": 1}, "geometry": {"type": "Polygon", "coordinates": [[[70.1017621, 22.483173300000008], [70.1017251, 22.483169000000004], [70.1017368, 22.483083600000004], [70.1017738, 22.483087899999997], [70.1017621, 22.483173300000008]]]}}, {"type": "Feature", "properties": {"layer": "building", "distance_m": 493.8, "source": "Microsoft ML Buildings", "in_industrial_zone": false, "ghsl_2018": 1}, "geometry": {"type": "Polygon", "coordinates": [[[70.10175279999999, 22.483847600000004], [70.10170200000002, 22.483844499999996], [70.10170729999999, 22.48377290000001], [70.101758, 22.483776100000004], [70.10175279999999, 22.483847600000004]]]}}, {"type": "Feature", "properties": {"layer": "building", "distance_m": 497.7, "source": "Google Open Buildings", "in_industrial_zone": false, "ghsl_2018": 1}, "geometry": {"type": "Polygon", "coordinates": [[[70.10175640000001, 22.483858100000003], [70.10179399999998, 22.483861900000004], [70.1017894, 22.4839007], [70.1017518, 22.4838968], [70.10175640000001, 22.483858100000003]]]}}, {"type": "Feature", "properties": {"layer": "building", "distance_m": 498.4, "source": "Microsoft ML Buildings", "in_industrial_zone": false, "ghsl_2018": 1}, "geometry": {"type": "Polygon", "coordinates": [[[70.10158989999998, 22.4839378], [70.10159669999999, 22.483764500000003], [70.10168939999998, 22.483767700000005], [70.1016861, 22.483850400000005], [70.101737, 22.4838521], [70.10173539999998, 22.483891700000004], [70.1016738, 22.483889600000005], [70.1016718, 22.483940600000004], [70.10158989999998, 22.4839378]]]}}, {"type": "Feature", "properties": {"layer": "building", "distance_m": 462.3, "source": "Microsoft ML Buildings", "in_industrial_zone": false, "ghsl_2018": 1}, "geometry": {"type": "Polygon", "coordinates": [[[70.10196129999999, 22.483561100000003], [70.10195989999998, 22.4836008], [70.1019208, 22.483599499999997], [70.10192219999999, 22.483559900000003], [70.10196129999999, 22.483561100000003]]]}}, {"type": "Feature", "properties": {"layer": "building", "distance_m": 476.0, "source": "Microsoft ML Buildings", "in_industrial_zone": false, "ghsl_2018": 1}, "geometry": {"type": "Polygon", "coordinates": [[[70.10188179999999, 22.483663400000008], [70.1018784, 22.483712799999992], [70.10191309999999, 22.48371480000001], [70.1019113, 22.483741900000005], [70.1017601, 22.483733100000002], [70.1017653, 22.4836566], [70.10188179999999, 22.483663400000008]]]}}, {"type": "Feature", "properties": {"layer": "building", "distance_m": 474.4, "source": "Microsoft ML Buildings", "in_industrial_zone": false, "ghsl_2018": 1}, "geometry": {"type": "Polygon", "coordinates": [[[70.10184779999999, 22.48364180000001], [70.1017783, 22.483638699999997], [70.10177999999999, 22.4836065], [70.10184949999999, 22.4836097], [70.10184779999999, 22.48364180000001]]]}}, {"type": "Feature", "properties": {"layer": "building", "distance_m": 465.8, "source": "Microsoft ML Buildings", "in_industrial_zone": false, "ghsl_2018": 1}, "geometry": {"type": "Polygon", "coordinates": [[[70.10191709999998, 22.483563500000006], [70.10191709999998, 22.483598200000007], [70.10184470000002, 22.4835982], [70.10184470000002, 22.483563500000002], [70.10191709999998, 22.483563500000006]]]}}, {"type": "Feature", "properties": {"layer": "building", "distance_m": 461.0, "source": "Microsoft ML Buildings", "in_industrial_zone": false, "ghsl_2018": 1}, "geometry": {"type": "Polygon", "coordinates": [[[70.1019285, 22.48351020000001], [70.10192739999998, 22.483554800000007], [70.10181479999999, 22.483552300000007], [70.10181589999999, 22.483507700000008], [70.1019285, 22.48351020000001]]]}}, {"type": "Feature", "properties": {"layer": "building", "distance_m": 425.0, "source": "Microsoft ML Buildings", "in_industrial_zone": false, "ghsl_2018": 1}, "geometry": {"type": "Polygon", "coordinates": [[[70.10183040000001, 22.483289400000007], [70.10185149999998, 22.48302660000001], [70.1019598, 22.483034000000004], [70.1019388, 22.4832968], [70.10183040000001, 22.483289400000007]]]}}, {"type": "Feature", "properties": {"layer": "building", "distance_m": 435.6, "source": "Microsoft ML Buildings", "in_industrial_zone": false, "ghsl_2018": 1}, "geometry": {"type": "Polygon", "coordinates": [[[70.10194929999999, 22.483302], [70.1019624, 22.483232200000007], [70.1020025, 22.483238699999998], [70.10198929999999, 22.483308500000007], [70.10194929999999, 22.483302]]]}}, {"type": "Feature", "properties": {"layer": "building", "distance_m": 430.9, "source": "Microsoft ML Buildings", "in_industrial_zone": false, "ghsl_2018": 1}, "geometry": {"type": "Polygon", "coordinates": [[[70.10214799999999, 22.4833686], [70.10214209999998, 22.483415000000004], [70.10181399999999, 22.483379400000004], [70.10182460000001, 22.483296300000003], [70.1020002, 22.4833154], [70.102008, 22.483254300000002], [70.10208370000001, 22.4832625], [70.1020713, 22.483360300000005], [70.10214799999999, 22.4833686]]]}}, {"type": "Feature", "properties": {"layer": "building", "distance_m": 426.9, "source": "Microsoft ML Buildings", "in_industrial_zone": false, "ghsl_2018": 1}, "geometry": {"type": "Polygon", "coordinates": [[[70.10196319999999, 22.483221000000007], [70.10196889999999, 22.483178000000002], [70.1020683, 22.483189300000006], [70.10206259999998, 22.483232200000003], [70.10196319999999, 22.483221000000007]]]}}, {"type": "Feature", "properties": {"layer": "building", "distance_m": 415.7, "source": "Microsoft ML Buildings", "in_industrial_zone": false, "ghsl_2018": 1}, "geometry": {"type": "Polygon", "coordinates": [[[70.10206179999999, 22.483063999999995], [70.10208319999998, 22.483064800000008], [70.1020799, 22.483145500000006], [70.10197279999998, 22.483141700000008], [70.10197789999998, 22.483017900000007], [70.10206359999998, 22.483021000000004], [70.10206179999999, 22.483063999999995]]]}}, {"type": "Feature", "properties": {"layer": "building", "distance_m": 402.7, "source": "Microsoft ML Buildings", "in_industrial_zone": false, "ghsl_2018": 1}, "geometry": {"type": "Polygon", "coordinates": [[[70.10216789999998, 22.4832445], [70.1021711, 22.483095900000002], [70.10229279999999, 22.483098099999992], [70.10228959999999, 22.4832467], [70.10216789999998, 22.4832445]]]}}, {"type": "Feature", "properties": {"layer": "building", "distance_m": 427.5, "source": "Google Open Buildings", "in_industrial_zone": false, "ghsl_2018": 1}, "geometry": {"type": "Polygon", "coordinates": [[[70.1021543, 22.483385500000004], [70.10225539999999, 22.4833929], [70.10225119999998, 22.483442600000007], [70.10215009999999, 22.483435200000006], [70.1021543, 22.483385500000004]]]}}, {"type": "Feature", "properties": {"layer": "building", "distance_m": 174.0, "source": "Microsoft ML Buildings", "in_industrial_zone": false, "ghsl_2018": 1}, "geometry": {"type": "Polygon", "coordinates": [[[70.10351709999999, 22.481337100000008], [70.10348499999999, 22.481338200000007], [70.1034814, 22.4812441], [70.10366459999999, 22.481238100000006], [70.1036689, 22.481352000000005], [70.1035179, 22.4813569], [70.10351709999999, 22.481337100000008]]]}}, {"type": "Feature", "properties": {"layer": "building", "distance_m": 133.6, "source": "Microsoft ML Buildings", "in_industrial_zone": false, "ghsl_2018": 1}, "geometry": {"type": "Polygon", "coordinates": [[[70.1037497, 22.4807742], [70.103753, 22.480667800000003], [70.103962, 22.480673300000007], [70.1039553, 22.480888800000006], [70.10375799999998, 22.480883500000004], [70.1037569, 22.480919100000005], [70.1036781, 22.4809169], [70.1036827, 22.480772400000006], [70.1037497, 22.4807742]]]}}, {"type": "Feature", "properties": {"layer": "building", "distance_m": 187.3, "source": "Microsoft ML Buildings", "in_industrial_zone": false, "ghsl_2018": 1}, "geometry": {"type": "Polygon", "coordinates": [[[70.10379300000001, 22.478571600000006], [70.1038036, 22.478538200000003], [70.1038667, 22.47855540000001], [70.1038561, 22.4785888], [70.10379300000001, 22.478571600000006]]]}}, {"type": "Feature", "properties": {"layer": "building", "distance_m": 193.6, "source": "Google Open Buildings", "in_industrial_zone": false, "ghsl_2018": 1}, "geometry": {"type": "Polygon", "coordinates": [[[70.1037146, 22.4786038], [70.1037485, 22.478610900000003], [70.1037403, 22.478644800000005], [70.1037064, 22.478637700000004], [70.1037146, 22.4786038]]]}}, {"type": "Feature", "properties": {"layer": "building", "distance_m": 175.9, "source": "Microsoft ML Buildings", "in_industrial_zone": false, "ghsl_2018": 1}, "geometry": {"type": "Polygon", "coordinates": [[[70.1034723, 22.4806496], [70.10355, 22.480647200000003], [70.10355399999999, 22.4807586], [70.1034763, 22.480761000000008], [70.1034723, 22.4806496]]]}}, {"type": "Feature", "properties": {"layer": "building", "distance_m": 210.8, "source": "Microsoft ML Buildings", "in_industrial_zone": false, "ghsl_2018": 1}, "geometry": {"type": "Polygon", "coordinates": [[[70.1031194, 22.4802053], [70.1031162, 22.4800939], [70.1032314, 22.48009100000001], [70.10323460000001, 22.480202500000008], [70.1031194, 22.4802053]]]}}, {"type": "Feature", "properties": {"layer": "building", "distance_m": 207.7, "source": "Microsoft ML Buildings", "in_industrial_zone": false, "ghsl_2018": 1}, "geometry": {"type": "Polygon", "coordinates": [[[70.1032082, 22.479663700000003], [70.1032924, 22.479665100000002], [70.10328949999999, 22.479805399999996], [70.10320530000001, 22.479804], [70.1032082, 22.479663700000003]]]}}, {"type": "Feature", "properties": {"layer": "building", "distance_m": 203.4, "source": "Microsoft ML Buildings", "in_industrial_zone": false, "ghsl_2018": 1}, "geometry": {"type": "Polygon", "coordinates": [[[70.1033797, 22.479177600000007], [70.1033826, 22.479249300000003], [70.10325140000002, 22.479253900000007], [70.1032485, 22.4791822], [70.1033797, 22.479177600000007]]]}}, {"type": "Feature", "properties": {"layer": "building", "distance_m": 228.0, "source": "Microsoft ML Buildings", "in_industrial_zone": false, "ghsl_2018": 1}, "geometry": {"type": "Polygon", "coordinates": [[[70.1031192, 22.4787408], [70.10324510000001, 22.478745000000004], [70.1032393, 22.478894399999998], [70.1031134, 22.478890200000002], [70.1031192, 22.4787408]]]}}, {"type": "Feature", "properties": {"layer": "building", "distance_m": 199.5, "source": "Microsoft ML Buildings", "in_industrial_zone": false, "ghsl_2018": 1}, "geometry": {"type": "Polygon", "coordinates": [[[70.103392, 22.479327400000003], [70.1033853, 22.479562600000005], [70.10299400000001, 22.479553200000012], [70.1030005, 22.479322900000007], [70.1031613, 22.4793268], [70.1031578, 22.479450600000003], [70.1032302, 22.479452300000002], [70.1032338, 22.479323500000003], [70.103392, 22.479327400000003]]]}}, {"type": "Feature", "properties": {"layer": "building", "distance_m": 219.8, "source": "Microsoft ML Buildings", "in_industrial_zone": false, "ghsl_2018": 1}, "geometry": {"type": "Polygon", "coordinates": [[[70.10308929999997, 22.4791439], [70.10323509999999, 22.479149200000002], [70.10323340000001, 22.479187200000002], [70.10308760000001, 22.47918190000001], [70.10308929999997, 22.4791439]]]}}, {"type": "Feature", "properties": {"layer": "building", "distance_m": 209.2, "source": "Microsoft ML Buildings", "in_industrial_zone": false, "ghsl_2018": 1}, "geometry": {"type": "Polygon", "coordinates": [[[70.1031208, 22.480427000000002], [70.1030849, 22.4804265], [70.1030872, 22.48026550000001], [70.1032331, 22.4802673], [70.1032292, 22.480534900000002], [70.10311930000002, 22.480533500000007], [70.1031208, 22.480427000000002]]]}}, {"type": "Feature", "properties": {"layer": "building", "distance_m": 213.3, "source": "Microsoft ML Buildings", "in_industrial_zone": false, "ghsl_2018": 1}, "geometry": {"type": "Polygon", "coordinates": [[[70.1031746, 22.4809231], [70.1031182, 22.480922800000005], [70.1031205, 22.4805412], [70.1031876, 22.480541500000008], [70.10318589999999, 22.48081160000001], [70.10317519999998, 22.480811600000003], [70.1031746, 22.4809231]]]}}, {"type": "Feature", "properties": {"layer": "building", "distance_m": 220.4, "source": "Microsoft ML Buildings", "in_industrial_zone": false, "ghsl_2018": 1}, "geometry": {"type": "Polygon", "coordinates": [[[70.1031135, 22.48081240000001], [70.1030814, 22.4808107], [70.1030878, 22.480707000000002], [70.1031199, 22.4807086], [70.1031135, 22.48081240000001]]]}}, {"type": "Feature", "properties": {"layer": "building", "distance_m": 231.3, "source": "Microsoft ML Buildings", "in_industrial_zone": false, "ghsl_2018": 1}, "geometry": {"type": "Polygon", "coordinates": [[[70.1029269, 22.48069], [70.1030127, 22.480691500000002], [70.1030091, 22.480865], [70.1029233, 22.480863400000004], [70.1029269, 22.48069]]]}}, {"type": "Feature", "properties": {"layer": "building", "distance_m": 194.3, "source": "Microsoft ML Buildings", "in_industrial_zone": false, "ghsl_2018": 1}, "geometry": {"type": "Polygon", "coordinates": [[[70.1033949, 22.4810381], [70.1032448, 22.481042600000002], [70.1032419, 22.4809594], [70.10339189999999, 22.480954799999996], [70.1033949, 22.4810381]]]}}, {"type": "Feature", "properties": {"layer": "building", "distance_m": 199.5, "source": "Microsoft ML Buildings", "in_industrial_zone": false, "ghsl_2018": 1}, "geometry": {"type": "Polygon", "coordinates": [[[70.1032812, 22.4812922], [70.1032841, 22.4812253], [70.1032279, 22.48122320000001], [70.10323039999999, 22.48116720000001], [70.1033857, 22.481173100000003], [70.1033803, 22.481295900000003], [70.1032812, 22.4812922]]]}}, {"type": "Feature", "properties": {"layer": "building", "distance_m": 269.4, "source": "Microsoft ML Buildings", "in_industrial_zone": false, "ghsl_2018": 1}, "geometry": {"type": "Polygon", "coordinates": [[[70.1026462, 22.4807822], [70.102642, 22.480823000000004], [70.10258349999998, 22.4808179], [70.1025877, 22.480777100000008], [70.1026462, 22.4807822]]]}}, {"type": "Feature", "properties": {"layer": "building", "distance_m": 269.3, "source": "Google Open Buildings", "in_industrial_zone": false, "ghsl_2018": 1}, "geometry": {"type": "Polygon", "coordinates": [[[70.1026398, 22.4811094], [70.10268, 22.481110800000003], [70.1026782, 22.4811556], [70.102638, 22.4811541], [70.1026398, 22.4811094]]]}}, {"type": "Feature", "properties": {"layer": "building", "distance_m": 270.9, "source": "Google Open Buildings", "in_industrial_zone": false, "ghsl_2018": 1}, "geometry": {"type": "Polygon", "coordinates": [[[70.1026372, 22.481205900000003], [70.102683, 22.481207600000005], [70.10268110000001, 22.481252100000003], [70.1026354, 22.481250500000005], [70.1026372, 22.481205900000003]]]}}, {"type": "Feature", "properties": {"layer": "building", "distance_m": 271.2, "source": "Microsoft ML Buildings", "in_industrial_zone": false, "ghsl_2018": 1}, "geometry": {"type": "Polygon", "coordinates": [[[70.10253799999998, 22.481098000000003], [70.1024415, 22.4810967], [70.1024439, 22.480942100000004], [70.1026397, 22.4809447], [70.10263469999997, 22.4812579], [70.10253549999999, 22.4812566], [70.10253799999998, 22.481098000000003]]]}}, {"type": "Feature", "properties": {"layer": "building", "distance_m": 284.5, "source": "Google Open Buildings", "in_industrial_zone": false, "ghsl_2018": 1}, "geometry": {"type": "Polygon", "coordinates": [[[70.1025411, 22.481338900000008], [70.1025793, 22.481341], [70.1025764, 22.4813874], [70.1025382, 22.481385300000003], [70.1025411, 22.481338900000008]]]}}, {"type": "Feature", "properties": {"layer": "building", "distance_m": 356.2, "source": "Google Open Buildings", "in_industrial_zone": false, "ghsl_2018": 1}, "geometry": {"type": "Polygon", "coordinates": [[[70.102357, 22.482556700000004], [70.1024178, 22.482560900000003], [70.102414, 22.482608800000005], [70.10235319999998, 22.482604700000007], [70.102357, 22.482556700000004]]]}}, {"type": "Feature", "properties": {"layer": "building", "distance_m": 316.1, "source": "Google Open Buildings", "in_industrial_zone": false, "ghsl_2018": 1}, "geometry": {"type": "Polygon", "coordinates": [[[70.1024447, 22.482006700000007], [70.1025206, 22.4820144], [70.10251289999998, 22.482079800000008], [70.10243699999998, 22.482072100000003], [70.1024447, 22.482006700000007]]]}}, {"type": "Feature", "properties": {"layer": "building", "distance_m": 333.7, "source": "Google Open Buildings", "in_industrial_zone": false, "ghsl_2018": 1}, "geometry": {"type": "Polygon", "coordinates": [[[70.1023194, 22.4822275], [70.1024579, 22.482241600000002], [70.10245209999998, 22.482291100000005], [70.1023136, 22.482277000000007], [70.1023194, 22.4822275]]]}}, {"type": "Feature", "properties": {"layer": "building", "distance_m": 335.1, "source": "Google Open Buildings", "in_industrial_zone": false, "ghsl_2018": 1}, "geometry": {"type": "Polygon", "coordinates": [[[70.10234579999998, 22.4822953], [70.1024859, 22.4823095], [70.10247869999999, 22.482370300000003], [70.10233859999998, 22.482356100000008], [70.10234579999998, 22.4822953]]]}}, {"type": "Feature", "properties": {"layer": "building", "distance_m": 332.2, "source": "Google Open Buildings", "in_industrial_zone": false, "ghsl_2018": 1}, "geometry": {"type": "Polygon", "coordinates": [[[70.10228229999998, 22.482056300000007], [70.10237279999998, 22.482065500000004], [70.1023682, 22.4821049], [70.10227769999999, 22.482095700000002], [70.10228229999998, 22.482056300000007]]]}}, {"type": "Feature", "properties": {"layer": "building", "distance_m": 355.6, "source": "Microsoft ML Buildings", "in_industrial_zone": false, "ghsl_2018": 1}, "geometry": {"type": "Polygon", "coordinates": [[[70.1022402, 22.4827], [70.10225489999999, 22.482633400000008], [70.10223689999998, 22.48263000000001], [70.1022643, 22.482506300000004], [70.1022283, 22.4824995], [70.1022393, 22.482449500000005], [70.10236029999999, 22.482472400000002], [70.1023198, 22.482655500000003], [70.10233519999998, 22.482658500000003], [70.1023226, 22.482715600000002], [70.1022402, 22.4827]]]}}, {"type": "Feature", "properties": {"layer": "building", "distance_m": 369.8, "source": "Google Open Buildings", "in_industrial_zone": false, "ghsl_2018": 1}, "geometry": {"type": "Polygon", "coordinates": [[[70.10227249999998, 22.4827182], [70.10238139999998, 22.4827257], [70.1023752, 22.482803100000005], [70.1022664, 22.48279570000001], [70.10227249999998, 22.4827182]]]}}, {"type": "Feature", "properties": {"layer": "building", "distance_m": 373.7, "source": "Google Open Buildings", "in_industrial_zone": false, "ghsl_2018": 1}, "geometry": {"type": "Polygon", "coordinates": [[[70.1023072, 22.48279850000001], [70.1023985, 22.482804700000003], [70.10239449999999, 22.482855], [70.10230319999998, 22.48284870000001], [70.1023072, 22.48279850000001]]]}}, {"type": "Feature", "properties": {"layer": "building", "distance_m": 377.5, "source": "Google Open Buildings", "in_industrial_zone": false, "ghsl_2018": 1}, "geometry": {"type": "Polygon", "coordinates": [[[70.102263, 22.4828464], [70.1023943, 22.4828551], [70.1023888, 22.482927799999995], [70.1022732, 22.4829202], [70.1022759, 22.482885500000002], [70.1022601, 22.482884500000004], [70.102263, 22.4828464]]]}}, {"type": "Feature", "properties": {"layer": "building", "distance_m": 382.9, "source": "Google Open Buildings", "in_industrial_zone": false, "ghsl_2018": 1}, "geometry": {"type": "Polygon", "coordinates": [[[70.10222759999999, 22.482881100000004], [70.10227960000002, 22.482884600000006], [70.10227690000002, 22.482918800000004], [70.1023888, 22.482926499999998], [70.10238639999999, 22.48295720000001], [70.1022225, 22.48294590000001], [70.10222759999999, 22.482881100000004]]]}}, {"type": "Feature", "properties": {"layer": "building", "distance_m": 403.3, "source": "Microsoft ML Buildings", "in_industrial_zone": false, "ghsl_2018": 1}, "geometry": {"type": "Polygon", "coordinates": [[[70.10198969999999, 22.482894100000006], [70.1021155, 22.48289900000001], [70.1021133, 22.4829484], [70.10198749999999, 22.4829436], [70.10198969999999, 22.482894100000006]]]}}, {"type": "Feature", "properties": {"layer": "building", "distance_m": 383.3, "source": "Microsoft ML Buildings", "in_industrial_zone": false, "ghsl_2018": 1}, "geometry": {"type": "Polygon", "coordinates": [[[70.10203669999999, 22.482611699999996], [70.1021479, 22.482627000000008], [70.102137, 22.4826949], [70.10202579999999, 22.482679600000004], [70.10203669999999, 22.482611699999996]]]}}, {"type": "Feature", "properties": {"layer": "building", "distance_m": 374.5, "source": "Microsoft ML Buildings", "in_industrial_zone": false, "ghsl_2018": 1}, "geometry": {"type": "Polygon", "coordinates": [[[70.10204479999999, 22.482502500000002], [70.10216800000002, 22.4825076], [70.1021658, 22.4825522], [70.1020427, 22.482547000000004], [70.10204479999999, 22.482502500000002]]]}}, {"type": "Feature", "properties": {"layer": "building", "distance_m": 380.4, "source": "Microsoft ML Buildings", "in_industrial_zone": false, "ghsl_2018": 1}, "geometry": {"type": "Polygon", "coordinates": [[[70.1021453, 22.4825748], [70.1021461, 22.482613500000006], [70.10204419999998, 22.48261530000001], [70.1020434, 22.482576600000005], [70.1021453, 22.4825748]]]}}, {"type": "Feature", "properties": {"layer": "building", "distance_m": 387.5, "source": "Microsoft ML Buildings", "in_industrial_zone": false, "ghsl_2018": 1}, "geometry": {"type": "Polygon", "coordinates": [[[70.10207410000001, 22.48276860000001], [70.1020772, 22.48269190000001], [70.10214679999999, 22.482694200000005], [70.1021438, 22.482771], [70.10207410000001, 22.48276860000001]]]}}, {"type": "Feature", "properties": {"layer": "building", "distance_m": 357.9, "source": "Google Open Buildings", "in_industrial_zone": false, "ghsl_2018": 1}, "geometry": {"type": "Polygon", "coordinates": [[[70.10208359999999, 22.48214940000001], [70.10214279999998, 22.4821554], [70.1021365, 22.4822089], [70.10207729999999, 22.482202900000004], [70.10208359999999, 22.48214940000001]]]}}, {"type": "Feature", "properties": {"layer": "building", "distance_m": 366.7, "source": "Microsoft ML Buildings", "in_industrial_zone": false, "ghsl_2018": 1}, "geometry": {"type": "Polygon", "coordinates": [[[70.10206199999999, 22.482407100000003], [70.10206379999998, 22.482346700000004], [70.102155, 22.482349100000008], [70.10215309999998, 22.4824095], [70.10206199999999, 22.482407100000003]]]}}, {"type": "Feature", "properties": {"layer": "building", "distance_m": 363.1, "source": "Google Open Buildings", "in_industrial_zone": false, "ghsl_2018": 1}, "geometry": {"type": "Polygon", "coordinates": [[[70.1020237, 22.482143299999997], [70.10208359999999, 22.48214940000001], [70.10207729999999, 22.482202900000004], [70.10201739999997, 22.4821968], [70.1020237, 22.482143299999997]]]}}, {"type": "Feature", "properties": {"layer": "building", "distance_m": 342.7, "source": "Google Open Buildings", "in_industrial_zone": false, "ghsl_2018": 1}, "geometry": {"type": "Polygon", "coordinates": [[[70.1019011, 22.481951400000007], [70.10195620000002, 22.481957000000005], [70.1019521, 22.4819916], [70.1021596, 22.482012699999995], [70.1021628, 22.481985700000003], [70.1022237, 22.481991899999997], [70.1022072, 22.482132600000003], [70.10188359999998, 22.4820997], [70.1019011, 22.481951400000007]]]}}, {"type": "Feature", "properties": {"layer": "building", "distance_m": 365.2, "source": "Microsoft ML Buildings", "in_industrial_zone": false, "ghsl_2018": 1}, "geometry": {"type": "Polygon", "coordinates": [[[70.10215719999998, 22.482416000000008], [70.1021603, 22.4823631], [70.1021817, 22.482364200000006], [70.10217860000002, 22.4824171], [70.10215719999998, 22.482416000000008]]]}}, {"type": "Feature", "properties": {"layer": "building", "distance_m": 335.8, "source": "Microsoft ML Buildings", "in_industrial_zone": false, "ghsl_2018": 1}, "geometry": {"type": "Polygon", "coordinates": [[[70.10211639999999, 22.4815291], [70.1021125, 22.48156240000001], [70.1020551, 22.481556600000005], [70.1020591, 22.481523300000003], [70.10211639999999, 22.4815291]]]}}, {"type": "Feature", "properties": {"layer": "building", "distance_m": 327.4, "source": "Google Open Buildings", "in_industrial_zone": false, "ghsl_2018": 1}, "geometry": {"type": "Polygon", "coordinates": [[[70.10207119999998, 22.481325400000003], [70.10214969999998, 22.481329600000002], [70.1021376, 22.4815252], [70.10205909999999, 22.481521000000004], [70.10207119999998, 22.481325400000003]]]}}, {"type": "Feature", "properties": {"layer": "building", "distance_m": 302.2, "source": "Microsoft ML Buildings", "in_industrial_zone": false, "ghsl_2018": 1}, "geometry": {"type": "Polygon", "coordinates": [[[70.1021308, 22.480791399999998], [70.102132, 22.4808037], [70.1023235, 22.4807872], [70.1023343, 22.480894300000003], [70.1020881, 22.480915600000003], [70.102076, 22.4807962], [70.1021308, 22.480791399999998]]]}}, {"type": "Feature", "properties": {"layer": "building", "distance_m": 316.1, "source": "Microsoft ML Buildings", "in_industrial_zone": false, "ghsl_2018": 1}, "geometry": {"type": "Polygon", "coordinates": [[[70.1021356, 22.4812496], [70.1021334, 22.481140600000003], [70.1022245, 22.481139000000006], [70.1022256, 22.481191000000003], [70.1022326, 22.481190900000005], [70.1022338, 22.4812479], [70.1021356, 22.4812496]]]}}, {"type": "Feature", "properties": {"layer": "building", "distance_m": 305.2, "source": "Microsoft ML Buildings", "in_industrial_zone": false, "ghsl_2018": 1}, "geometry": {"type": "Polygon", "coordinates": [[[70.1023366, 22.4811831], [70.10225390000001, 22.48118880000001], [70.1022513, 22.4811568], [70.102334, 22.481151], [70.1023366, 22.4811831]]]}}, {"type": "Feature", "properties": {"layer": "building", "distance_m": 289.7, "source": "Microsoft ML Buildings", "in_industrial_zone": false, "ghsl_2018": 1}, "geometry": {"type": "Polygon", "coordinates": [[[70.1023814, 22.481201000000002], [70.10249499999999, 22.4811976], [70.1024968, 22.4812496], [70.10238329999999, 22.481253000000002], [70.1023814, 22.481201000000002]]]}}, {"type": "Feature", "properties": {"layer": "building", "distance_m": 291.7, "source": "Microsoft ML Buildings", "in_industrial_zone": false, "ghsl_2018": 1}, "geometry": {"type": "Polygon", "coordinates": [[[70.10239190000001, 22.480944000000004], [70.1024401, 22.480942800000008], [70.10244320000001, 22.481054300000004], [70.10239490000001, 22.481055400000002], [70.10239190000001, 22.480944000000004]]]}}, {"type": "Feature", "properties": {"layer": "building", "distance_m": 289.4, "source": "Microsoft ML Buildings", "in_industrial_zone": false, "ghsl_2018": 1}, "geometry": {"type": "Polygon", "coordinates": [[[70.1023912, 22.480924800000007], [70.1023861, 22.4808482], [70.1024556, 22.480844300000008], [70.1024607, 22.480920800000007], [70.1023912, 22.480924800000007]]]}}, {"type": "Feature", "properties": {"layer": "building", "distance_m": 286.1, "source": "Microsoft ML Buildings", "in_industrial_zone": false, "ghsl_2018": 1}, "geometry": {"type": "Polygon", "coordinates": [[[70.1023717, 22.480750000000004], [70.1024827, 22.4807487], [70.10248360000001, 22.480815600000003], [70.1023726, 22.480816900000004], [70.1023717, 22.480750000000004]]]}}, {"type": "Feature", "properties": {"layer": "building", "distance_m": 289.2, "source": "Microsoft ML Buildings", "in_industrial_zone": false, "ghsl_2018": 1}, "geometry": {"type": "Polygon", "coordinates": [[[70.1023729, 22.480663900000003], [70.1023907, 22.4806104], [70.1024495, 22.4806272], [70.1024317, 22.480680600000003], [70.1023729, 22.480663900000003]]]}}, {"type": "Feature", "properties": {"layer": "building", "distance_m": 283.3, "source": "Microsoft ML Buildings", "in_industrial_zone": false, "ghsl_2018": 1}, "geometry": {"type": "Polygon", "coordinates": [[[70.1023996, 22.48019589999999], [70.1025176, 22.480198400000003], [70.1025102, 22.480495700000002], [70.10239220000001, 22.4804931], [70.1023996, 22.48019589999999]]]}}, {"type": "Feature", "properties": {"layer": "building", "distance_m": 285.1, "source": "Microsoft ML Buildings", "in_industrial_zone": false, "ghsl_2018": 1}, "geometry": {"type": "Polygon", "coordinates": [[[70.1025134, 22.480160600000005], [70.1025123, 22.480192800000005], [70.1023864, 22.480188900000005], [70.1023875, 22.4801567], [70.1025134, 22.480160600000005]]]}}, {"type": "Feature", "properties": {"layer": "building", "distance_m": 286.6, "source": "Microsoft ML Buildings", "in_industrial_zone": false, "ghsl_2018": 1}, "geometry": {"type": "Polygon", "coordinates": [[[70.10239220000001, 22.480151700000004], [70.10240260000002, 22.479666099999996], [70.10250980000002, 22.47966810000001], [70.1024995, 22.480153600000012], [70.10239220000001, 22.480151700000004]]]}}, {"type": "Feature", "properties": {"layer": "building", "distance_m": 300.8, "source": "Microsoft ML Buildings", "in_industrial_zone": false, "ghsl_2018": 1}, "geometry": {"type": "Polygon", "coordinates": [[[70.1021632, 22.480494100000005], [70.1021657, 22.480048999999994], [70.1022649, 22.4800495], [70.1022641, 22.480197199999996], [70.1023017, 22.4801974], [70.10230140000002, 22.480239500000003], [70.10228, 22.480239400000002], [70.1022782, 22.48055170000001], [70.1023372, 22.480551900000002], [70.102337, 22.480591600000007], [70.1021509, 22.4805907], [70.1021513, 22.4805198], [70.1022532, 22.480520300000002], [70.1022533, 22.480494500000006], [70.1021632, 22.480494100000005]]]}}, {"type": "Feature", "properties": {"layer": "building", "distance_m": 320.3, "source": "Microsoft ML Buildings", "in_industrial_zone": false, "ghsl_2018": 1}, "geometry": {"type": "Polygon", "coordinates": [[[70.1021471, 22.480652900000006], [70.1021404, 22.4807939], [70.1019503, 22.4807862], [70.101957, 22.480645200000005], [70.1021471, 22.480652900000006]]]}}, {"type": "Feature", "properties": {"layer": "building", "distance_m": 319.7, "source": "Microsoft ML Buildings", "in_industrial_zone": false, "ghsl_2018": 1}, "geometry": {"type": "Polygon", "coordinates": [[[70.1020246, 22.480417799999998], [70.1020227, 22.480048499999995], [70.10213540000001, 22.480048000000004], [70.1021376, 22.480470800000003], [70.1021537, 22.480470800000003], [70.102154, 22.480541099999996], [70.1020317, 22.4805417], [70.1020315, 22.4804996], [70.1019875, 22.4804998], [70.1019871, 22.480418], [70.1020246, 22.480417799999998]]]}}, {"type": "Feature", "properties": {"layer": "building", "distance_m": 324.0, "source": "Microsoft ML Buildings", "in_industrial_zone": false, "ghsl_2018": 1}, "geometry": {"type": "Polygon", "coordinates": [[[70.1021557, 22.479839400000003], [70.1020057, 22.47984490000001], [70.1020021, 22.479760800000005], [70.10215200000002, 22.479755300000008], [70.1021557, 22.479839400000003]]]}}, {"type": "Feature", "properties": {"layer": "building", "distance_m": 308.4, "source": "Microsoft ML Buildings", "in_industrial_zone": false, "ghsl_2018": 1}, "geometry": {"type": "Polygon", "coordinates": [[[70.1021587, 22.479979700000005], [70.1020246, 22.479978699999997], [70.10202530000001, 22.479899400000008], [70.10228810000001, 22.479901400000003], [70.10228570000001, 22.480186400000004], [70.1022696, 22.4801862], [70.1022708, 22.48004500000001], [70.1021582, 22.480044200000002], [70.1021587, 22.479979700000005]]]}}, {"type": "Feature", "properties": {"layer": "building", "distance_m": 310.3, "source": "Microsoft ML Buildings", "in_industrial_zone": false, "ghsl_2018": 1}, "geometry": {"type": "Polygon", "coordinates": [[[70.1022944, 22.479761100000005], [70.10221670000001, 22.479759999999995], [70.1022185, 22.479653400000004], [70.1022963, 22.4796546], [70.1022944, 22.479761100000005]]]}}, {"type": "Feature", "properties": {"layer": "building", "distance_m": 315.4, "source": "Microsoft ML Buildings", "in_industrial_zone": false, "ghsl_2018": 1}, "geometry": {"type": "Polygon", "coordinates": [[[70.10216150000001, 22.479134500000004], [70.10228750000002, 22.4791361], [70.10228629999999, 22.4792164], [70.1021603, 22.4792148], [70.10216150000001, 22.479134500000004]]]}}, {"type": "Feature", "properties": {"layer": "building", "distance_m": 313.3, "source": "Microsoft ML Buildings", "in_industrial_zone": false, "ghsl_2018": 1}, "geometry": {"type": "Polygon", "coordinates": [[[70.10228750000002, 22.479401300000003], [70.10215080000002, 22.47940280000001], [70.1021493, 22.4792848], [70.1022861, 22.479283300000002], [70.10228750000002, 22.479401300000003]]]}}, {"type": "Feature", "properties": {"layer": "building", "distance_m": 317.0, "source": "Microsoft ML Buildings", "in_industrial_zone": false, "ghsl_2018": 1}, "geometry": {"type": "Polygon", "coordinates": [[[70.10229489999999, 22.4790722], [70.1021566, 22.479072499999997], [70.10215610000002, 22.4788852], [70.1021722, 22.478885099999992], [70.10217200000001, 22.47884700000001], [70.10229420000002, 22.478846700000005], [70.10229489999999, 22.4790722]]]}}, {"type": "Feature", "properties": {"layer": "building", "distance_m": 314.1, "source": "Google Open Buildings", "in_industrial_zone": false, "ghsl_2018": 1}, "geometry": {"type": "Polygon", "coordinates": [[[70.1024167, 22.478573900000004], [70.10246210000001, 22.478577500000007], [70.1024586, 22.4786149], [70.10241320000002, 22.4786113], [70.1024167, 22.478573900000004]]]}}, {"type": "Feature", "properties": {"layer": "building", "distance_m": 296.0, "source": "Microsoft ML Buildings", "in_industrial_zone": false, "ghsl_2018": 1}, "geometry": {"type": "Polygon", "coordinates": [[[70.1026644, 22.478491000000005], [70.1026628, 22.478575300000006], [70.1023839, 22.4785707], [70.1023855, 22.4784865], [70.1026644, 22.478491000000005]]]}}, {"type": "Feature", "properties": {"layer": "building", "distance_m": 280.8, "source": "Microsoft ML Buildings", "in_industrial_zone": false, "ghsl_2018": 1}, "geometry": {"type": "Polygon", "coordinates": [[[70.1025246, 22.478791300000008], [70.102664, 22.478790800000006], [70.10266490000001, 22.479023800000007], [70.1025255, 22.479024200000012], [70.1025246, 22.478791300000008]]]}}, {"type": "Feature", "properties": {"layer": "building", "distance_m": 278.8, "source": "Google Open Buildings", "in_industrial_zone": false, "ghsl_2018": 1}, "geometry": {"type": "Polygon", "coordinates": [[[70.1024936, 22.480668500000004], [70.1025513, 22.480704100000008], [70.1025288, 22.48073550000001], [70.1024712, 22.4806999], [70.1024936, 22.480668500000004]]]}}, {"type": "Feature", "properties": {"layer": "building", "distance_m": 274.3, "source": "Google Open Buildings", "in_industrial_zone": false, "ghsl_2018": 1}, "geometry": {"type": "Polygon", "coordinates": [[[70.10255039999998, 22.480707400000004], [70.1025959, 22.4807246], [70.1025806, 22.4807592], [70.1025352, 22.480741999999996], [70.10255039999998, 22.480707400000004]]]}}, {"type": "Feature", "properties": {"layer": "building", "distance_m": 246.9, "source": "Microsoft ML Buildings", "in_industrial_zone": false, "ghsl_2018": 1}, "geometry": {"type": "Polygon", "coordinates": [[[70.1027372, 22.4797929], [70.1028996, 22.479789600000004], [70.1029022, 22.47990110000001], [70.1028685, 22.479901800000004], [70.1028693, 22.479933100000004], [70.10274060000002, 22.479935699999995], [70.1027372, 22.4797929]]]}}, {"type": "Feature", "properties": {"layer": "building", "distance_m": 240.5, "source": "Microsoft ML Buildings", "in_industrial_zone": false, "ghsl_2018": 1}, "geometry": {"type": "Polygon", "coordinates": [[[70.1029236, 22.480687400000004], [70.1029229, 22.480739500000006], [70.1028703, 22.480738900000002], [70.102871, 22.4806868], [70.1029236, 22.480687400000004]]]}}, {"type": "Feature", "properties": {"layer": "building", "distance_m": 231.7, "source": "Microsoft ML Buildings", "in_industrial_zone": false, "ghsl_2018": 1}, "geometry": {"type": "Polygon", "coordinates": [[[70.1028978, 22.480205100000003], [70.1028985, 22.480093600000004], [70.1030112, 22.480094200000003], [70.1030075, 22.480684], [70.1028895, 22.4806834], [70.1028917, 22.480331500000002], [70.1029266, 22.4803316], [70.1029269, 22.480274599999998], [70.1028706, 22.480274300000005], [70.102871, 22.48020500000001], [70.1028978, 22.480205100000003]]]}}, {"type": "Feature", "properties": {"layer": "building", "distance_m": 248.9, "source": "Microsoft ML Buildings", "in_industrial_zone": false, "ghsl_2018": 1}, "geometry": {"type": "Polygon", "coordinates": [[[70.10289139999999, 22.479772000000004], [70.1028593, 22.4797733], [70.1028557, 22.4796932], [70.10288780000002, 22.479691900000006], [70.10289139999999, 22.479772000000004]]]}}, {"type": "Feature", "properties": {"layer": "building", "distance_m": 241.3, "source": "Google Open Buildings", "in_industrial_zone": false, "ghsl_2018": 1}, "geometry": {"type": "Polygon", "coordinates": [[[70.102925, 22.479700200000003], [70.10296360000001, 22.479700100000006], [70.1029638, 22.479790500000004], [70.1029251, 22.479790500000004], [70.102925, 22.479700200000003]]]}}, {"type": "Feature", "properties": {"layer": "building", "distance_m": 262.0, "source": "Microsoft ML Buildings", "in_industrial_zone": false, "ghsl_2018": 1}, "geometry": {"type": "Polygon", "coordinates": [[[70.10275060000001, 22.479230300000008], [70.1027477, 22.479168500000004], [70.1028066, 22.47916610000001], [70.1028095, 22.479228000000003], [70.10275060000001, 22.479230300000008]]]}}, {"type": "Feature", "properties": {"layer": "building", "distance_m": 256.8, "source": "Microsoft ML Buildings", "in_industrial_zone": false, "ghsl_2018": 1}, "geometry": {"type": "Polygon", "coordinates": [[[70.1028878, 22.4790919], [70.10275649999998, 22.4790948], [70.10275229999999, 22.4789338], [70.10288359999998, 22.478930899999998], [70.1028878, 22.4790919]]]}}, {"type": "Feature", "properties": {"layer": "building", "distance_m": 292.4, "source": "Google Open Buildings", "in_industrial_zone": false, "ghsl_2018": 0}, "geometry": {"type": "Polygon", "coordinates": [[[70.1028059, 22.478156500000004], [70.1029069, 22.478155800000003], [70.10290720000002, 22.478200100000002], [70.1028063, 22.478200800000003], [70.1028059, 22.478156500000004]]]}}, {"type": "Feature", "properties": {"layer": "building", "distance_m": 302.2, "source": "Microsoft ML Buildings", "in_industrial_zone": false, "ghsl_2018": 1}, "geometry": {"type": "Polygon", "coordinates": [[[70.10280610000001, 22.478185600000007], [70.1027622, 22.478188300000006], [70.1027592, 22.478147300000003], [70.10280320000001, 22.478144600000007], [70.10280610000001, 22.478185600000007]]]}}, {"type": "Feature", "properties": {"layer": "building", "distance_m": 306.4, "source": "Google Open Buildings", "in_industrial_zone": false, "ghsl_2018": 1}, "geometry": {"type": "Polygon", "coordinates": [[[70.10277629999999, 22.478043800000002], [70.1028387, 22.478043300000007], [70.10283879999999, 22.478065900000004], [70.10277650000002, 22.478066400000003], [70.10277629999999, 22.478043800000002]]]}}, {"type": "Feature", "properties": {"layer": "building", "distance_m": 386.1, "source": "Google Open Buildings", "in_industrial_zone": false, "ghsl_2018": 1}, "geometry": {"type": "Polygon", "coordinates": [[[70.1028627, 22.476835], [70.10290239999999, 22.4768443], [70.1028904, 22.4768882], [70.1028507, 22.476878799999998], [70.1028627, 22.476835]]]}}, {"type": "Feature", "properties": {"layer": "building", "distance_m": 365.1, "source": "Google Open Buildings", "in_industrial_zone": false, "ghsl_2018": 1}, "geometry": {"type": "Polygon", "coordinates": [[[70.102873, 22.477025100000002], [70.1029447, 22.477036200000004], [70.1029306, 22.4771146], [70.1028589, 22.477103400000008], [70.102873, 22.477025100000002]]]}}, {"type": "Feature", "properties": {"layer": "building", "distance_m": 424.8, "source": "Google Open Buildings", "in_industrial_zone": false, "ghsl_2018": 1}, "geometry": {"type": "Polygon", "coordinates": [[[70.1028084, 22.476304600000002], [70.1028791, 22.4763199], [70.10284249999998, 22.476465600000004], [70.1027718, 22.476450300000003], [70.1028084, 22.476304600000002]]]}}, {"type": "Feature", "properties": {"layer": "building", "distance_m": 441.7, "source": "Google Open Buildings", "in_industrial_zone": false, "ghsl_2018": 1}, "geometry": {"type": "Polygon", "coordinates": [[[70.1027795, 22.476260300000007], [70.1028121, 22.476264499999992], [70.1028073, 22.476296600000005], [70.1027748, 22.476292500000007], [70.1027795, 22.476260300000007]]]}}, {"type": "Feature", "properties": {"layer": "building", "distance_m": 378.0, "source": "Microsoft ML Buildings", "in_industrial_zone": false, "ghsl_2018": 1}, "geometry": {"type": "Polygon", "coordinates": [[[70.1027317, 22.477112500000008], [70.1027273, 22.477143200000008], [70.1026825, 22.4771378], [70.1026868, 22.477107100000005], [70.1027317, 22.477112500000008]]]}}, {"type": "Feature", "properties": {"layer": "building", "distance_m": 438.4, "source": "Microsoft ML Buildings", "in_industrial_zone": false, "ghsl_2018": 1}, "geometry": {"type": "Polygon", "coordinates": [[[70.10274709999999, 22.476293499999997], [70.10273959999999, 22.476384700000004], [70.1026116, 22.476375700000006], [70.10261899999999, 22.476284600000003], [70.10274709999999, 22.476293499999997]]]}}, {"type": "Feature", "properties": {"layer": "building", "distance_m": 414.0, "source": "Microsoft ML Buildings", "in_industrial_zone": false, "ghsl_2018": 1}, "geometry": {"type": "Polygon", "coordinates": [[[70.102522, 22.476801000000012], [70.1025256, 22.476713400000005], [70.1025966, 22.476715900000006], [70.102593, 22.476803500000003], [70.102522, 22.476801000000012]]]}}, {"type": "Feature", "properties": {"layer": "building", "distance_m": 433.2, "source": "Microsoft ML Buildings", "in_industrial_zone": false, "ghsl_2018": 1}, "geometry": {"type": "Polygon", "coordinates": [[[70.10260649999998, 22.476516399999998], [70.10260440000002, 22.476554500000006], [70.1025602, 22.476552400000003], [70.1025623, 22.476514400000003], [70.10260649999998, 22.476516399999998]]]}}, {"type": "Feature", "properties": {"layer": "building", "distance_m": 434.8, "source": "Microsoft ML Buildings", "in_industrial_zone": false, "ghsl_2018": 1}, "geometry": {"type": "Polygon", "coordinates": [[[70.1026491, 22.4764978], [70.10252199999998, 22.476492400000005], [70.10252489999999, 22.476435499999997], [70.10265199999999, 22.4764409], [70.1026491, 22.4764978]]]}}, {"type": "Feature", "properties": {"layer": "building", "distance_m": 449.3, "source": "Microsoft ML Buildings", "in_industrial_zone": false, "ghsl_2018": 1}, "geometry": {"type": "Polygon", "coordinates": [[[70.1025107, 22.476347700000005], [70.1025406, 22.47625420000001], [70.10262319999998, 22.476276700000003], [70.1025933, 22.476370200000005], [70.1025107, 22.476347700000005]]]}}, {"type": "Feature", "properties": {"layer": "building", "distance_m": 435.9, "source": "Microsoft ML Buildings", "in_industrial_zone": false, "ghsl_2018": 1}, "geometry": {"type": "Polygon", "coordinates": [[[70.1024905, 22.476559400000006], [70.10250339999999, 22.476494700000003], [70.1025618, 22.4765046], [70.10254899999998, 22.476569300000005], [70.1024905, 22.476559400000006]]]}}, {"type": "Feature", "properties": {"layer": "building", "distance_m": 425.9, "source": "Microsoft ML Buildings", "in_industrial_zone": false, "ghsl_2018": 1}, "geometry": {"type": "Polygon", "coordinates": [[[70.1025385, 22.47666110000001], [70.1025364, 22.476704600000005], [70.1024869, 22.476702600000003], [70.10248899999999, 22.476659], [70.1025385, 22.47666110000001]]]}}, {"type": "Feature", "properties": {"layer": "building", "distance_m": 394.7, "source": "Microsoft ML Buildings", "in_industrial_zone": false, "ghsl_2018": 1}, "geometry": {"type": "Polygon", "coordinates": [[[70.1025091, 22.476952199999996], [70.1024823, 22.476952500000014], [70.1024814, 22.476865699999994], [70.1025257, 22.476865400000005], [70.10252529999998, 22.4768257], [70.1025857, 22.476825200000004], [70.10258769999999, 22.477040799999997], [70.10258099999999, 22.4770409], [70.1025813, 22.477068100000004], [70.1025102, 22.4770687], [70.1025091, 22.476952199999996]]]}}, {"type": "Feature", "properties": {"layer": "building", "distance_m": 389.4, "source": "Microsoft ML Buildings", "in_industrial_zone": false, "ghsl_2018": 1}, "geometry": {"type": "Polygon", "coordinates": [[[70.1025731, 22.477148600000003], [70.10250079999999, 22.477145900000004], [70.1025033, 22.477089], [70.1025756, 22.477091700000006], [70.1025731, 22.477148600000003]]]}}, {"type": "Feature", "properties": {"layer": "building", "distance_m": 369.6, "source": "Microsoft ML Buildings", "in_industrial_zone": false, "ghsl_2018": 1}, "geometry": {"type": "Polygon", "coordinates": [[[70.1024345, 22.477328600000003], [70.10245039999998, 22.4773302], [70.1024693, 22.477163499999993], [70.10257009999998, 22.4771732], [70.1025354, 22.477479700000007], [70.1024531, 22.47747170000001], [70.1024581, 22.477427599999995], [70.10242359999998, 22.477424199999998], [70.1024345, 22.477328600000003]]]}}, {"type": "Feature", "properties": {"layer": "building", "distance_m": 317.3, "source": "Microsoft ML Buildings", "in_industrial_zone": false, "ghsl_2018": 1}, "geometry": {"type": "Polygon", "coordinates": [[[70.1024927, 22.478323700000008], [70.102491, 22.4782832], [70.10255790000001, 22.478280700000006], [70.1025596, 22.4783213], [70.1024927, 22.478323700000008]]]}}, {"type": "Feature", "properties": {"layer": "building", "distance_m": 353.9, "source": "Microsoft ML Buildings", "in_industrial_zone": false, "ghsl_2018": 1}, "geometry": {"type": "Polygon", "coordinates": [[[70.1024049, 22.477684600000014], [70.1024024, 22.4776252], [70.1024894, 22.477622], [70.1024915, 22.477671500000003], [70.10249819999999, 22.477671299999997], [70.1025021, 22.477762800000015], [70.1023735, 22.4777675], [70.1023701, 22.477685799999993], [70.1024049, 22.477684600000014]]]}}, {"type": "Feature", "properties": {"layer": "building", "distance_m": 361.5, "source": "Microsoft ML Buildings", "in_industrial_zone": false, "ghsl_2018": 1}, "geometry": {"type": "Polygon", "coordinates": [[[70.1024278, 22.477483300000006], [70.1025295, 22.477488000000005], [70.10252240000001, 22.477619900000004], [70.1024207, 22.477615300000004], [70.1024278, 22.477483300000006]]]}}, {"type": "Feature", "properties": {"layer": "building", "distance_m": 376.5, "source": "Microsoft ML Buildings", "in_industrial_zone": false, "ghsl_2018": 1}, "geometry": {"type": "Polygon", "coordinates": [[[70.102403, 22.477377300000004], [70.10239500000002, 22.477552000000003], [70.1022799, 22.4775475], [70.1022878, 22.477372800000005], [70.102403, 22.477377300000004]]]}}, {"type": "Feature", "properties": {"layer": "building", "distance_m": 371.9, "source": "Microsoft ML Buildings", "in_industrial_zone": false, "ghsl_2018": 1}, "geometry": {"type": "Polygon", "coordinates": [[[70.1023861, 22.477555300000006], [70.1023833, 22.477637000000005], [70.1022734, 22.477633800000003], [70.1022762, 22.477552099999997], [70.1023861, 22.477555300000006]]]}}, {"type": "Feature", "properties": {"layer": "building", "distance_m": 334.8, "source": "Google Open Buildings", "in_industrial_zone": false, "ghsl_2018": 1}, "geometry": {"type": "Polygon", "coordinates": [[[70.10234949999999, 22.478254900000003], [70.1023932, 22.478254599999996], [70.10239340000001, 22.47827670000001], [70.1023497, 22.478277000000002], [70.10234949999999, 22.478254900000003]]]}}, {"type": "Feature", "properties": {"layer": "building", "distance_m": 400.8, "source": "Google Open Buildings", "in_industrial_zone": false, "ghsl_2018": 1}, "geometry": {"type": "Polygon", "coordinates": [[[70.1020853, 22.477542000000007], [70.1020876, 22.477575400000003], [70.1020359, 22.477578500000003], [70.10203359999998, 22.477545099999997], [70.1020853, 22.477542000000007]]]}}, {"type": "Feature", "properties": {"layer": "building", "distance_m": 401.9, "source": "Google Open Buildings", "in_industrial_zone": false, "ghsl_2018": 1}, "geometry": {"type": "Polygon", "coordinates": [[[70.1021562, 22.4773617], [70.1021789, 22.4774379], [70.1020853, 22.477461900000012], [70.10206259999998, 22.477385699999996], [70.1021562, 22.4773617]]]}}, {"type": "Feature", "properties": {"layer": "building", "distance_m": 398.9, "source": "Google Open Buildings", "in_industrial_zone": false, "ghsl_2018": 1}, "geometry": {"type": "Polygon", "coordinates": [[[70.1021839, 22.477440900000005], [70.1021919, 22.4774668], [70.102101, 22.477491000000004], [70.102093, 22.477465000000006], [70.1021839, 22.477440900000005]]]}}, {"type": "Feature", "properties": {"layer": "building", "distance_m": 434.2, "source": "Microsoft ML Buildings", "in_industrial_zone": false, "ghsl_2018": 1}, "geometry": {"type": "Polygon", "coordinates": [[[70.10225309999998, 22.476874600000002], [70.1020552, 22.476856400000003], [70.1020589, 22.4768221], [70.1022568, 22.476840299999992], [70.10225309999998, 22.476874600000002]]]}}, {"type": "Feature", "properties": {"layer": "building", "distance_m": 458.6, "source": "Microsoft ML Buildings", "in_industrial_zone": false, "ghsl_2018": 1}, "geometry": {"type": "Polygon", "coordinates": [[[70.102142, 22.476588300000003], [70.1021268, 22.4766752], [70.102051, 22.47666389999999], [70.10206619999998, 22.476576999999995], [70.102142, 22.476588300000003]]]}}, {"type": "Feature", "properties": {"layer": "building", "distance_m": 458.2, "source": "Microsoft ML Buildings", "in_industrial_zone": false, "ghsl_2018": 1}, "geometry": {"type": "Polygon", "coordinates": [[[70.10203729999999, 22.476690799999997], [70.102047, 22.47666300000001], [70.1021089, 22.47668150000001], [70.1020992, 22.47670930000001], [70.10203729999999, 22.476690799999997]]]}}, {"type": "Feature", "properties": {"layer": "building", "distance_m": 480.2, "source": "Microsoft ML Buildings", "in_industrial_zone": false, "ghsl_2018": 1}, "geometry": {"type": "Polygon", "coordinates": [[[70.10203239999998, 22.476384499999998], [70.10204489999998, 22.4763273], [70.10212989999998, 22.4763433], [70.10211739999998, 22.4764004], [70.10203239999998, 22.476384499999998]]]}}, {"type": "Feature", "properties": {"layer": "building", "distance_m": 473.6, "source": "Microsoft ML Buildings", "in_industrial_zone": false, "ghsl_2018": 1}, "geometry": {"type": "Polygon", "coordinates": [[[70.10229129999999, 22.476326999999998], [70.10221529999998, 22.4762971], [70.1022424, 22.476238300000006], [70.10231829999998, 22.4762683], [70.10229129999999, 22.476326999999998]]]}}, {"type": "Feature", "properties": {"layer": "building", "distance_m": 388.8, "source": "Microsoft ML Buildings", "in_industrial_zone": false, "ghsl_2018": 1}, "geometry": {"type": "Polygon", "coordinates": [[[70.10230810000002, 22.477364500000007], [70.10231049999999, 22.4773225], [70.10239340000001, 22.47732660000001], [70.102391, 22.4773686], [70.10230810000002, 22.477364500000007]]]}}, {"type": "Feature", "properties": {"layer": "building", "distance_m": 395.2, "source": "Microsoft ML Buildings", "in_industrial_zone": false, "ghsl_2018": 1}, "geometry": {"type": "Polygon", "coordinates": [[[70.10237579999999, 22.477291700000002], [70.1023142, 22.477290400000008], [70.1023159, 22.477221000000007], [70.10237759999998, 22.477222400000002], [70.10237579999999, 22.477291700000002]]]}}, {"type": "Feature", "properties": {"layer": "building", "distance_m": 411.1, "source": "Microsoft ML Buildings", "in_industrial_zone": false, "ghsl_2018": 1}, "geometry": {"type": "Polygon", "coordinates": [[[70.10247300000002, 22.476958100000004], [70.10243129999999, 22.476948600000007], [70.1024423, 22.476907500000006], [70.10248399999999, 22.476917000000007], [70.10247300000002, 22.476958100000004]]]}}, {"type": "Feature", "properties": {"layer": "building", "distance_m": 439.6, "source": "Microsoft ML Buildings", "in_industrial_zone": false, "ghsl_2018": 1}, "geometry": {"type": "Polygon", "coordinates": [[[70.10249929999999, 22.476465499999996], [70.10247819999998, 22.4765853], [70.10238679999999, 22.4765716], [70.1023983, 22.476506400000012], [70.1024204, 22.4765097], [70.10242999999998, 22.4764551], [70.10249929999999, 22.476465499999996]]]}}, {"type": "Feature", "properties": {"layer": "building", "distance_m": 489.5, "source": "Microsoft ML Buildings", "in_industrial_zone": false, "ghsl_2018": 1}, "geometry": {"type": "Polygon", "coordinates": [[[70.1024424, 22.475937299999995], [70.1024223, 22.476029300000004], [70.102327, 22.476011400000004], [70.10234709999999, 22.475919500000003], [70.1024424, 22.475937299999995]]]}}, {"type": "Feature", "properties": {"layer": "building", "distance_m": 487.9, "source": "Microsoft ML Buildings", "in_industrial_zone": false, "ghsl_2018": 1}, "geometry": {"type": "Polygon", "coordinates": [[[70.10228059999999, 22.476160900000004], [70.10221699999998, 22.4761425], [70.10223529999999, 22.476088299999997], [70.10229889999998, 22.4761067], [70.10228059999999, 22.476160900000004]]]}}, {"type": "Feature", "properties": {"layer": "building", "distance_m": 494.0, "source": "Microsoft ML Buildings", "in_industrial_zone": false, "ghsl_2018": 1}, "geometry": {"type": "Polygon", "coordinates": [[[70.1023038, 22.4760285], [70.1022826, 22.476086200000008], [70.1022176, 22.476065900000005], [70.1022389, 22.476008100000005], [70.1023038, 22.4760285]]]}}, {"type": "Feature", "properties": {"layer": "building", "distance_m": 485.9, "source": "Microsoft ML Buildings", "in_industrial_zone": false, "ghsl_2018": 1}, "geometry": {"type": "Polygon", "coordinates": [[[70.1022348, 22.476224100000007], [70.10214959999999, 22.476208499999995], [70.1021634, 22.476144100000003], [70.10224859999998, 22.476159700000007], [70.1022348, 22.476224100000007]]]}}, {"type": "Feature", "properties": {"layer": "building", "distance_m": 484.7, "source": "Microsoft ML Buildings", "in_industrial_zone": false, "ghsl_2018": 1}, "geometry": {"type": "Polygon", "coordinates": [[[70.10268840000002, 22.47589440000001], [70.10257499999999, 22.475863299999997], [70.10260049999998, 22.475783600000003], [70.10271399999999, 22.475814600000007], [70.10268840000002, 22.47589440000001]]]}}, {"type": "Feature", "properties": {"layer": "building", "distance_m": 466.4, "source": "Microsoft ML Buildings", "in_industrial_zone": false, "ghsl_2018": 1}, "geometry": {"type": "Polygon", "coordinates": [[[70.10264919999999, 22.476128400000004], [70.10255799999999, 22.4760978], [70.102577, 22.476049600000003], [70.1026681, 22.476080300000003], [70.10264919999999, 22.476128400000004]]]}}, {"type": "Feature", "properties": {"layer": "building", "distance_m": 449.7, "source": "Microsoft ML Buildings", "in_industrial_zone": false, "ghsl_2018": 1}, "geometry": {"type": "Polygon", "coordinates": [[[70.10269520000001, 22.476286600000005], [70.1025922, 22.476250300000004], [70.10263509999999, 22.4761464], [70.1027381, 22.4761828], [70.10269520000001, 22.476286600000005]]]}}, {"type": "Feature", "properties": {"layer": "building", "distance_m": 491.4, "source": "Microsoft ML Buildings", "in_industrial_zone": false, "ghsl_2018": 1}, "geometry": {"type": "Polygon", "coordinates": [[[70.10261049999998, 22.475782000000002], [70.10263439999999, 22.475700300000007], [70.10273299999999, 22.475725000000004], [70.1027091, 22.4758067], [70.10261049999998, 22.475782000000002]]]}}, {"type": "Feature", "properties": {"layer": "building", "distance_m": 497.1, "source": "Microsoft ML Buildings", "in_industrial_zone": false, "ghsl_2018": 1}, "geometry": {"type": "Polygon", "coordinates": [[[70.1028865, 22.475637600000002], [70.10277769999999, 22.475627300000003], [70.10278160000001, 22.475591400000003], [70.1027165, 22.4755853], [70.10272279999998, 22.475527900000007], [70.10289679999998, 22.4755444], [70.1028865, 22.475637600000002]]]}}, {"type": "Feature", "properties": {"layer": "building", "distance_m": 490.7, "source": "Microsoft ML Buildings", "in_industrial_zone": false, "ghsl_2018": 1}, "geometry": {"type": "Polygon", "coordinates": [[[70.1028511, 22.4757263], [70.10278059999999, 22.4757098], [70.10280199999998, 22.4756315], [70.10287259999998, 22.475648000000003], [70.1028511, 22.4757263]]]}}, {"type": "Feature", "properties": {"layer": "building", "distance_m": 497.4, "source": "Microsoft ML Buildings", "in_industrial_zone": false, "ghsl_2018": 1}, "geometry": {"type": "Polygon", "coordinates": [[[70.10266479999999, 22.475675200000005], [70.10267659999998, 22.475620300000006], [70.10279269999998, 22.475641699999997], [70.10278089999998, 22.475696499999994], [70.10266479999999, 22.475675200000005]]]}}, {"type": "Feature", "properties": {"layer": "building", "distance_m": 475.7, "source": "Google Open Buildings", "in_industrial_zone": false, "ghsl_2018": 1}, "geometry": {"type": "Polygon", "coordinates": [[[70.10273569999998, 22.47588830000001], [70.10279019999999, 22.4758938], [70.10278579999999, 22.4759308], [70.1027314, 22.475925300000004], [70.10273569999998, 22.47588830000001]]]}}, {"type": "Feature", "properties": {"layer": "building", "distance_m": 459.3, "source": "Google Open Buildings", "in_industrial_zone": false, "ghsl_2018": 1}, "geometry": {"type": "Polygon", "coordinates": [[[70.10276079999998, 22.4759667], [70.10284629999998, 22.475989], [70.1028151, 22.476092100000006], [70.1027297, 22.4760698], [70.10276079999998, 22.4759667]]]}}, {"type": "Feature", "properties": {"layer": "building", "distance_m": 447.2, "source": "Google Open Buildings", "in_industrial_zone": false, "ghsl_2018": 1}, "geometry": {"type": "Polygon", "coordinates": [[[70.1027752, 22.4761634], [70.1028061, 22.476166699999997], [70.10279689999999, 22.476240900000004], [70.102766, 22.476237600000008], [70.1027752, 22.4761634]]]}}, {"type": "Feature", "properties": {"layer": "building", "distance_m": 477.5, "source": "Microsoft ML Buildings", "in_industrial_zone": false, "ghsl_2018": 1}, "geometry": {"type": "Polygon", "coordinates": [[[70.1027418, 22.4758598], [70.10274729999999, 22.4757858], [70.1028033, 22.475789400000004], [70.1028081, 22.475725200000003], [70.10286419999998, 22.475728800000006], [70.1028539, 22.475866899999996], [70.1027418, 22.4758598]]]}}, {"type": "Feature", "properties": {"layer": "building", "distance_m": 399.8, "source": "Microsoft ML Buildings", "in_industrial_zone": false, "ghsl_2018": 1}, "geometry": {"type": "Polygon", "coordinates": [[[70.1030945, 22.476447200000003], [70.1031017, 22.476395000000004], [70.10319539999999, 22.4764061], [70.1031811, 22.47650940000001], [70.1031442, 22.47650510000001], [70.1031512, 22.4764538], [70.1030945, 22.476447200000003]]]}}, {"type": "Feature", "properties": {"layer": "building", "distance_m": 279.3, "source": "Microsoft ML Buildings", "in_industrial_zone": false, "ghsl_2018": 1}, "geometry": {"type": "Polygon", "coordinates": [[[70.102949, 22.4782656], [70.1029459, 22.4782013], [70.1030128, 22.4781984], [70.103016, 22.4782627], [70.102949, 22.4782656]]]}}, {"type": "Feature", "properties": {"layer": "building", "distance_m": 253.9, "source": "Microsoft ML Buildings", "in_industrial_zone": false, "ghsl_2018": 1}, "geometry": {"type": "Polygon", "coordinates": [[[70.1031757, 22.4784063], [70.10317500000001, 22.47846330000001], [70.1030945, 22.478462500000006], [70.1030952, 22.47840550000001], [70.1031757, 22.4784063]]]}}, {"type": "Feature", "properties": {"layer": "building", "distance_m": 248.2, "source": "Google Open Buildings", "in_industrial_zone": false, "ghsl_2018": 1}, "geometry": {"type": "Polygon", "coordinates": [[[70.1032038, 22.4784161], [70.1032354, 22.478416400000004], [70.1032348, 22.478470500000004], [70.1032032, 22.478470100000003], [70.1032038, 22.4784161]]]}}, {"type": "Feature", "properties": {"layer": "building", "distance_m": 233.9, "source": "Microsoft ML Buildings", "in_industrial_zone": false, "ghsl_2018": 1}, "geometry": {"type": "Polygon", "coordinates": [[[70.1033979, 22.478431000000004], [70.1033955, 22.4784715], [70.1032377, 22.4784636], [70.10324010000001, 22.478423200000005], [70.1033979, 22.478431000000004]]]}}, {"type": "Feature", "properties": {"layer": "building", "distance_m": 396.9, "source": "Google Open Buildings", "in_industrial_zone": false, "ghsl_2018": 1}, "geometry": {"type": "Polygon", "coordinates": [[[70.10320309999999, 22.476456500000005], [70.1032397, 22.476458800000007], [70.1032362, 22.4765061], [70.1031997, 22.4765038], [70.10320309999999, 22.476456500000005]]]}}, {"type": "Feature", "properties": {"layer": "building", "distance_m": 356.3, "source": "Microsoft ML Buildings", "in_industrial_zone": false, "ghsl_2018": 1}, "geometry": {"type": "Polygon", "coordinates": [[[70.10356440000001, 22.4767042], [70.1035684, 22.47664], [70.1036299, 22.476643300000003], [70.10362590000001, 22.476707500000007], [70.10356440000001, 22.4767042]]]}}, {"type": "Feature", "properties": {"layer": "building", "distance_m": 364.6, "source": "Microsoft ML Buildings", "in_industrial_zone": false, "ghsl_2018": 1}, "geometry": {"type": "Polygon", "coordinates": [[[70.1036302, 22.476617599999997], [70.1034965, 22.476611100000007], [70.1035004, 22.476541000000008], [70.1036342, 22.4765475], [70.1036302, 22.476617599999997]]]}}, {"type": "Feature", "properties": {"layer": "building", "distance_m": 319.3, "source": "Microsoft ML Buildings", "in_industrial_zone": false, "ghsl_2018": 1}, "geometry": {"type": "Polygon", "coordinates": [[[70.1034642, 22.477163900000004], [70.1034735, 22.476953600000012], [70.1035498, 22.476956500000007], [70.1035405, 22.477166800000006], [70.1034642, 22.477163900000004]]]}}, {"type": "Feature", "properties": {"layer": "building", "distance_m": 296.8, "source": "Google Open Buildings", "in_industrial_zone": false, "ghsl_2018": 0}, "geometry": {"type": "Polygon", "coordinates": [[[70.103561, 22.477218600000004], [70.1035374, 22.477432000000007], [70.1034605, 22.47742470000001], [70.1034841, 22.4772113], [70.103561, 22.477218600000004]]]}}, {"type": "Feature", "properties": {"layer": "building", "distance_m": 303.5, "source": "Microsoft ML Buildings", "in_industrial_zone": false, "ghsl_2018": 1}, "geometry": {"type": "Polygon", "coordinates": [[[70.1033877, 22.477444300000002], [70.1033947, 22.477215600000005], [70.1034309, 22.477216500000008], [70.1034238, 22.4774453], [70.1033877, 22.477444300000002]]]}}, {"type": "Feature", "properties": {"layer": "building", "distance_m": 224.5, "source": "Google Open Buildings", "in_industrial_zone": false, "ghsl_2018": 1}, "geometry": {"type": "Polygon", "coordinates": [[[70.103456, 22.478436600000002], [70.1035027, 22.478436400000007], [70.10350300000002, 22.478472700000008], [70.1034562, 22.478473000000008], [70.103456, 22.478436600000002]]]}}, {"type": "Feature", "properties": {"layer": "building", "distance_m": 232.9, "source": "Microsoft ML Buildings", "in_industrial_zone": false, "ghsl_2018": 1}, "geometry": {"type": "Polygon", "coordinates": [[[70.1035503, 22.4781054], [70.1035217, 22.47817570000001], [70.1035664, 22.47819120000001], [70.1035085, 22.478333799999998], [70.1033933, 22.4782939], [70.1034074, 22.4782591], [70.1033568, 22.4782416], [70.103412, 22.478105500000005], [70.1034697, 22.478125500000004], [70.1034868, 22.478083400000003], [70.1035503, 22.4781054]]]}}, {"type": "Feature", "properties": {"layer": "building", "distance_m": 250.2, "source": "Microsoft ML Buildings", "in_industrial_zone": false, "ghsl_2018": 1}, "geometry": {"type": "Polygon", "coordinates": [[[70.10353270000002, 22.478041700000006], [70.1034519, 22.478054400000005], [70.1034414, 22.477997399999996], [70.1035222, 22.477984699999997], [70.10353270000002, 22.478041700000006]]]}}, {"type": "Feature", "properties": {"layer": "building", "distance_m": 197.2, "source": "Google Open Buildings", "in_industrial_zone": false, "ghsl_2018": 1}, "geometry": {"type": "Polygon", "coordinates": [[[70.103553, 22.4782498], [70.1037248, 22.478207600000005], [70.1037575, 22.478322200000004], [70.10390960000001, 22.4782848], [70.103928, 22.4783496], [70.1036041, 22.478429200000008], [70.103553, 22.4782498]]]}}, {"type": "Feature", "properties": {"layer": "building", "distance_m": 430.1, "source": "Microsoft ML Buildings", "in_industrial_zone": false, "ghsl_2018": 1}, "geometry": {"type": "Polygon", "coordinates": [[[70.10374539999998, 22.475764499999997], [70.103859, 22.475777400000002], [70.10384829999998, 22.475858000000002], [70.1037347, 22.475845100000008], [70.10374539999998, 22.475764499999997]]]}}, {"type": "Feature", "properties": {"layer": "building", "distance_m": 451.7, "source": "Microsoft ML Buildings", "in_industrial_zone": false, "ghsl_2018": 1}, "geometry": {"type": "Polygon", "coordinates": [[[70.1038758, 22.475638700000005], [70.1037626, 22.4756244], [70.103781, 22.4754995], [70.1038943, 22.475513800000005], [70.1038758, 22.475638700000005]]]}}, {"type": "Feature", "properties": {"layer": "building", "distance_m": 481.0, "source": "Microsoft ML Buildings", "in_industrial_zone": false, "ghsl_2018": 1}, "geometry": {"type": "Polygon", "coordinates": [[[70.10377289999998, 22.475286], [70.10380769999999, 22.475287400000003], [70.10380329999998, 22.4753814], [70.1036519, 22.475375400000008], [70.10365539999998, 22.47530109999999], [70.10368629999999, 22.4753024], [70.103688, 22.4752653], [70.1037737, 22.475268700000008], [70.10377289999998, 22.475286]]]}}, {"type": "Feature", "properties": {"layer": "building", "distance_m": 409.9, "source": "Microsoft ML Buildings", "in_industrial_zone": false, "ghsl_2018": 1}, "geometry": {"type": "Polygon", "coordinates": [[[70.1035956, 22.476038300000003], [70.10369679999998, 22.476046], [70.10368989999999, 22.476123899999997], [70.1035887, 22.476116200000003], [70.1035956, 22.476038300000003]]]}}, {"type": "Feature", "properties": {"layer": "building", "distance_m": 396.1, "source": "Microsoft ML Buildings", "in_industrial_zone": false, "ghsl_2018": 1}, "geometry": {"type": "Polygon", "coordinates": [[[70.10368759999999, 22.4761835], [70.10368539999999, 22.476265300000005], [70.1035245, 22.4762615], [70.1035267, 22.476179800000004], [70.10368759999999, 22.4761835]]]}}, {"type": "Feature", "properties": {"layer": "building", "distance_m": 416.3, "source": "Microsoft ML Buildings", "in_industrial_zone": false, "ghsl_2018": 1}, "geometry": {"type": "Polygon", "coordinates": [[[70.10355579999998, 22.476055399999996], [70.1035873, 22.4760599], [70.10357890000002, 22.476110700000003], [70.1035474, 22.476106300000005], [70.10355579999998, 22.476055399999996]]]}}, {"type": "Feature", "properties": {"layer": "building", "distance_m": 422.8, "source": "Microsoft ML Buildings", "in_industrial_zone": false, "ghsl_2018": 1}, "geometry": {"type": "Polygon", "coordinates": [[[70.1039535, 22.47581240000001], [70.1040306, 22.475819500000007], [70.1040257, 22.47586460000001], [70.1039487, 22.475857500000004], [70.1039535, 22.47581240000001]]]}}, {"type": "Feature", "properties": {"layer": "building", "distance_m": 386.3, "source": "Microsoft ML Buildings", "in_industrial_zone": false, "ghsl_2018": 1}, "geometry": {"type": "Polygon", "coordinates": [[[70.104023, 22.475867999999995], [70.1039915, 22.476230900000004], [70.10390760000001, 22.4762247], [70.1039392, 22.475861800000004], [70.104023, 22.475867999999995]]]}}, {"type": "Feature", "properties": {"layer": "building", "distance_m": 429.9, "source": "Microsoft ML Buildings", "in_industrial_zone": false, "ghsl_2018": 1}, "geometry": {"type": "Polygon", "coordinates": [[[70.1039574, 22.475784700000002], [70.1039847, 22.475494499999996], [70.1040685, 22.4755012], [70.10404119999998, 22.475791500000003], [70.1039574, 22.475784700000002]]]}}, {"type": "Feature", "properties": {"layer": "building", "distance_m": 477.3, "source": "Microsoft ML Buildings", "in_industrial_zone": false, "ghsl_2018": 1}, "geometry": {"type": "Polygon", "coordinates": [[[70.104253, 22.47515240000001], [70.10423729999998, 22.475288000000003], [70.1040119, 22.47526560000001], [70.10403759999998, 22.475044200000003], [70.1041543, 22.475055800000007], [70.10416309999998, 22.474979900000005], [70.10425739999998, 22.474989200000003], [70.10423859999999, 22.4751509], [70.104253, 22.47515240000001]]]}}, {"type": "Feature", "properties": {"layer": "building", "distance_m": 448.6, "source": "Microsoft ML Buildings", "in_industrial_zone": false, "ghsl_2018": 1}, "geometry": {"type": "Polygon", "coordinates": [[[70.1041372, 22.475584700000006], [70.10408480000001, 22.4755774], [70.1040965, 22.475505600000005], [70.10414899999999, 22.475512900000002], [70.1041372, 22.475584700000006]]]}}, {"type": "Feature", "properties": {"layer": "building", "distance_m": 423.5, "source": "Microsoft ML Buildings", "in_industrial_zone": false, "ghsl_2018": 1}, "geometry": {"type": "Polygon", "coordinates": [[[70.1041777, 22.475585700000003], [70.1041666, 22.4758133], [70.10406219999999, 22.475808900000008], [70.1040733, 22.475581400000003], [70.1041777, 22.475585700000003]]]}}, {"type": "Feature", "properties": {"layer": "building", "distance_m": 381.0, "source": "Microsoft ML Buildings", "in_industrial_zone": false, "ghsl_2018": 1}, "geometry": {"type": "Polygon", "coordinates": [[[70.1041511, 22.475884700000005], [70.1041097, 22.476239100000004], [70.1040076, 22.476228900000006], [70.1040489, 22.475874500000007], [70.1041511, 22.475884700000005]]]}}, {"type": "Feature", "properties": {"layer": "building", "distance_m": 469.6, "source": "Microsoft ML Buildings", "in_industrial_zone": false, "ghsl_2018": 1}, "geometry": {"type": "Polygon", "coordinates": [[[70.1046323, 22.4752555], [70.1046464, 22.4750406], [70.1047613, 22.475047], [70.1047568, 22.475116199999995], [70.1047475, 22.475115700000007], [70.104738, 22.4752614], [70.1046323, 22.4752555]]]}}, {"type": "Feature", "properties": {"layer": "building", "distance_m": 391.1, "source": "Microsoft ML Buildings", "in_industrial_zone": false, "ghsl_2018": 1}, "geometry": {"type": "Polygon", "coordinates": [[[70.1047872, 22.475808600000008], [70.1047671, 22.475975100000003], [70.1046558, 22.475963600000004], [70.1046729, 22.475822600000004], [70.1047047, 22.475825899999997], [70.1047131, 22.475756400000005], [70.1046786, 22.4757528], [70.1046908, 22.475652500000006], [70.104802, 22.475663900000008], [70.1047846, 22.4758084], [70.1047872, 22.475808600000008]]]}}, {"type": "Feature", "properties": {"layer": "building", "distance_m": 384.3, "source": "Google Open Buildings", "in_industrial_zone": false, "ghsl_2018": 1}, "geometry": {"type": "Polygon", "coordinates": [[[70.1046655, 22.476036400000005], [70.104669, 22.476008300000004], [70.1047354, 22.476015499999992], [70.10473180000001, 22.4760436], [70.1046655, 22.476036400000005]]]}}, {"type": "Feature", "properties": {"layer": "building", "distance_m": 387.2, "source": "Google Open Buildings", "in_industrial_zone": false, "ghsl_2018": 1}, "geometry": {"type": "Polygon", "coordinates": [[[70.1046267, 22.47599630000001], [70.10466030000002, 22.4759974], [70.104659, 22.476030900000005], [70.1046254, 22.476029700000005], [70.1046267, 22.47599630000001]]]}}, {"type": "Feature", "properties": {"layer": "building", "distance_m": 404.4, "source": "Microsoft ML Buildings", "in_industrial_zone": false, "ghsl_2018": 1}, "geometry": {"type": "Polygon", "coordinates": [[[70.1046523, 22.475873200000002], [70.10456020000001, 22.475867800000003], [70.104565, 22.475796200000005], [70.1046571, 22.475801600000004], [70.1046523, 22.475873200000002]]]}}, {"type": "Feature", "properties": {"layer": "building", "distance_m": 397.6, "source": "Microsoft ML Buildings", "in_industrial_zone": false, "ghsl_2018": 1}, "geometry": {"type": "Polygon", "coordinates": [[[70.1045455, 22.4759322], [70.1045507, 22.475889], [70.1046328, 22.475897599999996], [70.1046276, 22.475940699999992], [70.1045455, 22.4759322]]]}}, {"type": "Feature", "properties": {"layer": "building", "distance_m": 363.2, "source": "Google Open Buildings", "in_industrial_zone": false, "ghsl_2018": 1}, "geometry": {"type": "Polygon", "coordinates": [[[70.1045232, 22.476225999999993], [70.1045598, 22.47622760000001], [70.1045573, 22.4762754], [70.1045206, 22.4762737], [70.1045232, 22.476225999999993]]]}}, {"type": "Feature", "properties": {"layer": "building", "distance_m": 411.0, "source": "Microsoft ML Buildings", "in_industrial_zone": false, "ghsl_2018": 1}, "geometry": {"type": "Polygon", "coordinates": [[[70.1044774, 22.4757004], [70.1044601, 22.4758523], [70.1043646, 22.475842999999998], [70.1043819, 22.47569109999999], [70.1044774, 22.4757004]]]}}, {"type": "Feature", "properties": {"layer": "building", "distance_m": 458.9, "source": "Microsoft ML Buildings", "in_industrial_zone": false, "ghsl_2018": 1}, "geometry": {"type": "Polygon", "coordinates": [[[70.1045462, 22.475244500000002], [70.10453570000001, 22.475392600000003], [70.104425, 22.475385900000006], [70.1044355, 22.475237800000006], [70.1045462, 22.475244500000002]]]}}, {"type": "Feature", "properties": {"layer": "building", "distance_m": 433.8, "source": "Microsoft ML Buildings", "in_industrial_zone": false, "ghsl_2018": 1}, "geometry": {"type": "Polygon", "coordinates": [[[70.1045139, 22.4755506], [70.104503, 22.475631100000008], [70.1043948, 22.475618600000008], [70.1044057, 22.475538100000016], [70.1045139, 22.4755506]]]}}, {"type": "Feature", "properties": {"layer": "building", "distance_m": 462.9, "source": "Microsoft ML Buildings", "in_industrial_zone": false, "ghsl_2018": 1}, "geometry": {"type": "Polygon", "coordinates": [[[70.1044103, 22.475310300000007], [70.1043918, 22.4753858], [70.1042872, 22.47536390000001], [70.1043057, 22.47528850000001], [70.1044103, 22.475310300000007]]]}}, {"type": "Feature", "properties": {"layer": "building", "distance_m": 431.5, "source": "Microsoft ML Buildings", "in_industrial_zone": false, "ghsl_2018": 1}, "geometry": {"type": "Polygon", "coordinates": [[[70.104378, 22.475576400000005], [70.1043653, 22.475684200000003], [70.1043256, 22.4756803], [70.1043296, 22.475645999999998], [70.10427530000001, 22.475640500000004], [70.1042839, 22.475567000000005], [70.104378, 22.475576400000005]]]}}, {"type": "Feature", "properties": {"layer": "building", "distance_m": 423.7, "source": "Microsoft ML Buildings", "in_industrial_zone": false, "ghsl_2018": 1}, "geometry": {"type": "Polygon", "coordinates": [[[70.1043571, 22.475758600000002], [70.1042674, 22.4757561], [70.1042698, 22.475681900000005], [70.1043595, 22.4756843], [70.1043571, 22.475758600000002]]]}}, {"type": "Feature", "properties": {"layer": "building", "distance_m": 405.2, "source": "Microsoft ML Buildings", "in_industrial_zone": false, "ghsl_2018": 1}, "geometry": {"type": "Polygon", "coordinates": [[[70.1043504, 22.475909999999995], [70.1043546, 22.475874800000007], [70.1044209, 22.4758815], [70.1044167, 22.475916699999992], [70.1043504, 22.475909999999995]]]}}, {"type": "Feature", "properties": {"layer": "building", "distance_m": 388.7, "source": "Microsoft ML Buildings", "in_industrial_zone": false, "ghsl_2018": 1}, "geometry": {"type": "Polygon", "coordinates": [[[70.1044435, 22.476064700000006], [70.1043297, 22.4760604], [70.1043334, 22.475976300000006], [70.1044473, 22.47598060000001], [70.1044435, 22.476064700000006]]]}}, {"type": "Feature", "properties": {"layer": "building", "distance_m": 271.5, "source": "Microsoft ML Buildings", "in_industrial_zone": false, "ghsl_2018": 1}, "geometry": {"type": "Polygon", "coordinates": [[[70.1045079, 22.477077100000002], [70.104503, 22.477157700000006], [70.10438540000001, 22.477151599999996], [70.104401, 22.476895600000002], [70.1045601, 22.4769039], [70.1045494, 22.477079300000007], [70.1045079, 22.477077100000002]]]}}, {"type": "Feature", "properties": {"layer": "building", "distance_m": 330.1, "source": "Microsoft ML Buildings", "in_industrial_zone": false, "ghsl_2018": 1}, "geometry": {"type": "Polygon", "coordinates": [[[70.10455, 22.47658600000001], [70.1044644, 22.476571300000003], [70.1044788, 22.476499400000005], [70.1045644, 22.4765141], [70.10455, 22.47658600000001]]]}}, {"type": "Feature", "properties": {"layer": "building", "distance_m": 314.9, "source": "Microsoft ML Buildings", "in_industrial_zone": false, "ghsl_2018": 1}, "geometry": {"type": "Polygon", "coordinates": [[[70.1045433, 22.4766828], [70.10454, 22.47673220000001], [70.1044371, 22.476726300000003], [70.1044404, 22.476677], [70.1045433, 22.4766828]]]}}, {"type": "Feature", "properties": {"layer": "building", "distance_m": 340.4, "source": "Microsoft ML Buildings", "in_industrial_zone": false, "ghsl_2018": 1}, "geometry": {"type": "Polygon", "coordinates": [[[70.1045642, 22.47648620000001], [70.1044733, 22.476470899999995], [70.1044973, 22.4763485], [70.1045882, 22.4763638], [70.1045642, 22.47648620000001]]]}}, {"type": "Feature", "properties": {"layer": "building", "distance_m": 325.9, "source": "Microsoft ML Buildings", "in_industrial_zone": false, "ghsl_2018": 1}, "geometry": {"type": "Polygon", "coordinates": [[[70.1045565, 22.476624299999997], [70.1045097, 22.476616700000008], [70.1045136, 22.476596], [70.1045604, 22.476603499999996], [70.1045565, 22.476624299999997]]]}}, {"type": "Feature", "properties": {"layer": "building", "distance_m": 305.3, "source": "Microsoft ML Buildings", "in_industrial_zone": false, "ghsl_2018": 1}, "geometry": {"type": "Polygon", "coordinates": [[[70.10463900000002, 22.47679540000001], [70.10454010000001, 22.4767836], [70.1045491, 22.476719299999996], [70.1046481, 22.4767311], [70.10463900000002, 22.47679540000001]]]}}, {"type": "Feature", "properties": {"layer": "building", "distance_m": 334.1, "source": "Microsoft ML Buildings", "in_industrial_zone": false, "ghsl_2018": 1}, "geometry": {"type": "Polygon", "coordinates": [[[70.1045962, 22.476517099999995], [70.1045926, 22.4763676], [70.1046864, 22.476365599999998], [70.10469, 22.4765152], [70.1045962, 22.476517099999995]]]}}, {"type": "Feature", "properties": {"layer": "building", "distance_m": 270.8, "source": "Google Open Buildings", "in_industrial_zone": false, "ghsl_2018": 1}, "geometry": {"type": "Polygon", "coordinates": [[[70.104519, 22.4770876], [70.1045557, 22.477089], [70.1045531, 22.477147199999997], [70.10451640000001, 22.4771458], [70.104519, 22.4770876]]]}}, {"type": "Feature", "properties": {"layer": "building", "distance_m": 193.8, "source": "Google Open Buildings", "in_industrial_zone": false, "ghsl_2018": 1}, "geometry": {"type": "Polygon", "coordinates": [[[70.104608, 22.477796100000003], [70.1046567, 22.477802], [70.1046484, 22.477860699999997], [70.1045998, 22.4778548], [70.104608, 22.477796100000003]]]}}, {"type": "Feature", "properties": {"layer": "building", "distance_m": 196.5, "source": "Google Open Buildings", "in_industrial_zone": false, "ghsl_2018": 1}, "geometry": {"type": "Polygon", "coordinates": [[[70.1046896, 22.477754500000007], [70.1047383, 22.4777515], [70.1047416, 22.477797599999995], [70.1046929, 22.477800600000002], [70.1046896, 22.477754500000007]]]}}, {"type": "Feature", "properties": {"layer": "building", "distance_m": 189.4, "source": "Microsoft ML Buildings", "in_industrial_zone": false, "ghsl_2018": 1}, "geometry": {"type": "Polygon", "coordinates": [[[70.1047198, 22.47782820000001], [70.1047311, 22.477871199999996], [70.104697, 22.477878900000007], [70.1046857, 22.4778359], [70.1047198, 22.47782820000001]]]}}, {"type": "Feature", "properties": {"layer": "building", "distance_m": 147.9, "source": "Microsoft ML Buildings", "in_industrial_zone": true, "ghsl_2018": 1}, "geometry": {"type": "Polygon", "coordinates": [[[70.1044469, 22.47848000000001], [70.1041284, 22.478434799999995], [70.1041413, 22.478357299999992], [70.1044598, 22.47840250000001], [70.1044469, 22.47848000000001]]]}}, {"type": "Feature", "properties": {"layer": "building", "distance_m": 321.3, "source": "Microsoft ML Buildings", "in_industrial_zone": false, "ghsl_2018": 1}, "geometry": {"type": "Polygon", "coordinates": [[[70.1043161, 22.476186200000008], [70.1043239, 22.476122499999995], [70.1044258, 22.476133200000003], [70.1043808, 22.47650180000001], [70.1043702, 22.47650070000001], [70.1043449, 22.476708699999996], [70.1042509, 22.476698900000002], [70.1042634, 22.476596100000002], [70.1042449, 22.4765942], [70.1042225, 22.4767777], [70.1041231, 22.476767400000004], [70.1041809, 22.476293500000004], [70.1042074, 22.476296300000012], [70.1042221, 22.476176400000003], [70.1043161, 22.476186200000008]]]}}, {"type": "Feature", "properties": {"layer": "building", "distance_m": 285.6, "source": "Microsoft ML Buildings", "in_industrial_zone": false, "ghsl_2018": 1}, "geometry": {"type": "Polygon", "coordinates": [[[70.1041617, 22.4771224], [70.1041609, 22.477148000000007], [70.1040617, 22.477145199999995], [70.1040659, 22.47702050000001], [70.1041007, 22.477021500000003], [70.1041027, 22.47695960000001], [70.1042421, 22.476963500000007], [70.1042368, 22.477124500000002], [70.1041617, 22.4771224]]]}}, {"type": "Feature", "properties": {"layer": "building", "distance_m": 358.9, "source": "Microsoft ML Buildings", "in_industrial_zone": false, "ghsl_2018": 1}, "geometry": {"type": "Polygon", "coordinates": [[[70.1039691, 22.476449200000005], [70.1040059, 22.4762314], [70.1041158, 22.47624720000001], [70.10407909999999, 22.476464999999997], [70.1039691, 22.476449200000005]]]}}, {"type": "Feature", "properties": {"layer": "building", "distance_m": 348.9, "source": "Google Open Buildings", "in_industrial_zone": false, "ghsl_2018": 1}, "geometry": {"type": "Polygon", "coordinates": [[[70.103899, 22.476514600000005], [70.1040029, 22.476525099999993], [70.1039941, 22.476599200000006], [70.1038903, 22.4765886], [70.103899, 22.476514600000005]]]}}, {"type": "Feature", "properties": {"layer": "building", "distance_m": 335.8, "source": "Google Open Buildings", "in_industrial_zone": false, "ghsl_2018": 1}, "geometry": {"type": "Polygon", "coordinates": [[[70.1039318, 22.476597100000006], [70.1039913, 22.476602900000003], [70.1039759, 22.4767387], [70.1038803, 22.4767293], [70.1038882, 22.47665960000001], [70.1039242, 22.476663200000004], [70.1039318, 22.476597100000006]]]}}, {"type": "Feature", "properties": {"layer": "building", "distance_m": 373.3, "source": "Microsoft ML Buildings", "in_industrial_zone": false, "ghsl_2018": 1}, "geometry": {"type": "Polygon", "coordinates": [[[70.1039774, 22.476305700000005], [70.10396710000002, 22.4763687], [70.1038832, 22.476357000000004], [70.10389339999999, 22.476293999999996], [70.1039774, 22.476305700000005]]]}}, {"type": "Feature", "properties": {"layer": "building", "distance_m": 190.5, "source": "Google Open Buildings", "in_industrial_zone": true, "ghsl_2018": 1}, "geometry": {"type": "Polygon", "coordinates": [[[70.10405670000002, 22.4781071], [70.1041032, 22.478255000000004], [70.1040016, 22.478282599999993], [70.103955, 22.478134800000007], [70.10405670000002, 22.4781071]]]}}, {"type": "Feature", "properties": {"layer": "building", "distance_m": 125.4, "source": "Microsoft ML Buildings", "in_industrial_zone": false, "ghsl_2018": 1}, "geometry": {"type": "Polygon", "coordinates": [[[70.1042627, 22.47863030000001], [70.1044487, 22.478636900000005], [70.1044423, 22.47879150000001], [70.1041577, 22.4788628], [70.10392060000001, 22.478630700000007], [70.1039475, 22.478624000000003], [70.10410300000001, 22.478629500000007], [70.1041006, 22.478688700000003], [70.10412180000002, 22.478709500000004], [70.1041348, 22.47871], [70.1041848, 22.47869740000001], [70.1041868, 22.478649500000003], [70.1042016, 22.478699999999996], [70.104225, 22.478700800000002], [70.1042611, 22.478669399999998], [70.1042627, 22.47863030000001]]]}}, {"type": "Feature", "properties": {"layer": "building", "distance_m": 118.2, "source": "Microsoft ML Buildings", "in_industrial_zone": false, "ghsl_2018": 1}, "geometry": {"type": "Polygon", "coordinates": [[[70.10419680000001, 22.479381600000007], [70.104194, 22.47940360000001], [70.104149, 22.479398700000004], [70.1041518, 22.479376700000003], [70.10419680000001, 22.479381600000007]]]}}, {"type": "Feature", "properties": {"layer": "building", "distance_m": 132.8, "source": "Google Open Buildings", "in_industrial_zone": false, "ghsl_2018": 0}, "geometry": {"type": "Polygon", "coordinates": [[[70.1040982, 22.479114500000005], [70.1041257, 22.479116500000003], [70.1041228, 22.479151200000004], [70.1040954, 22.479149300000003], [70.1040982, 22.479114500000005]]]}}, {"type": "Feature", "properties": {"layer": "building", "distance_m": 99.2, "source": "Microsoft ML Buildings", "in_industrial_zone": false, "ghsl_2018": 1}, "geometry": {"type": "Polygon", "coordinates": [[[70.10431799999999, 22.4802505], [70.1040284, 22.4802486], [70.10403010000002, 22.480028000000004], [70.1043197, 22.480029999999996], [70.10431799999999, 22.4802505]]]}}, {"type": "Feature", "properties": {"layer": "building", "distance_m": 141.5, "source": "Microsoft ML Buildings", "in_industrial_zone": false, "ghsl_2018": 1}, "geometry": {"type": "Polygon", "coordinates": [[[70.10393360000002, 22.4798161], [70.1038504, 22.479817000000004], [70.10384870000001, 22.4796816], [70.1039318, 22.479680700000003], [70.10393360000002, 22.4798161]]]}}, {"type": "Feature", "properties": {"layer": "building", "distance_m": 166.9, "source": "Google Open Buildings", "in_industrial_zone": false, "ghsl_2018": 0}, "geometry": {"type": "Polygon", "coordinates": [[[70.1047425, 22.4821639], [70.10477149999998, 22.482169400000004], [70.1047634, 22.482205900000004], [70.1047345, 22.4822003], [70.1047425, 22.4821639]]]}}, {"type": "Feature", "properties": {"layer": "building", "distance_m": 168.6, "source": "Microsoft ML Buildings", "in_industrial_zone": false, "ghsl_2018": 0}, "geometry": {"type": "Polygon", "coordinates": [[[70.1046082, 22.482180800000002], [70.10462210000001, 22.482140200000003], [70.1047139, 22.482166899999996], [70.1047001, 22.482207499999998], [70.1046082, 22.482180800000002]]]}}, {"type": "Feature", "properties": {"layer": "building", "distance_m": 84.7, "source": "Google Open Buildings", "in_industrial_zone": false, "ghsl_2018": 1}, "geometry": {"type": "Polygon", "coordinates": [[[70.10448010000002, 22.479460100000004], [70.10451320000001, 22.4794646], [70.10450100000001, 22.479540999999998], [70.10446800000001, 22.4795365], [70.10448010000002, 22.479460100000004]]]}}, {"type": "Feature", "properties": {"layer": "building", "distance_m": 90.4, "source": "Microsoft ML Buildings", "in_industrial_zone": false, "ghsl_2018": 1}, "geometry": {"type": "Polygon", "coordinates": [[[70.1043899, 22.4796548], [70.1043917, 22.479593800000004], [70.10444270000002, 22.4795951], [70.10444080000002, 22.479656100000003], [70.1043899, 22.4796548]]]}}, {"type": "Feature", "properties": {"layer": "building", "distance_m": 111.1, "source": "Google Open Buildings", "in_industrial_zone": false, "ghsl_2018": 1}, "geometry": {"type": "Polygon", "coordinates": [[[70.1048073, 22.478580100000002], [70.1048438, 22.478585500000005], [70.104839, 22.4786142], [70.1048024, 22.4786088], [70.1048073, 22.478580100000002]]]}}, {"type": "Feature", "properties": {"layer": "building", "distance_m": 114.7, "source": "Google Open Buildings", "in_industrial_zone": false, "ghsl_2018": 1}, "geometry": {"type": "Polygon", "coordinates": [[[70.104845, 22.478507200000003], [70.1048811, 22.478511099999995], [70.1048756, 22.478554899999992], [70.10483950000001, 22.478551], [70.104845, 22.478507200000003]]]}}, {"type": "Feature", "properties": {"layer": "building", "distance_m": 111.0, "source": "Google Open Buildings", "in_industrial_zone": false, "ghsl_2018": 1}, "geometry": {"type": "Polygon", "coordinates": [[[70.1048424, 22.478548400000005], [70.1048802, 22.4785548], [70.1048721, 22.478595400000007], [70.1048343, 22.478589000000003], [70.1048424, 22.478548400000005]]]}}, {"type": "Feature", "properties": {"layer": "building", "distance_m": 105.5, "source": "Google Open Buildings", "in_industrial_zone": false, "ghsl_2018": 1}, "geometry": {"type": "Polygon", "coordinates": [[[70.1048268, 22.4786228], [70.1048615, 22.4786259], [70.1048578, 22.4786631], [70.1048231, 22.478660100000006], [70.1048268, 22.4786228]]]}}, {"type": "Feature", "properties": {"layer": "building", "distance_m": 108.7, "source": "Google Open Buildings", "in_industrial_zone": false, "ghsl_2018": 1}, "geometry": {"type": "Polygon", "coordinates": [[[70.1048343, 22.478589000000003], [70.1048721, 22.478595400000007], [70.1048665, 22.4786239], [70.1048287, 22.47861740000001], [70.1048343, 22.478589000000003]]]}}, {"type": "Feature", "properties": {"layer": "building", "distance_m": 68.7, "source": "Microsoft ML Buildings", "in_industrial_zone": false, "ghsl_2018": 1}, "geometry": {"type": "Polygon", "coordinates": [[[70.1052099, 22.478867400000006], [70.105151, 22.478865000000006], [70.1051543, 22.478793300000003], [70.1052132, 22.478795700000006], [70.1052099, 22.478867400000006]]]}}, {"type": "Feature", "properties": {"layer": "building", "distance_m": 57.2, "source": "Microsoft ML Buildings", "in_industrial_zone": false, "ghsl_2018": 1}, "geometry": {"type": "Polygon", "coordinates": [[[70.1052033, 22.478981500000003], [70.1051497, 22.478980800000002], [70.1051504, 22.4789288], [70.105204, 22.478929400000006], [70.1052033, 22.478981500000003]]]}}, {"type": "Feature", "properties": {"layer": "building", "distance_m": 28.8, "source": "Microsoft ML Buildings", "in_industrial_zone": false, "ghsl_2018": 1}, "geometry": {"type": "Polygon", "coordinates": [[[70.1050405, 22.479655900000004], [70.10499770000001, 22.47965390000001], [70.1050012, 22.479589599999994], [70.105044, 22.479591600000006], [70.1050405, 22.479655900000004]]]}}, {"type": "Feature", "properties": {"layer": "building", "distance_m": 38.1, "source": "Google Open Buildings", "in_industrial_zone": false, "ghsl_2018": 1}, "geometry": {"type": "Polygon", "coordinates": [[[70.1052619, 22.479089900000005], [70.1053238, 22.479086500000008], [70.1053261, 22.479122399999998], [70.1052641, 22.4791258], [70.1052619, 22.479089900000005]]]}}, {"type": "Feature", "properties": {"layer": "building", "distance_m": 53.5, "source": "Microsoft ML Buildings", "in_industrial_zone": false, "ghsl_2018": 1}, "geometry": {"type": "Polygon", "coordinates": [[[70.1052976, 22.478968500000004], [70.105307, 22.4789221], [70.1053537, 22.478930200000008], [70.1053442, 22.4789766], [70.1052976, 22.478968500000004]]]}}, {"type": "Feature", "properties": {"layer": "building", "distance_m": 69.2, "source": "Microsoft ML Buildings", "in_industrial_zone": false, "ghsl_2018": 1}, "geometry": {"type": "Polygon", "coordinates": [[[70.1052597, 22.478848399999997], [70.1052157, 22.478846500000003], [70.1052184, 22.478794600000004], [70.1052624, 22.4787965], [70.1052597, 22.478848399999997]]]}}, {"type": "Feature", "properties": {"layer": "building", "distance_m": 104.0, "source": "Microsoft ML Buildings", "in_industrial_zone": false, "ghsl_2018": 1}, "geometry": {"type": "Polygon", "coordinates": [[[70.1052745, 22.4785244], [70.1052239, 22.4785285], [70.1052207, 22.478493999999998], [70.1052712, 22.478489900000007], [70.1052745, 22.4785244]]]}}, {"type": "Feature", "properties": {"layer": "building", "distance_m": 43.2, "source": "Google Open Buildings", "in_industrial_zone": false, "ghsl_2018": 1}, "geometry": {"type": "Polygon", "coordinates": [[[70.1053082, 22.479032500000013], [70.1053509, 22.4790354], [70.1053482, 22.4790701], [70.1053055, 22.4790672], [70.1053082, 22.479032500000013]]]}}, {"type": "Feature", "properties": {"layer": "building", "distance_m": 24.9, "source": "Microsoft ML Buildings", "in_industrial_zone": false, "ghsl_2018": 1}, "geometry": {"type": "Polygon", "coordinates": [[[70.1056442, 22.479198100000005], [70.1055344, 22.4792017], [70.1055323, 22.4791463], [70.1056421, 22.47914260000001], [70.1056442, 22.479198100000005]]]}}, {"type": "Feature", "properties": {"layer": "building", "distance_m": 149.0, "source": "Microsoft ML Buildings", "in_industrial_zone": false, "ghsl_2018": 1}, "geometry": {"type": "Polygon", "coordinates": [[[70.1054706, 22.478028500000004], [70.1054611, 22.4780892], [70.1054138, 22.478082900000008], [70.1054233, 22.4780222], [70.1054706, 22.478028500000004]]]}}, {"type": "Feature", "properties": {"layer": "building", "distance_m": 343.5, "source": "Google Open Buildings", "in_industrial_zone": false, "ghsl_2018": 1}, "geometry": {"type": "Polygon", "coordinates": [[[70.105321, 22.476292500000007], [70.1053519, 22.476295300000004], [70.1053478, 22.476334], [70.105317, 22.476331200000008], [70.105321, 22.476292500000007]]]}}, {"type": "Feature", "properties": {"layer": "building", "distance_m": 339.0, "source": "Microsoft ML Buildings", "in_industrial_zone": false, "ghsl_2018": 1}, "geometry": {"type": "Polygon", "coordinates": [[[70.1052831, 22.476333800000003], [70.105281, 22.4763818], [70.1052354, 22.4763801], [70.1052375, 22.476332100000004], [70.1052831, 22.476333800000003]]]}}, {"type": "Feature", "properties": {"layer": "building", "distance_m": 139.3, "source": "Microsoft ML Buildings", "in_industrial_zone": false, "ghsl_2018": 1}, "geometry": {"type": "Polygon", "coordinates": [[[70.1053878, 22.478138000000005], [70.1054546, 22.478141700000002], [70.1054522, 22.478178800000002], [70.1053854, 22.478175000000004], [70.1053878, 22.478138000000005]]]}}, {"type": "Feature", "properties": {"layer": "building", "distance_m": 118.4, "source": "Microsoft ML Buildings", "in_industrial_zone": false, "ghsl_2018": 1}, "geometry": {"type": "Polygon", "coordinates": [[[70.1053998, 22.478281300000003], [70.1053876, 22.478378200000005], [70.1053253, 22.478371499999998], [70.1053375, 22.478274599999995], [70.1053998, 22.478281300000003]]]}}, {"type": "Feature", "properties": {"layer": "building", "distance_m": 149.1, "source": "Google Open Buildings", "in_industrial_zone": false, "ghsl_2018": 1}, "geometry": {"type": "Polygon", "coordinates": [[[70.1049569, 22.4781388], [70.1049895, 22.47814110000001], [70.1049871, 22.4781713], [70.1049545, 22.478169100000002], [70.1049569, 22.4781388]]]}}, {"type": "Feature", "properties": {"layer": "building", "distance_m": 154.7, "source": "Microsoft ML Buildings", "in_industrial_zone": false, "ghsl_2018": 1}, "geometry": {"type": "Polygon", "coordinates": [[[70.1049489, 22.478100700000002], [70.1049457, 22.478130200000006], [70.104894, 22.478125300000002], [70.1048972, 22.478095900000003], [70.1049489, 22.478100700000002]]]}}, {"type": "Feature", "properties": {"layer": "building", "distance_m": 187.6, "source": "Microsoft ML Buildings", "in_industrial_zone": false, "ghsl_2018": 1}, "geometry": {"type": "Polygon", "coordinates": [[[70.1047956, 22.4778498], [70.1047978, 22.47778690000001], [70.1048394, 22.477788200000003], [70.1048372, 22.477851], [70.1047956, 22.4778498]]]}}, {"type": "Feature", "properties": {"layer": "building", "distance_m": 189.5, "source": "Microsoft ML Buildings", "in_industrial_zone": false, "ghsl_2018": 1}, "geometry": {"type": "Polygon", "coordinates": [[[70.1047853, 22.477802800000006], [70.1047871, 22.477849800000005], [70.1047336, 22.477851600000005], [70.1047317, 22.47780460000001], [70.1047853, 22.477802800000006]]]}}, {"type": "Feature", "properties": {"layer": "building", "distance_m": 199.1, "source": "Google Open Buildings", "in_industrial_zone": false, "ghsl_2018": 1}, "geometry": {"type": "Polygon", "coordinates": [[[70.1047507, 22.4777158], [70.1048174, 22.4777131], [70.104819, 22.4777474], [70.10475230000002, 22.477750100000005], [70.1047507, 22.4777158]]]}}, {"type": "Feature", "properties": {"layer": "building", "distance_m": 189.1, "source": "Microsoft ML Buildings", "in_industrial_zone": false, "ghsl_2018": 1}, "geometry": {"type": "Polygon", "coordinates": [[[70.1049076, 22.477815400000004], [70.10484190000001, 22.477817000000016], [70.1048402, 22.4777585], [70.1049059, 22.47775690000001], [70.1049076, 22.477815400000004]]]}}, {"type": "Feature", "properties": {"layer": "building", "distance_m": 183.0, "source": "Google Open Buildings", "in_industrial_zone": false, "ghsl_2018": 1}, "geometry": {"type": "Polygon", "coordinates": [[[70.104874, 22.477821800000005], [70.1049492, 22.477817700000003], [70.104952, 22.4778617], [70.1048769, 22.47786590000001], [70.104874, 22.477821800000005]]]}}, {"type": "Feature", "properties": {"layer": "building", "distance_m": 272.1, "source": "Microsoft ML Buildings", "in_industrial_zone": false, "ghsl_2018": 1}, "geometry": {"type": "Polygon", "coordinates": [[[70.1046061, 22.476983600000004], [70.1046096, 22.4769268], [70.1049585, 22.4769447], [70.104953, 22.477036200000004], [70.1046361, 22.4770199], [70.1046382, 22.476985299999996], [70.1046061, 22.476983600000004]]]}}, {"type": "Feature", "properties": {"layer": "building", "distance_m": 297.2, "source": "Microsoft ML Buildings", "in_industrial_zone": false, "ghsl_2018": 1}, "geometry": {"type": "Polygon", "coordinates": [[[70.1047438, 22.476820600000007], [70.1047464, 22.4767612], [70.1048482, 22.476765000000004], [70.1048456, 22.476824300000004], [70.1047438, 22.476820600000007]]]}}, {"type": "Feature", "properties": {"layer": "building", "distance_m": 349.3, "source": "Microsoft ML Buildings", "in_industrial_zone": false, "ghsl_2018": 1}, "geometry": {"type": "Polygon", "coordinates": [[[70.104899, 22.4763371], [70.1047973, 22.476332500000005], [70.1048014, 22.476255799999997], [70.1049031, 22.476260500000006], [70.104899, 22.4763371]]]}}, {"type": "Feature", "properties": {"layer": "building", "distance_m": 294.2, "source": "Microsoft ML Buildings", "in_industrial_zone": false, "ghsl_2018": 1}, "geometry": {"type": "Polygon", "coordinates": [[[70.1050237, 22.476205], [70.1049611, 22.47683170000001], [70.1048601, 22.476823], [70.1049003, 22.476420000000005], [70.1049083, 22.476420700000006], [70.1049204, 22.476300300000002], [70.1049307, 22.476197099999993], [70.1050237, 22.476205]]]}}, {"type": "Feature", "properties": {"layer": "building", "distance_m": 285.1, "source": "Microsoft ML Buildings", "in_industrial_zone": false, "ghsl_2018": 1}, "geometry": {"type": "Polygon", "coordinates": [[[70.1051617, 22.476819499999994], [70.1051495, 22.4768896], [70.105024, 22.476871000000006], [70.1050362, 22.476800899999997], [70.1051617, 22.476819499999994]]]}}, {"type": "Feature", "properties": {"layer": "building", "distance_m": 308.4, "source": "Google Open Buildings", "in_industrial_zone": false, "ghsl_2018": 1}, "geometry": {"type": "Polygon", "coordinates": [[[70.1051293, 22.4765037], [70.1052629, 22.47652060000001], [70.1052418, 22.4766648], [70.1051081, 22.476647799999995], [70.1051293, 22.4765037]]]}}, {"type": "Feature", "properties": {"layer": "building", "distance_m": 295.2, "source": "Microsoft ML Buildings", "in_industrial_zone": false, "ghsl_2018": 1}, "geometry": {"type": "Polygon", "coordinates": [[[70.1051739, 22.476727599999993], [70.1051693, 22.476794200000008], [70.1050518, 22.47678730000001], [70.1050563, 22.476720700000005], [70.1051739, 22.476727599999993]]]}}, {"type": "Feature", "properties": {"layer": "building", "distance_m": 340.5, "source": "Microsoft ML Buildings", "in_industrial_zone": false, "ghsl_2018": 1}, "geometry": {"type": "Polygon", "coordinates": [[[70.1052369, 22.476237200000003], [70.10523330000001, 22.476373500000005], [70.105102, 22.476370600000003], [70.1051055, 22.476234299999998], [70.1052369, 22.476237200000003]]]}}, {"type": "Feature", "properties": {"layer": "building", "distance_m": 372.6, "source": "Microsoft ML Buildings", "in_industrial_zone": false, "ghsl_2018": 1}, "geometry": {"type": "Polygon", "coordinates": [[[70.1051468, 22.476078400000002], [70.1051495, 22.4760175], [70.1052311, 22.47602059999999], [70.1052284, 22.476081400000005], [70.1051468, 22.476078400000002]]]}}, {"type": "Feature", "properties": {"layer": "building", "distance_m": 442.0, "source": "Microsoft ML Buildings", "in_industrial_zone": false, "ghsl_2018": 1}, "geometry": {"type": "Polygon", "coordinates": [[[70.1051746, 22.475106000000007], [70.1051332, 22.475461300000003], [70.1050378, 22.475451800000005], [70.1050968, 22.47494460000001], [70.1051975, 22.474954600000004], [70.1051799, 22.475106600000007], [70.1051746, 22.475106000000007]]]}}, {"type": "Feature", "properties": {"layer": "building", "distance_m": 364.4, "source": "Microsoft ML Buildings", "in_industrial_zone": false, "ghsl_2018": 1}, "geometry": {"type": "Polygon", "coordinates": [[[70.104821, 22.47619179999999], [70.104827, 22.4760433], [70.1049341, 22.476046999999998], [70.1049281, 22.4761955], [70.104821, 22.47619179999999]]]}}, {"type": "Feature", "properties": {"layer": "building", "distance_m": 450.4, "source": "Microsoft ML Buildings", "in_industrial_zone": false, "ghsl_2018": 1}, "geometry": {"type": "Polygon", "coordinates": [[[70.1047752, 22.475124999999995], [70.1048741, 22.475141100000005], [70.10482, 22.475424700000005], [70.1047211, 22.4754086], [70.1047752, 22.475124999999995]]]}}, {"type": "Feature", "properties": {"layer": "building", "distance_m": 437.6, "source": "Microsoft ML Buildings", "in_industrial_zone": false, "ghsl_2018": 1}, "geometry": {"type": "Polygon", "coordinates": [[[70.1049161, 22.47551], [70.1049258, 22.4753668], [70.1050261, 22.4753725], [70.1050165, 22.475515700000003], [70.1049161, 22.47551]]]}}, {"type": "Feature", "properties": {"layer": "building", "distance_m": 481.8, "source": "Microsoft ML Buildings", "in_industrial_zone": false, "ghsl_2018": 1}, "geometry": {"type": "Polygon", "coordinates": [[[70.1048046, 22.474834299999994], [70.1048122, 22.474765700000003], [70.1049104, 22.474774900000007], [70.1048709, 22.475132100000003], [70.1047647, 22.4751221], [70.1047737, 22.4750411], [70.1047763, 22.475041400000002], [70.1047837, 22.4749752], [70.1046695, 22.474964400000008], [70.1046852, 22.474823000000004], [70.1048046, 22.474834299999994]]]}}, {"type": "Feature", "properties": {"layer": "building", "distance_m": 456.8, "source": "Microsoft ML Buildings", "in_industrial_zone": false, "ghsl_2018": 1}, "geometry": {"type": "Polygon", "coordinates": [[[70.1049539, 22.4751828], [70.1049551, 22.475182900000004], [70.1049887, 22.474855200000007], [70.1050817, 22.474863400000007], [70.105033, 22.475338400000002], [70.1049733, 22.4753332], [70.1049774, 22.475292900000003], [70.1049429, 22.4752899], [70.1049539, 22.4751828]]]}}, {"type": "Feature", "properties": {"layer": "building", "distance_m": 429.4, "source": "Microsoft ML Buildings", "in_industrial_zone": false, "ghsl_2018": 1}, "geometry": {"type": "Polygon", "coordinates": [[[70.1053327, 22.4753836], [70.1053207, 22.4754552], [70.1053809, 22.4754638], [70.1053657, 22.475554400000004], [70.1052033, 22.475531100000005], [70.1052305, 22.475368900000003], [70.1053327, 22.4753836]]]}}, {"type": "Feature", "properties": {"layer": "building", "distance_m": 380.4, "source": "Microsoft ML Buildings", "in_industrial_zone": false, "ghsl_2018": 1}, "geometry": {"type": "Polygon", "coordinates": [[[70.1052438, 22.47600870000001], [70.1051564, 22.475999900000005], [70.1051907, 22.475710900000003], [70.1052782, 22.475719800000004], [70.1052438, 22.47600870000001]]]}}, {"type": "Feature", "properties": {"layer": "building", "distance_m": 354.4, "source": "Microsoft ML Buildings", "in_industrial_zone": false, "ghsl_2018": 1}, "geometry": {"type": "Polygon", "coordinates": [[[70.1053062, 22.476200100000003], [70.1053042, 22.4762396], [70.1051838, 22.4762343], [70.1051858, 22.476194700000008], [70.1053062, 22.476200100000003]]]}}, {"type": "Feature", "properties": {"layer": "building", "distance_m": 359.9, "source": "Microsoft ML Buildings", "in_industrial_zone": false, "ghsl_2018": 1}, "geometry": {"type": "Polygon", "coordinates": [[[70.1052831, 22.476173300000006], [70.1052878, 22.4761042], [70.1054175, 22.4761118], [70.1054127, 22.476180900000003], [70.1052831, 22.476173300000006]]]}}, {"type": "Feature", "properties": {"layer": "building", "distance_m": 457.0, "source": "Microsoft ML Buildings", "in_industrial_zone": false, "ghsl_2018": 1}, "geometry": {"type": "Polygon", "coordinates": [[[70.10535, 22.4753055], [70.1052579, 22.475298400000003], [70.1053005, 22.4748248], [70.1056723, 22.47485340000001], [70.1056624, 22.474962699999995], [70.1053827, 22.4749412], [70.10535, 22.4753055]]]}}, {"type": "Feature", "properties": {"layer": "building", "distance_m": 348.8, "source": "Google Open Buildings", "in_industrial_zone": false, "ghsl_2018": 1}, "geometry": {"type": "Polygon", "coordinates": [[[70.1059394, 22.476105200000003], [70.1060544, 22.476136900000004], [70.1060058, 22.476289300000005], [70.1058908, 22.4762576], [70.1059394, 22.476105200000003]]]}}, {"type": "Feature", "properties": {"layer": "building", "distance_m": 374.7, "source": "Google Open Buildings", "in_industrial_zone": false, "ghsl_2018": 1}, "geometry": {"type": "Polygon", "coordinates": [[[70.1060193, 22.4756645], [70.10592410000001, 22.475963500000002], [70.1059052, 22.475958300000006], [70.1058774, 22.476045699999993], [70.1058384, 22.476035], [70.10596150000002, 22.475648600000003], [70.1060193, 22.4756645]]]}}, {"type": "Feature", "properties": {"layer": "building", "distance_m": 312.3, "source": "Google Open Buildings", "in_industrial_zone": false, "ghsl_2018": 1}, "geometry": {"type": "Polygon", "coordinates": [[[70.105764, 22.4765667], [70.1058374, 22.476581699999997], [70.1058315, 22.476606800000003], [70.105758, 22.476591700000004], [70.105764, 22.4765667]]]}}, {"type": "Feature", "properties": {"layer": "building", "distance_m": 245.4, "source": "Google Open Buildings", "in_industrial_zone": false, "ghsl_2018": 0}, "geometry": {"type": "Polygon", "coordinates": [[[70.1058761, 22.4771099], [70.1058497, 22.47721430000001], [70.1058256, 22.477209000000006], [70.105852, 22.477104599999997], [70.1058761, 22.4771099]]]}}, {"type": "Feature", "properties": {"layer": "building", "distance_m": 231.5, "source": "Microsoft ML Buildings", "in_industrial_zone": false, "ghsl_2018": 1}, "geometry": {"type": "Polygon", "coordinates": [[[70.1057882, 22.47733570000001], [70.105735, 22.477326800000004], [70.1057441, 22.477280200000003], [70.1057973, 22.477289100000007], [70.1057882, 22.47733570000001]]]}}, {"type": "Feature", "properties": {"layer": "building", "distance_m": 319.6, "source": "Google Open Buildings", "in_industrial_zone": false, "ghsl_2018": 1}, "geometry": {"type": "Polygon", "coordinates": [[[70.1058535, 22.476351399999995], [70.1061112, 22.4764203], [70.1060673, 22.476562099999995], [70.1058096, 22.47649330000001], [70.1058535, 22.476351399999995]]]}}, {"type": "Feature", "properties": {"layer": "building", "distance_m": 300.9, "source": "Microsoft ML Buildings", "in_industrial_zone": false, "ghsl_2018": 1}, "geometry": {"type": "Polygon", "coordinates": [[[70.1059905, 22.476722199999998], [70.1060129, 22.476576400000006], [70.1061431, 22.476593500000003], [70.1061367, 22.476634800000003], [70.1060447, 22.4766227], [70.10602860000002, 22.476727199999996], [70.1059905, 22.476722199999998]]]}}, {"type": "Feature", "properties": {"layer": "building", "distance_m": 298.8, "source": "Microsoft ML Buildings", "in_industrial_zone": false, "ghsl_2018": 1}, "geometry": {"type": "Polygon", "coordinates": [[[70.1061418, 22.4767611], [70.1061528, 22.47671220000001], [70.1062197, 22.476725000000005], [70.1062087, 22.4767739], [70.1061418, 22.4767611]]]}}, {"type": "Feature", "properties": {"layer": "building", "distance_m": 316.4, "source": "Microsoft ML Buildings", "in_industrial_zone": false, "ghsl_2018": 1}, "geometry": {"type": "Polygon", "coordinates": [[[70.1062103, 22.4766081], [70.1062445, 22.476492800000003], [70.1062981, 22.4765063], [70.106264, 22.4766216], [70.1062103, 22.4766081]]]}}, {"type": "Feature", "properties": {"layer": "building", "distance_m": 311.5, "source": "Microsoft ML Buildings", "in_industrial_zone": false, "ghsl_2018": 1}, "geometry": {"type": "Polygon", "coordinates": [[[70.1062612, 22.476624299999997], [70.1062525, 22.4766649], [70.106206, 22.476656299999995], [70.1062147, 22.476615800000005], [70.1062612, 22.476624299999997]]]}}, {"type": "Feature", "properties": {"layer": "building", "distance_m": 285.3, "source": "Microsoft ML Buildings", "in_industrial_zone": false, "ghsl_2018": 1}, "geometry": {"type": "Polygon", "coordinates": [[[70.1063889, 22.476901000000005], [70.10638, 22.476934800000002], [70.1062636, 22.47690860000001], [70.1062725, 22.476874800000004], [70.1063889, 22.476901000000005]]]}}, {"type": "Feature", "properties": {"layer": "building", "distance_m": 248.1, "source": "Google Open Buildings", "in_industrial_zone": false, "ghsl_2018": 1}, "geometry": {"type": "Polygon", "coordinates": [[[70.1063059, 22.477192100000003], [70.1063421, 22.47719960000001], [70.1063255, 22.477268100000003], [70.1062894, 22.477260600000005], [70.1063059, 22.477192100000003]]]}}, {"type": "Feature", "properties": {"layer": "building", "distance_m": 244.8, "source": "Google Open Buildings", "in_industrial_zone": false, "ghsl_2018": 1}, "geometry": {"type": "Polygon", "coordinates": [[[70.106193, 22.477213400000004], [70.1062345, 22.477217499999995], [70.1062284, 22.4772717], [70.1061869, 22.477267600000005], [70.106193, 22.477213400000004]]]}}, {"type": "Feature", "properties": {"layer": "building", "distance_m": 274.0, "source": "Google Open Buildings", "in_industrial_zone": false, "ghsl_2018": 1}, "geometry": {"type": "Polygon", "coordinates": [[[70.1065102, 22.4770434], [70.1065704, 22.4770562], [70.1065623, 22.4770893], [70.10650200000002, 22.477076499999995], [70.1065102, 22.4770434]]]}}, {"type": "Feature", "properties": {"layer": "building", "distance_m": 240.3, "source": "Google Open Buildings", "in_industrial_zone": false, "ghsl_2018": 1}, "geometry": {"type": "Polygon", "coordinates": [[[70.1063781, 22.477166300000007], [70.1064634, 22.477188700000003], [70.1064098, 22.477365500000005], [70.1063244, 22.4773432], [70.1063781, 22.477166300000007]]]}}, {"type": "Feature", "properties": {"layer": "building", "distance_m": 261.8, "source": "Google Open Buildings", "in_industrial_zone": false, "ghsl_2018": 1}, "geometry": {"type": "Polygon", "coordinates": [[[70.1063622, 22.4771172], [70.1063906, 22.4771194], [70.1063876, 22.47715240000001], [70.1063592, 22.477150099999992], [70.1063622, 22.4771172]]]}}, {"type": "Feature", "properties": {"layer": "building", "distance_m": 387.5, "source": "Google Open Buildings", "in_industrial_zone": false, "ghsl_2018": 1}, "geometry": {"type": "Polygon", "coordinates": [[[70.1063288, 22.475949500000002], [70.1063615, 22.4759534], [70.1063575, 22.4759825], [70.1063248, 22.475978600000005], [70.1063288, 22.475949500000002]]]}}, {"type": "Feature", "properties": {"layer": "building", "distance_m": 348.9, "source": "Google Open Buildings", "in_industrial_zone": false, "ghsl_2018": 1}, "geometry": {"type": "Polygon", "coordinates": [[[70.1060955, 22.476105700000005], [70.1061947, 22.476132999999994], [70.1061402, 22.476303900000005], [70.1060411, 22.476276600000002], [70.1060955, 22.476105700000005]]]}}, {"type": "Feature", "properties": {"layer": "building", "distance_m": 369.4, "source": "Google Open Buildings", "in_industrial_zone": false, "ghsl_2018": 1}, "geometry": {"type": "Polygon", "coordinates": [[[70.106026, 22.475680300000004], [70.10607120000002, 22.4756925], [70.1060622, 22.4757212], [70.106364, 22.475802700000003], [70.1062603, 22.476134300000002], [70.1059133, 22.476040600000005], [70.106026, 22.475680300000004]]]}}, {"type": "Feature", "properties": {"layer": "building", "distance_m": 414.6, "source": "Google Open Buildings", "in_industrial_zone": false, "ghsl_2018": 1}, "geometry": {"type": "Polygon", "coordinates": [[[70.1060109, 22.47562580000001], [70.1060292, 22.4755678], [70.1065602, 22.475712500000004], [70.1065419, 22.4757704], [70.1060109, 22.47562580000001]]]}}, {"type": "Feature", "properties": {"layer": "building", "distance_m": 423.1, "source": "Google Open Buildings", "in_industrial_zone": false, "ghsl_2018": 1}, "geometry": {"type": "Polygon", "coordinates": [[[70.1060443, 22.475513600000006], [70.106574, 22.4756641], [70.1065636, 22.475695700000006], [70.1060339, 22.475545200000006], [70.1060443, 22.475513600000006]]]}}, {"type": "Feature", "properties": {"layer": "building", "distance_m": 451.2, "source": "Microsoft ML Buildings", "in_industrial_zone": false, "ghsl_2018": 1}, "geometry": {"type": "Polygon", "coordinates": [[[70.1071203, 22.475578000000006], [70.1071434, 22.475529000000005], [70.1071975, 22.475550800000008], [70.1071744, 22.4755998], [70.1071203, 22.475578000000006]]]}}, {"type": "Feature", "properties": {"layer": "building", "distance_m": 415.3, "source": "Google Open Buildings", "in_industrial_zone": false, "ghsl_2018": 1}, "geometry": {"type": "Polygon", "coordinates": [[[70.10704370000002, 22.475873300000003], [70.1070995, 22.475884200000003], [70.1070937, 22.475909499999997], [70.107038, 22.475898600000004], [70.10704370000002, 22.475873300000003]]]}}, {"type": "Feature", "properties": {"layer": "building", "distance_m": 295.1, "source": "Google Open Buildings", "in_industrial_zone": false, "ghsl_2018": 1}, "geometry": {"type": "Polygon", "coordinates": [[[70.1070374, 22.477038500000003], [70.1070873, 22.477040100000004], [70.1070862, 22.477068400000004], [70.1070364, 22.4770668], [70.1070374, 22.477038500000003]]]}}, {"type": "Feature", "properties": {"layer": "building", "distance_m": 267.3, "source": "Google Open Buildings", "in_industrial_zone": false, "ghsl_2018": 1}, "geometry": {"type": "Polygon", "coordinates": [[[70.1069895, 22.477102999999996], [70.107198, 22.4771105], [70.1071935, 22.477219300000005], [70.1072341, 22.477220700000004], [70.1072286, 22.477353200000003], [70.1072718, 22.4773548], [70.1072697, 22.477405600000008], [70.1071631, 22.4774017], [70.1071669, 22.47731110000001], [70.1069811, 22.4773044], [70.1069895, 22.477102999999996]]]}}, {"type": "Feature", "properties": {"layer": "building", "distance_m": 307.7, "source": "Google Open Buildings", "in_industrial_zone": false, "ghsl_2018": 1}, "geometry": {"type": "Polygon", "coordinates": [[[70.1070367, 22.476806599999996], [70.1072913, 22.476816199999995], [70.1072854, 22.476951000000003], [70.1070308, 22.476941299999996], [70.1070367, 22.476806599999996]]]}}, {"type": "Feature", "properties": {"layer": "building", "distance_m": 329.4, "source": "Microsoft ML Buildings", "in_industrial_zone": false, "ghsl_2018": 1}, "geometry": {"type": "Polygon", "coordinates": [[[70.1072277, 22.47674], [70.1070337, 22.4767316], [70.1070368, 22.476671200000013], [70.1072308, 22.476679500000003], [70.1072277, 22.47674]]]}}, {"type": "Feature", "properties": {"layer": "building", "distance_m": 340.1, "source": "Microsoft ML Buildings", "in_industrial_zone": false, "ghsl_2018": 1}, "geometry": {"type": "Polygon", "coordinates": [[[70.10714, 22.476604100000007], [70.1072338, 22.476606700000005], [70.1072318, 22.4766686], [70.107138, 22.47666600000001], [70.10714, 22.476604100000007]]]}}, {"type": "Feature", "properties": {"layer": "building", "distance_m": 342.3, "source": "Google Open Buildings", "in_industrial_zone": false, "ghsl_2018": 1}, "geometry": {"type": "Polygon", "coordinates": [[[70.1072595, 22.476638], [70.1073159, 22.4766404], [70.1073133, 22.476692800000002], [70.107257, 22.4766904], [70.1072595, 22.476638]]]}}, {"type": "Feature", "properties": {"layer": "building", "distance_m": 367.8, "source": "Google Open Buildings", "in_industrial_zone": false, "ghsl_2018": 1}, "geometry": {"type": "Polygon", "coordinates": [[[70.1072596, 22.476149100000004], [70.1074797, 22.476155], [70.1074707, 22.476444500000003], [70.1072505, 22.476438600000005], [70.1072596, 22.476149100000004]]]}}, {"type": "Feature", "properties": {"layer": "building", "distance_m": 330.3, "source": "Google Open Buildings", "in_industrial_zone": false, "ghsl_2018": 1}, "geometry": {"type": "Polygon", "coordinates": [[[70.1074267, 22.47683380000001], [70.1074511, 22.476833900000006], [70.1074508, 22.476887300000005], [70.1074265, 22.4768872], [70.1074267, 22.47683380000001]]]}}, {"type": "Feature", "properties": {"layer": "building", "distance_m": 266.2, "source": "Google Open Buildings", "in_industrial_zone": false, "ghsl_2018": 1}, "geometry": {"type": "Polygon", "coordinates": [[[70.1072759, 22.477429700000002], [70.1073532, 22.477437800000004], [70.1073482, 22.477479000000002], [70.1072709, 22.477470900000004], [70.1072759, 22.477429700000002]]]}}, {"type": "Feature", "properties": {"layer": "building", "distance_m": 271.6, "source": "Google Open Buildings", "in_industrial_zone": false, "ghsl_2018": 1}, "geometry": {"type": "Polygon", "coordinates": [[[70.1072721, 22.477354300000002], [70.1074148, 22.4773601], [70.1074121, 22.4774187], [70.1072694, 22.477413000000006], [70.1072721, 22.477354300000002]]]}}, {"type": "Feature", "properties": {"layer": "building", "distance_m": 164.1, "source": "Microsoft ML Buildings", "in_industrial_zone": false, "ghsl_2018": 1}, "geometry": {"type": "Polygon", "coordinates": [[[70.1073092, 22.478459799999996], [70.1073923, 22.478461700000004], [70.1073904, 22.478533500000005], [70.10730730000002, 22.478531600000007], [70.1073092, 22.478459799999996]]]}}, {"type": "Feature", "properties": {"layer": "building", "distance_m": 149.3, "source": "Google Open Buildings", "in_industrial_zone": false, "ghsl_2018": 1}, "geometry": {"type": "Polygon", "coordinates": [[[70.1070831, 22.478544], [70.10709, 22.478367200000008], [70.1073736, 22.478376800000007], [70.1073719, 22.478421100000002], [70.1072731, 22.4784177], [70.1072711, 22.478467700000003], [70.1072198, 22.478466000000004], [70.107214, 22.478614300000004], [70.1071454, 22.478611999999995], [70.107148, 22.47854620000001], [70.1070831, 22.478544]]]}}, {"type": "Feature", "properties": {"layer": "building", "distance_m": 191.5, "source": "Google Open Buildings", "in_industrial_zone": false, "ghsl_2018": 1}, "geometry": {"type": "Polygon", "coordinates": [[[70.1069757, 22.4779664], [70.1071865, 22.477972800000003], [70.107182, 22.47810030000001], [70.1069712, 22.4780939], [70.1069757, 22.4779664]]]}}, {"type": "Feature", "properties": {"layer": "building", "distance_m": 155.6, "source": "Google Open Buildings", "in_industrial_zone": false, "ghsl_2018": 1}, "geometry": {"type": "Polygon", "coordinates": [[[70.1068472, 22.478354100000008], [70.1069087, 22.4783562], [70.1069066, 22.478411700000002], [70.106845, 22.478409699999997], [70.1068472, 22.478354100000008]]]}}, {"type": "Feature", "properties": {"layer": "building", "distance_m": 153.0, "source": "Microsoft ML Buildings", "in_industrial_zone": false, "ghsl_2018": 1}, "geometry": {"type": "Polygon", "coordinates": [[[70.1068274, 22.47839769999999], [70.10678450000002, 22.478396399999998], [70.1067861, 22.478350799999998], [70.106829, 22.478352000000005], [70.1068274, 22.47839769999999]]]}}, {"type": "Feature", "properties": {"layer": "building", "distance_m": 161.5, "source": "Google Open Buildings", "in_industrial_zone": false, "ghsl_2018": 1}, "geometry": {"type": "Polygon", "coordinates": [[[70.1067035, 22.478091300000006], [70.1069339, 22.478103899999997], [70.1069279, 22.478198100000007], [70.1069541, 22.478199500000002], [70.1069488, 22.478282599999996], [70.1067275, 22.47827050000001], [70.1067297, 22.478235200000007], [70.1066945, 22.47823319999999], [70.1067035, 22.478091300000006]]]}}, {"type": "Feature", "properties": {"layer": "building", "distance_m": 276.1, "source": "Google Open Buildings", "in_industrial_zone": false, "ghsl_2018": 1}, "geometry": {"type": "Polygon", "coordinates": [[[70.106663, 22.4770778], [70.1067319, 22.4770948], [70.1067232, 22.4771251], [70.1066543, 22.477108099999995], [70.106663, 22.4770778]]]}}, {"type": "Feature", "properties": {"layer": "building", "distance_m": 345.3, "source": "Google Open Buildings", "in_industrial_zone": false, "ghsl_2018": 1}, "geometry": {"type": "Polygon", "coordinates": [[[70.1066176, 22.476271], [70.1068644, 22.476338100000003], [70.10683390000001, 22.4764347], [70.1068642, 22.476443000000003], [70.1068472, 22.476497100000003], [70.1065701, 22.476421800000004], [70.1066176, 22.476271]]]}}, {"type": "Feature", "properties": {"layer": "building", "distance_m": 315.8, "source": "Microsoft ML Buildings", "in_industrial_zone": false, "ghsl_2018": 1}, "geometry": {"type": "Polygon", "coordinates": [[[70.1065827, 22.4767041], [70.10662, 22.476570300000002], [70.1068225, 22.476618500000004], [70.10681140000001, 22.476658000000004], [70.1068454, 22.4766661], [70.1068191, 22.4767604], [70.1065827, 22.4767041]]]}}, {"type": "Feature", "properties": {"layer": "building", "distance_m": 285.1, "source": "Microsoft ML Buildings", "in_industrial_zone": false, "ghsl_2018": 1}, "geometry": {"type": "Polygon", "coordinates": [[[70.1066145, 22.476997199999996], [70.1065547, 22.476987600000008], [70.1065615, 22.4769515], [70.1066214, 22.476961099999997], [70.1066145, 22.476997199999996]]]}}, {"type": "Feature", "properties": {"layer": "building", "distance_m": 274.7, "source": "Google Open Buildings", "in_industrial_zone": false, "ghsl_2018": 1}, "geometry": {"type": "Polygon", "coordinates": [[[70.1065704, 22.4770562], [70.1066515, 22.477073500000003], [70.1066433, 22.4771065], [70.1065623, 22.4770893], [70.1065704, 22.4770562]]]}}, {"type": "Feature", "properties": {"layer": "building", "distance_m": 176.9, "source": "Google Open Buildings", "in_industrial_zone": false, "ghsl_2018": 1}, "geometry": {"type": "Polygon", "coordinates": [[[70.1066625, 22.4780454], [70.1067202, 22.478042599999995], [70.1067222, 22.478078400000005], [70.1066646, 22.478081199999995], [70.1066625, 22.4780454]]]}}, {"type": "Feature", "properties": {"layer": "building", "distance_m": 144.0, "source": "Google Open Buildings", "in_industrial_zone": false, "ghsl_2018": 1}, "geometry": {"type": "Polygon", "coordinates": [[[70.106668, 22.478344199999995], [70.1067737, 22.478346200000008], [70.106772, 22.478423100000004], [70.1066663, 22.478421100000002], [70.106668, 22.478344199999995]]]}}, {"type": "Feature", "properties": {"layer": "building", "distance_m": 92.7, "source": "Google Open Buildings", "in_industrial_zone": false, "ghsl_2018": 1}, "geometry": {"type": "Polygon", "coordinates": [[[70.1065938, 22.478810100000008], [70.1066341, 22.4788114], [70.1066287, 22.478961599999998], [70.10658840000002, 22.478960300000008], [70.1065938, 22.478810100000008]]]}}, {"type": "Feature", "properties": {"layer": "building", "distance_m": 121.5, "source": "Google Open Buildings", "in_industrial_zone": false, "ghsl_2018": 1}, "geometry": {"type": "Polygon", "coordinates": [[[70.1066532, 22.478593899999993], [70.106757, 22.478597800000003], [70.1067542, 22.478663], [70.1066504, 22.478659000000007], [70.1066532, 22.478593899999993]]]}}, {"type": "Feature", "properties": {"layer": "building", "distance_m": 118.9, "source": "Google Open Buildings", "in_industrial_zone": false, "ghsl_2018": 1}, "geometry": {"type": "Polygon", "coordinates": [[[70.1066987, 22.478686900000003], [70.106747, 22.478689000000003], [70.10674510000001, 22.478727800000005], [70.1066967, 22.4787257], [70.1066987, 22.478686900000003]]]}}, {"type": "Feature", "properties": {"layer": "building", "distance_m": 130.4, "source": "Google Open Buildings", "in_industrial_zone": false, "ghsl_2018": 1}, "geometry": {"type": "Polygon", "coordinates": [[[70.1068426, 22.478501200000004], [70.1068384, 22.4785925], [70.1066913, 22.4785867], [70.1066943, 22.478521100000005], [70.1067906, 22.478524900000007], [70.1067918, 22.47849920000001], [70.1068426, 22.478501200000004]]]}}, {"type": "Feature", "properties": {"layer": "building", "distance_m": 101.0, "source": "Google Open Buildings", "in_industrial_zone": false, "ghsl_2018": 1}, "geometry": {"type": "Polygon", "coordinates": [[[70.1066486, 22.4788205], [70.1068905, 22.478829600000008], [70.1068868, 22.478915799999992], [70.1066448, 22.4789066], [70.1066486, 22.4788205]]]}}, {"type": "Feature", "properties": {"layer": "building", "distance_m": 121.8, "source": "Google Open Buildings", "in_industrial_zone": false, "ghsl_2018": 1}, "geometry": {"type": "Polygon", "coordinates": [[[70.1070745, 22.478762400000004], [70.1072593, 22.478768700000007], [70.1072558, 22.478857800000007], [70.107071, 22.478851500000005], [70.1070745, 22.478762400000004]]]}}, {"type": "Feature", "properties": {"layer": "building", "distance_m": 58.9, "source": "Google Open Buildings", "in_industrial_zone": false, "ghsl_2018": 1}, "geometry": {"type": "Polygon", "coordinates": [[[70.107158, 22.481901900000008], [70.1072097, 22.48190900000001], [70.1072054, 22.481936400000006], [70.1071537, 22.481929300000004], [70.107158, 22.481901900000008]]]}}, {"type": "Feature", "properties": {"layer": "building", "distance_m": 64.2, "source": "Microsoft ML Buildings", "in_industrial_zone": false, "ghsl_2018": 1}, "geometry": {"type": "Polygon", "coordinates": [[[70.1062615, 22.481983400000004], [70.1061486, 22.4819612], [70.106183, 22.4818118], [70.1062959, 22.481833999999996], [70.1062615, 22.481983400000004]]]}}, {"type": "Feature", "properties": {"layer": "building", "distance_m": 69.0, "source": "Google Open Buildings", "in_industrial_zone": false, "ghsl_2018": 1}, "geometry": {"type": "Polygon", "coordinates": [[[70.10633040000002, 22.481890200000006], [70.1063062, 22.4819556], [70.1062818, 22.4819478], [70.106306, 22.481882499999998], [70.10633040000002, 22.481890200000006]]]}}, {"type": "Feature", "properties": {"layer": "building", "distance_m": 96.2, "source": "Microsoft ML Buildings", "in_industrial_zone": false, "ghsl_2018": 0}, "geometry": {"type": "Polygon", "coordinates": [[[70.10622470000001, 22.4786985], [70.10622470000001, 22.478656300000004], [70.1062918, 22.478656300000004], [70.1062918, 22.478698500000004], [70.10622470000001, 22.4786985]]]}}, {"type": "Feature", "properties": {"layer": "building", "distance_m": 415.5, "source": "Google Open Buildings", "in_industrial_zone": false, "ghsl_2018": 0}, "geometry": {"type": "Polygon", "coordinates": [[[70.1060193, 22.4850337], [70.106074, 22.4850441], [70.1060658, 22.485081199999996], [70.1060111, 22.485070799999995], [70.1060193, 22.4850337]]]}}, {"type": "Feature", "properties": {"layer": "building", "distance_m": 424.5, "source": "Google Open Buildings", "in_industrial_zone": false, "ghsl_2018": 0}, "geometry": {"type": "Polygon", "coordinates": [[[70.105991, 22.4851119], [70.1060706, 22.4851237], [70.1060606, 22.485181499999996], [70.1059811, 22.4851696], [70.105991, 22.4851119]]]}}, {"type": "Feature", "properties": {"layer": "building", "distance_m": 414.9, "source": "Microsoft ML Buildings", "in_industrial_zone": false, "ghsl_2018": 0}, "geometry": {"type": "Polygon", "coordinates": [[[70.1059549, 22.485054400000006], [70.105962, 22.4850199], [70.106019, 22.485029800000003], [70.1060119, 22.48506430000001], [70.1059549, 22.485054400000006]]]}}, {"type": "Feature", "properties": {"layer": "building", "distance_m": 414.2, "source": "Microsoft ML Buildings", "in_industrial_zone": false, "ghsl_2018": 0}, "geometry": {"type": "Polygon", "coordinates": [[[70.1059082, 22.485004500000002], [70.1059037, 22.485043700000002], [70.105848, 22.4850383], [70.1058525, 22.4849991], [70.1059082, 22.485004500000002]]]}}, {"type": "Feature", "properties": {"layer": "building", "distance_m": 479.7, "source": "Microsoft ML Buildings", "in_industrial_zone": false, "ghsl_2018": 1}, "geometry": {"type": "Polygon", "coordinates": [[[70.1053923, 22.4856811], [70.1053047, 22.485664700000008], [70.1053423, 22.485493300000005], [70.1054299, 22.485509700000005], [70.1053923, 22.4856811]]]}}, {"type": "Feature", "properties": {"layer": "building", "distance_m": 474.8, "source": "Microsoft ML Buildings", "in_industrial_zone": false, "ghsl_2018": 1}, "geometry": {"type": "Polygon", "coordinates": [[[70.1053486, 22.485485700000005], [70.1053545, 22.4854519], [70.1054277, 22.485463000000006], [70.1054217, 22.485496800000004], [70.1053486, 22.485485700000005]]]}}, {"type": "Feature", "properties": {"layer": "building", "distance_m": 473.7, "source": "Google Open Buildings", "in_industrial_zone": false, "ghsl_2018": 1}, "geometry": {"type": "Polygon", "coordinates": [[[70.105438, 22.485465600000005], [70.1055351, 22.48547920000001], [70.1055266, 22.4855313], [70.1054295, 22.48551770000001], [70.105438, 22.485465600000005]]]}}, {"type": "Feature", "properties": {"layer": "building", "distance_m": 480.9, "source": "Google Open Buildings", "in_industrial_zone": false, "ghsl_2018": 1}, "geometry": {"type": "Polygon", "coordinates": [[[70.1054406, 22.485532099999997], [70.1055337, 22.4855453], [70.105503, 22.4857318], [70.10541, 22.485718599999995], [70.1054406, 22.485532099999997]]]}}, {"type": "Feature", "properties": {"layer": "building", "distance_m": 467.3, "source": "Google Open Buildings", "in_industrial_zone": false, "ghsl_2018": 1}, "geometry": {"type": "Polygon", "coordinates": [[[70.1055625, 22.4854365], [70.1057068, 22.485456700000004], [70.1056994, 22.485502299999997], [70.1057538, 22.4855099], [70.1057454, 22.485562000000005], [70.1057742, 22.485566000000006], [70.1057447, 22.485747700000005], [70.1055172, 22.4857158], [70.1055625, 22.4854365]]]}}, {"type": "Feature", "properties": {"layer": "building", "distance_m": 430.0, "source": "Google Open Buildings", "in_industrial_zone": false, "ghsl_2018": 1}, "geometry": {"type": "Polygon", "coordinates": [[[70.1053499, 22.4850625], [70.1059356, 22.4851543], [70.1058997, 22.4853516], [70.10531410000002, 22.485259700000004], [70.1053499, 22.4850625]]]}}, {"type": "Feature", "properties": {"layer": "building", "distance_m": 414.0, "source": "Google Open Buildings", "in_industrial_zone": false, "ghsl_2018": 0}, "geometry": {"type": "Polygon", "coordinates": [[[70.11014040000002, 22.483962300000005], [70.1101703, 22.483959000000002], [70.11017410000001, 22.4839888], [70.1101442, 22.4839921], [70.11014040000002, 22.483962300000005]]]}}, {"type": "Feature", "properties": {"layer": "building", "distance_m": 241.1, "source": "Google Open Buildings", "in_industrial_zone": false, "ghsl_2018": 0}, "geometry": {"type": "Polygon", "coordinates": [[[70.1078004, 22.483482299999995], [70.1078286, 22.483458900000006], [70.1078656, 22.4834976], [70.1078814, 22.483484599999997], [70.1078985, 22.483502400000003], [70.1078545, 22.483538800000005], [70.1078004, 22.483482299999995]]]}}, {"type": "Feature", "properties": {"layer": "building", "distance_m": 270.5, "source": "Microsoft ML Buildings", "in_industrial_zone": false, "ghsl_2018": 0}, "geometry": {"type": "Polygon", "coordinates": [[[70.1082425, 22.483619300000008], [70.1082888, 22.483596000000002], [70.1083052, 22.4836237], [70.1082588, 22.483647100000002], [70.1082425, 22.483619300000008]]]}}, {"type": "Feature", "properties": {"layer": "building", "distance_m": 286.6, "source": "Google Open Buildings", "in_industrial_zone": false, "ghsl_2018": 0}, "geometry": {"type": "Polygon", "coordinates": [[[70.1084145, 22.483704], [70.1084366, 22.483725900000003], [70.1084097, 22.4837493], [70.1083876, 22.483727500000004], [70.1084145, 22.483704]]]}}, {"type": "Feature", "properties": {"layer": "building", "distance_m": 347.0, "source": "Google Open Buildings", "in_industrial_zone": false, "ghsl_2018": 0}, "geometry": {"type": "Polygon", "coordinates": [[[70.1088133, 22.484129800000005], [70.10886550000001, 22.484117800000007], [70.10888160000002, 22.484178200000006], [70.10882930000001, 22.4841902], [70.1088133, 22.484129800000005]]]}}, {"type": "Feature", "properties": {"layer": "building", "distance_m": 211.4, "source": "Google Open Buildings", "in_industrial_zone": false, "ghsl_2018": 1}, "geometry": {"type": "Polygon", "coordinates": [[[70.1091268, 22.479630800000002], [70.10916079999998, 22.479631400000006], [70.10915919999998, 22.479707700000002], [70.1091251, 22.479707100000002], [70.1091268, 22.479630800000002]]]}}, {"type": "Feature", "properties": {"layer": "building", "distance_m": 194.3, "source": "Google Open Buildings", "in_industrial_zone": false, "ghsl_2018": 1}, "geometry": {"type": "Polygon", "coordinates": [[[70.1091504, 22.480138600000004], [70.1092113, 22.4801331], [70.1092159, 22.480177200000004], [70.1091549, 22.4801827], [70.1091504, 22.480138600000004]]]}}, {"type": "Feature", "properties": {"layer": "building", "distance_m": 213.8, "source": "Google Open Buildings", "in_industrial_zone": false, "ghsl_2018": 1}, "geometry": {"type": "Polygon", "coordinates": [[[70.1091778, 22.4796323], [70.10936630000002, 22.4796341], [70.109365, 22.4797569], [70.10917640000001, 22.479755100000002], [70.1091778, 22.4796323]]]}}, {"type": "Feature", "properties": {"layer": "building", "distance_m": 276.6, "source": "Microsoft ML Buildings", "in_industrial_zone": false, "ghsl_2018": 1}, "geometry": {"type": "Polygon", "coordinates": [[[70.10914589999999, 22.478724000000007], [70.1091479, 22.478682000000003], [70.1092523, 22.478686000000003], [70.1092504, 22.478728100000005], [70.10914589999999, 22.478724000000007]]]}}, {"type": "Feature", "properties": {"layer": "building", "distance_m": 282.1, "source": "Microsoft ML Buildings", "in_industrial_zone": false, "ghsl_2018": 1}, "geometry": {"type": "Polygon", "coordinates": [[[70.1092735, 22.478638099999998], [70.1092726, 22.478680200000007], [70.1091734, 22.4786785], [70.10917419999998, 22.478636400000003], [70.1092735, 22.478638099999998]]]}}, {"type": "Feature", "properties": {"layer": "building", "distance_m": 254.5, "source": "Microsoft ML Buildings", "in_industrial_zone": false, "ghsl_2018": 1}, "geometry": {"type": "Polygon", "coordinates": [[[70.108837, 22.478651200000005], [70.1089737, 22.478648400000004], [70.1089756, 22.478730100000007], [70.10883889999998, 22.478732900000008], [70.108837, 22.478651200000005]]]}}, {"type": "Feature", "properties": {"layer": "building", "distance_m": 181.1, "source": "Google Open Buildings", "in_industrial_zone": false, "ghsl_2018": 1}, "geometry": {"type": "Polygon", "coordinates": [[[70.10874559999999, 22.47935030000001], [70.1090121, 22.479358000000005], [70.1090031, 22.479626], [70.10873659999999, 22.479618300000006], [70.10874559999999, 22.47935030000001]]]}}, {"type": "Feature", "properties": {"layer": "building", "distance_m": 147.3, "source": "Google Open Buildings", "in_industrial_zone": false, "ghsl_2018": 1}, "geometry": {"type": "Polygon", "coordinates": [[[70.1087098, 22.480252700000005], [70.1087775, 22.4802463], [70.1087825, 22.480292300000002], [70.1087149, 22.48029870000001], [70.1087098, 22.480252700000005]]]}}, {"type": "Feature", "properties": {"layer": "building", "distance_m": 142.3, "source": "Google Open Buildings", "in_industrial_zone": false, "ghsl_2018": 1}, "geometry": {"type": "Polygon", "coordinates": [[[70.1086608, 22.4802344], [70.1087108, 22.480237500000005], [70.1087078, 22.480278400000003], [70.1086579, 22.480275300000006], [70.1086608, 22.4802344]]]}}, {"type": "Feature", "properties": {"layer": "building", "distance_m": 257.0, "source": "Microsoft ML Buildings", "in_industrial_zone": false, "ghsl_2018": 1}, "geometry": {"type": "Polygon", "coordinates": [[[70.1087231, 22.4784948], [70.1088572, 22.478493600000004], [70.1088584, 22.47862], [70.1087243, 22.4786212], [70.1087231, 22.4784948]]]}}, {"type": "Feature", "properties": {"layer": "building", "distance_m": 243.6, "source": "Google Open Buildings", "in_industrial_zone": false, "ghsl_2018": 1}, "geometry": {"type": "Polygon", "coordinates": [[[70.10865249999999, 22.478678100000003], [70.1086949, 22.478679300000007], [70.1086934, 22.478722100000002], [70.10865099999998, 22.47872090000001], [70.10865249999999, 22.478678100000003]]]}}, {"type": "Feature", "properties": {"layer": "building", "distance_m": 188.2, "source": "Google Open Buildings", "in_industrial_zone": false, "ghsl_2018": 1}, "geometry": {"type": "Polygon", "coordinates": [[[70.10833000000001, 22.478991100000005], [70.1085149, 22.478995400000002], [70.1085113, 22.479125100000005], [70.10832639999998, 22.47912070000001], [70.10833000000001, 22.478991100000005]]]}}, {"type": "Feature", "properties": {"layer": "building", "distance_m": 201.1, "source": "Google Open Buildings", "in_industrial_zone": false, "ghsl_2018": 0}, "geometry": {"type": "Polygon", "coordinates": [[[70.10836820000002, 22.482845700000002], [70.10840740000002, 22.4828398], [70.10841270000002, 22.48287], [70.1083735, 22.4828759], [70.10836820000002, 22.482845700000002]]]}}, {"type": "Feature", "properties": {"layer": "building", "distance_m": 195.9, "source": "Google Open Buildings", "in_industrial_zone": false, "ghsl_2018": 0}, "geometry": {"type": "Polygon", "coordinates": [[[70.1083582, 22.482794700000007], [70.108401, 22.482790900000005], [70.1084033, 22.482813000000004], [70.10836060000001, 22.482816800000002], [70.1083582, 22.482794700000007]]]}}, {"type": "Feature", "properties": {"layer": "building", "distance_m": 195.3, "source": "Microsoft ML Buildings", "in_industrial_zone": false, "ghsl_2018": 0}, "geometry": {"type": "Polygon", "coordinates": [[[70.1082685, 22.482843200000005], [70.1083669, 22.4828349], [70.1083693, 22.4828595], [70.1082709, 22.482867699999996], [70.1082685, 22.482843200000005]]]}}, {"type": "Feature", "properties": {"layer": "building", "distance_m": 192.3, "source": "Google Open Buildings", "in_industrial_zone": false, "ghsl_2018": 0}, "geometry": {"type": "Polygon", "coordinates": [[[70.1082952, 22.4827953], [70.1083419, 22.482791700000003], [70.108344, 22.482815800000004], [70.1082974, 22.4828194], [70.1082952, 22.4827953]]]}}, {"type": "Feature", "properties": {"layer": "building", "distance_m": 137.1, "source": "Microsoft ML Buildings", "in_industrial_zone": false, "ghsl_2018": 0}, "geometry": {"type": "Polygon", "coordinates": [[[70.10825710000002, 22.482174400000012], [70.1083027, 22.482175300000005], [70.1083012, 22.4822422], [70.10825560000002, 22.48224130000001], [70.10825710000002, 22.482174400000012]]]}}, {"type": "Feature", "properties": {"layer": "building", "distance_m": 147.7, "source": "Microsoft ML Buildings", "in_industrial_zone": false, "ghsl_2018": 0}, "geometry": {"type": "Polygon", "coordinates": [[[70.1082582, 22.48231010000001], [70.1083085, 22.482304900000006], [70.108313, 22.48234160000001], [70.1082627, 22.4823468], [70.1082582, 22.48231010000001]]]}}, {"type": "Feature", "properties": {"layer": "building", "distance_m": 141.4, "source": "Google Open Buildings", "in_industrial_zone": false, "ghsl_2018": 0}, "geometry": {"type": "Polygon", "coordinates": [[[70.1083044, 22.482183200000005], [70.1083518, 22.4821788], [70.1083581, 22.482237400000002], [70.1083107, 22.482241800000008], [70.1083044, 22.482183200000005]]]}}, {"type": "Feature", "properties": {"layer": "building", "distance_m": 152.0, "source": "Google Open Buildings", "in_industrial_zone": false, "ghsl_2018": 0}, "geometry": {"type": "Polygon", "coordinates": [[[70.1083141, 22.482313400000006], [70.10837140000001, 22.4823083], [70.1083757, 22.4823505], [70.1083184, 22.4823556], [70.1083141, 22.482313400000006]]]}}, {"type": "Feature", "properties": {"layer": "building", "distance_m": 138.2, "source": "Google Open Buildings", "in_industrial_zone": false, "ghsl_2018": 1}, "geometry": {"type": "Polygon", "coordinates": [[[70.1079457, 22.4824561], [70.1079684, 22.482603200000003], [70.1078196, 22.482623], [70.1078011, 22.482502900000007], [70.1078552, 22.4824957], [70.10785110000002, 22.48246870000001], [70.1079457, 22.4824561]]]}}, {"type": "Feature", "properties": {"layer": "building", "distance_m": 157.8, "source": "Microsoft ML Buildings", "in_industrial_zone": false, "ghsl_2018": 1}, "geometry": {"type": "Polygon", "coordinates": [[[70.1077281, 22.4827444], [70.1076754, 22.4827538], [70.1076684, 22.4827203], [70.1077211, 22.482710900000008], [70.1077281, 22.4827444]]]}}, {"type": "Feature", "properties": {"layer": "building", "distance_m": 149.3, "source": "Microsoft ML Buildings", "in_industrial_zone": false, "ghsl_2018": 1}, "geometry": {"type": "Polygon", "coordinates": [[[70.107717, 22.482705400000004], [70.1076623, 22.482710800000003], [70.1076547, 22.482644600000008], [70.1077094, 22.482639200000005], [70.107717, 22.482705400000004]]]}}, {"type": "Feature", "properties": {"layer": "building", "distance_m": 137.5, "source": "Microsoft ML Buildings", "in_industrial_zone": false, "ghsl_2018": 1}, "geometry": {"type": "Polygon", "coordinates": [[[70.1076267, 22.48254160000001], [70.1076703, 22.482533], [70.1076937, 22.482635], [70.1076501, 22.482643600000007], [70.1076267, 22.48254160000001]]]}}, {"type": "Feature", "properties": {"layer": "building", "distance_m": 130.5, "source": "Microsoft ML Buildings", "in_industrial_zone": false, "ghsl_2018": 1}, "geometry": {"type": "Polygon", "coordinates": [[[70.10767, 22.482519200000002], [70.1076223, 22.482524100000003], [70.1076168, 22.4824776], [70.1076645, 22.482472700000006], [70.10767, 22.482519200000002]]]}}, {"type": "Feature", "properties": {"layer": "building", "distance_m": 77.1, "source": "Google Open Buildings", "in_industrial_zone": false, "ghsl_2018": 1}, "geometry": {"type": "Polygon", "coordinates": [[[70.1074994, 22.482007400000004], [70.1075415, 22.482016300000005], [70.1075321, 22.48205480000001], [70.1074899, 22.4820459], [70.1074994, 22.482007400000004]]]}}, {"type": "Feature", "properties": {"layer": "building", "distance_m": 69.4, "source": "Google Open Buildings", "in_industrial_zone": false, "ghsl_2018": 1}, "geometry": {"type": "Polygon", "coordinates": [[[70.1075296, 22.481936900000004], [70.1075193, 22.481991199999996], [70.1074928, 22.481986899999995], [70.107503, 22.4819326], [70.1075296, 22.481936900000004]]]}}, {"type": "Feature", "properties": {"layer": "building", "distance_m": 38.6, "source": "Google Open Buildings", "in_industrial_zone": false, "ghsl_2018": 1}, "geometry": {"type": "Polygon", "coordinates": [[[70.1076616, 22.481213200000003], [70.1076982, 22.481207600000005], [70.10770550000001, 22.481249000000002], [70.1076689, 22.4812546], [70.1076616, 22.481213200000003]]]}}, {"type": "Feature", "properties": {"layer": "building", "distance_m": 44.2, "source": "Google Open Buildings", "in_industrial_zone": false, "ghsl_2018": 0}, "geometry": {"type": "Polygon", "coordinates": [[[70.1077178, 22.481202200000002], [70.1077745, 22.481196500000006], [70.1077786, 22.481232300000006], [70.1077219, 22.481237999999998], [70.1077178, 22.481202200000002]]]}}, {"type": "Feature", "properties": {"layer": "building", "distance_m": 42.1, "source": "Microsoft ML Buildings", "in_industrial_zone": false, "ghsl_2018": 0}, "geometry": {"type": "Polygon", "coordinates": [[[70.1076925, 22.4813705], [70.1076833, 22.481309700000008], [70.10776220000001, 22.481299500000002], [70.1077714, 22.481360300000006], [70.1076925, 22.4813705]]]}}, {"type": "Feature", "properties": {"layer": "building", "distance_m": 101.8, "source": "Microsoft ML Buildings", "in_industrial_zone": false, "ghsl_2018": 1}, "geometry": {"type": "Polygon", "coordinates": [[[70.1075175, 22.479396200000014], [70.10746389999998, 22.479396800000007], [70.10746289999999, 22.479326100000005], [70.1075165, 22.47932540000001], [70.1075175, 22.479396200000014]]]}}, {"type": "Feature", "properties": {"layer": "building", "distance_m": 118.5, "source": "Google Open Buildings", "in_industrial_zone": false, "ghsl_2018": 1}, "geometry": {"type": "Polygon", "coordinates": [[[70.1075198, 22.47917140000001], [70.1075499, 22.4791733], [70.1075476, 22.479205100000005], [70.1075175, 22.479203200000008], [70.1075198, 22.47917140000001]]]}}, {"type": "Feature", "properties": {"layer": "building", "distance_m": 128.6, "source": "Microsoft ML Buildings", "in_industrial_zone": false, "ghsl_2018": 1}, "geometry": {"type": "Polygon", "coordinates": [[[70.1074512, 22.479004000000003], [70.1074559, 22.478823200000008], [70.1076087, 22.4788266], [70.107604, 22.479007400000008], [70.1074512, 22.479004000000003]]]}}, {"type": "Feature", "properties": {"layer": "building", "distance_m": 146.7, "source": "Microsoft ML Buildings", "in_industrial_zone": false, "ghsl_2018": 1}, "geometry": {"type": "Polygon", "coordinates": [[[70.1076127, 22.478920600000002], [70.1076153, 22.478862600000006], [70.1076688, 22.478864600000005], [70.1076663, 22.478922600000008], [70.1076127, 22.478920600000002]]]}}, {"type": "Feature", "properties": {"layer": "building", "distance_m": 163.6, "source": "Google Open Buildings", "in_industrial_zone": false, "ghsl_2018": 1}, "geometry": {"type": "Polygon", "coordinates": [[[70.107677, 22.478739100000002], [70.1077326, 22.478742000000008], [70.107731, 22.4787689], [70.1076754, 22.478766000000004], [70.107677, 22.478739100000002]]]}}, {"type": "Feature", "properties": {"layer": "building", "distance_m": 162.2, "source": "Microsoft ML Buildings", "in_industrial_zone": false, "ghsl_2018": 1}, "geometry": {"type": "Polygon", "coordinates": [[[70.10780139999999, 22.478755600000007], [70.1077982, 22.478834799999998], [70.1077301, 22.4788325], [70.1077332, 22.478753300000005], [70.10780139999999, 22.478755600000007]]]}}, {"type": "Feature", "properties": {"layer": "building", "distance_m": 159.4, "source": "Google Open Buildings", "in_industrial_zone": false, "ghsl_2018": 1}, "geometry": {"type": "Polygon", "coordinates": [[[70.1076853, 22.478766500000003], [70.107731, 22.4787689], [70.1077275, 22.4788256], [70.1076819, 22.478823200000015], [70.1076853, 22.478766500000003]]]}}, {"type": "Feature", "properties": {"layer": "building", "distance_m": 142.5, "source": "Google Open Buildings", "in_industrial_zone": false, "ghsl_2018": 1}, "geometry": {"type": "Polygon", "coordinates": [[[70.1077048, 22.479021], [70.10773890000002, 22.479023800000004], [70.1077343, 22.479071500000003], [70.1077002, 22.479068600000005], [70.1077048, 22.479021]]]}}, {"type": "Feature", "properties": {"layer": "building", "distance_m": 198.5, "source": "Microsoft ML Buildings", "in_industrial_zone": false, "ghsl_2018": 1}, "geometry": {"type": "Polygon", "coordinates": [[[70.10844150000001, 22.478985299999998], [70.1082941, 22.478981599999997], [70.1082972, 22.478875099999993], [70.1084446, 22.478878800000004], [70.10844150000001, 22.478985299999998]]]}}, {"type": "Feature", "properties": {"layer": "building", "distance_m": 220.8, "source": "Google Open Buildings", "in_industrial_zone": false, "ghsl_2018": 1}, "geometry": {"type": "Polygon", "coordinates": [[[70.1083491, 22.478647999999996], [70.1083913, 22.4786497], [70.1083893, 22.478692700000007], [70.10834709999999, 22.47869100000002], [70.1083491, 22.478647999999996]]]}}, {"type": "Feature", "properties": {"layer": "building", "distance_m": 236.4, "source": "Google Open Buildings", "in_industrial_zone": false, "ghsl_2018": 1}, "geometry": {"type": "Polygon", "coordinates": [[[70.1082838, 22.478291900000006], [70.1082821, 22.47833599999999], [70.1082132, 22.478333799999998], [70.1082149, 22.478289600000007], [70.1082838, 22.478291900000006]]]}}, {"type": "Feature", "properties": {"layer": "building", "distance_m": 225.5, "source": "Google Open Buildings", "in_industrial_zone": false, "ghsl_2018": 1}, "geometry": {"type": "Polygon", "coordinates": [[[70.1080595, 22.478105100000008], [70.1082906, 22.478112700000004], [70.1082858, 22.478238300000008], [70.1082552, 22.478237300000004], [70.1082535, 22.478281600000006], [70.1081831, 22.478279299999997], [70.1081811, 22.4783327], [70.108051, 22.478328500000007], [70.1080595, 22.478105100000008]]]}}, {"type": "Feature", "properties": {"layer": "building", "distance_m": 253.3, "source": "Google Open Buildings", "in_industrial_zone": false, "ghsl_2018": 1}, "geometry": {"type": "Polygon", "coordinates": [[[70.1081921, 22.478044700000012], [70.1082624, 22.478046999999997], [70.1082599, 22.4781117], [70.10818959999999, 22.478109400000008], [70.1081921, 22.478044700000012]]]}}, {"type": "Feature", "properties": {"layer": "building", "distance_m": 312.4, "source": "Google Open Buildings", "in_industrial_zone": false, "ghsl_2018": 1}, "geometry": {"type": "Polygon", "coordinates": [[[70.1083061, 22.477302200000004], [70.1083502, 22.4773035], [70.10834250000002, 22.477521], [70.1082983, 22.477519600000008], [70.1083061, 22.477302200000004]]]}}, {"type": "Feature", "properties": {"layer": "building", "distance_m": 383.9, "source": "Microsoft ML Buildings", "in_industrial_zone": false, "ghsl_2018": 1}, "geometry": {"type": "Polygon", "coordinates": [[[70.1083127, 22.476745200000003], [70.1084011, 22.4767483], [70.1083997, 22.4767818], [70.1083113, 22.476778600000003], [70.1083127, 22.476745200000003]]]}}, {"type": "Feature", "properties": {"layer": "building", "distance_m": 405.6, "source": "Google Open Buildings", "in_industrial_zone": false, "ghsl_2018": 1}, "geometry": {"type": "Polygon", "coordinates": [[[70.1081312, 22.476457900000003], [70.1082192, 22.4764598], [70.1082185, 22.476487500000005], [70.1081305, 22.476485700000005], [70.1081312, 22.476457900000003]]]}}, {"type": "Feature", "properties": {"layer": "building", "distance_m": 321.0, "source": "Google Open Buildings", "in_industrial_zone": false, "ghsl_2018": 1}, "geometry": {"type": "Polygon", "coordinates": [[[70.1080694, 22.4772727], [70.1081196, 22.477274299999994], [70.1081186, 22.477303600000006], [70.1080684, 22.47730200000001], [70.1080694, 22.4772727]]]}}, {"type": "Feature", "properties": {"layer": "building", "distance_m": 317.1, "source": "Google Open Buildings", "in_industrial_zone": false, "ghsl_2018": 1}, "geometry": {"type": "Polygon", "coordinates": [[[70.1080684, 22.47730200000001], [70.108145, 22.4773044], [70.1081437, 22.4773432], [70.108067, 22.477340899999998], [70.1080684, 22.47730200000001]]]}}, {"type": "Feature", "properties": {"layer": "building", "distance_m": 353.8, "source": "Google Open Buildings", "in_industrial_zone": false, "ghsl_2018": 1}, "geometry": {"type": "Polygon", "coordinates": [[[70.1080706, 22.476935500000007], [70.1081015, 22.47693659999999], [70.1081001, 22.476973], [70.1080691, 22.476972000000004], [70.1080706, 22.476935500000007]]]}}, {"type": "Feature", "properties": {"layer": "building", "distance_m": 395.9, "source": "Microsoft ML Buildings", "in_industrial_zone": false, "ghsl_2018": 1}, "geometry": {"type": "Polygon", "coordinates": [[[70.1080725, 22.4764819], [70.1079438, 22.476480400000007], [70.1079444, 22.4764371], [70.1080731, 22.476438600000005], [70.1080725, 22.4764819]]]}}, {"type": "Feature", "properties": {"layer": "building", "distance_m": 408.8, "source": "Google Open Buildings", "in_industrial_zone": false, "ghsl_2018": 1}, "geometry": {"type": "Polygon", "coordinates": [[[70.1079537, 22.476313900000005], [70.1080402, 22.476315800000005], [70.1080393, 22.4763513], [70.1079528, 22.476349400000007], [70.1079537, 22.476313900000005]]]}}, {"type": "Feature", "properties": {"layer": "building", "distance_m": 347.5, "source": "Microsoft ML Buildings", "in_industrial_zone": false, "ghsl_2018": 1}, "geometry": {"type": "Polygon", "coordinates": [[[70.1078213, 22.476928000000008], [70.1078252, 22.4768116], [70.1080985, 22.476819300000006], [70.1080947, 22.476935699999995], [70.1078213, 22.476928000000008]]]}}, {"type": "Feature", "properties": {"layer": "building", "distance_m": 323.1, "source": "Google Open Buildings", "in_industrial_zone": false, "ghsl_2018": 1}, "geometry": {"type": "Polygon", "coordinates": [[[70.1078818, 22.477127], [70.1078827, 22.477100100000005], [70.1081255, 22.4771075], [70.1081196, 22.477274299999994], [70.1080515, 22.477272200000012], [70.1080552, 22.477168100000007], [70.1079222, 22.477164], [70.1079235, 22.477128300000004], [70.1078818, 22.477127]]]}}, {"type": "Feature", "properties": {"layer": "building", "distance_m": 311.2, "source": "Microsoft ML Buildings", "in_industrial_zone": false, "ghsl_2018": 1}, "geometry": {"type": "Polygon", "coordinates": [[[70.1080577, 22.477365100000004], [70.107988, 22.477362700000015], [70.1079892, 22.477334300000006], [70.1080588, 22.477336800000007], [70.1080577, 22.477365100000004]]]}}, {"type": "Feature", "properties": {"layer": "building", "distance_m": 297.1, "source": "Microsoft ML Buildings", "in_industrial_zone": false, "ghsl_2018": 1}, "geometry": {"type": "Polygon", "coordinates": [[[70.1079106, 22.477406400000003], [70.107956, 22.477409100000003], [70.1079573, 22.477390700000004], [70.1079934, 22.477392899999998], [70.1079878, 22.477471900000005], [70.1079063, 22.4774669], [70.1079106, 22.477406400000003]]]}}, {"type": "Feature", "properties": {"layer": "building", "distance_m": 300.8, "source": "Google Open Buildings", "in_industrial_zone": false, "ghsl_2018": 1}, "geometry": {"type": "Polygon", "coordinates": [[[70.108089, 22.477492899999998], [70.1081278, 22.477496000000006], [70.1081254, 22.477522400000005], [70.1080866, 22.4775193], [70.108089, 22.477492899999998]]]}}, {"type": "Feature", "properties": {"layer": "building", "distance_m": 247.8, "source": "Google Open Buildings", "in_industrial_zone": false, "ghsl_2018": 1}, "geometry": {"type": "Polygon", "coordinates": [[[70.1080006, 22.477946500000005], [70.1082502, 22.477955900000012], [70.1082464, 22.478043400000004], [70.1079968, 22.478034000000005], [70.1080006, 22.477946500000005]]]}}, {"type": "Feature", "properties": {"layer": "building", "distance_m": 213.8, "source": "Google Open Buildings", "in_industrial_zone": false, "ghsl_2018": 1}, "geometry": {"type": "Polygon", "coordinates": [[[70.108076, 22.478405100000003], [70.1081565, 22.478408500000008], [70.1081524, 22.478494200000004], [70.1080719, 22.478490800000003], [70.108076, 22.478405100000003]]]}}, {"type": "Feature", "properties": {"layer": "building", "distance_m": 235.3, "source": "Google Open Buildings", "in_industrial_zone": false, "ghsl_2018": 1}, "geometry": {"type": "Polygon", "coordinates": [[[70.1079518, 22.4780888], [70.107995, 22.4780902], [70.107993, 22.478143200000005], [70.1079498, 22.478141800000007], [70.1079518, 22.4780888]]]}}, {"type": "Feature", "properties": {"layer": "building", "distance_m": 209.5, "source": "Google Open Buildings", "in_industrial_zone": false, "ghsl_2018": 1}, "geometry": {"type": "Polygon", "coordinates": [[[70.1079437, 22.4783915], [70.10798000000001, 22.478393900000007], [70.1079769, 22.478433500000005], [70.1079406, 22.478431], [70.1079437, 22.4783915]]]}}, {"type": "Feature", "properties": {"layer": "building", "distance_m": 208.5, "source": "Google Open Buildings", "in_industrial_zone": false, "ghsl_2018": 1}, "geometry": {"type": "Polygon", "coordinates": [[[70.10791170000002, 22.47838300000001], [70.1079477, 22.478384500000004], [70.1079459, 22.478420200000002], [70.10791, 22.478418700000006], [70.10791170000002, 22.47838300000001]]]}}, {"type": "Feature", "properties": {"layer": "building", "distance_m": 212.5, "source": "Microsoft ML Buildings", "in_industrial_zone": false, "ghsl_2018": 1}, "geometry": {"type": "Polygon", "coordinates": [[[70.1077004, 22.4781327], [70.1077647, 22.478134600000004], [70.10776260000002, 22.4781929], [70.1079421, 22.478198400000004], [70.1079382, 22.47830850000001], [70.1078137, 22.478304700000002], [70.1078152, 22.478262600000004], [70.1077816, 22.4782616], [70.1077833, 22.4782145], [70.1076976, 22.4782119], [70.1077004, 22.4781327]]]}}, {"type": "Feature", "properties": {"layer": "building", "distance_m": 293.5, "source": "Microsoft ML Buildings", "in_industrial_zone": false, "ghsl_2018": 1}, "geometry": {"type": "Polygon", "coordinates": [[[70.1077708, 22.477443200000003], [70.1077745, 22.477341700000004], [70.1078536, 22.477344099999996], [70.1078499, 22.4774456], [70.1077708, 22.477443200000003]]]}}, {"type": "Feature", "properties": {"layer": "building", "distance_m": 290.1, "source": "Google Open Buildings", "in_industrial_zone": false, "ghsl_2018": 1}, "geometry": {"type": "Polygon", "coordinates": [[[70.107718, 22.477360800000003], [70.1077607, 22.4773636], [70.1077538, 22.477455600000006], [70.1077112, 22.477452900000003], [70.107718, 22.477360800000003]]]}}, {"type": "Feature", "properties": {"layer": "building", "distance_m": 207.1, "source": "Microsoft ML Buildings", "in_industrial_zone": false, "ghsl_2018": 1}, "geometry": {"type": "Polygon", "coordinates": [[[70.1078106, 22.478261800000013], [70.1078051, 22.478308300000005], [70.1077123, 22.478299100000008], [70.1077178, 22.478252500000007], [70.1078106, 22.478261800000013]]]}}, {"type": "Feature", "properties": {"layer": "building", "distance_m": 191.2, "source": "Microsoft ML Buildings", "in_industrial_zone": false, "ghsl_2018": 1}, "geometry": {"type": "Polygon", "coordinates": [[[70.1076159, 22.47829400000001], [70.1073666, 22.47828760000001], [70.1073717, 22.4781192], [70.107621, 22.47812559999999], [70.1076159, 22.47829400000001]]]}}, {"type": "Feature", "properties": {"layer": "building", "distance_m": 342.8, "source": "Google Open Buildings", "in_industrial_zone": false, "ghsl_2018": 1}, "geometry": {"type": "Polygon", "coordinates": [[[70.107603, 22.476804500000004], [70.10769, 22.4768106], [70.1076865, 22.476854], [70.1075994, 22.476847900000003], [70.107603, 22.476804500000004]]]}}, {"type": "Feature", "properties": {"layer": "building", "distance_m": 327.6, "source": "Google Open Buildings", "in_industrial_zone": false, "ghsl_2018": 1}, "geometry": {"type": "Polygon", "coordinates": [[[70.107636, 22.4769438], [70.1076909, 22.476945], [70.1076888, 22.4770287], [70.1076339, 22.477027500000005], [70.107636, 22.4769438]]]}}, {"type": "Feature", "properties": {"layer": "building", "distance_m": 325.6, "source": "Microsoft ML Buildings", "in_industrial_zone": false, "ghsl_2018": 1}, "geometry": {"type": "Polygon", "coordinates": [[[70.1075911, 22.47702410000001], [70.107589, 22.4769349], [70.1076238, 22.47693420000001], [70.107626, 22.477023300000006], [70.1075911, 22.47702410000001]]]}}, {"type": "Feature", "properties": {"layer": "building", "distance_m": 354.8, "source": "Microsoft ML Buildings", "in_industrial_zone": false, "ghsl_2018": 1}, "geometry": {"type": "Polygon", "coordinates": [[[70.1075528, 22.476699600000003], [70.1075574, 22.4766654], [70.1075944, 22.476669699999995], [70.10758980000001, 22.476703800000003], [70.1075528, 22.476699600000003]]]}}, {"type": "Feature", "properties": {"layer": "building", "distance_m": 356.5, "source": "Google Open Buildings", "in_industrial_zone": false, "ghsl_2018": 1}, "geometry": {"type": "Polygon", "coordinates": [[[70.1076248, 22.4766829], [70.1076637, 22.476683299999994], [70.1076633, 22.476718900000005], [70.1076244, 22.476718500000008], [70.1076248, 22.4766829]]]}}, {"type": "Feature", "properties": {"layer": "building", "distance_m": 358.6, "source": "Google Open Buildings", "in_industrial_zone": false, "ghsl_2018": 1}, "geometry": {"type": "Polygon", "coordinates": [[[70.1076146, 22.476669199999996], [70.1076584, 22.4766689], [70.1076585, 22.4766911], [70.1076148, 22.476691400000007], [70.1076146, 22.476669199999996]]]}}, {"type": "Feature", "properties": {"layer": "building", "distance_m": 374.8, "source": "Google Open Buildings", "in_industrial_zone": false, "ghsl_2018": 1}, "geometry": {"type": "Polygon", "coordinates": [[[70.107623, 22.4765021], [70.1076813, 22.476501700000007], [70.1076815, 22.476528800000008], [70.1076232, 22.476529200000005], [70.107623, 22.4765021]]]}}, {"type": "Feature", "properties": {"layer": "building", "distance_m": 380.4, "source": "Microsoft ML Buildings", "in_industrial_zone": false, "ghsl_2018": 1}, "geometry": {"type": "Polygon", "coordinates": [[[70.1076968, 22.4764412], [70.1078281, 22.476437800000006], [70.1078302, 22.476506], [70.1076989, 22.476509400000005], [70.1076968, 22.4764412]]]}}, {"type": "Feature", "properties": {"layer": "building", "distance_m": 299.7, "source": "Google Open Buildings", "in_industrial_zone": false, "ghsl_2018": 1}, "geometry": {"type": "Polygon", "coordinates": [[[70.1076309, 22.477167400000003], [70.1077965, 22.47717250000001], [70.1077908, 22.4773325], [70.1076252, 22.477327399999997], [70.1076309, 22.477167400000003]]]}}, {"type": "Feature", "properties": {"layer": "building", "distance_m": 320.7, "source": "Google Open Buildings", "in_industrial_zone": false, "ghsl_2018": 1}, "geometry": {"type": "Polygon", "coordinates": [[[70.1077552, 22.477125499999996], [70.1078858, 22.477129], [70.1078844, 22.477173900000007], [70.1077538, 22.477170400000006], [70.1077552, 22.477125499999996]]]}}, {"type": "Feature", "properties": {"layer": "building", "distance_m": 308.7, "source": "Microsoft ML Buildings", "in_industrial_zone": false, "ghsl_2018": 1}, "geometry": {"type": "Polygon", "coordinates": [[[70.10785, 22.477311300000007], [70.1078098, 22.477310000000006], [70.1078149, 22.4771788], [70.1078551, 22.477180200000003], [70.10785, 22.477311300000007]]]}}, {"type": "Feature", "properties": {"layer": "building", "distance_m": 307.2, "source": "Google Open Buildings", "in_industrial_zone": false, "ghsl_2018": 1}, "geometry": {"type": "Polygon", "coordinates": [[[70.1078736, 22.477272999999997], [70.1079243, 22.4772753], [70.1079203, 22.4773518], [70.1078697, 22.4773495], [70.1078736, 22.477272999999997]]]}}, {"type": "Feature", "properties": {"layer": "building", "distance_m": 314.5, "source": "Google Open Buildings", "in_industrial_zone": false, "ghsl_2018": 1}, "geometry": {"type": "Polygon", "coordinates": [[[70.1078709, 22.477191400000002], [70.1079194, 22.4771934], [70.1079156, 22.4772778], [70.10786710000002, 22.4772759], [70.1078709, 22.477191400000002]]]}}, {"type": "Feature", "properties": {"layer": "building", "distance_m": 332.3, "source": "Google Open Buildings", "in_industrial_zone": false, "ghsl_2018": 1}, "geometry": {"type": "Polygon", "coordinates": [[[70.107872, 22.477024300000004], [70.1079572, 22.4770275], [70.1079539, 22.477104200000007], [70.1078687, 22.477100999999998], [70.107872, 22.477024300000004]]]}}, {"type": "Feature", "properties": {"layer": "building", "distance_m": 371.9, "source": "Google Open Buildings", "in_industrial_zone": false, "ghsl_2018": 1}, "geometry": {"type": "Polygon", "coordinates": [[[70.1077821, 22.47661490000001], [70.10786790000002, 22.476612700000004], [70.1078688, 22.476641400000002], [70.1077829, 22.476643500000005], [70.1077821, 22.47661490000001]]]}}, {"type": "Feature", "properties": {"layer": "building", "distance_m": 379.0, "source": "Microsoft ML Buildings", "in_industrial_zone": false, "ghsl_2018": 1}, "geometry": {"type": "Polygon", "coordinates": [[[70.1078302, 22.476594800000004], [70.1078376, 22.476434], [70.1079421, 22.476438100000006], [70.1079346, 22.476598900000006], [70.1078302, 22.476594800000004]]]}}, {"type": "Feature", "properties": {"layer": "building", "distance_m": 458.2, "source": "Google Open Buildings", "in_industrial_zone": false, "ghsl_2018": 1}, "geometry": {"type": "Polygon", "coordinates": [[[70.1076023, 22.4755616], [70.1076753, 22.475564000000002], [70.1076704, 22.475690300000004], [70.1075974, 22.475687800000006], [70.1076023, 22.4755616]]]}}, {"type": "Feature", "properties": {"layer": "building", "distance_m": 459.9, "source": "Google Open Buildings", "in_industrial_zone": false, "ghsl_2018": 1}, "geometry": {"type": "Polygon", "coordinates": [[[70.1079122, 22.475582800000005], [70.1080284, 22.475584500000004], [70.1080276, 22.475632399999995], [70.1080114, 22.475632100000006], [70.1080091, 22.475764400000003], [70.1080254, 22.475764700000003], [70.1080247, 22.47580360000001], [70.1079085, 22.475801900000004], [70.1079122, 22.475582800000005]]]}}, {"type": "Feature", "properties": {"layer": "building", "distance_m": 436.2, "source": "Google Open Buildings", "in_industrial_zone": false, "ghsl_2018": 1}, "geometry": {"type": "Polygon", "coordinates": [[[70.1079683, 22.475843300000005], [70.1080938, 22.47584610000001], [70.1080879, 22.476072300000006], [70.1079624, 22.4760695], [70.1079683, 22.475843300000005]]]}}, {"type": "Feature", "properties": {"layer": "building", "distance_m": 408.8, "source": "Google Open Buildings", "in_industrial_zone": false, "ghsl_2018": 1}, "geometry": {"type": "Polygon", "coordinates": [[[70.1078653, 22.476147000000005], [70.1084101, 22.476158700000003], [70.1084062, 22.476312199999995], [70.1078615, 22.476300499999997], [70.1078653, 22.476147000000005]]]}}, {"type": "Feature", "properties": {"layer": "building", "distance_m": 489.0, "source": "Microsoft ML Buildings", "in_industrial_zone": false, "ghsl_2018": 1}, "geometry": {"type": "Polygon", "coordinates": [[[70.1081936, 22.475516500000012], [70.1081926, 22.475580900000004], [70.1080612, 22.475579099999997], [70.1080622, 22.4755147], [70.1081936, 22.475516500000012]]]}}, {"type": "Feature", "properties": {"layer": "building", "distance_m": 492.8, "source": "Google Open Buildings", "in_industrial_zone": false, "ghsl_2018": 1}, "geometry": {"type": "Polygon", "coordinates": [[[70.10862500000002, 22.4757526], [70.1086692, 22.475753400000002], [70.1086675, 22.47582800000001], [70.1086233, 22.475827100000004], [70.10862500000002, 22.4757526]]]}}, {"type": "Feature", "properties": {"layer": "building", "distance_m": 457.2, "source": "Google Open Buildings", "in_industrial_zone": false, "ghsl_2018": 1}, "geometry": {"type": "Polygon", "coordinates": [[[70.1084521, 22.47591690000001], [70.10861320000001, 22.4759234], [70.10860450000001, 22.476109899999997], [70.1084435, 22.476103499999997], [70.1084521, 22.47591690000001]]]}}, {"type": "Feature", "properties": {"layer": "building", "distance_m": 413.4, "source": "Microsoft ML Buildings", "in_industrial_zone": false, "ghsl_2018": 1}, "geometry": {"type": "Polygon", "coordinates": [[[70.1083718, 22.476383100000003], [70.1083706, 22.4764476], [70.1084725, 22.476449200000005], [70.1084719, 22.4764839], [70.1083083, 22.476481299999996], [70.1083101, 22.4763822], [70.1083718, 22.476383100000003]]]}}, {"type": "Feature", "properties": {"layer": "building", "distance_m": 346.6, "source": "Google Open Buildings", "in_industrial_zone": false, "ghsl_2018": 1}, "geometry": {"type": "Polygon", "coordinates": [[[70.1085538, 22.477261600000006], [70.1086238, 22.47726350000001], [70.1086224, 22.477308500000003], [70.1085524, 22.477306600000006], [70.1085538, 22.477261600000006]]]}}, {"type": "Feature", "properties": {"layer": "building", "distance_m": 331.4, "source": "Google Open Buildings", "in_industrial_zone": false, "ghsl_2018": 1}, "geometry": {"type": "Polygon", "coordinates": [[[70.10852090000002, 22.4773057], [70.10867510000001, 22.4773099], [70.1086706, 22.477455100000007], [70.1085163, 22.477451000000002], [70.10852090000002, 22.4773057]]]}}, {"type": "Feature", "properties": {"layer": "building", "distance_m": 331.9, "source": "Google Open Buildings", "in_industrial_zone": false, "ghsl_2018": 1}, "geometry": {"type": "Polygon", "coordinates": [[[70.108683, 22.477089000000003], [70.1086806, 22.4771613], [70.108527, 22.477156800000003], [70.1085199, 22.4773657], [70.1083862, 22.4773617], [70.1083881, 22.4773042], [70.1083047, 22.477301700000005], [70.1083085, 22.477190600000007], [70.1083547, 22.4771919], [70.1083561, 22.4771517], [70.1084462, 22.477154400000003], [70.1084487, 22.477081999999996], [70.108683, 22.477089000000003]]]}}, {"type": "Feature", "properties": {"layer": "building", "distance_m": 316.9, "source": "Microsoft ML Buildings", "in_industrial_zone": false, "ghsl_2018": 1}, "geometry": {"type": "Polygon", "coordinates": [[[70.1083715, 22.4775165], [70.1083742, 22.477447100000006], [70.1084412, 22.4774494], [70.1084385, 22.4775187], [70.1083715, 22.4775165]]]}}, {"type": "Feature", "properties": {"layer": "building", "distance_m": 232.3, "source": "Google Open Buildings", "in_industrial_zone": false, "ghsl_2018": 1}, "geometry": {"type": "Polygon", "coordinates": [[[70.1083575, 22.478410100000005], [70.1084698, 22.478414600000004], [70.1084644, 22.47853170000001], [70.1085358, 22.478534500000002], [70.1085327, 22.478600700000005], [70.10844380000002, 22.47859710000001], [70.1084468, 22.478531000000004], [70.1083521, 22.478527200000006], [70.1083575, 22.478410100000005]]]}}, {"type": "Feature", "properties": {"layer": "building", "distance_m": 253.9, "source": "Google Open Buildings", "in_industrial_zone": false, "ghsl_2018": 1}, "geometry": {"type": "Polygon", "coordinates": [[[70.1085533, 22.4784185], [70.1086028, 22.4784137], [70.10860669999998, 22.478448800000006], [70.10855729999999, 22.47845360000001], [70.1085533, 22.4784185]]]}}, {"type": "Feature", "properties": {"layer": "building", "distance_m": 396.2, "source": "Google Open Buildings", "in_industrial_zone": false, "ghsl_2018": 1}, "geometry": {"type": "Polygon", "coordinates": [[[70.1085683, 22.476475100000005], [70.1087135, 22.476482200000007], [70.1086946, 22.476812200000005], [70.1086127, 22.476808100000003], [70.1086217, 22.476650799999994], [70.10855840000002, 22.476647699999997], [70.1085683, 22.476475100000005]]]}}, {"type": "Feature", "properties": {"layer": "building", "distance_m": 495.0, "source": "Microsoft ML Buildings", "in_industrial_zone": false, "ghsl_2018": 1}, "geometry": {"type": "Polygon", "coordinates": [[[70.1089138, 22.4758125], [70.10890990000001, 22.475889100000007], [70.10880020000002, 22.475884400000005], [70.10880410000001, 22.4758077], [70.1089138, 22.4758125]]]}}, {"type": "Feature", "properties": {"layer": "building", "distance_m": 487.1, "source": "Google Open Buildings", "in_industrial_zone": false, "ghsl_2018": 1}, "geometry": {"type": "Polygon", "coordinates": [[[70.10954810000001, 22.4760962], [70.10954360000001, 22.4763942], [70.10951890000001, 22.4763939], [70.1095235, 22.476095900000008], [70.10954810000001, 22.4760962]]]}}, {"type": "Feature", "properties": {"layer": "building", "distance_m": 439.0, "source": "Google Open Buildings", "in_industrial_zone": false, "ghsl_2018": 1}, "geometry": {"type": "Polygon", "coordinates": [[[70.10982170000001, 22.477194300000008], [70.109971, 22.477201300000004], [70.109968, 22.47725720000001], [70.1098187, 22.477250200000004], [70.10982170000001, 22.477194300000008]]]}}, {"type": "Feature", "properties": {"layer": "building", "distance_m": 446.5, "source": "Google Open Buildings", "in_industrial_zone": false, "ghsl_2018": 1}, "geometry": {"type": "Polygon", "coordinates": [[[70.1098751, 22.477021300000008], [70.1100338, 22.477028699999998], [70.1100244, 22.47720380000001], [70.10986560000002, 22.477196300000006], [70.1098751, 22.477021300000008]]]}}, {"type": "Feature", "properties": {"layer": "building", "distance_m": 477.2, "source": "Google Open Buildings", "in_industrial_zone": false, "ghsl_2018": 1}, "geometry": {"type": "Polygon", "coordinates": [[[70.10983150000001, 22.476585900000003], [70.10991340000001, 22.476586499999996], [70.10991200000001, 22.476762399999995], [70.1098301, 22.476761800000002], [70.10983150000001, 22.476585900000003]]]}}, {"type": "Feature", "properties": {"layer": "building", "distance_m": 491.7, "source": "Microsoft ML Buildings", "in_industrial_zone": false, "ghsl_2018": 1}, "geometry": {"type": "Polygon", "coordinates": [[[70.10999320000002, 22.4765584], [70.1097974, 22.476555100000002], [70.10980040000001, 22.476404000000002], [70.1099962, 22.476407300000005], [70.10999320000002, 22.4765584]]]}}, {"type": "Feature", "properties": {"layer": "building", "distance_m": 492.0, "source": "Google Open Buildings", "in_industrial_zone": false, "ghsl_2018": 1}, "geometry": {"type": "Polygon", "coordinates": [[[70.1100481, 22.476585100000005], [70.1101393, 22.476588100000008], [70.11013230000002, 22.476771000000003], [70.1100411, 22.476768000000003], [70.1100481, 22.476585100000005]]]}}, {"type": "Feature", "properties": {"layer": "building", "distance_m": 473.9, "source": "Google Open Buildings", "in_industrial_zone": false, "ghsl_2018": 1}, "geometry": {"type": "Polygon", "coordinates": [[[70.11006510000001, 22.476973900000004], [70.11017410000002, 22.476978999999996], [70.1101711, 22.477035099999995], [70.110062, 22.47703000000001], [70.11006510000001, 22.476973900000004]]]}}, {"type": "Feature", "properties": {"layer": "building", "distance_m": 454.7, "source": "Google Open Buildings", "in_industrial_zone": false, "ghsl_2018": 1}, "geometry": {"type": "Polygon", "coordinates": [[[70.110121, 22.477327700000004], [70.110184, 22.4773311], [70.11018170000001, 22.4773691], [70.1101187, 22.47736570000001], [70.110121, 22.477327700000004]]]}}, {"type": "Feature", "properties": {"layer": "building", "distance_m": 423.0, "source": "Microsoft ML Buildings", "in_industrial_zone": false, "ghsl_2018": 1}, "geometry": {"type": "Polygon", "coordinates": [[[70.110053, 22.477580400000008], [70.11009449999999, 22.477581400000005], [70.11009100000001, 22.477697800000005], [70.11004940000001, 22.477696800000004], [70.110053, 22.477580400000008]]]}}, {"type": "Feature", "properties": {"layer": "building", "distance_m": 442.6, "source": "Google Open Buildings", "in_industrial_zone": false, "ghsl_2018": 1}, "geometry": {"type": "Polygon", "coordinates": [[[70.1100824, 22.4774011], [70.1101164, 22.4774029], [70.11011140000001, 22.4774839], [70.11007740000001, 22.4774821], [70.1100824, 22.4774011]]]}}, {"type": "Feature", "properties": {"layer": "building", "distance_m": 437.9, "source": "Google Open Buildings", "in_industrial_zone": false, "ghsl_2018": 1}, "geometry": {"type": "Polygon", "coordinates": [[[70.1101212, 22.47746160000001], [70.1101758, 22.477464400000006], [70.1101692, 22.477573100000008], [70.1101145, 22.477570200000006], [70.1101212, 22.47746160000001]]]}}, {"type": "Feature", "properties": {"layer": "building", "distance_m": 447.3, "source": "Google Open Buildings", "in_industrial_zone": false, "ghsl_2018": 1}, "geometry": {"type": "Polygon", "coordinates": [[[70.110127, 22.4773662], [70.11018170000001, 22.4773691], [70.1101758, 22.477464400000006], [70.1101212, 22.47746160000001], [70.110127, 22.4773662]]]}}, {"type": "Feature", "properties": {"layer": "building", "distance_m": 426.2, "source": "Google Open Buildings", "in_industrial_zone": false, "ghsl_2018": 1}, "geometry": {"type": "Polygon", "coordinates": [[[70.1101118, 22.477586300000006], [70.1101549, 22.4775883], [70.11014850000001, 22.477708799999995], [70.11010540000001, 22.477706800000007], [70.1101118, 22.477586300000006]]]}}, {"type": "Feature", "properties": {"layer": "building", "distance_m": 422.5, "source": "Google Open Buildings", "in_industrial_zone": false, "ghsl_2018": 1}, "geometry": {"type": "Polygon", "coordinates": [[[70.1099188, 22.47732240000001], [70.1099799, 22.477325200000003], [70.1099662, 22.477586800000008], [70.1099051, 22.477584000000007], [70.1099188, 22.47732240000001]]]}}, {"type": "Feature", "properties": {"layer": "building", "distance_m": 409.8, "source": "Google Open Buildings", "in_industrial_zone": false, "ghsl_2018": 1}, "geometry": {"type": "Polygon", "coordinates": [[[70.10986000000001, 22.477296399999997], [70.10984130000001, 22.477644199999997], [70.1097964, 22.477642100000004], [70.10981510000002, 22.4772943], [70.10986000000001, 22.477296399999997]]]}}, {"type": "Feature", "properties": {"layer": "building", "distance_m": 405.7, "source": "Microsoft ML Buildings", "in_industrial_zone": false, "ghsl_2018": 1}, "geometry": {"type": "Polygon", "coordinates": [[[70.10979750000001, 22.477297100000005], [70.1097873, 22.477641300000005], [70.10974440000001, 22.477640200000003], [70.1097547, 22.477296000000013], [70.10979750000001, 22.477297100000005]]]}}, {"type": "Feature", "properties": {"layer": "building", "distance_m": 343.7, "source": "Microsoft ML Buildings", "in_industrial_zone": false, "ghsl_2018": 1}, "geometry": {"type": "Polygon", "coordinates": [[[70.10980670000001, 22.478441600000004], [70.1097544, 22.478440100000004], [70.1097576, 22.4783435], [70.10980989999999, 22.478345000000004], [70.10980670000001, 22.478441600000004]]]}}, {"type": "Feature", "properties": {"layer": "building", "distance_m": 331.8, "source": "Microsoft ML Buildings", "in_industrial_zone": false, "ghsl_2018": 1}, "geometry": {"type": "Polygon", "coordinates": [[[70.1093477, 22.4781837], [70.1092995, 22.478182000000004], [70.1093037, 22.47807560000001], [70.109352, 22.478077300000002], [70.1093477, 22.4781837]]]}}, {"type": "Feature", "properties": {"layer": "building", "distance_m": 295.9, "source": "Microsoft ML Buildings", "in_industrial_zone": false, "ghsl_2018": 1}, "geometry": {"type": "Polygon", "coordinates": [[[70.1093426, 22.478199900000003], [70.1093314, 22.478607400000005], [70.1092846, 22.478606300000003], [70.10929579999998, 22.478198800000012], [70.1093426, 22.478199900000003]]]}}, {"type": "Feature", "properties": {"layer": "building", "distance_m": 238.4, "source": "Google Open Buildings", "in_industrial_zone": false, "ghsl_2018": 1}, "geometry": {"type": "Polygon", "coordinates": [[[70.1091533, 22.4790794], [70.1094953, 22.479091700000005], [70.109488, 22.479268300000005], [70.109146, 22.479256000000003], [70.1091533, 22.4790794]]]}}, {"type": "Feature", "properties": {"layer": "building", "distance_m": 284.1, "source": "Google Open Buildings", "in_industrial_zone": false, "ghsl_2018": 1}, "geometry": {"type": "Polygon", "coordinates": [[[70.109337, 22.478648200000006], [70.10950049999998, 22.478651600000006], [70.10949660000001, 22.478813999999993], [70.1093331, 22.4788106], [70.109337, 22.478648200000006]]]}}, {"type": "Feature", "properties": {"layer": "building", "distance_m": 297.7, "source": "Google Open Buildings", "in_industrial_zone": false, "ghsl_2018": 1}, "geometry": {"type": "Polygon", "coordinates": [[[70.10949289999999, 22.4786687], [70.1096459, 22.478672500000002], [70.10964250000002, 22.478795800000004], [70.1094894, 22.478792100000007], [70.10949289999999, 22.4786687]]]}}, {"type": "Feature", "properties": {"layer": "building", "distance_m": 306.3, "source": "Microsoft ML Buildings", "in_industrial_zone": false, "ghsl_2018": 1}, "geometry": {"type": "Polygon", "coordinates": [[[70.1096823, 22.4784917], [70.1096759, 22.4786488], [70.1094604, 22.478641300000003], [70.1094655, 22.4785163], [70.109523, 22.478518300000008], [70.1095278, 22.478402], [70.1096215, 22.478405300000006], [70.10961810000002, 22.4784895], [70.1096823, 22.4784917]]]}}, {"type": "Feature", "properties": {"layer": "building", "distance_m": 268.2, "source": "Google Open Buildings", "in_industrial_zone": false, "ghsl_2018": 0}, "geometry": {"type": "Polygon", "coordinates": [[[70.1096155, 22.479360900000003], [70.1096598, 22.47936630000001], [70.1096473, 22.479454800000003], [70.10960299999999, 22.47944950000001], [70.1096155, 22.479360900000003]]]}}, {"type": "Feature", "properties": {"layer": "building", "distance_m": 230.2, "source": "Google Open Buildings", "in_industrial_zone": false, "ghsl_2018": 1}, "geometry": {"type": "Polygon", "coordinates": [[[70.1094805, 22.479911999999995], [70.10955809999999, 22.479913400000004], [70.1095553, 22.480055000000007], [70.10947779999998, 22.48005360000001], [70.1094805, 22.479911999999995]]]}}, {"type": "Feature", "properties": {"layer": "building", "distance_m": 224.7, "source": "Google Open Buildings", "in_industrial_zone": false, "ghsl_2018": 1}, "geometry": {"type": "Polygon", "coordinates": [[[70.1094575, 22.480136200000004], [70.109516, 22.4801372], [70.1095153, 22.480175200000005], [70.1094567, 22.480174200000004], [70.1094575, 22.480136200000004]]]}}, {"type": "Feature", "properties": {"layer": "building", "distance_m": 219.1, "source": "Microsoft ML Buildings", "in_industrial_zone": false, "ghsl_2018": 1}, "geometry": {"type": "Polygon", "coordinates": [[[70.1093978, 22.480126900000005], [70.1094556, 22.4801258], [70.10945650000001, 22.480165400000004], [70.1093987, 22.480166500000003], [70.1093978, 22.480126900000005]]]}}, {"type": "Feature", "properties": {"layer": "building", "distance_m": 198.8, "source": "Google Open Buildings", "in_industrial_zone": false, "ghsl_2018": 1}, "geometry": {"type": "Polygon", "coordinates": [[[70.1091582, 22.479857600000003], [70.10931239999998, 22.4798602], [70.10931149999999, 22.47990920000001], [70.1094158, 22.47991100000001], [70.109413, 22.48005260000001], [70.1091545, 22.480048200000002], [70.1091582, 22.479857600000003]]]}}, {"type": "Feature", "properties": {"layer": "building", "distance_m": 393.4, "source": "Microsoft ML Buildings", "in_industrial_zone": false, "ghsl_2018": 1}, "geometry": {"type": "Polygon", "coordinates": [[[70.1105691, 22.478623700000004], [70.11049500000001, 22.4786156], [70.1105154, 22.4784556], [70.1105895, 22.478463699999995], [70.1105691, 22.478623700000004]]]}}, {"type": "Feature", "properties": {"layer": "building", "distance_m": 400.1, "source": "Google Open Buildings", "in_industrial_zone": false, "ghsl_2018": 1}, "geometry": {"type": "Polygon", "coordinates": [[[70.1106209, 22.478478800000005], [70.1106837, 22.4784902], [70.1106499, 22.478650700000006], [70.1105871, 22.478639300000005], [70.1106209, 22.478478800000005]]]}}, {"type": "Feature", "properties": {"layer": "building", "distance_m": 376.5, "source": "Microsoft ML Buildings", "in_industrial_zone": false, "ghsl_2018": 1}, "geometry": {"type": "Polygon", "coordinates": [[[70.1105659, 22.4789115], [70.11048479999998, 22.478903700000004], [70.1104967, 22.4787983], [70.1105778, 22.478806100000007], [70.1105659, 22.4789115]]]}}, {"type": "Feature", "properties": {"layer": "building", "distance_m": 406.5, "source": "Google Open Buildings", "in_industrial_zone": false, "ghsl_2018": 1}, "geometry": {"type": "Polygon", "coordinates": [[[70.1107295, 22.478420800000002], [70.1107699, 22.478426700000007], [70.1107261, 22.4786873], [70.1106857, 22.478681400000006], [70.1107295, 22.478420800000002]]]}}, {"type": "Feature", "properties": {"layer": "building", "distance_m": 407.3, "source": "Google Open Buildings", "in_industrial_zone": false, "ghsl_2018": 1}, "geometry": {"type": "Polygon", "coordinates": [[[70.11095479999999, 22.478802000000005], [70.1111187, 22.478831400000008], [70.1110658, 22.47908560000001], [70.11090190000002, 22.479056100000005], [70.11095479999999, 22.478802000000005]]]}}, {"type": "Feature", "properties": {"layer": "building", "distance_m": 423.5, "source": "Google Open Buildings", "in_industrial_zone": false, "ghsl_2018": 1}, "geometry": {"type": "Polygon", "coordinates": [[[70.1109286, 22.478573000000008], [70.111094, 22.478597900000004], [70.11106680000002, 22.478754000000002], [70.11090139999999, 22.478729199999997], [70.1109286, 22.478573000000008]]]}}, {"type": "Feature", "properties": {"layer": "building", "distance_m": 499.8, "source": "Google Open Buildings", "in_industrial_zone": false, "ghsl_2018": 1}, "geometry": {"type": "Polygon", "coordinates": [[[70.1108309, 22.477201900000008], [70.1109367, 22.4772042], [70.11093080000002, 22.4774415], [70.110825, 22.477439300000007], [70.1108309, 22.477201900000008]]]}}, {"type": "Feature", "properties": {"layer": "building", "distance_m": 496.1, "source": "Google Open Buildings", "in_industrial_zone": false, "ghsl_2018": 1}, "geometry": {"type": "Polygon", "coordinates": [[[70.1106447, 22.477241], [70.11068210000002, 22.477242000000004], [70.1106798, 22.477312200000004], [70.11064239999999, 22.47731110000001], [70.1106447, 22.477241]]]}}, {"type": "Feature", "properties": {"layer": "building", "distance_m": 457.2, "source": "Microsoft ML Buildings", "in_industrial_zone": false, "ghsl_2018": 1}, "geometry": {"type": "Polygon", "coordinates": [[[70.11061039999998, 22.477793000000005], [70.110623, 22.47738930000001], [70.1106726, 22.4773907], [70.1106599, 22.4777943], [70.11061039999998, 22.477793000000005]]]}}, {"type": "Feature", "properties": {"layer": "building", "distance_m": 478.3, "source": "Microsoft ML Buildings", "in_industrial_zone": false, "ghsl_2018": 1}, "geometry": {"type": "Polygon", "coordinates": [[[70.1108776, 22.4775564], [70.1108743, 22.4776901], [70.1107831, 22.477688200000006], [70.1107864, 22.477554500000007], [70.1108776, 22.4775564]]]}}, {"type": "Feature", "properties": {"layer": "building", "distance_m": 418.5, "source": "Google Open Buildings", "in_industrial_zone": false, "ghsl_2018": 0}, "geometry": {"type": "Polygon", "coordinates": [[[70.110555, 22.4782577], [70.11060749999999, 22.478261100000008], [70.1106052, 22.478291400000007], [70.11055270000001, 22.478288], [70.110555, 22.4782577]]]}}, {"type": "Feature", "properties": {"layer": "building", "distance_m": 389.7, "source": "Microsoft ML Buildings", "in_industrial_zone": false, "ghsl_2018": 1}, "geometry": {"type": "Polygon", "coordinates": [[[70.1104857, 22.4785579], [70.1104085, 22.478551700000004], [70.1104203, 22.478425100000003], [70.1104975, 22.4784313], [70.1104857, 22.4785579]]]}}, {"type": "Feature", "properties": {"layer": "building", "distance_m": 396.3, "source": "Google Open Buildings", "in_industrial_zone": false, "ghsl_2018": 1}, "geometry": {"type": "Polygon", "coordinates": [[[70.1102295, 22.478187799999997], [70.1102921, 22.478194300000002], [70.110288, 22.478228300000005], [70.1102254, 22.4782218], [70.1102295, 22.478187799999997]]]}}, {"type": "Feature", "properties": {"layer": "building", "distance_m": 476.0, "source": "Google Open Buildings", "in_industrial_zone": false, "ghsl_2018": 1}, "geometry": {"type": "Polygon", "coordinates": [[[70.11013190000001, 22.477033300000006], [70.11025890000002, 22.477039299999998], [70.11025680000002, 22.477078699999993], [70.11012970000002, 22.477072799999995], [70.11013190000001, 22.477033300000006]]]}}, {"type": "Feature", "properties": {"layer": "building", "distance_m": 491.9, "source": "Google Open Buildings", "in_industrial_zone": false, "ghsl_2018": 1}, "geometry": {"type": "Polygon", "coordinates": [[[70.1104542, 22.477079800000002], [70.11068460000001, 22.477083000000004], [70.11068270000001, 22.4772003], [70.11045230000002, 22.477197100000005], [70.1104542, 22.477079800000002]]]}}, {"type": "Feature", "properties": {"layer": "building", "distance_m": 488.3, "source": "Google Open Buildings", "in_industrial_zone": false, "ghsl_2018": 1}, "geometry": {"type": "Polygon", "coordinates": [[[70.11202759999999, 22.479837700000008], [70.11209480000001, 22.4798474], [70.1120811, 22.479929700000003], [70.1120138, 22.47992], [70.11202759999999, 22.479837700000008]]]}}, {"type": "Feature", "properties": {"layer": "building", "distance_m": 486.2, "source": "Microsoft ML Buildings", "in_industrial_zone": false, "ghsl_2018": 0}, "geometry": {"type": "Polygon", "coordinates": [[[70.1121279, 22.481668000000006], [70.11212500000002, 22.481727400000004], [70.1119848, 22.4817215], [70.1119899, 22.481617600000003], [70.1120113, 22.481618500000007], [70.1120139, 22.4815666], [70.11213700000002, 22.4815718], [70.11213439999999, 22.481626200000004], [70.1121772, 22.481628000000008], [70.1121751, 22.48167], [70.1121279, 22.481668000000006]]]}}, {"type": "Feature", "properties": {"layer": "building", "distance_m": 460.7, "source": "Google Open Buildings", "in_industrial_zone": false, "ghsl_2018": 1}, "geometry": {"type": "Polygon", "coordinates": [[[70.1117337, 22.4798093], [70.1118365, 22.479819900000003], [70.1118312, 22.479864100000007], [70.1117284, 22.479853500000008], [70.1117337, 22.4798093]]]}}, {"type": "Feature", "properties": {"layer": "building", "distance_m": 464.1, "source": "Google Open Buildings", "in_industrial_zone": false, "ghsl_2018": 1}, "geometry": {"type": "Polygon", "coordinates": [[[70.1117577, 22.479746500000005], [70.11178610000002, 22.479749200000004], [70.1117797, 22.479807999999995], [70.1117512, 22.479805300000006], [70.1117577, 22.479746500000005]]]}}, {"type": "Feature", "properties": {"layer": "building", "distance_m": 471.2, "source": "Microsoft ML Buildings", "in_industrial_zone": false, "ghsl_2018": 1}, "geometry": {"type": "Polygon", "coordinates": [[[70.1118814, 22.4801556], [70.1118912, 22.4800548], [70.1120402, 22.4800671], [70.1120305, 22.4801679], [70.1118814, 22.4801556]]]}}, {"type": "Feature", "properties": {"layer": "building", "distance_m": 498.6, "source": "Microsoft ML Buildings", "in_industrial_zone": false, "ghsl_2018": 1}, "geometry": {"type": "Polygon", "coordinates": [[[70.11188789999999, 22.478766800000006], [70.1119317, 22.47877500000001], [70.11196299999999, 22.478632100000006], [70.11201829999999, 22.478642400000002], [70.111962, 22.478899600000002], [70.1117842, 22.478866400000005], [70.1118045, 22.478773500000003], [70.1118509, 22.478782199999998], [70.1118397, 22.47883350000001], [70.111872, 22.4788396], [70.11188789999999, 22.478766800000006]]]}}, {"type": "Feature", "properties": {"layer": "building", "distance_m": 475.9, "source": "Microsoft ML Buildings", "in_industrial_zone": false, "ghsl_2018": 1}, "geometry": {"type": "Polygon", "coordinates": [[[70.1118075, 22.4793188], [70.1119534, 22.4793385], [70.1119322, 22.479472000000005], [70.1118298, 22.479458100000006], [70.1118264, 22.479479900000005], [70.1117829, 22.479473999999996], [70.1118075, 22.4793188]]]}}, {"type": "Feature", "properties": {"layer": "building", "distance_m": 455.9, "source": "Google Open Buildings", "in_industrial_zone": false, "ghsl_2018": 1}, "geometry": {"type": "Polygon", "coordinates": [[[70.1116505, 22.479483400000003], [70.1118132, 22.4795181], [70.1117826, 22.4796421], [70.1116199, 22.479607399999995], [70.1116505, 22.479483400000003]]]}}, {"type": "Feature", "properties": {"layer": "building", "distance_m": 440.6, "source": "Google Open Buildings", "in_industrial_zone": false, "ghsl_2018": 1}, "geometry": {"type": "Polygon", "coordinates": [[[70.1115473, 22.479857600000003], [70.1117033, 22.479888600000006], [70.1116941, 22.4799285], [70.11153820000001, 22.479897500000003], [70.1115473, 22.479857600000003]]]}}, {"type": "Feature", "properties": {"layer": "building", "distance_m": 454.5, "source": "Microsoft ML Buildings", "in_industrial_zone": false, "ghsl_2018": 1}, "geometry": {"type": "Polygon", "coordinates": [[[70.11169709999999, 22.478852200000006], [70.1112754, 22.478795300000012], [70.111318, 22.478526000000006], [70.1117396, 22.478582800000005], [70.11169709999999, 22.478852200000006]]]}}, {"type": "Feature", "properties": {"layer": "building", "distance_m": 440.2, "source": "Microsoft ML Buildings", "in_industrial_zone": false, "ghsl_2018": 1}, "geometry": {"type": "Polygon", "coordinates": [[[70.11128070000001, 22.479114100000004], [70.11133699999999, 22.478880300000004], [70.1114954, 22.478912900000005], [70.1114392, 22.479146700000005], [70.11128070000001, 22.479114100000004]]]}}, {"type": "Feature", "properties": {"layer": "building", "distance_m": 456.1, "source": "Google Open Buildings", "in_industrial_zone": false, "ghsl_2018": 1}, "geometry": {"type": "Polygon", "coordinates": [[[70.1111981, 22.478514900000004], [70.1112674, 22.47852500000001], [70.1112538, 22.478605899999998], [70.1111845, 22.478595900000002], [70.1111981, 22.478514900000004]]]}}, {"type": "Feature", "properties": {"layer": "building", "distance_m": 402.4, "source": "Google Open Buildings", "in_industrial_zone": false, "ghsl_2018": 1}, "geometry": {"type": "Polygon", "coordinates": [[[70.1110369, 22.4790804], [70.1112188, 22.479113000000005], [70.1111647, 22.47937320000001], [70.11098279999999, 22.4793405], [70.1110369, 22.4790804]]]}}, {"type": "Feature", "properties": {"layer": "flood_100yr"}, "geometry": {"type": "Polygon", "coordinates": [[[70.08291812800759, 22.472066666673516], [70.08291812800759, 22.471233333340187], [70.08278473910275, 22.471233333629698], [70.08247747291546, 22.471919085227512], [70.08242858457946, 22.47206666719538], [70.08291812800759, 22.472066666673516]]]}}, {"type": "Feature", "properties": {"layer": "permanent_water_jrc"}, "geometry": {"type": "Polygon", "coordinates": [[[70.08291812800759, 22.472066666673516], [70.08291812800759, 22.471233333340187], [70.08278473910275, 22.471233333629698], [70.08247747291546, 22.471919085227512], [70.08242858457946, 22.47206666719538], [70.08291812800759, 22.472066666673516]]]}}, {"type": "Feature", "properties": {"layer": "protected_area", "name": "Khijadiya WLS", "distance_m": 5425.8}, "geometry": {"type": "Polygon", "coordinates": [[[70.1773229, 22.564492700000002], [70.1767158, 22.5609154], [70.1762867, 22.556476700000005], [70.1750421, 22.55227560000001], [70.1732397, 22.5478762], [70.1714801, 22.54545840000001], [70.1693773, 22.545379200000006], [70.1665449, 22.549065200000005], [70.16418450000002, 22.548351800000006], [70.1610959, 22.547748600000002], [70.1581542, 22.5462532], [70.15596630000002, 22.546112600000008], [70.15597920000002, 22.5476572], [70.1478767, 22.5474402], [70.1270198, 22.5452603], [70.1254749, 22.54280280000001], [70.1264619, 22.5404643], [70.1266336, 22.538006700000004], [70.1257753, 22.5348357], [70.1252603, 22.531347399999998], [70.1209688, 22.528850099999996], [70.1191234, 22.529088000000005], [70.1201963, 22.533488], [70.1219987, 22.540028300000007], [70.1221704, 22.5436748], [70.1229429, 22.546251100000003], [70.1249599, 22.547123100000004], [70.1282644, 22.547598700000005], [70.1360321, 22.5481536], [70.1424264, 22.549461600000004], [70.1451301, 22.5521963], [70.1493787, 22.5531872], [70.1595068, 22.552117], [70.1627254, 22.551245100000003], [70.1645279, 22.5528701], [70.1693344, 22.555802900000003], [70.1739692, 22.560083200000005], [70.1773229, 22.564492700000002]]]}}, {"type": "Feature", "properties": {"layer": "airport", "name": "Jamnagar Airport", "icao": "VAJM", "distance_m": 8141.7}, "geometry": {"type": "Polygon", "coordinates": [[[70.0120942, 22.458505400000004], [70.01245839999999, 22.458450600000003], [70.0125491, 22.4584813], [70.0128458, 22.4600223], [70.0131772, 22.460395900000005], [70.0134016, 22.4601225], [70.0158623, 22.459351700000003], [70.0177182, 22.458821000000004], [70.01865870000002, 22.458552100000002], [70.02056049999999, 22.458004399999997], [70.0263826, 22.4563231], [70.0270338, 22.458211800000004], [70.0276805, 22.46010890000001], [70.0282439, 22.46168320000001], [70.0284467, 22.462251700000003], [70.02573570000001, 22.461904200000003], [70.0256703, 22.462283200000005], [70.0242305, 22.4626372], [70.02387889999999, 22.463665900000002], [70.0241358, 22.463703400000004], [70.02408400000002, 22.463934500000004], [70.0222588, 22.463640900000005], [70.0216481, 22.467297500000004], [70.0217833, 22.4674474], [70.0221754, 22.467834700000004], [70.02235120000002, 22.468103399999997], [70.0224976, 22.468536500000003], [70.0224954, 22.4689946], [70.0224436, 22.469334000000003], [70.0223151, 22.469577600000004], [70.0218937, 22.470243900000007], [70.0219974, 22.471328800000002], [70.02199740000002, 22.471372500000005], [70.0219591, 22.471403799999997], [70.0201294, 22.4719431], [70.0202071, 22.4721272], [70.020222, 22.472158799999995], [70.0202437, 22.472214], [70.0201894, 22.472231500000003], [70.0202939, 22.472788399999995], [70.020411, 22.4735401], [70.0203119, 22.4736505], [70.0187593, 22.47380250000001], [70.0173825, 22.473956599999998], [70.0175177, 22.4743147], [70.0168463, 22.474539599999996], [70.01667050000002, 22.474023200000005], [70.0157331, 22.474110600000003], [70.014843, 22.474218900000004], [70.0147529, 22.474198100000006], [70.0147007, 22.474207400000004], [70.0145546, 22.474233500000008], [70.0137276, 22.4744459], [70.0125198, 22.474649899999996], [70.0116095, 22.4748103], [70.0115577, 22.4753683], [70.0092187, 22.475699400000003], [70.0086554, 22.477371300000005], [70.0080267, 22.4791932], [70.00518750000002, 22.4785478], [70.0049531, 22.479484700000004], [70.0042343, 22.4793744], [70.00447540000002, 22.478385399999997], [70.0014131, 22.477687800000005], [70.0013433, 22.4776399], [70.0012982, 22.477596200000008], [70.00119, 22.4775941], [70.0011269, 22.477631600000002], [70.0010278, 22.477604500000005], [70.0004622, 22.4768591], [70.0000475, 22.476933900000002], [69.9994121, 22.477034000000007], [69.9993378, 22.4764365], [69.998966, 22.476559300000005], [69.9987812, 22.475907599999996], [69.9983756, 22.475865900000006], [69.9986685, 22.475280800000004], [69.9987654, 22.474924800000004], [69.9977064, 22.474547900000005], [69.9975509, 22.4747166], [69.9968704, 22.4746666], [69.996814, 22.474162700000008], [69.996093, 22.472959199999995], [69.9950474, 22.471216400000007], [69.9942272, 22.4698212], [69.993078, 22.467886800000002], [69.9921541, 22.466373000000004], [69.9911176, 22.464648800000003], [69.9900495, 22.46287460000001], [69.9884834, 22.4602445], [69.98784799999999, 22.4591971], [69.9884023, 22.458351600000007], [69.9886029, 22.458230800000003], [69.9889724, 22.45783520000001], [69.9896799, 22.457581100000002], [69.99001799999999, 22.457452], [69.99018919999999, 22.4574103], [69.991068, 22.4574437], [69.9914218, 22.45743740000001], [69.99170350000001, 22.457341600000007], [69.9922195, 22.456954300000007], [69.99224779999999, 22.456917399999995], [69.9925777, 22.45648780000001], [69.9936075, 22.455040500000006], [69.9940559, 22.455825600000004], [69.9955499, 22.456165000000006], [69.9965291, 22.453541700000006], [70.00020200000002, 22.454372100000004], [70.0004471, 22.4545908], [70.0044467, 22.45509579999999], [70.00637619999999, 22.455348300000008], [70.007593, 22.4563973], [70.0077901, 22.4566056], [70.0081479, 22.456721699999996], [70.00822219999999, 22.456715400000004], [70.0093241, 22.4571632], [70.00929709999998, 22.4572194], [70.011307, 22.458060699999997], [70.0113318, 22.458004500000005], [70.01208219999998, 22.45828390000001], [70.0120942, 22.458505400000004]]]}}, {"type": "Feature", "properties": {"layer": "airport_reference_point", "name": "Jamnagar Airport", "icao": "VAJM", "distance_m": 9669.3}, "geometry": {"type": "Point", "coordinates": [70.01260375976562, 22.465499877929695]}}]}