{"type": "FeatureCollection", "features": [{"type": "Feature", "properties": {"layer": "outline_2026", "site": "MEH-01"}, "geometry": {"type": "Polygon", "coordinates": [[[72.39502095523454, 23.588403425632876], [72.39683299014811, 23.588515704012142], [72.39689809644803, 23.588421759481403], [72.39724765131065, 23.588395604136192], [72.39737754460295, 23.588488049026044], [72.39744463070106, 23.588756128824492], [72.397184771313, 23.58898748003557], [72.39698228240452, 23.58901094507508], [72.396820279976, 23.588926102638204], [72.3963485802904, 23.588936312392743], [72.39648165775964, 23.589270544039916], [72.39618537540464, 23.589264086204302], [72.39613779143211, 23.59019879094135], [72.39732818234266, 23.590235980322436], [72.39731582677021, 23.590347471460184], [72.39711009853588, 23.590397482225256], [72.39632084978257, 23.590377621317575], [72.39613939708524, 23.59032715642166], [72.39490385532348, 23.59030121787973], [72.39494378269734, 23.589260394240412], [72.39509505073376, 23.589277191663715], [72.39505766782055, 23.589972057126182], [72.39594194082049, 23.58999083204107], [72.39600299530494, 23.589265689200566], [72.39500240035963, 23.589173861535972], [72.39495987372882, 23.58851436011439], [72.39502095523454, 23.588403425632876]]]}}, {"type": "Feature", "properties": {"layer": "union_2016_2026", "site": "MEH-01"}, "geometry": {"type": "Polygon", "coordinates": [[[72.39491482884853, 23.58837923220308], [72.39487551884159, 23.588378859368515], [72.39485549826198, 23.588519110518853], [72.39483592792814, 23.588565249631163], [72.39484798175157, 23.588571766191652], [72.3948464312478, 23.588582627982547], [72.39492915102173, 23.588629637709953], [72.39497197156902, 23.588727489902787], [72.3949737602527, 23.588729711959758], [72.39500240035963, 23.589173861535972], [72.39511561407458, 23.589184251832812], [72.39511719692514, 23.589196919295986], [72.39514310483806, 23.58920016838158], [72.39514818566803, 23.589215097579974], [72.39515504615296, 23.58922070284615], [72.39515017705652, 23.58924952410571], [72.39501914445512, 23.58924759577632], [72.39501920777646, 23.589268769769383], [72.39494378269734, 23.589260394240412], [72.39490385532348, 23.59030121787973], [72.39613939708524, 23.59032715642166], [72.39632084978257, 23.590377621317575], [72.39711009853588, 23.590397482225256], [72.39731582677021, 23.590347471460184], [72.39732818234266, 23.590235980322436], [72.39613779143211, 23.59019879094135], [72.3961405063598, 23.590145461613364], [72.39650488050842, 23.59015119603173], [72.39675160599757, 23.590185650522905], [72.39693611856171, 23.59015798282837], [72.39695898451888, 23.590187392924665], [72.39705438485366, 23.59019387089859], [72.39721190035031, 23.590164077751382], [72.39722610635715, 23.59007786186031], [72.39717637089795, 23.590072719773396], [72.39721404918208, 23.590025066487463], [72.39722082788366, 23.589933534279186], [72.39722978137785, 23.5899020261235], [72.39723009711707, 23.58981429067932], [72.39725196207709, 23.589707142868075], [72.39721632996732, 23.589583256946117], [72.397186432689, 23.58952276266666], [72.39716696122545, 23.589454737596945], [72.39714441551017, 23.58937314340335], [72.39714182001867, 23.58935287997327], [72.39717027910484, 23.589333048389005], [72.3972836026247, 23.589326590374895], [72.3972846162528, 23.58931792121546], [72.39729049492327, 23.5893181291726], [72.39729420846133, 23.589283727716996], [72.39732132944218, 23.589279836864748], [72.39734632318412, 23.589218138972246], [72.39734103535002, 23.589040772922562], [72.39733765980361, 23.58888120138507], [72.39734027264277, 23.58885699634093], [72.39733990332802, 23.588849367119288], [72.39744463070106, 23.588756128824492], [72.39737754460295, 23.588488049026044], [72.39724765131065, 23.588395604136192], [72.39689809644803, 23.588421759481403], [72.396877215623, 23.588451889293168], [72.3966348281767, 23.588437218854654], [72.3961991529123, 23.588412131769257], [72.39599369999979, 23.588389460837387], [72.3956472457857, 23.588386176968406], [72.39537634399223, 23.588372244415567], [72.39501644055319, 23.588345955046222], [72.394998150679, 23.588331781265936], [72.39498362173737, 23.588343557733765], [72.39493157310554, 23.588339755728718], [72.39491482884853, 23.58837923220308]], [[72.39505766782055, 23.589972057126182], [72.39506178533834, 23.58989552231143], [72.39511089717806, 23.589912989633152], [72.3951094059816, 23.589973155771318], [72.39505766782055, 23.589972057126182]]]}}, {"type": "Feature", "properties": {"layer": "buffer_100m", "site": "MEH-01"}, "geometry": {"type": "Polygon", "coordinates": [[[72.39398990350355, 23.58905446883789], [72.3939726991528, 23.589140912895022], [72.39396469511611, 23.589228488981167], [72.39392476002895, 23.590269312372946], [72.39392612964515, 23.590358619332438], [72.3939370663715, 23.59044736464436], [72.39395746321046, 23.59053467992915], [72.39398712059553, 23.5906197107985], [72.3940257483434, 23.590701625215708], [72.3940729684927, 23.59077962163744], [72.39412831900191, 23.590852936857093], [72.39419125827015, 23.59092085347312], [72.39426117043635, 23.59098270690912], [72.39433737140544, 23.591037891917207], [72.39441911554232, 23.59108586850059], [72.39450560296805, 23.591126167197903], [72.39459598738712, 23.59115839367718], [72.39468938436882, 23.591182232594694], [72.39478488000212, 23.591197450680852], [72.3948815398389, 23.591203899022947], [72.39598389955317, 23.59122704205693], [72.39603780927669, 23.591242035193943], [72.39612190514428, 23.59126172477707], [72.39620756147427, 23.59127447981033], [72.39629410640424, 23.591280200247063], [72.39708336055234, 23.591300061288266], [72.39717644031448, 23.59129832511704], [72.39726892099617, 23.591288454253075], [72.39735996747737, 23.591270537832354], [72.39756569697825, 23.591220526741974], [72.39765987252316, 23.591192881472185], [72.39775054645119, 23.591156631931835], [72.39783679590802, 23.59111214705995], [72.39791774307297, 23.591059879612374], [72.39799256409358, 23.591000361553476], [72.39806049747067, 23.59093419864171], [72.39812085180861, 23.590862064264027], [72.39817301285217, 23.590784692582147], [72.39821644973775, 23.59070287106015], [72.39825072039598, 23.590617432449644], [72.39827547605049, 23.59052924631417], [72.3982904647668, 23.590439210178822], [72.39830281952432, 23.590327718964897], [72.39830787492942, 23.59024084192992], [72.39830383428202, 23.590153919784452], [72.39829073511574, 23.590067759564935], [72.3982686990683, 23.589983161232137], [72.39823793075149, 23.589900910243827], [72.3981987158509, 23.589821770262365], [72.39815141847278, 23.58974647606448], [72.3980964777632, 23.589675726719484], [72.39803440383035, 23.58961017909891], [72.39796577300811, 23.58955044177797], [72.39796397724008, 23.589549156147932], [72.39812530259525, 23.58940552838378], [72.3981941027174, 23.589337630424364], [72.39825496847128, 23.589263576406708], [72.39830725550928, 23.58918415031103], [72.39835041030624, 23.589100192988145], [72.39838397601898, 23.58901259325745], [72.398407597322, 23.58892227849715], [72.39842102416848, 23.588830204826333], [72.39842411443654, 23.58873734698286], [72.3984168354329, 23.588644688004173], [72.39839926423807, 23.58855320882046], [72.39833217630373, 23.58828512942729], [72.39830602811973, 23.588199950804807], [72.3982709555105, 23.58811754137102], [72.39822729560402, 23.588038693230736], [72.39817546806566, 23.587964164256846], [72.39811597106404, 23.58789467080606], [72.39804937648228, 23.58783088083362], [72.39797632442108, 23.587773407473332], [72.39784643141279, 23.587680963075623], [72.39777239564907, 23.587633130257753], [72.39769389050797, 23.587591791700994], [72.39761158464074, 23.58755729949602], [72.39752617906859, 23.58752994742116], [72.39743840121214, 23.58750996844043], [72.3973489986961, 23.587497532719357], [72.39725873298195, 23.587492746175787], [72.39716837288277, 23.587495649577786], [72.39681882038836, 23.587521804747617], [72.39671944230605, 23.587533983641123], [72.3966219350049, 23.58755545902683], [72.39652731953635, 23.587586006024587], [72.39651559315132, 23.587591085027654], [72.39508667883172, 23.58750254400782], [72.39499134906576, 23.587500922294172], [72.39489629971666, 23.587507848819445], [72.39480243105099, 23.587523257978543], [72.39471063215305, 23.587547003822483], [72.39462177250441, 23.587578861440623], [72.39453669374888, 23.587618529090843], [72.39445620172125, 23.587665631057344], [72.39438105881497, 23.58771972120908], [72.39431197676132, 23.587780287225122], [72.39424960988809, 23.587846755446932], [72.39419454892216, 23.58791849631165], [72.39414731539401, 23.587994830314724], [72.39408623334299, 23.588105764458557], [72.39404430337353, 23.588193070224904], [72.39401261062798, 23.588283968461297], [72.39399150949274, 23.5883774428104], [72.39398123592834, 23.588472448108522], [72.39398190483013, 23.588567922071757], [72.39400925733639, 23.588992153249222], [72.39398990350355, 23.58905446883789]], [[72.39683299014811, 23.588515704012142], [72.39689809644803, 23.588421759481403], [72.39724765131065, 23.588395604136192], [72.39737754460295, 23.588488049026044], [72.39744463070106, 23.588756128824492], [72.397184771313, 23.58898748003557], [72.39698228240452, 23.58901094507508], [72.396820279976, 23.588926102638204], [72.3963485802904, 23.588936312392743], [72.39648165775964, 23.589270544039916], [72.39618537540464, 23.589264086204302], [72.39613779143211, 23.59019879094135], [72.39732818234266, 23.590235980322436], [72.39731582677021, 23.590347471460184], [72.39711009853588, 23.590397482225256], [72.39632084978257, 23.590377621317575], [72.39613939708524, 23.59032715642166], [72.39490385532348, 23.59030121787973], [72.39494378269734, 23.589260394240412], [72.39509505073376, 23.589277191663715], [72.39505766782055, 23.589972057126182], [72.39594194082049, 23.58999083204107], [72.39600299530494, 23.589265689200566], [72.39500240035963, 23.589173861535972], [72.39495987372882, 23.58851436011439], [72.39502095523454, 23.588403425632876], [72.39683299014811, 23.588515704012142]]]}}, {"type": "Feature", "properties": {"layer": "buffer_200m", "site": "MEH-01"}, "geometry": {"type": "Polygon", "coordinates": [[[72.39300161736685, 23.589021425477725], [72.3929856080084, 23.58919657755121], [72.39294566520798, 23.59023740069531], [72.3929484031162, 23.59041601463121], [72.39297027527793, 23.590593505389574], [72.39301106774849, 23.590768136206044], [72.39307038144202, 23.590938198294342], [72.39314763603387, 23.591102027567448], [72.3932420756367, 23.591258020921543], [72.39335277619463, 23.59140465192348], [72.39347865452382, 23.59154048574818], [72.39361847891023, 23.59166419321978], [72.39377088116167, 23.591774563819005], [72.39393436999566, 23.591870517529554], [72.3941073456325, 23.59195111540744], [72.39428811545044, 23.592015568769867], [72.39447491054983, 23.59206324691362], [72.39466590306426, 23.592093683287477], [72.39485922404879, 23.592106580058086], [72.3958435946433, 23.592127246390376], [72.39592295783989, 23.592145827881193], [72.3960942716259, 23.592171338116955], [72.39626736266005, 23.59218277906712], [72.39705662220317, 23.592202640241833], [72.39724278299917, 23.592199167876043], [72.39742774560159, 23.592179426016337], [72.39760983972575, 23.592143592939408], [72.3978155704932, 23.592093581523713], [72.39800392268515, 23.5920382906302], [72.39818527146427, 23.59196579110262], [72.39835777108446, 23.59187682083724], [72.3985196658757, 23.59177228536691], [72.39866930811431, 23.591653248643734], [72.39880517479389, 23.591520922209167], [72.39892588312631, 23.591376652861978], [72.39903020461493, 23.5912219089496], [72.39911707755692, 23.59105826542245], [72.39918561784727, 23.590887387803445], [72.39923512797479, 23.590711015235748], [72.39926510411861, 23.590530942781644], [72.39927745806118, 23.59041945149155], [72.39928756758832, 23.590245697359123], [72.39927948500781, 23.590071853118218], [72.39925328543451, 23.5898995328399], [72.39920921218986, 23.589730336439683], [72.399166774684, 23.589616893117764], [72.39916988591378, 23.589612166983905], [72.39925619463499, 23.589444251855248], [72.39932332498826, 23.589269052001995], [72.39937056636792, 23.589088422197104], [72.39939741873212, 23.588904274690744], [72.39940359789315, 23.58871855896558], [72.39938903852259, 23.588533241098165], [72.39935389483904, 23.58835028294502], [72.39928680506853, 23.58808220395717], [72.39923450758234, 23.5879118470238], [72.39916436140119, 23.58774702856059], [72.39907704081797, 23.587589332761603], [72.39897338519297, 23.587440275354197], [72.39885439088444, 23.587301289031032], [72.39872120167036, 23.587173709680414], [72.398575097754, 23.587058763547155], [72.3984452050297, 23.586966319641586], [72.39829713392379, 23.58687065453217], [72.39814012426923, 23.586787977900975], [72.3979755133472, 23.58671899391294], [72.39780470317254, 23.586664290110406], [72.3976291485535, 23.586624332409556], [72.39745034470232, 23.58659946113264], [72.39726981450181, 23.586589888109692], [72.39708909553639, 23.586595694874685], [72.39673954541009, 23.58662184986915], [72.39654079056795, 23.586646207493963], [72.3963937874285, 23.58667858405151], [72.39515240153136, 23.586601662250512], [72.39496174330178, 23.586598418845014], [72.39477164589057, 23.5866122718028], [72.39458390978226, 23.58664308991719], [72.39440031309928, 23.586690581297898], [72.39422259476264, 23.586754296135265], [72.39405243802369, 23.586833630960133], [72.3938914545228, 23.586927834358853], [72.39374116902597, 23.587036014089563], [72.39360300498372, 23.587157145532025], [72.39347827104929, 23.587290081391476], [72.39336814868345, 23.587433562564193], [72.39327368096362, 23.58758623006224], [72.39321259836733, 23.587697163868402], [72.39312873747663, 23.58787177492634], [72.39306535083487, 23.58805357102553], [72.39302314726618, 23.588240519467902], [72.39300259874953, 23.58843052993753], [72.39300393513756, 23.58862147787223], [72.39302284357073, 23.58891477739456], [72.39300161736685, 23.589021425477725]], [[72.39683299014811, 23.588515704012142], [72.39689809644803, 23.588421759481403], [72.39724765131065, 23.588395604136192], [72.39737754460295, 23.588488049026044], [72.39744463070106, 23.588756128824492], [72.397184771313, 23.58898748003557], [72.39698228240452, 23.58901094507508], [72.396820279976, 23.588926102638204], [72.3963485802904, 23.588936312392743], [72.39648165775964, 23.589270544039916], [72.39618537540464, 23.589264086204302], [72.39613779143211, 23.59019879094135], [72.39732818234266, 23.590235980322436], [72.39731582677021, 23.590347471460184], [72.39711009853588, 23.590397482225256], [72.39632084978257, 23.590377621317575], [72.39613939708524, 23.59032715642166], [72.39490385532348, 23.59030121787973], [72.39494378269734, 23.589260394240412], [72.39509505073376, 23.589277191663715], [72.39505766782055, 23.589972057126182], [72.39594194082049, 23.58999083204107], [72.39600299530494, 23.589265689200566], [72.39500240035963, 23.589173861535972], [72.39495987372882, 23.58851436011439], [72.39502095523454, 23.588403425632876], [72.39683299014811, 23.588515704012142]]]}}, {"type": "Feature", "properties": {"layer": "river", "name": "", "osm": "way/679771327", "distance_m": 130.8}, "geometry": {"type": "LineString", "coordinates": [[72.41448115351214, 23.606430294962756], [72.4127205, 23.605454899999994], [72.4113519, 23.606586199999995], [72.41090070000001, 23.606522599999998], [72.4103784, 23.605841599999998], [72.4090015, 23.604046299999993], [72.4087487, 23.603014899999998], [72.40799, 23.602206099999993], [72.4066115, 23.6016381], [72.4055752, 23.6007612], [72.40537680000001, 23.60021589999999], [72.4062644, 23.597884899999997], [72.40594210000002, 23.597353300000005], [72.4052181, 23.59722599999999], [72.40258510000001, 23.5979758], [72.4013505, 23.59828479999999], [72.3997935, 23.59709429999999], [72.39778520000002, 23.5968353], [72.39372420000001, 23.597294199999997], [72.3926035, 23.5969534], [72.3920581, 23.596476299999992], [72.3921275, 23.595949199999996], [72.39302009999999, 23.5943906], [72.3936548, 23.591237000000003], [72.3935903, 23.589410199999996], [72.3932234, 23.588378699999996], [72.3925837, 23.5878515], [72.3912746, 23.58682], [72.3900697, 23.583529900000002], [72.3898505, 23.5829596], [72.38980380000001, 23.582798600000004], [72.389828, 23.582245499999996], [72.3894433, 23.581589100000002], [72.3886863, 23.58083039999999], [72.38778880000001, 23.580312400000004], [72.38644500000001, 23.58020329999999], [72.3845409, 23.579853399999998], [72.38166990000002, 23.580462300000004], [72.3790964, 23.5800442], [72.3776881, 23.578590000000002], [72.3757295, 23.5775174], [72.37394241250271, 23.57695779901423]]}}, {"type": "Feature", "properties": {"layer": "pond", "name": "Swami Vivekanand Lake", "osm": "way/430963994", "distance_m": 1424.4}, "geometry": {"type": "Polygon", "coordinates": [[[72.3971075, 23.605257300000005], [72.397719, 23.6052573], [72.397821, 23.605198299999994], [72.3978907, 23.6040628], [72.3976761, 23.603300899999994], [72.3975688, 23.60325170000001], [72.3968285, 23.6033599], [72.3967481, 23.6034778], [72.39643690000001, 23.6050017], [72.39646380000002, 23.605119600000002], [72.3971075, 23.605257300000005]]]}}, {"type": "Feature", "properties": {"layer": "highway", "name": "modhera road", "osm": "way/115711005", "distance_m": 930.5}, "geometry": {"type": "LineString", "coordinates": [[72.37912219999998, 23.5943933], [72.3791528, 23.594393399999998], [72.3803785, 23.594397099999995], [72.3805875, 23.5944136], [72.3808226, 23.5944119], [72.3809764, 23.5944301], [72.3813602, 23.5944356], [72.3822207, 23.5944576], [72.3825794, 23.594497], [72.3832426, 23.5946328], [72.3833757, 23.594663800000003], [72.383962, 23.594800299999996], [72.38412080000002, 23.5948427], [72.38462140000001, 23.594976400000007], [72.3853121, 23.595160900000003], [72.3857331, 23.59527329999999], [72.3858851, 23.595312999999997], [72.3864761, 23.5954494], [72.3872404, 23.59565960000001], [72.3875324, 23.595749099999995], [72.3882029, 23.596034200000002], [72.3883453, 23.596136499999993], [72.3883826, 23.59617220000001]]}}, {"type": "Feature", "properties": {"layer": "highway", "name": "Ahmedabad Palanpur State Highway SH41", "osm": "way/115711013", "distance_m": 1873.6}, "geometry": {"type": "LineString", "coordinates": [[72.3802562, 23.600497500000003], [72.3803796, 23.6011188], [72.3807586, 23.6029909], [72.3807815, 23.603090299999998], [72.380971, 23.6039147], [72.3810982, 23.604468199999996], [72.3812724, 23.6053045], [72.3813237, 23.6055509], [72.38134599999998, 23.6058999]]}}, {"type": "Feature", "properties": {"layer": "highway", "name": "Visnagar Road", "osm": "way/115712058", "distance_m": 1560.5}, "geometry": {"type": "LineString", "coordinates": [[72.39583499999999, 23.6053851], [72.39575699999999, 23.605366600000004], [72.3951677, 23.605201099999995], [72.3935725, 23.604700700000006], [72.3922631, 23.604297799999998], [72.3913048, 23.6039957]]}}, {"type": "Feature", "properties": {"layer": "highway", "name": "ST Road", "osm": "way/115712060", "distance_m": 1708.7}, "geometry": {"type": "LineString", "coordinates": [[72.3932609, 23.610186900000002], [72.3930987, 23.609935599999996], [72.3923167, 23.608742199999995], [72.3916929, 23.60770889999999], [72.3916323, 23.607608499999998], [72.3915432, 23.607506], [72.3910464, 23.6069343], [72.3906445, 23.606471899999995], [72.3904073, 23.605973899999995], [72.3903738, 23.605864300000007], [72.3903523, 23.605727900000005], [72.3903567, 23.605623499999993], [72.3903868, 23.605157]]}}, {"type": "Feature", "properties": {"layer": "highway", "name": "Radhanpur-Mehsana SH-68 Extension", "osm": "way/223187834", "distance_m": 2322.9}, "geometry": {"type": "LineString", "coordinates": [[72.3802123, 23.606319599999996], [72.3801641, 23.606333599999996], [72.379995, 23.606382599999996], [72.3792218, 23.606606699999993], [72.37844490000002, 23.606831899999996], [72.37829203746465, 23.606876209750975]]}}, {"type": "Feature", "properties": {"layer": "highway", "name": "Ahmedabad Palanpur State Highway SH41", "osm": "way/224543151", "distance_m": 2328.8}, "geometry": {"type": "LineString", "coordinates": [[72.3817534, 23.6074841], [72.3819559, 23.6083196], [72.3821804, 23.609246300000002], [72.38227646340377, 23.609642743824622]]}}, {"type": "Feature", "properties": {"layer": "highway", "name": "Gandhinagar Road", "osm": "way/224611862", "distance_m": 2384.6}, "geometry": {"type": "LineString", "coordinates": [[72.42080582859654, 23.58199176785227], [72.4202208, 23.583968499999997]]}}, {"type": "Feature", "properties": {"layer": "highway", "name": "Ahmedabad Palanpur State Highway SH41", "osm": "way/225377401", "distance_m": 2145.4}, "geometry": {"type": "LineString", "coordinates": [[72.37421590000001, 23.58539620000001], [72.37232319999998, 23.583582199999995], [72.37226499999998, 23.5835264], [72.37132707066738, 23.582615858810268]]}}, {"type": "Feature", "properties": {"layer": "highway", "name": "SH41;SH55", "osm": "way/225377405", "distance_m": 2155.9}, "geometry": {"type": "LineString", "coordinates": [[72.37130000775677, 23.582693439262588], [72.37221010000002, 23.583576600000004], [72.37225310000001, 23.583618999999995], [72.3727777, 23.58413639999999], [72.373205, 23.584557800000002], [72.3733744, 23.5847249], [72.3741032, 23.585443500000004]]}}, {"type": "Feature", "properties": {"layer": "highway", "name": "Modhera Chowkdi", "osm": "way/225377407", "distance_m": 1676.2}, "geometry": {"type": "LineString", "coordinates": [[72.3788818, 23.594224599999997], [72.37885560000001, 23.5942507], [72.37884070000001, 23.594283400000002], [72.37883870000002, 23.594318799999996], [72.3788498, 23.59435270000001], [72.37887289999999, 23.594381200000004], [72.3789011, 23.594399100000004], [72.3789338, 23.594408399999995], [72.378968, 23.5944083], [72.3790007, 23.594398800000004], [72.3790287, 23.594380599999997], [72.3790505, 23.594353799999993], [72.3790618, 23.594321899999997], [72.37906139999998, 23.5942884], [72.3790493, 23.594256800000004], [72.37902519999999, 23.5942291], [72.37899220000001, 23.5942105], [72.3789544, 23.5942032], [72.37891599999999, 23.5942081], [72.3788818, 23.594224599999997]]}}, {"type": "Feature", "properties": {"layer": "highway", "name": "Ahmedabad Palanpur State Highway SH41", "osm": "way/225378067", "distance_m": 1824.7}, "geometry": {"type": "LineString", "coordinates": [[72.3814665, 23.605884800000002], [72.3813161, 23.605055199999992], [72.3811767, 23.6044402], [72.3810968, 23.604045499999998], [72.380991, 23.603521999999998], [72.3809015, 23.603098699999997], [72.3806406, 23.601864499999994], [72.3803512, 23.600501599999998], [72.3801898, 23.5997379], [72.3801666, 23.599628300000003]]}}, {"type": "Feature", "properties": {"layer": "highway", "name": "NH68", "osm": "way/225378070", "distance_m": 2218.2}, "geometry": {"type": "LineString", "coordinates": [[72.3816156, 23.606614900000007], [72.3815043, 23.606069700000003]]}}, {"type": "Feature", "properties": {"layer": "highway", "name": "NH68", "osm": "way/225378080", "distance_m": 2220.1}, "geometry": {"type": "LineString", "coordinates": [[72.3813069, 23.605947900000004], [72.3809958, 23.6060429], [72.3808141, 23.6060941], [72.3802123, 23.606319599999996]]}}, {"type": "Feature", "properties": {"layer": "highway", "name": "NH68", "osm": "way/225378082", "distance_m": 2228.7}, "geometry": {"type": "LineString", "coordinates": [[72.3807583, 23.606181299999996], [72.3809937, 23.606125499999994], [72.3812124, 23.6060862], [72.3813541, 23.606081999999997]]}}, {"type": "Feature", "properties": {"layer": "highway", "name": "Mehsana-Himatnagar Vijapur road", "osm": "way/225469686", "distance_m": 2405.6}, "geometry": {"type": "LineString", "coordinates": [[72.40109473540186, 23.566126520582525], [72.40105, 23.566130000000005], [72.3972579, 23.566427], [72.396033, 23.566532900000002], [72.3946442, 23.566685999999994]]}}, {"type": "Feature", "properties": {"layer": "highway", "name": "Manav Ashram link road", "osm": "way/225816798", "distance_m": 1611.7}, "geometry": {"type": "LineString", "coordinates": [[72.4066097, 23.602112700000003], [72.4061399, 23.602796599999998], [72.4058966, 23.603204899999994], [72.4058621, 23.603262800000003], [72.4058356, 23.603352299999997], [72.4057623, 23.603599399999997], [72.40571290000001, 23.603927400000003], [72.4056904, 23.6040769], [72.4057295, 23.6044677], [72.4057885, 23.604797700000002], [72.4058014, 23.604869599999997], [72.4062206, 23.607127], [72.4062606, 23.6072867], [72.4064262, 23.6079487], [72.40647, 23.608123700000004], [72.406603, 23.608636499999996], [72.40684280000002, 23.6094773], [72.40691110000002, 23.609607800000003], [72.4070603, 23.609892999999996], [72.40754397107612, 23.61083254156669]]}}, {"type": "Feature", "properties": {"layer": "highway", "name": "NH68", "osm": "way/225816802", "distance_m": 1580.4}, "geometry": {"type": "LineString", "coordinates": [[72.4070897, 23.601414500000008], [72.4066097, 23.602112700000003]]}}, {"type": "Feature", "properties": {"layer": "highway", "name": "Gopinala Road", "osm": "way/226357433", "distance_m": 1841.1}, "geometry": {"type": "LineString", "coordinates": [[72.3880417, 23.6056747], [72.387161, 23.6057394], [72.3869093, 23.605757899999997], [72.3864691, 23.605930199999996], [72.38639, 23.605969400000006], [72.3852826, 23.6065624], [72.3851065, 23.606668], [72.384399, 23.6069458], [72.3841195, 23.6069458], [72.3837098, 23.6069458], [72.3836119, 23.606928399999994], [72.3833347, 23.606879199999998], [72.3831245, 23.6068419], [72.3828093, 23.606785899999995], [72.3819311, 23.6063993], [72.381872, 23.60637329999999]]}}, {"type": "Feature", "properties": {"layer": "highway", "name": "", "osm": "way/226357434", "distance_m": 918.3}, "geometry": {"type": "LineString", "coordinates": [[72.3887104, 23.596479499999997], [72.3889067, 23.596482199999993]]}}, {"type": "Feature", "properties": {"layer": "highway", "name": "SH56A", "osm": "way/226357435", "distance_m": 1784.0}, "geometry": {"type": "LineString", "coordinates": [[72.38946010000001, 23.605608000000004], [72.3886793, 23.605616599999998]]}}, {"type": "Feature", "properties": {"layer": "highway", "name": "Station Road", "osm": "way/226357436", "distance_m": 910.7}, "geometry": {"type": "LineString", "coordinates": [[72.3895503, 23.5968793], [72.3897027, 23.597267699999996], [72.3900151, 23.597873999999997], [72.3901519, 23.598132499999995], [72.390193, 23.598215399999997], [72.3903715, 23.598575000000004], [72.3904386, 23.598729400000007], [72.3905629, 23.599079099999997], [72.3905963, 23.599237800000004], [72.3903805, 23.599280699999998], [72.3903242, 23.5993093], [72.3902893, 23.5993609], [72.39027550000002, 23.5994249], [72.3902869, 23.600153999999993], [72.3902996, 23.600839199999996], [72.3900108, 23.600868600000002], [72.3899406, 23.600897100000005], [72.38988970000001, 23.600946199999996], [72.3898725, 23.601015000000004], [72.3898749, 23.6012038], [72.38990660000002, 23.601726599999996], [72.3899326, 23.601775799999995], [72.389998, 23.601817099999998], [72.3902035, 23.601881499999998], [72.39025980000001, 23.601931800000003], [72.3903023, 23.6020063]]}}, {"type": "Feature", "properties": {"layer": "highway", "name": "Station road", "osm": "way/430963987", "distance_m": 909.4}, "geometry": {"type": "LineString", "coordinates": [[72.3889067, 23.596482199999993], [72.3889827, 23.596490800000005], [72.3890568, 23.596520799999997], [72.3891199, 23.596557699999995], [72.3892791, 23.596674500000002], [72.3894869, 23.596820800000003], [72.3895503, 23.5968793]]}}, {"type": "Feature", "properties": {"layer": "highway", "name": "Zulelal Chock", "osm": "way/436674557", "distance_m": 2086.7}, "geometry": {"type": "LineString", "coordinates": [[72.39637380000002, 23.6093446], [72.39638900000001, 23.609366900000005], [72.396411, 23.6093838], [72.3964376, 23.609393600000004], [72.3964663, 23.609395299999996], [72.3964941, 23.609388699999997], [72.39651830000001, 23.6093746], [72.39653640000002, 23.609354299999993], [72.3965468, 23.6093298], [72.3965476, 23.6093161], [72.3965484, 23.6093037], [72.396541, 23.6092783], [72.3965255, 23.609256299999995], [72.3965072, 23.609243499999994], [72.3964765, 23.6092305], [72.3964484, 23.609229099999993], [72.3964363, 23.609231999999988], [72.3964212, 23.609235699999992], [72.3964095, 23.6092425], [72.39639750000002, 23.60924959999999], [72.39637950000001, 23.6092694], [72.39636900000002, 23.609293299999997], [72.39636690000002, 23.609319], [72.39637380000002, 23.6093446]]}}, {"type": "Feature", "properties": {"layer": "highway", "name": "Somnath Chowk", "osm": "way/436675596", "distance_m": 2312.1}, "geometry": {"type": "LineString", "coordinates": [[72.3968806, 23.611306699999997], [72.39686830000001, 23.611291999999995], [72.3968522, 23.611280899999997], [72.3968334, 23.611274200000004], [72.3968133, 23.6112723], [72.3967895, 23.6112767], [72.3967713, 23.611285900000002], [72.3967565, 23.611299399999996], [72.3967465, 23.611316099999993], [72.3967418, 23.611334599999985], [72.396743, 23.61135369999999], [72.3967486, 23.611369399999994], [72.39675820000001, 23.611383399999998], [72.3967713, 23.6113949], [72.3967869, 23.611403099999993], [72.3968043, 23.611407699999997], [72.3968223, 23.611408300000004], [72.39684, 23.611404900000004], [72.3968563, 23.611397600000004], [72.396874, 23.611382900000002], [72.3968858, 23.6113638], [72.3968903, 23.611342299999993], [72.3968881, 23.611323899999995], [72.3968806, 23.611306699999997]]}}, {"type": "Feature", "properties": {"layer": "highway", "name": "Himatnagar link road sh-219", "osm": "way/437561691", "distance_m": 789.4}, "geometry": {"type": "LineString", "coordinates": [[72.3926765, 23.5979255], [72.3927418, 23.597573599999993], [72.3929906, 23.597207499999993]]}}, {"type": "Feature", "properties": {"layer": "highway", "name": "Visnagar Road", "osm": "way/449235529", "distance_m": 2307.5}, "geometry": {"type": "LineString", "coordinates": [[72.3968903, 23.611342299999993], [72.396954, 23.611325300000004], [72.3974522, 23.6112671], [72.3982374, 23.611206400000007], [72.398699, 23.611226000000002], [72.3991332, 23.611300200000002], [72.3992259, 23.61132380000001], [72.3995033, 23.61141900000001], [72.3996399, 23.611469100000004], [72.4004858, 23.6118139], [72.40085, 23.611962400000003], [72.4011351, 23.612082199999996], [72.4013667, 23.6121865], [72.40209154884181, 23.61247290783339]]}}, {"type": "Feature", "properties": {"layer": "highway", "name": "Radhanpur Cross Roads Circle", "osm": "way/449482872", "distance_m": 2214.5}, "geometry": {"type": "LineString", "coordinates": [[72.3814036, 23.606099], [72.3814745, 23.606088599999993], [72.3815043, 23.606069700000003], [72.3815267, 23.606043500000002]]}}, {"type": "Feature", "properties": {"layer": "highway", "name": "", "osm": "way/449482873", "distance_m": 2184.9}, "geometry": {"type": "LineString", "coordinates": [[72.3813237, 23.6055509], [72.3812103, 23.60585280000001], [72.3809958, 23.6060429]]}}, {"type": "Feature", "properties": {"layer": "highway", "name": "", "osm": "way/449482874", "distance_m": 2222.1}, "geometry": {"type": "LineString", "coordinates": [[72.381872, 23.60637329999999], [72.3817706, 23.606406299999996], [72.3817331, 23.6064308], [72.3817097, 23.606457], [72.3816888, 23.606500899999993], [72.3816475, 23.606730199999998]]}}, {"type": "Feature", "properties": {"layer": "highway", "name": "", "osm": "way/449483187", "distance_m": 2245.6}, "geometry": {"type": "LineString", "coordinates": [[72.3809937, 23.606125499999994], [72.3812756, 23.6062187], [72.3815678, 23.60678319999999]]}}, {"type": "Feature", "properties": {"layer": "highway", "name": "Gopi nala", "osm": "way/452816328", "distance_m": 1793.8}, "geometry": {"type": "LineString", "coordinates": [[72.3887259, 23.6057096], [72.389454, 23.605698899999997]]}}, {"type": "Feature", "properties": {"layer": "highway", "name": "", "osm": "way/452816354", "distance_m": 1819.3}, "geometry": {"type": "LineString", "coordinates": [[72.3880417, 23.6056747], [72.3882897, 23.6056751], [72.3885378, 23.6057095], [72.3887259, 23.6057096]]}}, {"type": "Feature", "properties": {"layer": "highway", "name": "Station Road", "osm": "way/452816355", "distance_m": 1708.7}, "geometry": {"type": "LineString", "coordinates": [[72.389454, 23.605698899999997], [72.3896915, 23.605673899999996], [72.3899017, 23.605618500000006], [72.3899638, 23.605575600000005], [72.3899956, 23.6055301], [72.3901378, 23.605212999999996], [72.3901699, 23.6051761], [72.3902196, 23.605150300000002], [72.3903148, 23.6051495], [72.3903868, 23.605157]]}}, {"type": "Feature", "properties": {"layer": "highway", "name": "ST Road", "osm": "way/452816564", "distance_m": 1692.5}, "geometry": {"type": "LineString", "coordinates": [[72.390325, 23.604988899999995], [72.3903148, 23.6051495], [72.3902781, 23.605613499999993], [72.39027990000001, 23.605740199999996], [72.3903054, 23.605881499999995], [72.3903354, 23.6059934], [72.3905806, 23.6065086], [72.3909825, 23.606971000000005], [72.3914793, 23.607542700000003], [72.3915684, 23.60764520000001], [72.391629, 23.607745600000005], [72.3922528, 23.6087789], [72.3930616, 23.610118499999995], [72.3931466, 23.610269999999996]]}}, {"type": "Feature", "properties": {"layer": "highway", "name": "", "osm": "way/455228027", "distance_m": 1650.4}, "geometry": {"type": "LineString", "coordinates": [[72.3793194, 23.594274499999997], [72.37913260000002, 23.594267899999995]]}}, {"type": "Feature", "properties": {"layer": "highway", "name": "NH68", "osm": "way/591303906", "distance_m": 2227.1}, "geometry": {"type": "LineString", "coordinates": [[72.3814036, 23.606099], [72.3814745, 23.606431000000008], [72.3815678, 23.60678319999999], [72.3817534, 23.6074841]]}}, {"type": "Feature", "properties": {"layer": "highway", "name": "Gopinala Road", "osm": "way/653573244", "distance_m": 1811.3}, "geometry": {"type": "LineString", "coordinates": [[72.3886793, 23.605616599999998], [72.388452, 23.605608699999998], [72.3882066, 23.6055792], [72.3881261, 23.605593999999993], [72.3880417, 23.6056747]]}}, {"type": "Feature", "properties": {"layer": "highway", "name": "Station Road", "osm": "way/653573245", "distance_m": 1691.0}, "geometry": {"type": "LineString", "coordinates": [[72.3903991, 23.604994400000002], [72.390325, 23.604988899999995], [72.3902826, 23.604985699999997], [72.3902249, 23.6049943], [72.3901592, 23.605039699999995], [72.3900935, 23.605134400000004], [72.3900399, 23.6052511], [72.3899835, 23.6053986], [72.3899099, 23.605511100000005], [72.3898596, 23.605550999999995], [72.3896915, 23.605588699999995], [72.38946010000001, 23.605608000000004]]}}, {"type": "Feature", "properties": {"layer": "highway", "name": "Himatnagar link road sh-219", "osm": "way/679771330", "distance_m": 37.0}, "geometry": {"type": "LineString", "coordinates": [[72.3931032, 23.596998200000005], [72.3935765, 23.596211199999996], [72.39368069999999, 23.595944399999997], [72.39382859999999, 23.595565900000008], [72.39397639999999, 23.5951874], [72.39412999999999, 23.5947942], [72.3943811, 23.594151399999994], [72.3944559, 23.593638699999993], [72.39452750000001, 23.593147100000003], [72.39456890000001, 23.592863399999995], [72.3944938, 23.5921998], [72.39403780000002, 23.590572499999993], [72.3939949, 23.590115299999997], [72.3946494, 23.588316], [72.3953736, 23.586541300000007], [72.3955774, 23.585789099999992], [72.395513, 23.584058499999994], [72.395423, 23.583151300000004], [72.3953407, 23.582321899999993]]}}, {"type": "Feature", "properties": {"layer": "highway", "name": "Himatnagar link road sh-219", "osm": "way/679771331", "distance_m": 764.1}, "geometry": {"type": "LineString", "coordinates": [[72.3929906, 23.597207499999993], [72.3931032, 23.596998200000005]]}}, {"type": "Feature", "properties": {"layer": "highway", "name": "Ahmedabad Palanpur State Highway SH41", "osm": "way/682825022", "distance_m": 2259.2}, "geometry": {"type": "LineString", "coordinates": [[72.38236739763666, 23.60968785059679], [72.3822527, 23.6092338], [72.3820785, 23.6085568], [72.38183799999999, 23.607426199999995], [72.3816475, 23.606730199999998], [72.3816156, 23.606614900000007]]}}, {"type": "Feature", "properties": {"layer": "highway", "name": "Mehsana-Himatnagar Vijapur road", "osm": "way/697643337", "distance_m": 2417.1}, "geometry": {"type": "LineString", "coordinates": [[72.3904353, 23.566992200000005], [72.3897593, 23.5670178]]}}, {"type": "Feature", "properties": {"layer": "highway", "name": "Modhera road", "osm": "way/697692769", "distance_m": 1891.9}, "geometry": {"type": "LineString", "coordinates": [[72.37080504374543, 23.594245500479666], [72.3734788, 23.5942386], [72.37553789999998, 23.5942928], [72.3758145, 23.5942898], [72.3766501, 23.594312200000005], [72.376782, 23.594313900000003], [72.37688799999998, 23.594317799999995]]}}, {"type": "Feature", "properties": {"layer": "highway", "name": "Himatnagar link road sh-219", "osm": "way/722144517", "distance_m": 699.3}, "geometry": {"type": "LineString", "coordinates": [[72.3952919, 23.582094300000005], [72.3952341, 23.581836299999996], [72.3948747, 23.580833399999996], [72.39315800000001, 23.578483300000002], [72.3930405, 23.578130800000004], [72.3930403, 23.5778293], [72.39304, 23.577514699999995], [72.3931312, 23.5754301], [72.3926538, 23.57377309999999], [72.3921603, 23.572455399999992], [72.3918384, 23.571078700000008], [72.3918277, 23.569446299999996], [72.3918652, 23.5676861], [72.3918756, 23.567009799999997], [72.3918786, 23.5668136]]}}, {"type": "Feature", "properties": {"layer": "highway", "name": "Himatnagar link road sh-219", "osm": "way/722144518", "distance_m": 674.3}, "geometry": {"type": "LineString", "coordinates": [[72.3953407, 23.582321899999993], [72.3952919, 23.582094300000005]]}}, {"type": "Feature", "properties": {"layer": "highway", "name": "Gandhinagar Road", "osm": "way/722144521", "distance_m": 1495.4}, "geometry": {"type": "LineString", "coordinates": [[72.4201815, 23.584111500000002], [72.4201234, 23.5842542], [72.419801, 23.585469100000005], [72.4194398, 23.586770399999995], [72.4192074, 23.5875617], [72.4190413, 23.587957299999996], [72.4190074, 23.588028099999995], [72.4188006, 23.5884594], [72.4182444, 23.589334200000003], [72.4178661, 23.5898683], [72.4174552, 23.590303999999996], [72.4167489, 23.590971], [72.4166441, 23.591066800000004], [72.4165243, 23.591176300000004], [72.4160757, 23.59158310000001], [72.415756, 23.591870600000004], [72.4146004, 23.592909999999996], [72.41444319999998, 23.5930572], [72.41314860000001, 23.5942691], [72.4117594, 23.5955028], [72.41148760000002, 23.595731299999997], [72.41113139999999, 23.596111499999996], [72.41027800000002, 23.5970224], [72.4091186, 23.598347699999998], [72.4088201, 23.5987259], [72.4087031, 23.598904900000004], [72.408045, 23.599972800000003], [72.4070897, 23.601414500000008]]}}, {"type": "Feature", "properties": {"layer": "highway", "name": "Gandhinagar Road", "osm": "way/722144522", "distance_m": 2377.2}, "geometry": {"type": "LineString", "coordinates": [[72.4202208, 23.583968499999997], [72.4201815, 23.584111500000002]]}}, {"type": "Feature", "properties": {"layer": "highway", "name": "Station Road", "osm": "way/808059050", "distance_m": 1691.0}, "geometry": {"type": "LineString", "coordinates": [[72.3903868, 23.605157], [72.3903991, 23.604994400000002]]}}, {"type": "Feature", "properties": {"layer": "highway", "name": "Station Road", "osm": "way/808059051", "distance_m": 1570.8}, "geometry": {"type": "LineString", "coordinates": [[72.3904594, 23.6038802], [72.3903845, 23.6040542], [72.390325, 23.604988899999995]]}}, {"type": "Feature", "properties": {"layer": "highway", "name": "Station Road", "osm": "way/808059052", "distance_m": 1570.8}, "geometry": {"type": "LineString", "coordinates": [[72.3903991, 23.604994400000002], [72.3904704, 23.604057899999994], [72.3904594, 23.6038802]]}}, {"type": "Feature", "properties": {"layer": "highway", "name": "Visnagar Road", "osm": "way/808073822", "distance_m": 1567.0}, "geometry": {"type": "LineString", "coordinates": [[72.3904594, 23.6038802], [72.3906017, 23.6039335], [72.390745, 23.603946899999997], [72.3909391, 23.60397], [72.3912741, 23.604076300000003], [72.3922365, 23.6043796], [72.3935414, 23.604785400000004], [72.3951447, 23.605283900000007], [72.39573169999998, 23.6054488], [72.39581169999998, 23.605467699999995], [72.395848, 23.605473299999996]]}}, {"type": "Feature", "properties": {"layer": "highway", "name": "", "osm": "way/808073823", "distance_m": 1657.9}, "geometry": {"type": "LineString", "coordinates": [[72.395915, 23.6054997], [72.3959512, 23.605491299999997], [72.3959774, 23.605472799999998], [72.3959941, 23.605446599999997], [72.3959989, 23.605416599999998], [72.3959927, 23.605390800000002], [72.3959776, 23.605368199999997], [72.39595530000001, 23.6053515], [72.3959281, 23.6053424], [72.3959019, 23.6053417], [72.39587669999999, 23.6053482], [72.39585469999999, 23.605361400000003], [72.39583499999999, 23.6053851], [72.39582619999999, 23.605413800000004], [72.39582969999998, 23.605443500000003], [72.395848, 23.605473299999996], [72.39587829999999, 23.6054933], [72.395915, 23.6054997]]}}, {"type": "Feature", "properties": {"layer": "highway", "name": "Visnagar Road", "osm": "way/808073824", "distance_m": 1674.3}, "geometry": {"type": "LineString", "coordinates": [[72.3959512, 23.605491299999997], [72.3959957, 23.605546], [72.39605740000002, 23.60563820000001], [72.3961218, 23.605764800000003], [72.3961632, 23.605896699999995], [72.3962777, 23.606771000000002], [72.39636090000002, 23.6077763], [72.39638400000001, 23.6080669], [72.39641190000002, 23.608417500000005], [72.39641300000001, 23.608430799999997], [72.39641980000002, 23.608516499999997], [72.3964765, 23.6092305]]}}, {"type": "Feature", "properties": {"layer": "highway", "name": "Visnagar Road", "osm": "way/980444585", "distance_m": 1556.9}, "geometry": {"type": "LineString", "coordinates": [[72.3913048, 23.6039957], [72.3909129, 23.6038686], [72.3907398, 23.603841999999993], [72.390705, 23.6038366], [72.3905615, 23.6038428], [72.3904594, 23.6038802]]}}, {"type": "Feature", "properties": {"layer": "highway", "name": "Gopinala Road", "osm": "way/980444587", "distance_m": 2214.5}, "geometry": {"type": "LineString", "coordinates": [[72.381872, 23.60637329999999], [72.3815267, 23.606043500000002]]}}, {"type": "Feature", "properties": {"layer": "highway", "name": "Radhanpur Cross Roads Circle", "osm": "way/980444588", "distance_m": 2204.0}, "geometry": {"type": "LineString", "coordinates": [[72.3815267, 23.606043500000002], [72.3815407, 23.606007899999998], [72.381541, 23.605970000000003], [72.3815274, 23.605934300000005], [72.3815016, 23.605904700000004], [72.3814665, 23.605884800000002], [72.3813834, 23.6058819], [72.38134599999998, 23.6058999], [72.3813229, 23.6059215]]}}, {"type": "Feature", "properties": {"layer": "highway", "name": "Radhanpur Cross Roads Circle", "osm": "way/980444589", "distance_m": 2216.8}, "geometry": {"type": "LineString", "coordinates": [[72.3813229, 23.6059215], [72.3813069, 23.605947900000004]]}}, {"type": "Feature", "properties": {"layer": "highway", "name": "Radhanpur Cross Roads Circle", "osm": "way/980444590", "distance_m": 2220.1}, "geometry": {"type": "LineString", "coordinates": [[72.3813069, 23.605947900000004], [72.3812987, 23.605985], [72.3813045, 23.606022599999992], [72.3813237, 23.6060562], [72.3813541, 23.606081999999997]]}}, {"type": "Feature", "properties": {"layer": "highway", "name": "Radhanpur Cross Roads Circle", "osm": "way/980444591", "distance_m": 2227.1}, "geometry": {"type": "LineString", "coordinates": [[72.3813541, 23.606081999999997], [72.3814036, 23.606099]]}}, {"type": "Feature", "properties": {"layer": "highway", "name": "Station Road", "osm": "way/980453261", "distance_m": 1378.8}, "geometry": {"type": "LineString", "coordinates": [[72.3903023, 23.6020063], [72.3904261, 23.603487700000006], [72.3904594, 23.6038802]]}}, {"type": "Feature", "properties": {"layer": "highway", "name": "", "osm": "way/1078117871", "distance_m": 925.7}, "geometry": {"type": "LineString", "coordinates": [[72.38842779999999, 23.5961523], [72.38821659999999, 23.59596090000001], [72.3880869, 23.595880899999997], [72.3877495, 23.595748], [72.3874463, 23.59565389999999], [72.3871537, 23.595559800000004], [72.3867786, 23.595469], [72.38624439999998, 23.595345800000004], [72.3858926, 23.595264700000005], [72.3857807, 23.595234899999998], [72.38506440000002, 23.59504419999999], [72.38405690000002, 23.5947706], [72.3833987, 23.59461509999999], [72.3832559, 23.5945814], [72.382922, 23.594502499999997], [72.3826384, 23.5944323], [72.3823156, 23.594356599999998], [72.3820396, 23.5943533], [72.38083659999998, 23.594328699999995], [72.380664, 23.5943252], [72.3803814, 23.594317699999998], [72.3796793, 23.594299], [72.3793194, 23.594274499999997]]}}, {"type": "Feature", "properties": {"layer": "highway", "name": "", "osm": "way/1078117872", "distance_m": 1547.6}, "geometry": {"type": "LineString", "coordinates": [[72.3803785, 23.594397099999995], [72.3803814, 23.594317699999998]]}}, {"type": "Feature", "properties": {"layer": "highway", "name": "Sardar Patel Underpass", "osm": "way/1082629524", "distance_m": 1688.9}, "geometry": {"type": "LineString", "coordinates": [[72.3782247, 23.591228299999997], [72.37842699999999, 23.5922061], [72.3784724, 23.592416899999993], [72.3788101, 23.593863099999997], [72.3788424, 23.5940509], [72.3788572, 23.594094799999997], [72.3789649, 23.594639499999996], [72.3790361, 23.594959999999997], [72.37918930000001, 23.595586199999996], [72.3793014, 23.59614609999999], [72.3793689, 23.5964313], [72.3793806, 23.596502900000004], [72.3793853, 23.5965314], [72.37948349999999, 23.5969468], [72.3796986, 23.598074700000005], [72.3800561, 23.599650399999994]]}}, {"type": "Feature", "properties": {"layer": "highway", "name": "Sardar Patel Underpass", "osm": "way/1082629525", "distance_m": 1679.8}, "geometry": {"type": "LineString", "coordinates": [[72.3801666, 23.599628300000003], [72.3797168, 23.5974997], [72.3794956, 23.596536899999997], [72.3793507, 23.5959063], [72.3791085, 23.5948067], [72.37892590000001, 23.5940066], [72.3788793, 23.593789599999997], [72.37857390000002, 23.592401399999996], [72.3785278, 23.5921917], [72.3783129, 23.5912142]]}}, {"type": "Feature", "properties": {"layer": "highway", "name": "", "osm": "way/1082629527", "distance_m": 1704.6}, "geometry": {"type": "LineString", "coordinates": [[72.3782631, 23.5943328], [72.3787998, 23.594377800000004]]}}, {"type": "Feature", "properties": {"layer": "highway", "name": "", "osm": "way/1082629528", "distance_m": 1703.5}, "geometry": {"type": "LineString", "coordinates": [[72.3787762, 23.594258599999996], [72.3783315, 23.594254399999997], [72.3779995, 23.5942512]]}}, {"type": "Feature", "properties": {"layer": "highway", "name": "modhera road", "osm": "way/1082629529", "distance_m": 1673.4}, "geometry": {"type": "LineString", "coordinates": [[72.3790287, 23.594380599999997], [72.37912219999998, 23.5943933]]}}, {"type": "Feature", "properties": {"layer": "highway", "name": "", "osm": "way/1082629530", "distance_m": 1668.6}, "geometry": {"type": "LineString", "coordinates": [[72.37913260000002, 23.594267899999995], [72.3790493, 23.594256800000004]]}}, {"type": "Feature", "properties": {"layer": "highway", "name": "", "osm": "way/1082629531", "distance_m": 1697.5}, "geometry": {"type": "LineString", "coordinates": [[72.3787998, 23.594377800000004], [72.37887289999999, 23.594381200000004]]}}, {"type": "Feature", "properties": {"layer": "highway", "name": "", "osm": "way/1082629533", "distance_m": 1695.4}, "geometry": {"type": "LineString", "coordinates": [[72.37885560000001, 23.5942507], [72.3787762, 23.594258599999996]]}}, {"type": "Feature", "properties": {"layer": "highway", "name": "", "osm": "way/1102267176", "distance_m": 1503.2}, "geometry": {"type": "LineString", "coordinates": [[72.4071021, 23.601597299999995], [72.4071568, 23.6015229], [72.4073571, 23.601212299999993], [72.4077792, 23.600486800000002], [72.408108, 23.599992399999998], [72.4086018, 23.5992529], [72.4088452, 23.598837899999996], [72.4091348, 23.5984455], [72.4099883, 23.59747139999999], [72.41025650000002, 23.597173400000003], [72.41078629999998, 23.59658479999999], [72.411574, 23.59579939999999], [72.41241620000001, 23.5949783], [72.41324800000001, 23.594235700000002], [72.4144429, 23.5931317], [72.4151768, 23.592456899999995], [72.4160056, 23.591717099999997], [72.4167286, 23.5910488], [72.4176693, 23.590186799999998], [72.417962, 23.5898564], [72.4185259, 23.589000899999995], [72.4188278, 23.588532200000007], [72.4190634, 23.588055], [72.419176, 23.587786699999995], [72.4194348, 23.5869792], [72.4198292, 23.585657700000002], [72.4202921, 23.584123]]}}, {"type": "Feature", "properties": {"layer": "highway", "name": "NH68", "osm": "way/1102355413", "distance_m": 2275.5}, "geometry": {"type": "LineString", "coordinates": [[72.37834309759664, 23.60692313404882], [72.3787414, 23.606807700000005], [72.37997030000001, 23.60648], [72.3807583, 23.606181299999996]]}}, {"type": "Feature", "properties": {"layer": "highway", "name": "Ahmedabad Palanpur State Highway SH41", "osm": "way/1129143549", "distance_m": 1696.5}, "geometry": {"type": "LineString", "coordinates": [[72.3783129, 23.5912142], [72.3782669, 23.5910053], [72.3781489, 23.590468500000007], [72.3780466, 23.590037099999996], [72.3779376, 23.5897017], [72.3778047, 23.589426100000004], [72.3776299, 23.589155399999996], [72.3774103, 23.5887971], [72.3772633, 23.5885674], [72.3771293, 23.588409699999996], [72.3768604, 23.5880795], [72.376487, 23.5876985]]}}, {"type": "Feature", "properties": {"layer": "highway", "name": "SH41;SH55", "osm": "way/1132394882", "distance_m": 1705.6}, "geometry": {"type": "LineString", "coordinates": [[72.3771325, 23.588566000000004], [72.3773001, 23.5888026], [72.3776556, 23.5893768], [72.3776858, 23.5894256], [72.3778557, 23.589719099999993], [72.3779516, 23.590058599999992], [72.3780402, 23.590414900000003], [72.3780518, 23.590461999999995], [72.3781759, 23.591011899999998], [72.3782247, 23.591228299999997]]}}, {"type": "Feature", "properties": {"layer": "highway", "name": "SH41;SH55", "osm": "way/1132674598", "distance_m": 1895.6}, "geometry": {"type": "LineString", "coordinates": [[72.3758687, 23.587174999999995], [72.3760315, 23.587349899999992], [72.3764068, 23.587753]]}}, {"type": "Feature", "properties": {"layer": "highway", "name": "Ahmedabad Palanpur State Highway SH41", "osm": "way/1132674599", "distance_m": 1887.7}, "geometry": {"type": "LineString", "coordinates": [[72.376487, 23.5876985], [72.3759291, 23.5871294]]}}, {"type": "Feature", "properties": {"layer": "highway", "name": "", "osm": "way/1134768530", "distance_m": 2075.0}, "geometry": {"type": "LineString", "coordinates": [[72.40764072830555, 23.610793858587872], [72.4074618, 23.6104528], [72.4071334, 23.6098334], [72.4068949, 23.609388500000005], [72.4066924, 23.608662499999998], [72.4066392, 23.6084484], [72.4063461, 23.607199299999998], [72.4063284, 23.607141499999997]]}}, {"type": "Feature", "properties": {"layer": "highway", "name": "Modhera road", "osm": "way/1134831883", "distance_m": 1756.2}, "geometry": {"type": "LineString", "coordinates": [[72.37688799999998, 23.594317799999995], [72.3782631, 23.5943328]]}}, {"type": "Feature", "properties": {"layer": "highway", "name": "", "osm": "way/1134831884", "distance_m": 1780.0}, "geometry": {"type": "LineString", "coordinates": [[72.3779995, 23.5942512], [72.376898, 23.594223799999998], [72.3767873, 23.594226], [72.3758356, 23.594211399999995], [72.3755582, 23.5941995], [72.3755259, 23.5941981], [72.3729108, 23.594165700000005], [72.37078704790768, 23.594166259978795]]}}, {"type": "Feature", "properties": {"layer": "highway", "name": "SH41;SH55", "osm": "way/1156762536", "distance_m": 1819.7}, "geometry": {"type": "LineString", "coordinates": [[72.3764068, 23.587753], [72.3770473, 23.588441099999994], [72.3771325, 23.588566000000004]]}}, {"type": "Feature", "properties": {"layer": "highway", "name": "Ahmedabad Palanpur State Highway SH41", "osm": "way/1189403217", "distance_m": 1835.4}, "geometry": {"type": "LineString", "coordinates": [[72.3800561, 23.599650399999994], [72.38008120000002, 23.599756599999996], [72.3802562, 23.600497500000003]]}}, {"type": "Feature", "properties": {"layer": "highway", "name": "Mehsana-Himatnagar Vijapur road", "osm": "way/1209655391", "distance_m": 2428.6}, "geometry": {"type": "LineString", "coordinates": [[72.3897593, 23.5670178], [72.38716911387607, 23.56702671539279]]}}, {"type": "Feature", "properties": {"layer": "highway", "name": "modhera road", "osm": "way/1209698091", "distance_m": 928.9}, "geometry": {"type": "LineString", "coordinates": [[72.3884386, 23.596203700000004], [72.3884869, 23.596336399999995], [72.3884946, 23.596482799999997], [72.3885745, 23.596485499999996], [72.3887104, 23.596479499999997]]}}, {"type": "Feature", "properties": {"layer": "highway", "name": "", "osm": "way/1209698092", "distance_m": 925.7}, "geometry": {"type": "LineString", "coordinates": [[72.3884386, 23.596203700000004], [72.38842779999999, 23.5961523]]}}, {"type": "Feature", "properties": {"layer": "highway", "name": "modhera road", "osm": "way/1209698093", "distance_m": 928.9}, "geometry": {"type": "LineString", "coordinates": [[72.3883826, 23.59617220000001], [72.3884386, 23.596203700000004]]}}, {"type": "Feature", "properties": {"layer": "highway", "name": "Mehsana-Himatnagar Vijapur road", "osm": "way/1212933167", "distance_m": 2399.7}, "geometry": {"type": "LineString", "coordinates": [[72.391756, 23.566946199999997], [72.39127930000001, 23.566952100000005], [72.3904353, 23.566992200000005]]}}, {"type": "Feature", "properties": {"layer": "highway", "name": "Mehsana-Himatnagar Vijapur road", "osm": "way/1212933168", "distance_m": 2398.3}, "geometry": {"type": "LineString", "coordinates": [[72.3919357, 23.566936399999996], [72.3918177, 23.5669428]]}}, {"type": "Feature", "properties": {"layer": "highway", "name": "Mehsana-Himatnagar Vijapur road", "osm": "way/1212933169", "distance_m": 2399.2}, "geometry": {"type": "LineString", "coordinates": [[72.3918177, 23.5669428], [72.391756, 23.566946199999997]]}}, {"type": "Feature", "properties": {"layer": "highway", "name": "Mehsana-Himatnagar Vijapur road", "osm": "way/1212933170", "distance_m": 2397.6}, "geometry": {"type": "LineString", "coordinates": [[72.392037, 23.566930899999996], [72.3919357, 23.566936399999996]]}}, {"type": "Feature", "properties": {"layer": "highway", "name": "NH68", "osm": "way/1213016270", "distance_m": 2394.3}, "geometry": {"type": "LineString", "coordinates": [[72.42032660000001, 23.5840029], [72.42035590000002, 23.583903299999992], [72.4204577, 23.5835569], [72.4207442, 23.582574200000003], [72.42086238698953, 23.58217590700824]]}}, {"type": "Feature", "properties": {"layer": "highway", "name": "", "osm": "way/1213016271", "distance_m": 2387.9}, "geometry": {"type": "LineString", "coordinates": [[72.4202921, 23.584123], [72.42032660000001, 23.5840029]]}}, {"type": "Feature", "properties": {"layer": "highway", "name": "", "osm": "way/1213016272", "distance_m": 1612.3}, "geometry": {"type": "LineString", "coordinates": [[72.4063284, 23.607141499999997], [72.4061691, 23.606369499999996], [72.4061431, 23.606243399999997], [72.4059305, 23.605148], [72.4057904, 23.604411499999998], [72.4057796, 23.604354699999995], [72.4057611, 23.6040441], [72.4057981, 23.603696899999992], [72.4058658, 23.603422999999996], [72.4058885, 23.603372000000004], [72.4059614, 23.603208399999996], [72.4061031, 23.602979700000002], [72.4065098, 23.6024038], [72.4068282, 23.601970299999998]]}}, {"type": "Feature", "properties": {"layer": "highway", "name": "", "osm": "way/1213016273", "distance_m": 1596.9}, "geometry": {"type": "LineString", "coordinates": [[72.4068282, 23.601970299999998], [72.4071021, 23.601597299999995]]}}, {"type": "Feature", "properties": {"layer": "highway", "name": "Visnagar Road", "osm": "way/1215935730", "distance_m": 2102.6}, "geometry": {"type": "LineString", "coordinates": [[72.3967895, 23.6112767], [72.3967343, 23.611092299999996], [72.396705, 23.610367999999998], [72.396676, 23.609867900000005], [72.3966604, 23.6096528], [72.3966081, 23.609501400000003], [72.39651830000001, 23.6093746]]}}, {"type": "Feature", "properties": {"layer": "highway", "name": "", "osm": "way/1215935731", "distance_m": 2295.7}, "geometry": {"type": "LineString", "coordinates": [[72.40226811204448, 23.612438163045354], [72.401435, 23.612100100000003], [72.4011972, 23.612007199999997], [72.40106650000001, 23.611950499999995], [72.4008945, 23.6118834], [72.4008238, 23.611855799999997], [72.39984730000002, 23.61146339999999], [72.3995478, 23.611345799999995], [72.39948160000002, 23.6113198], [72.3991838, 23.611227699999997], [72.3991114, 23.611205399999992], [72.3988162, 23.6111429], [72.3984254, 23.6111094], [72.3982901, 23.611106], [72.3981686, 23.611103000000004], [72.3971816, 23.611192399999997], [72.3969732, 23.611213100000008], [72.3968133, 23.6112723]]}}, {"type": "Feature", "properties": {"layer": "highway", "name": "", "osm": "way/1215936052", "distance_m": 2105.1}, "geometry": {"type": "LineString", "coordinates": [[72.3964663, 23.609395299999996], [72.3965935, 23.609669399999994], [72.3966212, 23.6097835], [72.396651, 23.6103728], [72.3966895, 23.611134200000002], [72.3967224, 23.6112309], [72.3967565, 23.611299399999996]]}}, {"type": "Feature", "properties": {"layer": "highway", "name": "Mehsana-Himatnagar Vijapur road", "osm": "way/1313198508", "distance_m": 2396.4}, "geometry": {"type": "LineString", "coordinates": [[72.3946442, 23.566685999999994], [72.3940226, 23.566754500000002], [72.392037, 23.566930899999996]]}}, {"type": "Feature", "properties": {"layer": "highway", "name": "ST Road", "osm": "way/1557858399", "distance_m": 2096.9}, "geometry": {"type": "LineString", "coordinates": [[72.39636690000002, 23.609319], [72.3935524, 23.6102143], [72.3933862, 23.6102386], [72.393339, 23.610234400000003]]}}, {"type": "Feature", "properties": {"layer": "highway", "name": "ST Road", "osm": "way/1557858400", "distance_m": 2103.9}, "geometry": {"type": "LineString", "coordinates": [[72.3933251, 23.6103448], [72.3934249, 23.6103188], [72.3935538, 23.61028000000001], [72.3939338, 23.6101601], [72.3962473, 23.609396300000004], [72.396411, 23.6093838]]}}, {"type": "Feature", "properties": {"layer": "park", "name": "nagalpur car parking", "osm": "way/371545109", "distance_m": 2462.1}, "geometry": {"type": "Polygon", "coordinates": [[[72.370817, 23.5849512], [72.3714021, 23.5837415], [72.37110333008316, 23.58353170872696], [72.37078600683846, 23.584936305530825], [72.370817, 23.5849512]]]}}, {"type": "Feature", "properties": {"layer": "park", "name": "Arvind Baug", "osm": "way/430963986", "distance_m": 1578.4}, "geometry": {"type": "Polygon", "coordinates": [[[72.3911288, 23.604677199999994], [72.39082040000001, 23.604861600000003], [72.390756, 23.605522700000005], [72.3908767, 23.605522699999998], [72.3909679, 23.6054637], [72.3913354, 23.605503100000004], [72.3917243, 23.6057046], [72.392073, 23.604669899999994], [72.3919147, 23.604628100000006], [72.3919925, 23.604369999999996], [72.3912925, 23.6041586], [72.3911288, 23.604677199999994]]]}}, {"type": "Feature", "properties": {"layer": "park", "name": "Biladi Bag (Mahatma Gandhi garden)", "osm": "way/436677199", "distance_m": 2122.7}, "geometry": {"type": "Polygon", "coordinates": [[[72.3983026, 23.611009900000003], [72.3985797, 23.6103784], [72.3984946, 23.609521499999996], [72.3967147, 23.609735299999997], [72.396676, 23.609867900000005], [72.396705, 23.610367999999998], [72.3967155, 23.611106700000004], [72.3983026, 23.611009900000003]]]}}, {"type": "Feature", "properties": {"layer": "park", "name": "", "osm": "way/449669235", "distance_m": 2076.9}, "geometry": {"type": "Polygon", "coordinates": [[[72.3945582, 23.609370200000008], [72.394717, 23.609447200000005], [72.3947917, 23.609413000000007], [72.3949738, 23.609438599999997], [72.3950672, 23.6093659], [72.3950205, 23.609091999999997], [72.3946282, 23.609083499999997], [72.3945582, 23.609370200000008]]]}}, {"type": "Feature", "properties": {"layer": "residential", "name": "Rajmahal", "osm": "way/449668243", "distance_m": 1914.0}, "geometry": {"type": "Polygon", "coordinates": [[[72.392368, 23.608689799999993], [72.3943854, 23.608617], [72.3941846, 23.608219099999996], [72.3939604, 23.6078083], [72.3931556, 23.607507700000003], [72.3930325, 23.607656899999995], [72.3923916, 23.607738500000004], [72.3922593, 23.6084862], [72.392368, 23.608689799999993]]]}}, {"type": "Feature", "properties": {"layer": "residential", "name": "", "osm": "way/528451189", "distance_m": 1462.2}, "geometry": {"type": "Polygon", "coordinates": [[[72.3790753, 23.593304399999997], [72.3797571, 23.593273599999996], [72.3798147, 23.593216399999992], [72.3801076, 23.592551999999998], [72.380194, 23.592292399999995], [72.38015979999999, 23.5922584], [72.3806346, 23.5914669], [72.380066, 23.59112280000001], [72.37969309999998, 23.591540600000002], [72.3794356, 23.5918503], [72.3789984, 23.59171020000001], [72.3786605, 23.591479200000002], [72.378785, 23.592168500000003], [72.3788536, 23.592548399999995], [72.3789958, 23.593290699999997], [72.3790753, 23.593304399999997]]]}}, {"type": "Feature", "properties": {"layer": "residential", "name": "Patidar Nagar Society", "osm": "way/1201857729", "distance_m": 1650.9}, "geometry": {"type": "Polygon", "coordinates": [[[72.4043243, 23.6067433], [72.4049814, 23.606857100000003], [72.4051846, 23.606212299999996], [72.404996, 23.60613199999999], [72.4050846, 23.6059485], [72.4049391, 23.60589569999999], [72.4050108, 23.6057647], [72.4051264, 23.605795499999996], [72.4054493, 23.604337700000002], [72.4055387, 23.60396429999999], [72.405588, 23.603702999999996], [72.4045961, 23.6036586], [72.4044422, 23.604654500000002], [72.4039901, 23.604555299999994], [72.4038216, 23.605476099999997], [72.4043782, 23.605816400000002], [72.403982, 23.606588699999993], [72.4043243, 23.6067433]]]}}, {"type": "Feature", "properties": {"layer": "stream_canal", "name": "", "osm": "way/722144524", "distance_m": 607.1}, "geometry": {"type": "LineString", "coordinates": [[72.3898505, 23.5829596], [72.3903885, 23.583105899999996], [72.3905019, 23.583148800000007], [72.3910916, 23.583374099999997], [72.3912951, 23.5833812], [72.3916859, 23.5832297], [72.3925842, 23.582805999999994], [72.3944861, 23.5829439], [72.39494349999998, 23.5827012], [72.396295, 23.581017400000004], [72.39707830000002, 23.5806832], [72.3984018, 23.580584200000004], [72.3999278, 23.5800024], [72.4024803, 23.581141099999996], [72.402926, 23.5812649], [72.4033581, 23.580633699999996], [72.4038443, 23.580745099999994], [72.40477609999999, 23.581636200000002], [72.4055189, 23.581920899999993], [72.40608610000001, 23.581784699999993], [72.4069369, 23.581190599999996], [72.4073151, 23.581190599999996], [72.4079498, 23.5820942], [72.4094219, 23.582948199999993], [72.4120688, 23.583047199999996], [72.4134734, 23.583171000000007], [72.4150534, 23.584136399999995], [72.4157017, 23.5843716], [72.41659300000002, 23.5843468], [72.41753839999998, 23.584619100000005], [72.4197937, 23.5840374], [72.4205635, 23.584074499999993], [72.4212928, 23.584408700000004], [72.42144923740251, 23.584407755943953]]}}, {"type": "Feature", "properties": {"layer": "building", "distance_m": 455.9, "source": "Google Open Buildings", "in_industrial_zone": false, "ghsl_2018": 1}, "geometry": {"type": "Polygon", "coordinates": [[[72.3919066, 23.593533700000002], [72.39221389999999, 23.5935874], [72.39211979999999, 23.594044500000006], [72.39181249999999, 23.5939908], [72.3919066, 23.593533700000002]]]}}, {"type": "Feature", "properties": {"layer": "building", "distance_m": 438.3, "source": "Google Open Buildings", "in_industrial_zone": false, "ghsl_2018": 1}, "geometry": {"type": "Polygon", "coordinates": [[[72.3926468, 23.593667900000003], [72.39248179999998, 23.5944811], [72.3923655, 23.594461000000003], [72.3925304, 23.593647800000003], [72.3926468, 23.593667900000003]]]}}, {"type": "Feature", "properties": {"layer": "building", "distance_m": 402.1, "source": "Microsoft ML Buildings", "in_industrial_zone": false, "ghsl_2018": 1}, "geometry": {"type": "Polygon", "coordinates": [[[72.3924778, 23.593161799999997], [72.3924503, 23.5933402], [72.39207419999998, 23.5932916], [72.3921017, 23.593113199999994], [72.3924778, 23.593161799999997]]]}}, {"type": "Feature", "properties": {"layer": "building", "distance_m": 371.8, "source": "Microsoft ML Buildings", "in_industrial_zone": false, "ghsl_2018": 1}, "geometry": {"type": "Polygon", "coordinates": [[[72.39230209999998, 23.59265130000001], [72.3922952, 23.592717], [72.3923351, 23.59272049999999], [72.39232569999999, 23.592810699999998], [72.39223799999999, 23.592802900000002], [72.39224479999999, 23.592737200000002], [72.39221829999998, 23.592734900000004], [72.3922277, 23.592644699999997], [72.39230209999998, 23.59265130000001]]]}}, {"type": "Feature", "properties": {"layer": "building", "distance_m": 406.6, "source": "Microsoft ML Buildings", "in_industrial_zone": false, "ghsl_2018": 0}, "geometry": {"type": "Polygon", "coordinates": [[[72.39222009999999, 23.593066299999997], [72.3920378, 23.593063399999995], [72.3920388, 23.5930118], [72.3922211, 23.5930147], [72.39222009999999, 23.593066299999997]]]}}, {"type": "Feature", "properties": {"layer": "building", "distance_m": 369.8, "source": "Microsoft ML Buildings", "in_industrial_zone": false, "ghsl_2018": 1}, "geometry": {"type": "Polygon", "coordinates": [[[72.391739, 23.592090199999998], [72.3917022, 23.592318800000005], [72.39158299999998, 23.592302699999998], [72.39162309999999, 23.5920535], [72.3916309, 23.592054599999997], [72.3916427, 23.5919814], [72.3916821, 23.5919867], [72.39168859999998, 23.591945800000005], [72.39175689999999, 23.591955], [72.3917353, 23.592089700000002], [72.391739, 23.592090199999998]]]}}, {"type": "Feature", "properties": {"layer": "building", "distance_m": 372.0, "source": "Microsoft ML Buildings", "in_industrial_zone": false, "ghsl_2018": 1}, "geometry": {"type": "Polygon", "coordinates": [[[72.3916612, 23.591927300000002], [72.3916675, 23.591887400000005], [72.3916938, 23.591890899999992], [72.3916875, 23.591930799999997], [72.3916612, 23.591927300000002]]]}}, {"type": "Feature", "properties": {"layer": "building", "distance_m": 367.3, "source": "Google Open Buildings", "in_industrial_zone": false, "ghsl_2018": 1}, "geometry": {"type": "Polygon", "coordinates": [[[72.39171340000001, 23.59189180000001], [72.3917511, 23.5918992], [72.3917405, 23.591945099999997], [72.39170279999999, 23.5919377], [72.39171340000001, 23.59189180000001]]]}}, {"type": "Feature", "properties": {"layer": "building", "distance_m": 352.4, "source": "Microsoft ML Buildings", "in_industrial_zone": false, "ghsl_2018": 1}, "geometry": {"type": "Polygon", "coordinates": [[[72.3916927, 23.591469], [72.39169609999999, 23.5916115], [72.3915846, 23.591613799999998], [72.3915812, 23.591471299999995], [72.3916927, 23.591469]]]}}, {"type": "Feature", "properties": {"layer": "building", "distance_m": 373.0, "source": "Microsoft ML Buildings", "in_industrial_zone": false, "ghsl_2018": 1}, "geometry": {"type": "Polygon", "coordinates": [[[72.39154419999998, 23.59162600000001], [72.3915029, 23.591693000000003], [72.3914561, 23.591668800000004], [72.3914975, 23.591601800000003], [72.39154419999998, 23.59162600000001]]]}}, {"type": "Feature", "properties": {"layer": "building", "distance_m": 367.5, "source": "Microsoft ML Buildings", "in_industrial_zone": false, "ghsl_2018": 1}, "geometry": {"type": "Polygon", "coordinates": [[[72.3913679, 23.591650400000002], [72.3912809, 23.591626299999998], [72.39134200000001, 23.591441699999994], [72.3915459, 23.591498300000005], [72.3915138, 23.591595099999992], [72.39139699999998, 23.5915627], [72.3913679, 23.591650400000002]]]}}, {"type": "Feature", "properties": {"layer": "building", "distance_m": 409.6, "source": "Microsoft ML Buildings", "in_industrial_zone": false, "ghsl_2018": 1}, "geometry": {"type": "Polygon", "coordinates": [[[72.39130919999998, 23.5920486], [72.39126099999999, 23.5920468], [72.39126539999998, 23.591951099999996], [72.3913136, 23.591952899999995], [72.39130919999998, 23.5920486]]]}}, {"type": "Feature", "properties": {"layer": "building", "distance_m": 417.1, "source": "Microsoft ML Buildings", "in_industrial_zone": false, "ghsl_2018": 1}, "geometry": {"type": "Polygon", "coordinates": [[[72.3914497, 23.5925246], [72.39126919999998, 23.592491500000005], [72.39130529999998, 23.592326100000005], [72.3913956, 23.5923427], [72.3913945, 23.5923474], [72.39148479999997, 23.592363900000002], [72.3914497, 23.5925246]]]}}, {"type": "Feature", "properties": {"layer": "building", "distance_m": 430.8, "source": "Microsoft ML Buildings", "in_industrial_zone": false, "ghsl_2018": 1}, "geometry": {"type": "Polygon", "coordinates": [[[72.39143289999998, 23.592611200000004], [72.3913296, 23.5926075], [72.3913335, 23.592515300000002], [72.3914369, 23.592518999999992], [72.39143289999998, 23.592611200000004]]]}}, {"type": "Feature", "properties": {"layer": "building", "distance_m": 389.5, "source": "Microsoft ML Buildings", "in_industrial_zone": false, "ghsl_2018": 1}, "geometry": {"type": "Polygon", "coordinates": [[[72.3914919, 23.591876499999998], [72.39146269999999, 23.5920494], [72.3913605, 23.59203490000001], [72.39138969999999, 23.591862], [72.3914919, 23.591876499999998]]]}}, {"type": "Feature", "properties": {"layer": "building", "distance_m": 385.8, "source": "Microsoft ML Buildings", "in_industrial_zone": false, "ghsl_2018": 1}, "geometry": {"type": "Polygon", "coordinates": [[[72.39145509999999, 23.5917274], [72.3914208, 23.5918255], [72.3913284, 23.591798399999988], [72.39136270000002, 23.591700300000003], [72.39145509999999, 23.5917274]]]}}, {"type": "Feature", "properties": {"layer": "building", "distance_m": 371.3, "source": "Microsoft ML Buildings", "in_industrial_zone": false, "ghsl_2018": 1}, "geometry": {"type": "Polygon", "coordinates": [[[72.3914549, 23.5917343], [72.3916302, 23.5917637], [72.39160980000001, 23.591865999999996], [72.3914344, 23.5918366], [72.3914549, 23.5917343]]]}}, {"type": "Feature", "properties": {"layer": "building", "distance_m": 380.8, "source": "Microsoft ML Buildings", "in_industrial_zone": false, "ghsl_2018": 1}, "geometry": {"type": "Polygon", "coordinates": [[[72.3914712, 23.5920636], [72.3915101, 23.5918982], [72.39161160000002, 23.591918199999995], [72.3915726, 23.5920837], [72.3914712, 23.5920636]]]}}, {"type": "Feature", "properties": {"layer": "building", "distance_m": 397.6, "source": "Microsoft ML Buildings", "in_industrial_zone": false, "ghsl_2018": 1}, "geometry": {"type": "Polygon", "coordinates": [[[72.39163830000001, 23.592531599999997], [72.3916019, 23.592755199999996], [72.3914786, 23.5927384], [72.39150720000002, 23.592562799999996], [72.39152029999998, 23.592564600000006], [72.3915621, 23.592308399999997], [72.3916865, 23.592325399999996], [72.39167139999999, 23.592418199999997], [72.3916635, 23.5924171], [72.3916446, 23.592532500000004], [72.39163830000001, 23.592531599999997]]]}}, {"type": "Feature", "properties": {"layer": "building", "distance_m": 441.0, "source": "Microsoft ML Buildings", "in_industrial_zone": false, "ghsl_2018": 1}, "geometry": {"type": "Polygon", "coordinates": [[[72.3912406, 23.592633799999998], [72.3914178, 23.592652999999995], [72.3914006, 23.592786299999997], [72.39122329999998, 23.592767099999996], [72.3912406, 23.592633799999998]]]}}, {"type": "Feature", "properties": {"layer": "building", "distance_m": 494.4, "source": "Google Open Buildings", "in_industrial_zone": false, "ghsl_2018": 1}, "geometry": {"type": "Polygon", "coordinates": [[[72.39050639999999, 23.592381699999997], [72.39061689999998, 23.5923791], [72.3906198, 23.592484999999996], [72.39050929999999, 23.592487599999995], [72.39050639999999, 23.592381699999997]]]}}, {"type": "Feature", "properties": {"layer": "building", "distance_m": 479.4, "source": "Microsoft ML Buildings", "in_industrial_zone": false, "ghsl_2018": 1}, "geometry": {"type": "Polygon", "coordinates": [[[72.39058389999998, 23.592273200000008], [72.3905038, 23.592278100000005], [72.3904804, 23.591954099999995], [72.39056049999999, 23.5919492], [72.39058389999998, 23.592273200000008]]]}}, {"type": "Feature", "properties": {"layer": "building", "distance_m": 473.6, "source": "Microsoft ML Buildings", "in_industrial_zone": false, "ghsl_2018": 1}, "geometry": {"type": "Polygon", "coordinates": [[[72.3905534, 23.591912500000003], [72.3904768, 23.591914799999998], [72.3904721, 23.591778199999997], [72.3905486, 23.591775999999996], [72.3905534, 23.591912500000003]]]}}, {"type": "Feature", "properties": {"layer": "building", "distance_m": 489.0, "source": "Microsoft ML Buildings", "in_industrial_zone": false, "ghsl_2018": 1}, "geometry": {"type": "Polygon", "coordinates": [[[72.3902389, 23.591815399999998], [72.3902352, 23.591737799999994], [72.39037169999999, 23.5917323], [72.39037539999998, 23.5918099], [72.3902389, 23.591815399999998]]]}}, {"type": "Feature", "properties": {"layer": "building", "distance_m": 484.8, "source": "Microsoft ML Buildings", "in_industrial_zone": false, "ghsl_2018": 1}, "geometry": {"type": "Polygon", "coordinates": [[[72.39022769999998, 23.591659100000005], [72.3902254, 23.591590300000004], [72.39036320000001, 23.59158649999999], [72.3903655, 23.5916552], [72.39022769999998, 23.591659100000005]]]}}, {"type": "Feature", "properties": {"layer": "building", "distance_m": 480.6, "source": "Microsoft ML Buildings", "in_industrial_zone": false, "ghsl_2018": 1}, "geometry": {"type": "Polygon", "coordinates": [[[72.3902615, 23.5914183], [72.39026069999998, 23.591445300000004], [72.3903625, 23.5914478], [72.3903592, 23.591558400000007], [72.39026809999999, 23.5915561], [72.39026849999999, 23.591543800000007], [72.39020949999998, 23.591542400000005], [72.3902132, 23.591417099999994], [72.3902615, 23.5914183]]]}}, {"type": "Feature", "properties": {"layer": "building", "distance_m": 476.1, "source": "Microsoft ML Buildings", "in_industrial_zone": false, "ghsl_2018": 1}, "geometry": {"type": "Polygon", "coordinates": [[[72.39034609999999, 23.5913986], [72.390204, 23.591401599999998], [72.3901986, 23.5911893], [72.390248, 23.591188299999995], [72.39024790000002, 23.591183399999995], [72.39033790000002, 23.5911815], [72.39034060000002, 23.5912881], [72.3902441, 23.591290099999995], [72.39024479999999, 23.591318600000005], [72.390344, 23.5913165], [72.39034609999999, 23.5913986]]]}}, {"type": "Feature", "properties": {"layer": "building", "distance_m": 470.1, "source": "Microsoft ML Buildings", "in_industrial_zone": false, "ghsl_2018": 1}, "geometry": {"type": "Polygon", "coordinates": [[[72.390235, 23.5907599], [72.39032599999999, 23.5907636], [72.3903231, 23.590824899999998], [72.3902856, 23.5908234], [72.3902831, 23.5908749], [72.3902296, 23.5908728], [72.390235, 23.5907599]]]}}, {"type": "Feature", "properties": {"layer": "building", "distance_m": 474.5, "source": "Microsoft ML Buildings", "in_industrial_zone": false, "ghsl_2018": 1}, "geometry": {"type": "Polygon", "coordinates": [[[72.3902981, 23.590881199999995], [72.3902943, 23.590973500000008], [72.39021280000001, 23.590970700000003], [72.3902166, 23.59087840000001], [72.3902981, 23.590881199999995]]]}}, {"type": "Feature", "properties": {"layer": "building", "distance_m": 494.1, "source": "Microsoft ML Buildings", "in_industrial_zone": false, "ghsl_2018": 1}, "geometry": {"type": "Polygon", "coordinates": [[[72.39010740000002, 23.5913099], [72.39011119999999, 23.5912191], [72.39016749999999, 23.591221099999995], [72.3901636, 23.591311899999997], [72.39010740000002, 23.5913099]]]}}, {"type": "Feature", "properties": {"layer": "building", "distance_m": 496.2, "source": "Microsoft ML Buildings", "in_industrial_zone": false, "ghsl_2018": 1}, "geometry": {"type": "Polygon", "coordinates": [[[72.3901238, 23.591361299999992], [72.390117, 23.5913195], [72.39016839999998, 23.5913125], [72.39017519999999, 23.5913544], [72.3901238, 23.591361299999992]]]}}, {"type": "Feature", "properties": {"layer": "building", "distance_m": 490.4, "source": "Microsoft ML Buildings", "in_industrial_zone": false, "ghsl_2018": 1}, "geometry": {"type": "Polygon", "coordinates": [[[72.3901252, 23.590757199999995], [72.39012259999998, 23.590857900000003], [72.3900249, 23.590855799999996], [72.3900275, 23.590755099999996], [72.3901252, 23.590757199999995]]]}}, {"type": "Feature", "properties": {"layer": "building", "distance_m": 492.4, "source": "Microsoft ML Buildings", "in_industrial_zone": false, "ghsl_2018": 1}, "geometry": {"type": "Polygon", "coordinates": [[[72.39001259999999, 23.5909587], [72.3900145, 23.5908752], [72.3901205, 23.590877200000005], [72.3901187, 23.5909607], [72.39001259999999, 23.5909587]]]}}, {"type": "Feature", "properties": {"layer": "building", "distance_m": 492.6, "source": "Google Open Buildings", "in_industrial_zone": false, "ghsl_2018": 1}, "geometry": {"type": "Polygon", "coordinates": [[[72.39008160000002, 23.591116299999992], [72.3901589, 23.5911131], [72.39016360000001, 23.591209899999996], [72.3900863, 23.5912131], [72.39008160000002, 23.591116299999992]]]}}, {"type": "Feature", "properties": {"layer": "building", "distance_m": 487.9, "source": "Microsoft ML Buildings", "in_industrial_zone": false, "ghsl_2018": 1}, "geometry": {"type": "Polygon", "coordinates": [[[72.39008860000001, 23.590300499999998], [72.39012349999999, 23.590300600000003], [72.3901229, 23.590485], [72.39008799999999, 23.590484899999996], [72.39008860000001, 23.590300499999998]]]}}, {"type": "Feature", "properties": {"layer": "building", "distance_m": 485.7, "source": "Microsoft ML Buildings", "in_industrial_zone": false, "ghsl_2018": 1}, "geometry": {"type": "Polygon", "coordinates": [[[72.39006269999999, 23.5901603], [72.39005930000002, 23.590073499999995], [72.3901451, 23.590070599999994], [72.3901484, 23.5901575], [72.39006269999999, 23.5901603]]]}}, {"type": "Feature", "properties": {"layer": "building", "distance_m": 475.7, "source": "Microsoft ML Buildings", "in_industrial_zone": false, "ghsl_2018": 1}, "geometry": {"type": "Polygon", "coordinates": [[[72.3902501, 23.5898618], [72.39025070000001, 23.5900373], [72.3901005, 23.590037700000003], [72.3900999, 23.589862199999995], [72.3902501, 23.5898618]]]}}, {"type": "Feature", "properties": {"layer": "building", "distance_m": 476.3, "source": "Microsoft ML Buildings", "in_industrial_zone": false, "ghsl_2018": 1}, "geometry": {"type": "Polygon", "coordinates": [[[72.3902534, 23.589819600000002], [72.3900871, 23.5898171], [72.3900887, 23.5897296], [72.3902549, 23.589732099999996], [72.3902534, 23.589819600000002]]]}}, {"type": "Feature", "properties": {"layer": "building", "distance_m": 474.9, "source": "Microsoft ML Buildings", "in_industrial_zone": false, "ghsl_2018": 1}, "geometry": {"type": "Polygon", "coordinates": [[[72.3902533, 23.590160799999996], [72.3901541, 23.590163399999994], [72.39015139999998, 23.590074899999994], [72.3902505, 23.590072400000004], [72.3902533, 23.590160799999996]]]}}, {"type": "Feature", "properties": {"layer": "building", "distance_m": 482.0, "source": "Microsoft ML Buildings", "in_industrial_zone": false, "ghsl_2018": 1}, "geometry": {"type": "Polygon", "coordinates": [[[72.39013109999999, 23.590293400000004], [72.39018199999998, 23.590293400000004], [72.39018199999998, 23.590399100000003], [72.39013109999999, 23.590399100000003], [72.39013109999999, 23.590293400000004]]]}}, {"type": "Feature", "properties": {"layer": "building", "distance_m": 479.5, "source": "Microsoft ML Buildings", "in_industrial_zone": false, "ghsl_2018": 1}, "geometry": {"type": "Polygon", "coordinates": [[[72.3902154, 23.590620799999993], [72.3901617, 23.5906219], [72.3901594, 23.59053099999999], [72.39021299999999, 23.590529899999993], [72.3902154, 23.590620799999993]]]}}, {"type": "Feature", "properties": {"layer": "building", "distance_m": 472.3, "source": "Microsoft ML Buildings", "in_industrial_zone": false, "ghsl_2018": 1}, "geometry": {"type": "Polygon", "coordinates": [[[72.39013830000002, 23.59040919999999], [72.3902775, 23.590403500000008], [72.3902822, 23.590501700000008], [72.390143, 23.590507299999995], [72.39013830000002, 23.59040919999999]]]}}, {"type": "Feature", "properties": {"layer": "building", "distance_m": 468.7, "source": "Microsoft ML Buildings", "in_industrial_zone": false, "ghsl_2018": 1}, "geometry": {"type": "Polygon", "coordinates": [[[72.3902283, 23.590620599999998], [72.390326, 23.590631500000004], [72.3903131, 23.5907284], [72.3902153, 23.590717400000003], [72.3902283, 23.590620599999998]]]}}, {"type": "Feature", "properties": {"layer": "building", "distance_m": 468.2, "source": "Microsoft ML Buildings", "in_industrial_zone": false, "ghsl_2018": 1}, "geometry": {"type": "Polygon", "coordinates": [[[72.3903266, 23.590620999999995], [72.3902462, 23.590623100000002], [72.39024319999999, 23.5905273], [72.3903236, 23.5905252], [72.3903266, 23.590620999999995]]]}}, {"type": "Feature", "properties": {"layer": "building", "distance_m": 467.7, "source": "Google Open Buildings", "in_industrial_zone": false, "ghsl_2018": 1}, "geometry": {"type": "Polygon", "coordinates": [[[72.3902429, 23.590301500000002], [72.39032210000002, 23.59030389999999], [72.390319, 23.5903891], [72.39023989999998, 23.590386699999993], [72.3902429, 23.590301500000002]]]}}, {"type": "Feature", "properties": {"layer": "building", "distance_m": 465.7, "source": "Microsoft ML Buildings", "in_industrial_zone": false, "ghsl_2018": 1}, "geometry": {"type": "Polygon", "coordinates": [[[72.3902664, 23.5900657], [72.3903415, 23.5900638], [72.3903442, 23.590154700000003], [72.3902691, 23.5901565], [72.3902664, 23.5900657]]]}}, {"type": "Feature", "properties": {"layer": "building", "distance_m": 463.0, "source": "Microsoft ML Buildings", "in_industrial_zone": false, "ghsl_2018": 1}, "geometry": {"type": "Polygon", "coordinates": [[[72.3903756, 23.5900194], [72.3902993, 23.5900215], [72.3902966, 23.589940500000004], [72.3903729, 23.589938299999996], [72.3903756, 23.5900194]]]}}, {"type": "Feature", "properties": {"layer": "building", "distance_m": 444.4, "source": "Microsoft ML Buildings", "in_industrial_zone": false, "ghsl_2018": 1}, "geometry": {"type": "Polygon", "coordinates": [[[72.3905533, 23.5901506], [72.3903631, 23.590156400000005], [72.39035980000001, 23.5900656], [72.39055, 23.5900598], [72.3905533, 23.5901506]]]}}, {"type": "Feature", "properties": {"layer": "building", "distance_m": 454.5, "source": "Microsoft ML Buildings", "in_industrial_zone": false, "ghsl_2018": 1}, "geometry": {"type": "Polygon", "coordinates": [[[72.3903778, 23.589936599999998], [72.3904541, 23.589933199999997], [72.3904591, 23.5900264], [72.3903828, 23.590029799999996], [72.3903778, 23.589936599999998]]]}}, {"type": "Feature", "properties": {"layer": "building", "distance_m": 456.2, "source": "Microsoft ML Buildings", "in_industrial_zone": false, "ghsl_2018": 1}, "geometry": {"type": "Polygon", "coordinates": [[[72.39038360000002, 23.590290900000003], [72.39043449999998, 23.5902906], [72.39043540000002, 23.5903889], [72.39038440000002, 23.590389199999997], [72.39038360000002, 23.590290900000003]]]}}, {"type": "Feature", "properties": {"layer": "building", "distance_m": 462.4, "source": "Microsoft ML Buildings", "in_industrial_zone": false, "ghsl_2018": 1}, "geometry": {"type": "Polygon", "coordinates": [[[72.3903298, 23.590399699999995], [72.3903754, 23.5904002], [72.390374, 23.590501000000003], [72.3903284, 23.590500499999997], [72.3903298, 23.590399699999995]]]}}, {"type": "Feature", "properties": {"layer": "building", "distance_m": 470.2, "source": "Microsoft ML Buildings", "in_industrial_zone": false, "ghsl_2018": 1}, "geometry": {"type": "Polygon", "coordinates": [[[72.39028710000001, 23.590875299999997], [72.39029590000001, 23.5908275], [72.39033379999998, 23.5908333], [72.39032509999998, 23.590881100000004], [72.39028710000001, 23.590875299999997]]]}}, {"type": "Feature", "properties": {"layer": "building", "distance_m": 456.8, "source": "Microsoft ML Buildings", "in_industrial_zone": false, "ghsl_2018": 1}, "geometry": {"type": "Polygon", "coordinates": [[[72.39050509999998, 23.5910602], [72.39050940000001, 23.591207499999996], [72.3904263, 23.5912096], [72.390422, 23.591062199999996], [72.39050509999998, 23.5910602]]]}}, {"type": "Feature", "properties": {"layer": "building", "distance_m": 459.5, "source": "Microsoft ML Buildings", "in_industrial_zone": false, "ghsl_2018": 1}, "geometry": {"type": "Polygon", "coordinates": [[[72.3904337, 23.591393100000005], [72.39042949999998, 23.5912162], [72.39051259999997, 23.5912145], [72.3905168, 23.5913914], [72.3904337, 23.591393100000005]]]}}, {"type": "Feature", "properties": {"layer": "building", "distance_m": 466.7, "source": "Microsoft ML Buildings", "in_industrial_zone": false, "ghsl_2018": 1}, "geometry": {"type": "Polygon", "coordinates": [[[72.3905388, 23.5915553], [72.3905437, 23.591742], [72.3904633, 23.591743700000002], [72.3904584, 23.591556999999998], [72.3905388, 23.5915553]]]}}, {"type": "Feature", "properties": {"layer": "building", "distance_m": 463.1, "source": "Microsoft ML Buildings", "in_industrial_zone": false, "ghsl_2018": 1}, "geometry": {"type": "Polygon", "coordinates": [[[72.3904516, 23.5914266], [72.39053470000002, 23.5914289], [72.39053070000001, 23.591552699999994], [72.3904476, 23.5915504], [72.3904516, 23.5914266]]]}}, {"type": "Feature", "properties": {"layer": "building", "distance_m": 455.2, "source": "Microsoft ML Buildings", "in_industrial_zone": false, "ghsl_2018": 1}, "geometry": {"type": "Polygon", "coordinates": [[[72.3906583, 23.591559999999994], [72.39065699999999, 23.5916008], [72.39057389999999, 23.5915986], [72.3905752, 23.591557799999997], [72.3906583, 23.591559999999994]]]}}, {"type": "Feature", "properties": {"layer": "building", "distance_m": 455.5, "source": "Microsoft ML Buildings", "in_industrial_zone": false, "ghsl_2018": 1}, "geometry": {"type": "Polygon", "coordinates": [[[72.39067629999998, 23.5916877], [72.39056659999999, 23.591693099999997], [72.3905618, 23.591609699999996], [72.3906714, 23.591604400000005], [72.39067629999998, 23.5916877]]]}}, {"type": "Feature", "properties": {"layer": "building", "distance_m": 451.8, "source": "Microsoft ML Buildings", "in_industrial_zone": false, "ghsl_2018": 1}, "geometry": {"type": "Polygon", "coordinates": [[[72.390667, 23.5915526], [72.3905597, 23.5915548], [72.3905579, 23.5914786], [72.3906651, 23.5914764], [72.390667, 23.5915526]]]}}, {"type": "Feature", "properties": {"layer": "building", "distance_m": 448.6, "source": "Microsoft ML Buildings", "in_industrial_zone": false, "ghsl_2018": 1}, "geometry": {"type": "Polygon", "coordinates": [[[72.390558, 23.5913467], [72.39065709999998, 23.591343100000007], [72.3906625, 23.591470699999995], [72.3905634, 23.591474300000005], [72.390558, 23.5913467]]]}}, {"type": "Feature", "properties": {"layer": "building", "distance_m": 444.6, "source": "Microsoft ML Buildings", "in_industrial_zone": false, "ghsl_2018": 1}, "geometry": {"type": "Polygon", "coordinates": [[[72.3905371, 23.591329399999996], [72.39053070000001, 23.591137799999995], [72.39064319999999, 23.5911347], [72.3906496, 23.591326300000002], [72.3905371, 23.591329399999996]]]}}, {"type": "Feature", "properties": {"layer": "building", "distance_m": 443.7, "source": "Microsoft ML Buildings", "in_industrial_zone": false, "ghsl_2018": 1}, "geometry": {"type": "Polygon", "coordinates": [[[72.3905215, 23.591089999999998], [72.390641, 23.59108760000001], [72.390642, 23.591129300000002], [72.39052260000001, 23.5911318], [72.3905215, 23.591089999999998]]]}}, {"type": "Feature", "properties": {"layer": "building", "distance_m": 440.8, "source": "Microsoft ML Buildings", "in_industrial_zone": false, "ghsl_2018": 1}, "geometry": {"type": "Polygon", "coordinates": [[[72.39053860000001, 23.590972899999997], [72.3905314, 23.590825799999998], [72.39062239999998, 23.590822], [72.3906296, 23.590969199999993], [72.39053860000001, 23.590972899999997]]]}}, {"type": "Feature", "properties": {"layer": "building", "distance_m": 438.3, "source": "Microsoft ML Buildings", "in_industrial_zone": false, "ghsl_2018": 1}, "geometry": {"type": "Polygon", "coordinates": [[[72.39062259999999, 23.5908061], [72.3905355, 23.59081], [72.3905267, 23.59064720000001], [72.3905241, 23.590647399999998], [72.39052109999999, 23.5905919], [72.3906215, 23.590587399999997], [72.3906246, 23.590643800000002], [72.3906139, 23.590644200000003], [72.39062259999999, 23.5908061]]]}}, {"type": "Feature", "properties": {"layer": "building", "distance_m": 437.1, "source": "Microsoft ML Buildings", "in_industrial_zone": false, "ghsl_2018": 1}, "geometry": {"type": "Polygon", "coordinates": [[[72.3905194, 23.590149100000005], [72.39062499999999, 23.590153300000008], [72.3906165, 23.590334800000004], [72.3905109, 23.5903307], [72.3905194, 23.590149100000005]]]}}, {"type": "Feature", "properties": {"layer": "building", "distance_m": 438.5, "source": "Microsoft ML Buildings", "in_industrial_zone": false, "ghsl_2018": 1}, "geometry": {"type": "Polygon", "coordinates": [[[72.3905131, 23.590414199999998], [72.39051140000001, 23.590344000000005], [72.39060790000002, 23.590341999999996], [72.3906096, 23.590412199999996], [72.3905131, 23.590414199999998]]]}}, {"type": "Feature", "properties": {"layer": "building", "distance_m": 439.6, "source": "Microsoft ML Buildings", "in_industrial_zone": false, "ghsl_2018": 1}, "geometry": {"type": "Polygon", "coordinates": [[[72.3906048, 23.590585399999995], [72.39052170000001, 23.590587000000003], [72.3905199, 23.5905069], [72.39060300000001, 23.590505299999997], [72.3906048, 23.590585399999995]]]}}, {"type": "Feature", "properties": {"layer": "building", "distance_m": 438.5, "source": "Microsoft ML Buildings", "in_industrial_zone": false, "ghsl_2018": 1}, "geometry": {"type": "Polygon", "coordinates": [[[72.3906083, 23.590499899999998], [72.3905251, 23.590498700000005], [72.3905264, 23.5904176], [72.39060959999999, 23.5904188], [72.3906083, 23.590499899999998]]]}}, {"type": "Feature", "properties": {"layer": "building", "distance_m": 449.7, "source": "Microsoft ML Buildings", "in_industrial_zone": false, "ghsl_2018": 1}, "geometry": {"type": "Polygon", "coordinates": [[[72.39049910000001, 23.590389399999992], [72.3904401, 23.5903901], [72.3904386, 23.590294299999996], [72.39049760000002, 23.590293499999994], [72.39049910000001, 23.590389399999992]]]}}, {"type": "Feature", "properties": {"layer": "building", "distance_m": 449.5, "source": "Microsoft ML Buildings", "in_industrial_zone": false, "ghsl_2018": 1}, "geometry": {"type": "Polygon", "coordinates": [[[72.39050060000001, 23.59025939999999], [72.3904416, 23.59026049999999], [72.3904394, 23.5901597], [72.3904984, 23.5901587], [72.39050060000001, 23.59025939999999]]]}}, {"type": "Feature", "properties": {"layer": "building", "distance_m": 445.9, "source": "Google Open Buildings", "in_industrial_zone": false, "ghsl_2018": 1}, "geometry": {"type": "Polygon", "coordinates": [[[72.3904706, 23.589806699999997], [72.390544, 23.589804099999995], [72.3905479, 23.5898983], [72.39047450000001, 23.589900899999996], [72.3904706, 23.589806699999997]]]}}, {"type": "Feature", "properties": {"layer": "building", "distance_m": 440.2, "source": "Google Open Buildings", "in_industrial_zone": false, "ghsl_2018": 1}, "geometry": {"type": "Polygon", "coordinates": [[[72.39050660000001, 23.5899305], [72.39060010000001, 23.5899268], [72.39060180000001, 23.5899647], [72.3905084, 23.5899684], [72.39050660000001, 23.5899305]]]}}, {"type": "Feature", "properties": {"layer": "building", "distance_m": 436.0, "source": "Microsoft ML Buildings", "in_industrial_zone": false, "ghsl_2018": 1}, "geometry": {"type": "Polygon", "coordinates": [[[72.39063770000001, 23.590096200000005], [72.3905599, 23.590098199999996], [72.39055869999999, 23.5900575], [72.39063640000002, 23.5900554], [72.39063770000001, 23.590096200000005]]]}}, {"type": "Feature", "properties": {"layer": "building", "distance_m": 434.8, "source": "Microsoft ML Buildings", "in_industrial_zone": false, "ghsl_2018": 1}, "geometry": {"type": "Polygon", "coordinates": [[[72.3906476, 23.590142999999994], [72.39056490000002, 23.590148199999998], [72.3905615, 23.5901042], [72.3906443, 23.590098899999997], [72.3906476, 23.590142999999994]]]}}, {"type": "Feature", "properties": {"layer": "building", "distance_m": 436.7, "source": "Microsoft ML Buildings", "in_industrial_zone": false, "ghsl_2018": 1}, "geometry": {"type": "Polygon", "coordinates": [[[72.3905508, 23.5898234], [72.3906338, 23.589820499999995], [72.3906376, 23.589912799999993], [72.39055450000001, 23.589915700000002], [72.3905508, 23.5898234]]]}}, {"type": "Feature", "properties": {"layer": "building", "distance_m": 427.2, "source": "Microsoft ML Buildings", "in_industrial_zone": false, "ghsl_2018": 1}, "geometry": {"type": "Polygon", "coordinates": [[[72.39066090000001, 23.590352399999993], [72.39071850000002, 23.590352700000004], [72.3907179, 23.590436300000004], [72.39066039999999, 23.590436], [72.39066090000001, 23.590352399999993]]]}}, {"type": "Feature", "properties": {"layer": "building", "distance_m": 427.0, "source": "Microsoft ML Buildings", "in_industrial_zone": false, "ghsl_2018": 1}, "geometry": {"type": "Polygon", "coordinates": [[[72.3906534, 23.590197000000003], [72.3907165, 23.5901953], [72.3907208, 23.5903304], [72.3906577, 23.5903321], [72.3906534, 23.590197000000003]]]}}, {"type": "Feature", "properties": {"layer": "building", "distance_m": 420.6, "source": "Microsoft ML Buildings", "in_industrial_zone": false, "ghsl_2018": 1}, "geometry": {"type": "Polygon", "coordinates": [[[72.3907825, 23.590326399999995], [72.3907235, 23.5903259], [72.39072429999999, 23.590262000000003], [72.3907833, 23.5902625], [72.3907825, 23.590326399999995]]]}}, {"type": "Feature", "properties": {"layer": "building", "distance_m": 418.0, "source": "Microsoft ML Buildings", "in_industrial_zone": false, "ghsl_2018": 1}, "geometry": {"type": "Polygon", "coordinates": [[[72.3907333, 23.590359599999992], [72.3908083, 23.590357600000004], [72.3908123, 23.590482899999998], [72.3907372, 23.590484899999996], [72.3907333, 23.590359599999992]]]}}, {"type": "Feature", "properties": {"layer": "building", "distance_m": 419.5, "source": "Microsoft ML Buildings", "in_industrial_zone": false, "ghsl_2018": 1}, "geometry": {"type": "Polygon", "coordinates": [[[72.3907171, 23.5901476], [72.3907962, 23.590148699999997], [72.3907943, 23.5902569], [72.3907151, 23.5902557], [72.3907171, 23.5901476]]]}}, {"type": "Feature", "properties": {"layer": "building", "distance_m": 404.8, "source": "Google Open Buildings", "in_industrial_zone": false, "ghsl_2018": 1}, "geometry": {"type": "Polygon", "coordinates": [[[72.3909103, 23.59029689999999], [72.39093400000002, 23.5902956], [72.3909381, 23.5903569], [72.3909144, 23.5903583], [72.3909103, 23.59029689999999]]]}}, {"type": "Feature", "properties": {"layer": "building", "distance_m": 421.7, "source": "Microsoft ML Buildings", "in_industrial_zone": false, "ghsl_2018": 1}, "geometry": {"type": "Polygon", "coordinates": [[[72.39087209999998, 23.5912006], [72.3907998, 23.591202699999997], [72.3907969, 23.59112169999999], [72.39086919999998, 23.5911196], [72.39087209999998, 23.5912006]]]}}, {"type": "Feature", "properties": {"layer": "building", "distance_m": 417.1, "source": "Microsoft ML Buildings", "in_industrial_zone": false, "ghsl_2018": 1}, "geometry": {"type": "Polygon", "coordinates": [[[72.39087350000001, 23.591113999999994], [72.390797, 23.591116], [72.3907951, 23.5910546], [72.39085280000002, 23.59105309999999], [72.3908541, 23.591094900000005], [72.39090889999999, 23.591093399999995], [72.39091120000002, 23.5911656], [72.3908752, 23.591166599999998], [72.39087350000001, 23.591113999999994]]]}}, {"type": "Feature", "properties": {"layer": "building", "distance_m": 399.4, "source": "Microsoft ML Buildings", "in_industrial_zone": false, "ghsl_2018": 1}, "geometry": {"type": "Polygon", "coordinates": [[[72.3910107, 23.590738599999995], [72.39088199999999, 23.5907407], [72.3908802, 23.590649799999998], [72.3910089, 23.590647699999995], [72.3910107, 23.590738599999995]]]}}, {"type": "Feature", "properties": {"layer": "building", "distance_m": 401.0, "source": "Microsoft ML Buildings", "in_industrial_zone": false, "ghsl_2018": 1}, "geometry": {"type": "Polygon", "coordinates": [[[72.3909085, 23.590818399999996], [72.39101570000001, 23.590821400000003], [72.39101029999999, 23.590983499999997], [72.3909124, 23.5909808], [72.390917, 23.590843299999996], [72.39088750000002, 23.590842399999993], [72.39089049999998, 23.590754000000004], [72.3909107, 23.5907546], [72.3909085, 23.590818399999996]]]}}, {"type": "Feature", "properties": {"layer": "building", "distance_m": 422.8, "source": "Microsoft ML Buildings", "in_industrial_zone": false, "ghsl_2018": 1}, "geometry": {"type": "Polygon", "coordinates": [[[72.3908831, 23.5913224], [72.39083650000002, 23.591320099999997], [72.3908413, 23.591235799999996], [72.39088790000001, 23.591237999999997], [72.3908831, 23.5913224]]]}}, {"type": "Feature", "properties": {"layer": "building", "distance_m": 429.5, "source": "Microsoft ML Buildings", "in_industrial_zone": false, "ghsl_2018": 1}, "geometry": {"type": "Polygon", "coordinates": [[[72.3907703, 23.591337199999995], [72.3907574, 23.591235299999997], [72.3908183, 23.5912288], [72.3908312, 23.591330699999997], [72.3907703, 23.591337199999995]]]}}, {"type": "Feature", "properties": {"layer": "building", "distance_m": 429.9, "source": "Microsoft ML Buildings", "in_industrial_zone": false, "ghsl_2018": 1}, "geometry": {"type": "Polygon", "coordinates": [[[72.3907356, 23.5915754], [72.39073209999998, 23.5914747], [72.3908875, 23.5914703], [72.3908917, 23.591590599999996], [72.3908059, 23.591593099999997], [72.39080519999999, 23.5915734], [72.3907356, 23.5915754]]]}}, {"type": "Feature", "properties": {"layer": "building", "distance_m": 435.8, "source": "Microsoft ML Buildings", "in_industrial_zone": false, "ghsl_2018": 1}, "geometry": {"type": "Polygon", "coordinates": [[[72.3907609, 23.591333999999996], [72.3907166, 23.591335700000002], [72.390712, 23.591237500000002], [72.3907564, 23.5912358], [72.3907609, 23.591333999999996]]]}}, {"type": "Feature", "properties": {"layer": "building", "distance_m": 419.1, "source": "Microsoft ML Buildings", "in_industrial_zone": false, "ghsl_2018": 1}, "geometry": {"type": "Polygon", "coordinates": [[[72.3906782, 23.590981699999997], [72.3906782, 23.590762899999998], [72.39082840000002, 23.590762899999994], [72.39082840000002, 23.590981699999997], [72.3906782, 23.590981699999997]]]}}, {"type": "Feature", "properties": {"layer": "building", "distance_m": 420.0, "source": "Microsoft ML Buildings", "in_industrial_zone": false, "ghsl_2018": 1}, "geometry": {"type": "Polygon", "coordinates": [[[72.3907593, 23.590760100000004], [72.3906709, 23.590757199999995], [72.3906741, 23.590675199999996], [72.3908095, 23.590679599999994], [72.39080670000001, 23.59075179999999], [72.3907597, 23.5907502], [72.3907593, 23.590760100000004]]]}}, {"type": "Feature", "properties": {"layer": "building", "distance_m": 432.3, "source": "Microsoft ML Buildings", "in_industrial_zone": false, "ghsl_2018": 1}, "geometry": {"type": "Polygon", "coordinates": [[[72.3906922, 23.591102899999992], [72.39069060000001, 23.591061199999995], [72.3907496, 23.591059299999998], [72.3907512, 23.591101099999992], [72.3906922, 23.591102899999992]]]}}, {"type": "Feature", "properties": {"layer": "building", "distance_m": 458.3, "source": "Microsoft ML Buildings", "in_industrial_zone": false, "ghsl_2018": 1}, "geometry": {"type": "Polygon", "coordinates": [[[72.390576, 23.591778599999998], [72.3905731, 23.591697600000003], [72.3906764, 23.5916945], [72.3906793, 23.5917756], [72.390576, 23.591778599999998]]]}}, {"type": "Feature", "properties": {"layer": "building", "distance_m": 460.2, "source": "Microsoft ML Buildings", "in_industrial_zone": false, "ghsl_2018": 1}, "geometry": {"type": "Polygon", "coordinates": [[[72.3906241, 23.5917894], [72.39069380000001, 23.5917872], [72.39069689999998, 23.591870700000005], [72.39062459999998, 23.591873], [72.3906243, 23.59186409999999], [72.3905841, 23.591865400000003], [72.39058159999999, 23.591799099999996], [72.39062439999998, 23.591797699999997], [72.3906241, 23.5917894]]]}}, {"type": "Feature", "properties": {"layer": "building", "distance_m": 464.2, "source": "Microsoft ML Buildings", "in_industrial_zone": false, "ghsl_2018": 1}, "geometry": {"type": "Polygon", "coordinates": [[[72.39070159999999, 23.591954500000003], [72.3905822, 23.5919588], [72.3905788, 23.5918803], [72.39064579999999, 23.591877900000004], [72.39064680000001, 23.591901399999998], [72.3906992, 23.591899499999997], [72.39070159999999, 23.591954500000003]]]}}, {"type": "Feature", "properties": {"layer": "building", "distance_m": 471.0, "source": "Microsoft ML Buildings", "in_industrial_zone": false, "ghsl_2018": 1}, "geometry": {"type": "Polygon", "coordinates": [[[72.39061049999998, 23.5921159], [72.39060990000002, 23.5920742], [72.39070909999998, 23.592073], [72.3907097, 23.592114800000004], [72.39061049999998, 23.5921159]]]}}, {"type": "Feature", "properties": {"layer": "building", "distance_m": 467.2, "source": "Microsoft ML Buildings", "in_industrial_zone": false, "ghsl_2018": 1}, "geometry": {"type": "Polygon", "coordinates": [[[72.3906977, 23.591998700000005], [72.39070309999998, 23.591998500000006], [72.39070619999998, 23.592067200000002], [72.3906044, 23.592071000000004], [72.39059970000001, 23.59196549999999], [72.390696, 23.591961899999998], [72.3906977, 23.591998700000005]]]}}, {"type": "Feature", "properties": {"layer": "building", "distance_m": 492.1, "source": "Microsoft ML Buildings", "in_industrial_zone": false, "ghsl_2018": 1}, "geometry": {"type": "Polygon", "coordinates": [[[72.3906666, 23.5925047], [72.3907186, 23.5925061], [72.39070819999999, 23.592820500000002], [72.3906037, 23.592817600000004], [72.39061319999999, 23.592527799999996], [72.3906657, 23.5925293], [72.3906666, 23.5925047]]]}}, {"type": "Feature", "properties": {"layer": "building", "distance_m": 496.1, "source": "Microsoft ML Buildings", "in_industrial_zone": false, "ghsl_2018": 1}, "geometry": {"type": "Polygon", "coordinates": [[[72.390898, 23.593002899999995], [72.39080150000001, 23.593005199999993], [72.3907965, 23.592833199999994], [72.39089299999999, 23.592830900000003], [72.390898, 23.593002899999995]]]}}, {"type": "Feature", "properties": {"layer": "building", "distance_m": 454.2, "source": "Microsoft ML Buildings", "in_industrial_zone": false, "ghsl_2018": 1}, "geometry": {"type": "Polygon", "coordinates": [[[72.3909055, 23.592180999999997], [72.3909495, 23.592181699999998], [72.39094860000002, 23.592234699999995], [72.39090459999998, 23.592234100000002], [72.3909055, 23.592180999999997]]]}}, {"type": "Feature", "properties": {"layer": "building", "distance_m": 471.4, "source": "Microsoft ML Buildings", "in_industrial_zone": false, "ghsl_2018": 1}, "geometry": {"type": "Polygon", "coordinates": [[[72.39076419999999, 23.5923718], [72.3908658, 23.592366699999992], [72.39087659999998, 23.592545600000008], [72.3908926, 23.592544799999995], [72.3909075, 23.592792299999996], [72.39082089999998, 23.592796600000003], [72.3908186, 23.592758399999997], [72.39078760000001, 23.59276], [72.39076419999999, 23.5923718]]]}}, {"type": "Feature", "properties": {"layer": "building", "distance_m": 458.0, "source": "Microsoft ML Buildings", "in_industrial_zone": false, "ghsl_2018": 1}, "geometry": {"type": "Polygon", "coordinates": [[[72.39077260000002, 23.5920721], [72.3908503, 23.592074399999994], [72.39084709999999, 23.5921662], [72.39076939999998, 23.5921639], [72.39077260000002, 23.5920721]]]}}, {"type": "Feature", "properties": {"layer": "building", "distance_m": 454.3, "source": "Microsoft ML Buildings", "in_industrial_zone": false, "ghsl_2018": 1}, "geometry": {"type": "Polygon", "coordinates": [[[72.3908385, 23.592063200000005], [72.39076880000002, 23.592065399999996], [72.39076499999999, 23.5919648], [72.39083459999999, 23.591962600000002], [72.3908385, 23.592063200000005]]]}}, {"type": "Feature", "properties": {"layer": "building", "distance_m": 449.2, "source": "Microsoft ML Buildings", "in_industrial_zone": false, "ghsl_2018": 1}, "geometry": {"type": "Polygon", "coordinates": [[[72.39083319999999, 23.591935799999998], [72.3907609, 23.5919382], [72.3907568, 23.5918351], [72.3908291, 23.591832699999994], [72.39083319999999, 23.591935799999998]]]}}, {"type": "Feature", "properties": {"layer": "building", "distance_m": 441.0, "source": "Microsoft ML Buildings", "in_industrial_zone": false, "ghsl_2018": 1}, "geometry": {"type": "Polygon", "coordinates": [[[72.3909041, 23.591807399999997], [72.39090829999999, 23.591926799999996], [72.39083590000001, 23.5919289], [72.39083179999999, 23.5918095], [72.3909041, 23.591807399999997]]]}}, {"type": "Feature", "properties": {"layer": "building", "distance_m": 449.6, "source": "Microsoft ML Buildings", "in_industrial_zone": false, "ghsl_2018": 1}, "geometry": {"type": "Polygon", "coordinates": [[[72.39085379999999, 23.59205860000001], [72.3909331, 23.592058299999998], [72.3909336, 23.592156599999996], [72.3908543, 23.5921569], [72.39085379999999, 23.59205860000001]]]}}, {"type": "Feature", "properties": {"layer": "building", "distance_m": 427.4, "source": "Microsoft ML Buildings", "in_industrial_zone": false, "ghsl_2018": 1}, "geometry": {"type": "Polygon", "coordinates": [[[72.39100919999998, 23.5917196], [72.391012, 23.5917652], [72.3910131, 23.5917651], [72.3910219, 23.5919121], [72.39092829999998, 23.591916799999996], [72.3909168, 23.591724199999998], [72.39100919999998, 23.5917196]]]}}, {"type": "Feature", "properties": {"layer": "building", "distance_m": 433.6, "source": "Microsoft ML Buildings", "in_industrial_zone": false, "ghsl_2018": 1}, "geometry": {"type": "Polygon", "coordinates": [[[72.390944, 23.591946699999998], [72.3910485, 23.591944499999997], [72.3910509, 23.5920418], [72.39094629999998, 23.592043899999997], [72.390944, 23.591946699999998]]]}}, {"type": "Feature", "properties": {"layer": "building", "distance_m": 438.3, "source": "Microsoft ML Buildings", "in_industrial_zone": false, "ghsl_2018": 1}, "geometry": {"type": "Polygon", "coordinates": [[[72.39096780000001, 23.592113499999993], [72.3909593, 23.592053099999998], [72.39104749999998, 23.592042700000007], [72.39105599999999, 23.592103100000003], [72.39096780000001, 23.592113499999993]]]}}, {"type": "Feature", "properties": {"layer": "building", "distance_m": 410.5, "source": "Microsoft ML Buildings", "in_industrial_zone": false, "ghsl_2018": 1}, "geometry": {"type": "Polygon", "coordinates": [[[72.39114529999999, 23.591757400000002], [72.3910691, 23.591755499999998], [72.391073, 23.591627699999997], [72.3911492, 23.5916297], [72.39114529999999, 23.591757400000002]]]}}, {"type": "Feature", "properties": {"layer": "building", "distance_m": 440.1, "source": "Microsoft ML Buildings", "in_industrial_zone": false, "ghsl_2018": 1}, "geometry": {"type": "Polygon", "coordinates": [[[72.39107769999998, 23.5922556], [72.39097329999998, 23.592259400000003], [72.3909676, 23.5921258], [72.39107199999998, 23.5921221], [72.39107769999998, 23.5922556]]]}}, {"type": "Feature", "properties": {"layer": "building", "distance_m": 454.1, "source": "Microsoft ML Buildings", "in_industrial_zone": false, "ghsl_2018": 1}, "geometry": {"type": "Polygon", "coordinates": [[[72.39091499999999, 23.5923382], [72.3910426, 23.5923383], [72.39104249999998, 23.5926381], [72.3909148, 23.59263809999999], [72.39091499999999, 23.5923382]]]}}, {"type": "Feature", "properties": {"layer": "building", "distance_m": 474.5, "source": "Microsoft ML Buildings", "in_industrial_zone": false, "ghsl_2018": 1}, "geometry": {"type": "Polygon", "coordinates": [[[72.39102389999998, 23.5926612], [72.39102739999998, 23.592788900000002], [72.3909293, 23.592791200000004], [72.3909258, 23.5926634], [72.39102389999998, 23.5926612]]]}}, {"type": "Feature", "properties": {"layer": "building", "distance_m": 487.1, "source": "Microsoft ML Buildings", "in_industrial_zone": false, "ghsl_2018": 1}, "geometry": {"type": "Polygon", "coordinates": [[[72.3909751, 23.592854399999993], [72.39097499999998, 23.5928618], [72.3910243, 23.592862300000007], [72.3910225, 23.592994], [72.3909169, 23.5929928], [72.3909188, 23.5928537], [72.3909751, 23.592854399999993]]]}}, {"type": "Feature", "properties": {"layer": "building", "distance_m": 461.2, "source": "Microsoft ML Buildings", "in_industrial_zone": false, "ghsl_2018": 1}, "geometry": {"type": "Polygon", "coordinates": [[[72.3911837, 23.592788400000003], [72.39109519999998, 23.592786699999998], [72.39109789999999, 23.592666300000005], [72.39118629999999, 23.592668000000003], [72.3911837, 23.592788400000003]]]}}, {"type": "Feature", "properties": {"layer": "building", "distance_m": 473.5, "source": "Microsoft ML Buildings", "in_industrial_zone": false, "ghsl_2018": 1}, "geometry": {"type": "Polygon", "coordinates": [[[72.3911584, 23.592917699999994], [72.39108589999998, 23.592917599999996], [72.3910861, 23.592824199999995], [72.3911586, 23.592824299999997], [72.3911584, 23.592917699999994]]]}}, {"type": "Feature", "properties": {"layer": "building", "distance_m": 442.9, "source": "Microsoft ML Buildings", "in_industrial_zone": false, "ghsl_2018": 1}, "geometry": {"type": "Polygon", "coordinates": [[[72.391215, 23.592578699999997], [72.3912339, 23.592493700000002], [72.3912813, 23.5925025], [72.3912624, 23.5925875], [72.391215, 23.592578699999997]]]}}, {"type": "Feature", "properties": {"layer": "building", "distance_m": 448.1, "source": "Microsoft ML Buildings", "in_industrial_zone": false, "ghsl_2018": 1}, "geometry": {"type": "Polygon", "coordinates": [[[72.3910919, 23.592637], [72.39108989999998, 23.5924895], [72.3912105, 23.59248809999999], [72.3912126, 23.592635599999998], [72.3910919, 23.592637]]]}}, {"type": "Feature", "properties": {"layer": "building", "distance_m": 436.7, "source": "Microsoft ML Buildings", "in_industrial_zone": false, "ghsl_2018": 1}, "geometry": {"type": "Polygon", "coordinates": [[[72.391225, 23.592455699999995], [72.3911006, 23.5924585], [72.3910966, 23.592311099999993], [72.39122099999999, 23.592308299999996], [72.391225, 23.592455699999995]]]}}, {"type": "Feature", "properties": {"layer": "building", "distance_m": 425.0, "source": "Microsoft ML Buildings", "in_industrial_zone": false, "ghsl_2018": 1}, "geometry": {"type": "Polygon", "coordinates": [[[72.3912424, 23.5921281], [72.391237, 23.5922508], [72.3911245, 23.592246699999993], [72.3911299, 23.592124], [72.3912424, 23.5921281]]]}}, {"type": "Feature", "properties": {"layer": "building", "distance_m": 419.7, "source": "Microsoft ML Buildings", "in_industrial_zone": false, "ghsl_2018": 1}, "geometry": {"type": "Polygon", "coordinates": [[[72.3911371, 23.5921216], [72.391134, 23.591950999999998], [72.3912021, 23.59195], [72.39120519999999, 23.592120499999996], [72.3911371, 23.5921216]]]}}, {"type": "Feature", "properties": {"layer": "building", "distance_m": 412.8, "source": "Microsoft ML Buildings", "in_industrial_zone": false, "ghsl_2018": 1}, "geometry": {"type": "Polygon", "coordinates": [[[72.39108969999998, 23.5918019], [72.3912008, 23.591799499999997], [72.39120399999999, 23.5919238], [72.39109289999999, 23.5919262], [72.39108969999998, 23.5918019]]]}}, {"type": "Feature", "properties": {"layer": "building", "distance_m": 401.2, "source": "Microsoft ML Buildings", "in_industrial_zone": false, "ghsl_2018": 1}, "geometry": {"type": "Polygon", "coordinates": [[[72.3912105, 23.591997799999998], [72.3912189, 23.5918522], [72.39135529999999, 23.591858900000002], [72.3913508, 23.5919373], [72.39126139999999, 23.591932900000003], [72.39125749999998, 23.5920001], [72.3912105, 23.591997799999998]]]}}, {"type": "Feature", "properties": {"layer": "building", "distance_m": 395.2, "source": "Microsoft ML Buildings", "in_industrial_zone": false, "ghsl_2018": 1}, "geometry": {"type": "Polygon", "coordinates": [[[72.3911874, 23.591751899999995], [72.3911864, 23.591763099999998], [72.39116239999998, 23.591761300000005], [72.391173, 23.591647600000005], [72.39126349999998, 23.5916546], [72.3912615, 23.591676600000003], [72.3913334, 23.5916822], [72.391327, 23.591750499999993], [72.39124180000002, 23.5917439], [72.3912407, 23.591756099999998], [72.3911874, 23.591751899999995]]]}}, {"type": "Feature", "properties": {"layer": "building", "distance_m": 417.2, "source": "Google Open Buildings", "in_industrial_zone": false, "ghsl_2018": 1}, "geometry": {"type": "Polygon", "coordinates": [[[72.3910209, 23.591562500000002], [72.39105369999999, 23.591565100000004], [72.39104999999999, 23.5916039], [72.3910173, 23.591601299999997], [72.3910209, 23.591562500000002]]]}}, {"type": "Feature", "properties": {"layer": "building", "distance_m": 419.3, "source": "Google Open Buildings", "in_industrial_zone": false, "ghsl_2018": 1}, "geometry": {"type": "Polygon", "coordinates": [[[72.3909961, 23.5915543], [72.3910292, 23.591557699999996], [72.3910248, 23.591594100000005], [72.3909916, 23.5915907], [72.3909961, 23.5915543]]]}}, {"type": "Feature", "properties": {"layer": "building", "distance_m": 421.9, "source": "Microsoft ML Buildings", "in_industrial_zone": false, "ghsl_2018": 1}, "geometry": {"type": "Polygon", "coordinates": [[[72.3909832, 23.591713599999995], [72.39092159999998, 23.5917114], [72.39092639999998, 23.5916009], [72.3910201, 23.591604300000004], [72.3910167, 23.591684299999997], [72.39098449999999, 23.591683099999997], [72.3909832, 23.591713599999995]]]}}, {"type": "Feature", "properties": {"layer": "building", "distance_m": 401.0, "source": "Microsoft ML Buildings", "in_industrial_zone": false, "ghsl_2018": 1}, "geometry": {"type": "Polygon", "coordinates": [[[72.3909157, 23.5911505], [72.39091219999999, 23.591053300000006], [72.39105950000001, 23.591048799999996], [72.39106299999999, 23.591146099999996], [72.3909157, 23.5911505]]]}}, {"type": "Feature", "properties": {"layer": "building", "distance_m": 401.2, "source": "Microsoft ML Buildings", "in_industrial_zone": false, "ghsl_2018": 1}, "geometry": {"type": "Polygon", "coordinates": [[[72.3909131, 23.5908127], [72.3909151, 23.5907464], [72.39100350000001, 23.590748599999994], [72.39100149999999, 23.5908149], [72.3909131, 23.5908127]]]}}, {"type": "Feature", "properties": {"layer": "building", "distance_m": 383.3, "source": "Microsoft ML Buildings", "in_industrial_zone": false, "ghsl_2018": 1}, "geometry": {"type": "Polygon", "coordinates": [[[72.3911593, 23.590829100000004], [72.3910655, 23.590830199999996], [72.3910611, 23.590503300000005], [72.3911549, 23.5905022], [72.3911593, 23.590829100000004]]]}}, {"type": "Feature", "properties": {"layer": "building", "distance_m": 385.1, "source": "Microsoft ML Buildings", "in_industrial_zone": false, "ghsl_2018": 1}, "geometry": {"type": "Polygon", "coordinates": [[[72.3910355, 23.590178599999998], [72.3911278, 23.590174999999995], [72.39113159999998, 23.590256], [72.3910393, 23.59025959999999], [72.3910355, 23.590178599999998]]]}}, {"type": "Feature", "properties": {"layer": "building", "distance_m": 384.2, "source": "Microsoft ML Buildings", "in_industrial_zone": false, "ghsl_2018": 1}, "geometry": {"type": "Polygon", "coordinates": [[[72.39114479999999, 23.5904915], [72.39105370000001, 23.590494500000002], [72.39104500000002, 23.5902661], [72.39113610000001, 23.590263199999995], [72.39114479999999, 23.5904915]]]}}, {"type": "Feature", "properties": {"layer": "building", "distance_m": 395.9, "source": "Google Open Buildings", "in_industrial_zone": false, "ghsl_2018": 1}, "geometry": {"type": "Polygon", "coordinates": [[[72.3909291, 23.590198200000003], [72.3910214, 23.590193399999997], [72.3910258, 23.5902653], [72.39093339999998, 23.590269999999997], [72.3909291, 23.590198200000003]]]}}, {"type": "Feature", "properties": {"layer": "building", "distance_m": 438.2, "source": "Microsoft ML Buildings", "in_industrial_zone": false, "ghsl_2018": 1}, "geometry": {"type": "Polygon", "coordinates": [[[72.3906281, 23.5897867], [72.3905249, 23.5897894], [72.3905194, 23.5896151], [72.3906226, 23.589612300000002], [72.3906281, 23.5897867]]]}}, {"type": "Feature", "properties": {"layer": "building", "distance_m": 466.3, "source": "Google Open Buildings", "in_industrial_zone": false, "ghsl_2018": 1}, "geometry": {"type": "Polygon", "coordinates": [[[72.3902571, 23.5886868], [72.39039549999998, 23.588694600000004], [72.3903928, 23.588735400000008], [72.3902543, 23.588727600000006], [72.3902571, 23.5886868]]]}}, {"type": "Feature", "properties": {"layer": "building", "distance_m": 450.7, "source": "Microsoft ML Buildings", "in_industrial_zone": false, "ghsl_2018": 1}, "geometry": {"type": "Polygon", "coordinates": [[[72.3905355, 23.588708900000007], [72.39053489999999, 23.589040799999996], [72.3904008, 23.589040600000004], [72.3904013, 23.588708699999998], [72.3905355, 23.588708900000007]]]}}, {"type": "Feature", "properties": {"layer": "building", "distance_m": 462.0, "source": "Microsoft ML Buildings", "in_industrial_zone": false, "ghsl_2018": 1}, "geometry": {"type": "Polygon", "coordinates": [[[72.3903192, 23.589478000000003], [72.390405, 23.589479799999996], [72.3904025, 23.589583], [72.3903167, 23.589581199999994], [72.3903192, 23.589478000000003]]]}}, {"type": "Feature", "properties": {"layer": "building", "distance_m": 465.5, "source": "Google Open Buildings", "in_industrial_zone": false, "ghsl_2018": 1}, "geometry": {"type": "Polygon", "coordinates": [[[72.3901498, 23.588792599999998], [72.3903948, 23.588783600000003], [72.3903998, 23.588902199999996], [72.3901549, 23.588911099999994], [72.3901498, 23.588792599999998]]]}}, {"type": "Feature", "properties": {"layer": "building", "distance_m": 476.0, "source": "Microsoft ML Buildings", "in_industrial_zone": false, "ghsl_2018": 1}, "geometry": {"type": "Polygon", "coordinates": [[[72.39026, 23.589723199999998], [72.3901274, 23.589726699999996], [72.3901247, 23.5896398], [72.3902573, 23.589636199999994], [72.39026, 23.589723199999998]]]}}, {"type": "Feature", "properties": {"layer": "building", "distance_m": 490.7, "source": "Microsoft ML Buildings", "in_industrial_zone": false, "ghsl_2018": 1}, "geometry": {"type": "Polygon", "coordinates": [[[72.3901204, 23.589590800000003], [72.3900347, 23.589593699999998], [72.3900312, 23.589507799999996], [72.3901169, 23.5895049], [72.3901204, 23.589590800000003]]]}}, {"type": "Feature", "properties": {"layer": "building", "distance_m": 497.7, "source": "Microsoft ML Buildings", "in_industrial_zone": false, "ghsl_2018": 1}, "geometry": {"type": "Polygon", "coordinates": [[[72.390073, 23.5890596], [72.3899551, 23.589062600000002], [72.38995160000002, 23.588948100000003], [72.3900695, 23.5889451], [72.390073, 23.5890596]]]}}, {"type": "Feature", "properties": {"layer": "building", "distance_m": 498.7, "source": "Microsoft ML Buildings", "in_industrial_zone": false, "ghsl_2018": 1}, "geometry": {"type": "Polygon", "coordinates": [[[72.3900058, 23.588913799999997], [72.3900038, 23.5888696], [72.38995560000001, 23.5888714], [72.38995079999998, 23.5887669], [72.39006600000002, 23.5887625], [72.3900728, 23.588911199999995], [72.3900058, 23.588913799999997]]]}}, {"type": "Feature", "properties": {"layer": "building", "distance_m": 449.3, "source": "Microsoft ML Buildings", "in_industrial_zone": false, "ghsl_2018": 0}, "geometry": {"type": "Polygon", "coordinates": [[[72.39178839999998, 23.5856086], [72.3917903, 23.585647800000004], [72.3916725, 23.5856525], [72.3916706, 23.585613299999995], [72.39178839999998, 23.5856086]]]}}, {"type": "Feature", "properties": {"layer": "building", "distance_m": 339.0, "source": "Microsoft ML Buildings", "in_industrial_zone": false, "ghsl_2018": 1}, "geometry": {"type": "Polygon", "coordinates": [[[72.3923923, 23.586532800000008], [72.39232099999998, 23.586533499999998], [72.39231999999998, 23.5864437], [72.39239129999999, 23.586442999999996], [72.3923923, 23.586532800000008]]]}}, {"type": "Feature", "properties": {"layer": "building", "distance_m": 233.9, "source": "Microsoft ML Buildings", "in_industrial_zone": false, "ghsl_2018": 1}, "geometry": {"type": "Polygon", "coordinates": [[[72.3934132, 23.58674080000001], [72.3934855, 23.586742699999988], [72.3934825, 23.5868385], [72.3934101, 23.5868366], [72.3934132, 23.58674080000001]]]}}, {"type": "Feature", "properties": {"layer": "building", "distance_m": 221.1, "source": "Google Open Buildings", "in_industrial_zone": false, "ghsl_2018": 1}, "geometry": {"type": "Polygon", "coordinates": [[[72.39345849999998, 23.5869403], [72.3935005, 23.586945299999996], [72.3934948, 23.5869868], [72.3934528, 23.586981899999998], [72.39345849999998, 23.5869403]]]}}, {"type": "Feature", "properties": {"layer": "building", "distance_m": 111.3, "source": "Google Open Buildings", "in_industrial_zone": false, "ghsl_2018": 0}, "geometry": {"type": "Polygon", "coordinates": [[[72.3937756, 23.589508000000002], [72.3938247, 23.589502699999997], [72.3938387, 23.589612700000004], [72.3937896, 23.589618], [72.3937756, 23.589508000000002]]]}}, {"type": "Feature", "properties": {"layer": "building", "distance_m": 115.3, "source": "Microsoft ML Buildings", "in_industrial_zone": false, "ghsl_2018": 0}, "geometry": {"type": "Polygon", "coordinates": [[[72.39371939999998, 23.589180000000002], [72.3938132, 23.5891818], [72.3938083, 23.589393099999995], [72.3937145, 23.589391300000003], [72.39371939999998, 23.589180000000002]]]}}, {"type": "Feature", "properties": {"layer": "building", "distance_m": 127.1, "source": "Microsoft ML Buildings", "in_industrial_zone": false, "ghsl_2018": 0}, "geometry": {"type": "Polygon", "coordinates": [[[72.3935933, 23.58939150000001], [72.3935974, 23.58918389999999], [72.3936966, 23.5891855], [72.3936925, 23.5893931], [72.3935933, 23.58939150000001]]]}}, {"type": "Feature", "properties": {"layer": "building", "distance_m": 140.3, "source": "Microsoft ML Buildings", "in_industrial_zone": false, "ghsl_2018": 0}, "geometry": {"type": "Polygon", "coordinates": [[[72.3934257, 23.5891749], [72.39357040000002, 23.589178700000005], [72.3935635, 23.5893998], [72.3935099, 23.5893984], [72.3935143, 23.589257099999998], [72.3934232, 23.5892547], [72.3934257, 23.5891749]]]}}, {"type": "Feature", "properties": {"layer": "building", "distance_m": 146.1, "source": "Microsoft ML Buildings", "in_industrial_zone": false, "ghsl_2018": 0}, "geometry": {"type": "Polygon", "coordinates": [[[72.3934164, 23.589261399999998], [72.3935035, 23.5892598], [72.3935065, 23.5893949], [72.39341939999998, 23.589396500000003], [72.3934164, 23.589261399999998]]]}}, {"type": "Feature", "properties": {"layer": "building", "distance_m": 137.6, "source": "Microsoft ML Buildings", "in_industrial_zone": false, "ghsl_2018": 0}, "geometry": {"type": "Polygon", "coordinates": [[[72.3936075, 23.589014799999998], [72.3936031, 23.589128999999996], [72.3934263, 23.589123199999996], [72.3934307, 23.589009], [72.3936075, 23.589014799999998]]]}}, {"type": "Feature", "properties": {"layer": "building", "distance_m": 157.4, "source": "Microsoft ML Buildings", "in_industrial_zone": false, "ghsl_2018": 0}, "geometry": {"type": "Polygon", "coordinates": [[[72.393277, 23.589006799999996], [72.3934124, 23.589009499999996], [72.39340979999999, 23.589113899999997], [72.3932745, 23.589111100000007], [72.393277, 23.589006799999996]]]}}, {"type": "Feature", "properties": {"layer": "building", "distance_m": 172.1, "source": "Microsoft ML Buildings", "in_industrial_zone": false, "ghsl_2018": 0}, "geometry": {"type": "Polygon", "coordinates": [[[72.3932025, 23.589007599999995], [72.39326690000001, 23.5890086], [72.39326480000001, 23.589114300000002], [72.3932004, 23.5891132], [72.3932025, 23.589007599999995]]]}}, {"type": "Feature", "properties": {"layer": "building", "distance_m": 391.5, "source": "Google Open Buildings", "in_industrial_zone": false, "ghsl_2018": 1}, "geometry": {"type": "Polygon", "coordinates": [[[72.3926192, 23.593198299999997], [72.3927339, 23.5932159], [72.3926825, 23.593499700000002], [72.39256779999998, 23.593482], [72.3926192, 23.593198299999997]]]}}, {"type": "Feature", "properties": {"layer": "building", "distance_m": 431.5, "source": "Google Open Buildings", "in_industrial_zone": false, "ghsl_2018": 1}, "geometry": {"type": "Polygon", "coordinates": [[[72.3926468, 23.593667900000003], [72.3928404, 23.5937012], [72.39267549999998, 23.594514399999998], [72.39248179999998, 23.5944811], [72.3926468, 23.593667900000003]]]}}, {"type": "Feature", "properties": {"layer": "building", "distance_m": 494.7, "source": "Microsoft ML Buildings", "in_industrial_zone": false, "ghsl_2018": 1}, "geometry": {"type": "Polygon", "coordinates": [[[72.39315649999999, 23.59455579999999], [72.39310179999998, 23.5945417], [72.39312639999999, 23.594462], [72.39318099999998, 23.5944762], [72.39315649999999, 23.59455579999999]]]}}, {"type": "Feature", "properties": {"layer": "building", "distance_m": 432.0, "source": "Microsoft ML Buildings", "in_industrial_zone": false, "ghsl_2018": 1}, "geometry": {"type": "Polygon", "coordinates": [[[72.39330489999999, 23.593912799999995], [72.3932966, 23.5939481], [72.393253, 23.593939499999998], [72.3932613, 23.593904300000002], [72.39330489999999, 23.593912799999995]]]}}, {"type": "Feature", "properties": {"layer": "building", "distance_m": 464.4, "source": "Microsoft ML Buildings", "in_industrial_zone": false, "ghsl_2018": 1}, "geometry": {"type": "Polygon", "coordinates": [[[72.39337719999999, 23.594251399999994], [72.39332249999998, 23.5944994], [72.39319109999998, 23.594475], [72.39324579999999, 23.5942271], [72.39337719999999, 23.594251399999994]]]}}, {"type": "Feature", "properties": {"layer": "building", "distance_m": 492.1, "source": "Google Open Buildings", "in_industrial_zone": false, "ghsl_2018": 1}, "geometry": {"type": "Polygon", "coordinates": [[[72.39325849999999, 23.594498], [72.39337049999999, 23.594513500000005], [72.3933581, 23.594589400000004], [72.39324619999998, 23.5945739], [72.39325849999999, 23.594498]]]}}, {"type": "Feature", "properties": {"layer": "building", "distance_m": 433.9, "source": "Google Open Buildings", "in_industrial_zone": false, "ghsl_2018": 1}, "geometry": {"type": "Polygon", "coordinates": [[[72.3933718, 23.59395599999999], [72.3933625, 23.594019400000004], [72.39331059999999, 23.5940129], [72.39331999999999, 23.5939495], [72.3933718, 23.59395599999999]]]}}, {"type": "Feature", "properties": {"layer": "building", "distance_m": 419.2, "source": "Microsoft ML Buildings", "in_industrial_zone": false, "ghsl_2018": 1}, "geometry": {"type": "Polygon", "coordinates": [[[72.3934778, 23.593850599999993], [72.3934765, 23.593889899999994], [72.3933676, 23.593887], [72.39336889999998, 23.593847699999998], [72.3934778, 23.593850599999993]]]}}, {"type": "Feature", "properties": {"layer": "building", "distance_m": 410.7, "source": "Microsoft ML Buildings", "in_industrial_zone": false, "ghsl_2018": 1}, "geometry": {"type": "Polygon", "coordinates": [[[72.3933657, 23.593757099999998], [72.39345139999999, 23.593759600000002], [72.3934485, 23.593843099999997], [72.3933628, 23.593840600000004], [72.3933657, 23.593757099999998]]]}}, {"type": "Feature", "properties": {"layer": "building", "distance_m": 396.2, "source": "Microsoft ML Buildings", "in_industrial_zone": false, "ghsl_2018": 1}, "geometry": {"type": "Polygon", "coordinates": [[[72.3934162, 23.593734699999995], [72.3934197, 23.593626699999994], [72.3934786, 23.593628299999992], [72.39347509999999, 23.593736300000003], [72.3934162, 23.593734699999995]]]}}, {"type": "Feature", "properties": {"layer": "building", "distance_m": 391.3, "source": "Microsoft ML Buildings", "in_industrial_zone": false, "ghsl_2018": 1}, "geometry": {"type": "Polygon", "coordinates": [[[72.3935212, 23.59362489999999], [72.39361579999999, 23.593629400000005], [72.393608, 23.5937667], [72.3935134, 23.593762199999997], [72.3935212, 23.59362489999999]]]}}, {"type": "Feature", "properties": {"layer": "building", "distance_m": 407.1, "source": "Microsoft ML Buildings", "in_industrial_zone": false, "ghsl_2018": 1}, "geometry": {"type": "Polygon", "coordinates": [[[72.3936173, 23.5939177], [72.3936061, 23.5939773], [72.39348369999999, 23.5939579], [72.3935202, 23.593764599999993], [72.3936165, 23.593779900000005], [72.3935913, 23.593913499999992], [72.3936173, 23.5939177]]]}}, {"type": "Feature", "properties": {"layer": "building", "distance_m": 428.8, "source": "Microsoft ML Buildings", "in_industrial_zone": false, "ghsl_2018": 1}, "geometry": {"type": "Polygon", "coordinates": [[[72.3934514, 23.5939714], [72.3935817, 23.593976000000005], [72.3935725, 23.594196899999996], [72.3934422, 23.594192299999996], [72.3934514, 23.5939714]]]}}, {"type": "Feature", "properties": {"layer": "building", "distance_m": 461.9, "source": "Microsoft ML Buildings", "in_industrial_zone": false, "ghsl_2018": 1}, "geometry": {"type": "Polygon", "coordinates": [[[72.39347039999998, 23.59451839999999], [72.39335789999998, 23.594502099999996], [72.39340059999999, 23.594254], [72.39351309999999, 23.594270199999997], [72.39347039999998, 23.59451839999999]]]}}, {"type": "Feature", "properties": {"layer": "building", "distance_m": 498.8, "source": "Microsoft ML Buildings", "in_industrial_zone": false, "ghsl_2018": 1}, "geometry": {"type": "Polygon", "coordinates": [[[72.3934589, 23.5947276], [72.393416, 23.5947266], [72.39341929999999, 23.594603800000005], [72.39346209999998, 23.5946047], [72.3934589, 23.5947276]]]}}, {"type": "Feature", "properties": {"layer": "building", "distance_m": 495.3, "source": "Microsoft ML Buildings", "in_industrial_zone": false, "ghsl_2018": 1}, "geometry": {"type": "Polygon", "coordinates": [[[72.39349139999999, 23.594590899999996], [72.3935542, 23.594596800000005], [72.3935427, 23.5946989], [72.3935251, 23.594697299999996], [72.3935213, 23.594731299999996], [72.3934762, 23.594727100000004], [72.39349139999999, 23.594590899999996]]]}}, {"type": "Feature", "properties": {"layer": "building", "distance_m": 492.3, "source": "Microsoft ML Buildings", "in_industrial_zone": false, "ghsl_2018": 1}, "geometry": {"type": "Polygon", "coordinates": [[[72.3937193, 23.594621299999996], [72.39376219999998, 23.594620000000003], [72.39376659999999, 23.594745199999995], [72.39372369999998, 23.594746500000003], [72.3937193, 23.594621299999996]]]}}, {"type": "Feature", "properties": {"layer": "building", "distance_m": 493.4, "source": "Microsoft ML Buildings", "in_industrial_zone": false, "ghsl_2018": 1}, "geometry": {"type": "Polygon", "coordinates": [[[72.39355829999998, 23.594594899999997], [72.39361989999999, 23.594596299999996], [72.3936173, 23.594689699999993], [72.3935557, 23.594688199999997], [72.39355829999998, 23.594594899999997]]]}}, {"type": "Feature", "properties": {"layer": "building", "distance_m": 492.4, "source": "Microsoft ML Buildings", "in_industrial_zone": false, "ghsl_2018": 1}, "geometry": {"type": "Polygon", "coordinates": [[[72.3936948, 23.594604899999997], [72.39369149999999, 23.594712899999998], [72.39362079999998, 23.5947111], [72.3936241, 23.5946031], [72.3936948, 23.594604899999997]]]}}, {"type": "Feature", "properties": {"layer": "building", "distance_m": 458.4, "source": "Microsoft ML Buildings", "in_industrial_zone": false, "ghsl_2018": 1}, "geometry": {"type": "Polygon", "coordinates": [[[72.39376539999999, 23.594427899999996], [72.3936386, 23.594423599999995], [72.39364349999998, 23.594301999999995], [72.39377040000001, 23.594306399999997], [72.39376539999999, 23.594427899999996]]]}}, {"type": "Feature", "properties": {"layer": "building", "distance_m": 472.5, "source": "Microsoft ML Buildings", "in_industrial_zone": false, "ghsl_2018": 1}, "geometry": {"type": "Polygon", "coordinates": [[[72.393693, 23.594599000000002], [72.39361799999999, 23.594597], [72.3936233, 23.594429999999992], [72.393752, 23.594433399999996], [72.3937491, 23.594524299999996], [72.3936955, 23.5945229], [72.393693, 23.594599000000002]]]}}, {"type": "Feature", "properties": {"layer": "building", "distance_m": 387.7, "source": "Microsoft ML Buildings", "in_industrial_zone": false, "ghsl_2018": 1}, "geometry": {"type": "Polygon", "coordinates": [[[72.3937306, 23.5936311], [72.3937324, 23.593702299999997], [72.3936547, 23.593703999999995], [72.39365289999999, 23.5936327], [72.3937306, 23.5936311]]]}}, {"type": "Feature", "properties": {"layer": "building", "distance_m": 410.4, "source": "Microsoft ML Buildings", "in_industrial_zone": false, "ghsl_2018": 1}, "geometry": {"type": "Polygon", "coordinates": [[[72.39373809999998, 23.593847500000003], [72.39373549999999, 23.593932299999995], [72.39362029999998, 23.593929300000003], [72.3936229, 23.593844499999996], [72.39373809999998, 23.593847500000003]]]}}, {"type": "Feature", "properties": {"layer": "building", "distance_m": 397.5, "source": "Microsoft ML Buildings", "in_industrial_zone": false, "ghsl_2018": 1}, "geometry": {"type": "Polygon", "coordinates": [[[72.3937455, 23.593727900000005], [72.39374129999999, 23.593837100000002], [72.3936422, 23.593833899999996], [72.39364639999998, 23.593724699999996], [72.3937455, 23.593727900000005]]]}}, {"type": "Feature", "properties": {"layer": "building", "distance_m": 418.5, "source": "Microsoft ML Buildings", "in_industrial_zone": false, "ghsl_2018": 1}, "geometry": {"type": "Polygon", "coordinates": [[[72.3938444, 23.594095500000005], [72.3937158, 23.5940915], [72.39372109999998, 23.5939491], [72.3938497, 23.593953099999993], [72.3938444, 23.594095500000005]]]}}, {"type": "Feature", "properties": {"layer": "building", "distance_m": 436.9, "source": "Microsoft ML Buildings", "in_industrial_zone": false, "ghsl_2018": 1}, "geometry": {"type": "Polygon", "coordinates": [[[72.39381089999999, 23.5942512], [72.39368909999999, 23.5942385], [72.39370549999998, 23.59410619999999], [72.39382729999998, 23.59411890000001], [72.39381089999999, 23.5942512]]]}}, {"type": "Feature", "properties": {"layer": "building", "distance_m": 457.7, "source": "Microsoft ML Buildings", "in_industrial_zone": false, "ghsl_2018": 1}, "geometry": {"type": "Polygon", "coordinates": [[[72.39376809999999, 23.594598600000005], [72.39380319999998, 23.594319599999995], [72.393909, 23.594330799999994], [72.393874, 23.594609799999997], [72.39376809999999, 23.594598600000005]]]}}, {"type": "Feature", "properties": {"layer": "building", "distance_m": 403.1, "source": "Microsoft ML Buildings", "in_industrial_zone": false, "ghsl_2018": 1}, "geometry": {"type": "Polygon", "coordinates": [[[72.3938905, 23.593949199999997], [72.3937816, 23.5939466], [72.3937856, 23.5938127], [72.39387570000001, 23.593814899999998], [72.3938729, 23.59391069999999], [72.3938917, 23.593911199999997], [72.3938905, 23.593949199999997]]]}}, {"type": "Feature", "properties": {"layer": "building", "distance_m": 384.0, "source": "Microsoft ML Buildings", "in_industrial_zone": false, "ghsl_2018": 1}, "geometry": {"type": "Polygon", "coordinates": [[[72.3938731, 23.5937574], [72.3938624, 23.593756999999997], [72.3938602, 23.593806], [72.3937825, 23.593803099999995], [72.3937902, 23.5936338], [72.3938785, 23.59363709999999], [72.3938731, 23.5937574]]]}}, {"type": "Feature", "properties": {"layer": "building", "distance_m": 374.3, "source": "Microsoft ML Buildings", "in_industrial_zone": false, "ghsl_2018": 1}, "geometry": {"type": "Polygon", "coordinates": [[[72.3938066, 23.5935721], [72.3938067, 23.593543799999992], [72.3938694, 23.593544], [72.3938693, 23.59357230000001], [72.3938066, 23.5935721]]]}}, {"type": "Feature", "properties": {"layer": "building", "distance_m": 313.8, "source": "Microsoft ML Buildings", "in_industrial_zone": false, "ghsl_2018": 1}, "geometry": {"type": "Polygon", "coordinates": [[[72.3937382, 23.592931500000002], [72.3937369, 23.59295729999999], [72.3938466, 23.592962000000004], [72.3938418, 23.5930564], [72.39373739999999, 23.593051900000003], [72.393736, 23.59307889999999], [72.3936932, 23.593077000000005], [72.3937007, 23.5929299], [72.3937382, 23.592931500000002]]]}}, {"type": "Feature", "properties": {"layer": "building", "distance_m": 276.3, "source": "Microsoft ML Buildings", "in_industrial_zone": false, "ghsl_2018": 1}, "geometry": {"type": "Polygon", "coordinates": [[[72.3937944, 23.592736699999996], [72.3936781, 23.5927334], [72.39368280000001, 23.59259219999999], [72.3938447, 23.592596699999994], [72.3938412, 23.59269979999999], [72.3937957, 23.5926986], [72.3937944, 23.592736699999996]]]}}, {"type": "Feature", "properties": {"layer": "building", "distance_m": 309.3, "source": "Microsoft ML Buildings", "in_industrial_zone": false, "ghsl_2018": 1}, "geometry": {"type": "Polygon", "coordinates": [[[72.3938741, 23.592940499999997], [72.3939159, 23.592941799999995], [72.3939104, 23.5930817], [72.3938686, 23.5930804], [72.3938741, 23.592940499999997]]]}}, {"type": "Feature", "properties": {"layer": "building", "distance_m": 260.8, "source": "Google Open Buildings", "in_industrial_zone": false, "ghsl_2018": 1}, "geometry": {"type": "Polygon", "coordinates": [[[72.39387219999999, 23.592466], [72.3939053, 23.592468599999993], [72.39390199999998, 23.5925041], [72.3938689, 23.592501499999987], [72.39387219999999, 23.592466]]]}}, {"type": "Feature", "properties": {"layer": "building", "distance_m": 255.0, "source": "Microsoft ML Buildings", "in_industrial_zone": false, "ghsl_2018": 1}, "geometry": {"type": "Polygon", "coordinates": [[[72.3938463, 23.5923873], [72.3938408, 23.592427199999992], [72.3937922, 23.592421500000004], [72.3937977, 23.592381599999996], [72.3938463, 23.5923873]]]}}, {"type": "Feature", "properties": {"layer": "building", "distance_m": 235.0, "source": "Microsoft ML Buildings", "in_industrial_zone": false, "ghsl_2018": 1}, "geometry": {"type": "Polygon", "coordinates": [[[72.3937989, 23.592184199999995], [72.39384549999998, 23.592185799999996], [72.3938407, 23.592301199999998], [72.393794, 23.592299499999996], [72.3937989, 23.592184199999995]]]}}, {"type": "Feature", "properties": {"layer": "building", "distance_m": 233.9, "source": "Microsoft ML Buildings", "in_industrial_zone": false, "ghsl_2018": 1}, "geometry": {"type": "Polygon", "coordinates": [[[72.3938903, 23.5923119], [72.3938448, 23.5923102], [72.3938498, 23.592196099999995], [72.3938953, 23.592197800000005], [72.3938903, 23.5923119]]]}}, {"type": "Feature", "properties": {"layer": "building", "distance_m": 220.4, "source": "Google Open Buildings", "in_industrial_zone": false, "ghsl_2018": 1}, "geometry": {"type": "Polygon", "coordinates": [[[72.39380740000001, 23.59204399999999], [72.3938674, 23.592046699999997], [72.3938608, 23.5921695], [72.3938009, 23.592166800000005], [72.39380740000001, 23.59204399999999]]]}}, {"type": "Feature", "properties": {"layer": "building", "distance_m": 251.0, "source": "Microsoft ML Buildings", "in_industrial_zone": false, "ghsl_2018": 1}, "geometry": {"type": "Polygon", "coordinates": [[[72.3937944, 23.5923241], [72.3937887, 23.5924517], [72.393695, 23.5924482], [72.3937007, 23.592320599999997], [72.3937944, 23.5923241]]]}}, {"type": "Feature", "properties": {"layer": "building", "distance_m": 284.9, "source": "Microsoft ML Buildings", "in_industrial_zone": false, "ghsl_2018": 1}, "geometry": {"type": "Polygon", "coordinates": [[[72.3935333, 23.592584600000002], [72.3936296, 23.592589699999998], [72.3936222, 23.592707299999994], [72.39352589999999, 23.5927022], [72.3935333, 23.592584600000002]]]}}, {"type": "Feature", "properties": {"layer": "building", "distance_m": 316.5, "source": "Microsoft ML Buildings", "in_industrial_zone": false, "ghsl_2018": 1}, "geometry": {"type": "Polygon", "coordinates": [[[72.3936785, 23.592926100000003], [72.3936745, 23.5930599], [72.393579, 23.593057499999997], [72.39358299999999, 23.592923700000007], [72.3936785, 23.592926100000003]]]}}, {"type": "Feature", "properties": {"layer": "building", "distance_m": 333.3, "source": "Microsoft ML Buildings", "in_industrial_zone": false, "ghsl_2018": 1}, "geometry": {"type": "Polygon", "coordinates": [[[72.39366129999999, 23.593273500000006], [72.3936651, 23.5931297], [72.3937964, 23.593132599999997], [72.3937948, 23.593192799999997], [72.3937761, 23.593192399999996], [72.3937739, 23.593275899999995], [72.39366129999999, 23.593273500000006]]]}}, {"type": "Feature", "properties": {"layer": "building", "distance_m": 350.6, "source": "Microsoft ML Buildings", "in_industrial_zone": false, "ghsl_2018": 1}, "geometry": {"type": "Polygon", "coordinates": [[[72.3937919, 23.593447400000002], [72.3937912, 23.593473299999996], [72.3936679, 23.593470600000003], [72.39367259999999, 23.593286400000007], [72.3937664, 23.5932884], [72.3937643, 23.593370599999997], [72.3937553, 23.5933705], [72.3937533, 23.593446600000004], [72.3937919, 23.593447400000002]]]}}, {"type": "Feature", "properties": {"layer": "building", "distance_m": 371.0, "source": "Microsoft ML Buildings", "in_industrial_zone": false, "ghsl_2018": 1}, "geometry": {"type": "Polygon", "coordinates": [[[72.3937927, 23.593490199999998], [72.3937888, 23.593585899999997], [72.3936576, 23.5935815], [72.3936614, 23.593485799999996], [72.3937927, 23.593490199999998]]]}}, {"type": "Feature", "properties": {"layer": "building", "distance_m": 339.6, "source": "Microsoft ML Buildings", "in_industrial_zone": false, "ghsl_2018": 1}, "geometry": {"type": "Polygon", "coordinates": [[[72.3935371, 23.5933837], [72.3935438, 23.5931282], [72.3936189, 23.593129899999997], [72.393618, 23.593161799999994], [72.3936609, 23.593162800000005], [72.3936582, 23.5932659], [72.3936153, 23.593264999999995], [72.3936122, 23.593385399999992], [72.3935371, 23.5933837]]]}}, {"type": "Feature", "properties": {"layer": "building", "distance_m": 376.6, "source": "Microsoft ML Buildings", "in_industrial_zone": false, "ghsl_2018": 1}, "geometry": {"type": "Polygon", "coordinates": [[[72.393471, 23.593581699999998], [72.3934743, 23.593484699999998], [72.393619, 23.593488799999996], [72.39361570000001, 23.593585799999996], [72.393471, 23.593581699999998]]]}}, {"type": "Feature", "properties": {"layer": "building", "distance_m": 366.6, "source": "Microsoft ML Buildings", "in_industrial_zone": false, "ghsl_2018": 1}, "geometry": {"type": "Polygon", "coordinates": [[[72.3934825, 23.593425099999997], [72.3935334, 23.5934259], [72.3935341, 23.593391500000003], [72.3936216, 23.59339290000001], [72.39361989999999, 23.5934813], [72.39348149999998, 23.593479200000004], [72.3934825, 23.593425099999997]]]}}, {"type": "Feature", "properties": {"layer": "building", "distance_m": 176.0, "source": "Microsoft ML Buildings", "in_industrial_zone": false, "ghsl_2018": 1}, "geometry": {"type": "Polygon", "coordinates": [[[72.3937158, 23.5914887], [72.3937482, 23.591480499999996], [72.39376200000001, 23.591526099999996], [72.3937297, 23.591534399999997], [72.3937158, 23.5914887]]]}}, {"type": "Feature", "properties": {"layer": "building", "distance_m": 180.9, "source": "Microsoft ML Buildings", "in_industrial_zone": false, "ghsl_2018": 1}, "geometry": {"type": "Polygon", "coordinates": [[[72.39379359999998, 23.59168730000001], [72.39379429999998, 23.5916307], [72.3938747, 23.59163149999999], [72.393874, 23.591688099999992], [72.39379359999998, 23.59168730000001]]]}}, {"type": "Feature", "properties": {"layer": "building", "distance_m": 170.4, "source": "Microsoft ML Buildings", "in_industrial_zone": false, "ghsl_2018": 1}, "geometry": {"type": "Polygon", "coordinates": [[[72.3937999, 23.591624200000002], [72.3937972, 23.591518600000004], [72.3938803, 23.5915168], [72.393883, 23.591622400000002], [72.3937999, 23.591624200000002]]]}}, {"type": "Feature", "properties": {"layer": "building", "distance_m": 134.8, "source": "Microsoft ML Buildings", "in_industrial_zone": false, "ghsl_2018": 1}, "geometry": {"type": "Polygon", "coordinates": [[[72.39386950000001, 23.591160900000002], [72.3939672, 23.591159400000006], [72.39396960000002, 23.59129209999999], [72.39387190000001, 23.591293599999993], [72.39386950000001, 23.591160900000002]]]}}, {"type": "Feature", "properties": {"layer": "building", "distance_m": 167.8, "source": "Microsoft ML Buildings", "in_industrial_zone": false, "ghsl_2018": 1}, "geometry": {"type": "Polygon", "coordinates": [[[72.3938888, 23.59160129999999], [72.39388780000002, 23.591515299999994], [72.39392, 23.5915149], [72.393921, 23.591601], [72.3938888, 23.59160129999999]]]}}, {"type": "Feature", "properties": {"layer": "building", "distance_m": 164.0, "source": "Microsoft ML Buildings", "in_industrial_zone": false, "ghsl_2018": 1}, "geometry": {"type": "Polygon", "coordinates": [[[72.3939889, 23.591614499999995], [72.39392730000002, 23.591616599999988], [72.3939232, 23.591518400000005], [72.3939848, 23.591516299999995], [72.3939889, 23.591614499999995]]]}}, {"type": "Feature", "properties": {"layer": "building", "distance_m": 57.9, "source": "Google Open Buildings", "in_industrial_zone": false, "ghsl_2018": 1}, "geometry": {"type": "Polygon", "coordinates": [[[72.3943782, 23.5906496], [72.3944866, 23.590655299999998], [72.3944822, 23.590726], [72.3943738, 23.5907202], [72.3943782, 23.5906496]]]}}, {"type": "Feature", "properties": {"layer": "building", "distance_m": 102.4, "source": "Microsoft ML Buildings", "in_industrial_zone": false, "ghsl_2018": 1}, "geometry": {"type": "Polygon", "coordinates": [[[72.3945073, 23.591229699999996], [72.3943865, 23.5912134], [72.39439850000001, 23.591138799999992], [72.3945193, 23.591155100000005], [72.3945073, 23.591229699999996]]]}}, {"type": "Feature", "properties": {"layer": "building", "distance_m": 165.7, "source": "Google Open Buildings", "in_industrial_zone": false, "ghsl_2018": 1}, "geometry": {"type": "Polygon", "coordinates": [[[72.3942494, 23.591685799999993], [72.3942956, 23.591688], [72.3942768, 23.5920187], [72.3942307, 23.592016499999996], [72.3942494, 23.591685799999993]]]}}, {"type": "Feature", "properties": {"layer": "building", "distance_m": 228.3, "source": "Microsoft ML Buildings", "in_industrial_zone": false, "ghsl_2018": 1}, "geometry": {"type": "Polygon", "coordinates": [[[72.3943311, 23.592487399999996], [72.3942228, 23.59248940000001], [72.3942184, 23.592287899999995], [72.3943, 23.5922864], [72.3943012, 23.592342999999996], [72.394328, 23.5923425], [72.3943311, 23.592487399999996]]]}}, {"type": "Feature", "properties": {"layer": "building", "distance_m": 207.3, "source": "Microsoft ML Buildings", "in_industrial_zone": false, "ghsl_2018": 1}, "geometry": {"type": "Polygon", "coordinates": [[[72.3942606, 23.592131400000003], [72.3943262, 23.592095900000004], [72.3944184, 23.5922389], [72.3943528, 23.592274399999997], [72.3942606, 23.592131400000003]]]}}, {"type": "Feature", "properties": {"layer": "building", "distance_m": 218.0, "source": "Google Open Buildings", "in_industrial_zone": false, "ghsl_2018": 1}, "geometry": {"type": "Polygon", "coordinates": [[[72.39446000000001, 23.592226199999995], [72.3944595, 23.592251299999994], [72.3944231, 23.5922507], [72.3944236, 23.592225599999995], [72.39446000000001, 23.592226199999995]]]}}, {"type": "Feature", "properties": {"layer": "building", "distance_m": 228.8, "source": "Microsoft ML Buildings", "in_industrial_zone": false, "ghsl_2018": 1}, "geometry": {"type": "Polygon", "coordinates": [[[72.3944431, 23.592323], [72.3944421, 23.592396699999988], [72.3943482, 23.592395599999996], [72.3943493, 23.5923218], [72.3944431, 23.592323]]]}}, {"type": "Feature", "properties": {"layer": "building", "distance_m": 237.2, "source": "Microsoft ML Buildings", "in_industrial_zone": false, "ghsl_2018": 1}, "geometry": {"type": "Polygon", "coordinates": [[[72.3943406, 23.592495600000003], [72.394343, 23.5923998], [72.3944503, 23.5924021], [72.3944484, 23.592478200000002], [72.3943867, 23.5924769], [72.3943862, 23.5924966], [72.3943406, 23.592495600000003]]]}}, {"type": "Feature", "properties": {"layer": "building", "distance_m": 339.2, "source": "Google Open Buildings", "in_industrial_zone": false, "ghsl_2018": 1}, "geometry": {"type": "Polygon", "coordinates": [[[72.39426619999999, 23.593316000000005], [72.3943519, 23.593320999999996], [72.3943475, 23.5933845], [72.3942618, 23.5933795], [72.39426619999999, 23.593316000000005]]]}}, {"type": "Feature", "properties": {"layer": "building", "distance_m": 298.0, "source": "Microsoft ML Buildings", "in_industrial_zone": false, "ghsl_2018": 1}, "geometry": {"type": "Polygon", "coordinates": [[[72.3944, 23.592955100000005], [72.3944337, 23.5929567], [72.3944299, 23.593022899999998], [72.3943229, 23.593017700000008], [72.3943252, 23.5929785], [72.3943984, 23.592982000000003], [72.3944, 23.592955100000005]]]}}, {"type": "Feature", "properties": {"layer": "building", "distance_m": 269.8, "source": "Google Open Buildings", "in_industrial_zone": false, "ghsl_2018": 1}, "geometry": {"type": "Polygon", "coordinates": [[[72.3943509, 23.592688700000004], [72.3943939, 23.592691499999994], [72.3943851, 23.592807499999996], [72.394342, 23.592804699999995], [72.3943509, 23.592688700000004]]]}}, {"type": "Feature", "properties": {"layer": "building", "distance_m": 302.7, "source": "Microsoft ML Buildings", "in_industrial_zone": false, "ghsl_2018": 1}, "geometry": {"type": "Polygon", "coordinates": [[[72.3942293, 23.593089899999992], [72.3942307, 23.592979299999993], [72.3943192, 23.5929803], [72.3943178, 23.593090899999993], [72.3942293, 23.593089899999992]]]}}, {"type": "Feature", "properties": {"layer": "building", "distance_m": 272.9, "source": "Microsoft ML Buildings", "in_industrial_zone": false, "ghsl_2018": 1}, "geometry": {"type": "Polygon", "coordinates": [[[72.3943086, 23.592703], [72.394292, 23.5928027], [72.3942134, 23.592791799999997], [72.3942299, 23.592692100000004], [72.3943086, 23.592703]]]}}, {"type": "Feature", "properties": {"layer": "building", "distance_m": 321.7, "source": "Microsoft ML Buildings", "in_industrial_zone": false, "ghsl_2018": 1}, "geometry": {"type": "Polygon", "coordinates": [[[72.3942736, 23.593147599999998], [72.3942665, 23.593287399999994], [72.3942077, 23.5932849], [72.39421469999999, 23.593145100000005], [72.3942736, 23.593147599999998]]]}}, {"type": "Feature", "properties": {"layer": "building", "distance_m": 352.2, "source": "Google Open Buildings", "in_industrial_zone": false, "ghsl_2018": 1}, "geometry": {"type": "Polygon", "coordinates": [[[72.3942608, 23.5934415], [72.3943433, 23.5934394], [72.3943444, 23.593474700000005], [72.3942618, 23.593476900000006], [72.3942608, 23.5934415]]]}}, {"type": "Feature", "properties": {"layer": "building", "distance_m": 361.2, "source": "Microsoft ML Buildings", "in_industrial_zone": false, "ghsl_2018": 1}, "geometry": {"type": "Polygon", "coordinates": [[[72.3942737, 23.593542699999993], [72.3942013, 23.593540700000002], [72.3942024, 23.593508699999997], [72.3942747, 23.593510800000004], [72.3942737, 23.593542699999993]]]}}, {"type": "Feature", "properties": {"layer": "building", "distance_m": 327.7, "source": "Microsoft ML Buildings", "in_industrial_zone": false, "ghsl_2018": 1}, "geometry": {"type": "Polygon", "coordinates": [[[72.3942096, 23.593279900000002], [72.3941748, 23.59328139999999], [72.3941702, 23.593190700000005], [72.394205, 23.593189200000005], [72.3942096, 23.593279900000002]]]}}, {"type": "Feature", "properties": {"layer": "building", "distance_m": 347.2, "source": "Microsoft ML Buildings", "in_industrial_zone": false, "ghsl_2018": 1}, "geometry": {"type": "Polygon", "coordinates": [[[72.3941483, 23.593469100000004], [72.3941449, 23.593586999999992], [72.3940458, 23.593584699999997], [72.3940523, 23.593353799999992], [72.3941381, 23.593355799999994], [72.39413490000001, 23.5934688], [72.3941483, 23.593469100000004]]]}}, {"type": "Feature", "properties": {"layer": "building", "distance_m": 341.4, "source": "Microsoft ML Buildings", "in_industrial_zone": false, "ghsl_2018": 1}, "geometry": {"type": "Polygon", "coordinates": [[[72.394044, 23.593341500000008], [72.3940452, 23.5932911], [72.3940951, 23.593292100000006], [72.3940939, 23.593342499999995], [72.394044, 23.593341500000008]]]}}, {"type": "Feature", "properties": {"layer": "building", "distance_m": 328.6, "source": "Microsoft ML Buildings", "in_industrial_zone": false, "ghsl_2018": 1}, "geometry": {"type": "Polygon", "coordinates": [[[72.3941638, 23.593188500000004], [72.394171, 23.593291299999997], [72.3941149, 23.593294599999997], [72.3941077, 23.5931918], [72.3941638, 23.593188500000004]]]}}, {"type": "Feature", "properties": {"layer": "building", "distance_m": 306.3, "source": "Microsoft ML Buildings", "in_industrial_zone": false, "ghsl_2018": 1}, "geometry": {"type": "Polygon", "coordinates": [[[72.3941041, 23.593068400000003], [72.3940586, 23.593069300000003], [72.3940562, 23.592967400000006], [72.3941017, 23.592966499999996], [72.3941041, 23.593068400000003]]]}}, {"type": "Feature", "properties": {"layer": "building", "distance_m": 273.5, "source": "Google Open Buildings", "in_industrial_zone": false, "ghsl_2018": 1}, "geometry": {"type": "Polygon", "coordinates": [[[72.3941342, 23.5926747], [72.3941745, 23.59267729999999], [72.3941681, 23.592760999999992], [72.3941279, 23.5927584], [72.3941342, 23.5926747]]]}}, {"type": "Feature", "properties": {"layer": "building", "distance_m": 305.1, "source": "Microsoft ML Buildings", "in_industrial_zone": false, "ghsl_2018": 1}, "geometry": {"type": "Polygon", "coordinates": [[[72.3942249, 23.5929841], [72.3942212, 23.593064999999992], [72.3941596, 23.593062699999994], [72.3941633, 23.592981700000003], [72.3942249, 23.5929841]]]}}, {"type": "Feature", "properties": {"layer": "building", "distance_m": 221.0, "source": "Google Open Buildings", "in_industrial_zone": false, "ghsl_2018": 1}, "geometry": {"type": "Polygon", "coordinates": [[[72.3941106, 23.5921891], [72.3942183, 23.592193899999998], [72.3942151, 23.592252699999996], [72.3941075, 23.592247799999996], [72.3941106, 23.5921891]]]}}, {"type": "Feature", "properties": {"layer": "building", "distance_m": 179.4, "source": "Google Open Buildings", "in_industrial_zone": false, "ghsl_2018": 1}, "geometry": {"type": "Polygon", "coordinates": [[[72.394145, 23.5917746], [72.3941759, 23.591775800000008], [72.3941709, 23.591885699999995], [72.39414, 23.5918845], [72.394145, 23.5917746]]]}}, {"type": "Feature", "properties": {"layer": "building", "distance_m": 207.0, "source": "Google Open Buildings", "in_industrial_zone": false, "ghsl_2018": 1}, "geometry": {"type": "Polygon", "coordinates": [[[72.3941176, 23.592058], [72.3942253, 23.5920629], [72.3942187, 23.59218570000001], [72.394111, 23.5921808], [72.3941176, 23.592058]]]}}, {"type": "Feature", "properties": {"layer": "building", "distance_m": 182.2, "source": "Microsoft ML Buildings", "in_industrial_zone": false, "ghsl_2018": 1}, "geometry": {"type": "Polygon", "coordinates": [[[72.39409, 23.5917839], [72.3941275, 23.5917826], [72.39413170000002, 23.591888199999996], [72.3940942, 23.591889400000003], [72.39409, 23.5917839]]]}}, {"type": "Feature", "properties": {"layer": "building", "distance_m": 198.9, "source": "Google Open Buildings", "in_industrial_zone": false, "ghsl_2018": 1}, "geometry": {"type": "Polygon", "coordinates": [[[72.3940692, 23.5919369], [72.394107, 23.5919403], [72.3941023, 23.591984299999996], [72.3940645, 23.591980899999996], [72.3940692, 23.5919369]]]}}, {"type": "Feature", "properties": {"layer": "building", "distance_m": 228.2, "source": "Google Open Buildings", "in_industrial_zone": false, "ghsl_2018": 1}, "geometry": {"type": "Polygon", "coordinates": [[[72.394109, 23.5922476], [72.3941584, 23.592243299999996], [72.3941625, 23.592283599999995], [72.3941131, 23.592287899999988], [72.394109, 23.5922476]]]}}, {"type": "Feature", "properties": {"layer": "building", "distance_m": 228.5, "source": "Microsoft ML Buildings", "in_industrial_zone": false, "ghsl_2018": 1}, "geometry": {"type": "Polygon", "coordinates": [[[72.3940607, 23.592212200000002], [72.3940558, 23.59233119999999], [72.3939433, 23.592327299999994], [72.3939482, 23.5922083], [72.3940607, 23.592212200000002]]]}}, {"type": "Feature", "properties": {"layer": "building", "distance_m": 201.6, "source": "Microsoft ML Buildings", "in_industrial_zone": false, "ghsl_2018": 1}, "geometry": {"type": "Polygon", "coordinates": [[[72.393972, 23.59196], [72.393913, 23.591960000000004], [72.393913, 23.591905899999997], [72.393972, 23.591905899999997], [72.393972, 23.59196]]]}}, {"type": "Feature", "properties": {"layer": "building", "distance_m": 186.3, "source": "Microsoft ML Buildings", "in_industrial_zone": false, "ghsl_2018": 1}, "geometry": {"type": "Polygon", "coordinates": [[[72.3940847, 23.5918924], [72.39383430000001, 23.5918868], [72.3938367, 23.591799600000005], [72.3940871, 23.5918052], [72.3940847, 23.5918924]]]}}, {"type": "Feature", "properties": {"layer": "building", "distance_m": 173.7, "source": "Microsoft ML Buildings", "in_industrial_zone": false, "ghsl_2018": 1}, "geometry": {"type": "Polygon", "coordinates": [[[72.3939847, 23.591621], [72.3939888, 23.591728999999997], [72.393923, 23.591731100000004], [72.3939189, 23.591623099999996], [72.3939847, 23.591621]]]}}, {"type": "Feature", "properties": {"layer": "building", "distance_m": 183.2, "source": "Microsoft ML Buildings", "in_industrial_zone": false, "ghsl_2018": 1}, "geometry": {"type": "Polygon", "coordinates": [[[72.3939161, 23.5916825], [72.39391510000002, 23.5917255], [72.3938937, 23.5917251], [72.3938947, 23.591682000000002], [72.3939161, 23.5916825]]]}}, {"type": "Feature", "properties": {"layer": "building", "distance_m": 263.3, "source": "Microsoft ML Buildings", "in_industrial_zone": false, "ghsl_2018": 1}, "geometry": {"type": "Polygon", "coordinates": [[[72.3940341, 23.5926581], [72.393915, 23.5926554], [72.3939182, 23.592537500000002], [72.3940373, 23.5925402], [72.3940341, 23.5926581]]]}}, {"type": "Feature", "properties": {"layer": "building", "distance_m": 306.7, "source": "Microsoft ML Buildings", "in_industrial_zone": false, "ghsl_2018": 1}, "geometry": {"type": "Polygon", "coordinates": [[[72.39394259999999, 23.592941299999996], [72.3940084, 23.5929447], [72.3940008, 23.593068399999996], [72.393935, 23.593065], [72.39394259999999, 23.592941299999996]]]}}, {"type": "Feature", "properties": {"layer": "building", "distance_m": 278.2, "source": "Microsoft ML Buildings", "in_industrial_zone": false, "ghsl_2018": 1}, "geometry": {"type": "Polygon", "coordinates": [[[72.393914, 23.592747100000004], [72.3939265, 23.592660099999993], [72.3939898, 23.592667699999996], [72.3939773, 23.5927547], [72.393914, 23.592747100000004]]]}}, {"type": "Feature", "properties": {"layer": "building", "distance_m": 276.8, "source": "Microsoft ML Buildings", "in_industrial_zone": false, "ghsl_2018": 1}, "geometry": {"type": "Polygon", "coordinates": [[[72.3940754, 23.5926809], [72.3940669, 23.59278599999999], [72.3940002, 23.5927815], [72.3940087, 23.592676399999995], [72.3940754, 23.5926809]]]}}, {"type": "Feature", "properties": {"layer": "building", "distance_m": 308.1, "source": "Microsoft ML Buildings", "in_industrial_zone": false, "ghsl_2018": 1}, "geometry": {"type": "Polygon", "coordinates": [[[72.3940509, 23.592969799999988], [72.3940526, 23.593085299999995], [72.3940114, 23.5930858], [72.3940097, 23.5929703], [72.3940509, 23.592969799999988]]]}}, {"type": "Feature", "properties": {"layer": "building", "distance_m": 381.5, "source": "Microsoft ML Buildings", "in_industrial_zone": false, "ghsl_2018": 1}, "geometry": {"type": "Polygon", "coordinates": [[[72.3939034, 23.593712900000003], [72.39390479999999, 23.5936441], [72.3940093, 23.593645799999997], [72.394008, 23.593714600000002], [72.3939034, 23.593712900000003]]]}}, {"type": "Feature", "properties": {"layer": "building", "distance_m": 389.4, "source": "Microsoft ML Buildings", "in_industrial_zone": false, "ghsl_2018": 1}, "geometry": {"type": "Polygon", "coordinates": [[[72.39392449999998, 23.5937902], [72.3939031, 23.593789599999997], [72.39390559999998, 23.593718399999997], [72.39402080000002, 23.5937218], [72.3940179, 23.593804100000003], [72.3940072, 23.593803699999995], [72.3940017, 23.59395599999999], [72.3938999, 23.593952899999998], [72.3939037, 23.5938473], [72.3939225, 23.593847899999997], [72.39392449999998, 23.5937902]]]}}, {"type": "Feature", "properties": {"layer": "building", "distance_m": 429.6, "source": "Microsoft ML Buildings", "in_industrial_zone": false, "ghsl_2018": 1}, "geometry": {"type": "Polygon", "coordinates": [[[72.3939406, 23.5941169], [72.3939472, 23.594081000000003], [72.39399159999999, 23.5940879], [72.393985, 23.5941237], [72.3939406, 23.5941169]]]}}, {"type": "Feature", "properties": {"layer": "building", "distance_m": 416.4, "source": "Microsoft ML Buildings", "in_industrial_zone": false, "ghsl_2018": 1}, "geometry": {"type": "Polygon", "coordinates": [[[72.3938709, 23.594059199999997], [72.39387629999999, 23.593959900000005], [72.3939877, 23.593964899999996], [72.39398229999999, 23.594064300000003], [72.3938709, 23.594059199999997]]]}}, {"type": "Feature", "properties": {"layer": "building", "distance_m": 429.3, "source": "Microsoft ML Buildings", "in_industrial_zone": false, "ghsl_2018": 1}, "geometry": {"type": "Polygon", "coordinates": [[[72.3938666, 23.594102599999996], [72.3938725, 23.5940653], [72.39394080000001, 23.594074400000004], [72.3939349, 23.5941117], [72.3938666, 23.594102599999996]]]}}, {"type": "Feature", "properties": {"layer": "building", "distance_m": 456.1, "source": "Microsoft ML Buildings", "in_industrial_zone": false, "ghsl_2018": 1}, "geometry": {"type": "Polygon", "coordinates": [[[72.3939005, 23.5945404], [72.39391469999998, 23.594541600000003], [72.39393599999998, 23.594333200000005], [72.3940423, 23.594342299999997], [72.3940135, 23.594625], [72.39389289999998, 23.5946146], [72.3939005, 23.5945404]]]}}, {"type": "Feature", "properties": {"layer": "building", "distance_m": 443.3, "source": "Google Open Buildings", "in_industrial_zone": false, "ghsl_2018": 1}, "geometry": {"type": "Polygon", "coordinates": [[[72.39389060000002, 23.594199499999995], [72.3940089, 23.59421839999999], [72.3939954, 23.5942899], [72.39387719999999, 23.5942711], [72.39389060000002, 23.594199499999995]]]}}, {"type": "Feature", "properties": {"layer": "building", "distance_m": 435.3, "source": "Google Open Buildings", "in_industrial_zone": false, "ghsl_2018": 1}, "geometry": {"type": "Polygon", "coordinates": [[[72.393905, 23.594135999999995], [72.39401159999998, 23.5941446], [72.3940054, 23.5942108], [72.39389869999998, 23.594202199999998], [72.393905, 23.594135999999995]]]}}, {"type": "Feature", "properties": {"layer": "building", "distance_m": 415.7, "source": "Microsoft ML Buildings", "in_industrial_zone": false, "ghsl_2018": 1}, "geometry": {"type": "Polygon", "coordinates": [[[72.3940242, 23.5940319], [72.3940276, 23.593976799999997], [72.3940971, 23.593980299999995], [72.3940937, 23.5940355], [72.3940242, 23.5940319]]]}}, {"type": "Feature", "properties": {"layer": "building", "distance_m": 396.9, "source": "Microsoft ML Buildings", "in_industrial_zone": false, "ghsl_2018": 1}, "geometry": {"type": "Polygon", "coordinates": [[[72.3941398, 23.593815299999996], [72.3941417, 23.59389019999999], [72.3940522, 23.593892099999998], [72.3940504, 23.593817099999995], [72.3941398, 23.593815299999996]]]}}, {"type": "Feature", "properties": {"layer": "building", "distance_m": 424.5, "source": "Microsoft ML Buildings", "in_industrial_zone": false, "ghsl_2018": 1}, "geometry": {"type": "Polygon", "coordinates": [[[72.39411360000001, 23.5941324], [72.3940021, 23.594122], [72.3940095, 23.5940551], [72.394121, 23.5940655], [72.39411360000001, 23.5941324]]]}}, {"type": "Feature", "properties": {"layer": "building", "distance_m": 405.9, "source": "Microsoft ML Buildings", "in_industrial_zone": false, "ghsl_2018": 1}, "geometry": {"type": "Polygon", "coordinates": [[[72.39413619999999, 23.5939689], [72.3940505, 23.5939669], [72.3940525, 23.593895599999993], [72.3941383, 23.5938977], [72.39413619999999, 23.5939689]]]}}, {"type": "Feature", "properties": {"layer": "building", "distance_m": 387.1, "source": "Microsoft ML Buildings", "in_industrial_zone": false, "ghsl_2018": 1}, "geometry": {"type": "Polygon", "coordinates": [[[72.3941712, 23.593802300000007], [72.3940597, 23.593806299999997], [72.3940566, 23.593733799999995], [72.3941681, 23.593729799999995], [72.3941712, 23.593802300000007]]]}}, {"type": "Feature", "properties": {"layer": "building", "distance_m": 378.3, "source": "Microsoft ML Buildings", "in_industrial_zone": false, "ghsl_2018": 1}, "geometry": {"type": "Polygon", "coordinates": [[[72.3940632, 23.5936511], [72.3941785, 23.593651099999995], [72.3941785, 23.5937101], [72.3940632, 23.5937101], [72.3940632, 23.5936511]]]}}, {"type": "Feature", "properties": {"layer": "building", "distance_m": 397.8, "source": "Microsoft ML Buildings", "in_industrial_zone": false, "ghsl_2018": 1}, "geometry": {"type": "Polygon", "coordinates": [[[72.3942666, 23.593967800000005], [72.3941845, 23.5939655], [72.3941887, 23.593842700000003], [72.3942708, 23.593845], [72.3942666, 23.593967800000005]]]}}, {"type": "Feature", "properties": {"layer": "building", "distance_m": 473.0, "source": "Microsoft ML Buildings", "in_industrial_zone": false, "ghsl_2018": 1}, "geometry": {"type": "Polygon", "coordinates": [[[72.3941658, 23.5946837], [72.39407199999998, 23.594680900000004], [72.3940778, 23.5945152], [72.39417159999999, 23.5945179], [72.3941658, 23.5946837]]]}}, {"type": "Feature", "properties": {"layer": "building", "distance_m": 455.3, "source": "Microsoft ML Buildings", "in_industrial_zone": false, "ghsl_2018": 1}, "geometry": {"type": "Polygon", "coordinates": [[[72.39406119999998, 23.5945014], [72.3940863, 23.594345], [72.3942028, 23.5943607], [72.39417769999999, 23.594517100000008], [72.39406119999998, 23.5945014]]]}}, {"type": "Feature", "properties": {"layer": "building", "distance_m": 433.8, "source": "Google Open Buildings", "in_industrial_zone": false, "ghsl_2018": 1}, "geometry": {"type": "Polygon", "coordinates": [[[72.3940227, 23.594145499999996], [72.3941437, 23.594155199999996], [72.39413739999999, 23.59422139999999], [72.3940164, 23.594211699999995], [72.3940227, 23.594145499999996]]]}}, {"type": "Feature", "properties": {"layer": "building", "distance_m": 493.5, "source": "Microsoft ML Buildings", "in_industrial_zone": false, "ghsl_2018": 1}, "geometry": {"type": "Polygon", "coordinates": [[[72.3940772, 23.594768499999997], [72.3940183, 23.5947661], [72.394022, 23.5946901], [72.3940809, 23.594692399999996], [72.3940772, 23.594768499999997]]]}}, {"type": "Feature", "properties": {"layer": "building", "distance_m": 488.4, "source": "Microsoft ML Buildings", "in_industrial_zone": false, "ghsl_2018": 1}, "geometry": {"type": "Polygon", "coordinates": [[[72.39401929999998, 23.5947481], [72.39378899999998, 23.5947566], [72.3937841, 23.5946424], [72.3940144, 23.594634], [72.39401929999998, 23.5947481]]]}}, {"type": "Feature", "properties": {"layer": "building", "distance_m": 490.7, "source": "Google Open Buildings", "in_industrial_zone": false, "ghsl_2018": 1}, "geometry": {"type": "Polygon", "coordinates": [[[72.3943864, 23.5947059], [72.3944955, 23.5947458], [72.3944583, 23.5948322], [72.3943492, 23.5947923], [72.3943864, 23.5947059]]]}}, {"type": "Feature", "properties": {"layer": "building", "distance_m": 431.7, "source": "Google Open Buildings", "in_industrial_zone": false, "ghsl_2018": 1}, "geometry": {"type": "Polygon", "coordinates": [[[72.3941791, 23.594142899999998], [72.3942121, 23.594146399999996], [72.39420939999998, 23.5941681], [72.3942936, 23.594177000000002], [72.3942845, 23.594249399999992], [72.3941674, 23.594237], [72.3941791, 23.594142899999998]]]}}, {"type": "Feature", "properties": {"layer": "building", "distance_m": 387.0, "source": "Microsoft ML Buildings", "in_industrial_zone": false, "ghsl_2018": 1}, "geometry": {"type": "Polygon", "coordinates": [[[72.3941856, 23.5938391], [72.3941899, 23.593745800000004], [72.3942943, 23.593749900000002], [72.39429, 23.593843099999994], [72.3941856, 23.5938391]]]}}, {"type": "Feature", "properties": {"layer": "building", "distance_m": 378.2, "source": "Microsoft ML Buildings", "in_industrial_zone": false, "ghsl_2018": 1}, "geometry": {"type": "Polygon", "coordinates": [[[72.3942886, 23.593741200000004], [72.3942029, 23.593738], [72.3942062, 23.593665599999994], [72.3942919, 23.593668799999996], [72.3942886, 23.593741200000004]]]}}, {"type": "Feature", "properties": {"layer": "building", "distance_m": 426.2, "source": "Microsoft ML Buildings", "in_industrial_zone": false, "ghsl_2018": 1}, "geometry": {"type": "Polygon", "coordinates": [[[72.3944471, 23.5943591], [72.3944562, 23.5941345], [72.3945901, 23.594139], [72.3945876, 23.5942004], [72.3946385, 23.594202199999998], [72.3946319, 23.5943654], [72.3944471, 23.5943591]]]}}, {"type": "Feature", "properties": {"layer": "building", "distance_m": 378.8, "source": "Microsoft ML Buildings", "in_industrial_zone": false, "ghsl_2018": 1}, "geometry": {"type": "Polygon", "coordinates": [[[72.3945481, 23.593767799999995], [72.3945221, 23.5937637], [72.3945334, 23.593703999999995], [72.3945594, 23.5937081], [72.3945481, 23.593767799999995]]]}}, {"type": "Feature", "properties": {"layer": "building", "distance_m": 458.4, "source": "Microsoft ML Buildings", "in_industrial_zone": false, "ghsl_2018": 1}, "geometry": {"type": "Polygon", "coordinates": [[[72.3946678, 23.594635], [72.3946719, 23.594435999999998], [72.3947191, 23.5944368], [72.3947151, 23.5946359], [72.3946678, 23.594635]]]}}, {"type": "Feature", "properties": {"layer": "building", "distance_m": 395.5, "source": "Microsoft ML Buildings", "in_industrial_zone": false, "ghsl_2018": 1}, "geometry": {"type": "Polygon", "coordinates": [[[72.3946546, 23.593908999999993], [72.3946575, 23.593864899999996], [72.3947019, 23.5938673], [72.39469910000001, 23.5939114], [72.3946546, 23.593908999999993]]]}}, {"type": "Feature", "properties": {"layer": "building", "distance_m": 410.8, "source": "Microsoft ML Buildings", "in_industrial_zone": false, "ghsl_2018": 1}, "geometry": {"type": "Polygon", "coordinates": [[[72.3947006, 23.594094199999994], [72.3946337, 23.594096899999997], [72.3946295, 23.594008500000005], [72.3946964, 23.5940059], [72.3947006, 23.594094199999994]]]}}, {"type": "Feature", "properties": {"layer": "building", "distance_m": 369.0, "source": "Google Open Buildings", "in_industrial_zone": false, "ghsl_2018": 1}, "geometry": {"type": "Polygon", "coordinates": [[[72.3946165, 23.593622800000002], [72.3947153, 23.5936326], [72.394694, 23.593814500000004], [72.3945952, 23.5938047], [72.3946165, 23.593622800000002]]]}}, {"type": "Feature", "properties": {"layer": "building", "distance_m": 387.0, "source": "Microsoft ML Buildings", "in_industrial_zone": false, "ghsl_2018": 1}, "geometry": {"type": "Polygon", "coordinates": [[[72.3947174, 23.593830099999998], [72.3947161, 23.5937945], [72.3947607, 23.593793200000004], [72.3947619, 23.5938288], [72.3947174, 23.593830099999998]]]}}, {"type": "Feature", "properties": {"layer": "building", "distance_m": 395.4, "source": "Google Open Buildings", "in_industrial_zone": false, "ghsl_2018": 1}, "geometry": {"type": "Polygon", "coordinates": [[[72.3947053, 23.5938669], [72.394743, 23.593871], [72.3947375, 23.5939136], [72.3946998, 23.593909400000005], [72.3947053, 23.5938669]]]}}, {"type": "Feature", "properties": {"layer": "building", "distance_m": 387.3, "source": "Google Open Buildings", "in_industrial_zone": false, "ghsl_2018": 1}, "geometry": {"type": "Polygon", "coordinates": [[[72.3947635, 23.593798999999994], [72.3948118, 23.593797000000006], [72.3948134, 23.593830500000003], [72.3947651, 23.593832399999997], [72.3947635, 23.593798999999994]]]}}, {"type": "Feature", "properties": {"layer": "building", "distance_m": 387.7, "source": "Google Open Buildings", "in_industrial_zone": false, "ghsl_2018": 1}, "geometry": {"type": "Polygon", "coordinates": [[[72.3948176, 23.5938005], [72.3948531, 23.593801799999998], [72.3948518, 23.5938333], [72.3948163, 23.593832], [72.3948176, 23.5938005]]]}}, {"type": "Feature", "properties": {"layer": "building", "distance_m": 494.1, "source": "Microsoft ML Buildings", "in_industrial_zone": false, "ghsl_2018": 1}, "geometry": {"type": "Polygon", "coordinates": [[[72.3945786, 23.5947521], [72.39462219999999, 23.5947685], [72.3945901, 23.594839999999994], [72.39461769999998, 23.594850300000004], [72.3945876, 23.594917699999996], [72.3945164, 23.594890900000003], [72.3945786, 23.5947521]]]}}, {"type": "Feature", "properties": {"layer": "building", "distance_m": 365.1, "source": "Google Open Buildings", "in_industrial_zone": false, "ghsl_2018": 1}, "geometry": {"type": "Polygon", "coordinates": [[[72.3950537, 23.5936015], [72.3951281, 23.593604000000006], [72.3951239, 23.59371180000001], [72.3950494, 23.5937093], [72.3950537, 23.5936015]]]}}, {"type": "Feature", "properties": {"layer": "building", "distance_m": 276.5, "source": "Microsoft ML Buildings", "in_industrial_zone": false, "ghsl_2018": 1}, "geometry": {"type": "Polygon", "coordinates": [[[72.3950049, 23.592806499999995], [72.3950932, 23.5928028], [72.3951022, 23.592984300000005], [72.3950032, 23.592988499999997], [72.3949996, 23.592917300000003], [72.3950104, 23.5929169], [72.3950049, 23.592806499999995]]]}}, {"type": "Feature", "properties": {"layer": "building", "distance_m": 274.9, "source": "Google Open Buildings", "in_industrial_zone": false, "ghsl_2018": 1}, "geometry": {"type": "Polygon", "coordinates": [[[72.3949439, 23.5927845], [72.3949805, 23.592787900000005], [72.3949759, 23.592829399999996], [72.3949393, 23.592826], [72.3949439, 23.5927845]]]}}, {"type": "Feature", "properties": {"layer": "building", "distance_m": 273.6, "source": "Microsoft ML Buildings", "in_industrial_zone": false, "ghsl_2018": 1}, "geometry": {"type": "Polygon", "coordinates": [[[72.3949015, 23.592811999999995], [72.3948982, 23.592775399999997], [72.3949355, 23.5927725], [72.3949388, 23.5928091], [72.3949015, 23.592811999999995]]]}}, {"type": "Feature", "properties": {"layer": "building", "distance_m": 332.3, "source": "Microsoft ML Buildings", "in_industrial_zone": false, "ghsl_2018": 1}, "geometry": {"type": "Polygon", "coordinates": [[[72.3949705, 23.593347000000005], [72.3949153, 23.5933444], [72.3949176, 23.593302800000007], [72.39497280000002, 23.593305399999995], [72.3949705, 23.593347000000005]]]}}, {"type": "Feature", "properties": {"layer": "building", "distance_m": 317.8, "source": "Google Open Buildings", "in_industrial_zone": false, "ghsl_2018": 1}, "geometry": {"type": "Polygon", "coordinates": [[[72.3948062, 23.593173400000012], [72.3948528, 23.593170100000002], [72.3948559, 23.593207700000008], [72.3948093, 23.593211], [72.3948062, 23.593173400000012]]]}}, {"type": "Feature", "properties": {"layer": "building", "distance_m": 299.3, "source": "Microsoft ML Buildings", "in_industrial_zone": false, "ghsl_2018": 1}, "geometry": {"type": "Polygon", "coordinates": [[[72.3946102, 23.59308529999999], [72.3946413, 23.593086299999992], [72.394645, 23.592995499999997], [72.3947023, 23.592997499999996], [72.394687, 23.593371799999993], [72.3945986, 23.593368799999997], [72.3946102, 23.59308529999999]]]}}, {"type": "Feature", "properties": {"layer": "building", "distance_m": 254.7, "source": "Google Open Buildings", "in_industrial_zone": false, "ghsl_2018": 1}, "geometry": {"type": "Polygon", "coordinates": [[[72.394852, 23.592600900000004], [72.3948863, 23.592601400000003], [72.3948856, 23.592632999999996], [72.39485140000001, 23.592632399999996], [72.394852, 23.592600900000004]]]}}, {"type": "Feature", "properties": {"layer": "building", "distance_m": 247.7, "source": "Google Open Buildings", "in_industrial_zone": false, "ghsl_2018": 1}, "geometry": {"type": "Polygon", "coordinates": [[[72.3948397, 23.59253710000001], [72.3948935, 23.592540399999997], [72.3948905, 23.592581600000003], [72.3948367, 23.5925783], [72.3948397, 23.59253710000001]]]}}, {"type": "Feature", "properties": {"layer": "building", "distance_m": 240.8, "source": "Google Open Buildings", "in_industrial_zone": false, "ghsl_2018": 1}, "geometry": {"type": "Polygon", "coordinates": [[[72.3948451, 23.592474400000004], [72.3948865, 23.592475899999997], [72.3948848, 23.592515999999996], [72.3948435, 23.592514600000005], [72.3948451, 23.592474400000004]]]}}, {"type": "Feature", "properties": {"layer": "building", "distance_m": 208.5, "source": "Google Open Buildings", "in_industrial_zone": false, "ghsl_2018": 1}, "geometry": {"type": "Polygon", "coordinates": [[[72.3948051, 23.592181200000002], [72.39491650000001, 23.592187299999996], [72.3949041, 23.5923808], [72.3948179, 23.592376099999996], [72.3948202, 23.5923406], [72.3947949, 23.59233920000001], [72.3948051, 23.592181200000002]]]}}, {"type": "Feature", "properties": {"layer": "building", "distance_m": 178.5, "source": "Microsoft ML Buildings", "in_industrial_zone": false, "ghsl_2018": 1}, "geometry": {"type": "Polygon", "coordinates": [[[72.3947846, 23.591909799999996], [72.3949158, 23.591914499999998], [72.394912, 23.592001699999997], [72.3947808, 23.5919969], [72.3947846, 23.591909799999996]]]}}, {"type": "Feature", "properties": {"layer": "building", "distance_m": 194.6, "source": "Microsoft ML Buildings", "in_industrial_zone": false, "ghsl_2018": 1}, "geometry": {"type": "Polygon", "coordinates": [[[72.3947927, 23.592058300000005], [72.3948652, 23.592058300000005], [72.3948652, 23.592134500000004], [72.3947927, 23.5921345], [72.3947927, 23.592058300000005]]]}}, {"type": "Feature", "properties": {"layer": "building", "distance_m": 163.6, "source": "Microsoft ML Buildings", "in_industrial_zone": false, "ghsl_2018": 1}, "geometry": {"type": "Polygon", "coordinates": [[[72.3947867, 23.5918498], [72.39479, 23.59177499999999], [72.394873, 23.5917781], [72.3948697, 23.5918529], [72.3947867, 23.5918498]]]}}, {"type": "Feature", "properties": {"layer": "building", "distance_m": 150.8, "source": "Microsoft ML Buildings", "in_industrial_zone": false, "ghsl_2018": 1}, "geometry": {"type": "Polygon", "coordinates": [[[72.3948826, 23.591662700000004], [72.3948797, 23.591748599999995], [72.3947778, 23.591745699999997], [72.3947808, 23.5916598], [72.3948826, 23.591662700000004]]]}}, {"type": "Feature", "properties": {"layer": "building", "distance_m": 131.9, "source": "Microsoft ML Buildings", "in_industrial_zone": false, "ghsl_2018": 1}, "geometry": {"type": "Polygon", "coordinates": [[[72.3948667, 23.591492000000002], [72.3948644, 23.591581699999995], [72.3947851, 23.59158], [72.3947875, 23.591490299999997], [72.3948667, 23.591492000000002]]]}}, {"type": "Feature", "properties": {"layer": "building", "distance_m": 95.9, "source": "Microsoft ML Buildings", "in_industrial_zone": false, "ghsl_2018": 1}, "geometry": {"type": "Polygon", "coordinates": [[[72.3947678, 23.5913352], [72.3947655, 23.591165599999997], [72.3948325, 23.5911648], [72.3948349, 23.591334400000004], [72.3947678, 23.5913352]]]}}, {"type": "Feature", "properties": {"layer": "building", "distance_m": 47.6, "source": "Google Open Buildings", "in_industrial_zone": false, "ghsl_2018": 0}, "geometry": {"type": "Polygon", "coordinates": [[[72.39484749999998, 23.590728300000006], [72.3949003, 23.590733899999996], [72.39489520000001, 23.5907741], [72.3948425, 23.590768399999998], [72.39484749999998, 23.590728300000006]]]}}, {"type": "Feature", "properties": {"layer": "building", "distance_m": 51.1, "source": "Google Open Buildings", "in_industrial_zone": false, "ghsl_2018": 0}, "geometry": {"type": "Polygon", "coordinates": [[[72.394726, 23.590744500000003], [72.3948053, 23.590753899999996], [72.3948, 23.5907919], [72.3947207, 23.5907826], [72.394726, 23.590744500000003]]]}}, {"type": "Feature", "properties": {"layer": "building", "distance_m": 42.3, "source": "Google Open Buildings", "in_industrial_zone": false, "ghsl_2018": 1}, "geometry": {"type": "Polygon", "coordinates": [[[72.39465740000001, 23.590622499999988], [72.3946923, 23.5906298], [72.39467949999998, 23.590681500000002], [72.3946447, 23.590674200000002], [72.39465740000001, 23.590622499999988]]]}}, {"type": "Feature", "properties": {"layer": "building", "distance_m": 120.5, "source": "Google Open Buildings", "in_industrial_zone": false, "ghsl_2018": 1}, "geometry": {"type": "Polygon", "coordinates": [[[72.3948517, 23.591388400000003], [72.3949256, 23.591392300000003], [72.3949236, 23.5914253], [72.3948496, 23.591421400000005], [72.3948517, 23.591388400000003]]]}}, {"type": "Feature", "properties": {"layer": "building", "distance_m": 125.6, "source": "Google Open Buildings", "in_industrial_zone": false, "ghsl_2018": 1}, "geometry": {"type": "Polygon", "coordinates": [[[72.39487, 23.5914386], [72.3949273, 23.591436499999997], [72.3949284, 23.591463], [72.3948712, 23.5914651], [72.39487, 23.5914386]]]}}, {"type": "Feature", "properties": {"layer": "building", "distance_m": 76.0, "source": "Microsoft ML Buildings", "in_industrial_zone": false, "ghsl_2018": 0}, "geometry": {"type": "Polygon", "coordinates": [[[72.3942287, 23.589020199999997], [72.3941838, 23.589015], [72.39419579999999, 23.588927899999998], [72.39424070000001, 23.588933099999995], [72.3942287, 23.589020199999997]]]}}, {"type": "Feature", "properties": {"layer": "building", "distance_m": 81.6, "source": "Google Open Buildings", "in_industrial_zone": false, "ghsl_2018": 0}, "geometry": {"type": "Polygon", "coordinates": [[[72.3940535, 23.5893445], [72.3941409, 23.589347399999998], [72.3941383, 23.5894136], [72.394051, 23.589410799999996], [72.3940535, 23.5893445]]]}}, {"type": "Feature", "properties": {"layer": "building", "distance_m": 81.1, "source": "Google Open Buildings", "in_industrial_zone": false, "ghsl_2018": 0}, "geometry": {"type": "Polygon", "coordinates": [[[72.3940585, 23.5892156], [72.3941497, 23.589218299999995], [72.3941476, 23.5892791], [72.3940565, 23.589276499999993], [72.3940585, 23.5892156]]]}}, {"type": "Feature", "properties": {"layer": "building", "distance_m": 97.1, "source": "Microsoft ML Buildings", "in_industrial_zone": false, "ghsl_2018": 0}, "geometry": {"type": "Polygon", "coordinates": [[[72.393987, 23.589392999999998], [72.3938838, 23.589391600000003], [72.393887, 23.589190099999993], [72.39399029999998, 23.589191500000002], [72.393987, 23.589392999999998]]]}}, {"type": "Feature", "properties": {"layer": "building", "distance_m": 96.7, "source": "Microsoft ML Buildings", "in_industrial_zone": false, "ghsl_2018": 0}, "geometry": {"type": "Polygon", "coordinates": [[[72.3939678, 23.5895143], [72.3939217, 23.5895052], [72.3939433, 23.58941359999999], [72.3939894, 23.589422699999997], [72.3939678, 23.5895143]]]}}, {"type": "Feature", "properties": {"layer": "building", "distance_m": 364.7, "source": "Microsoft ML Buildings", "in_industrial_zone": false, "ghsl_2018": 0}, "geometry": {"type": "Polygon", "coordinates": [[[72.39449139999999, 23.585137399999994], [72.394482, 23.584888200000005], [72.3945811, 23.5848851], [72.3945905, 23.585134299999996], [72.39449139999999, 23.585137399999994]]]}}, {"type": "Feature", "properties": {"layer": "building", "distance_m": 433.0, "source": "Microsoft ML Buildings", "in_industrial_zone": false, "ghsl_2018": 0}, "geometry": {"type": "Polygon", "coordinates": [[[72.39449749999999, 23.584390899999995], [72.3945966, 23.5843889], [72.3945997, 23.584512999999998], [72.3945005, 23.584515], [72.39449749999999, 23.584390899999995]]]}}, {"type": "Feature", "properties": {"layer": "building", "distance_m": 465.0, "source": "Microsoft ML Buildings", "in_industrial_zone": false, "ghsl_2018": 0}, "geometry": {"type": "Polygon", "coordinates": [[[72.3944823, 23.583891699999995], [72.3945842, 23.58389229999999], [72.39458260000002, 23.584131900000003], [72.394588, 23.584131900000003], [72.3945874, 23.584224099999997], [72.3944801, 23.584223499999997], [72.3944823, 23.583891699999995]]]}}, {"type": "Feature", "properties": {"layer": "building", "distance_m": 401.9, "source": "Microsoft ML Buildings", "in_industrial_zone": false, "ghsl_2018": 0}, "geometry": {"type": "Polygon", "coordinates": [[[72.3944951, 23.584807200000004], [72.394388, 23.584811499999997], [72.3943683, 23.584394400000004], [72.3944754, 23.5843901], [72.3944951, 23.584807200000004]]]}}, {"type": "Feature", "properties": {"layer": "building", "distance_m": 467.6, "source": "Microsoft ML Buildings", "in_industrial_zone": false, "ghsl_2018": 0}, "geometry": {"type": "Polygon", "coordinates": [[[72.3942938, 23.584130500000004], [72.39430179999998, 23.584130599999998], [72.3943028, 23.5838946], [72.3944101, 23.583895000000002], [72.3944087, 23.584219400000002], [72.3942934, 23.584219000000004], [72.3942938, 23.584130500000004]]]}}, {"type": "Feature", "properties": {"layer": "building", "distance_m": 462.7, "source": "Microsoft ML Buildings", "in_industrial_zone": false, "ghsl_2018": 0}, "geometry": {"type": "Polygon", "coordinates": [[[72.3947605, 23.5842327], [72.39459889999999, 23.584226599999994], [72.3946138, 23.583895300000002], [72.3947076, 23.583898899999998], [72.3946973, 23.58412710000001], [72.39476519999998, 23.584129699999988], [72.3947605, 23.5842327]]]}}, {"type": "Feature", "properties": {"layer": "building", "distance_m": 401.0, "source": "Microsoft ML Buildings", "in_industrial_zone": false, "ghsl_2018": 0}, "geometry": {"type": "Polygon", "coordinates": [[[72.3946151, 23.584802400000004], [72.3945088, 23.58480159999999], [72.3945114, 23.58451889999999], [72.39458820000002, 23.584519499999995], [72.3945872, 23.584624000000005], [72.3946167, 23.584624199999997], [72.3946151, 23.584802400000004]]]}}, {"type": "Feature", "properties": {"layer": "building", "distance_m": 366.4, "source": "Microsoft ML Buildings", "in_industrial_zone": false, "ghsl_2018": 0}, "geometry": {"type": "Polygon", "coordinates": [[[72.3947092, 23.585107500000003], [72.39461, 23.5851093], [72.3946049, 23.584875900000004], [72.3947041, 23.5848741], [72.3947092, 23.585107500000003]]]}}, {"type": "Feature", "properties": {"layer": "building", "distance_m": 365.6, "source": "Microsoft ML Buildings", "in_industrial_zone": false, "ghsl_2018": 1}, "geometry": {"type": "Polygon", "coordinates": [[[72.3948819, 23.5851043], [72.3947839, 23.585108899999998], [72.3947696, 23.5848539], [72.3948676, 23.5848493], [72.3948819, 23.5851043]]]}}, {"type": "Feature", "properties": {"layer": "building", "distance_m": 400.5, "source": "Microsoft ML Buildings", "in_industrial_zone": false, "ghsl_2018": 1}, "geometry": {"type": "Polygon", "coordinates": [[[72.3948875, 23.584789599999993], [72.3948, 23.584790499999997], [72.3947949, 23.584385], [72.3948824, 23.584384000000004], [72.3948875, 23.584789599999993]]]}}, {"type": "Feature", "properties": {"layer": "building", "distance_m": 400.0, "source": "Microsoft ML Buildings", "in_industrial_zone": false, "ghsl_2018": 1}, "geometry": {"type": "Polygon", "coordinates": [[[72.3946725, 23.5847395], [72.3946886, 23.5847391], [72.3946856, 23.584626099999998], [72.3947777, 23.584624], [72.3947824, 23.5847984], [72.3946742, 23.584800899999998], [72.3946725, 23.5847395]]]}}, {"type": "Feature", "properties": {"layer": "building", "distance_m": 420.0, "source": "Microsoft ML Buildings", "in_industrial_zone": false, "ghsl_2018": 1}, "geometry": {"type": "Polygon", "coordinates": [[[72.3946712, 23.5843846], [72.3947704, 23.5843825], [72.3947764, 23.5846183], [72.3946772, 23.584620499999996], [72.3946712, 23.5843846]]]}}, {"type": "Feature", "properties": {"layer": "building", "distance_m": 460.9, "source": "Google Open Buildings", "in_industrial_zone": false, "ghsl_2018": 0}, "geometry": {"type": "Polygon", "coordinates": [[[72.3948404, 23.583913199999998], [72.3949331, 23.583916900000002], [72.39491770000001, 23.584242999999997], [72.39482490000002, 23.5842392], [72.3948404, 23.583913199999998]]]}}, {"type": "Feature", "properties": {"layer": "building", "distance_m": 459.1, "source": "Google Open Buildings", "in_industrial_zone": false, "ghsl_2018": 1}, "geometry": {"type": "Polygon", "coordinates": [[[72.3949607, 23.583929199999996], [72.3950537, 23.583932099999995], [72.3950417, 23.584258300000002], [72.3949488, 23.5842554], [72.3949607, 23.583929199999996]]]}}, {"type": "Feature", "properties": {"layer": "building", "distance_m": 432.1, "source": "Microsoft ML Buildings", "in_industrial_zone": false, "ghsl_2018": 1}, "geometry": {"type": "Polygon", "coordinates": [[[72.3949546, 23.584379499999997], [72.3950601, 23.584377600000003], [72.3950627, 23.584500499999997], [72.39495710000001, 23.584502300000004], [72.3949546, 23.584379499999997]]]}}, {"type": "Feature", "properties": {"layer": "building", "distance_m": 399.8, "source": "Microsoft ML Buildings", "in_industrial_zone": false, "ghsl_2018": 1}, "geometry": {"type": "Polygon", "coordinates": [[[72.3950716, 23.584790200000004], [72.3949805, 23.584793499999996], [72.3949682, 23.584510100000006], [72.3950593, 23.584506799999993], [72.3950716, 23.584790200000004]]]}}, {"type": "Feature", "properties": {"layer": "building", "distance_m": 364.3, "source": "Microsoft ML Buildings", "in_industrial_zone": false, "ghsl_2018": 1}, "geometry": {"type": "Polygon", "coordinates": [[[72.3950446, 23.5851116], [72.3949025, 23.585115499999997], [72.3948943, 23.584861299999996], [72.3949844, 23.584858899999997], [72.3950363, 23.584857399999997], [72.3950446, 23.5851116]]]}}, {"type": "Feature", "properties": {"layer": "building", "distance_m": 364.0, "source": "Microsoft ML Buildings", "in_industrial_zone": false, "ghsl_2018": 1}, "geometry": {"type": "Polygon", "coordinates": [[[72.3951761, 23.5851139], [72.39507, 23.5851175], [72.3950591, 23.584847500000002], [72.3951662, 23.584843800000005], [72.3951657, 23.584831600000005], [72.3952879, 23.584827399999998], [72.3952895, 23.584866700000006], [72.3953093, 23.584866], [72.395319, 23.585106599999996], [72.395176, 23.5851114], [72.3951761, 23.5851139]]]}}, {"type": "Feature", "properties": {"layer": "building", "distance_m": 400.1, "source": "Microsoft ML Buildings", "in_industrial_zone": false, "ghsl_2018": 1}, "geometry": {"type": "Polygon", "coordinates": [[[72.3950919, 23.584790999999996], [72.395083, 23.58437689999999], [72.3951752, 23.584375199999997], [72.3951841, 23.584789299999994], [72.3950919, 23.584790999999996]]]}}, {"type": "Feature", "properties": {"layer": "building", "distance_m": 459.0, "source": "Microsoft ML Buildings", "in_industrial_zone": false, "ghsl_2018": 1}, "geometry": {"type": "Polygon", "coordinates": [[[72.3950831, 23.5839224], [72.3951823, 23.58392359999999], [72.3951795, 23.5841276], [72.3951983, 23.584127799999997], [72.3951964, 23.5842605], [72.3950784, 23.5842591], [72.3950831, 23.5839224]]]}}, {"type": "Feature", "properties": {"layer": "building", "distance_m": 431.7, "source": "Microsoft ML Buildings", "in_industrial_zone": false, "ghsl_2018": 1}, "geometry": {"type": "Polygon", "coordinates": [[[72.3956382, 23.584534699999995], [72.3956327, 23.584354199999996], [72.3956622, 23.584353500000006], [72.3956677, 23.584533899999997], [72.3956382, 23.584534699999995]]]}}, {"type": "Feature", "properties": {"layer": "building", "distance_m": 416.4, "source": "Microsoft ML Buildings", "in_industrial_zone": false, "ghsl_2018": 1}, "geometry": {"type": "Polygon", "coordinates": [[[72.39568970000002, 23.584670900000006], [72.395658, 23.584674500000002], [72.3956475, 23.584596999999995], [72.3956793, 23.5845934], [72.39568970000002, 23.584670900000006]]]}}, {"type": "Feature", "properties": {"layer": "building", "distance_m": 432.5, "source": "Microsoft ML Buildings", "in_industrial_zone": false, "ghsl_2018": 1}, "geometry": {"type": "Polygon", "coordinates": [[[72.3957214, 23.5845282], [72.3956696, 23.5845301], [72.3956546, 23.584193900000002], [72.3957065, 23.584192], [72.3957214, 23.5845282]]]}}, {"type": "Feature", "properties": {"layer": "building", "distance_m": 488.3, "source": "Microsoft ML Buildings", "in_industrial_zone": false, "ghsl_2018": 0}, "geometry": {"type": "Polygon", "coordinates": [[[72.3957286, 23.5839566], [72.3958517, 23.583950899999994], [72.3958557, 23.584023100000003], [72.3957326, 23.584028799999995], [72.3957286, 23.5839566]]]}}, {"type": "Feature", "properties": {"layer": "building", "distance_m": 461.4, "source": "Google Open Buildings", "in_industrial_zone": false, "ghsl_2018": 1}, "geometry": {"type": "Polygon", "coordinates": [[[72.3957637, 23.5842129], [72.3958716, 23.5842065], [72.3958759, 23.584267600000004], [72.395768, 23.58427409999999], [72.3957637, 23.5842129]]]}}, {"type": "Feature", "properties": {"layer": "building", "distance_m": 469.6, "source": "Google Open Buildings", "in_industrial_zone": false, "ghsl_2018": 1}, "geometry": {"type": "Polygon", "coordinates": [[[72.3957794, 23.584105499999996], [72.3958574, 23.58410719999999], [72.395855, 23.5842026], [72.39577690000002, 23.584200899999995], [72.3957794, 23.584105499999996]]]}}, {"type": "Feature", "properties": {"layer": "building", "distance_m": 447.5, "source": "Microsoft ML Buildings", "in_industrial_zone": false, "ghsl_2018": 1}, "geometry": {"type": "Polygon", "coordinates": [[[72.3958372, 23.584383400000004], [72.395738, 23.584398599999993], [72.3957228, 23.584314899999992], [72.39582190000002, 23.584299699999992], [72.3958372, 23.584383400000004]]]}}, {"type": "Feature", "properties": {"layer": "building", "distance_m": 433.1, "source": "Google Open Buildings", "in_industrial_zone": false, "ghsl_2018": 1}, "geometry": {"type": "Polygon", "coordinates": [[[72.3958892, 23.5844544], [72.3958958, 23.5845251], [72.39580060000002, 23.584532599999996], [72.3957941, 23.584461900000004], [72.3958892, 23.5844544]]]}}, {"type": "Feature", "properties": {"layer": "building", "distance_m": 407.5, "source": "Microsoft ML Buildings", "in_industrial_zone": false, "ghsl_2018": 1}, "geometry": {"type": "Polygon", "coordinates": [[[72.3957701, 23.5846579], [72.3958799, 23.5846546], [72.3958837, 23.584758900000004], [72.3957738, 23.5847622], [72.3957701, 23.5846579]]]}}, {"type": "Feature", "properties": {"layer": "building", "distance_m": 397.0, "source": "Microsoft ML Buildings", "in_industrial_zone": false, "ghsl_2018": 1}, "geometry": {"type": "Polygon", "coordinates": [[[72.3958821, 23.5848525], [72.3957544, 23.584856], [72.3957515, 23.5847676], [72.3958792, 23.584764100000005], [72.3958821, 23.5848525]]]}}, {"type": "Feature", "properties": {"layer": "building", "distance_m": 419.4, "source": "Microsoft ML Buildings", "in_industrial_zone": false, "ghsl_2018": 1}, "geometry": {"type": "Polygon", "coordinates": [[[72.3957613, 23.5846543], [72.3957581, 23.584570799999998], [72.3958609, 23.584567500000002], [72.3958641, 23.584651000000004], [72.3957613, 23.5846543]]]}}, {"type": "Feature", "properties": {"layer": "building", "distance_m": 410.4, "source": "Microsoft ML Buildings", "in_industrial_zone": false, "ghsl_2018": 1}, "geometry": {"type": "Polygon", "coordinates": [[[72.3956895, 23.584586400000003], [72.3957458, 23.584584699999997], [72.3957511, 23.5847296], [72.39569490000001, 23.584731300000005], [72.3956895, 23.584586400000003]]]}}, {"type": "Feature", "properties": {"layer": "building", "distance_m": 393.8, "source": "Microsoft ML Buildings", "in_industrial_zone": false, "ghsl_2018": 1}, "geometry": {"type": "Polygon", "coordinates": [[[72.3957429, 23.584877399999996], [72.3956571, 23.5848792], [72.3956561, 23.584837400000005], [72.3957419, 23.584835599999998], [72.3957429, 23.584877399999996]]]}}, {"type": "Feature", "properties": {"layer": "building", "distance_m": 369.8, "source": "Microsoft ML Buildings", "in_industrial_zone": false, "ghsl_2018": 1}, "geometry": {"type": "Polygon", "coordinates": [[[72.3953578, 23.5850779], [72.3953608, 23.585004200000004], [72.395461, 23.585007699999995], [72.395458, 23.585081299999995], [72.3953578, 23.5850779]]]}}, {"type": "Feature", "properties": {"layer": "building", "distance_m": 401.0, "source": "Microsoft ML Buildings", "in_industrial_zone": false, "ghsl_2018": 1}, "geometry": {"type": "Polygon", "coordinates": [[[72.3952524, 23.58455289999999], [72.395349, 23.5845526], [72.39534970000001, 23.584788599999996], [72.3952531, 23.5847889], [72.3952524, 23.58455289999999]]]}}, {"type": "Feature", "properties": {"layer": "building", "distance_m": 431.4, "source": "Google Open Buildings", "in_industrial_zone": false, "ghsl_2018": 1}, "geometry": {"type": "Polygon", "coordinates": [[[72.3952871, 23.584407300000002], [72.3954089, 23.58440299999999], [72.39541120000001, 23.584456199999998], [72.3953803, 23.584457200000003], [72.3953826, 23.584512700000005], [72.3952916, 23.584516], [72.3952871, 23.584407300000002]]]}}, {"type": "Feature", "properties": {"layer": "building", "distance_m": 246.6, "source": "Microsoft ML Buildings", "in_industrial_zone": false, "ghsl_2018": 0}, "geometry": {"type": "Polygon", "coordinates": [[[72.3953354, 23.586190900000002], [72.3953065, 23.586184499999998], [72.3953242, 23.5861171], [72.3953531, 23.586123499999996], [72.3953354, 23.586190900000002]]]}}, {"type": "Feature", "properties": {"layer": "building", "distance_m": 255.4, "source": "Google Open Buildings", "in_industrial_zone": false, "ghsl_2018": 0}, "geometry": {"type": "Polygon", "coordinates": [[[72.3952912, 23.58607719999999], [72.3953495, 23.5860835], [72.3953457, 23.586112299999993], [72.3952874, 23.5861059], [72.3952912, 23.58607719999999]]]}}, {"type": "Feature", "properties": {"layer": "building", "distance_m": 246.6, "source": "Google Open Buildings", "in_industrial_zone": false, "ghsl_2018": 0}, "geometry": {"type": "Polygon", "coordinates": [[[72.3954032, 23.58612519999999], [72.3953833, 23.5861942], [72.3953515, 23.586186500000007], [72.3953714, 23.586117399999996], [72.3954032, 23.58612519999999]]]}}, {"type": "Feature", "properties": {"layer": "building", "distance_m": 153.7, "source": "Google Open Buildings", "in_industrial_zone": false, "ghsl_2018": 0}, "geometry": {"type": "Polygon", "coordinates": [[[72.3954515, 23.5869989], [72.3955665, 23.587012700000002], [72.3955618, 23.58704639999999], [72.3954467, 23.5870326], [72.3954515, 23.5869989]]]}}, {"type": "Feature", "properties": {"layer": "building", "distance_m": 393.9, "source": "Microsoft ML Buildings", "in_industrial_zone": false, "ghsl_2018": 1}, "geometry": {"type": "Polygon", "coordinates": [[[72.3963566, 23.584890400000003], [72.3963543, 23.584777300000002], [72.3964562, 23.584775599999997], [72.3964585, 23.5848886], [72.3963566, 23.584890400000003]]]}}, {"type": "Feature", "properties": {"layer": "building", "distance_m": 442.4, "source": "Microsoft ML Buildings", "in_industrial_zone": false, "ghsl_2018": 1}, "geometry": {"type": "Polygon", "coordinates": [[[72.396431, 23.584366400000008], [72.3964932, 23.584371500000007], [72.396486, 23.584445699999996], [72.3964238, 23.5844407], [72.396431, 23.584366400000008]]]}}, {"type": "Feature", "properties": {"layer": "building", "distance_m": 468.9, "source": "Microsoft ML Buildings", "in_industrial_zone": false, "ghsl_2018": 1}, "geometry": {"type": "Polygon", "coordinates": [[[72.3964193, 23.5839944], [72.3964193, 23.583991900000004], [72.396548, 23.5839946], [72.3965447, 23.5841273], [72.3966332, 23.5841291], [72.3966317, 23.584191599999997], [72.3963368, 23.584185499999997], [72.3963359, 23.5842199], [72.3962903, 23.584219], [72.3962932, 23.584102400000003], [72.3962949, 23.5841024], [72.3962977, 23.583991899999994], [72.3964193, 23.5839944]]]}}, {"type": "Feature", "properties": {"layer": "building", "distance_m": 454.9, "source": "Microsoft ML Buildings", "in_industrial_zone": false, "ghsl_2018": 1}, "geometry": {"type": "Polygon", "coordinates": [[[72.3964177, 23.5843307], [72.3964158, 23.5842422], [72.3965177, 23.584240300000005], [72.3965196, 23.5843288], [72.3964177, 23.5843307]]]}}, {"type": "Feature", "properties": {"layer": "building", "distance_m": 455.3, "source": "Microsoft ML Buildings", "in_industrial_zone": false, "ghsl_2018": 1}, "geometry": {"type": "Polygon", "coordinates": [[[72.3963799, 23.584258499999994], [72.3963856, 23.58433790000001], [72.3963215, 23.584341699999996], [72.3963158, 23.584262300000002], [72.3963799, 23.584258499999994]]]}}, {"type": "Feature", "properties": {"layer": "building", "distance_m": 441.9, "source": "Microsoft ML Buildings", "in_industrial_zone": false, "ghsl_2018": 1}, "geometry": {"type": "Polygon", "coordinates": [[[72.3964213, 23.584456], [72.3963248, 23.584456900000003], [72.3963238, 23.5843684], [72.3964203, 23.584367499999992], [72.3964213, 23.584456]]]}}, {"type": "Feature", "properties": {"layer": "building", "distance_m": 410.8, "source": "Microsoft ML Buildings", "in_industrial_zone": false, "ghsl_2018": 1}, "geometry": {"type": "Polygon", "coordinates": [[[72.3964442, 23.584736500000005], [72.3963496, 23.5847406], [72.3963451, 23.5846537], [72.3964397, 23.584649599999995], [72.3964442, 23.584736500000005]]]}}, {"type": "Feature", "properties": {"layer": "building", "distance_m": 420.8, "source": "Microsoft ML Buildings", "in_industrial_zone": false, "ghsl_2018": 1}, "geometry": {"type": "Polygon", "coordinates": [[[72.396433, 23.5846461], [72.3963328, 23.5846488], [72.3963287, 23.584519699999998], [72.3964289, 23.5845171], [72.396433, 23.5846461]]]}}, {"type": "Feature", "properties": {"layer": "building", "distance_m": 409.7, "source": "Microsoft ML Buildings", "in_industrial_zone": false, "ghsl_2018": 1}, "geometry": {"type": "Polygon", "coordinates": [[[72.3963353, 23.584759100000003], [72.3962191, 23.5847621], [72.39621650000001, 23.584677200000005], [72.3963328, 23.5846743], [72.3963353, 23.584759100000003]]]}}, {"type": "Feature", "properties": {"layer": "building", "distance_m": 441.5, "source": "Microsoft ML Buildings", "in_industrial_zone": false, "ghsl_2018": 1}, "geometry": {"type": "Polygon", "coordinates": [[[72.3961863, 23.584479399999996], [72.3961752, 23.584222799999992], [72.3962716, 23.5842193], [72.3962827, 23.584475899999994], [72.3961863, 23.584479399999996]]]}}, {"type": "Feature", "properties": {"layer": "building", "distance_m": 420.2, "source": "Microsoft ML Buildings", "in_industrial_zone": false, "ghsl_2018": 1}, "geometry": {"type": "Polygon", "coordinates": [[[72.3963188, 23.584665199999996], [72.3962126, 23.584675], [72.3961983, 23.584544899999994], [72.3963045, 23.584535100000004], [72.3963188, 23.584665199999996]]]}}, {"type": "Feature", "properties": {"layer": "building", "distance_m": 395.2, "source": "Microsoft ML Buildings", "in_industrial_zone": false, "ghsl_2018": 1}, "geometry": {"type": "Polygon", "coordinates": [[[72.3962252, 23.584776299999994], [72.3963431, 23.584773000000002], [72.396347, 23.584889799999996], [72.3962291, 23.5848931], [72.3962252, 23.584776299999994]]]}}, {"type": "Feature", "properties": {"layer": "building", "distance_m": 324.4, "source": "Microsoft ML Buildings", "in_industrial_zone": false, "ghsl_2018": 0}, "geometry": {"type": "Polygon", "coordinates": [[[72.3961961, 23.585531], [72.3960997, 23.585534300000003], [72.3960956, 23.5854337], [72.39619200000001, 23.5854304], [72.3961961, 23.585531]]]}}, {"type": "Feature", "properties": {"layer": "building", "distance_m": 453.7, "source": "Microsoft ML Buildings", "in_industrial_zone": false, "ghsl_2018": 1}, "geometry": {"type": "Polygon", "coordinates": [[[72.3958959, 23.5843124], [72.3960029, 23.584317700000003], [72.3960006, 23.584356899999992], [72.3958936, 23.584351599999998], [72.3958959, 23.5843124]]]}}, {"type": "Feature", "properties": {"layer": "building", "distance_m": 444.2, "source": "Microsoft ML Buildings", "in_industrial_zone": false, "ghsl_2018": 1}, "geometry": {"type": "Polygon", "coordinates": [[[72.395899, 23.5844376], [72.3959019, 23.584365299999998], [72.39599670000001, 23.584368600000005], [72.3959937, 23.584440899999997], [72.395899, 23.5844376]]]}}, {"type": "Feature", "properties": {"layer": "building", "distance_m": 436.4, "source": "Microsoft ML Buildings", "in_industrial_zone": false, "ghsl_2018": 1}, "geometry": {"type": "Polygon", "coordinates": [[[72.3959053, 23.584444899999998], [72.3959911, 23.584442399999997], [72.3959933, 23.5845062], [72.3959076, 23.5845088], [72.3959053, 23.584444899999998]]]}}, {"type": "Feature", "properties": {"layer": "building", "distance_m": 397.4, "source": "Microsoft ML Buildings", "in_industrial_zone": false, "ghsl_2018": 1}, "geometry": {"type": "Polygon", "coordinates": [[[72.3960113, 23.5845462], [72.3960316, 23.584858599999997], [72.3959381, 23.5848637], [72.3959178, 23.584551300000005], [72.3960113, 23.5845462]]]}}, {"type": "Feature", "properties": {"layer": "building", "distance_m": 459.0, "source": "Microsoft ML Buildings", "in_industrial_zone": false, "ghsl_2018": 1}, "geometry": {"type": "Polygon", "coordinates": [[[72.3959838, 23.584300499999998], [72.3958819, 23.58430319999999], [72.3958789, 23.5842088], [72.3959807, 23.58420599999999], [72.3959838, 23.584300499999998]]]}}, {"type": "Feature", "properties": {"layer": "building", "distance_m": 470.4, "source": "Google Open Buildings", "in_industrial_zone": false, "ghsl_2018": 1}, "geometry": {"type": "Polygon", "coordinates": [[[72.3960382, 23.5840818], [72.3960476, 23.5842019], [72.3959847, 23.584205999999995], [72.3959818, 23.584167899999997], [72.3958586, 23.584176000000003], [72.3958523, 23.584094], [72.3960382, 23.5840818]]]}}, {"type": "Feature", "properties": {"layer": "building", "distance_m": 439.4, "source": "Microsoft ML Buildings", "in_industrial_zone": false, "ghsl_2018": 1}, "geometry": {"type": "Polygon", "coordinates": [[[72.39612490000002, 23.5844847], [72.396026, 23.5844897], [72.3960091, 23.584212799999996], [72.3961081, 23.584207799999998], [72.39612490000002, 23.5844847]]]}}, {"type": "Feature", "properties": {"layer": "building", "distance_m": 395.5, "source": "Microsoft ML Buildings", "in_industrial_zone": false, "ghsl_2018": 1}, "geometry": {"type": "Polygon", "coordinates": [[[72.3962118, 23.584807800000007], [72.3962178, 23.5848786], [72.3960712, 23.584889100000005], [72.3960426, 23.584551899999997], [72.3961386, 23.584545000000002], [72.3961611, 23.584811399999996], [72.3962118, 23.584807800000007]]]}}, {"type": "Feature", "properties": {"layer": "building", "distance_m": 420.3, "source": "Microsoft ML Buildings", "in_industrial_zone": false, "ghsl_2018": 1}, "geometry": {"type": "Polygon", "coordinates": [[[72.3961946, 23.5846662], [72.3961587, 23.5846706], [72.3961518, 23.5846234], [72.3961878, 23.584619], [72.3961946, 23.5846662]]]}}, {"type": "Feature", "properties": {"layer": "building", "distance_m": 473.4, "source": "Google Open Buildings", "in_industrial_zone": false, "ghsl_2018": 1}, "geometry": {"type": "Polygon", "coordinates": [[[72.3960312, 23.5840903], [72.39625790000001, 23.584082799999997], [72.3962618, 23.584181699999995], [72.396108, 23.584186799999998], [72.3961073, 23.584167600000004], [72.3960344, 23.58417], [72.3960312, 23.5840903]]]}}, {"type": "Feature", "properties": {"layer": "building", "distance_m": 490.8, "source": "Microsoft ML Buildings", "in_industrial_zone": false, "ghsl_2018": 0}, "geometry": {"type": "Polygon", "coordinates": [[[72.3960857, 23.583956199999996], [72.3962393, 23.5839615], [72.3962364, 23.58403259999999], [72.3960828, 23.5840274], [72.3960857, 23.583956199999996]]]}}, {"type": "Feature", "properties": {"layer": "building", "distance_m": 453.2, "source": "Google Open Buildings", "in_industrial_zone": false, "ghsl_2018": 1}, "geometry": {"type": "Polygon", "coordinates": [[[72.3965953, 23.584234400000003], [72.3966909, 23.5842276], [72.3966995, 23.584330799999996], [72.3966039, 23.584337500000004], [72.3965953, 23.584234400000003]]]}}, {"type": "Feature", "properties": {"layer": "building", "distance_m": 441.8, "source": "Microsoft ML Buildings", "in_industrial_zone": false, "ghsl_2018": 1}, "geometry": {"type": "Polygon", "coordinates": [[[72.3965616, 23.584445100000003], [72.3965, 23.58444719999999], [72.3964957, 23.5843416], [72.3966002, 23.584338099999993], [72.3966039, 23.584429999999994], [72.396561, 23.5844314], [72.3965616, 23.584445100000003]]]}}, {"type": "Feature", "properties": {"layer": "building", "distance_m": 316.6, "source": "Microsoft ML Buildings", "in_industrial_zone": false, "ghsl_2018": 0}, "geometry": {"type": "Polygon", "coordinates": [[[72.3963986, 23.593337600000005], [72.3964761, 23.593341700000007], [72.3964824, 23.593241199999994], [72.39655890000002, 23.593245299999996], [72.3965561, 23.593289400000003], [72.3966187, 23.593292599999998], [72.3966153, 23.593346499999996], [72.3966527, 23.5933485], [72.3966478, 23.593426900000004], [72.3964847, 23.593418299999996], [72.3964864, 23.593391399999998], [72.3963955, 23.593386599999995], [72.3963986, 23.593337600000005]]]}}, {"type": "Feature", "properties": {"layer": "building", "distance_m": 455.5, "source": "Google Open Buildings", "in_industrial_zone": false, "ghsl_2018": 0}, "geometry": {"type": "Polygon", "coordinates": [[[72.3973676, 23.594503100000004], [72.3974362, 23.594511899999997], [72.3974252, 23.594584600000008], [72.3973567, 23.594575799999998], [72.3973676, 23.594503100000004]]]}}, {"type": "Feature", "properties": {"layer": "building", "distance_m": 457.9, "source": "Microsoft ML Buildings", "in_industrial_zone": false, "ghsl_2018": 1}, "geometry": {"type": "Polygon", "coordinates": [[[72.3975229, 23.594616900000002], [72.3974746, 23.594616199999997], [72.3974764, 23.594517900000003], [72.3975247, 23.594518599999997], [72.3975229, 23.594616900000002]]]}}, {"type": "Feature", "properties": {"layer": "building", "distance_m": 484.2, "source": "Microsoft ML Buildings", "in_industrial_zone": false, "ghsl_2018": 1}, "geometry": {"type": "Polygon", "coordinates": [[[72.3976618, 23.594781099999995], [72.3976644, 23.594739499999996], [72.3977108, 23.594741799999998], [72.3977083, 23.59478349999999], [72.3976618, 23.594781099999995]]]}}, {"type": "Feature", "properties": {"layer": "building", "distance_m": 486.0, "source": "Google Open Buildings", "in_industrial_zone": false, "ghsl_2018": 1}, "geometry": {"type": "Polygon", "coordinates": [[[72.3977729, 23.5947427], [72.3978512, 23.594745], [72.39784930000002, 23.594799900000005], [72.397771, 23.5947976], [72.3977729, 23.5947427]]]}}, {"type": "Feature", "properties": {"layer": "building", "distance_m": 470.1, "source": "Google Open Buildings", "in_industrial_zone": false, "ghsl_2018": 1}, "geometry": {"type": "Polygon", "coordinates": [[[72.3975437, 23.594623199999997], [72.397596, 23.594628100000005], [72.3975856, 23.5947221], [72.39753340000001, 23.5947172], [72.3975437, 23.594623199999997]]]}}, {"type": "Feature", "properties": {"layer": "building", "distance_m": 479.8, "source": "Google Open Buildings", "in_industrial_zone": false, "ghsl_2018": 1}, "geometry": {"type": "Polygon", "coordinates": [[[72.3975031, 23.594714400000004], [72.39753340000001, 23.5947172], [72.3975292, 23.594755099999993], [72.3974989, 23.594752200000006], [72.3975031, 23.594714400000004]]]}}, {"type": "Feature", "properties": {"layer": "building", "distance_m": 359.3, "source": "Google Open Buildings", "in_industrial_zone": false, "ghsl_2018": 1}, "geometry": {"type": "Polygon", "coordinates": [[[72.3964886, 23.5936324], [72.3966098, 23.593630400000002], [72.3966119, 23.59373469999999], [72.3964907, 23.59373669999999], [72.3964886, 23.5936324]]]}}, {"type": "Feature", "properties": {"layer": "building", "distance_m": 368.0, "source": "Microsoft ML Buildings", "in_industrial_zone": false, "ghsl_2018": 1}, "geometry": {"type": "Polygon", "coordinates": [[[72.3958885, 23.593693799999997], [72.3960143, 23.5936886], [72.3960166, 23.593735200000005], [72.3958908, 23.5937404], [72.3958885, 23.593693799999997]]]}}, {"type": "Feature", "properties": {"layer": "building", "distance_m": 332.6, "source": "Google Open Buildings", "in_industrial_zone": false, "ghsl_2018": 1}, "geometry": {"type": "Polygon", "coordinates": [[[72.3960676, 23.593373299999996], [72.396142, 23.5933763], [72.3961361, 23.593500200000005], [72.3960617, 23.593497200000005], [72.3960676, 23.593373299999996]]]}}, {"type": "Feature", "properties": {"layer": "building", "distance_m": 333.4, "source": "Google Open Buildings", "in_industrial_zone": false, "ghsl_2018": 1}, "geometry": {"type": "Polygon", "coordinates": [[[72.3959542, 23.5933729], [72.3960296, 23.593375999999996], [72.3960237, 23.5934968], [72.3959482, 23.5934936], [72.3959542, 23.5933729]]]}}, {"type": "Feature", "properties": {"layer": "building", "distance_m": 349.4, "source": "Google Open Buildings", "in_industrial_zone": false, "ghsl_2018": 1}, "geometry": {"type": "Polygon", "coordinates": [[[72.3959469, 23.5935156], [72.3960247, 23.593520699999992], [72.39601600000002, 23.593633599999997], [72.3959382, 23.5936285], [72.3959469, 23.5935156]]]}}, {"type": "Feature", "properties": {"layer": "building", "distance_m": 326.0, "source": "Google Open Buildings", "in_industrial_zone": false, "ghsl_2018": 0}, "geometry": {"type": "Polygon", "coordinates": [[[72.3957999, 23.593282000000002], [72.3957757, 23.5934582], [72.39559, 23.593436499999996], [72.3956142, 23.5932603], [72.3957999, 23.593282000000002]]]}}, {"type": "Feature", "properties": {"layer": "building", "distance_m": 254.3, "source": "Google Open Buildings", "in_industrial_zone": false, "ghsl_2018": 0}, "geometry": {"type": "Polygon", "coordinates": [[[72.395686, 23.592614399999995], [72.39571980000001, 23.592617099999995], [72.3957166, 23.5926519], [72.3956828, 23.592649199999997], [72.395686, 23.592614399999995]]]}}, {"type": "Feature", "properties": {"layer": "building", "distance_m": 248.8, "source": "Microsoft ML Buildings", "in_industrial_zone": false, "ghsl_2018": 0}, "geometry": {"type": "Polygon", "coordinates": [[[72.3956982, 23.592601599999995], [72.3957026, 23.592565099999998], [72.395737, 23.592568600000003], [72.3957326, 23.592605], [72.3956982, 23.592601599999995]]]}}, {"type": "Feature", "properties": {"layer": "building", "distance_m": 250.0, "source": "Google Open Buildings", "in_industrial_zone": false, "ghsl_2018": 0}, "geometry": {"type": "Polygon", "coordinates": [[[72.395745, 23.5925765], [72.3957785, 23.592578799999995], [72.3957758, 23.592613199999988], [72.3957423, 23.592610999999998], [72.395745, 23.5925765]]]}}, {"type": "Feature", "properties": {"layer": "building", "distance_m": 243.4, "source": "Google Open Buildings", "in_industrial_zone": false, "ghsl_2018": 0}, "geometry": {"type": "Polygon", "coordinates": [[[72.3952441, 23.592506700000005], [72.3956473, 23.592567299999995], [72.3956406, 23.592605700000004], [72.3952374, 23.592545099999995], [72.3952441, 23.592506700000005]]]}}, {"type": "Feature", "properties": {"layer": "building", "distance_m": 320.0, "source": "Microsoft ML Buildings", "in_industrial_zone": false, "ghsl_2018": 0}, "geometry": {"type": "Polygon", "coordinates": [[[72.3953546, 23.5932019], [72.395351, 23.59328289999999], [72.3952305, 23.5932784], [72.3952324, 23.593235499999995], [72.39530470000001, 23.5932381], [72.3953064, 23.593200100000004], [72.3953546, 23.5932019]]]}}, {"type": "Feature", "properties": {"layer": "building", "distance_m": 292.9, "source": "Microsoft ML Buildings", "in_industrial_zone": false, "ghsl_2018": 1}, "geometry": {"type": "Polygon", "coordinates": [[[72.3953061, 23.592954599999995], [72.3953945, 23.592956400000002], [72.3953933, 23.593008], [72.3953048, 23.593006200000005], [72.3953061, 23.592954599999995]]]}}, {"type": "Feature", "properties": {"layer": "building", "distance_m": 306.6, "source": "Google Open Buildings", "in_industrial_zone": false, "ghsl_2018": 1}, "geometry": {"type": "Polygon", "coordinates": [[[72.3953405, 23.593078999999996], [72.3953424, 23.593135699999998], [72.3953087, 23.5931367], [72.3953067, 23.593080000000004], [72.3953405, 23.593078999999996]]]}}, {"type": "Feature", "properties": {"layer": "building", "distance_m": 354.4, "source": "Google Open Buildings", "in_industrial_zone": false, "ghsl_2018": 1}, "geometry": {"type": "Polygon", "coordinates": [[[72.395763, 23.593536200000003], [72.3957618, 23.593593999999996], [72.3957824, 23.593594399999994], [72.3957797, 23.593727500000004], [72.3956412, 23.5937252], [72.3956416, 23.593704100000007], [72.3955761, 23.593703], [72.3955782, 23.593596999999995], [72.395608, 23.593597499999998], [72.3956093, 23.5935336], [72.395763, 23.593536200000003]]]}}, {"type": "Feature", "properties": {"layer": "building", "distance_m": 496.0, "source": "Google Open Buildings", "in_industrial_zone": false, "ghsl_2018": 1}, "geometry": {"type": "Polygon", "coordinates": [[[72.3980309, 23.5947951], [72.39807310000002, 23.5947923], [72.3980748, 23.5948146], [72.39803260000001, 23.594817399999997], [72.3980309, 23.5947951]]]}}, {"type": "Feature", "properties": {"layer": "building", "distance_m": 143.0, "source": "Google Open Buildings", "in_industrial_zone": false, "ghsl_2018": 0}, "geometry": {"type": "Polygon", "coordinates": [[[72.3978361, 23.591546299999994], [72.3978719, 23.591559], [72.3978533, 23.591603500000005], [72.3978175, 23.59159079999999], [72.3978361, 23.591546299999994]]]}}, {"type": "Feature", "properties": {"layer": "building", "distance_m": 115.6, "source": "Microsoft ML Buildings", "in_industrial_zone": false, "ghsl_2018": 0}, "geometry": {"type": "Polygon", "coordinates": [[[72.3985605, 23.588992699999995], [72.3985625, 23.588922399999998], [72.3986228, 23.588923799999996], [72.3986208, 23.58899409999999], [72.3985605, 23.588992699999995]]]}}, {"type": "Feature", "properties": {"layer": "building", "distance_m": 102.2, "source": "Microsoft ML Buildings", "in_industrial_zone": false, "ghsl_2018": 0}, "geometry": {"type": "Polygon", "coordinates": [[[72.3985368, 23.588956699999997], [72.39843069999999, 23.588917499999997], [72.39845060000002, 23.588872199999997], [72.39855670000001, 23.588911400000004], [72.3985368, 23.588956699999997]]]}}, {"type": "Feature", "properties": {"layer": "building", "distance_m": 110.6, "source": "Microsoft ML Buildings", "in_industrial_zone": false, "ghsl_2018": 0}, "geometry": {"type": "Polygon", "coordinates": [[[72.39851450000002, 23.589098999999997], [72.3984678, 23.589085999999998], [72.39848870000002, 23.589022999999997], [72.39853530000002, 23.5890359], [72.39851450000002, 23.589098999999997]]]}}, {"type": "Feature", "properties": {"layer": "building", "distance_m": 88.5, "source": "Microsoft ML Buildings", "in_industrial_zone": false, "ghsl_2018": 0}, "geometry": {"type": "Polygon", "coordinates": [[[72.39836750000002, 23.5888336], [72.3983508, 23.588885599999998], [72.3983027, 23.588872500000008], [72.39831940000002, 23.5888205], [72.39836750000002, 23.5888336]]]}}, {"type": "Feature", "properties": {"layer": "building", "distance_m": 104.3, "source": "Microsoft ML Buildings", "in_industrial_zone": false, "ghsl_2018": 0}, "geometry": {"type": "Polygon", "coordinates": [[[72.39845550000001, 23.589079099999996], [72.3984106, 23.589064099999998], [72.3984369, 23.5889982], [72.3984818, 23.5890133], [72.39845550000001, 23.589079099999996]]]}}, {"type": "Feature", "properties": {"layer": "building", "distance_m": 423.4, "source": "Google Open Buildings", "in_industrial_zone": false, "ghsl_2018": 1}, "geometry": {"type": "Polygon", "coordinates": [[[72.3995658, 23.585118899999998], [72.39963450000002, 23.585131400000005], [72.39961450000001, 23.585224999999998], [72.3995457, 23.585212499999997], [72.3995658, 23.585118899999998]]]}}, {"type": "Feature", "properties": {"layer": "building", "distance_m": 245.6, "source": "Microsoft ML Buildings", "in_industrial_zone": false, "ghsl_2018": 1}, "geometry": {"type": "Polygon", "coordinates": [[[72.39990960000002, 23.588837399999996], [72.3999872, 23.588874900000004], [72.39994080000001, 23.588955800000004], [72.3999093, 23.588940500000003], [72.3998868, 23.5889797], [72.3998406, 23.5889574], [72.39990960000002, 23.588837399999996]]]}}, {"type": "Feature", "properties": {"layer": "building", "distance_m": 253.2, "source": "Google Open Buildings", "in_industrial_zone": false, "ghsl_2018": 1}, "geometry": {"type": "Polygon", "coordinates": [[[72.39992550000001, 23.588957], [72.3999953, 23.588981099999998], [72.3999823, 23.589013199999993], [72.3999125, 23.588989199999997], [72.39992550000001, 23.588957]]]}}, {"type": "Feature", "properties": {"layer": "building", "distance_m": 266.8, "source": "Google Open Buildings", "in_industrial_zone": false, "ghsl_2018": 1}, "geometry": {"type": "Polygon", "coordinates": [[[72.4000714, 23.588922699999998], [72.4001131, 23.588933399999995], [72.4000849, 23.589025999999993], [72.4000432, 23.589015199999995], [72.4000714, 23.588922699999998]]]}}, {"type": "Feature", "properties": {"layer": "building", "distance_m": 274.2, "source": "Microsoft ML Buildings", "in_industrial_zone": false, "ghsl_2018": 1}, "geometry": {"type": "Polygon", "coordinates": [[[72.40019089999998, 23.588854000000005], [72.4001638, 23.588891699999998], [72.4001282, 23.5888703], [72.4001553, 23.588832599999996], [72.40019089999998, 23.588854000000005]]]}}, {"type": "Feature", "properties": {"layer": "building", "distance_m": 269.5, "source": "Microsoft ML Buildings", "in_industrial_zone": false, "ghsl_2018": 1}, "geometry": {"type": "Polygon", "coordinates": [[[72.4002047, 23.588994199999995], [72.40018470000001, 23.58906399999999], [72.40024750000002, 23.589079099999996], [72.4002134, 23.5891979], [72.4000491, 23.589158300000005], [72.4000899, 23.589015699999997], [72.4001338, 23.589026300000004], [72.40014700000002, 23.5889803], [72.4002047, 23.588994199999995]]]}}, {"type": "Feature", "properties": {"layer": "building", "distance_m": 282.2, "source": "Microsoft ML Buildings", "in_industrial_zone": false, "ghsl_2018": 1}, "geometry": {"type": "Polygon", "coordinates": [[[72.40031000000002, 23.588865899999995], [72.4002086, 23.5888314], [72.40025680000001, 23.588712599999994], [72.40029920000002, 23.5887271], [72.400312, 23.5886955], [72.40037090000001, 23.588715499999985], [72.40031000000002, 23.588865899999995]]]}}, {"type": "Feature", "properties": {"layer": "building", "distance_m": 428.2, "source": "Google Open Buildings", "in_industrial_zone": false, "ghsl_2018": 1}, "geometry": {"type": "Polygon", "coordinates": [[[72.39993290000001, 23.585378599999988], [72.40000680000001, 23.585393800000002], [72.3999977, 23.585431000000003], [72.39992390000002, 23.5854158], [72.39993290000001, 23.585378599999988]]]}}, {"type": "Feature", "properties": {"layer": "building", "distance_m": 432.8, "source": "Google Open Buildings", "in_industrial_zone": false, "ghsl_2018": 1}, "geometry": {"type": "Polygon", "coordinates": [[[72.39981110000001, 23.58525], [72.3998415, 23.5852562], [72.39983490000002, 23.585284199999997], [72.3998045, 23.585278099999993], [72.39981110000001, 23.58525]]]}}, {"type": "Feature", "properties": {"layer": "building", "distance_m": 453.3, "source": "Microsoft ML Buildings", "in_industrial_zone": false, "ghsl_2018": 0}, "geometry": {"type": "Polygon", "coordinates": [[[72.40078219999998, 23.5857685], [72.40078150000001, 23.585807799999994], [72.40073320000002, 23.5858071], [72.40073390000002, 23.58576779999999], [72.40078219999998, 23.5857685]]]}}, {"type": "Feature", "properties": {"layer": "building", "distance_m": 439.2, "source": "Microsoft ML Buildings", "in_industrial_zone": false, "ghsl_2018": 0}, "geometry": {"type": "Polygon", "coordinates": [[[72.40070020000002, 23.585968299999994], [72.40070500000002, 23.585919499999996], [72.4007715, 23.585924999999992], [72.40076670000002, 23.5859738], [72.40070020000002, 23.585968299999994]]]}}, {"type": "Feature", "properties": {"layer": "airport", "name": "Mehsana Airport", "icao": "", "distance_m": 2234.1}, "geometry": {"type": "Polygon", "coordinates": [[[72.36822930000001, 23.5973442], [72.3695473, 23.5959051], [72.38011909999999, 23.605181499999997], [72.37854880000002, 23.606491999999996], [72.36822930000001, 23.5973442]]]}}, {"type": "Feature", "properties": {"layer": "airport_reference_point", "name": "Mehsana Airport", "icao": "", "distance_m": 2451.2}, "geometry": {"type": "Point", "coordinates": [72.37399, 23.601180000000003]}}]}