{"type": "FeatureCollection", "features": [{"type": "Feature", "properties": {"site": "AHM-01", "name": "Ahmedabad LF-1 (Pirana)", "layer": "outline_2016", "area_ha": 38.48}, "geometry": {"type": "Polygon", "coordinates": [[[72.57048215211961, 22.983780215745643], [72.570180563328, 22.983772198176553], [72.57003483949163, 22.983742327492596], [72.56994783219642, 22.983733637055693], [72.5696979983833, 22.983823499816253], [72.569402782491, 22.983897903128625], [72.56891709851845, 22.984122373903247], [72.56841118519343, 22.984150109857605], [72.56823905578182, 22.983794633516613], [72.56743621259704, 22.98403323564791], [72.56704834658284, 22.984196259047113], [72.56601350860535, 22.984619259107955], [72.5652778932759, 22.983082109834466], [72.56577195477556, 22.982875868622184], [72.56567073456108, 22.982698815778896], [72.56574286380976, 22.982664515960153], [72.56607428526794, 22.982515751405483], [72.5661555410043, 22.982241275016598], [72.56601599116011, 22.98196186176261], [72.56552963120552, 22.98218470769736], [72.5649676347193, 22.982431722323017], [72.56479939126307, 22.982120706480966], [72.56456989835803, 22.981576254132115], [72.56416104004823, 22.980708103992264], [72.56372206950422, 22.979771317984486], [72.56359309322801, 22.97956813510804], [72.56345440956152, 22.979270992132864], [72.56324752334496, 22.978779329204404], [72.56282992506117, 22.97792276390263], [72.56213681087893, 22.976513336271474], [72.56185974813086, 22.975912013254185], [72.56200616088854, 22.975850996621578], [72.56250109332302, 22.975646884914855], [72.56291391563086, 22.975482723019194], [72.56335078493258, 22.975447946307316], [72.56368433677466, 22.975673884868108], [72.56408529243004, 22.97600347449389], [72.56428351511954, 22.97707586011975], [72.56455762653731, 22.977968307773434], [72.564380585446, 22.97840109177331], [72.56437589505988, 22.979020616419092], [72.56530475780197, 22.979055286663936], [72.56553143826679, 22.979027115781246], [72.5664281654533, 22.979066319863623], [72.5671676087132, 22.97909776852607], [72.56749409494476, 22.97903686112136], [72.56747183425149, 22.978745571008837], [72.56746502922547, 22.978701571666914], [72.56747743294942, 22.978645253921762], [72.56754075241177, 22.978619220227415], [72.56765490622314, 22.97861026981722], [72.56774139524528, 22.978558689530715], [72.56789838569908, 22.978463019840206], [72.56815033590357, 22.97835490092454], [72.56840747055631, 22.97834411312247], [72.56857910851103, 22.97839805163301], [72.56881063635782, 22.97845614616754], [72.56897210063549, 22.9785160914982], [72.56907994591766, 22.978655255199712], [72.56912443836492, 22.97885714049571], [72.56912316623371, 22.979123765761837], [72.56907177322196, 22.979445304208983], [72.56895363135357, 22.980027490957415], [72.56869910369412, 22.980763070730024], [72.56947778628941, 22.98097105699825], [72.57005731342922, 22.981247825960423], [72.57024274410138, 22.98140836776061], [72.5706533136529, 22.981675777907007], [72.570974657696, 22.981860756913132], [72.57113122865097, 22.98210871934092], [72.57116343969169, 22.98230609354452], [72.5711127645044, 22.98293404826792], [72.57091307229472, 22.98309438251636], [72.57086560717245, 22.98345409516105], [72.57082438691788, 22.983678928289354], [72.57048215211961, 22.983780215745643]]]}}, {"type": "Feature", "properties": {"site": "AHM-01", "name": "Ahmedabad LF-1 (Pirana)", "layer": "outline_2026", "area_ha": 29.93}, "geometry": {"type": "Polygon", "coordinates": [[[72.57239581185004, 22.985303568404305], [72.57242189023103, 22.98675765122275], [72.57232541287117, 22.98686570529755], [72.57225216053872, 22.987035506453843], [72.5721050878946, 22.98713864127476], [72.57191507056334, 22.98714247021953], [72.57191864217315, 22.986855354153217], [72.57165410073878, 22.986846391019448], [72.57165002567062, 22.9871440365192], [72.571272924125, 22.987140780301196], [72.57132130904004, 22.986919033933088], [72.57132279901535, 22.98672667668692], [72.57128621722337, 22.986585645518765], [72.57095344062158, 22.986515075882103], [72.5706490474016, 22.986549743369476], [72.57058473320858, 22.986278908494327], [72.57048186539934, 22.986085593132202], [72.57040394840567, 22.98574954213575], [72.57013638495587, 22.98470145030567], [72.57007028626056, 22.98431204462999], [72.56987765435169, 22.9837803746005], [72.5697403726855, 22.983686376435134], [72.56956891936852, 22.983626153998816], [72.56928242359852, 22.98364956476582], [72.5688441269321, 22.983808894953675], [72.5684908585277, 22.983932185895576], [72.56826861594747, 22.983945090355625], [72.56820218690841, 22.983813163600985], [72.56736436497603, 22.984160934814987], [72.56705310743888, 22.98420395962741], [72.56667991794542, 22.98420361613487], [72.56595691293752, 22.983642502502473], [72.56554389437852, 22.983025154020567], [72.5650665544948, 22.982219689727025], [72.56548156263362, 22.98204541747322], [72.5661953936675, 22.98168991207679], [72.5664702021799, 22.98103267088392], [72.56656125883335, 22.98040556116074], [72.56668505839038, 22.97958363302172], [72.56661450678757, 22.979054547075894], [72.56747054320748, 22.97906953503965], [72.56756792559364, 22.97874257071201], [72.56802185342562, 22.97843035734785], [72.56834184084956, 22.978449686931228], [72.56875772743898, 22.97861480236971], [72.56903466873696, 22.979035624315788], [72.5691265333663, 22.979448585027487], [72.56892871957261, 22.98000020574002], [72.56869079103996, 22.980763259919133], [72.56880050782755, 22.980933718880905], [72.56977883314549, 22.98120284014962], [72.57053308178486, 22.98166493853694], [72.5714535727733, 22.982145946052093], [72.57144339234321, 22.9823454410127], [72.57128300856685, 22.982407082027276], [72.57131022505006, 22.982676205387477], [72.571397496504, 22.982807878268165], [72.57164530077279, 22.98286736439264], [72.57202006111406, 22.98304791239659], [72.57189170208771, 22.98389345978603], [72.57182047448786, 22.984068831204468], [72.57168610412427, 22.98496507490384], [72.57172256461483, 22.98503002228816], [72.57193160642547, 22.985097683987497], [72.57239581185004, 22.985303568404305]]]}}, {"type": "Feature", "properties": {"site": "AHM-01", "name": "Ahmedabad LF-1 (Pirana)", "layer": "union_2016_2026", "area_ha": 47.41}, "geometry": {"type": "Polygon", "coordinates": [[[72.57179219115952, 22.984689941060026], [72.5718547785197, 22.98438408102298], [72.57191780434376, 22.984120893570186], [72.57196357932264, 22.983858698020477], [72.57193939643689, 22.98371743940729], [72.57194892486575, 22.983558521710165], [72.57194531716668, 22.983540279579362], [72.57202006111406, 22.98304791239659], [72.57164530077279, 22.98286736439264], [72.57150226892921, 22.982833029241473], [72.5714848013229, 22.98282451186229], [72.57138018790594, 22.98273461253175], [72.57135319352899, 22.98269521416053], [72.57151878896407, 22.982180638162024], [72.57145288815738, 22.982052397400015], [72.57120646840879, 22.982004033255834], [72.57118812029793, 22.98197613562138], [72.57077216325338, 22.981695470636613], [72.57039236992962, 22.9814895098185], [72.57021679554013, 22.981385902100634], [72.57005731342922, 22.981247825960423], [72.56947778628941, 22.98097105699825], [72.56877143594166, 22.98078239087084], [72.56873000971315, 22.98074236027245], [72.56882992899743, 22.980384989471045], [72.56882992899743, 22.980384989471037], [72.56895363135357, 22.980027490957415], [72.56898409080387, 22.979877391621265], [72.5690653451478, 22.979625900421677], [72.56907961136808, 22.97957943153393], [72.5691265333663, 22.979448585027487], [72.56912369673259, 22.979435833487088], [72.56919248335804, 22.979211775958284], [72.56912329671479, 22.979096418859008], [72.56912443836492, 22.97885714049571], [72.56907994591766, 22.978655255199712], [72.56905328203457, 22.978620848119064], [72.5689924823883, 22.97841894713407], [72.56868893877498, 22.978382938508535], [72.56840747055631, 22.97834411312247], [72.56815033590357, 22.97835490092454], [72.56789838569908, 22.978463019840206], [72.56774139524528, 22.978558689530715], [72.56765490622314, 22.97861026981722], [72.56754075241177, 22.978619220227415], [72.56747743294942, 22.978645253921762], [72.56746502922547, 22.978701571666914], [72.56741244231557, 22.978722144889193], [72.5672193525386, 22.978770887533194], [72.56718598820298, 22.979002905169686], [72.56712488505266, 22.97902294347058], [72.5664784369258, 22.979055381743358], [72.56631119739501, 22.97904767081728], [72.5654881161297, 22.97891643858857], [72.56530475780197, 22.979055286663936], [72.56437589505988, 22.979020616419092], [72.564380585446, 22.97840109177331], [72.56455762653731, 22.977968307773434], [72.56428351511954, 22.97707586011975], [72.56408529243004, 22.97600347449389], [72.56368433677466, 22.975673884868108], [72.56335078493258, 22.975447946307316], [72.56291391563086, 22.975482723019194], [72.56250109332302, 22.975646884914855], [72.56200616088854, 22.975850996621578], [72.56185974813086, 22.975912013254185], [72.56213681087893, 22.976513336271474], [72.56282992506117, 22.97792276390263], [72.56324752334496, 22.978779329204404], [72.56345440956152, 22.979270992132864], [72.56359309322801, 22.97956813510804], [72.56372206950422, 22.979771317984486], [72.56416104004823, 22.980708103992264], [72.56456989835803, 22.981576254132115], [72.56479939126307, 22.982120706480966], [72.5649676347193, 22.982431722323017], [72.56514580193536, 22.98235341271411], [72.56551819945847, 22.982981796615434], [72.5652778932759, 22.983082109834466], [72.56601350860535, 22.984619259107955], [72.56620379339722, 22.98455044068354], [72.56622063583947, 22.984566040725074], [72.56717862863991, 22.984225565530476], [72.56733498128486, 22.984164996520413], [72.56736436497603, 22.984160934814987], [72.56762868942545, 22.98405121716829], [72.56820887975748, 22.98382645547812], [72.56826861594747, 22.983945090355625], [72.56831072619369, 22.98394264525897], [72.56841118519343, 22.984150109857605], [72.56891709851845, 22.984122373903247], [72.569402782491, 22.983897903128625], [72.5696979983833, 22.983823499816253], [72.56985707295466, 22.983766282321938], [72.56987765435169, 22.9837803746005], [72.57007028626056, 22.98431204462999], [72.57013638495587, 22.98470145030567], [72.57040394840567, 22.98574954213575], [72.57048186539934, 22.986085593132202], [72.57058473320858, 22.986278908494327], [72.5706490474016, 22.986549743369476], [72.57095344062158, 22.986515075882103], [72.57128621722337, 22.986585645518765], [72.57132279901535, 22.98672667668692], [72.57132130904004, 22.986919033933088], [72.571272924125, 22.987140780301196], [72.57165002567062, 22.9871440365192], [72.57165410073878, 22.986846391019448], [72.57191864217315, 22.986855354153217], [72.57191507056334, 22.98714247021953], [72.5721050878946, 22.98713864127476], [72.57225216053872, 22.987035506453843], [72.57232541287117, 22.98686570529755], [72.57242189023103, 22.98675765122275], [72.57239581185004, 22.985303568404305], [72.57193160642547, 22.985097683987497], [72.57172256461483, 22.98503002228816], [72.57168610412427, 22.98496507490384], [72.57169105659773, 22.984932042435222], [72.57179219115952, 22.984689941060026]]]}}, {"type": "Feature", "properties": {"site": "AHM-02", "name": "Ahmedabad LF-2", "layer": "outline_2016", "area_ha": 8.45}, "geometry": {"type": "MultiPolygon", "coordinates": [[[[72.55545818225426, 22.97031608381498], [72.55380741072283, 22.97094599984246], [72.55388285690213, 22.97113696886776], [72.55392707532286, 22.97124465994348], [72.55469888871825, 22.972916253772826], [72.55505051058338, 22.9729441105628], [72.55558298704355, 22.97279423057104], [72.55639926728769, 22.97248034735276], [72.55545818225426, 22.97031608381498]]], [[[72.55281770801828, 22.972502847172233], [72.55216208406621, 22.972777960359654], [72.552066906302, 22.972570168163195], [72.55275730541112, 22.97229093660523], [72.55288161759094, 22.972072671893017], [72.5526288714688, 22.971574178731547], [72.55296189480157, 22.971431316621146], [72.5528591201263, 22.97110175565195], [72.55141611199572, 22.971564084327905], [72.55056860345559, 22.971886033867847], [72.5510971941096, 22.973500018849883], [72.55238824113717, 22.973065941532163], [72.55281770801828, 22.972502847172233]]]]}}, {"type": "Feature", "properties": {"site": "AHM-02", "name": "Ahmedabad LF-2", "layer": "outline_2026", "area_ha": 8.18}, "geometry": {"type": "Polygon", "coordinates": [[[72.55230265633313, 22.972135178510698], [72.55207143516135, 22.97253643005467], [72.55234993189238, 22.97306495701221], [72.5510971941096, 22.973500018849883], [72.55056860345559, 22.971886033867847], [72.54996774447343, 22.97003648229722], [72.55066444448954, 22.969826484449992], [72.55213752392613, 22.969423177247293], [72.55266028239912, 22.97062256201898], [72.55255910858351, 22.97064105939756], [72.55240144086378, 22.970688861479264], [72.55217851506208, 22.970774929163085], [72.5518591650548, 22.970842755681627], [72.55194004353025, 22.97118873372548], [72.55227243077857, 22.971094013912328], [72.55237603561727, 22.971228384456612], [72.55287046486373, 22.971112610459823], [72.55320873125136, 22.971844371138847], [72.55230265633313, 22.972135178510698]]]}}, {"type": "Feature", "properties": {"site": "AHM-02", "name": "Ahmedabad LF-2", "layer": "union_2016_2026", "area_ha": 19.14}, "geometry": {"type": "MultiPolygon", "coordinates": [[[[72.55322930358409, 22.972154915625655], [72.55322923318198, 22.972153852888827], [72.55330812520275, 22.972124974418332], [72.55320873125136, 22.971844371138847], [72.55287046486373, 22.971112610459823], [72.55273652231801, 22.970931323105027], [72.55279825559684, 22.97073708423875], [72.55274102218146, 22.970562369984968], [72.55224360722053, 22.969479736992245], [72.55216783988092, 22.969492732855482], [72.55213752392613, 22.969423177247293], [72.55066444448954, 22.969826484449992], [72.54996774447343, 22.97003648229722], [72.55056860345559, 22.971886033867847], [72.5510971941096, 22.973500018849883], [72.55238824113717, 22.973065941532163], [72.5524021346738, 22.973047725157706], [72.55353289511365, 22.972674461814822], [72.55336805295286, 22.972341791916886], [72.55328507103314, 22.97237052361808], [72.55328057162522, 22.972358725902716], [72.55279494675774, 22.972532690697523], [72.55281770801828, 22.972502847172233], [72.55246443275595, 22.972651089174633], [72.55218466139969, 22.972751309628023], [72.55214060197065, 22.972667694185], [72.55211033530999, 22.97256342036445], [72.55322930358409, 22.972154915625655]]], [[[72.55403158037635, 22.96979015601796], [72.55384317655468, 22.969905154120294], [72.55346801957155, 22.97005505078814], [72.55349358459232, 22.970118537225314], [72.55348227341318, 22.970125441290435], [72.55388285690213, 22.97113696886776], [72.55345631291381, 22.971306801873336], [72.55346001515915, 22.971315254300112], [72.55332739175836, 22.971371172799643], [72.55425343951072, 22.973476349934636], [72.55425748850533, 22.97347468879911], [72.55426116913581, 22.97348301282522], [72.55646561829462, 22.97262032223053], [72.55644641810851, 22.972576639335536], [72.55645835972037, 22.972571739945124], [72.5562104534858, 22.972015767004926], [72.55606227156221, 22.971602850513598], [72.5551036296064, 22.96946325830492], [72.555081467503, 22.969471132021877], [72.5546838177012, 22.968566381850312], [72.55417201147132, 22.968719164423845], [72.55436836283518, 22.969323914184443], [72.55412903186517, 22.969512570184055], [72.55403158037635, 22.96979015601796]]]]}}, {"type": "Feature", "properties": {"site": "AHM-03", "name": "Ahmedabad LF-3", "layer": "outline_2016", "area_ha": 3.1}, "geometry": {"type": "Polygon", "coordinates": [[[72.54580556746261, 22.961077463077427], [72.54551258087207, 22.959752641353653], [72.54736913571607, 22.959379977016695], [72.547699128088, 22.960871004636903], [72.54580556746261, 22.961077463077427]]]}}, {"type": "Feature", "properties": {"site": "AHM-03", "name": "Ahmedabad LF-3", "layer": "outline_2026", "area_ha": 8.55}, "geometry": {"type": "Polygon", "coordinates": [[[72.54555424046379, 22.962129382871677], [72.54533635017391, 22.96101996959542], [72.54521149329388, 22.960510228333366], [72.54498140130524, 22.9594453544331], [72.54636392922346, 22.95919606269497], [72.54769496237827, 22.95899587692916], [72.54828947291566, 22.961618474029326], [72.54555424046379, 22.962129382871677]]]}}, {"type": "Feature", "properties": {"site": "AHM-03", "name": "Ahmedabad LF-3", "layer": "union_2016_2026", "area_ha": 8.55}, "geometry": {"type": "Polygon", "coordinates": [[[72.54636392922346, 22.95919606269497], [72.54498140130524, 22.9594453544331], [72.54521149329388, 22.960510228333366], [72.54533635017391, 22.96101996959542], [72.54555424046379, 22.962129382871677], [72.54828947291566, 22.961618474029326], [72.54769496237827, 22.95899587692916], [72.54636392922346, 22.95919606269497]]]}}, {"type": "Feature", "properties": {"site": "BHJ-01", "name": "Bhuj LF-1", "layer": "outline_2016", "area_ha": 4.99}, "geometry": {"type": "Polygon", "coordinates": [[[69.69751087724599, 23.26529451604105], [69.69748414568005, 23.26512847043588], [69.69746006103533, 23.265016724969517], [69.69739979682326, 23.264911100966582], [69.69723734474047, 23.26487131828397], [69.69713747811778, 23.264823990694275], [69.6970686392599, 23.2646858996678], [69.69701837723204, 23.264568621128873], [69.69689972582673, 23.264487765035952], [69.69682451942795, 23.264595546903042], [69.69671557662309, 23.264563427893272], [69.69665225989208, 23.26447619264124], [69.69656804306734, 23.264412817660716], [69.6964232076686, 23.26441448448163], [69.69630296084387, 23.264493545424322], [69.69617718722111, 23.264463285469272], [69.69608804553114, 23.26450254069174], [69.69600604684062, 23.264621251769658], [69.6959144820346, 23.264668634983547], [69.69580694239953, 23.264614992617204], [69.69580591525285, 23.264542816077896], [69.69576375879355, 23.264341070285514], [69.69591460480095, 23.264260708056476], [69.69604765465266, 23.264237700596087], [69.69614981371859, 23.26416897312995], [69.69625149042409, 23.264146138288968], [69.6964567906648, 23.264150869454685], [69.69658657264007, 23.26409160328806], [69.69663903780665, 23.264030791008885], [69.69676163193752, 23.26397500960578], [69.69684368068711, 23.263871342245316], [69.69693597395514, 23.263836325714525], [69.69718271697045, 23.26413492773408], [69.69719995798131, 23.264236612421538], [69.69736655605399, 23.264315123728515], [69.69748837145308, 23.26445348954739], [69.69749746801978, 23.26464340850888], [69.69762893381673, 23.26468931766597], [69.69760587446768, 23.26478501267484], [69.69750874490782, 23.264824486738718], [69.69746523146664, 23.26491523621859], [69.69751221907867, 23.26504177582611], [69.69763332581189, 23.26535467977876], [69.6974909854316, 23.265450557461584], [69.69769782143366, 23.265930148282084], [69.697947364292, 23.265953663372688], [69.69796263155449, 23.26624318701996], [69.6981809515822, 23.266278523586244], [69.69855965184207, 23.266037916212643], [69.69887946329835, 23.266181925385286], [69.69893473825995, 23.266464320434682], [69.69910802004456, 23.266521794151036], [69.6994024757589, 23.266258293599204], [69.6995698374488, 23.26625491445254], [69.69966535177042, 23.26606449253052], [69.69980191641439, 23.26604016292687], [69.69998492961402, 23.266304906256487], [69.70015997540267, 23.26626034630062], [69.7002694227742, 23.26634433664357], [69.70027583977038, 23.266607339384212], [69.70016747720179, 23.266779469065888], [69.70003579339014, 23.266913240355876], [69.70001725531029, 23.26717718546795], [69.69991808601223, 23.267137007484937], [69.69984024435183, 23.26698948093496], [69.69964450219553, 23.266982874622776], [69.69951095301334, 23.26698342610608], [69.6994902756346, 23.267071689620156], [69.69935472572351, 23.267134916537543], [69.69923571516195, 23.26703682321156], [69.69917643310596, 23.2669208867277], [69.69906430591236, 23.266882213620963], [69.69899726324138, 23.266913131886344], [69.69878375227498, 23.266883713490323], [69.6985985820993, 23.266820763600997], [69.69850443284514, 23.26667952486337], [69.69839163038483, 23.266675910691994], [69.69822354287165, 23.26666960031524], [69.69816252212627, 23.266547565124824], [69.69816677950692, 23.26647907262858], [69.69807523749888, 23.266419133007975], [69.69800668973814, 23.266499477221142], [69.69793640310186, 23.26655296427687], [69.69782560928432, 23.266470650695165], [69.69771081013576, 23.266444108884766], [69.69757843269176, 23.266424335262656], [69.6974493818333, 23.266384804707293], [69.69734215554956, 23.266320528490215], [69.69728641271838, 23.26634003110411], [69.69729900840878, 23.26653102429662], [69.69704203386424, 23.266728888272198], [69.69684726603197, 23.266887422862453], [69.69660938842487, 23.26690925069636], [69.6964373859307, 23.26683859082404], [69.69624387427679, 23.266652203569002], [69.69612774091893, 23.2658752431669], [69.69632626010561, 23.26579324150402], [69.69638365499897, 23.265588080949925], [69.69619737743133, 23.26548155020715], [69.69616691228464, 23.265383520857853], [69.6962996601661, 23.26535428394703], [69.69638178468455, 23.26531472622199], [69.69645607573733, 23.265245676255443], [69.69657246733355, 23.2652944468086], [69.69670891755193, 23.26526266072246], [69.69679384746716, 23.2653228490296], [69.69683233222324, 23.26543104052814], [69.69709128356263, 23.26535912356109], [69.6972078369925, 23.265232704200386], [69.6973380237909, 23.265249182123906], [69.69751087724599, 23.26529451604105]]]}}, {"type": "Feature", "properties": {"site": "BHJ-01", "name": "Bhuj LF-1", "layer": "outline_2026", "area_ha": 6.69}, "geometry": {"type": "Polygon", "coordinates": [[[69.69685842399738, 23.26671815700178], [69.69680138264202, 23.266614118409322], [69.69681416718, 23.266570314806355], [69.69678572308428, 23.26630966432764], [69.69665300565713, 23.266070142806388], [69.69675901831168, 23.266001024638523], [69.69673432217172, 23.26586853264005], [69.69670720204698, 23.26580679965454], [69.69641240567171, 23.26578744196369], [69.69624393228804, 23.26542667740809], [69.69708762361122, 23.265380857282082], [69.69682673900562, 23.26432182422667], [69.69692734383432, 23.264193876901356], [69.69716478696951, 23.264227258522368], [69.69738532944484, 23.26393124986285], [69.69761008259405, 23.263708369851702], [69.69771517447786, 23.263686318330656], [69.69780838055817, 23.263792766884215], [69.69781121263178, 23.26388264016028], [69.6977671670666, 23.26398626246012], [69.69780597692606, 23.264030955807605], [69.69760076149403, 23.26433255232355], [69.69746579688331, 23.264711812394747], [69.697544281686, 23.265354336644613], [69.69733759809199, 23.26560202870279], [69.69881399706668, 23.266065874956134], [69.69874775369871, 23.266164418314677], [69.69955333076659, 23.266690740569647], [69.69965798841677, 23.266556003514996], [69.69937117064224, 23.26576697692812], [69.69922816233664, 23.265705930933468], [69.69911050719206, 23.265651836247223], [69.69917615689533, 23.265568204031126], [69.69950115147114, 23.26553244291513], [69.70016116546029, 23.265750433344436], [69.70040311181126, 23.26590258127456], [69.70056867069792, 23.26625208815901], [69.70034862601308, 23.266781002625297], [69.69997589874816, 23.267465920957502], [69.6996725055664, 23.26747690527377], [69.69947252667545, 23.26739195385899], [69.69930674774814, 23.267505305184326], [69.69898710380139, 23.267277261480157], [69.69890938192485, 23.26714137546037], [69.69876851440068, 23.267185898105314], [69.69845988140108, 23.26703985974654], [69.69819300991826, 23.267028712865727], [69.6978138234409, 23.267155227241165], [69.6974128292909, 23.267120750133426], [69.69735570713158, 23.266776870197734], [69.69685842399738, 23.26671815700178]]]}}, {"type": "Feature", "properties": {"site": "BHJ-01", "name": "Bhuj LF-1", "layer": "union_2016_2026", "area_ha": 10.31}, "geometry": {"type": "Polygon", "coordinates": [[[69.69769370353828, 23.264412928818658], [69.69804845338619, 23.264342540980625], [69.69799057520788, 23.26419457513085], [69.69822499982092, 23.264117484987743], [69.6981964418488, 23.26401195707193], [69.69812233411095, 23.263935001721926], [69.69796287913111, 23.263778216664207], [69.69760529764248, 23.263552412252086], [69.69709921979972, 23.2639476847627], [69.69699465763233, 23.263869583845366], [69.69697467492867, 23.263883160729105], [69.69693597395514, 23.263836325714525], [69.69684368068711, 23.263871342245316], [69.69676163193752, 23.26397500960578], [69.69667039696154, 23.264016522333563], [69.69661853171849, 23.26401356307412], [69.69658792661096, 23.264010591176703], [69.6963587998579, 23.264112478375687], [69.69630038168617, 23.264147265017712], [69.69625149042409, 23.264146138288968], [69.69614981371859, 23.26416897312995], [69.69604765465266, 23.264237700596087], [69.69591460480095, 23.264260708056476], [69.69576375879355, 23.264341070285514], [69.69580591525285, 23.264542816077896], [69.69580694239953, 23.264614992617204], [69.6959144820346, 23.264668634983547], [69.69600604684062, 23.264621251769658], [69.69603856018679, 23.2645741816106], [69.69604965022994, 23.264590646771996], [69.69627392296175, 23.26464689828946], [69.69656367517051, 23.264582462132484], [69.69657832717229, 23.264598730313406], [69.69683873526758, 23.264772735245838], [69.69687892128165, 23.264952145406223], [69.6968959712506, 23.265015636050634], [69.69680562795283, 23.26535596730939], [69.69679384746716, 23.2653228490296], [69.69670891755193, 23.26526266072246], [69.69657246733355, 23.2652944468086], [69.69645607573733, 23.265245676255443], [69.69638178468455, 23.26531472622199], [69.6962996601661, 23.26535428394703], [69.69616691228464, 23.265383520857853], [69.69616778165117, 23.26538631826688], [69.69596105531254, 23.265314237925757], [69.69602498254636, 23.265443399884624], [69.69602329476248, 23.265443393632694], [69.69603821489116, 23.265472849830264], [69.6960355353627, 23.26547309980704], [69.6961437323926, 23.26586863763595], [69.69612774091893, 23.2658752431669], [69.69623265543481, 23.26657714690101], [69.69623259634136, 23.266577151037694], [69.69623293254405, 23.266807664593724], [69.69628327015171, 23.26687135013444], [69.69642675457301, 23.26701950488045], [69.69645456458618, 23.26701752627342], [69.6964650042671, 23.267061037536294], [69.696622959991, 23.267023410319958], [69.69661774990719, 23.267032516816055], [69.69742564627865, 23.26715229005991], [69.69758689918959, 23.2671357166296], [69.6978138234409, 23.267155227241165], [69.69819300991826, 23.267028712865727], [69.69845988140108, 23.26703985974654], [69.69846612769886, 23.267042815365983], [69.69847520536248, 23.267061086253964], [69.69881630663318, 23.267235611350753], [69.69897363083251, 23.267253705863663], [69.69898710380139, 23.267277261480157], [69.69930674774814, 23.267505305184326], [69.69947252667545, 23.26739195385899], [69.6996725055664, 23.26747690527377], [69.69997589874816, 23.267465920957502], [69.70017048610984, 23.26710835119528], [69.70037116265053, 23.267091022550836], [69.70039402176658, 23.266916136291737], [69.70045483926252, 23.266858589936977], [69.70061905220558, 23.26687622677205], [69.70066926278146, 23.266778777274986], [69.7006601597098, 23.26661572259066], [69.70048428087479, 23.266559642783758], [69.7004342462395, 23.26657520067512], [69.70056867069792, 23.26625208815901], [69.70040311181126, 23.26590258127456], [69.70019595999587, 23.26577231392354], [69.7001539767356, 23.26562699631778], [69.69999873660218, 23.265593555945692], [69.69973006662524, 23.26546302854432], [69.69954413530225, 23.265390690714657], [69.69944742905099, 23.265518335658037], [69.69945167286987, 23.26553788739048], [69.69917615689533, 23.265568204031126], [69.69911050719206, 23.265651836247223], [69.69922816233664, 23.265705930933468], [69.69937117064224, 23.26576697692812], [69.69939359387344, 23.26582866277236], [69.6993853730661, 23.26588682489659], [69.69925058457459, 23.26606201681618], [69.69880430188319, 23.266084896066104], [69.69880175404776, 23.26608408763573], [69.69881399706668, 23.266065874956134], [69.69824502976377, 23.265887122108243], [69.69805308840007, 23.26580766085981], [69.6978991154376, 23.265699056476425], [69.69794793008313, 23.265639498170213], [69.69806217254636, 23.26547349034957], [69.69782671204064, 23.265296946902353], [69.6978625543841, 23.26528389927916], [69.69783712368627, 23.26514828766478], [69.6977509873994, 23.264874945071806], [69.69774779739109, 23.264850234183104], [69.69774750912386, 23.26484415543287], [69.69774678946294, 23.26484242642882], [69.69774495165261, 23.26482819012437], [69.69771951215166, 23.264775062170735], [69.69767593226597, 23.26463676649353], [69.69769370353828, 23.264412928818658]]]}}, {"type": "Feature", "properties": {"site": "BHV-01", "name": "Bhavnagar LF-1", "layer": "outline_2016", "area_ha": 3.7}, "geometry": {"type": "Polygon", "coordinates": [[[72.09164635702763, 21.795948031470434], [72.0921432971183, 21.79589242190935], [72.09274455386281, 21.79591276706233], [72.0932508770634, 21.795897713612508], [72.093351143824, 21.796054199166907], [72.09333542903578, 21.796114744578574], [72.09318499304268, 21.79608592848122], [72.09299420366402, 21.79622079590075], [72.0929089888453, 21.79606008106212], [72.09238557387425, 21.796108344257053], [72.09230835086859, 21.796208586978917], [72.0922846169228, 21.79685419594711], [72.09291167840979, 21.796845578877527], [72.0929265301619, 21.797012063091486], [72.09280092070216, 21.79716260399756], [72.09278664422423, 21.79730195508207], [72.09264275379806, 21.79756334717992], [72.09251139650858, 21.797681165198266], [72.09232767210634, 21.797777613647312], [72.0922907161027, 21.79784280474624], [72.0921778359128, 21.797945340371342], [72.0920194320687, 21.798000003163345], [72.0918954447235, 21.798016234253968], [72.09173980392548, 21.797969983900554], [72.09164058528714, 21.797845045750446], [72.09153892545967, 21.79767843712543], [72.09144572932169, 21.797489035814415], [72.09142338447718, 21.797340369248538], [72.09130925754316, 21.797382073136216], [72.09117669256112, 21.797446752044273], [72.09107680067119, 21.797410630052877], [72.0909987255762, 21.79734198656128], [72.09083174163978, 21.797273767592426], [72.09073420667315, 21.797224215784347], [72.09060862692367, 21.79705237491529], [72.09067312006368, 21.796780710447138], [72.09080758614101, 21.79652548128817], [72.09082386919256, 21.79635483619234], [72.09094740279423, 21.796261089120982], [72.09093974024537, 21.796080367013225], [72.09113356088633, 21.79594593625393], [72.09164635702763, 21.795948031470434]]]}}, {"type": "Feature", "properties": {"site": "BHV-01", "name": "Bhavnagar LF-1", "layer": "outline_2026", "area_ha": 14.79}, "geometry": {"type": "Polygon", "coordinates": [[[72.09319158877688, 21.796782260700315], [72.09310188890122, 21.797307064286667], [72.09283306586148, 21.797279619341207], [72.09242564998337, 21.797535379118305], [72.09232000113167, 21.797929571649373], [72.09196053690027, 21.79800261137733], [72.09195853782818, 21.798200205634004], [72.09171032228285, 21.798216709124848], [72.09185178275543, 21.79850293936999], [72.09156422873218, 21.79855099182282], [72.09151975433981, 21.798065861850226], [72.09102185065994, 21.79813255546851], [72.09079349557656, 21.798119949278636], [72.09061644325277, 21.79825610515223], [72.09067598582094, 21.79850440545808], [72.09076047572836, 21.798710651597716], [72.0905308614376, 21.798699283808002], [72.0899922265159, 21.79849357342169], [72.08983682541697, 21.79872646940863], [72.08971704822008, 21.79861260264314], [72.09001750518836, 21.79823979252816], [72.08987626886737, 21.79819732896338], [72.08984448912058, 21.798074461196595], [72.08976477780585, 21.79812287914185], [72.08915375416346, 21.79808098675395], [72.08897105734749, 21.798117664189025], [72.08851828949672, 21.79906350003566], [72.09050768101775, 21.79985328414744], [72.08977085246387, 21.80149860540893], [72.08764188742033, 21.80065366821095], [72.0883768094118, 21.7990169283552], [72.08847551119528, 21.79903951574082], [72.08896125069248, 21.7980488803441], [72.08880144707143, 21.798114896824867], [72.08877803008697, 21.797981400282985], [72.08883789572879, 21.797544828408707], [72.08904221394371, 21.797273888360955], [72.08909721571986, 21.797236906135307], [72.08892099175293, 21.79701200341209], [72.0888505575792, 21.796696310708636], [72.08884136424655, 21.79655470317341], [72.0891011657, 21.79639534521472], [72.08931742389474, 21.7964055866899], [72.08932674165041, 21.79631568143916], [72.08918553908217, 21.796133676528004], [72.08927748567321, 21.79591919546245], [72.08942665800132, 21.79580952178948], [72.08957027587492, 21.79555676610521], [72.08978808025542, 21.795578987956766], [72.09012235209984, 21.795659609282225], [72.09057998876345, 21.795605896620785], [72.0908125837848, 21.79544738442445], [72.09102164000596, 21.7954506758529], [72.09117856592032, 21.795579131940332], [72.09116805655609, 21.795783567271798], [72.0909918780775, 21.79577879701923], [72.09128194764547, 21.79590081060425], [72.09133563380777, 21.79624600439421], [72.09239538666498, 21.79615193145593], [72.09237259840474, 21.796401718915142], [72.09250855778663, 21.796475298947975], [72.09259378792467, 21.79668241375687], [72.09259747798697, 21.796814641282495], [72.09319158877688, 21.796782260700315]]]}}, {"type": "Feature", "properties": {"site": "BHV-01", "name": "Bhavnagar LF-1", "layer": "union_2016_2026", "area_ha": 27.97}, "geometry": {"type": "Polygon", "coordinates": [[[72.09333542903578, 21.796114744578574], [72.093351143824, 21.796054199166907], [72.0932508770634, 21.795897713612508], [72.09302794121035, 21.795904341891156], [72.0930113357519, 21.795866163481527], [72.09248783136414, 21.795904080427995], [72.09224087448474, 21.795895723853054], [72.09208333096785, 21.795863266238744], [72.09179696957844, 21.79593117749551], [72.09164635702763, 21.795948031470434], [72.09128906463144, 21.795946571789877], [72.09128194764547, 21.79590081060425], [72.09118881602014, 21.795861636202506], [72.09123185488166, 21.795750294550643], [72.09117050193075, 21.79501282021625], [72.09096146733663, 21.794915851633313], [72.09080481028073, 21.795041894795432], [72.0906069823649, 21.79490926069302], [72.0905654832982, 21.79500421632729], [72.09048482883865, 21.79504501926527], [72.09041399161438, 21.79504006901195], [72.09034323050301, 21.79498052529989], [72.09019227998385, 21.795097135277356], [72.0901082580636, 21.795314098564518], [72.08994052330097, 21.795375136233048], [72.08978048482064, 21.79539912081824], [72.08954515307454, 21.795413046235094], [72.08951506613312, 21.795409610720146], [72.08932945216898, 21.795248088516544], [72.0893288914826, 21.795248025714322], [72.08931750021964, 21.79522256320283], [72.08938143145885, 21.79505398984243], [72.08927559042486, 21.795000018624293], [72.08915762561652, 21.795041246979167], [72.08916972934547, 21.795230197957356], [72.08916271839907, 21.795229412657395], [72.08917279680506, 21.79568294126716], [72.08917171222846, 21.795716743393445], [72.08916756733728, 21.79573389167174], [72.08909677063338, 21.795964545614297], [72.08880289651364, 21.79606038389583], [72.08875990944621, 21.79630267232028], [72.08885579786258, 21.796872112469703], [72.0889098826309, 21.796962211332076], [72.08892099175293, 21.79701200341209], [72.08900128419259, 21.797114475319553], [72.0890812297974, 21.79724765479215], [72.08904221394371, 21.797273888360955], [72.08883789572879, 21.797544828408707], [72.08883537830546, 21.797563186868427], [72.08881399760637, 21.79758054637195], [72.08874453682694, 21.79790579509997], [72.08873823004723, 21.797945372055192], [72.08859155060104, 21.798220237465603], [72.08860579554225, 21.798450990809133], [72.0884535354012, 21.79862587150686], [72.08836151284332, 21.798962502102395], [72.08808203008623, 21.799579347858042], [72.08806383924079, 21.799601050539575], [72.0880687360481, 21.799608688932828], [72.08757704069724, 21.800693891844492], [72.0898143800121, 21.80157109962841], [72.09011978783766, 21.8008027636977], [72.09091805593546, 21.801171933990116], [72.09161852536037, 21.80089239941885], [72.09206048197817, 21.800595595599024], [72.09224954569363, 21.800599178189536], [72.09237313433783, 21.80042989883508], [72.09231027245687, 21.80014743225067], [72.09156221212993, 21.799953948621997], [72.09161526115007, 21.79965062692132], [72.09172559257927, 21.799361265780718], [72.09172621069656, 21.799147059570426], [72.09177016295553, 21.79879170784373], [72.09272670155748, 21.798672404899172], [72.09266717355891, 21.799030706490345], [72.0928873098312, 21.799113489921822], [72.09331946501177, 21.798172186697343], [72.09334314656572, 21.798178479405877], [72.09337554476032, 21.798074064310867], [72.09336611776327, 21.798070568598924], [72.09360635998155, 21.79754727488969], [72.09363027946621, 21.79755691756079], [72.09367509134378, 21.797456681669768], [72.09371191021908, 21.79746576052463], [72.09408713860499, 21.796642191731113], [72.09408471099621, 21.796529759214863], [72.09404517412578, 21.79644669984938], [72.09373403551999, 21.79611012246743], [72.0935002771131, 21.796245879242417], [72.0934620029109, 21.79637338318786], [72.09347134026852, 21.79639114118608], [72.09336822094392, 21.796386113686143], [72.09329785971933, 21.79646763879679], [72.09323505958237, 21.79636309471332], [72.09324196662706, 21.79617140669804], [72.09313367167027, 21.79616865324082], [72.0930447293677, 21.79639755103774], [72.0929585442261, 21.796436898474532], [72.09285833942575, 21.79647349272237], [72.09276060040615, 21.79641314078558], [72.0927599075763, 21.79639823228637], [72.09278063546452, 21.79639674392087], [72.09278066191911, 21.79639529810447], [72.09299981869722, 21.796374355389187], [72.0930236161106, 21.79620536334879], [72.09302039061627, 21.79620228459275], [72.09318499304268, 21.79608592848122], [72.09333542903578, 21.796114744578574]], [[72.08854702919322, 21.798860666720152], [72.0885626744347, 21.798831783631552], [72.08855575652147, 21.79886774226846], [72.08854702919322, 21.798860666720152]], [[72.09294749673363, 21.796132706843327], [72.09294407014697, 21.79612943613879], [72.0928392435168, 21.796103662704688], [72.09293153370841, 21.796102600626376], [72.09294749673363, 21.796132706843327]]]}}, {"type": "Feature", "properties": {"site": "GNR-01", "name": "Gandhinagar LF-1", "layer": "outline_2016", "area_ha": 1.11}, "geometry": {"type": "Polygon", "coordinates": [[[72.67958021680828, 23.24798737169435], [72.67985972376945, 23.247725787286292], [72.67997301931652, 23.247746499938167], [72.68030966236763, 23.247716511416055], [72.68066179904653, 23.24764035879521], [72.68080849144084, 23.247669077967128], [72.68083560780933, 23.24776032969423], [72.68087965664725, 23.247915633668892], [72.68084655971687, 23.24799060215194], [72.68094528161129, 23.248126270405113], [72.68111475366575, 23.248438993148454], [72.68108045642067, 23.24847543652572], [72.68090368561738, 23.248563157953775], [72.68075278227951, 23.2486230006736], [72.68062174301264, 23.24862241971515], [72.68047297985864, 23.24859940079017], [72.6802360911471, 23.248519209720452], [72.6801663405814, 23.24846066599803], [72.6801119850821, 23.2484228918558], [72.67998760608181, 23.248348744444627], [72.6798146128127, 23.248251993507516], [72.67966877120844, 23.248145990521607], [72.67958021680828, 23.24798737169435]]]}}, {"type": "Feature", "properties": {"site": "GNR-01", "name": "Gandhinagar LF-1", "layer": "outline_2026", "area_ha": 12.58}, "geometry": {"type": "Polygon", "coordinates": [[[72.68084042130415, 23.250210483103377], [72.68056793866786, 23.25034358812233], [72.6804397347521, 23.25076475008213], [72.6805196487952, 23.25093792337564], [72.68016041433758, 23.251429541563656], [72.68021849976432, 23.25163956854895], [72.6798889713325, 23.25261990508876], [72.67977337482547, 23.25247666186556], [72.68010117756624, 23.251468756851025], [72.67999543487275, 23.2514213638252], [72.6804622111845, 23.250525286164432], [72.6804295366437, 23.250401362798893], [72.67921215298989, 23.250396089224335], [72.6786098579103, 23.250450047247654], [72.67861913836379, 23.250815733689986], [72.67883850202116, 23.251331632692366], [72.67900497933589, 23.25173432591609], [72.67913370510426, 23.251954673028333], [72.67929287105237, 23.25215079391928], [72.67946992819716, 23.252288546343745], [72.67973289947778, 23.252467914575426], [72.67987380268784, 23.25262869692971], [72.67991546111313, 23.252925685324925], [72.6798147003578, 23.25362043307952], [72.67963520111616, 23.254364285477372], [72.67963399076282, 23.254477657812146], [72.67955963466201, 23.25447939293773], [72.6794493963257, 23.2547237439322], [72.67948283537952, 23.254792540327642], [72.67941657877229, 23.25503783388336], [72.67914961262886, 23.255002078677936], [72.67914580895149, 23.25527457482459], [72.67904525584488, 23.255641886923033], [72.6790299600084, 23.25595128488964], [72.6789469920908, 23.25614326929793], [72.67880818722956, 23.2564170998408], [72.67865448327053, 23.25644300435302], [72.67849105874608, 23.256165452455846], [72.6784202806339, 23.25587446911581], [72.6783181009117, 23.25553590408617], [72.67813986771854, 23.25540046617477], [72.67804268816022, 23.255218711212613], [72.67779387962825, 23.25482669839693], [72.67792852344799, 23.254605210642403], [72.67781607516622, 23.253930601904916], [72.6776772155246, 23.253840801894118], [72.67771022474652, 23.253604842667876], [72.67722477922382, 23.25322043759], [72.6772153821581, 23.252840491107452], [72.6781759966075, 23.252804175679845], [72.6782072102056, 23.25220249217062], [72.67758449139758, 23.252173968342547], [72.67754699801137, 23.252005085065594], [72.67769714310492, 23.251852001531354], [72.67777031715787, 23.251670989303257], [72.67761562628876, 23.251409878484342], [72.67765548311397, 23.251325664295763], [72.67778873982832, 23.25124067838837], [72.67779979172207, 23.25080287862736], [72.67804545944551, 23.250657652688034], [72.67842332715132, 23.25051050564798], [72.67847034452572, 23.250038987387153], [72.67849092501417, 23.2498167311461], [72.678663665928, 23.24979547078445], [72.6787566318063, 23.249658414238983], [72.67875703381243, 23.24956194973432], [72.67886215387864, 23.249379148301696], [72.67911300230342, 23.24926247716045], [72.67980805363393, 23.249342887387055], [72.67976453083675, 23.24956030484418], [72.68013886698661, 23.24965476233871], [72.68025742222115, 23.249360046105735], [72.68070448443964, 23.249311697376427], [72.68101549583301, 23.249472389759237], [72.68086538126163, 23.24971975438719], [72.68094940326591, 23.249948647415057], [72.68113634073437, 23.250061013244853], [72.6811633306437, 23.250157504454986], [72.68109534887107, 23.250283889111746], [72.68084042130415, 23.250210483103377]]]}}, {"type": "Feature", "properties": {"site": "GNR-01", "name": "Gandhinagar LF-1", "layer": "union_2016_2026", "area_ha": 17.01}, "geometry": {"type": "MultiPolygon", "coordinates": [[[[72.67958021680828, 23.24798737169435], [72.67966877120844, 23.248145990521607], [72.6798146128127, 23.248251993507516], [72.67998760608181, 23.248348744444627], [72.6801119850821, 23.2484228918558], [72.6801663405814, 23.24846066599803], [72.6802360911471, 23.248519209720452], [72.68031709512829, 23.248546631067928], [72.68060054052715, 23.248853322891637], [72.68071013556767, 23.248977835345265], [72.68090885639826, 23.248649890237868], [72.68110455200458, 23.24850382740174], [72.68109770327519, 23.248463369795104], [72.68112906158547, 23.248441429998973], [72.68107964336193, 23.24835668409981], [72.6809771885562, 23.24775144836366], [72.68081121820866, 23.24767825406333], [72.68080849144084, 23.247669077967128], [72.68080679489819, 23.247668745821912], [72.68079536094153, 23.247632402152608], [72.68060206916735, 23.24758601724866], [72.67985972376945, 23.247725787286292], [72.67958021680828, 23.24798737169435]]], [[[72.67804545944551, 23.250657652688034], [72.67779979172207, 23.25080287862736], [72.67778873982832, 23.25124067838837], [72.67765548311397, 23.251325664295763], [72.67761562628876, 23.251409878484342], [72.67777031715787, 23.251670989303257], [72.67769714310492, 23.251852001531354], [72.67754699801137, 23.252005085065594], [72.67758449139758, 23.252173968342547], [72.6782072102056, 23.25220249217062], [72.6781759966075, 23.252804175679845], [72.6772153821581, 23.252840491107452], [72.67722477922382, 23.25322043759], [72.67771022474652, 23.253604842667876], [72.6776772155246, 23.253840801894118], [72.67781607516622, 23.253930601904916], [72.67792852344799, 23.254605210642403], [72.67779387962825, 23.25482669839693], [72.67804268816022, 23.255218711212613], [72.67813986771854, 23.25540046617477], [72.6783181009117, 23.25553590408617], [72.6784202806339, 23.25587446911581], [72.67849105874608, 23.256165452455846], [72.67865448327053, 23.25644300435302], [72.67880818722956, 23.2564170998408], [72.6789469920908, 23.25614326929793], [72.6790299600084, 23.25595128488964], [72.67904525584488, 23.255641886923033], [72.67914580895149, 23.25527457482459], [72.67914961262886, 23.255002078677936], [72.67941657877229, 23.25503783388336], [72.67948283537952, 23.254792540327642], [72.6794493963257, 23.2547237439322], [72.67955963466201, 23.25447939293773], [72.67963399076282, 23.254477657812146], [72.67963520111616, 23.254364285477372], [72.6798147003578, 23.25362043307952], [72.67991546111313, 23.252925685324925], [72.67987380268784, 23.25262869692971], [72.67988332380213, 23.252612906871512], [72.6798889713325, 23.25261990508876], [72.67990140127884, 23.252582926711273], [72.68012111286065, 23.252218549918897], [72.68027214492518, 23.251774776434775], [72.68018944118268, 23.25139985326814], [72.6801976445132, 23.25137859168672], [72.6805196487952, 23.25093792337564], [72.68045686730231, 23.250801876261445], [72.68046899334632, 23.250783209663478], [72.68046622009037, 23.250677743510497], [72.68056793866786, 23.25034358812233], [72.68084042130415, 23.250210483103377], [72.68109534887107, 23.250283889111746], [72.6811633306437, 23.250157504454986], [72.68113634073437, 23.250061013244853], [72.68094940326591, 23.249948647415057], [72.68086538126163, 23.24971975438719], [72.68101549583301, 23.249472389759237], [72.68070713256242, 23.249313065604206], [72.68072494301555, 23.24906886602653], [72.68039797505432, 23.24898470432798], [72.68025742222115, 23.249360046105735], [72.68003439575007, 23.249376466186746], [72.67980805363393, 23.249342887387055], [72.67911300230342, 23.24926247716045], [72.67886215387864, 23.249379148301696], [72.67875703381243, 23.24956194973432], [72.6787566318063, 23.249658414238983], [72.678663665928, 23.24979547078445], [72.67849092501417, 23.2498167311461], [72.67847034452572, 23.250038987387153], [72.67844391036616, 23.250304085506723], [72.67842223248363, 23.250342179402285], [72.67842332715132, 23.25051050564798], [72.67804545944551, 23.250657652688034]]]]}}, {"type": "Feature", "properties": {"site": "JAM-01", "name": "Jamnagar LF-1", "layer": "outline_2016", "area_ha": 1.55}, "geometry": {"type": "Polygon", "coordinates": [[[70.10548315684349, 22.480566773622552], [70.10559499294841, 22.480475553280435], [70.10580895041122, 22.48045248282721], [70.1058506918673, 22.48016090018876], [70.10603643589445, 22.480025510275876], [70.10622162889554, 22.480026676417594], [70.10644455794143, 22.480156581825515], [70.10653457080103, 22.480207854905142], [70.10650039723787, 22.480374582116745], [70.10687547688477, 22.48045036942311], [70.1070572278974, 22.480609979044715], [70.10712661006538, 22.48068499342576], [70.10722693524112, 22.480701308979256], [70.10743078071825, 22.481284432003534], [70.10733253588548, 22.481318915745163], [70.10725135020942, 22.481492511126422], [70.10688809222916, 22.481384922626365], [70.10675096110748, 22.481402974219446], [70.10662106383566, 22.481328449475352], [70.10654162791185, 22.481214800529603], [70.10635026631661, 22.48112222319627], [70.10624956015315, 22.480996035079837], [70.10600072053276, 22.480775473803934], [70.10571254943977, 22.480693013419778], [70.1055795711942, 22.480648765164446], [70.10548315684349, 22.480566773622552]]]}}, {"type": "Feature", "properties": {"site": "JAM-01", "name": "Jamnagar LF-1", "layer": "outline_2026", "area_ha": 2.79}, "geometry": {"type": "Polygon", "coordinates": [[[70.10525946271562, 22.480630120237887], [70.10532539261635, 22.479587170007363], [70.10543202216219, 22.47945247107983], [70.10565661819679, 22.47942276217082], [70.10591997580704, 22.4795209778784], [70.10606010853773, 22.479685511222502], [70.10616356437049, 22.4797837413922], [70.10646170318796, 22.479843678252738], [70.10661383727603, 22.479866127331107], [70.10662216927777, 22.48007031513978], [70.10655223665863, 22.480053966668994], [70.10649085291644, 22.48035167284088], [70.1067937346142, 22.48040138418456], [70.10707086760561, 22.480370142244457], [70.10725199542367, 22.480496007064158], [70.10733341893352, 22.480645869885812], [70.10732621454818, 22.480883957134406], [70.10726725498462, 22.48134523563768], [70.10704514738956, 22.48138020968999], [70.10664299762533, 22.481327014120563], [70.10642174289048, 22.48126305789128], [70.10629809439679, 22.4811441002007], [70.10606282848389, 22.481006006884844], [70.10582628199741, 22.48089674948037], [70.10556595464134, 22.48083102092465], [70.10526522638438, 22.480732690555836], [70.10525946271562, 22.480630120237887]]]}}, {"type": "Feature", "properties": {"site": "JAM-01", "name": "Jamnagar LF-1", "layer": "union_2016_2026", "area_ha": 3.36}, "geometry": {"type": "Polygon", "coordinates": [[[70.10591997580704, 22.4795209778784], [70.10565661819679, 22.47942276217082], [70.10543202216219, 22.47945247107983], [70.10532539261635, 22.479587170007363], [70.10525946271562, 22.480630120237887], [70.10526522638438, 22.480732690555836], [70.10529577852263, 22.480742680345767], [70.10529586871712, 22.48077819659512], [70.10545888659499, 22.48083775489053], [70.10552706822709, 22.480833512121645], [70.10557204160368, 22.480876035289967], [70.10578748611717, 22.48091669647805], [70.10579874188376, 22.480921812583624], [70.1059398524159, 22.481001958737377], [70.10614262948651, 22.481104304591966], [70.10614497358722, 22.48113253083453], [70.106232200082, 22.481162723861313], [70.10631943527498, 22.481252582296037], [70.10639370521451, 22.481322714712284], [70.10652548972861, 22.481322451192177], [70.10665011905094, 22.4813451190663], [70.10675096110748, 22.481402974219446], [70.10688477667235, 22.481385359079326], [70.10701802709102, 22.4814457016915], [70.10706371794768, 22.481452969840138], [70.10706848437754, 22.48145893986413], [70.10708665391414, 22.481456618311526], [70.10718064250491, 22.48147156923494], [70.10725135020942, 22.481492511126422], [70.10725557005698, 22.481483488046333], [70.10743243443383, 22.481511621922518], [70.10741938551392, 22.481449095116215], [70.10747154014888, 22.481369435787897], [70.1074488829639, 22.481246499340735], [70.10734554996344, 22.480983925719585], [70.10732339197395, 22.48090604007206], [70.10732621454818, 22.480883957134406], [70.10733341893352, 22.480645869885812], [70.10725285862264, 22.480497595813638], [70.10724459538677, 22.48041036295428], [70.10727627961444, 22.480360317140708], [70.10720153851224, 22.480269972064807], [70.10713719772595, 22.48029187827913], [70.10712187104697, 22.480279849427408], [70.10699758867916, 22.480312879039847], [70.10689973732165, 22.480389434276688], [70.1067937346142, 22.48040138418456], [70.1065046294329, 22.480353933964672], [70.10650520541454, 22.480351123848624], [70.10656837188112, 22.480096849870268], [70.10656703879556, 22.48009332114602], [70.10670057311054, 22.48011535165459], [70.10675142871092, 22.480099711422767], [70.10675361483985, 22.480097961114158], [70.10684629486362, 22.480100623924255], [70.10695798016249, 22.48010408082832], [70.10696224212285, 22.480105627184912], [70.1069648995602, 22.48010429499625], [70.1071433512129, 22.48010981829628], [70.10732110511009, 22.4800001010205], [70.10734901745049, 22.47984884065565], [70.10736275219786, 22.47981677199358], [70.10735468249005, 22.479818141053467], [70.10736445819155, 22.47976516517696], [70.10651570962163, 22.47973599337133], [70.10643294461569, 22.47978934617581], [70.1061445154882, 22.479765654702547], [70.10606010853773, 22.479685511222502], [70.10591997580704, 22.4795209778784]]]}}, {"type": "Feature", "properties": {"site": "MEH-01", "name": "Mehsana LF-1", "layer": "outline_2016", "area_ha": 2.57}, "geometry": {"type": "Polygon", "coordinates": [[[72.39505855642858, 23.58835503347686], [72.39716797252564, 23.588473131909403], [72.39731858619798, 23.5885192141551], [72.39736758021517, 23.588608357670477], [72.3972836026247, 23.5893265903749], [72.39708079595685, 23.58933814774273], [72.39706328739179, 23.589468793169075], [72.39677624532153, 23.589520682175596], [72.39658554505448, 23.589502944137507], [72.39601161658695, 23.58945654426374], [72.39578127030791, 23.58943289484902], [72.39550573840987, 23.589370461851107], [72.39551715492959, 23.58930092398773], [72.39541007008901, 23.589288073891275], [72.3953223426433, 23.589279291604264], [72.39521076575512, 23.58926622776429], [72.39514818566803, 23.58921509757997], [72.3951126352114, 23.589110638241102], [72.39509563714182, 23.58901648740984], [72.39501825289851, 23.588852195632576], [72.39497984044745, 23.588712230106847], [72.3949382742278, 23.588619714035396], [72.39505855642858, 23.58835503347686]]]}}, {"type": "Feature", "properties": {"site": "MEH-01", "name": "Mehsana LF-1", "layer": "outline_2026", "area_ha": 2.78}, "geometry": {"type": "Polygon", "coordinates": [[[72.39502095523454, 23.58840342563288], [72.39683299014811, 23.588515704012146], [72.39689809644803, 23.588421759481406], [72.39724765131065, 23.588395604136196], [72.39737754460293, 23.588488049026054], [72.39744463070105, 23.588756128824496], [72.397184771313, 23.588987480035566], [72.39698228240452, 23.589010945075074], [72.396820279976, 23.5889261026382], [72.3963485802904, 23.588936312392743], [72.39648165775964, 23.58927054403992], [72.39618537540464, 23.589264086204302], [72.39613779143211, 23.590198790941344], [72.39732818234266, 23.59023598032244], [72.39731582677021, 23.590347471460177], [72.39711009853588, 23.59039748222526], [72.39632084978257, 23.59037762131757], [72.39613939708524, 23.590327156421665], [72.39490385532348, 23.590301217879727], [72.39494378269733, 23.589260394240405], [72.39509505073376, 23.58927719166372], [72.39505766782055, 23.589972057126182], [72.39594194082049, 23.58999083204107], [72.39600299530494, 23.58926568920057], [72.39500240035964, 23.58917386153597], [72.39495987372882, 23.588514360114388], [72.39502095523454, 23.58840342563288]]]}}, {"type": "Feature", "properties": {"site": "MEH-01", "name": "Mehsana LF-1", "layer": "union_2016_2026", "area_ha": 5.11}, "geometry": {"type": "Polygon", "coordinates": [[[72.39491482884853, 23.58837923220308], [72.39487551884159, 23.58837885936851], [72.39485549826198, 23.588519110518856], [72.39483592792814, 23.588565249631166], [72.39484798175157, 23.588571766191652], [72.3948464312478, 23.58858262798255], [72.39492915102173, 23.58862963770995], [72.39497197156902, 23.588727489902784], [72.3949737602527, 23.588729711959758], [72.39500240035964, 23.58917386153597], [72.39511561407458, 23.589184251832815], [72.39511719692514, 23.589196919295986], [72.39514310483806, 23.58920016838158], [72.39514818566803, 23.58921509757997], [72.39515504615295, 23.589220702846152], [72.39515017705652, 23.58924952410571], [72.39501914445512, 23.589247595776325], [72.39501920777646, 23.58926876976938], [72.39494378269733, 23.589260394240405], [72.39490385532348, 23.590301217879727], [72.39613939708524, 23.590327156421665], [72.39632084978257, 23.59037762131757], [72.39711009853588, 23.59039748222526], [72.39731582677021, 23.590347471460177], [72.39732818234266, 23.59023598032244], [72.39613779143211, 23.590198790941344], [72.3961405063598, 23.590145461613364], [72.39650488050842, 23.59015119603173], [72.39675160599757, 23.590185650522905], [72.39693611856171, 23.590157982828377], [72.39695898451888, 23.590187392924662], [72.39705438485366, 23.590193870898588], [72.39721190035031, 23.590164077751382], [72.39722610635714, 23.590077861860305], [72.39717637089794, 23.590072719773392], [72.39721404918208, 23.59002506648747], [72.39722082788366, 23.589933534279186], [72.39722978137785, 23.5899020261235], [72.39723009711707, 23.589814290679328], [72.39725196207709, 23.58970714286808], [72.39721632996732, 23.589583256946117], [72.39718643268898, 23.58952276266666], [72.39716696122545, 23.58945473759694], [72.39714441551017, 23.58937314340335], [72.39714182001867, 23.589352879973273], [72.39717027910484, 23.589333048389012], [72.3972836026247, 23.5893265903749], [72.3972846162528, 23.58931792121546], [72.39729049492327, 23.589318129172604], [72.39729420846133, 23.589283727717], [72.39732132944218, 23.589279836864748], [72.39734632318412, 23.589218138972246], [72.39734103535002, 23.58904077292257], [72.39733765980361, 23.588881201385075], [72.39734027264275, 23.588856996340933], [72.39733990332802, 23.58884936711928], [72.39744463070105, 23.588756128824496], [72.39737754460293, 23.588488049026054], [72.39724765131065, 23.588395604136196], [72.39689809644803, 23.588421759481406], [72.396877215623, 23.58845188929317], [72.3966348281767, 23.58843721885465], [72.3961991529123, 23.588412131769257], [72.39599369999979, 23.588389460837387], [72.3956472457857, 23.58838617696841], [72.39537634399223, 23.588372244415563], [72.39501644055319, 23.588345955046233], [72.394998150679, 23.588331781265936], [72.39498362173737, 23.58834355773377], [72.39493157310554, 23.588339755728715], [72.39491482884853, 23.58837923220308]], [[72.39505766782055, 23.589972057126182], [72.39506178533834, 23.58989552231143], [72.39511089717806, 23.58991298963315], [72.3951094059816, 23.58997315577132], [72.39505766782055, 23.589972057126182]]]}}, {"type": "Feature", "properties": {"site": "RAJ-01", "name": "Rajkot LF-1", "layer": "outline_2016", "area_ha": 7.31}, "geometry": {"type": "Polygon", "coordinates": [[[70.85820526378383, 22.376362260898226], [70.85824978727562, 22.376099665911845], [70.85796139488254, 22.375746888593856], [70.85780090355847, 22.375413831766544], [70.85729931144328, 22.37483225413162], [70.85706657999762, 22.37443867819001], [70.85733836228026, 22.37414845757535], [70.85764153381888, 22.373917781654402], [70.85791373980207, 22.37393544637358], [70.85843097244523, 22.373630109667697], [70.8590806943466, 22.3733298803944], [70.85959897346633, 22.373053189021583], [70.85984049773253, 22.37303512373011], [70.86008615708951, 22.373246122178216], [70.86019398771354, 22.37367907640657], [70.86049421221378, 22.374202491605367], [70.86133725099583, 22.375842627761884], [70.86122703106082, 22.376013931249975], [70.86112848891347, 22.376033629545045], [70.86096929535739, 22.37605544610179], [70.86086906575639, 22.375937570174404], [70.8606474230621, 22.37575128932979], [70.86049551485439, 22.375524332342472], [70.86040364827348, 22.375423310968618], [70.86039550694773, 22.375107758152353], [70.86034779328394, 22.37478532705618], [70.86036315463623, 22.37461196442623], [70.86028613473182, 22.37432648108804], [70.86011249210357, 22.374341294595933], [70.8599408429811, 22.374400172239206], [70.85950821059714, 22.374495107132475], [70.85919288713785, 22.374551317488134], [70.85923453652858, 22.37471395145796], [70.85915808585976, 22.37486331488251], [70.85908848303418, 22.37515237593723], [70.85927637100885, 22.375492848869463], [70.85919466387263, 22.375807113316593], [70.85888004580495, 22.376000660396013], [70.85863692192316, 22.3762837406707], [70.85875755835133, 22.376795957285996], [70.8585883278167, 22.3766456915531], [70.85828835790944, 22.376423182371028], [70.85820526378383, 22.376362260898226]]]}}, {"type": "Feature", "properties": {"site": "RAJ-01", "name": "Rajkot LF-1", "layer": "outline_2026", "area_ha": 28.14}, "geometry": {"type": "Polygon", "coordinates": [[[70.86261528195037, 22.373045836574587], [70.86279410450047, 22.37338037470008], [70.86111989778021, 22.374444826271485], [70.86105031314615, 22.374383830867774], [70.86079791893961, 22.374520889803343], [70.8608584204613, 22.37459823372607], [70.86070299738144, 22.374694894672754], [70.86143521436061, 22.37637687679932], [70.85944118684014, 22.377368994028604], [70.85936666820834, 22.377419198613726], [70.85904855943613, 22.377550411714285], [70.85890942191307, 22.37734471048752], [70.85876644356681, 22.37733575931857], [70.85861384794318, 22.37732974395606], [70.85845632926146, 22.37727634065689], [70.85842579035166, 22.377223332307704], [70.85832112895366, 22.377273590477092], [70.8582091442565, 22.3773858279128], [70.85813743974143, 22.377523377423206], [70.85802964861294, 22.37752507390457], [70.85822615608475, 22.37668296613003], [70.85812258467274, 22.376445070216644], [70.85780643851152, 22.37643835360655], [70.85719159007523, 22.376290446539667], [70.85672989295541, 22.376420106776376], [70.85673292910715, 22.37677474602336], [70.85682929812342, 22.37693753596453], [70.85684851002065, 22.377114175464587], [70.85669635810854, 22.37804963137184], [70.8560879647067, 22.377767616599638], [70.85581875916091, 22.377411562286305], [70.85549844608143, 22.377063383742684], [70.85533111644456, 22.37662829294834], [70.85580841660651, 22.376123237594054], [70.856532888531, 22.375413496063736], [70.8570977562557, 22.374841344900076], [70.85676896593829, 22.374387082091875], [70.85966868738336, 22.37187526259064], [70.86028827651477, 22.371317188238546], [70.86142820752126, 22.371702298651154], [70.86211291482809, 22.37137430425888], [70.86299536790476, 22.372821653890053], [70.86261528195037, 22.373045836574587]]]}}, {"type": "Feature", "properties": {"site": "RAJ-01", "name": "Rajkot LF-1", "layer": "union_2016_2026", "area_ha": 30.22}, "geometry": {"type": "Polygon", "coordinates": [[[70.86299536790476, 22.372821653890053], [70.86278776609494, 22.37245320221955], [70.86259791677149, 22.37207016077771], [70.8622117406806, 22.37125399751043], [70.86212962605194, 22.371367262449652], [70.86211335889429, 22.37137503259853], [70.86211291482809, 22.37137430425888], [70.86142820752126, 22.371702298651154], [70.86028827651477, 22.371317188238546], [70.85966868738336, 22.37187526259064], [70.8587874520374, 22.372638629918978], [70.8587677533572, 22.37262294977313], [70.85676896593829, 22.374387082091875], [70.85678054474285, 22.374403079636462], [70.8567590028205, 22.374421846403425], [70.85681755407882, 22.374454212566274], [70.8570977562557, 22.374841344900076], [70.856532888531, 22.375413496063736], [70.85580841660651, 22.376123237594054], [70.85533111644456, 22.37662829294834], [70.85549844608143, 22.377063383742684], [70.85581875916091, 22.377411562286305], [70.8560879647067, 22.377767616599638], [70.85669635810854, 22.37804963137184], [70.85684851002065, 22.377114175464587], [70.85682929812342, 22.37693753596453], [70.85676783805137, 22.376833715485567], [70.85673255983266, 22.376731611839535], [70.85673068960469, 22.376513158190832], [70.85673231085472, 22.376419427752367], [70.85718549205106, 22.376292159082702], [70.85720002163872, 22.376294042078047], [70.85721414554745, 22.376295872497224], [70.85780643851152, 22.37643835360655], [70.85810156916929, 22.37644462375583], [70.85815532528308, 22.376534364412397], [70.85817778073046, 22.37657185158667], [70.85819856877755, 22.37661960018287], [70.85812256156849, 22.377023838429686], [70.8580149149154, 22.377419350793215], [70.85802177442342, 22.37756179759286], [70.85808130254478, 22.377524260953077], [70.85813743974143, 22.377523377423206], [70.85816424309434, 22.377471961064938], [70.85846812654324, 22.3772803402763], [70.85861384794318, 22.37732974395606], [70.85861456534941, 22.37732977223676], [70.85862401839879, 22.377335013163144], [70.85867651424887, 22.37733221429693], [70.85871173154145, 22.37733360257167], [70.8587824778784, 22.3773747071864], [70.8588850617431, 22.377360742186582], [70.85897855842958, 22.3775470663558], [70.85904593480937, 22.377549517468346], [70.85904746516904, 22.377548793949778], [70.85904855943613, 22.377550411714285], [70.85936666820834, 22.377419198613726], [70.85944118684014, 22.377368994028604], [70.86143521436061, 22.37637687679932], [70.86141851725475, 22.376338522115734], [70.86221388125149, 22.37592527249368], [70.86153340674512, 22.374597691319636], [70.8616842486731, 22.37408693556917], [70.86179982914277, 22.374013638149453], [70.86179937976279, 22.37401281971731], [70.86279410450047, 22.37338037470008], [70.86261528195037, 22.373045836574587], [70.86299536790476, 22.372821653890053]]]}}, {"type": "Feature", "properties": {"site": "SUR-01", "name": "Surat LF-1 (Bhatar)", "layer": "outline_2016", "area_ha": 1.97}, "geometry": {"type": "Polygon", "coordinates": [[[72.81563948427804, 21.156529720643366], [72.81589806385647, 21.156217958803193], [72.8159885062516, 21.156068743501173], [72.81609671682233, 21.155995271770287], [72.81630355267299, 21.155882774434676], [72.81648484642238, 21.155793155660536], [72.81657347327855, 21.15577599038974], [72.81707249499429, 21.156045512725218], [72.81733813339868, 21.15612202225637], [72.81749436879863, 21.156085607697353], [72.81831734195158, 21.157090771141025], [72.8178314933812, 21.15709196519778], [72.81736597987786, 21.15690460065674], [72.8164987729251, 21.15671882037879], [72.81607146596208, 21.156643770005132], [72.81563948427804, 21.156529720643366]]]}}, {"type": "Feature", "properties": {"site": "SUR-01", "name": "Surat LF-1 (Bhatar)", "layer": "outline_2026", "area_ha": 0.41}, "geometry": {"type": "Polygon", "coordinates": [[[72.81604813994629, 21.15666444887529], [72.81530097840822, 21.15647462306591], [72.81566699520074, 21.156178035265143], [72.81576289358937, 21.155945350547594], [72.81581341580933, 21.155736314022246], [72.81595077590929, 21.15601777045555], [72.81612075182787, 21.1559071480922], [72.81608628364457, 21.156311689999676], [72.81606860766642, 21.156585080695773], [72.81604813994629, 21.15666444887529]]]}}, {"type": "Feature", "properties": {"site": "SUR-01", "name": "Surat LF-1 (Bhatar)", "layer": "union_2016_2026", "area_ha": 2.3}, "geometry": {"type": "Polygon", "coordinates": [[[72.81595077590929, 21.15601777045555], [72.81581341580933, 21.155736314022246], [72.81576289358937, 21.155945350547594], [72.81566699520074, 21.156178035265143], [72.81530097840822, 21.15647462306591], [72.81604813994629, 21.15666444887529], [72.81632851083589, 21.156724410176317], [72.81636044168225, 21.156694524593412], [72.8164987729251, 21.15671882037879], [72.81692230697801, 21.156867816446976], [72.8173455614142, 21.15696094468762], [72.81778638663879, 21.15712869596192], [72.81781363426823, 21.157161966921617], [72.81781794982996, 21.15714070693633], [72.81784319991519, 21.15715031553241], [72.817892573108, 21.157091815160573], [72.81831734195158, 21.157090771141025], [72.81749436879863, 21.156085607697353], [72.81733813339868, 21.15612202225637], [72.81707249499429, 21.156045512725218], [72.81657347327855, 21.15577599038974], [72.81648484642238, 21.155793155660536], [72.81630355267299, 21.155882774434676], [72.81611404653539, 21.155985846213625], [72.81612075182787, 21.1559071480922], [72.81595077590929, 21.15601777045555]]]}}, {"type": "Feature", "properties": {"site": "SUR-02", "name": "Surat LF-2 (Khajod)", "layer": "outline_2016", "area_ha": 68.72}, "geometry": {"type": "MultiPolygon", "coordinates": [[[[72.80168525286898, 21.09799736534834], [72.80156480863229, 21.09611679957053], [72.79838840529791, 21.095978564534956], [72.79596165712297, 21.095900845640983], [72.79549496211845, 21.096050639343428], [72.79567314618896, 21.098884649310616], [72.79619376765768, 21.101253059035077], [72.80191294935071, 21.101436488817427], [72.80168525286898, 21.09799736534834]]], [[[72.80593321415557, 21.098117746281286], [72.8063953384259, 21.097694895629168], [72.80659375634917, 21.096849952878603], [72.804206650638, 21.09614713467464], [72.80180006960768, 21.096100004966413], [72.80221699665194, 21.102194747702498], [72.8048118340295, 21.10190242382158], [72.8048977481611, 21.101354885496406], [72.80593069105547, 21.1013002466163], [72.80593321415557, 21.098117746281286]]], [[[72.80247421768263, 21.108208904411384], [72.80247506997017, 21.108568650840713], [72.80258417501483, 21.109428825415083], [72.80324410707667, 21.10938370490692], [72.80340733119893, 21.109298105915553], [72.80351372993886, 21.109213916942437], [72.80368950311401, 21.10919094531275], [72.80384881834276, 21.109163743210416], [72.80404938604781, 21.109197398473338], [72.80441360688165, 21.10921203697581], [72.80490413664256, 21.10916782956988], [72.804804383895, 21.1070208459713], [72.80249939930528, 21.107208080851798], [72.80250647148691, 21.107817571574433], [72.80247421768263, 21.108208904411384]]]]}}, {"type": "Feature", "properties": {"site": "SUR-02", "name": "Surat LF-2 (Khajod)", "layer": "outline_2026", "area_ha": 31.21}, "geometry": {"type": "MultiPolygon", "coordinates": [[[[72.80174659166039, 21.09615326268027], [72.80187627833573, 21.09831929448507], [72.80188378714115, 21.098441132950335], [72.80200396930657, 21.09844724975362], [72.80219988447354, 21.098273769052877], [72.8058983934684, 21.09818110117121], [72.80599018792907, 21.098357558071367], [72.80601151330771, 21.09858294587253], [72.80621584589093, 21.09856880009628], [72.8062880693547, 21.098353355427307], [72.80624033985515, 21.09806195963681], [72.80641327604205, 21.09789550264415], [72.80660984215928, 21.09781185787431], [72.80657991023763, 21.09760899870445], [72.80668378258257, 21.097553735901517], [72.806841772338, 21.097288472765722], [72.80679779931319, 21.09699951158518], [72.80660246336242, 21.09688471597878], [72.8063476742205, 21.09690174855171], [72.80614014183692, 21.096924402592055], [72.80588593828934, 21.09670128682098], [72.80525966254558, 21.096482374612993], [72.804156351502, 21.096204162121346], [72.80333204557506, 21.096131990440686], [72.80260669366767, 21.09611303974751], [72.80228253805176, 21.096107512669594], [72.80199149187298, 21.09612483778811], [72.80174659166039, 21.09615326268027]]], [[[72.80285451043811, 21.10898229284377], [72.80293258997669, 21.109161885155576], [72.80293704689149, 21.10927716403107], [72.80272259398714, 21.109337556679506], [72.80267880226664, 21.109787572764787], [72.80314984287851, 21.10978317678195], [72.80321363255207, 21.110122268108327], [72.80264763459613, 21.1101291130444], [72.80265547531171, 21.110662496831], [72.80317040076449, 21.110631992195273], [72.80318900512567, 21.11088342820833], [72.80324486995286, 21.110877042066875], [72.80324577286063, 21.11119218271491], [72.80379972692491, 21.111207387766985], [72.8037854863633, 21.11062860160995], [72.80527344831194, 21.110609262386717], [72.80530692248341, 21.11089044089801], [72.80530345163976, 21.111198303160176], [72.80251201212326, 21.11125344105942], [72.80253545910294, 21.11155183777953], [72.80257095483303, 21.11207864026914], [72.80279511240335, 21.11208593988119], [72.80286251328876, 21.111568813586715], [72.80335807011821, 21.111596651020566], [72.80335105821463, 21.111740351594786], [72.80333778390947, 21.11191515652023], [72.80332135934968, 21.11206567847551], [72.80330285100317, 21.11215207342079], [72.80279655096257, 21.11209331560367], [72.80257168428363, 21.112085228746047], [72.80257983918709, 21.11246706488266], [72.8029346538332, 21.112560823372924], [72.80323349878252, 21.112597088225925], [72.80350418715992, 21.11261618087198], [72.80387279472744, 21.1126404124591], [72.80423757187253, 21.11265809818503], [72.80460289502474, 21.112692541754082], [72.80489254464153, 21.112700789498607], [72.80510490181044, 21.112429540701843], [72.80529202876143, 21.112127078757013], [72.80551859285194, 21.11179137030609], [72.80566315835895, 21.11147720645991], [72.80553748115827, 21.111181233108752], [72.80581905947015, 21.110774779702524], [72.80596968957802, 21.110547196298796], [72.80614253828024, 21.110133597053007], [72.80645778373865, 21.10942978846737], [72.80623144010758, 21.108895818714018], [72.80740024964557, 21.106568653497717], [72.80736615543663, 21.106425303778437], [72.80726458252225, 21.106365611506213], [72.80672473754241, 21.106513853254025], [72.8045094809811, 21.107229156113288], [72.80408928366336, 21.107268438736938], [72.80387859271819, 21.106942551571404], [72.80367481944351, 21.106999971870298], [72.8028098135291, 21.10706227733067], [72.80285451043811, 21.10898229284377]]]]}}, {"type": "Feature", "properties": {"site": "SUR-02", "name": "Surat LF-2 (Khajod)", "layer": "union_2016_2026", "area_ha": 106.72}, "geometry": {"type": "MultiPolygon", "coordinates": [[[[72.80196048658745, 21.098445036662728], [72.80221699665194, 21.102194747702498], [72.80234553583797, 21.102180267971537], [72.80236672486346, 21.10223450795464], [72.80235676281076, 21.102606825891506], [72.80251301489479, 21.102608982353768], [72.80254274669954, 21.10268508985269], [72.80263138218004, 21.10326666679694], [72.80282799641955, 21.10394207015018], [72.80297467585378, 21.104097806882624], [72.80295629372989, 21.105089100276118], [72.80314455019122, 21.105096296357956], [72.80315047388011, 21.10537835602411], [72.80344037537346, 21.105449367830186], [72.8035073892344, 21.105110165249005], [72.80407104696836, 21.105131708543865], [72.8043930980122, 21.104968097962853], [72.8044331680838, 21.104857427849648], [72.80476009093273, 21.104418453807185], [72.80498097319109, 21.10557086583863], [72.80611057840008, 21.105443842389523], [72.80666799186099, 21.105370977331283], [72.80672418983384, 21.105742428118514], [72.80618386216159, 21.105809939994202], [72.80612929006064, 21.10597290484602], [72.80607676825785, 21.10592264877492], [72.80569197183021, 21.105528747275127], [72.80436804927373, 21.10571721707787], [72.80450043962126, 21.106378001953644], [72.80441013364144, 21.10638865725518], [72.80445741358409, 21.106859910155073], [72.80459109633442, 21.106830483889638], [72.80463204141323, 21.10703484653501], [72.80397288125887, 21.10708839298656], [72.80387859271819, 21.106942551571404], [72.80367481944351, 21.106999971870298], [72.8028098135291, 21.10706227733067], [72.80281261554522, 21.107182640048038], [72.80249939930528, 21.107208080851798], [72.80250647148691, 21.107817571574433], [72.80247421768263, 21.108208904411384], [72.80247506997017, 21.108568650840713], [72.80258417501483, 21.109428825415083], [72.80271458013115, 21.109419909636433], [72.80267880226664, 21.109787572764787], [72.80314984287851, 21.10978317678195], [72.80318645888022, 21.110083556465696], [72.80264046581662, 21.110102933992277], [72.802607920693, 21.110633879176547], [72.80265498688456, 21.110629270120135], [72.80265547531171, 21.110662496831], [72.80314201168386, 21.110633674030684], [72.80320527834851, 21.111219894033084], [72.80379972692491, 21.111207387766985], [72.8037923931487, 21.110909316924033], [72.80381961014548, 21.110921450569993], [72.80385975574374, 21.11106483519168], [72.80401686880877, 21.111211644305385], [72.80251201212326, 21.11125344105942], [72.80253545910294, 21.11155183777953], [72.80257095483303, 21.11207864026914], [72.80279511240335, 21.11208593988119], [72.80286251328876, 21.111568813586715], [72.8032958386251, 21.11159315530536], [72.80329471876786, 21.111768954128642], [72.80329230984607, 21.111957683903658], [72.80328171778109, 21.11207863594651], [72.80302427304295, 21.112110882707412], [72.80299257638781, 21.112116065194524], [72.80279655096257, 21.11209331560367], [72.80257168428363, 21.112085228746047], [72.80257983918709, 21.11246706488266], [72.8029346538332, 21.112560823372924], [72.80323349878252, 21.112597088225925], [72.80350418715992, 21.11261618087198], [72.80387279472744, 21.1126404124591], [72.80423757187253, 21.11265809818503], [72.80460289502474, 21.112692541754082], [72.80489254464153, 21.112700789498607], [72.80510490181044, 21.112429540701843], [72.80529202876143, 21.112127078757013], [72.80551859285194, 21.11179137030609], [72.80566315835895, 21.11147720645991], [72.80553748115827, 21.111181233108752], [72.80581905947015, 21.110774779702524], [72.80596968957802, 21.110547196298796], [72.80614253828024, 21.110133597053007], [72.80645778373865, 21.10942978846737], [72.80623375320738, 21.10890127559164], [72.80626335082603, 21.108855992099695], [72.80740853204342, 21.106676155191025], [72.80739792655588, 21.106573278988648], [72.80740024964557, 21.106568653497717], [72.80739530764014, 21.10654787476027], [72.80737144073296, 21.10631635875393], [72.80711298100334, 21.106391583264365], [72.80480849105854, 21.107109244593612], [72.804804383895, 21.1070208459713], [72.80470645337985, 21.107028801561807], [72.80467694218288, 21.1068392001408], [72.80486449376964, 21.106770303235844], [72.80513972892318, 21.106709717555134], [72.80603031097317, 21.106401439905824], [72.80814499985382, 21.105676677349884], [72.80769647178381, 21.10470636501334], [72.80730820535697, 21.103919061626765], [72.80706161650133, 21.103964179905997], [72.80725471085438, 21.103806361272714], [72.80681111462734, 21.10290653440391], [72.80617660494926, 21.10180748636598], [72.80589507246304, 21.101342933397977], [72.80589566296261, 21.10130209957798], [72.80593069105547, 21.1013002466163], [72.8059327219851, 21.098739221090316], [72.80593964508306, 21.09826039938574], [72.80599018792907, 21.098357558071367], [72.80601151330771, 21.09858294587253], [72.80621584589093, 21.09856880009628], [72.8062880693547, 21.098353355427307], [72.80624033985515, 21.09806195963681], [72.80641327604205, 21.09789550264415], [72.80660984215928, 21.09781185787431], [72.80657991023763, 21.09760899870445], [72.80668378258257, 21.097553735901517], [72.806841772338, 21.097288472765722], [72.80679779931319, 21.09699951158518], [72.80660246336242, 21.09688471597878], [72.80658532392387, 21.096885861757016], [72.80659375634917, 21.096849952878603], [72.80531622589893, 21.096473823743136], [72.80527463689263, 21.09642596261689], [72.80485640771165, 21.096338441818798], [72.804206650638, 21.09614713467464], [72.80302943160345, 21.096124084662986], [72.80260669366767, 21.09611303974751], [72.80228253805176, 21.096107512669594], [72.80225797229446, 21.096108975016083], [72.80180006960768, 21.096100004966413], [72.80180326284588, 21.09614668504491], [72.80174659166039, 21.09615326268027], [72.8018152697144, 21.097300327552027], [72.80181471084995, 21.09760048187074], [72.80183591650434, 21.09764517083233], [72.80187627833573, 21.09831929448507], [72.80188378714115, 21.098441132950335], [72.80196048658745, 21.098445036662728]], [[72.80565789474566, 21.104277119355125], [72.80564364699053, 21.104485866041426], [72.80580781304526, 21.10457811598663], [72.80583270042565, 21.1048052623504], [72.80506311612045, 21.104881285618706], [72.80495691789608, 21.104512737380738], [72.80477302578905, 21.104401085520845], [72.80481478804712, 21.104345009185632], [72.80583177654614, 21.104197620127294], [72.80565789474566, 21.104277119355125]], [[72.80587808308766, 21.10435116968068], [72.80587088694297, 21.104191951846513], [72.80631046427821, 21.104128243119696], [72.80611988303747, 21.104248648834854], [72.80587808308766, 21.10435116968068]]], [[[72.79549496211845, 21.096050639343428], [72.79567314618896, 21.098884649310616], [72.79619376765768, 21.101253059035077], [72.80191294935071, 21.101436488817427], [72.80168525286898, 21.09799736534834], [72.80156480863229, 21.09611679957053], [72.79838840529791, 21.095978564534956], [72.79596165712297, 21.095900845640983], [72.79549496211845, 21.096050639343428]]]]}}, {"type": "Feature", "properties": {"site": "VAD-01", "name": "Vadodara LF-1", "layer": "outline_2016", "area_ha": 3.02}, "geometry": {"type": "Polygon", "coordinates": [[[73.20786943072947, 22.234457002781888], [73.2076965585261, 22.23452360688323], [73.20737511696825, 22.23455155743058], [73.20716611314843, 22.23454131835306], [73.20699313886432, 22.23447834546286], [73.20665011364107, 22.23414791104394], [73.20628148254269, 22.23381586457673], [73.20622303728297, 22.233611866061104], [73.20618692938207, 22.23344070970448], [73.20608024204685, 22.233282592112324], [73.20606241866922, 22.233067361972417], [73.206070897405, 22.232765214911698], [73.20613075441902, 22.232562822894884], [73.2063360654721, 22.23232440318374], [73.20666521402917, 22.2323153227598], [73.2068873361494, 22.23244835475236], [73.20709573943783, 22.23256321878777], [73.20724509372661, 22.23288227717628], [73.20725412637157, 22.23341393454332], [73.20755248589036, 22.233642964831084], [73.20791425266042, 22.233793857029866], [73.20814225157012, 22.233955763559283], [73.20820816624015, 22.23415141876934], [73.20805488691062, 22.234287432808838], [73.2079399363406, 22.23440959162798], [73.20786943072947, 22.234457002781888]]]}}, {"type": "Feature", "properties": {"site": "VAD-01", "name": "Vadodara LF-1", "layer": "outline_2026", "area_ha": 12.88}, "geometry": {"type": "Polygon", "coordinates": [[[73.20861247882785, 22.23435570196256], [73.20851187324439, 22.234447969440044], [73.20833568895989, 22.234538569167217], [73.2080798598324, 22.234626576208985], [73.20777998717554, 22.23468379681933], [73.20742873822978, 22.23468075592503], [73.20713063472104, 22.234667620745647], [73.20686180279792, 22.23461335971034], [73.2066347119248, 22.23451273225292], [73.20643366436431, 22.234416501060895], [73.2062793145329, 22.234169384448787], [73.20610727452609, 22.23380977116527], [73.20605149577997, 22.233508405297485], [73.20610763358032, 22.233250304359682], [73.20623102454822, 22.232976278570938], [73.20626272869318, 22.23269533925581], [73.2063551442228, 22.23247453520528], [73.20639558391878, 22.23234076583856], [73.20638462132781, 22.232118709720694], [73.20648496594328, 22.231434025300775], [73.20651620752889, 22.231396377243], [73.20670540002702, 22.231477164435255], [73.20672539075855, 22.231554750027893], [73.2068628701456, 22.231588604608046], [73.2068867083141, 22.23150844844971], [73.20690964362068, 22.231389477680096], [73.20652710116487, 22.231163865329233], [73.206090530107, 22.23090921046832], [73.20600602411663, 22.23098875001693], [73.2059098983361, 22.231065075540723], [73.20580903484704, 22.231100873348762], [73.20563781424944, 22.231026490091004], [73.20534153713346, 22.230880831727262], [73.2050996706195, 22.23073711611196], [73.2049548897121, 22.230590246640542], [73.20492784592287, 22.230443564028626], [73.20499527452553, 22.23027957984247], [73.20494039558378, 22.23023486606756], [73.2049609689375, 22.230030945142367], [73.20504389296073, 22.229966729956487], [73.2051565631963, 22.22997405982874], [73.2054152866491, 22.229941909941747], [73.20541119437351, 22.229545402117513], [73.20537700492923, 22.229260052196953], [73.20518149290358, 22.229172670432227], [73.20499027213583, 22.229152622665627], [73.20485937543859, 22.229184614691956], [73.20465362049379, 22.22923872026961], [73.20451114352689, 22.229211623096596], [73.20441069141853, 22.22917995038061], [73.20434862313331, 22.229009880907284], [73.2043971635555, 22.22883239015216], [73.20451183183533, 22.22871738708178], [73.20471809443299, 22.22862037255295], [73.20489849038417, 22.228568697293447], [73.20507272162288, 22.22853577200401], [73.20531502812754, 22.228562826101374], [73.20557703711307, 22.22864118542075], [73.20577531744395, 22.22867416640275], [73.20587738004593, 22.22869408866838], [73.20592016040669, 22.228750931033204], [73.20603137501138, 22.22878553957232], [73.20615905780734, 22.228836567828917], [73.20641401513582, 22.22879424251882], [73.20659654617288, 22.228731090522196], [73.2067883349808, 22.228632860762115], [73.20688680787727, 22.228567759879592], [73.20698665656425, 22.22854521632657], [73.20710733671407, 22.228566343410936], [73.20722548095641, 22.22866552032583], [73.2072631692597, 22.228881877746865], [73.20731711538244, 22.22904039946876], [73.20751312973685, 22.229241713497764], [73.20768653304984, 22.229423780423414], [73.20783377668494, 22.22954643575028], [73.20792521396334, 22.2296733223655], [73.2079400650917, 22.2298142017791], [73.20787955105592, 22.2299174024262], [73.20773234196665, 22.230041341854093], [73.20767409431471, 22.230142350831883], [73.20768321757971, 22.230261571071903], [73.20760764325325, 22.23034528312887], [73.20745495663863, 22.230528736727617], [73.20748745219468, 22.2306852614698], [73.20745655906441, 22.230882004102945], [73.20741645336304, 22.23116912491344], [73.20743384054063, 22.231324405966276], [73.20751623701958, 22.23149704716704], [73.2075116320247, 22.231634055496535], [73.2074590630123, 22.23183482995527], [73.20748198444808, 22.232088485035597], [73.20744697837577, 22.23229052839125], [73.207351245966, 22.232368147145415], [73.20722968752648, 22.23242265544476], [73.20713238320936, 22.23250999413712], [73.20713433892354, 22.23265203905452], [73.20735725288492, 22.232931948215835], [73.20746803761648, 22.232963612233934], [73.20768645494084, 22.233058299427], [73.20785426830436, 22.23320347784019], [73.20800340259714, 22.23335324853588], [73.20817276555287, 22.233486836501587], [73.20834292011844, 22.23368167122122], [73.20842952570715, 22.23378732684006], [73.2085153118558, 22.23395503575795], [73.20857358867497, 22.234107404213894], [73.20860617017713, 22.234263758441614], [73.20861247882785, 22.23435570196256]]]}}, {"type": "Feature", "properties": {"site": "VAD-01", "name": "Vadodara LF-1", "layer": "union_2016_2026", "area_ha": 15.17}, "geometry": {"type": "Polygon", "coordinates": [[[73.20686180279792, 22.23461335971034], [73.20713063472104, 22.234667620745647], [73.20740968626346, 22.234679916464554], [73.2075021959315, 22.234689132195907], [73.20758856218615, 22.234682139675254], [73.20777998717554, 22.23468379681933], [73.2080798598324, 22.234626576208985], [73.20833568895989, 22.234538569167217], [73.20851187324439, 22.234447969440044], [73.20861247882785, 22.23435570196256], [73.20860617017713, 22.234263758441614], [73.20857358867497, 22.234107404213894], [73.20854975423828, 22.234045087599103], [73.20853180682363, 22.233970300548183], [73.20849670146666, 22.233918653133518], [73.20842952570715, 22.23378732684006], [73.20834292011844, 22.23368167122122], [73.20817276555287, 22.233486836501587], [73.20804947710435, 22.233389590642695], [73.208045451408, 22.233385229395303], [73.20804140193894, 22.233383221211096], [73.20800340259714, 22.23335324853588], [73.20799954622696, 22.233349375714827], [73.20808332534793, 22.233031843210032], [73.20800057391004, 22.232873886134755], [73.20804437870726, 22.23279300586778], [73.20813822970528, 22.232781403791243], [73.20813441610412, 22.232661122355886], [73.20799281056331, 22.23264567779583], [73.20791165266985, 22.23252135542806], [73.20782466288384, 22.23257037621726], [73.20759463570135, 22.232889597600938], [73.2075558991005, 22.232882508115093], [73.207463328438, 22.232805436656175], [73.20737396001616, 22.232844844031096], [73.20713363454355, 22.232600879375223], [73.20713335204667, 22.232580361418957], [73.20723282783428, 22.23247829762376], [73.20724706436518, 22.23241486346499], [73.207351245966, 22.232368147145415], [73.20744697837577, 22.23229052839125], [73.20748198444808, 22.232088485035597], [73.2074590630123, 22.23183482995527], [73.20748214411329, 22.23174667743105], [73.20753195386098, 22.231594786207726], [73.20751502743786, 22.231533034834683], [73.20751623701958, 22.23149704716704], [73.20743384054063, 22.231324405966276], [73.20741836640592, 22.231155429278637], [73.20745655906441, 22.230882004102945], [73.20748745219468, 22.2306852614698], [73.20745495663863, 22.230528736727617], [73.20760764325325, 22.23034528312887], [73.20768321757971, 22.230261571071903], [73.20767409431471, 22.230142350831883], [73.20773234196665, 22.230041341854093], [73.20787955105592, 22.2299174024262], [73.2079400650917, 22.2298142017791], [73.20792521396334, 22.2296733223655], [73.20783377668494, 22.22954643575028], [73.20768653304984, 22.229423780423414], [73.20751312973685, 22.229241713497764], [73.20731711538244, 22.22904039946876], [73.2072631692597, 22.228881877746865], [73.20722548095641, 22.22866552032583], [73.20710733671407, 22.228566343410936], [73.20698665656425, 22.22854521632657], [73.20696403889133, 22.228550322886647], [73.20693400517831, 22.228533025189336], [73.20686906824741, 22.228551390919538], [73.20674729935611, 22.228593289202397], [73.20655798768892, 22.228686079109355], [73.206450265658, 22.228737219415812], [73.20632643289882, 22.22877022274613], [73.20629216644737, 22.228814470598778], [73.20619162639944, 22.228831161160876], [73.20615905724141, 22.228821187193287], [73.20603137501138, 22.22878553957232], [73.20592113998224, 22.228751235864767], [73.20591981787025, 22.228750475904445], [73.20587738004593, 22.22869408866838], [73.2058635485981, 22.2286913888218], [73.20585305572749, 22.228679089799037], [73.20583181029427, 22.22867482288586], [73.20581206791202, 22.228652070225827], [73.20576349375152, 22.228636709318646], [73.20568720203651, 22.228636385596985], [73.20564259176669, 22.228652089489852], [73.20559718827477, 22.228644537278196], [73.2054797882156, 22.228578901165644], [73.20539863599247, 22.228502024902596], [73.20535290099403, 22.228484468990594], [73.20531871245217, 22.228511335233144], [73.20531100981876, 22.22855901917714], [73.20530659572269, 22.228561884609512], [73.20507272162288, 22.22853577200401], [73.20497453173078, 22.228554327430903], [73.20500795885208, 22.22851652074103], [73.2050118455079, 22.22847377909978], [73.20497930974771, 22.228449743729985], [73.20491887625793, 22.228461018894876], [73.20481186761185, 22.22844603657502], [73.20471206750986, 22.228535488100327], [73.20448968990418, 22.228660883175973], [73.20435812589352, 22.228799038702437], [73.20431417803125, 22.22889403544658], [73.20435564010498, 22.228984222992754], [73.20434862313331, 22.229009880907284], [73.20441069141853, 22.22917995038061], [73.20451114352689, 22.229211623096596], [73.20465362049379, 22.22923872026961], [73.20486155595138, 22.229245130565353], [73.20497870592082, 22.229242592350428], [73.20515356318592, 22.22931996996711], [73.20529659854279, 22.229326576500707], [73.20530903802376, 22.22955394109856], [73.2053253617359, 22.22981569985204], [73.20529308806832, 22.229873028223942], [73.20525963710811, 22.229890149530938], [73.20522806276608, 22.229888508383667], [73.20502765656005, 22.229888935532625], [73.2047378107519, 22.22991326536318], [73.20472570662456, 22.230137903186566], [73.20463364200104, 22.230132223282617], [73.20460494529577, 22.230224458088312], [73.20446024353416, 22.230242677709757], [73.20442404712577, 22.23019248585249], [73.2043604812649, 22.230249232478883], [73.20428775461032, 22.230257713913126], [73.20418561953394, 22.23017509335002], [73.2040326852191, 22.230218495189554], [73.20401409652115, 22.23032307986583], [73.20404152844723, 22.230364788113565], [73.20409311372472, 22.230390069672417], [73.20436134705834, 22.23052806717685], [73.20445157447492, 22.230627019279215], [73.20448683032141, 22.230793144488246], [73.20460706867793, 22.2308969342456], [73.2050628682059, 22.230974528616205], [73.20547828688025, 22.231107165406055], [73.2055426914695, 22.231026501508037], [73.20563781424944, 22.231026490091004], [73.20580903484704, 22.231100873348762], [73.2059098983361, 22.231065075540723], [73.2059901472363, 22.231001356543178], [73.20599014723632, 22.231001356543178], [73.20600640732408, 22.230998306335024], [73.20609490630001, 22.230911763141467], [73.20650849065923, 22.231153009736374], [73.2062218639041, 22.23213945028071], [73.20597936118581, 22.232541925804465], [73.20570959493467, 22.23306639751734], [73.20567829645145, 22.233105141217187], [73.20565735965576, 22.23322306849367], [73.20571146674514, 22.23327213768858], [73.20576919763181, 22.233256750117388], [73.2058297268267, 22.233276747094855], [73.2059435905008, 22.233410020509243], [73.2059293355849, 22.23358372662044], [73.20588273030418, 22.233713393233888], [73.20576585264321, 22.233810005212167], [73.2058554651629, 22.23394523696974], [73.20599634704907, 22.23397979565292], [73.20622802302185, 22.23419038864145], [73.20643366436431, 22.234416501060895], [73.2066347119248, 22.23451273225292], [73.20686180279792, 22.23461335971034]]]}}, {"type": "Feature", "properties": {"site": "VAD-02", "name": "Vadodara LF-2 (Atladara)", "layer": "outline_2016", "area_ha": 6.96}, "geometry": {"type": "MultiPolygon", "coordinates": [[[[73.16752397222706, 22.278212977369822], [73.16748775221733, 22.27754533132919], [73.16678611653236, 22.277371164123892], [73.16668658181757, 22.277419522780452], [73.16630107104382, 22.27732508737821], [73.16635566717622, 22.27792868355876], [73.16666455968065, 22.277930033255778], [73.16663742875224, 22.27754080773272], [73.16700233950858, 22.277532973655546], [73.16702038504583, 22.277759765152627], [73.16721869804796, 22.27785539338286], [73.16721303811983, 22.277949400597414], [73.16730563661476, 22.2780008246719], [73.16742316306299, 22.2781476264247], [73.16752397222706, 22.278212977369822]]], [[[73.17081195935255, 22.279934471668433], [73.17108169344908, 22.27985062434732], [73.17150032457683, 22.279606134001995], [73.17166639325706, 22.279555149212904], [73.17188688154275, 22.2794139960316], [73.171936075677, 22.279080362837327], [73.17203518225776, 22.278783590274077], [73.17209739759288, 22.27815598041782], [73.17191790658892, 22.277737750781764], [73.17161096151872, 22.27726907610746], [73.17155433635635, 22.27709649039332], [73.17121298596804, 22.277132188223156], [73.17067584208789, 22.277294838123172], [73.17006822052959, 22.277521210087645], [73.16944359559041, 22.27783907152857], [73.16927607505369, 22.278076210141325], [73.16986531168959, 22.278017975003984], [73.16991569979851, 22.278145964295437], [73.1699855461668, 22.278633238451665], [73.16999128824258, 22.27899226789862], [73.17004931970541, 22.27926228638617], [73.17006101663974, 22.279671072330476], [73.17013160176212, 22.279812960828547], [73.17030547205971, 22.280014381665133], [73.17050776549294, 22.280093289793253], [73.17081195935255, 22.279934471668433]]], [[[73.16746409525297, 22.278305029862004], [73.16721852730105, 22.278208045920238], [73.16706665377346, 22.278048861721928], [73.16689340814499, 22.278038097993328], [73.1668847872815, 22.27812622328815], [73.16694667335807, 22.278283359008086], [73.16705323911533, 22.278388847126347], [73.16718119759436, 22.27860347654522], [73.16707394928605, 22.278718196501078], [73.16718641803072, 22.27879539061978], [73.16718949660529, 22.278866146588097], [73.16686753198015, 22.278878056740513], [73.16684740632269, 22.27880272214852], [73.16655425944651, 22.278836083957557], [73.16643093655104, 22.278984757355065], [73.16652028993315, 22.27911197530509], [73.16687696346266, 22.27908585048386], [73.16710718779737, 22.279034790262315], [73.16756058952014, 22.278826923037652], [73.16754748384541, 22.27852028967139], [73.16754836132172, 22.278435949708566], [73.16746409525297, 22.278305029862004]]]]}}, {"type": "Feature", "properties": {"site": "VAD-02", "name": "Vadodara LF-2 (Atladara)", "layer": "outline_2026", "area_ha": 0.73}, "geometry": {"type": "MultiPolygon", "coordinates": [[[[73.16695987450905, 22.277461429989266], [73.16686179562078, 22.277423556038897], [73.16668746575965, 22.27741731068519], [73.16669473149024, 22.277368708471776], [73.16666962304497, 22.27731259217197], [73.16632561207169, 22.2771841770009], [73.1662465657752, 22.277232309836585], [73.16627461754541, 22.277399166016775], [73.1663145319009, 22.277990243059747], [73.16617198379656, 22.278059905931965], [73.16617310102039, 22.27818030352189], [73.1666415334919, 22.27814099633237], [73.16660841268875, 22.277549357771914], [73.16695999755909, 22.277540768900373], [73.16695987450905, 22.277461429989266]]], [[[73.16759355035403, 22.2795064453419], [73.16756606375341, 22.27889543132185], [73.16751391651685, 22.278968313897717], [73.1670246038442, 22.279030720996737], [73.16699654274738, 22.279183108059726], [73.1672915322423, 22.279160719862272], [73.1672928502785, 22.279224146284555], [73.1671306709217, 22.2792433499169], [73.16713643690424, 22.27929839449497], [73.1671035085909, 22.27935322061621], [73.16710064828558, 22.27944345971779], [73.16701098221415, 22.279453723837275], [73.16701946262762, 22.279495405243743], [73.16690381126502, 22.279502692420813], [73.16690651671637, 22.27954691499524], [73.16759355035403, 22.2795064453419]]]]}}, {"type": "Feature", "properties": {"site": "VAD-02", "name": "Vadodara LF-2 (Atladara)", "layer": "union_2016_2026", "area_ha": 8.21}, "geometry": {"type": "MultiPolygon", "coordinates": [[[[73.16629315052353, 22.277203943481357], [73.1662170640437, 22.277190329364895], [73.16624652198531, 22.2773739027017], [73.16627475620078, 22.27749937315163], [73.16627369886076, 22.27760708692141], [73.16630509487935, 22.277850493863703], [73.1663145319009, 22.277990243059747], [73.16617198379656, 22.278059905931965], [73.16617310102039, 22.27818030352189], [73.16635183049044, 22.2781653061058], [73.16634838178273, 22.27817759092491], [73.16644632990736, 22.278277396409727], [73.16676378408289, 22.27825811816722], [73.16685293873618, 22.278159129544274], [73.16685333838394, 22.278069205587474], [73.16664393682059, 22.278069460610634], [73.16663420699773, 22.277929900656638], [73.16666455968065, 22.277930033255778], [73.16663863883952, 22.277558167898523], [73.16696805588792, 22.27754721341388], [73.16701574713797, 22.27804354197641], [73.16701494813736, 22.278045649276862], [73.16689340814499, 22.278038097993328], [73.1668847872815, 22.27812622328815], [73.16690799190731, 22.278185142486745], [73.1668876002343, 22.278186420341296], [73.1668987172799, 22.278309254235605], [73.16694122303662, 22.27879789495855], [73.16694293784522, 22.27879785262672], [73.16694356459877, 22.278804777688688], [73.1671438168506, 22.278801796031765], [73.16716318949965, 22.278855301716266], [73.16712200301836, 22.278868643371872], [73.16686753198015, 22.278878056740513], [73.16684740632269, 22.27880272214852], [73.16655425944651, 22.278836083957557], [73.16654771253306, 22.278843976678598], [73.16646650253723, 22.278764006442923], [73.1664400279046, 22.278973797179454], [73.16643093655104, 22.278984757355065], [73.16643747075805, 22.27899406051964], [73.16642803043972, 22.27906886742168], [73.166280872173, 22.27923722380735], [73.16623126729576, 22.279299610664758], [73.16617097804424, 22.279360253993662], [73.16620262552185, 22.279594896860548], [73.16711533165368, 22.279542647545604], [73.16711533314405, 22.279542668038324], [73.16712419560275, 22.279542140089255], [73.16761708322066, 22.279513921764934], [73.16761769577796, 22.279312123493142], [73.16760233377362, 22.279326473211384], [73.16760061048382, 22.27929917895834], [73.1675837617119, 22.279288848582393], [73.1675713781694, 22.2790135683123], [73.16757143666244, 22.27896335642247], [73.16756719206238, 22.27886862345109], [73.16755868765375, 22.27882779497419], [73.16756058952014, 22.278826923037652], [73.16755836224179, 22.27877481143297], [73.16756214242409, 22.278341598218507], [73.16752695303438, 22.27818962548298], [73.16751386148748, 22.278026605565003], [73.16750855218172, 22.277928738790422], [73.16751000398448, 22.27792597155206], [73.16750499783357, 22.277863221240402], [73.16748775221733, 22.27754533132919], [73.16743155357611, 22.277531381251617], [73.16743082522741, 22.27751941340483], [73.1673554316867, 22.27748464920262], [73.16727023836192, 22.277462854994], [73.16724586382324, 22.277476982488917], [73.16721378204652, 22.277466984321876], [73.16710923154736, 22.277451371469752], [73.16704350171057, 22.277435055308036], [73.16704383570068, 22.277431905291238], [73.166867824787, 22.27738634520891], [73.1668587584048, 22.27738919619253], [73.16678611653236, 22.277371164123892], [73.166771134511, 22.277378443102375], [73.16668178373392, 22.277339770796527], [73.16666962304497, 22.27731259217197], [73.16632561207169, 22.2771841770009], [73.16629315052353, 22.277203943481357]], [[73.16657931708792, 22.27953259412653], [73.16656550180451, 22.27921990288862], [73.16673569753294, 22.27914392989634], [73.16700603898492, 22.279131538355596], [73.16699654274738, 22.279183108059726], [73.16727799126313, 22.27916174756547], [73.16729159598216, 22.279163787144945], [73.1672928502785, 22.279224146284555], [73.1671306709217, 22.2792433499169], [73.16713607737007, 22.279294962226103], [73.1670977364106, 22.279300710468863], [73.16710291568108, 22.279371926210157], [73.16710064828558, 22.27944345971779], [73.16701098221415, 22.279453723837275], [73.16701946262762, 22.279495405243743], [73.16690381126502, 22.279502692420813], [73.1669044152159, 22.279512564439035], [73.16657931708792, 22.27953259412653]], [[73.16718119759436, 22.27860347654522], [73.16716274049912, 22.278623219506898], [73.16715563404905, 22.27856059793573], [73.16718119759436, 22.27860347654522]]], [[[73.16944359559041, 22.27783907152857], [73.16927607505369, 22.278076210141325], [73.16943404951837, 22.278060597505252], [73.16943257758737, 22.27809475499045], [73.16986531168959, 22.278017975003984], [73.16991569979851, 22.278145964295437], [73.1699855461668, 22.278633238451665], [73.16999128824258, 22.27899226789862], [73.17003629786136, 22.279201696249977], [73.17003534470757, 22.279341524168792], [73.17005154761054, 22.27934014743253], [73.17006101663974, 22.279671072330476], [73.17013160176212, 22.279812960828547], [73.17030547205971, 22.280014381665133], [73.17050776549294, 22.280093289793253], [73.17081195935255, 22.279934471668433], [73.17108169344908, 22.27985062434732], [73.17150032457683, 22.279606134001995], [73.17166639325706, 22.279555149212904], [73.17188688154275, 22.2794139960316], [73.171936075677, 22.279080362837327], [73.17203518225776, 22.278783590274077], [73.17209739759288, 22.27815598041782], [73.17191790658892, 22.277737750781764], [73.17161096151872, 22.27726907610746], [73.17155433635635, 22.27709649039332], [73.17121298596804, 22.277132188223156], [73.17067584208789, 22.277294838123172], [73.17006822052959, 22.277521210087645], [73.170021881457, 22.277544791422283], [73.16959939621515, 22.27755873745197], [73.16944359559041, 22.27783907152857]]]]}}, {"type": "Feature", "properties": {"site": "VAP-01", "name": "Vapi LF-1", "layer": "outline_2016", "area_ha": 0.53}, "geometry": {"type": "Polygon", "coordinates": [[[72.8837510027596, 20.367490443141847], [72.88387079427868, 20.3668029247131], [72.88396287663346, 20.36642191322369], [72.88404420070613, 20.36612030530773], [72.88407894474643, 20.366055392187477], [72.8841748850022, 20.366041222984006], [72.88420818525128, 20.36610326579175], [72.88407999977129, 20.366269955251507], [72.88408978225746, 20.36646054979315], [72.88414330830061, 20.36661932730687], [72.8842354895759, 20.366715496811974], [72.88427458232364, 20.36681334831485], [72.8843209209295, 20.366904330752714], [72.88430434767922, 20.36696426261325], [72.88430490975365, 20.366992891663276], [72.88435401624744, 20.36709859471726], [72.88434926540234, 20.367188518945508], [72.88433130976732, 20.36726117359901], [72.8842290529523, 20.36731985936285], [72.8841685185922, 20.367334239665574], [72.88410787382006, 20.367462447596285], [72.88398014478246, 20.367504900177817], [72.8837510027596, 20.367490443141847]]]}}, {"type": "Feature", "properties": {"site": "VAP-01", "name": "Vapi LF-1", "layer": "outline_2026", "area_ha": 1.4}, "geometry": {"type": "Polygon", "coordinates": [[[72.88348919194299, 20.367412569449016], [72.88362078507407, 20.366550743029936], [72.88400808965167, 20.3665942174855], [72.88403948400462, 20.36635579333484], [72.88404369140072, 20.366269714969], [72.884065183296, 20.36624562340335], [72.88409912973202, 20.36625857628707], [72.88406200421636, 20.36661657828006], [72.88419871944046, 20.36664157852311], [72.88421785017019, 20.366569181978154], [72.88447222530557, 20.366584552246696], [72.8845144475624, 20.366472537829818], [72.88449958096312, 20.36641980544347], [72.88455130932154, 20.36601978778106], [72.88468506031407, 20.36610907256719], [72.88463265510057, 20.3662144576122], [72.88462066427657, 20.366400111052197], [72.88460591930713, 20.366564874999703], [72.88459988836122, 20.36660419071269], [72.88461507384515, 20.366625218791395], [72.88469215429484, 20.366657418574157], [72.88478783641858, 20.3667117853492], [72.88480343256849, 20.366745226686575], [72.88482362545182, 20.366808462700345], [72.88484005972158, 20.366862579586503], [72.88484796553892, 20.36695540347882], [72.88477327568549, 20.367115393099386], [72.88474532751603, 20.36721278336132], [72.88468697584179, 20.367224431875137], [72.88462228127025, 20.36722766172608], [72.88454492471915, 20.367270436236634], [72.88450368309155, 20.367322830393036], [72.88440218634443, 20.36742726041888], [72.88437186304493, 20.367474357821617], [72.88434432813936, 20.36757769839714], [72.8842990090862, 20.367679093988652], [72.88396731235761, 20.367619832886007], [72.88373551313819, 20.367580040020325], [72.88363943543621, 20.367559593703376], [72.88350908665055, 20.3675118435373], [72.88348919194299, 20.367412569449016]]]}}, {"type": "Feature", "properties": {"site": "VAP-01", "name": "Vapi LF-1", "layer": "union_2016_2026", "area_ha": 2.02}, "geometry": {"type": "Polygon", "coordinates": [[[72.8839663986111, 20.365925631703497], [72.88396350748938, 20.36567533104125], [72.88386370352703, 20.36547133265528], [72.88361754140496, 20.366542075839043], [72.88347343473437, 20.36745880890372], [72.8835001852812, 20.36746742594116], [72.88350669812944, 20.367499924882452], [72.88350601826527, 20.36750579985667], [72.88350809437578, 20.36750689211359], [72.88350908665055, 20.3675118435373], [72.88353680828168, 20.36752199870542], [72.88362724116199, 20.36756957604419], [72.88430452746255, 20.367684971761804], [72.88432217108156, 20.367638167596333], [72.88433617872897, 20.367619687872942], [72.88434684830536, 20.36757270495602], [72.88434884755559, 20.36756073669919], [72.88437186304493, 20.367474357821617], [72.88438012915226, 20.367461519110776], [72.88462554364332, 20.36723672279893], [72.88473143152821, 20.367225518345112], [72.88473764565677, 20.367214316861727], [72.88474532751603, 20.36721278336132], [72.88475264799568, 20.367187273890114], [72.88480403309006, 20.36709464786647], [72.88484056489885, 20.366971256059855], [72.88484796553892, 20.36695540347882], [72.88484736071533, 20.366948302117187], [72.88485194240442, 20.366932826734438], [72.88483507383773, 20.36683176016039], [72.88481918111076, 20.366794544810148], [72.88480343256849, 20.366745226686575], [72.88478783641858, 20.3667117853492], [72.8847308270783, 20.366679392537925], [72.88472687121711, 20.36667574818174], [72.8846495771449, 20.36662213552285], [72.8846309061121, 20.366588744960495], [72.88463241877373, 20.3665228621521], [72.88462966326071, 20.366462031241966], [72.88462691851547, 20.366414812064416], [72.88462325219407, 20.366385136644666], [72.88462343484287, 20.36636080777265], [72.88462370285639, 20.36635306491966], [72.88462370285639, 20.366353064919657], [72.88463265510057, 20.3662144576122], [72.88466137770493, 20.366156697484957], [72.88466365342181, 20.36615352272499], [72.88467833534418, 20.366129585286025], [72.88468063975651, 20.366117962160185], [72.88468506031407, 20.36610907256719], [72.88455130932154, 20.36601978778106], [72.88454676297889, 20.366054944964365], [72.88453980027168, 20.366057171754715], [72.88453415388287, 20.366066560002597], [72.88453609883105, 20.36611358682114], [72.88452517215507, 20.36619235134375], [72.88451551970824, 20.36626212529942], [72.88450034499267, 20.366338961385413], [72.8844903035977, 20.36632083950737], [72.88447758092539, 20.36627539610037], [72.88445148951728, 20.36618859136591], [72.88446360777104, 20.36607584493443], [72.88420343805039, 20.366120814074748], [72.88420025178975, 20.36611358229752], [72.88420818525128, 20.36610326579175], [72.8841748850022, 20.366041222984006], [72.88416876887324, 20.3660421262632], [72.88415828148717, 20.366018323275934], [72.88414329104421, 20.366045889031753], [72.88411037720591, 20.36605075000348], [72.88411713095829, 20.36600999665623], [72.8839663986111, 20.365925631703497]]]}}]}