<?xml version="1.0" encoding="UTF-8"?>
<kml xmlns="http://www.opengis.net/kml/2.2" xmlns:gx="http://www.google.com/kml/ext/2.2" xmlns:kml="http://www.opengis.net/kml/2.2" xmlns:atom="http://www.w3.org/2005/Atom">
<Document id="1eKVLVcH2FlZP3PEikVvd9p03_IFxZaDA">
	<name>Locations of landfills in gujurat</name>
	<gx:CascadingStyle kml:id="__managed_style_0C684E783E420E3A7E61_normal">
		<styleUrl>https://earth.google.com/balloon_components/base/1.1.0.0/card_template.kml#main</styleUrl>
		<Style>
			<IconStyle>
				<Icon>
					<href>https://earth.google.com/earth/document/icon?color=1976d2&amp;id=2000&amp;scale=4</href>
				</Icon>
				<hotSpot x="64" y="128" xunits="pixels" yunits="insetPixels"/>
			</IconStyle>
			<LabelStyle>
			</LabelStyle>
			<LineStyle>
				<color>ffd27619</color>
				<width>2.42424</width>
			</LineStyle>
			<PolyStyle>
				<color>00ffffff</color>
			</PolyStyle>
			<BalloonStyle>
			</BalloonStyle>
		</Style>
	</gx:CascadingStyle>
	<StyleMap id="__managed_style_0C684E783E420E3A7E61">
		<Pair>
			<key>normal</key>
			<styleUrl>#__managed_style_0C684E783E420E3A7E61_normal</styleUrl>
		</Pair>
		<Pair>
			<key>highlight</key>
			<styleUrl>#__managed_style_0C684E783E420E3A7E61_highlight</styleUrl>
		</Pair>
	</StyleMap>
	<gx:CascadingStyle kml:id="__managed_style_011FC0BE1B420E2ECBBB_highlight">
		<styleUrl>https://earth.google.com/balloon_components/base/1.1.0.0/card_template.kml#main</styleUrl>
		<Style>
			<IconStyle>
				<scale>1.2</scale>
				<Icon>
					<href>https://earth.google.com/earth/document/icon?color=1976d2&amp;id=2000&amp;scale=4</href>
				</Icon>
				<hotSpot x="64" y="128" xunits="pixels" yunits="insetPixels"/>
			</IconStyle>
			<LabelStyle>
			</LabelStyle>
			<LineStyle>
				<color>ffbc47ab</color>
				<width>3.63636</width>
			</LineStyle>
			<PolyStyle>
				<color>00ffffff</color>
			</PolyStyle>
			<BalloonStyle>
			</BalloonStyle>
		</Style>
	</gx:CascadingStyle>
	<StyleMap id="__managed_style_011FC0BE1B420E2ECBBB">
		<Pair>
			<key>normal</key>
			<styleUrl>#__managed_style_011FC0BE1B420E2ECBBB_normal</styleUrl>
		</Pair>
		<Pair>
			<key>highlight</key>
			<styleUrl>#__managed_style_011FC0BE1B420E2ECBBB_highlight</styleUrl>
		</Pair>
	</StyleMap>
	<gx:CascadingStyle kml:id="__managed_style_0FF4C6CF61420E280D26_highlight">
		<styleUrl>https://earth.google.com/balloon_components/base/1.1.0.0/card_template.kml#main</styleUrl>
		<Style>
			<IconStyle>
				<scale>1.2</scale>
				<Icon>
					<href>https://earth.google.com/earth/document/icon?color=1976d2&amp;id=2000&amp;scale=4</href>
				</Icon>
				<hotSpot x="64" y="128" xunits="pixels" yunits="insetPixels"/>
			</IconStyle>
			<LabelStyle>
			</LabelStyle>
			<LineStyle>
				<color>ff007cf5</color>
				<width>3.63636</width>
			</LineStyle>
			<PolyStyle>
				<color>00ffffff</color>
			</PolyStyle>
			<BalloonStyle>
			</BalloonStyle>
		</Style>
	</gx:CascadingStyle>
	<gx:CascadingStyle kml:id="__managed_style_08C3CC02844209A72264_highlight">
		<styleUrl>https://earth.google.com/balloon_components/base/1.1.0.0/card_template.kml#main</styleUrl>
		<Style>
			<IconStyle>
				<scale>1.2</scale>
				<Icon>
					<href>https://earth.google.com/earth/document/icon?color=388e3c&amp;id=2000&amp;scale=4</href>
				</Icon>
				<hotSpot x="64" y="128" xunits="pixels" yunits="insetPixels"/>
			</IconStyle>
			<LineStyle>
				<color>ff2dc0fb</color>
				<width>3.63636</width>
			</LineStyle>
			<PolyStyle>
				<color>40ffffff</color>
			</PolyStyle>
		</Style>
	</gx:CascadingStyle>
	<gx:CascadingStyle kml:id="__managed_style_090F53E51C420861D188_normal">
		<styleUrl>https://earth.google.com/balloon_components/base/1.1.0.0/card_template.kml#main</styleUrl>
		<Style>
			<IconStyle>
				<Icon>
					<href>https://earth.google.com/earth/document/icon?color=1976d2&amp;id=2000&amp;scale=4</href>
				</Icon>
				<hotSpot x="64" y="128" xunits="pixels" yunits="insetPixels"/>
			</IconStyle>
			<LineStyle>
				<color>ff2dc0fb</color>
				<width>3.63636</width>
			</LineStyle>
			<PolyStyle>
				<color>00ffffff</color>
			</PolyStyle>
		</Style>
	</gx:CascadingStyle>
	<StyleMap id="__managed_style_08C3CC02844209A72264">
		<Pair>
			<key>normal</key>
			<styleUrl>#__managed_style_08C3CC02844209A72264_normal</styleUrl>
		</Pair>
		<Pair>
			<key>highlight</key>
			<styleUrl>#__managed_style_08C3CC02844209A72264_highlight</styleUrl>
		</Pair>
	</StyleMap>
	<gx:CascadingStyle kml:id="__managed_style_011FC0BE1B420E2ECBBB_normal">
		<styleUrl>https://earth.google.com/balloon_components/base/1.1.0.0/card_template.kml#main</styleUrl>
		<Style>
			<IconStyle>
				<Icon>
					<href>https://earth.google.com/earth/document/icon?color=1976d2&amp;id=2000&amp;scale=4</href>
				</Icon>
				<hotSpot x="64" y="128" xunits="pixels" yunits="insetPixels"/>
			</IconStyle>
			<LabelStyle>
			</LabelStyle>
			<LineStyle>
				<color>ffbc47ab</color>
				<width>2.42424</width>
			</LineStyle>
			<PolyStyle>
				<color>00ffffff</color>
			</PolyStyle>
			<BalloonStyle>
			</BalloonStyle>
		</Style>
	</gx:CascadingStyle>
	<gx:CascadingStyle kml:id="__managed_style_04642608BD420865C5EC_highlight">
		<styleUrl>https://earth.google.com/balloon_components/base/1.1.0.0/card_template.kml#main</styleUrl>
		<Style>
			<IconStyle>
				<scale>1.2</scale>
				<Icon>
					<href>https://earth.google.com/earth/document/icon?color=1976d2&amp;id=2000&amp;scale=4</href>
				</Icon>
				<hotSpot x="64" y="128" xunits="pixels" yunits="insetPixels"/>
			</IconStyle>
			<LineStyle>
				<color>ffd27619</color>
				<width>5.45455</width>
			</LineStyle>
			<PolyStyle>
				<color>00ffffff</color>
			</PolyStyle>
		</Style>
	</gx:CascadingStyle>
	<gx:CascadingStyle kml:id="__managed_style_0A5FCD4F7B420996F444_highlight">
		<styleUrl>https://earth.google.com/balloon_components/base/1.1.0.0/card_template.kml#main</styleUrl>
		<Style>
			<IconStyle>
				<scale>1.2</scale>
				<Icon>
					<href>https://earth.google.com/earth/document/icon?color=1976d2&amp;id=2000&amp;scale=4</href>
				</Icon>
				<hotSpot x="64" y="128" xunits="pixels" yunits="insetPixels"/>
			</IconStyle>
			<LineStyle>
				<color>ff2dc0fb</color>
				<width>3.63636</width>
			</LineStyle>
			<PolyStyle>
				<color>40ffffff</color>
			</PolyStyle>
		</Style>
	</gx:CascadingStyle>
	<StyleMap id="__managed_style_0A5FCD4F7B420996F444">
		<Pair>
			<key>normal</key>
			<styleUrl>#__managed_style_0A5FCD4F7B420996F444_normal</styleUrl>
		</Pair>
		<Pair>
			<key>highlight</key>
			<styleUrl>#__managed_style_0A5FCD4F7B420996F444_highlight</styleUrl>
		</Pair>
	</StyleMap>
	<gx:CascadingStyle kml:id="__managed_style_00D276167F4207CAC4E8_highlight">
		<styleUrl>https://earth.google.com/balloon_components/base/1.1.0.0/card_template.kml#main</styleUrl>
		<Style>
			<IconStyle>
				<scale>1.2</scale>
				<Icon>
					<href>https://earth.google.com/earth/document/icon?color=1976d2&amp;id=2000&amp;scale=4</href>
				</Icon>
				<hotSpot x="64" y="128" xunits="pixels" yunits="insetPixels"/>
			</IconStyle>
			<LineStyle>
				<color>ff3c8e38</color>
				<width>3.63545</width>
			</LineStyle>
			<PolyStyle>
				<color>00ffffff</color>
			</PolyStyle>
		</Style>
	</gx:CascadingStyle>
	<gx:CascadingStyle kml:id="__managed_style_08C3CC02844209A72264_normal">
		<styleUrl>https://earth.google.com/balloon_components/base/1.1.0.0/card_template.kml#main</styleUrl>
		<Style>
			<IconStyle>
				<Icon>
					<href>https://earth.google.com/earth/document/icon?color=388e3c&amp;id=2000&amp;scale=4</href>
				</Icon>
				<hotSpot x="64" y="128" xunits="pixels" yunits="insetPixels"/>
			</IconStyle>
			<LineStyle>
				<color>ff2dc0fb</color>
				<width>2.42424</width>
			</LineStyle>
			<PolyStyle>
				<color>40ffffff</color>
			</PolyStyle>
		</Style>
	</gx:CascadingStyle>
	<gx:CascadingStyle kml:id="__managed_style_00D276167F4207CAC4E8_normal">
		<styleUrl>https://earth.google.com/balloon_components/base/1.1.0.0/card_template.kml#main</styleUrl>
		<Style>
			<IconStyle>
				<Icon>
					<href>https://earth.google.com/earth/document/icon?color=1976d2&amp;id=2000&amp;scale=4</href>
				</Icon>
				<hotSpot x="64" y="128" xunits="pixels" yunits="insetPixels"/>
			</IconStyle>
			<LineStyle>
				<color>ff3c8e38</color>
				<width>2.42364</width>
			</LineStyle>
			<PolyStyle>
				<color>00ffffff</color>
			</PolyStyle>
		</Style>
	</gx:CascadingStyle>
	<StyleMap id="__managed_style_00D276167F4207CAC4E8">
		<Pair>
			<key>normal</key>
			<styleUrl>#__managed_style_00D276167F4207CAC4E8_normal</styleUrl>
		</Pair>
		<Pair>
			<key>highlight</key>
			<styleUrl>#__managed_style_00D276167F4207CAC4E8_highlight</styleUrl>
		</Pair>
	</StyleMap>
	<gx:CascadingStyle kml:id="__managed_style_0C684E783E420E3A7E61_highlight">
		<styleUrl>https://earth.google.com/balloon_components/base/1.1.0.0/card_template.kml#main</styleUrl>
		<Style>
			<IconStyle>
				<scale>1.2</scale>
				<Icon>
					<href>https://earth.google.com/earth/document/icon?color=1976d2&amp;id=2000&amp;scale=4</href>
				</Icon>
				<hotSpot x="64" y="128" xunits="pixels" yunits="insetPixels"/>
			</IconStyle>
			<LabelStyle>
			</LabelStyle>
			<LineStyle>
				<color>ffd27619</color>
				<width>3.63636</width>
			</LineStyle>
			<PolyStyle>
				<color>00ffffff</color>
			</PolyStyle>
			<BalloonStyle>
			</BalloonStyle>
		</Style>
	</gx:CascadingStyle>
	<gx:CascadingStyle kml:id="__managed_style_08FE34D98742038E43F0_normal">
		<Style>
			<IconStyle>
				<Icon>
					<href>https://earth.google.com/earth/document/icon?color=d32f2f&amp;id=2000&amp;scale=4</href>
				</Icon>
				<hotSpot x="64" y="128" xunits="pixels" yunits="insetPixels"/>
			</IconStyle>
			<LineStyle>
				<color>ff2dc0fb</color>
				<width>3.63636</width>
			</LineStyle>
			<PolyStyle>
				<color>40ffffff</color>
			</PolyStyle>
		</Style>
	</gx:CascadingStyle>
	<gx:CascadingStyle kml:id="__managed_style_0768DE21824207D1BB70_highlight">
		<styleUrl>https://earth.google.com/balloon_components/base/1.1.0.0/card_template.kml#main</styleUrl>
		<Style>
			<IconStyle>
				<scale>1.2</scale>
				<Icon>
					<href>https://earth.google.com/earth/document/icon?color=1976d2&amp;id=2000&amp;scale=4</href>
				</Icon>
				<hotSpot x="64" y="128" xunits="pixels" yunits="insetPixels"/>
			</IconStyle>
			<LineStyle>
				<color>ffd27619</color>
				<width>3.63545</width>
			</LineStyle>
			<PolyStyle>
				<color>00ffffff</color>
			</PolyStyle>
		</Style>
	</gx:CascadingStyle>
	<gx:CascadingStyle kml:id="__managed_style_0768DE21824207D1BB70_normal">
		<styleUrl>https://earth.google.com/balloon_components/base/1.1.0.0/card_template.kml#main</styleUrl>
		<Style>
			<IconStyle>
				<Icon>
					<href>https://earth.google.com/earth/document/icon?color=1976d2&amp;id=2000&amp;scale=4</href>
				</Icon>
				<hotSpot x="64" y="128" xunits="pixels" yunits="insetPixels"/>
			</IconStyle>
			<LineStyle>
				<color>ffd27619</color>
				<width>2.42364</width>
			</LineStyle>
			<PolyStyle>
				<color>00ffffff</color>
			</PolyStyle>
		</Style>
	</gx:CascadingStyle>
	<gx:CascadingStyle kml:id="__managed_style_0FB355FF15420D7DB70B_highlight">
		<styleUrl>https://earth.google.com/balloon_components/base/1.1.0.0/card_template.kml#main</styleUrl>
		<Style>
			<IconStyle>
				<scale>1.2</scale>
				<Icon>
					<href>https://earth.google.com/earth/document/icon?color=388e3c&amp;id=2000&amp;scale=4</href>
				</Icon>
				<hotSpot x="64" y="128" xunits="pixels" yunits="insetPixels"/>
			</IconStyle>
			<LineStyle>
				<color>ff2dc0fb</color>
				<width>5.45364</width>
			</LineStyle>
			<PolyStyle>
				<color>40ffffff</color>
			</PolyStyle>
		</Style>
	</gx:CascadingStyle>
	<gx:CascadingStyle kml:id="__managed_style_05E6CF2F3742050C1440_highlight0">
		<styleUrl>https://earth.google.com/balloon_components/base/1.1.0.0/card_template.kml#main</styleUrl>
		<Style>
			<IconStyle>
				<scale>1.2</scale>
				<Icon>
					<href>https://earth.google.com/earth/document/icon?color=1976d2&amp;id=2000&amp;scale=4</href>
				</Icon>
				<hotSpot x="64" y="128" xunits="pixels" yunits="insetPixels"/>
			</IconStyle>
			<LineStyle>
				<color>ff2dc0fb</color>
				<width>3.63545</width>
			</LineStyle>
			<PolyStyle>
				<color>00ffffff</color>
			</PolyStyle>
		</Style>
	</gx:CascadingStyle>
	<gx:CascadingStyle kml:id="__managed_style_050A06BC174207DE1EAE_highlight0">
		<styleUrl>https://earth.google.com/balloon_components/base/1.1.0.0/card_template.kml#main</styleUrl>
		<Style>
			<IconStyle>
				<scale>1.2</scale>
				<Icon>
					<href>https://earth.google.com/earth/document/icon?color=1976d2&amp;id=2000&amp;scale=4</href>
				</Icon>
				<hotSpot x="64" y="128" xunits="pixels" yunits="insetPixels"/>
			</IconStyle>
			<LineStyle>
				<color>ff007cf5</color>
				<width>3.63545</width>
			</LineStyle>
			<PolyStyle>
				<color>00ffffff</color>
			</PolyStyle>
		</Style>
	</gx:CascadingStyle>
	<gx:CascadingStyle kml:id="__managed_style_050A06BC174207DE1EAE_normal0">
		<styleUrl>https://earth.google.com/balloon_components/base/1.1.0.0/card_template.kml#main</styleUrl>
		<Style>
			<IconStyle>
				<Icon>
					<href>https://earth.google.com/earth/document/icon?color=1976d2&amp;id=2000&amp;scale=4</href>
				</Icon>
				<hotSpot x="64" y="128" xunits="pixels" yunits="insetPixels"/>
			</IconStyle>
			<LineStyle>
				<color>ff007cf5</color>
				<width>2.42364</width>
			</LineStyle>
			<PolyStyle>
				<color>00ffffff</color>
			</PolyStyle>
		</Style>
	</gx:CascadingStyle>
	<gx:CascadingStyle kml:id="__managed_style_0FF4C6CF61420E280D26_normal">
		<styleUrl>https://earth.google.com/balloon_components/base/1.1.0.0/card_template.kml#main</styleUrl>
		<Style>
			<IconStyle>
				<Icon>
					<href>https://earth.google.com/earth/document/icon?color=1976d2&amp;id=2000&amp;scale=4</href>
				</Icon>
				<hotSpot x="64" y="128" xunits="pixels" yunits="insetPixels"/>
			</IconStyle>
			<LabelStyle>
			</LabelStyle>
			<LineStyle>
				<color>ff007cf5</color>
				<width>2.42424</width>
			</LineStyle>
			<PolyStyle>
				<color>00ffffff</color>
			</PolyStyle>
			<BalloonStyle>
			</BalloonStyle>
		</Style>
	</gx:CascadingStyle>
	<StyleMap id="__managed_style_050A06BC174207DE1EAE0">
		<Pair>
			<key>normal</key>
			<styleUrl>#__managed_style_050A06BC174207DE1EAE_normal0</styleUrl>
		</Pair>
		<Pair>
			<key>highlight</key>
			<styleUrl>#__managed_style_050A06BC174207DE1EAE_highlight0</styleUrl>
		</Pair>
	</StyleMap>
	<gx:CascadingStyle kml:id="__managed_style_0FB355FF15420D7DB70B_normal">
		<styleUrl>https://earth.google.com/balloon_components/base/1.1.0.0/card_template.kml#main</styleUrl>
		<Style>
			<IconStyle>
				<Icon>
					<href>https://earth.google.com/earth/document/icon?color=388e3c&amp;id=2000&amp;scale=4</href>
				</Icon>
				<hotSpot x="64" y="128" xunits="pixels" yunits="insetPixels"/>
			</IconStyle>
			<LineStyle>
				<color>ff2dc0fb</color>
				<width>3.63576</width>
			</LineStyle>
			<PolyStyle>
				<color>40ffffff</color>
			</PolyStyle>
		</Style>
	</gx:CascadingStyle>
	<StyleMap id="__managed_style_0768DE21824207D1BB70">
		<Pair>
			<key>normal</key>
			<styleUrl>#__managed_style_0768DE21824207D1BB70_normal</styleUrl>
		</Pair>
		<Pair>
			<key>highlight</key>
			<styleUrl>#__managed_style_0768DE21824207D1BB70_highlight</styleUrl>
		</Pair>
	</StyleMap>
	<gx:CascadingStyle kml:id="__managed_style_06B4AF9CD64207D6F394_normal000">
		<styleUrl>https://earth.google.com/balloon_components/base/1.1.0.0/card_template.kml#main</styleUrl>
		<Style>
			<IconStyle>
				<Icon>
					<href>https://earth.google.com/earth/document/icon?color=1976d2&amp;id=2000&amp;scale=4</href>
				</Icon>
				<hotSpot x="64" y="128" xunits="pixels" yunits="insetPixels"/>
			</IconStyle>
			<LineStyle>
				<color>ffbc47ab</color>
				<width>2.42364</width>
			</LineStyle>
			<PolyStyle>
				<color>00ffffff</color>
			</PolyStyle>
		</Style>
	</gx:CascadingStyle>
	<gx:CascadingStyle kml:id="__managed_style_0A5FCD4F7B420996F444_normal">
		<styleUrl>https://earth.google.com/balloon_components/base/1.1.0.0/card_template.kml#main</styleUrl>
		<Style>
			<IconStyle>
				<Icon>
					<href>https://earth.google.com/earth/document/icon?color=1976d2&amp;id=2000&amp;scale=4</href>
				</Icon>
				<hotSpot x="64" y="128" xunits="pixels" yunits="insetPixels"/>
			</IconStyle>
			<LineStyle>
				<color>ff2dc0fb</color>
				<width>2.42424</width>
			</LineStyle>
			<PolyStyle>
				<color>40ffffff</color>
			</PolyStyle>
		</Style>
	</gx:CascadingStyle>
	<gx:CascadingStyle kml:id="__managed_style_090F53E51C420861D188_highlight">
		<styleUrl>https://earth.google.com/balloon_components/base/1.1.0.0/card_template.kml#main</styleUrl>
		<Style>
			<IconStyle>
				<scale>1.2</scale>
				<Icon>
					<href>https://earth.google.com/earth/document/icon?color=1976d2&amp;id=2000&amp;scale=4</href>
				</Icon>
				<hotSpot x="64" y="128" xunits="pixels" yunits="insetPixels"/>
			</IconStyle>
			<LineStyle>
				<color>ff2dc0fb</color>
				<width>5.45455</width>
			</LineStyle>
			<PolyStyle>
				<color>00ffffff</color>
			</PolyStyle>
		</Style>
	</gx:CascadingStyle>
	<gx:CascadingStyle kml:id="__managed_style_04642608BD420865C5EC_normal">
		<styleUrl>https://earth.google.com/balloon_components/base/1.1.0.0/card_template.kml#main</styleUrl>
		<Style>
			<IconStyle>
				<Icon>
					<href>https://earth.google.com/earth/document/icon?color=1976d2&amp;id=2000&amp;scale=4</href>
				</Icon>
				<hotSpot x="64" y="128" xunits="pixels" yunits="insetPixels"/>
			</IconStyle>
			<LineStyle>
				<color>ffd27619</color>
				<width>3.63636</width>
			</LineStyle>
			<PolyStyle>
				<color>00ffffff</color>
			</PolyStyle>
		</Style>
	</gx:CascadingStyle>
	<StyleMap id="__managed_style_08FE34D98742038E43F0">
		<Pair>
			<key>normal</key>
			<styleUrl>#__managed_style_08FE34D98742038E43F0_normal</styleUrl>
		</Pair>
		<Pair>
			<key>highlight</key>
			<styleUrl>#__managed_style_08FE34D98742038E43F0_highlight</styleUrl>
		</Pair>
	</StyleMap>
	<StyleMap id="__managed_style_06B4AF9CD64207D6F394000">
		<Pair>
			<key>normal</key>
			<styleUrl>#__managed_style_06B4AF9CD64207D6F394_normal000</styleUrl>
		</Pair>
		<Pair>
			<key>highlight</key>
			<styleUrl>#__managed_style_06B4AF9CD64207D6F394_highlight00</styleUrl>
		</Pair>
	</StyleMap>
	<gx:CascadingStyle kml:id="__managed_style_0B3E1C109B4208637D53_highlight">
		<styleUrl>https://earth.google.com/balloon_components/base/1.1.0.0/card_template.kml#main</styleUrl>
		<Style>
			<IconStyle>
				<scale>1.2</scale>
				<Icon>
					<href>https://earth.google.com/earth/document/icon?color=1976d2&amp;id=2000&amp;scale=4</href>
				</Icon>
				<hotSpot x="64" y="128" xunits="pixels" yunits="insetPixels"/>
			</IconStyle>
			<LineStyle>
				<color>ff3c8e38</color>
				<width>5.45455</width>
			</LineStyle>
			<PolyStyle>
				<color>00ffffff</color>
			</PolyStyle>
		</Style>
	</gx:CascadingStyle>
	<gx:CascadingStyle kml:id="__managed_style_011BE5B9394207C64408_highlight">
		<styleUrl>https://earth.google.com/balloon_components/base/1.1.0.0/card_template.kml#main</styleUrl>
		<Style>
			<IconStyle>
				<scale>1.2</scale>
				<Icon>
					<href>https://earth.google.com/earth/document/icon?color=1976d2&amp;id=2000&amp;scale=4</href>
				</Icon>
				<hotSpot x="64" y="128" xunits="pixels" yunits="insetPixels"/>
			</IconStyle>
			<LineStyle>
				<color>ff2f2fd3</color>
				<width>3.63545</width>
			</LineStyle>
			<PolyStyle>
				<color>00ffffff</color>
			</PolyStyle>
		</Style>
	</gx:CascadingStyle>
	<gx:CascadingStyle kml:id="__managed_style_04ECDAB97E42087034F7_highlight">
		<styleUrl>https://earth.google.com/balloon_components/base/1.1.0.0/card_template.kml#main</styleUrl>
		<Style>
			<IconStyle>
				<scale>1.2</scale>
				<Icon>
					<href>https://earth.google.com/earth/document/icon?color=d32f2f&amp;id=2000&amp;scale=4</href>
				</Icon>
				<hotSpot x="64" y="128" xunits="pixels" yunits="insetPixels"/>
			</IconStyle>
			<LineStyle>
				<color>ff2dc0fb</color>
				<width>5.45455</width>
			</LineStyle>
			<PolyStyle>
				<color>40ffffff</color>
			</PolyStyle>
		</Style>
	</gx:CascadingStyle>
	<StyleMap id="__managed_style_0B3E1C109B4208637D53">
		<Pair>
			<key>normal</key>
			<styleUrl>#__managed_style_0B3E1C109B4208637D53_normal</styleUrl>
		</Pair>
		<Pair>
			<key>highlight</key>
			<styleUrl>#__managed_style_0B3E1C109B4208637D53_highlight</styleUrl>
		</Pair>
	</StyleMap>
	<gx:CascadingStyle kml:id="__managed_style_0B3E1C109B4208637D53_normal">
		<styleUrl>https://earth.google.com/balloon_components/base/1.1.0.0/card_template.kml#main</styleUrl>
		<Style>
			<IconStyle>
				<Icon>
					<href>https://earth.google.com/earth/document/icon?color=1976d2&amp;id=2000&amp;scale=4</href>
				</Icon>
				<hotSpot x="64" y="128" xunits="pixels" yunits="insetPixels"/>
			</IconStyle>
			<LineStyle>
				<color>ff3c8e38</color>
				<width>3.63636</width>
			</LineStyle>
			<PolyStyle>
				<color>00ffffff</color>
			</PolyStyle>
		</Style>
	</gx:CascadingStyle>
	<StyleMap id="__managed_style_0FB355FF15420D7DB70B">
		<Pair>
			<key>normal</key>
			<styleUrl>#__managed_style_0FB355FF15420D7DB70B_normal</styleUrl>
		</Pair>
		<Pair>
			<key>highlight</key>
			<styleUrl>#__managed_style_0FB355FF15420D7DB70B_highlight</styleUrl>
		</Pair>
	</StyleMap>
	<gx:CascadingStyle kml:id="__managed_style_06B4AF9CD64207D6F394_highlight00">
		<styleUrl>https://earth.google.com/balloon_components/base/1.1.0.0/card_template.kml#main</styleUrl>
		<Style>
			<IconStyle>
				<scale>1.2</scale>
				<Icon>
					<href>https://earth.google.com/earth/document/icon?color=1976d2&amp;id=2000&amp;scale=4</href>
				</Icon>
				<hotSpot x="64" y="128" xunits="pixels" yunits="insetPixels"/>
			</IconStyle>
			<LineStyle>
				<color>ffbc47ab</color>
				<width>3.63545</width>
			</LineStyle>
			<PolyStyle>
				<color>00ffffff</color>
			</PolyStyle>
		</Style>
	</gx:CascadingStyle>
	<gx:CascadingStyle kml:id="__managed_style_011BE5B9394207C64408_normal">
		<styleUrl>https://earth.google.com/balloon_components/base/1.1.0.0/card_template.kml#main</styleUrl>
		<Style>
			<IconStyle>
				<Icon>
					<href>https://earth.google.com/earth/document/icon?color=1976d2&amp;id=2000&amp;scale=4</href>
				</Icon>
				<hotSpot x="64" y="128" xunits="pixels" yunits="insetPixels"/>
			</IconStyle>
			<LineStyle>
				<color>ff2f2fd3</color>
				<width>2.42364</width>
			</LineStyle>
			<PolyStyle>
				<color>00ffffff</color>
			</PolyStyle>
		</Style>
	</gx:CascadingStyle>
	<StyleMap id="__managed_style_011BE5B9394207C64408">
		<Pair>
			<key>normal</key>
			<styleUrl>#__managed_style_011BE5B9394207C64408_normal</styleUrl>
		</Pair>
		<Pair>
			<key>highlight</key>
			<styleUrl>#__managed_style_011BE5B9394207C64408_highlight</styleUrl>
		</Pair>
	</StyleMap>
	<StyleMap id="__managed_style_090F53E51C420861D188">
		<Pair>
			<key>normal</key>
			<styleUrl>#__managed_style_090F53E51C420861D188_normal</styleUrl>
		</Pair>
		<Pair>
			<key>highlight</key>
			<styleUrl>#__managed_style_090F53E51C420861D188_highlight</styleUrl>
		</Pair>
	</StyleMap>
	<gx:CascadingStyle kml:id="__managed_style_08FE34D98742038E43F0_highlight">
		<Style>
			<IconStyle>
				<scale>1.2</scale>
				<Icon>
					<href>https://earth.google.com/earth/document/icon?color=d32f2f&amp;id=2000&amp;scale=4</href>
				</Icon>
				<hotSpot x="64" y="128" xunits="pixels" yunits="insetPixels"/>
			</IconStyle>
			<LineStyle>
				<color>ff2dc0fb</color>
				<width>5.45455</width>
			</LineStyle>
			<PolyStyle>
				<color>40ffffff</color>
			</PolyStyle>
		</Style>
	</gx:CascadingStyle>
	<StyleMap id="__managed_style_0FF4C6CF61420E280D26">
		<Pair>
			<key>normal</key>
			<styleUrl>#__managed_style_0FF4C6CF61420E280D26_normal</styleUrl>
		</Pair>
		<Pair>
			<key>highlight</key>
			<styleUrl>#__managed_style_0FF4C6CF61420E280D26_highlight</styleUrl>
		</Pair>
	</StyleMap>
	<gx:CascadingStyle kml:id="__managed_style_045E9A83FF4208779EB8_normal">
		<styleUrl>https://earth.google.com/balloon_components/base/1.1.0.0/card_template.kml#main</styleUrl>
		<Style>
			<IconStyle>
				<Icon>
					<href>https://earth.google.com/earth/document/icon?color=1976d2&amp;id=2000&amp;scale=4</href>
				</Icon>
				<hotSpot x="64" y="128" xunits="pixels" yunits="insetPixels"/>
			</IconStyle>
			<LineStyle>
				<color>ff2dc0fb</color>
				<width>3.63636</width>
			</LineStyle>
			<PolyStyle>
				<color>40ffffff</color>
			</PolyStyle>
		</Style>
	</gx:CascadingStyle>
	<StyleMap id="__managed_style_045E9A83FF4208779EB8">
		<Pair>
			<key>normal</key>
			<styleUrl>#__managed_style_045E9A83FF4208779EB8_normal</styleUrl>
		</Pair>
		<Pair>
			<key>highlight</key>
			<styleUrl>#__managed_style_045E9A83FF4208779EB8_highlight</styleUrl>
		</Pair>
	</StyleMap>
	<gx:CascadingStyle kml:id="__managed_style_04ECDAB97E42087034F7_normal">
		<styleUrl>https://earth.google.com/balloon_components/base/1.1.0.0/card_template.kml#main</styleUrl>
		<Style>
			<IconStyle>
				<Icon>
					<href>https://earth.google.com/earth/document/icon?color=d32f2f&amp;id=2000&amp;scale=4</href>
				</Icon>
				<hotSpot x="64" y="128" xunits="pixels" yunits="insetPixels"/>
			</IconStyle>
			<LineStyle>
				<color>ff2dc0fb</color>
				<width>3.63636</width>
			</LineStyle>
			<PolyStyle>
				<color>40ffffff</color>
			</PolyStyle>
		</Style>
	</gx:CascadingStyle>
	<StyleMap id="__managed_style_04642608BD420865C5EC">
		<Pair>
			<key>normal</key>
			<styleUrl>#__managed_style_04642608BD420865C5EC_normal</styleUrl>
		</Pair>
		<Pair>
			<key>highlight</key>
			<styleUrl>#__managed_style_04642608BD420865C5EC_highlight</styleUrl>
		</Pair>
	</StyleMap>
	<gx:CascadingStyle kml:id="__managed_style_05E6CF2F3742050C1440_normal0">
		<styleUrl>https://earth.google.com/balloon_components/base/1.1.0.0/card_template.kml#main</styleUrl>
		<Style>
			<IconStyle>
				<Icon>
					<href>https://earth.google.com/earth/document/icon?color=1976d2&amp;id=2000&amp;scale=4</href>
				</Icon>
				<hotSpot x="64" y="128" xunits="pixels" yunits="insetPixels"/>
			</IconStyle>
			<LineStyle>
				<color>ff2dc0fb</color>
				<width>2.42364</width>
			</LineStyle>
			<PolyStyle>
				<color>00ffffff</color>
			</PolyStyle>
		</Style>
	</gx:CascadingStyle>
	<StyleMap id="__managed_style_05E6CF2F3742050C14400">
		<Pair>
			<key>normal</key>
			<styleUrl>#__managed_style_05E6CF2F3742050C1440_normal0</styleUrl>
		</Pair>
		<Pair>
			<key>highlight</key>
			<styleUrl>#__managed_style_05E6CF2F3742050C1440_highlight0</styleUrl>
		</Pair>
	</StyleMap>
	<StyleMap id="__managed_style_04ECDAB97E42087034F7">
		<Pair>
			<key>normal</key>
			<styleUrl>#__managed_style_04ECDAB97E42087034F7_normal</styleUrl>
		</Pair>
		<Pair>
			<key>highlight</key>
			<styleUrl>#__managed_style_04ECDAB97E42087034F7_highlight</styleUrl>
		</Pair>
	</StyleMap>
	<gx:CascadingStyle kml:id="__managed_style_045E9A83FF4208779EB8_highlight">
		<styleUrl>https://earth.google.com/balloon_components/base/1.1.0.0/card_template.kml#main</styleUrl>
		<Style>
			<IconStyle>
				<scale>1.2</scale>
				<Icon>
					<href>https://earth.google.com/earth/document/icon?color=1976d2&amp;id=2000&amp;scale=4</href>
				</Icon>
				<hotSpot x="64" y="128" xunits="pixels" yunits="insetPixels"/>
			</IconStyle>
			<LineStyle>
				<color>ff2dc0fb</color>
				<width>5.45455</width>
			</LineStyle>
			<PolyStyle>
				<color>40ffffff</color>
			</PolyStyle>
		</Style>
	</gx:CascadingStyle>
	<Folder id="0D6F9E30F44208779EAE">
		<name>Jamnagar</name>
		<styleUrl>#__managed_style_045E9A83FF4208779EB8</styleUrl>
		<Placemark id="010A3D0EC742086FF0D4">
			<name>Jamnagar LF - 2 (remidiated)</name>
			<LookAt>
				<longitude>70.10589071144042</longitude>
				<latitude>22.48356961976281</latitude>
				<altitude>32.38467010077304</altitude>
				<heading>-62.1942851962346</heading>
				<tilt>1.311706256366251</tilt>
				<gx:fovy>35</gx:fovy>
				<range>960.6164653050655</range>
				<altitudeMode>absolute</altitudeMode>
			</LookAt>
			<styleUrl>#__managed_style_04ECDAB97E42087034F7</styleUrl>
			<Point>
				<coordinates>70.10682256289604,22.48359362265781,31.16550300414479</coordinates>
			</Point>
		</Placemark>
		<Placemark id="074A33D1BE4200763C26">
			<name>Jamnagar LF -1</name>
			<LookAt>
				<longitude>70.10621859319056</longitude>
				<latitude>22.48106595105577</latitude>
				<altitude>33.62622545266235</altitude>
				<heading>359.880333065902</heading>
				<tilt>0</tilt>
				<gx:fovy>35</gx:fovy>
				<range>1440.28059247139</range>
				<altitudeMode>absolute</altitudeMode>
			</LookAt>
			<styleUrl>#__managed_style_08FE34D98742038E43F0</styleUrl>
			<Point>
				<coordinates>70.10617742201535,22.48050790893467,34.79053201332182</coordinates>
			</Point>
		</Placemark>
		<Placemark id="060B4B8E4642085A1446">
			<name>Jamnagar LF- 2026</name>
			<visibility>0</visibility>
			<LookAt>
				<longitude>70.10669409854451</longitude>
				<latitude>22.47982060511111</latitude>
				<altitude>36.75039950068339</altitude>
				<heading>79.86782361516414</heading>
				<tilt>0</tilt>
				<gx:fovy>35</gx:fovy>
				<range>754.3972516414215</range>
				<altitudeMode>absolute</altitudeMode>
			</LookAt>
			<styleUrl>#__managed_style_011BE5B9394207C64408</styleUrl>
			<Polygon>
				<outerBoundaryIs>
					<LinearRing>
						<coordinates>
							70.10525946271561,22.48063012023789,0 70.10532539261635,22.47958717000737,0 70.10543202216219,22.47945247107983,0 70.10565661819679,22.47942276217082,0 70.10591997580704,22.4795209778784,0 70.10606010853773,22.4796855112225,0 70.10616356437049,22.4797837413922,0 70.10646170318796,22.47984367825274,0 70.10661383727603,22.47986612733111,0 70.10662216927777,22.48007031513978,0 70.10655223665863,22.480053966669,0 70.10649085291644,22.48035167284088,0 70.1067937346142,22.48040138418456,0 70.10707086760561,22.48037014224446,0 70.10725199542367,22.48049600706416,0 70.10733341893352,22.48064586988581,0 70.10732621454818,22.48088395713441,0 70.10726725498462,22.48134523563768,0 70.10704514738956,22.48138020968999,0 70.10664299762533,22.48132701412057,0 70.10642174289048,22.48126305789128,0 70.10629809439678,22.4811441002007,0 70.10606282848389,22.48100600688485,0 70.10582628199741,22.48089674948037,0 70.10556595464134,22.48083102092465,0 70.10526522638438,22.48073269055584,0 70.10525946271561,22.48063012023789,0 
						</coordinates>
					</LinearRing>
				</outerBoundaryIs>
			</Polygon>
		</Placemark>
		<Placemark id="023CC3097A4208617160">
			<name>Jamnagar LF -2024</name>
			<LookAt>
				<longitude>70.10613140964891</longitude>
				<latitude>22.48119677224389</latitude>
				<altitude>32.89767221484388</altitude>
				<heading>-82.74971716371488</heading>
				<tilt>0.08044483822717248</tilt>
				<gx:fovy>35</gx:fovy>
				<range>655.7245094774407</range>
				<altitudeMode>absolute</altitudeMode>
			</LookAt>
			<styleUrl>#__managed_style_090F53E51C420861D188</styleUrl>
			<Polygon>
				<outerBoundaryIs>
					<LinearRing>
						<coordinates>
							70.10559769564709,22.47976607123433,0 70.10646329489737,22.47981870698858,0 70.10656837188112,22.48009684987027,0 70.10650223720855,22.48036307220437,0 70.10655216389748,22.4804741746272,0 70.10683040285458,22.48052421569927,0 70.10709928522361,22.48037725204611,0 70.10721891830488,22.48048083441578,0 70.10726595665295,22.48086982941129,0 70.10709420477843,22.48087604766415,0 70.10724901376599,22.48117349162322,0 70.10717082391032,22.4813498064963,0 70.10706183943287,22.48138511085149,0 70.10653116044284,22.4813004032955,0 70.10593985241589,22.48100195873738,0 70.10539750694839,22.4806939232207,0 70.10543946955657,22.48022924401447,0 70.10545593088952,22.47996906227751,0 70.10559769564709,22.47976607123433,0 
						</coordinates>
					</LinearRing>
				</outerBoundaryIs>
			</Polygon>
		</Placemark>
		<Placemark id="0E3C53CFEB42086337BE">
			<name>Jamnagar LF - 2022</name>
			<visibility>0</visibility>
			<LookAt>
				<longitude>70.1062114668683</longitude>
				<latitude>22.48114945649254</latitude>
				<altitude>32.72487061558746</altitude>
				<heading>281.5874163789242</heading>
				<tilt>0</tilt>
				<gx:fovy>35</gx:fovy>
				<range>775.3901768407377</range>
				<altitudeMode>absolute</altitudeMode>
			</LookAt>
			<styleUrl>#__managed_style_0B3E1C109B4208637D53</styleUrl>
			<Polygon>
				<outerBoundaryIs>
					<LinearRing>
						<coordinates>
							70.10535974117249,22.47975019802033,0 70.10577138558051,22.47978793911083,0 70.10642932638891,22.47987515482265,0 70.10650741321621,22.47984050848963,0 70.10687570021851,22.47986231111044,0 70.10715384857275,22.47985221322836,0 70.10736275219786,22.47981677199358,0 70.10727349974519,22.48002516328746,0 70.10708097227564,22.48004610700081,0 70.10696224212285,22.48010562718491,0 70.10676042188582,22.48003240109253,0 70.10669968864894,22.47998494060811,0 70.1065777419049,22.47999579395848,0 70.10648789062849,22.48043173192623,0 70.10680520166846,22.4804646780308,0 70.10689660268676,22.48048131719985,0 70.10693221746268,22.48037594939164,0 70.10711646447398,22.48029893735642,0 70.10720153851223,22.48026997206481,0 70.10727627961444,22.48036031714071,0 70.10721543733338,22.48045641858503,0 70.10713525259652,22.48047874439373,0 70.10717137625392,22.48060336617679,0 70.10726398612887,22.4807044621164,0 70.10743243443383,22.48151162192252,0 70.10701802709102,22.4814457016915,0 70.10675098836975,22.48132477273389,0 70.10647350418471,22.48118430624146,0 70.10639240758404,22.48110822268426,0 70.10625209493374,22.48100597969787,0 70.10611322413574,22.48101111476104,0 70.10603284152472,22.48096039049636,0 70.10591612227938,22.48097516565974,0 70.10578748611715,22.48091669647805,0 70.10557204160368,22.48087603528997,0 70.10549982423656,22.48080775240279,0 70.10535804332866,22.48074093911301,0 70.10535549290159,22.48065542558659,0 70.1052992506968,22.48057693428071,0 70.10530374752467,22.48029649369378,0 70.10533110169081,22.48021314213948,0 70.10532523255749,22.48010729625355,0 70.10535974117249,22.47975019802033,0 
						</coordinates>
					</LinearRing>
				</outerBoundaryIs>
			</Polygon>
		</Placemark>
		<Placemark id="07EE2C98CA4208659297">
			<name>Jamnagar LF -2020</name>
			<visibility>0</visibility>
			<LookAt>
				<longitude>70.10596873748074</longitude>
				<latitude>22.4804039438017</latitude>
				<altitude>34.48577638979725</altitude>
				<heading>-77.12172324775383</heading>
				<tilt>2.441266661344928</tilt>
				<gx:fovy>35</gx:fovy>
				<range>843.1337569598693</range>
				<altitudeMode>absolute</altitudeMode>
			</LookAt>
			<styleUrl>#__managed_style_04642608BD420865C5EC</styleUrl>
			<Polygon>
				<outerBoundaryIs>
					<LinearRing>
						<coordinates>
							70.10535531013741,22.47963071210487,0 70.10542776530332,22.47970677883373,0 70.10643294461569,22.47978934617581,0 70.10651570962163,22.47973599337133,0 70.10736445819155,22.47976516517696,0 70.10732110511009,22.4800001010205,0 70.1071433512129,22.48010981829628,0 70.10684629486362,22.48010062392426,0 70.10652997876853,22.48009153555726,0 70.10649608993324,22.48040076540919,0 70.10678546222803,22.48047883862524,0 70.10699758867916,22.48031287903985,0 70.10712187104697,22.48027984942741,0 70.10724109599444,22.48037342077055,0 70.1072756539168,22.48073823992866,0 70.10734554996344,22.48098392571959,0 70.10744888296389,22.48124649934073,0 70.10747154014888,22.4813694357879,0 70.10740361315582,22.48147318528825,0 70.10730454045348,22.48148436739847,0 70.1072508711211,22.48143563590009,0 70.10706848437754,22.48145893986413,0 70.10700421046954,22.48137843579542,0 70.10674374876587,22.48131458216932,0 70.10627870979687,22.48104304654427,0 70.10609846448349,22.48101179071547,0 70.10603149582336,22.48095642981131,0 70.10583623771721,22.48091622249544,0 70.1057283839714,22.48088872530781,0 70.10560476175543,22.48082867741561,0 70.10545888659499,22.48083775489053,0 70.10529586871712,22.48077819659512,0 70.10529435620329,22.4801827030058,0 70.1053190527564,22.47971164079775,0 70.10535531013741,22.47963071210487,0 
						</coordinates>
					</LinearRing>
				</outerBoundaryIs>
			</Polygon>
		</Placemark>
		<Placemark id="000DC2658B420868707C">
			<name>Jamnagar LF - 2018</name>
			<visibility>0</visibility>
			<LookAt>
				<longitude>70.10602078470183</longitude>
				<latitude>22.48055508820328</latitude>
				<altitude>34.18454988397364</altitude>
				<heading>290.8556409898981</heading>
				<tilt>0</tilt>
				<gx:fovy>35</gx:fovy>
				<range>523.4983447587002</range>
				<altitudeMode>absolute</altitudeMode>
			</LookAt>
			<styleUrl>#__managed_style_06B4AF9CD64207D6F394000</styleUrl>
			<Polygon>
				<outerBoundaryIs>
					<LinearRing>
						<coordinates>
							70.1067871098374,22.4804215781026,0 70.10725636030679,22.48078722972732,0 70.10732998588321,22.48100366683502,0 70.10742831027819,22.48130323874835,0 70.10730690501725,22.48133630763564,0 70.10715105722183,22.48133139770048,0 70.10695099792737,22.48137412163634,0 70.10672085865799,22.48135798530755,0 70.10652548972861,22.48132245119218,0 70.10639370521451,22.48132271471228,0 70.10631943527498,22.48125258229604,0 70.106232200082,22.48116272386132,0 70.10614497358722,22.48113253083453,0 70.10613540233663,22.48101727964224,0 70.10588669142331,22.48092618481497,0 70.10584923270518,22.48087219239865,0 70.10557467746537,22.48079277531003,0 70.10539741993892,22.48070753127318,0 70.10530150883233,22.48072365817252,0 70.10528307886494,22.48043945989906,0 70.10531809331378,22.47970737203218,0 70.10589798566926,22.47982371860022,0 70.1059410785553,22.47978444544029,0 70.10615018031061,22.47977693572601,0 70.10639494359715,22.47979941718359,0 70.10661873082472,22.47981090601322,0 70.10675800775179,22.47988463962096,0 70.10685270539179,22.48001862487999,0 70.10675142871091,22.48009971142277,0 70.10670057311054,22.48011535165459,0 70.10653684564437,22.48008833986017,0 70.10653390597879,22.48009934731786,0 70.1065290798325,22.48013684945132,0 70.10654837671423,22.48014003157191,0 70.10649886946997,22.48036549037407,0 70.1067871098374,22.4804215781026,0 
						</coordinates>
					</LinearRing>
				</outerBoundaryIs>
			</Polygon>
		</Placemark>
		<Placemark id="0D8B4C248142086F1C70">
			<name>Jamnagar LF - 2016</name>
			<visibility>0</visibility>
			<LookAt>
				<longitude>70.10633674244254</longitude>
				<latitude>22.48124527498316</latitude>
				<altitude>33.20579900916106</altitude>
				<heading>-62.19419484744758</heading>
				<tilt>1.311617183299168</tilt>
				<gx:fovy>35</gx:fovy>
				<range>527.8749244906066</range>
				<altitudeMode>absolute</altitudeMode>
			</LookAt>
			<styleUrl>#__managed_style_050A06BC174207DE1EAE0</styleUrl>
			<Polygon>
				<outerBoundaryIs>
					<LinearRing>
						<coordinates>
							70.10548315684349,22.48056677362256,0 70.10559499294841,22.48047555328044,0 70.10580895041122,22.48045248282721,0 70.1058506918673,22.48016090018876,0 70.10603643589445,22.48002551027588,0 70.10622162889554,22.48002667641759,0 70.10644455794143,22.48015658182552,0 70.10653457080103,22.48020785490514,0 70.10650039723787,22.48037458211675,0 70.10687547688477,22.48045036942311,0 70.1070572278974,22.48060997904472,0 70.10712661006538,22.48068499342577,0 70.10722693524112,22.48070130897926,0 70.10743078071825,22.48128443200354,0 70.10733253588548,22.48131891574517,0 70.10725135020942,22.48149251112643,0 70.10688809222916,22.48138492262636,0 70.10675096110748,22.48140297421945,0 70.10662106383566,22.48132844947535,0 70.10654162791185,22.48121480052961,0 70.10635026631661,22.48112222319627,0 70.10624956015313,22.48099603507984,0 70.10600072053276,22.48077547380394,0 70.10571254943977,22.48069301341978,0 70.1055795711942,22.48064876516445,0 70.10548315684349,22.48056677362256,0 
						</coordinates>
					</LinearRing>
				</outerBoundaryIs>
			</Polygon>
		</Placemark>
		<Folder id="09D845545442087928A0">
			<name>Vapi</name>
			<open>1</open>
			<styleUrl>#__managed_style_045E9A83FF4208779EB8</styleUrl>
		</Folder>
	</Folder>
	<Folder id="0DA80B29214208799F7C">
		<name>Vapi</name>
		<styleUrl>#__managed_style_045E9A83FF4208779EB8</styleUrl>
		<Placemark id="05902461FE420091FB78">
			<name>Vapi LF - 1</name>
			<LookAt>
				<longitude>72.88409180189457</longitude>
				<latitude>20.3670290050821</latitude>
				<altitude>33.93164326602897</altitude>
				<heading>347.7372951885374</heading>
				<tilt>0</tilt>
				<gx:fovy>35</gx:fovy>
				<range>514.639912638595</range>
				<altitudeMode>absolute</altitudeMode>
			</LookAt>
			<styleUrl>#__managed_style_08FE34D98742038E43F0</styleUrl>
			<Point>
				<coordinates>72.88396876965669,20.36716846899635,33.68875697474286</coordinates>
			</Point>
		</Placemark>
		<Placemark id="0E0357DAFA4206FEE380">
			<name>Vapi-LF-2026</name>
			<visibility>0</visibility>
			<LookAt>
				<longitude>72.88450812219733</longitude>
				<latitude>20.36671667734151</latitude>
				<altitude>33.75007044211289</altitude>
				<heading>6.135154013054873</heading>
				<tilt>0</tilt>
				<gx:fovy>35</gx:fovy>
				<range>508.6177697073437</range>
				<altitudeMode>absolute</altitudeMode>
			</LookAt>
			<styleUrl>#__managed_style_05E6CF2F3742050C14400</styleUrl>
			<Polygon>
				<outerBoundaryIs>
					<LinearRing>
						<coordinates>
							72.88348919194299,20.36741256944902,0 72.88362078507407,20.36655074302994,0 72.88400808965167,20.3665942174855,0 72.8840394840046,20.36635579333484,0 72.88404369140072,20.366269714969,0 72.884065183296,20.36624562340335,0 72.88409912973202,20.36625857628707,0 72.88406200421636,20.36661657828006,0 72.88419871944046,20.36664157852312,0 72.88421785017019,20.36656918197816,0 72.88447222530557,20.3665845522467,0 72.8845144475624,20.36647253782982,0 72.88449958096312,20.36641980544347,0 72.88455130932154,20.36601978778106,0 72.88468506031407,20.36610907256719,0 72.88463265510057,20.3662144576122,0 72.88462066427657,20.3664001110522,0 72.88460591930713,20.3665648749997,0 72.88459988836122,20.36660419071269,0 72.88461507384515,20.36662521879139,0 72.88469215429484,20.36665741857416,0 72.88478783641858,20.3667117853492,0 72.88480343256848,20.36674522668658,0 72.88482362545182,20.36680846270034,0 72.88484005972158,20.3668625795865,0 72.88484796553892,20.36695540347882,0 72.88477327568549,20.36711539309939,0 72.88474532751603,20.36721278336132,0 72.88468697584179,20.36722443187514,0 72.88462228127025,20.36722766172608,0 72.88454492471915,20.36727043623663,0 72.88450368309155,20.36732283039304,0 72.88440218634443,20.36742726041888,0 72.88437186304493,20.36747435782162,0 72.88434432813936,20.36757769839714,0 72.88429900908621,20.36767909398865,0 72.88396731235761,20.36761983288601,0 72.88373551313819,20.36758004002033,0 72.88363943543621,20.36755959370338,0 72.88350908665055,20.3675118435373,0 72.88348919194299,20.36741256944902,0 
						</coordinates>
					</LinearRing>
				</outerBoundaryIs>
			</Polygon>
		</Placemark>
		<Placemark id="098D5764F84205095B5C">
			<name>Vapi-LF - 2025</name>
			<visibility>0</visibility>
			<LookAt>
				<longitude>72.88393131178999</longitude>
				<latitude>20.3672677611264</latitude>
				<altitude>33.37503766647332</altitude>
				<heading>8.695694166422587</heading>
				<tilt>0</tilt>
				<gx:fovy>35</gx:fovy>
				<range>397.621080766985</range>
				<altitudeMode>absolute</altitudeMode>
			</LookAt>
			<styleUrl>#__managed_style_05E6CF2F3742050C14400</styleUrl>
			<Polygon>
				<outerBoundaryIs>
					<LinearRing>
						<coordinates>
							72.88361754140496,20.36654207583904,0 72.88396376339936,20.36657310342105,0 72.88405626406363,20.36618494305245,0 72.88410965288659,20.36617784425664,0 72.88406479516772,20.36660618171346,0 72.88407204146232,20.36661553986849,0 72.8840956469988,20.36662185296525,0 72.88411401984932,20.36662192084031,0 72.88415031193422,20.36662408887707,0 72.88418488638364,20.36661775452219,0 72.88425817283022,20.36653876109984,0 72.88446493761913,20.36657874328663,0 72.88448948984406,20.36640910839999,0 72.88449650733396,20.36635839308003,0 72.88451551970824,20.36626212529943,0 72.88452517215507,20.36619235134375,0 72.88453609883105,20.36611358682114,0 72.88453415388287,20.3660665600026,0 72.88453980027168,20.36605717175471,0 72.88456083794135,20.3660504435546,0 72.88458793877507,20.36605419296722,0 72.8846812352886,20.36611495838115,0 72.88467833534418,20.36612958528603,0 72.88466365342181,20.36615352272499,0 72.88465164877906,20.36617026991138,0 72.88464030020543,20.36618877610837,0 72.88462799666932,20.36621128130056,0 72.88462541898828,20.36623441130434,0 72.88462131569975,20.36627683787958,0 72.88462329967001,20.36630621391389,0 72.8846244638802,20.3663310790937,0 72.88462343484287,20.36636080777265,0 72.88462325219407,20.36638513664467,0 72.88462691851547,20.36641481206442,0 72.88462966326071,20.36646203124197,0 72.88463241877373,20.3665228621521,0 72.88463090611208,20.3665887449605,0 72.88464011563001,20.366641695135,0 72.8847954162606,20.36673889559849,0 72.88483507383773,20.36683176016039,0 72.88485194240442,20.36693282673444,0 72.88480403309006,20.36709464786647,0 72.88473143152821,20.36722551834512,0 72.88462554364332,20.36723672279892,0 72.88436276445307,20.36747742489705,0 72.88434684830536,20.36757270495602,0 72.88430452746255,20.3676849717618,0 72.88362724116199,20.36756957604419,0 72.88350601826527,20.36750579985667,0 72.88361754140496,20.36654207583904,0 
						</coordinates>
					</LinearRing>
				</outerBoundaryIs>
			</Polygon>
		</Placemark>
		<Placemark id="0F1DF9D62A42050B624C">
			<name>Vapi-LF - 2022</name>
			<LookAt>
				<longitude>72.88393131178999</longitude>
				<latitude>20.3672677611264</latitude>
				<altitude>33.37503766647332</altitude>
				<heading>8.695694166422587</heading>
				<tilt>0</tilt>
				<gx:fovy>35</gx:fovy>
				<range>397.621080766985</range>
				<altitudeMode>absolute</altitudeMode>
			</LookAt>
			<styleUrl>#__managed_style_05E6CF2F3742050C14400</styleUrl>
			<Polygon>
				<outerBoundaryIs>
					<LinearRing>
						<coordinates>
							72.88361754140496,20.36654207583904,0 72.88386370352703,20.36547133265528,0 72.88396350748938,20.36567533104125,0 72.88396639861109,20.3659256317035,0 72.88411713095829,20.36600999665623,0 72.88402298735346,20.36657807340595,0 72.88405344373164,20.3665827646263,0 72.88406479516772,20.36660618171346,0 72.88407204146232,20.36661553986849,0 72.8840956469988,20.36662185296525,0 72.88411401984932,20.36662192084031,0 72.88415031193422,20.36662408887707,0 72.88418488638364,20.36661775452219,0 72.88425817283022,20.36653876109984,0 72.88446493761913,20.36657874328663,0 72.88448948984406,20.36640910839999,0 72.88449650733396,20.36635839308003,0 72.88451551970824,20.36626212529943,0 72.88452517215507,20.36619235134375,0 72.88453609883105,20.36611358682114,0 72.88453415388287,20.3660665600026,0 72.88453980027168,20.36605717175471,0 72.88456083794135,20.3660504435546,0 72.88458793877507,20.36605419296722,0 72.8846812352886,20.36611495838115,0 72.88467833534418,20.36612958528603,0 72.88466365342181,20.36615352272499,0 72.88465164877906,20.36617026991138,0 72.88464030020543,20.36618877610837,0 72.88462799666932,20.36621128130056,0 72.88462541898828,20.36623441130434,0 72.88462131569975,20.36627683787958,0 72.88462329967001,20.36630621391389,0 72.8846244638802,20.3663310790937,0 72.88462343484287,20.36636080777265,0 72.88462325219407,20.36638513664467,0 72.88462691851547,20.36641481206442,0 72.88462966326071,20.36646203124197,0 72.88463241877373,20.3665228621521,0 72.88463090611208,20.3665887449605,0 72.8846495771449,20.36662213552285,0 72.88472687121711,20.36667574818174,0 72.8847954162606,20.36673889559849,0 72.88483507383773,20.36683176016039,0 72.88485194240442,20.36693282673444,0 72.88480403309006,20.36709464786647,0 72.88473143152821,20.36722551834512,0 72.88462554364332,20.36723672279892,0 72.88436276445307,20.36747742489705,0 72.88434684830536,20.36757270495602,0 72.88433617872897,20.36761968787295,0 72.88429740583982,20.36767083936471,0 72.88366609354931,20.36752086914086,0 72.88347343473437,20.36745880890372,0 72.88361754140496,20.36654207583904,0 
						</coordinates>
					</LinearRing>
				</outerBoundaryIs>
			</Polygon>
		</Placemark>
		<Placemark id="0F00B48EF64206F92411">
			<name>Vapi-LF - 2020</name>
			<visibility>0</visibility>
			<LookAt>
				<longitude>72.88416675193332</longitude>
				<latitude>20.36718098517865</latitude>
				<altitude>33.80501200772727</altitude>
				<heading>-18.65116828201265</heading>
				<tilt>0.4482683224761639</tilt>
				<gx:fovy>35</gx:fovy>
				<range>501.122504915984</range>
				<altitudeMode>absolute</altitudeMode>
			</LookAt>
			<styleUrl>#__managed_style_05E6CF2F3742050C14400</styleUrl>
			<Polygon>
				<outerBoundaryIs>
					<LinearRing>
						<coordinates>
							72.88383270985267,20.3674587069532,0 72.88385046314988,20.36741167917733,0 72.88396852960911,20.36735110963457,0 72.88372756512589,20.36726705210226,0 72.88379195076354,20.366777304567,0 72.88364938752183,20.36674559103227,0 72.88377467341883,20.3665086949729,0 72.88429363425192,20.36662187406232,0 72.88433654607346,20.36655832879275,0 72.8845773770192,20.36650823001125,0 72.88458866407221,20.3665910202762,0 72.88469588724081,20.36667984666142,0 72.88470313236932,20.36674871230504,0 72.88476787919123,20.36682187370169,0 72.88464278951187,20.3670813926542,0 72.88442020601241,20.36731739551837,0 72.88441268332323,20.36737768006474,0 72.88437211548192,20.36740502184085,0 72.88424473830523,20.36766682450331,0 72.88399507710525,20.36760953406697,0 72.88383270985267,20.3674587069532,0 
						</coordinates>
					</LinearRing>
				</outerBoundaryIs>
			</Polygon>
		</Placemark>
		<Placemark id="044BAC57E14206FCEE56">
			<name>Vapi LF - 2018</name>
			<visibility>0</visibility>
			<LookAt>
				<longitude>72.88458939470145</longitude>
				<latitude>20.36683770247361</latitude>
				<altitude>33.16500378182212</altitude>
				<heading>-5.276068198837047</heading>
				<tilt>21.07465202634754</tilt>
				<gx:fovy>35</gx:fovy>
				<range>784.4625382029335</range>
				<altitudeMode>absolute</altitudeMode>
			</LookAt>
			<styleUrl>#__managed_style_05E6CF2F3742050C14400</styleUrl>
			<Polygon>
				<outerBoundaryIs>
					<LinearRing>
						<coordinates>
							72.88376206311689,20.36742440357095,0 72.88384377865235,20.36705198502665,0 72.88400878226352,20.36718986725677,0 72.88414779647478,20.36724096225069,0 72.88424941741468,20.36716364302837,0 72.88424521058415,20.36708387593762,0 72.88418332838627,20.36698113928248,0 72.88402060037407,20.36695334778104,0 72.88384328633568,20.3668823843966,0 72.88398797835583,20.36633149105219,0 72.88415828148716,20.36601832327593,0 72.88420343805039,20.36612081407476,0 72.88446360777104,20.36607584493443,0 72.88445148951728,20.36618859136591,0 72.88447758092539,20.36627539610037,0 72.8844903035977,20.36632083950737,0 72.88453714282892,20.36640537103546,0 72.88456418215199,20.3665368849839,0 72.88461771942563,20.36670016549925,0 72.88459170213549,20.36681602928142,0 72.88456430884611,20.36691412605077,0 72.88453752227329,20.36702613413436,0 72.88451954520549,20.36714127062971,0 72.88445556551426,20.36724335503831,0 72.88439832744567,20.36730159688366,0 72.8843049238364,20.36737488107997,0 72.8842145554665,20.3674338288968,0 72.88413574281759,20.36747585493174,0 72.88401932535446,20.36749174272207,0 72.88392798135661,20.36746538297194,0 72.88385700768731,20.36745492577421,0 72.88376206311689,20.36742440357095,0 
						</coordinates>
					</LinearRing>
				</outerBoundaryIs>
			</Polygon>
		</Placemark>
		<Placemark id="0831D1AD174207AEBF38">
			<name>Vapi LF - 2016</name>
			<visibility>0</visibility>
			<LookAt>
				<longitude>72.88385430343637</longitude>
				<latitude>20.36694576393348</latitude>
				<altitude>32.70485422207572</altitude>
				<heading>-12.50700775375885</heading>
				<tilt>6.28083841429476</tilt>
				<gx:fovy>35</gx:fovy>
				<range>676.2191162905219</range>
				<altitudeMode>absolute</altitudeMode>
			</LookAt>
			<styleUrl>#__managed_style_05E6CF2F3742050C14400</styleUrl>
			<Polygon>
				<outerBoundaryIs>
					<LinearRing>
						<coordinates>
							72.8837510027596,20.36749044314185,0 72.88387079427868,20.3668029247131,0 72.88396287663346,20.36642191322369,0 72.88404420070613,20.36612030530773,0 72.88407894474643,20.36605539218748,0 72.88417488500218,20.36604122298401,0 72.88420818525128,20.36610326579175,0 72.88407999977129,20.36626995525151,0 72.88408978225746,20.36646054979315,0 72.88414330830061,20.36661932730688,0 72.8842354895759,20.36671549681197,0 72.88427458232364,20.36681334831486,0 72.8843209209295,20.36690433075272,0 72.88430434767922,20.36696426261325,0 72.88430490975365,20.36699289166328,0 72.88435401624744,20.36709859471726,0 72.88434926540234,20.36718851894551,0 72.88433130976732,20.36726117359902,0 72.88422905295231,20.36731985936285,0 72.8841685185922,20.36733423966557,0 72.88410787382006,20.36746244759629,0 72.88398014478246,20.36750490017782,0 72.8837510027596,20.36749044314185,0 
						</coordinates>
					</LinearRing>
				</outerBoundaryIs>
			</Polygon>
		</Placemark>
	</Folder>
	<Folder id="06C0318A0B42087A6326">
		<name>Mehsana</name>
		<styleUrl>#__managed_style_045E9A83FF4208779EB8</styleUrl>
		<Placemark id="0758D1B98842008ABF18">
			<name>Mehsana LF - 1</name>
			<LookAt>
				<longitude>72.39721067981108</longitude>
				<latitude>23.58980299349357</latitude>
				<altitude>107.3822393495215</altitude>
				<heading>68.17331708399884</heading>
				<tilt>0</tilt>
				<gx:fovy>35</gx:fovy>
				<range>1354.264720120991</range>
				<altitudeMode>absolute</altitudeMode>
			</LookAt>
			<styleUrl>#__managed_style_08FE34D98742038E43F0</styleUrl>
			<Point>
				<coordinates>72.39627800170804,23.58907203682305,106.1984629065636</coordinates>
			</Point>
		</Placemark>
		<Placemark id="0E18638B6C4207E0A37C">
			<name>Mehsana LF - 2016</name>
			<visibility>0</visibility>
			<LookAt>
				<longitude>72.39707261016279</longitude>
				<latitude>23.58850330879408</latitude>
				<altitude>107.4633261582473</altitude>
				<heading>73.589832375692</heading>
				<tilt>0.7033202910982637</tilt>
				<gx:fovy>35</gx:fovy>
				<range>1002.614460765762</range>
				<altitudeMode>absolute</altitudeMode>
			</LookAt>
			<styleUrl>#__managed_style_050A06BC174207DE1EAE0</styleUrl>
			<Polygon>
				<outerBoundaryIs>
					<LinearRing>
						<coordinates>
							72.39505855642858,23.58835503347686,0 72.39716797252564,23.58847313190941,0 72.39731858619798,23.5885192141551,0 72.39736758021517,23.58860835767048,0 72.3972836026247,23.5893265903749,0 72.39708079595685,23.58933814774273,0 72.39706328739179,23.58946879316908,0 72.39677624532152,23.5895206821756,0 72.39658554505448,23.58950294413751,0 72.39601161658695,23.58945654426374,0 72.39578127030791,23.58943289484902,0 72.39550573840987,23.58937046185111,0 72.39551715492958,23.58930092398773,0 72.39541007008901,23.58928807389128,0 72.3953223426433,23.58927929160426,0 72.39521076575512,23.5892662277643,0 72.39514818566803,23.58921509757997,0 72.3951126352114,23.5891106382411,0 72.39509563714182,23.58901648740984,0 72.39501825289851,23.58885219563258,0 72.39497984044745,23.58871223010685,0 72.3949382742278,23.5886197140354,0 72.39505855642858,23.58835503347686,0 
						</coordinates>
					</LinearRing>
				</outerBoundaryIs>
			</Polygon>
		</Placemark>
		<Placemark id="030234A2584207E34ED7">
			<name>Mehsana LF - 2018</name>
			<visibility>0</visibility>
			<LookAt>
				<longitude>72.39652865416689</longitude>
				<latitude>23.58798420226833</latitude>
				<altitude>106.4398021341172</altitude>
				<heading>71.31829832623421</heading>
				<tilt>0</tilt>
				<gx:fovy>35</gx:fovy>
				<range>681.2392452462519</range>
				<altitudeMode>absolute</altitudeMode>
			</LookAt>
			<styleUrl>#__managed_style_06B4AF9CD64207D6F394000</styleUrl>
			<Polygon>
				<outerBoundaryIs>
					<LinearRing>
						<coordinates>
							72.39483592792814,23.58856524963117,0 72.39493157310554,23.58833975572871,0 72.39537634399223,23.58837224441557,0 72.39620818616571,23.58841502477878,0 72.39716492804661,23.58847558254168,0 72.3973252637807,23.5885469466558,0 72.39734027264275,23.58885699634094,0 72.39729049492327,23.58931812917261,0 72.39550853867287,23.58925508252084,0 72.39527188712539,23.58913139881732,0 72.39518657989414,23.589059729369,0 72.39511279761145,23.58884962847809,0 72.39508385020638,23.58869928153035,0 72.39483592792814,23.58856524963117,0 
						</coordinates>
					</LinearRing>
				</outerBoundaryIs>
			</Polygon>
		</Placemark>
		<Placemark id="096CD8A32B42084F38E3">
			<name>Mehsana LF - 2020</name>
			<visibility>0</visibility>
			<LookAt>
				<longitude>72.3956743297455</longitude>
				<latitude>23.58905160878317</latitude>
				<altitude>106.0827700774871</altitude>
				<heading>87.03958315503469</heading>
				<tilt>9.396160351599107</tilt>
				<gx:fovy>35</gx:fovy>
				<range>539.1821163382701</range>
				<altitudeMode>absolute</altitudeMode>
			</LookAt>
			<styleUrl>#__managed_style_0768DE21824207D1BB70</styleUrl>
			<Polygon>
				<outerBoundaryIs>
					<LinearRing>
						<coordinates>
							72.39599369999979,23.58838946083739,0 72.3961991529123,23.58841213176926,0 72.3966348281767,23.58843721885465,0 72.3970154399457,23.58846025511512,0 72.39723351781771,23.58846461477228,0 72.39729494910389,23.58851028861778,0 72.39730916119896,23.58860843798062,0 72.39732162871971,23.58875389999505,0 72.39731193030181,23.58896348069731,0 72.39730305060341,23.5891296188317,0 72.39728315165952,23.58925439354803,0 72.39713930138086,23.58935463507397,0 72.39716696122544,23.58945473759695,0 72.39721359245887,23.58961764733197,0 72.39723023605021,23.58977568432108,0 72.39722978137785,23.5899020261235,0 72.397200305388,23.59000575472681,0 72.39714668688325,23.59008049614508,0 72.39605813935046,23.59007384561243,0 72.39597384909831,23.5900495954368,0 72.39583024044953,23.5900408096733,0 72.39559641280179,23.59003721931598,0 72.39543371109535,23.59004308167424,0 72.39534429589138,23.58999286500434,0 72.39529983472282,23.58987782537917,0 72.39530377741505,23.58973368759814,0 72.39521239340945,23.58967288162559,0 72.39523117291215,23.58955931858481,0 72.39525597599847,23.58936057480568,0 72.39533950786955,23.58928064278696,0 72.39533985410094,23.58922484236635,0 72.39511719692514,23.58919691929599,0 72.39508309664464,23.58892401636702,0 72.39494701233272,23.58863978830047,0 72.3948464312478,23.58858262798255,0 72.39487551884159,23.58837885936851,0 72.39599369999979,23.58838946083739,0 
						</coordinates>
					</LinearRing>
				</outerBoundaryIs>
			</Polygon>
		</Placemark>
		<Placemark id="008AD2CDC84208517AF7">
			<name>Mehsana LF - 2022</name>
			<visibility>0</visibility>
			<LookAt>
				<longitude>72.39651512563179</longitude>
				<latitude>23.58943536520616</latitude>
				<altitude>106.4001956627058</altitude>
				<heading>86.64690030087918</heading>
				<tilt>4.896474694822877</tilt>
				<gx:fovy>35</gx:fovy>
				<range>967.9511556880607</range>
				<altitudeMode>absolute</altitudeMode>
			</LookAt>
			<styleUrl>#__managed_style_00D276167F4207CAC4E8</styleUrl>
			<Polygon>
				<outerBoundaryIs>
					<LinearRing>
						<coordinates>
							72.394998150679,23.58833178126594,0 72.39504206520479,23.58836581292093,0 72.39549371039128,23.5884035840804,0 72.39591457642817,23.58843978982859,0 72.39600191779536,23.58842774281472,0 72.39695538774356,23.58851412635102,0 72.39726801917504,23.58856219886195,0 72.39732651095956,23.58861154185071,0 72.39732915631973,23.5886900081594,0 72.39726672158734,23.58873262001045,0 72.39719273883958,23.58871083490765,0 72.39712416990925,23.58864847738784,0 72.39694982425553,23.58864302936307,0 72.39692020000483,23.58893059378842,0 72.39691900321914,23.58912803226395,0 72.39695192784598,23.58929169156177,0 72.39707518261855,23.58939729087172,0 72.39716344014101,23.58947623941062,0 72.39721632996732,23.58958325694612,0 72.39725196207709,23.58970714286808,0 72.39722940913509,23.58981766208652,0 72.39721404918208,23.59002506648747,0 72.3971526567933,23.59010271195905,0 72.39633578089366,23.59001969594817,0 72.39622795123535,23.59006938071288,0 72.3960165375088,23.59007155412464,0 72.39573550673599,23.59002534438986,0 72.39536920016168,23.59004200860129,0 72.39531089347737,23.58992798692897,0 72.39521470954345,23.58966675756274,0 72.39524741915214,23.58943259947809,0 72.39521542615537,23.58921382841077,0 72.39518606245778,23.58907929396422,0 72.39506353490381,23.58884123765202,0 72.39497197156902,23.58872748990279,0 72.39489899147337,23.58856071795807,0 72.39490067531712,23.58846385538723,0 72.39492957671068,23.58838736402497,0 72.394998150679,23.58833178126594,0 
						</coordinates>
					</LinearRing>
				</outerBoundaryIs>
			</Polygon>
		</Placemark>
		<Placemark id="0F6B60CA3C4208538ABC">
			<name>Mehsana LF- 2024</name>
			<visibility>0</visibility>
			<LookAt>
				<longitude>72.39655235607172</longitude>
				<latitude>23.58909727677281</latitude>
				<altitude>105.2231818106102</altitude>
				<heading>88.27223824139774</heading>
				<tilt>0</tilt>
				<gx:fovy>35</gx:fovy>
				<range>640.1437855046242</range>
				<altitudeMode>absolute</altitudeMode>
			</LookAt>
			<styleUrl>#__managed_style_00D276167F4207CAC4E8</styleUrl>
			<Polygon>
				<outerBoundaryIs>
					<LinearRing>
						<coordinates>
							72.39596461271486,23.58842977351875,0 72.39692845702622,23.58847770920917,0 72.39707031326937,23.58843921761501,0 72.39710409801145,23.58850140326633,0 72.39712361332428,23.58860892913618,0 72.39733239036345,23.58863210130214,0 72.39734103535002,23.58904077292257,0 72.39734632318412,23.58921813897225,0 72.39732132944218,23.58927983686475,0 72.39713587202695,23.58930644300681,0 72.39718084037445,23.58965751792799,0 72.39715210946987,23.59007021140883,0 72.39722610635714,23.5900778618603,0 72.39721190035031,23.59016407775138,0 72.39705438485366,23.59019387089859,0 72.39695898451888,23.59018739292466,0 72.39693611856171,23.59015798282838,0 72.39675160599757,23.5901856505229,0 72.39650488050842,23.59015119603173,0 72.39607364245512,23.59014440923508,0 72.39596173847121,23.59017177425225,0 72.39538710254176,23.5901472588543,0 72.39532260094597,23.59011869839449,0 72.3951066499242,23.59008435551158,0 72.39511089717806,23.58991298963315,0 72.39502103861184,23.58988103014593,0 72.39501914445512,23.58924759577632,0 72.39515017705652,23.58924952410571,0 72.39516085784521,23.58918630213113,0 72.39496797024623,23.58855560699424,0 72.39498014589925,23.58836585202816,0 72.39596461271486,23.58842977351875,0 
						</coordinates>
					</LinearRing>
				</outerBoundaryIs>
			</Polygon>
		</Placemark>
		<Placemark id="06DF955EC6420856D449">
			<name>Mehsana LF -2026</name>
			<LookAt>
				<longitude>72.39630725677962</longitude>
				<latitude>23.58901528865217</latitude>
				<altitude>104.8208585957852</altitude>
				<heading>85.55168792907342</heading>
				<tilt>0</tilt>
				<gx:fovy>35</gx:fovy>
				<range>938.1609872309491</range>
				<altitudeMode>absolute</altitudeMode>
			</LookAt>
			<styleUrl>#__managed_style_011BE5B9394207C64408</styleUrl>
			<Polygon>
				<outerBoundaryIs>
					<LinearRing>
						<coordinates>
							72.39502095523454,23.58840342563288,0 72.39683299014811,23.58851570401215,0 72.39689809644803,23.58842175948141,0 72.39724765131065,23.5883956041362,0 72.39737754460293,23.58848804902605,0 72.39744463070105,23.5887561288245,0 72.39718477131299,23.58898748003557,0 72.39698228240452,23.58901094507508,0 72.396820279976,23.5889261026382,0 72.39634858029039,23.58893631239275,0 72.39648165775964,23.58927054403992,0 72.39618537540464,23.58926408620431,0 72.39613779143211,23.59019879094134,0 72.39732818234266,23.59023598032244,0 72.39731582677021,23.59034747146018,0 72.39711009853588,23.59039748222526,0 72.39632084978257,23.59037762131757,0 72.39613939708524,23.59032715642167,0 72.39490385532348,23.59030121787973,0 72.39494378269733,23.5892603942404,0 72.39509505073376,23.58927719166372,0 72.39505766782055,23.58997205712618,0 72.39594194082049,23.58999083204107,0 72.39600299530494,23.58926568920057,0 72.39500240035964,23.58917386153597,0 72.39495987372882,23.58851436011439,0 72.39502095523454,23.58840342563288,0 
						</coordinates>
					</LinearRing>
				</outerBoundaryIs>
			</Polygon>
		</Placemark>
		<Folder id="0B1A6491F442087AB3F8">
			<name>Bhuj</name>
			<open>1</open>
			<styleUrl>#__managed_style_045E9A83FF4208779EB8</styleUrl>
		</Folder>
	</Folder>
	<Folder id="01D6AAC85C42087B02A4">
		<name>Bhuj</name>
		<styleUrl>#__managed_style_045E9A83FF4208779EB8</styleUrl>
		<Placemark id="054ED86DED42008719E0">
			<name>Bhuj LF -1</name>
			<LookAt>
				<longitude>69.69865434686402</longitude>
				<latitude>23.26631364695341</latitude>
				<altitude>104.2551837546651</altitude>
				<heading>72.71071469016991</heading>
				<tilt>0</tilt>
				<gx:fovy>35</gx:fovy>
				<range>2141.299971852859</range>
				<altitudeMode>absolute</altitudeMode>
			</LookAt>
			<styleUrl>#__managed_style_08FE34D98742038E43F0</styleUrl>
			<Point>
				<coordinates>69.69805632869043,23.26610033750058,103.9557525140501</coordinates>
			</Point>
		</Placemark>
		<Placemark id="00E2860F004207C11F98">
			<name>Bhuj LF - 2026</name>
			<visibility>0</visibility>
			<LookAt>
				<longitude>69.69867226583881</longitude>
				<latitude>23.26548972663032</latitude>
				<altitude>102.7787402817269</altitude>
				<heading>6.780361682615197</heading>
				<tilt>0</tilt>
				<gx:fovy>35</gx:fovy>
				<range>1201.549742989009</range>
				<altitudeMode>absolute</altitudeMode>
			</LookAt>
			<styleUrl>#__managed_style_011BE5B9394207C64408</styleUrl>
			<Polygon>
				<outerBoundaryIs>
					<LinearRing>
						<coordinates>
							69.69685842399738,23.26671815700178,0 69.69680138264202,23.26661411840932,0 69.69681416717999,23.26657031480635,0 69.69678572308428,23.26630966432764,0 69.69665300565713,23.26607014280639,0 69.69675901831168,23.26600102463852,0 69.69673432217172,23.26586853264005,0 69.69670720204698,23.26580679965454,0 69.69641240567171,23.26578744196369,0 69.69624393228804,23.2654266774081,0 69.69708762361122,23.26538085728209,0 69.69682673900562,23.26432182422667,0 69.69692734383432,23.26419387690136,0 69.69716478696951,23.26422725852237,0 69.69738532944484,23.26393124986285,0 69.69761008259405,23.2637083698517,0 69.69771517447786,23.26368631833066,0 69.69780838055817,23.26379276688422,0 69.69781121263178,23.26388264016028,0 69.6977671670666,23.26398626246012,0 69.69780597692606,23.26403095580761,0 69.69760076149403,23.26433255232354,0 69.69746579688331,23.26471181239475,0 69.69754428168601,23.26535433664462,0 69.69733759809199,23.26560202870279,0 69.69881399706668,23.26606587495613,0 69.69874775369871,23.26616441831468,0 69.69955333076658,23.26669074056965,0 69.69965798841677,23.266556003515,0 69.69937117064224,23.26576697692812,0 69.69922816233664,23.26570593093347,0 69.69911050719206,23.26565183624722,0 69.69917615689533,23.26556820403113,0 69.69950115147114,23.26553244291513,0 69.70016116546029,23.26575043334444,0 69.70040311181124,23.26590258127456,0 69.70056867069792,23.26625208815901,0 69.70034862601307,23.2667810026253,0 69.69997589874816,23.26746592095751,0 69.6996725055664,23.26747690527377,0 69.69947252667545,23.26739195385899,0 69.69930674774814,23.26750530518433,0 69.69898710380139,23.26727726148016,0 69.69890938192485,23.26714137546037,0 69.69876851440068,23.26718589810531,0 69.69845988140108,23.26703985974654,0 69.69819300991826,23.26702871286573,0 69.6978138234409,23.26715522724117,0 69.6974128292909,23.26712075013343,0 69.69735570713158,23.26677687019773,0 69.69685842399738,23.26671815700178,0 
						</coordinates>
					</LinearRing>
				</outerBoundaryIs>
			</Polygon>
		</Placemark>
		<Placemark id="051B0BD9F54207C5D017">
			<name>Bhuj LF -2025</name>
			<visibility>0</visibility>
			<LookAt>
				<longitude>69.69878700847188</longitude>
				<latitude>23.26594434880658</latitude>
				<altitude>103.9260759478009</altitude>
				<heading>351.2469572525181</heading>
				<tilt>0</tilt>
				<gx:fovy>35</gx:fovy>
				<range>1080.05054209556</range>
				<altitudeMode>absolute</altitudeMode>
			</LookAt>
			<styleUrl>#__managed_style_05E6CF2F3742050C14400</styleUrl>
			<Polygon>
				<outerBoundaryIs>
					<LinearRing>
						<coordinates>
							69.69760529764247,23.26355241225209,0 69.69796287913111,23.26377821666421,0 69.69812233411095,23.26393500172193,0 69.69819644184879,23.26401195707193,0 69.69822499982092,23.26411748498774,0 69.69799057520788,23.26419457513085,0 69.69804845338619,23.26434254098062,0 69.69769370353828,23.26441292881866,0 69.69767593226597,23.26463676649353,0 69.69783712368627,23.26514828766478,0 69.6978625543841,23.26528389927917,0 69.69776127230709,23.26532076877989,0 69.69759446144852,23.2653191090774,0 69.69759645165057,23.26538201749108,0 69.69783961551772,23.26577879679242,0 69.69880430188319,23.26608489606611,0 69.69936141395908,23.26605633480529,0 69.69940391354989,23.26575565104346,0 69.69947987042137,23.26566779648414,0 69.69944742905099,23.26551833565804,0 69.69954413530225,23.26539069071466,0 69.69973006662524,23.26546302854432,0 69.69999873660218,23.2655935559457,0 69.70015397673561,23.26562699631778,0 69.70030382748104,23.26614567714579,0 69.70031043845609,23.26678159550816,0 69.69994199572845,23.26692055050409,0 69.70000098238778,23.26722333513388,0 69.69959968324071,23.26737446727382,0 69.69934426241844,23.26729633311789,0 69.69881630663318,23.26723561135075,0 69.69847520536248,23.26706108625396,0 69.69842587551508,23.26696179852753,0 69.69797306495562,23.26695837112326,0 69.69797563548808,23.26709576194141,0 69.69742564627865,23.26715229005991,0 69.69661774990719,23.26703251681606,0 69.69675549122024,23.26679176373072,0 69.69687436306204,23.26669146207589,0 69.69686687747097,23.26635184326347,0 69.69684707862021,23.26629613973314,0 69.69650606064205,23.26627204861572,0 69.69650621392246,23.26598080981501,0 69.6961814109777,23.2658586752147,0 69.69613057774491,23.26543255685495,0 69.69650746924481,23.26543409177308,0 69.69707411898911,23.26539478054575,0 69.6973133931003,23.26532020421422,0 69.69701698935822,23.26469269705233,0 69.69684175471245,23.26422831025356,0 69.69686556117993,23.26413018250793,0 69.69760529764247,23.26355241225209,0 
						</coordinates>
					</LinearRing>
				</outerBoundaryIs>
			</Polygon>
		</Placemark>
		<Placemark id="0B0CA1C9184207CA96C6">
			<name>Bhuj LF - 2022</name>
			<LookAt>
				<longitude>69.69956156302328</longitude>
				<latitude>23.26468372839829</latitude>
				<altitude>101.3942885761586</altitude>
				<heading>27.90601060880689</heading>
				<tilt>0</tilt>
				<gx:fovy>35</gx:fovy>
				<range>908.353389219119</range>
				<altitudeMode>absolute</altitudeMode>
			</LookAt>
			<styleUrl>#__managed_style_00D276167F4207CAC4E8</styleUrl>
			<Polygon>
				<outerBoundaryIs>
					<LinearRing>
						<coordinates>
							69.6965319192831,23.26601529529668,0 69.69637596698161,23.26595984977423,0 69.69622725924688,23.26585208901053,0 69.69596105531254,23.26531423792576,0 69.69625782751784,23.26541771492172,0 69.69646806947605,23.26543246290177,0 69.69681156014698,23.26540932345434,0 69.69699796574632,23.26535188632252,0 69.69731224480959,23.26521719638179,0 69.69720402579297,23.26477412244952,0 69.69683461887195,23.26446528073471,0 69.69656663653571,23.26458180357001,0 69.69627392296175,23.26464689828946,0 69.69604965022992,23.264590646772,0 69.6960125658651,23.26453558835447,0 69.69599411918618,23.26432963638357,0 69.6963587998579,23.26411247837568,0 69.69658792661096,23.26401059117671,0 69.69676221124482,23.26402751493989,0 69.69699465763233,23.26386958384537,0 69.69766640558342,23.2643713319501,0 69.69761758282172,23.26453200354399,0 69.69774750912386,23.26484415543287,0 69.69776150887692,23.26513937190419,0 69.69782984889329,23.26565019942404,0 69.69805308840007,23.26580766085981,0 69.69863861715231,23.26605006125063,0 69.69891701050175,23.26617259191135,0 69.69921197924647,23.2661121941322,0 69.69943956379173,23.2658163900779,0 69.69963021814561,23.26603585200724,0 69.6998356061731,23.26613706949267,0 69.70000621599632,23.26602105848502,0 69.70009666348707,23.26611156404871,0 69.70000692331547,23.26628004182562,0 69.70024967944374,23.26655064082045,0 69.70035829248718,23.2665988178799,0 69.70048428087479,23.26655964278376,0 69.7006601597098,23.26661572259066,0 69.70066926278146,23.26677877727499,0 69.70061905220558,23.26687622677205,0 69.700194300775,23.26683060716792,0 69.70004008690502,23.2669787410881,0 69.69987223264221,23.2670525791608,0 69.69956679759417,23.26729628466738,0 69.69916441902133,23.26722603107291,0 69.69879970459748,23.26699426301753,0 69.69852808187647,23.26664975972405,0 69.69834584544361,23.26670979362651,0 69.69800085887019,23.26669593689797,0 69.69772100135796,23.26649985724373,0 69.6975164695815,23.26618554994656,0 69.69681426430502,23.26627701773377,0 69.69653279165586,23.26623667204161,0 69.6965319192831,23.26601529529668,0 
						</coordinates>
					</LinearRing>
				</outerBoundaryIs>
			</Polygon>
		</Placemark>
		<Placemark id="0843455C4E4207D19198">
			<name>Bhuj LF - 2020</name>
			<LookAt>
				<longitude>69.69782968599054</longitude>
				<latitude>23.26451992492133</latitude>
				<altitude>102.0529074891696</altitude>
				<heading>68.13586907553288</heading>
				<tilt>1.05442150166615</tilt>
				<gx:fovy>35</gx:fovy>
				<range>838.9070899406215</range>
				<altitudeMode>absolute</altitudeMode>
			</LookAt>
			<styleUrl>#__managed_style_0768DE21824207D1BB70</styleUrl>
			<Polygon>
				<outerBoundaryIs>
					<LinearRing>
						<coordinates>
							69.69632095761526,23.26646066799237,0 69.69626699629713,23.26623146291028,0 69.6962424715655,23.26587610427394,0 69.69602329476248,23.26544339363269,0 69.69641643281014,23.26544484941153,0 69.69678955557607,23.26541651311902,0 69.69694211364525,23.26484181255315,0 69.69657832717229,23.26459873031341,0 69.69640916859854,23.26441091253922,0 69.69613131018109,23.26445964945609,0 69.69609084350064,23.26426776206178,0 69.69660059768904,23.26401253981365,0 69.69676914697995,23.26402215663591,0 69.69688713827414,23.2639272339314,0 69.69696605979567,23.26401184695592,0 69.69739099402608,23.26437880591259,0 69.69752217090242,23.26446655788243,0 69.6976051012401,23.26453612553567,0 69.69774495165261,23.26482819012437,0 69.69780318808263,23.26527930908196,0 69.69806217254636,23.26547349034957,0 69.69794793008313,23.26563949817021,0 69.6978345466331,23.26577783616644,0 69.69863293808979,23.26610067660508,0 69.69909061601133,23.26622550622464,0 69.69928778275964,23.26637283850923,0 69.69973409510145,23.26638252606623,0 69.69990916354146,23.26636803628753,0 69.70020478324025,23.26638403138998,0 69.70039338259873,23.26662987053974,0 69.70055012374576,23.26676843027463,0 69.70039402176658,23.26691613629174,0 69.70037116265051,23.26709102255084,0 69.70011916981188,23.26711278237219,0 69.70006606218153,23.26726414793,0 69.69996261444695,23.26734403587537,0 69.69985461430981,23.26726649943033,0 69.69949604359098,23.26729866419241,0 69.69934779906723,23.26720296800914,0 69.69925851465416,23.26696099393908,0 69.69891226112985,23.26680883850164,0 69.6977230247181,23.26650674294368,0 69.69748822958886,23.26640682780185,0 69.69732477159212,23.26653902404439,0 69.69742118438478,23.26679178699271,0 69.69738920621167,23.26685789022668,0 69.69683521901557,23.26689431515852,0 69.69680001746077,23.26698123258011,0 69.69646500426708,23.26706103753629,0 69.69632095761526,23.26646066799237,0 
						</coordinates>
					</LinearRing>
				</outerBoundaryIs>
			</Polygon>
		</Placemark>
		<Placemark id="0092CD22E34207D6A94B">
			<name>Bhuj LF - 2018</name>
			<LookAt>
				<longitude>69.6988609492586</longitude>
				<latitude>23.26598854270989</latitude>
				<altitude>103.6701686894307</altitude>
				<heading>61.2335872527233</heading>
				<tilt>2.522223752305543</tilt>
				<gx:fovy>35</gx:fovy>
				<range>1013.582842465985</range>
				<altitudeMode>absolute</altitudeMode>
			</LookAt>
			<styleUrl>#__managed_style_06B4AF9CD64207D6F394000</styleUrl>
			<Polygon>
				<outerBoundaryIs>
					<LinearRing>
						<coordinates>
							69.69628327015171,23.26687135013444,0 69.69623293254405,23.26680766459372,0 69.69623259634136,23.26657715103769,0 69.69633685364552,23.26656985274315,0 69.69651661825634,23.26656406581713,0 69.69666627274225,23.26651534105421,0 69.69673479085269,23.2664441898572,0 69.69673936429379,23.26638671132556,0 69.69672113258872,23.2663529756736,0 69.69662644183161,23.26633463598552,0 69.69640136640855,23.26630993256909,0 69.69625849549489,23.26628817757874,0 69.6960355353627,23.26547309980704,0 69.69617013947085,23.26546054235134,0 69.69648822293854,23.2654692207285,0 69.6967945068242,23.26541837040152,0 69.69699056943789,23.26536789993981,0 69.69687892128165,23.26495214540623,0 69.69681384139929,23.26466159662824,0 69.69666291584622,23.26456439740894,0 69.69654110295504,23.26432735463727,0 69.69586341941226,23.26451003544167,0 69.6958287749719,23.26433285650389,0 69.69661174635783,23.26413999714303,0 69.69684427027657,23.26421227835878,0 69.69711827064241,23.26444737424903,0 69.69740841164267,23.26470450193221,0 69.69751510914007,23.26509193911285,0 69.69764455435239,23.2657330610461,0 69.69774747141359,23.26619123088003,0 69.69812061656113,23.2662749248716,0 69.69848558502731,23.26624560395953,0 69.69875584098951,23.26627971027411,0 69.69918567376216,23.26662941745329,0 69.69961991115925,23.26691171120141,0 69.69981177664688,23.26703148092409,0 69.69987381977006,23.26714734588754,0 69.69982053789138,23.2672636768829,0 69.69962554598895,23.26726980055666,0 69.6994228990951,23.26725785357702,0 69.69924971343495,23.26715780789917,0 69.69921609063078,23.26696397159709,0 69.69907955134126,23.26684985915037,0 69.69893133000117,23.26680300289589,0 69.69888931765456,23.26692066008091,0 69.69863831653662,23.26684033364245,0 69.69848784430306,23.26665947207602,0 69.69839337169169,23.26667979978807,0 69.69819042230839,23.26677833461613,0 69.69785254547706,23.26666747711785,0 69.69769638439277,23.2664879888888,0 69.69752013963982,23.2663802403749,0 69.69729771175633,23.26639410515543,0 69.69740586102088,23.26683564434593,0 69.69677069420699,23.26689682237953,0 69.69666983189727,23.26700221041546,0 69.69642675457301,23.26701950488045,0 69.69628327015171,23.26687135013444,0 
						</coordinates>
					</LinearRing>
				</outerBoundaryIs>
			</Polygon>
		</Placemark>
		<Placemark id="06FA7073B24207DDC3A3">
			<name>Bhuj LF - 2016</name>
			<LookAt>
				<longitude>69.69704229088802</longitude>
				<latitude>23.26564133413742</latitude>
				<altitude>104.0244481316951</altitude>
				<heading>73.32133334609863</heading>
				<tilt>0.7032557850960526</tilt>
				<gx:fovy>35</gx:fovy>
				<range>418.1029862556171</range>
				<altitudeMode>absolute</altitudeMode>
			</LookAt>
			<styleUrl>#__managed_style_050A06BC174207DE1EAE0</styleUrl>
			<Polygon>
				<outerBoundaryIs>
					<LinearRing>
						<coordinates>
							69.69751087724599,23.26529451604105,0 69.69748414568004,23.26512847043588,0 69.69746006103533,23.26501672496952,0 69.69739979682325,23.26491110096659,0 69.69723734474047,23.26487131828397,0 69.69713747811778,23.26482399069427,0 69.6970686392599,23.2646858996678,0 69.69701837723204,23.26456862112887,0 69.69689972582673,23.26448776503595,0 69.69682451942795,23.26459554690304,0 69.69671557662309,23.26456342789327,0 69.69665225989208,23.26447619264124,0 69.69656804306734,23.26441281766072,0 69.6964232076686,23.26441448448163,0 69.69630296084387,23.26449354542433,0 69.69617718722111,23.26446328546927,0 69.69608804553114,23.26450254069174,0 69.69600604684062,23.26462125176966,0 69.6959144820346,23.26466863498355,0 69.69580694239953,23.26461499261721,0 69.69580591525285,23.2645428160779,0 69.69576375879355,23.26434107028551,0 69.69591460480095,23.26426070805648,0 69.69604765465266,23.26423770059609,0 69.69614981371859,23.26416897312996,0 69.69625149042409,23.26414613828897,0 69.6964567906648,23.26415086945469,0 69.69658657264007,23.26409160328806,0 69.69663903780665,23.26403079100889,0 69.69676163193752,23.26397500960578,0 69.69684368068711,23.26387134224532,0 69.69693597395514,23.26383632571452,0 69.69718271697045,23.26413492773408,0 69.69719995798131,23.26423661242154,0 69.69736655605399,23.26431512372852,0 69.69748837145308,23.26445348954739,0 69.69749746801978,23.26464340850888,0 69.69762893381673,23.26468931766597,0 69.69760587446768,23.26478501267484,0 69.69750874490782,23.26482448673872,0 69.69746523146664,23.2649152362186,0 69.69751221907867,23.26504177582612,0 69.69763332581189,23.26535467977876,0 69.6974909854316,23.26545055746158,0 69.69769782143366,23.26593014828208,0 69.69794736429201,23.26595366337269,0 69.69796263155449,23.26624318701996,0 69.6981809515822,23.26627852358624,0 69.69855965184207,23.26603791621264,0 69.69887946329835,23.26618192538529,0 69.69893473825995,23.26646432043469,0 69.69910802004456,23.26652179415104,0 69.6994024757589,23.2662582935992,0 69.69956983744881,23.26625491445254,0 69.69966535177042,23.26606449253052,0 69.69980191641439,23.26604016292687,0 69.69998492961402,23.26630490625649,0 69.70015997540267,23.26626034630062,0 69.7002694227742,23.26634433664357,0 69.70027583977038,23.26660733938421,0 69.70016747720179,23.26677946906589,0 69.70003579339014,23.26691324035588,0 69.70001725531029,23.26717718546795,0 69.69991808601223,23.26713700748494,0 69.69984024435183,23.26698948093496,0 69.69964450219553,23.26698287462278,0 69.69951095301333,23.26698342610608,0 69.6994902756346,23.26707168962016,0 69.69935472572351,23.26713491653755,0 69.69923571516195,23.26703682321156,0 69.69917643310596,23.2669208867277,0 69.69906430591236,23.26688221362096,0 69.69899726324138,23.26691313188634,0 69.69878375227498,23.26688371349033,0 69.69859858209929,23.266820763601,0 69.69850443284514,23.26667952486337,0 69.69839163038483,23.266675910692,0 69.69822354287165,23.26666960031524,0 69.69816252212627,23.26654756512483,0 69.69816677950692,23.26647907262858,0 69.69807523749888,23.26641913300797,0 69.69800668973814,23.26649947722114,0 69.69793640310186,23.26655296427687,0 69.69782560928432,23.26647065069517,0 69.69771081013576,23.26644410888477,0 69.69757843269176,23.26642433526266,0 69.69744938183329,23.26638480470729,0 69.69734215554956,23.26632052849022,0 69.69728641271838,23.26634003110411,0 69.69729900840878,23.26653102429662,0 69.69704203386424,23.2667288882722,0 69.69684726603197,23.26688742286246,0 69.69660938842487,23.26690925069636,0 69.69643738593069,23.26683859082404,0 69.69624387427679,23.26665220356901,0 69.69612774091893,23.2658752431669,0 69.69632626010561,23.26579324150402,0 69.69638365499897,23.26558808094993,0 69.69619737743133,23.26548155020715,0 69.69616691228464,23.26538352085785,0 69.6962996601661,23.26535428394703,0 69.69638178468455,23.26531472622199,0 69.69645607573733,23.26524567625544,0 69.69657246733355,23.2652944468086,0 69.69670891755192,23.26526266072246,0 69.69679384746716,23.2653228490296,0 69.69683233222324,23.26543104052814,0 69.69709128356263,23.26535912356109,0 69.6972078369925,23.26523270420039,0 69.69733802379091,23.26524918212391,0 69.69751087724599,23.26529451604105,0 
						</coordinates>
					</LinearRing>
				</outerBoundaryIs>
			</Polygon>
		</Placemark>
	</Folder>
	<Folder id="054400700742087BB8D3">
		<name>Bhavnagar</name>
		<styleUrl>#__managed_style_045E9A83FF4208779EB8</styleUrl>
		<Placemark id="03D1945CCF42006D37CC">
			<name>Bhavnagar LF -1</name>
			<LookAt>
				<longitude>72.09222087292456</longitude>
				<latitude>21.79743837516287</latitude>
				<altitude>32.5733279450438</altitude>
				<heading>-7.851550492462082</heading>
				<tilt>13.58664922368054</tilt>
				<gx:fovy>35</gx:fovy>
				<range>853.7691229124903</range>
				<altitudeMode>absolute</altitudeMode>
			</LookAt>
			<styleUrl>#__managed_style_08FE34D98742038E43F0</styleUrl>
			<Point>
				<coordinates>72.09058375353746,21.7972938356767,31.87272493842378</coordinates>
			</Point>
		</Placemark>
		<Placemark id="08AAF6CA9442087D563F">
			<name>Bhavnagar LF - 2016</name>
			<visibility>0</visibility>
			<LookAt>
				<longitude>72.09188422145112</longitude>
				<latitude>21.79761314045419</latitude>
				<altitude>32.25598695014071</altitude>
				<heading>289.4723888109677</heading>
				<tilt>0</tilt>
				<gx:fovy>35</gx:fovy>
				<range>857.8420760927838</range>
				<altitudeMode>absolute</altitudeMode>
			</LookAt>
			<styleUrl>#__managed_style_050A06BC174207DE1EAE0</styleUrl>
			<Polygon>
				<outerBoundaryIs>
					<LinearRing>
						<coordinates>
							72.09164635702763,21.79594803147043,0 72.09214329711828,21.79589242190935,0 72.09274455386281,21.79591276706233,0 72.0932508770634,21.79589771361251,0 72.09335114382399,21.79605419916691,0 72.09333542903578,21.79611474457857,0 72.09318499304268,21.79608592848122,0 72.09299420366402,21.79622079590075,0 72.09290898884529,21.79606008106212,0 72.09238557387425,21.79610834425705,0 72.09230835086859,21.79620858697892,0 72.0922846169228,21.79685419594711,0 72.09291167840979,21.79684557887753,0 72.0929265301619,21.79701206309149,0 72.09280092070216,21.79716260399756,0 72.09278664422423,21.79730195508207,0 72.09264275379806,21.79756334717992,0 72.09251139650858,21.79768116519827,0 72.09232767210634,21.79777761364731,0 72.0922907161027,21.79784280474624,0 72.09217783591281,21.79794534037134,0 72.0920194320687,21.79800000316335,0 72.09189544472351,21.79801623425397,0 72.09173980392548,21.79796998390056,0 72.09164058528714,21.79784504575045,0 72.09153892545966,21.79767843712543,0 72.09144572932169,21.79748903581442,0 72.09142338447718,21.79734036924854,0 72.09130925754316,21.79738207313622,0 72.09117669256112,21.79744675204428,0 72.09107680067119,21.79741063005288,0 72.0909987255762,21.79734198656128,0 72.09083174163978,21.79727376759243,0 72.09073420667315,21.79722421578435,0 72.09060862692367,21.79705237491529,0 72.09067312006368,21.79678071044714,0 72.09080758614101,21.79652548128817,0 72.09082386919256,21.79635483619234,0 72.09094740279423,21.79626108912099,0 72.09093974024537,21.79608036701323,0 72.09113356088633,21.79594593625393,0 72.09164635702763,21.79594803147043,0 
						</coordinates>
					</LinearRing>
				</outerBoundaryIs>
			</Polygon>
		</Placemark>
		<Placemark id="09FA661453420880779B">
			<name>Bhavnagar LF -2018</name>
			<visibility>0</visibility>
			<LookAt>
				<longitude>72.09083427498037</longitude>
				<latitude>21.79631387737997</latitude>
				<altitude>31.12483264499068</altitude>
				<heading>286.6417479739127</heading>
				<tilt>0</tilt>
				<gx:fovy>35</gx:fovy>
				<range>2221.745896235516</range>
				<altitudeMode>absolute</altitudeMode>
			</LookAt>
			<styleUrl>#__managed_style_06B4AF9CD64207D6F394000</styleUrl>
			<Polygon>
				<outerBoundaryIs>
					<LinearRing>
						<coordinates>
							72.0938020015768,21.79712112635299,0 72.0928873098312,21.79911348992182,0 72.09266717355891,21.79903070649035,0 72.09272670155748,21.79867240489917,0 72.09104877677606,21.79884470535567,0 72.09100740905819,21.79910633389481,0 72.09081485606482,21.79905826261973,0 72.09075788974508,21.7997221565161,0 72.09055702611637,21.79982019789211,0 72.09035233378788,21.80051725174868,0 72.08946729614756,21.80089929144649,0 72.08917668046179,21.80090474111488,0 72.08925062301131,21.80073658622021,0 72.08942430096165,21.80051484392162,0 72.08951346256185,21.80038065353185,0 72.08865073125523,21.79949804840492,0 72.0885444547273,21.79892648783744,0 72.0886274441697,21.79849511568773,0 72.088736683338,21.79831298925394,0 72.08917996892049,21.79805100329587,0 72.08937365192989,21.79813225999336,0 72.08949694782933,21.79847825035873,0 72.08955089260985,21.79878863258319,0 72.08959547591668,21.79844025074246,0 72.08969359303552,21.79823377683805,0 72.08977848464474,21.79808241427694,0 72.08966314847163,21.79777112707312,0 72.09005463101005,21.79752888769737,0 72.09021839071653,21.79739464308984,0 72.09037750685806,21.79741268554785,0 72.09051069031506,21.79727998548151,0 72.09044394645795,21.79710126950171,0 72.09022397892218,21.79681568218088,0 72.09021307726853,21.79661058248694,0 72.0899187860738,21.79650801355168,0 72.08991754623372,21.79631212778449,0 72.09010922384384,21.79613947110002,0 72.09040464129266,21.79614652532433,0 72.09074752341787,21.79623610648924,0 72.09096721482942,21.79620711935851,0 72.09126354852964,21.79608567393901,0 72.0915812187846,21.7959823429067,0 72.09208333096785,21.79586326623875,0 72.09233512114105,21.79591514077062,0 72.09241014476751,21.79618997733207,0 72.09243494974135,21.79638942579321,0 72.0923552684807,21.79654596700496,0 72.09237816242049,21.79665408097036,0 72.09237420402833,21.79671318861694,0 72.09228161156682,21.79671836216868,0 72.09229286550142,21.79685224986394,0 72.09329481754585,21.79678742140394,0 72.09335613733056,21.79640140828145,0 72.09347457909949,21.79642453348657,0 72.09378177392665,21.79622836963475,0 72.09399332926061,21.79645823684642,0 72.09402839047061,21.79651740348981,0 72.09403728298967,21.79657023757195,0 72.09401288265845,21.79666783109364,0 72.0938020015768,21.79712112635299,0 
						</coordinates>
					</LinearRing>
				</outerBoundaryIs>
			</Polygon>
		</Placemark>
		<Placemark id="02CE6C8737420881DC70">
			<name>Bhavnagar LF -2020</name>
			<visibility>0</visibility>
			<LookAt>
				<longitude>72.09083427498037</longitude>
				<latitude>21.79631387737997</latitude>
				<altitude>31.12483264499068</altitude>
				<heading>286.6417479739127</heading>
				<tilt>0</tilt>
				<gx:fovy>35</gx:fovy>
				<range>2221.745896235516</range>
				<altitudeMode>absolute</altitudeMode>
			</LookAt>
			<styleUrl>#__managed_style_0768DE21824207D1BB70</styleUrl>
			<Polygon>
				<outerBoundaryIs>
					<LinearRing>
						<coordinates>
							72.0938020015768,21.79712112635299,0 72.0928873098312,21.79911348992182,0 72.09266717355891,21.79903070649035,0 72.09272670155748,21.79867240489917,0 72.09177016295553,21.79879170784373,0 72.09172621069656,21.79914705957043,0 72.09172559257927,21.79936126578072,0 72.09161526115007,21.79965062692132,0 72.09156221212993,21.799953948622,0 72.09231027245687,21.80014743225067,0 72.09237313433782,21.80042989883508,0 72.09224954569363,21.80059917818954,0 72.09206048197817,21.80059559559902,0 72.09161852536037,21.80089239941885,0 72.09091805593546,21.80117193399012,0 72.09006311161158,21.80077655277211,0 72.08946729614756,21.80089929144649,0 72.08917668046179,21.80090474111488,0 72.08925062301131,21.80073658622021,0 72.08942430096165,21.80051484392162,0 72.08951346256185,21.80038065353185,0 72.08898421190625,21.80039598777368,0 72.08877827742342,21.80030372766397,0 72.08860308743351,21.80020838179481,0 72.08844112814731,21.8001414779656,0 72.08824428913427,21.79988252873511,0 72.08806383924079,21.79960105053958,0 72.08816269538497,21.79948310959597,0 72.08839646372647,21.79942999262281,0 72.08853042329561,21.79939908695297,0 72.08863778880159,21.79928544978315,0 72.0885444547273,21.79892648783744,0 72.0886274441697,21.79849511568773,0 72.088736683338,21.79831298925394,0 72.08917996892049,21.79805100329587,0 72.08937365192989,21.79813225999336,0 72.08949694782933,21.79847825035873,0 72.08955089260985,21.79878863258319,0 72.08959547591668,21.79844025074246,0 72.08969359303552,21.79823377683805,0 72.08977848464474,21.79808241427694,0 72.08966314847163,21.79777112707312,0 72.09005463101005,21.79752888769737,0 72.09021839071653,21.79739464308984,0 72.09037750685806,21.79741268554785,0 72.09051069031506,21.79727998548151,0 72.09044394645795,21.79710126950171,0 72.09022397892218,21.79681568218088,0 72.09021307726853,21.79661058248694,0 72.0899187860738,21.79650801355168,0 72.08991754623372,21.79631212778449,0 72.09010922384384,21.79613947110002,0 72.09040464129266,21.79614652532433,0 72.09074752341787,21.79623610648924,0 72.09096721482942,21.79620711935851,0 72.09126354852964,21.79608567393901,0 72.0915812187846,21.7959823429067,0 72.09208333096785,21.79586326623875,0 72.09233512114105,21.79591514077062,0 72.0930113357519,21.79586616348153,0 72.09311326304091,21.79610050912843,0 72.09274626800824,21.79610473261732,0 72.09276060040615,21.79641314078558,0 72.09285833942575,21.79647349272237,0 72.09295854422609,21.79643689847454,0 72.0930447293677,21.79639755103774,0 72.09313367167027,21.79616865324082,0 72.09324196662706,21.79617140669804,0 72.09323505958237,21.79636309471332,0 72.09329785971933,21.79646763879679,0 72.09336822094392,21.79638611368615,0 72.09358453151782,21.79639665966043,0 72.09363359760613,21.79629596905701,0 72.09378177392665,21.79622836963475,0 72.09399332926061,21.79645823684642,0 72.09402839047061,21.79651740348981,0 72.09403728298967,21.79657023757195,0 72.09401288265845,21.79666783109364,0 72.0938020015768,21.79712112635299,0 
						</coordinates>
					</LinearRing>
				</outerBoundaryIs>
			</Polygon>
		</Placemark>
		<Placemark id="047C01FCAF42088F8EA8">
			<name>Bhavnagar LF - 2022</name>
			<visibility>0</visibility>
			<LookAt>
				<longitude>72.09286659892788</longitude>
				<latitude>21.79623649308285</latitude>
				<altitude>30.83294229517676</altitude>
				<heading>280.0959040747557</heading>
				<tilt>0</tilt>
				<gx:fovy>35</gx:fovy>
				<range>802.8177135295118</range>
				<altitudeMode>absolute</altitudeMode>
			</LookAt>
			<styleUrl>#__managed_style_00D276167F4207CAC4E8</styleUrl>
			<Polygon>
				<outerBoundaryIs>
					<LinearRing>
						<coordinates>
							72.09373403551999,21.79611012246743,0 72.09404517412578,21.79644669984938,0 72.09408471099621,21.79652975921487,0 72.09408713860499,21.79664219173111,0 72.09371191021908,21.79746576052463,0 72.0930643037304,21.79730607139305,0 72.0930970732463,21.79789676350511,0 72.09297576820325,21.7979789098451,0 72.09272953363403,21.79803746231039,0 72.09258829389412,21.7979742298893,0 72.09239893556303,21.79814530033077,0 72.09223916700968,21.79809348499397,0 72.09213815604669,21.79813419059453,0 72.0920902087552,21.79816102339604,0 72.09201738129779,21.79812972987366,0 72.09192678363812,21.79815152030762,0 72.0917884845143,21.79811280294122,0 72.09166579348727,21.79801395788745,0 72.09156856442216,21.79788821598359,0 72.09156925332576,21.79785610607486,0 72.09147599779519,21.79783081072319,0 72.09140132872653,21.79787179572667,0 72.09120628212226,21.79802535140538,0 72.09113235038836,21.79810087074965,0 72.09103715739299,21.79819180076289,0 72.09093000603278,21.79820903897413,0 72.09081683219964,21.79804188873123,0 72.09056793011868,21.79812855759171,0 72.09057802819081,21.79852907409507,0 72.09066381539627,21.79849468532823,0 72.09072638367108,21.79845266260906,0 72.09075420885199,21.79841820243512,0 72.09082224766689,21.79841560735466,0 72.09086105383189,21.79843602470253,0 72.09091653592223,21.79845444748999,0 72.09095216925562,21.79852312239746,0 72.09096559632809,21.7986018414998,0 72.09087628945531,21.79864084311819,0 72.09081533725586,21.79863548092112,0 72.09076807382914,21.79867875483056,0 72.09074001889852,21.79876116768644,0 72.09069361758033,21.79871945284722,0 72.09066178172802,21.79874341115653,0 72.0906843401974,21.79877669750687,0 72.0906417452464,21.7988154865284,0 72.09048704125114,21.79880609213239,0 72.09037645582718,21.79866577381608,0 72.0902023134821,21.79849572693855,0 72.09009799911973,21.79839856957588,0 72.08998030318119,21.79843744410501,0 72.08995066088012,21.79855004598472,0 72.08985207312207,21.79871280941674,0 72.08973344840612,21.79889837455288,0 72.08962612917787,21.79896280635154,0 72.08945663043875,21.79892507350276,0 72.08935255735948,21.79883449403022,0 72.08933028095824,21.79876628865856,0 72.08918888249833,21.79876055256985,0 72.08906112178163,21.79877161497809,0 72.08885791340469,21.79873586442887,0 72.08861462007654,21.79869366240641,0 72.08852950340912,21.79871630868594,0 72.08848675170906,21.79881179763945,0 72.0886041671755,21.79890699044846,0 72.08866972283693,21.79907543033181,0 72.09051367193342,21.79981182654145,0 72.0898143800121,21.80157109962842,0 72.08757704069724,21.80069389184449,0 72.08836151284332,21.79896250210239,0 72.0884535354012,21.79862587150686,0 72.08866927568873,21.79837807953931,0 72.08874453682694,21.79790579509997,0 72.08881399760637,21.79758054637195,0 72.08908117168818,21.7973636207743,0 72.08917546381831,21.79718142321116,0 72.08922525996053,21.79667194171015,0 72.08915691064321,21.79646159029314,0 72.08910240508892,21.79600348076442,0 72.08917171222846,21.79571674339345,0 72.08918145178797,21.79541319667619,0 72.08915762561652,21.79504124697917,0 72.08927559042486,21.7950000186243,0 72.08938143145885,21.79505398984243,0 72.08931750021964,21.79522256320283,0 72.0893950495232,21.79539590641832,0 72.08959263946005,21.79541846851593,0 72.08977996144601,21.79540447947051,0 72.09015004935128,21.79535791749425,0 72.09027462662085,21.79516508321837,0 72.09040556597778,21.79503948020882,0 72.09069263123486,21.79505954075512,0 72.09097267696043,21.79518305755375,0 72.09114100468717,21.7953156680855,0 72.09116107579072,21.79567132750584,0 72.09106976273235,21.79585706858841,0 72.09106927074001,21.79604915391736,0 72.09113783611782,21.7962713135854,0 72.09131869093852,21.79634481288439,0 72.09150800285695,21.79634184065401,0 72.09166036186335,21.79636020048723,0 72.091760980666,21.79605963160462,0 72.09186830513381,21.79593672017264,0 72.09203078234306,21.79592287104831,0 72.0921128464646,21.79606411310179,0 72.09228179155889,21.79603922664586,0 72.09247654461903,21.79607303256864,0 72.09255199329259,21.79610344492542,0 72.09281387263262,21.79609742482437,0 72.09294407014697,21.79612943613879,0 72.0930236161106,21.79620536334879,0 72.09299981869722,21.79637435538919,0 72.09234576110322,21.79643685652063,0 72.09235944567335,21.79648857311394,0 72.0926008435041,21.79649352869271,0 72.09280599407705,21.79662198670607,0 72.09285146952176,21.79667471887797,0 72.09322080848401,21.79666163012924,0 72.09327633431866,21.79689170202889,0 72.09334381854285,21.7968806310047,0 72.09336677682491,21.79682438375389,0 72.09352666943546,21.79677533466857,0 72.09353826634839,21.7965184225952,0 72.0934620029109,21.79637338318786,0 72.09350027711309,21.79624587924242,0 72.09373403551999,21.79611012246743,0 
						</coordinates>
					</LinearRing>
				</outerBoundaryIs>
			</Polygon>
		</Placemark>
		<Placemark id="0252F48E22420894199C">
			<name>Bhavnagar LF - 2024</name>
			<visibility>0</visibility>
			<LookAt>
				<longitude>72.09046776075201</longitude>
				<latitude>21.80064680346282</latitude>
				<altitude>30.12646152207202</altitude>
				<heading>-54.79661562000449</heading>
				<tilt>0.1411980556239129</tilt>
				<gx:fovy>35</gx:fovy>
				<range>2008.625645072898</range>
				<altitudeMode>absolute</altitudeMode>
			</LookAt>
			<styleUrl>#__managed_style_05E6CF2F3742050C14400</styleUrl>
			<Polygon>
				<outerBoundaryIs>
					<LinearRing>
						<coordinates>
							72.09340501998399,21.79680191837075,0 72.09387916033864,21.79700021480175,0 72.09363027946621,21.79755691756079,0 72.09312489169972,21.79735317942468,0 72.09289109005799,21.79789441830101,0 72.09337554476032,21.79807406431087,0 72.09334314656572,21.79817847940588,0 72.09287542613667,21.79805419511472,0 72.09274381002146,21.79822880732754,0 72.0924720671219,21.79833222367245,0 72.09227635301066,21.79842411501066,0 72.09215459637363,21.79846396598792,0 72.09214851761415,21.79834379388963,0 72.09218795437175,21.79819605088955,0 72.0920443414151,21.79815614913475,0 72.09183989010073,21.7981426235227,0 72.09165237473967,21.79799596662053,0 72.09159239409122,21.79792323130418,0 72.09137900453601,21.79784766297342,0 72.09122557016747,21.79788623382185,0 72.09110785812963,21.79811072185277,0 72.09099354717941,21.79817232204551,0 72.09087660768739,21.79812703473539,0 72.09085250371781,21.79805486398349,0 72.09073310371221,21.79805650028702,0 72.09068998418346,21.79807825761025,0 72.09067784504529,21.79821097526324,0 72.09070228401784,21.79823517039564,0 72.09067370034481,21.79828712777368,0 72.0906560347961,21.79835157462574,0 72.09066899200987,21.79840083300761,0 72.09064847808425,21.79848368192803,0 72.09073617796921,21.79847609958899,0 72.0908027372558,21.79841709688606,0 72.09086594541091,21.79844470252153,0 72.0909203933556,21.79850262018327,0 72.0908779750782,21.79859987572282,0 72.09076677870034,21.79859845767746,0 72.09073048648014,21.79861655549291,0 72.09079160903023,21.79868556893321,0 72.09079804131679,21.79876465155172,0 72.09071996522562,21.79877568593158,0 72.09058598502781,21.79879628933129,0 72.09048124828058,21.798771065706,0 72.09041810393074,21.79876664027858,0 72.09038006044837,21.79867838943574,0 72.09033651120831,21.79863099070801,0 72.09040171005529,21.79862956602098,0 72.09038494311652,21.79855553072008,0 72.09031432626269,21.7985056511122,0 72.09032766234773,21.79840276963884,0 72.09043395644653,21.7983545355453,0 72.09047394273404,21.79826338842216,0 72.0905165524306,21.79821370071352,0 72.0904969397032,21.79833831008391,0 72.09052192329324,21.7983763266895,0 72.09056223426134,21.79836635745727,0 72.09060263687819,21.79826802118811,0 72.09064080972122,21.7982107853923,0 72.09063231807613,21.79816311729217,0 72.09062708127313,21.79811412742992,0 72.09054049733524,21.79812620582475,0 72.09053140638487,21.79800314343257,0 72.09037054539876,21.79812952994121,0 72.09026371741513,21.79812326827528,0 72.09024403612499,21.79815550352085,0 72.09027914691687,21.79823649323897,0 72.09031280922646,21.79829820684639,0 72.09028705896773,21.79834902975474,0 72.09022245083554,21.79836494333442,0 72.09008225437933,21.79823759341867,0 72.09007450619605,21.79813921888314,0 72.08997891787467,21.79809655101633,0 72.08992199686462,21.79809102762269,0 72.08989360928844,21.79815748447177,0 72.08990537848435,21.79821723327783,0 72.0899658402747,21.79824578918669,0 72.09002170002599,21.79822986464694,0 72.09008977379916,21.79830318776465,0 72.09022423831539,21.79842909399594,0 72.09019236617121,21.79846155761998,0 72.09012734016999,21.79846941240043,0 72.09005464817092,21.79847864369449,0 72.0900065197829,21.79843086075931,0 72.08993047135615,21.79843861501784,0 72.08981863965029,21.79852691191078,0 72.08984128075653,21.79843533766228,0 72.0899576725414,21.79835530933381,0 72.0899882556688,21.79828864274572,0 72.0899093833041,21.79824630699359,0 72.0898380735706,21.79825378556946,0 72.08974401645162,21.79822282659962,0 72.08960275518423,21.79829822408612,0 72.08954680117145,21.79838691600395,0 72.08953231540222,21.79854635735693,0 72.08949227891625,21.79864745694763,0 72.0894063337123,21.79850593314707,0 72.08918666588632,21.79849566711378,0 72.08900612434309,21.79848378362398,0 72.08893909231007,21.79842257085833,0 72.08892969312109,21.7983017542571,0 72.08913165758277,21.79826314378659,0 72.08929706035934,21.79829773729923,0 72.08941078271525,21.79821707190474,0 72.08954819791389,21.79810818552003,0 72.08937127224965,21.79809984494106,0 72.08930213100942,21.79800335307182,0 72.08939006560882,21.79789500641219,0 72.08938229690972,21.79779201954906,0 72.08924190243759,21.79768998057184,0 72.08905922771164,21.7977478333308,0 72.0889746283888,21.79811970871112,0 72.08876482975268,21.79815719887815,0 72.08867540546957,21.79835407142542,0 72.0886941189178,21.79858911995286,0 72.08848123438388,21.79898213207192,0 72.09047484667313,21.79984147452992,0 72.09046355039872,21.79998146618366,0 72.08979022211211,21.80150019699811,0 72.08765299923164,21.80065329644386,0 72.08837390486927,21.79896184250917,0 72.0886105348057,21.79852776198842,0 72.08859155060104,21.7982202374656,0 72.08887013760625,21.79769818681677,0 72.08912993017492,21.79732878346319,0 72.08885579786258,21.7968721124697,0 72.08875990944621,21.79630267232028,0 72.08880289651364,21.79606038389583,0 72.08909677063338,21.7959645456143,0 72.089173499542,21.79571456465007,0 72.08916271839907,21.7952294126574,0 72.08932945216897,21.79524808851655,0 72.08952067832942,21.79541449447327,0 72.08978048482064,21.79539912081824,0 72.08994052330095,21.79537513623305,0 72.09010825806359,21.79531409856452,0 72.09019227998385,21.79509713527736,0 72.09034323050301,21.79498052529989,0 72.09044426286273,21.79506554149052,0 72.09056548329821,21.79500421632729,0 72.0906069823649,21.79490926069302,0 72.09080481028073,21.79504189479543,0 72.09096146733663,21.79491585163331,0 72.09117050193075,21.79501282021625,0 72.09123185488166,21.79575029455065,0 72.09114449377223,21.79597629775174,0 72.09128336636144,21.79624038842773,0 72.09158668739556,21.79629265020657,0 72.09176459654748,21.79619754238328,0 72.09181668580007,21.79597980132646,0 72.09221846585623,21.79598991231967,0 72.09243882711266,21.79596462085026,0 72.09254593086057,21.79609984080071,0 72.09278594655714,21.79610647531835,0 72.09278063546452,21.79639674392087,0 72.09247255862425,21.79641886509658,0 72.09251249746622,21.79651223229345,0 72.092856006319,21.79652527574844,0 72.09285923987855,21.796576323341,0 72.09301857948347,21.79666433245,0 72.09258044464761,21.79669737311777,0 72.09258725976508,21.79681377052982,0 72.09340501998399,21.79680191837075,0 
						</coordinates>
					</LinearRing>
				</outerBoundaryIs>
			</Polygon>
		</Placemark>
		<Placemark id="0327B79FDD420897FFF7">
			<name>Bhavnagar LF -2026</name>
			<visibility>0</visibility>
			<LookAt>
				<longitude>72.09091250540344</longitude>
				<latitude>21.79660384452147</latitude>
				<altitude>31.25138180558722</altitude>
				<heading>-103.8751107620899</heading>
				<tilt>1.281209591283375</tilt>
				<gx:fovy>35</gx:fovy>
				<range>1180.921216006828</range>
				<altitudeMode>absolute</altitudeMode>
			</LookAt>
			<styleUrl>#__managed_style_011BE5B9394207C64408</styleUrl>
			<Polygon>
				<outerBoundaryIs>
					<LinearRing>
						<coordinates>
							72.09319158877688,21.79678226070032,0 72.09310188890122,21.79730706428667,0 72.09283306586148,21.79727961934121,0 72.09242564998337,21.79753537911831,0 72.09232000113165,21.79792957164937,0 72.09196053690027,21.79800261137733,0 72.09195853782818,21.798200205634,0 72.09171032228285,21.79821670912485,0 72.09185178275541,21.79850293936999,0 72.09156422873218,21.79855099182282,0 72.09151975433981,21.79806586185023,0 72.09102185065994,21.79813255546851,0 72.09079349557656,21.79811994927864,0 72.09061644325277,21.79825610515223,0 72.09067598582094,21.79850440545808,0 72.09076047572836,21.79871065159772,0 72.0905308614376,21.798699283808,0 72.0899922265159,21.7984935734217,0 72.08983682541695,21.79872646940863,0 72.08971704822008,21.79861260264314,0 72.09001750518836,21.79823979252816,0 72.08987626886737,21.79819732896338,0 72.08984448912058,21.7980744611966,0 72.08976477780585,21.79812287914185,0 72.08915375416346,21.79808098675395,0 72.08897105734749,21.79811766418903,0 72.08851828949672,21.79906350003566,0 72.09050768101775,21.79985328414744,0 72.08977085246387,21.80149860540893,0 72.08764188742033,21.80065366821095,0 72.0883768094118,21.7990169283552,0 72.08847551119528,21.79903951574082,0 72.08896125069248,21.7980488803441,0 72.08880144707143,21.79811489682487,0 72.08877803008697,21.79798140028299,0 72.08883789572879,21.79754482840871,0 72.08904221394371,21.79727388836096,0 72.08909721571986,21.79723690613531,0 72.08892099175293,21.79701200341209,0 72.08885055757921,21.79669631070864,0 72.08884136424655,21.79655470317341,0 72.0891011657,21.79639534521472,0 72.08931742389474,21.7964055866899,0 72.08932674165041,21.79631568143916,0 72.08918553908217,21.796133676528,0 72.08927748567321,21.79591919546245,0 72.08942665800132,21.79580952178948,0 72.08957027587491,21.79555676610521,0 72.08978808025542,21.79557898795677,0 72.09012235209984,21.79565960928223,0 72.09057998876345,21.79560589662079,0 72.0908125837848,21.79544738442445,0 72.09102164000596,21.7954506758529,0 72.09117856592032,21.79557913194033,0 72.09116805655609,21.7957835672718,0 72.0909918780775,21.79577879701923,0 72.09128194764547,21.79590081060425,0 72.09133563380777,21.79624600439421,0 72.09239538666498,21.79615193145593,0 72.09237259840474,21.79640171891514,0 72.09250855778663,21.79647529894798,0 72.09259378792467,21.79668241375687,0 72.09259747798697,21.7968146412825,0 72.09319158877688,21.79678226070032,0 
						</coordinates>
					</LinearRing>
				</outerBoundaryIs>
			</Polygon>
		</Placemark>
	</Folder>
	<Folder id="064B3B96C4420996F439">
		<name>Ahmedabad LF</name>
		<styleUrl>#__managed_style_0A5FCD4F7B420996F444</styleUrl>
		<Folder id="0EE99146394209977288">
			<name>LF - 2</name>
			<open>1</open>
			<styleUrl>#__managed_style_0A5FCD4F7B420996F444</styleUrl>
			<Placemark id="0F9CC77A5441FFFAA8BC">
				<name>Ahmedabad LF - 2(a)</name>
				<LookAt>
					<longitude>72.55175822242005</longitude>
					<latitude>22.97137804796296</latitude>
					<altitude>65.0260539014555</altitude>
					<heading>0.353076335107691</heading>
					<tilt>0.4854887813953262</tilt>
					<gx:fovy>35</gx:fovy>
					<range>950.7417881634319</range>
					<altitudeMode>absolute</altitudeMode>
				</LookAt>
				<styleUrl>#__managed_style_08FE34D98742038E43F0</styleUrl>
				<Point>
					<coordinates>72.55158727012133,22.97138900764996,64.71394768280312</coordinates>
				</Point>
			</Placemark>
			<Placemark id="0F74D37B5C4209A7E6D7">
				<name>Ahmedabad LF - 2(a) (2026)</name>
				<visibility>0</visibility>
				<LookAt>
					<longitude>72.55266888291465</longitude>
					<latitude>22.97093180063735</latitude>
					<altitude>62.85611883110323</altitude>
					<heading>126.0714303050652</heading>
					<tilt>0</tilt>
					<gx:fovy>35</gx:fovy>
					<range>930.8791417744944</range>
					<altitudeMode>absolute</altitudeMode>
				</LookAt>
				<styleUrl>#__managed_style_011BE5B9394207C64408</styleUrl>
				<Polygon>
					<outerBoundaryIs>
						<LinearRing>
							<coordinates>
								72.55230265633313,22.9721351785107,0 72.55207143516135,22.97253643005467,0 72.55234993189238,22.97306495701221,0 72.5510971941096,22.97350001884989,0 72.55056860345557,22.97188603386785,0 72.54996774447343,22.97003648229722,0 72.55066444448954,22.96982648444999,0 72.55213752392613,22.9694231772473,0 72.55266028239912,22.97062256201898,0 72.55255910858351,22.97064105939756,0 72.55240144086378,22.97068886147926,0 72.55217851506208,22.97077492916309,0 72.55185916505479,22.97084275568163,0 72.55194004353025,22.97118873372548,0 72.55227243077857,22.97109401391233,0 72.55237603561727,22.97122838445662,0 72.55287046486373,22.97111261045983,0 72.55320873125136,22.97184437113885,0 72.55230265633313,22.9721351785107,0 
							</coordinates>
						</LinearRing>
					</outerBoundaryIs>
				</Polygon>
			</Placemark>
			<Placemark id="02C571B75C4209ABB728">
				<name>Ahmedabad LF - 2(a) (2025)</name>
				<visibility>0</visibility>
				<LookAt>
					<longitude>72.55266888291465</longitude>
					<latitude>22.97093180063735</latitude>
					<altitude>62.85611883110323</altitude>
					<heading>126.0714303050652</heading>
					<tilt>0</tilt>
					<gx:fovy>35</gx:fovy>
					<range>930.8791417744944</range>
					<altitudeMode>absolute</altitudeMode>
				</LookAt>
				<styleUrl>#__managed_style_05E6CF2F3742050C14400</styleUrl>
				<Polygon>
					<outerBoundaryIs>
						<LinearRing>
							<coordinates>
								72.55322930358409,22.97215491562566,0 72.55211033530999,22.97256342036445,0 72.55216673616223,22.97275773083252,0 72.55326484786052,22.97236861941345,0 72.55345511583819,22.97264950266202,0 72.55234993189238,22.97306495701221,0 72.5510971941096,22.97350001884989,0 72.55056860345557,22.97188603386785,0 72.54996774447343,22.97003648229722,0 72.55066444448954,22.96982648444999,0 72.55213752392613,22.9694231772473,0 72.55266028239912,22.97062256201898,0 72.55255910858351,22.97064105939756,0 72.55240144086378,22.97068886147926,0 72.5521646193656,22.97074585479641,0 72.55176411332799,22.97082637237183,0 72.55192855969815,22.971333604273,0 72.55237603561727,22.97122838445662,0 72.55287046486373,22.97111261045983,0 72.55320873125136,22.97184437113885,0 72.55322930358409,22.97215491562566,0 
							</coordinates>
						</LinearRing>
					</outerBoundaryIs>
				</Polygon>
			</Placemark>
			<Placemark id="09046B6A144209AE0278">
				<name>Ahmedabad LF - 2(a) (2022)</name>
				<visibility>0</visibility>
				<LookAt>
					<longitude>72.55266888291465</longitude>
					<latitude>22.97093180063735</latitude>
					<altitude>62.85611883110323</altitude>
					<heading>126.0714303050652</heading>
					<tilt>0</tilt>
					<gx:fovy>35</gx:fovy>
					<range>930.8791417744944</range>
					<altitudeMode>absolute</altitudeMode>
				</LookAt>
				<styleUrl>#__managed_style_00D276167F4207CAC4E8</styleUrl>
				<Polygon>
					<outerBoundaryIs>
						<LinearRing>
							<coordinates>
								72.55322930358409,22.97215491562566,0 72.55211033530999,22.97256342036445,0 72.55216673616223,22.97275773083252,0 72.55326484786052,22.97236861941345,0 72.55345511583819,22.97264950266202,0 72.55234993189238,22.97306495701221,0 72.5510971941096,22.97350001884989,0 72.55056860345557,22.97188603386785,0 72.54996774447343,22.97003648229722,0 72.55066444448954,22.96982648444999,0 72.55146943898072,22.96961252301815,0 72.55224360722052,22.96947973699225,0 72.55274102218146,22.97056236998497,0 72.55279825559684,22.97073708423875,0 72.55273652231801,22.97093132310503,0 72.55287046486373,22.97111261045983,0 72.55320873125136,22.97184437113885,0 72.55322930358409,22.97215491562566,0 
							</coordinates>
						</LinearRing>
					</outerBoundaryIs>
				</Polygon>
			</Placemark>
			<Placemark id="0A781CE5134209B0C57B">
				<name>Ahmedabad LF - 2(a) (2020)</name>
				<LookAt>
					<longitude>72.55266888291465</longitude>
					<latitude>22.97093180063735</latitude>
					<altitude>62.85611883110323</altitude>
					<heading>126.0714303050652</heading>
					<tilt>0</tilt>
					<gx:fovy>35</gx:fovy>
					<range>930.8791417744944</range>
					<altitudeMode>absolute</altitudeMode>
				</LookAt>
				<styleUrl>#__managed_style_0768DE21824207D1BB70</styleUrl>
				<Polygon>
					<outerBoundaryIs>
						<LinearRing>
							<coordinates>
								72.55330812520275,22.97212497441834,0 72.55211033530999,22.97256342036445,0 72.55216673616223,22.97275773083252,0 72.55336805295286,22.97234179191689,0 72.55353289511365,22.97267446181483,0 72.55234993189238,22.97306495701221,0 72.5510971941096,22.97350001884989,0 72.55056860345557,22.97188603386785,0 72.54996774447343,22.97003648229722,0 72.55066444448954,22.96982648444999,0 72.55115713797689,22.96969919489639,0 72.55107625535999,22.96998210347873,0 72.55109633496086,22.97038115634186,0 72.55031107305807,22.97077736017394,0 72.55040168574156,22.97107517432467,0 72.55092451878681,22.97111389515465,0 72.5513348853884,22.97147587242077,0 72.55187814220909,22.97135522637405,0 72.55248390294888,22.97121418178462,0 72.55268563543035,22.9711594833737,0 72.55287046486373,22.97111261045983,0 72.55320873125136,22.97184437113885,0 72.55330812520275,22.97212497441834,0 
							</coordinates>
						</LinearRing>
					</outerBoundaryIs>
				</Polygon>
			</Placemark>
			<Placemark id="0803A4ECD24209B221BE">
				<name>Ahmedabad LF - 2(a) (2018)</name>
				<LookAt>
					<longitude>72.55266888291465</longitude>
					<latitude>22.97093180063735</latitude>
					<altitude>62.85611883110323</altitude>
					<heading>126.0714303050652</heading>
					<tilt>0</tilt>
					<gx:fovy>35</gx:fovy>
					<range>930.8791417744944</range>
					<altitudeMode>absolute</altitudeMode>
				</LookAt>
				<styleUrl>#__managed_style_06B4AF9CD64207D6F394000</styleUrl>
				<Polygon>
					<outerBoundaryIs>
						<LinearRing>
							<coordinates>
								72.55321165256959,22.97210270414298,0 72.55211033530999,22.97256342036445,0 72.55216673616223,22.97275773083252,0 72.55328057162522,22.97235872590272,0 72.55341299954365,22.97270595899561,0 72.55234993189238,22.97306495701221,0 72.55115206037497,22.97345735454518,0 72.55056860345557,22.97188603386785,0 72.55078429912929,22.9717787628145,0 72.55138295593214,22.97154962565176,0 72.55189069024203,22.97139009044743,0 72.55248390294888,22.97121418178462,0 72.55268563543035,22.9711594833737,0 72.55287046486373,22.97111261045983,0 72.55311287941595,22.97184344053587,0 72.55321165256959,22.97210270414298,0 
							</coordinates>
						</LinearRing>
					</outerBoundaryIs>
				</Polygon>
			</Placemark>
			<Placemark id="03BBDCEE484209997A04">
				<name>Ahmedabad LF - 2(a) (2016)</name>
				<LookAt>
					<longitude>72.55266888291465</longitude>
					<latitude>22.97093180063735</latitude>
					<altitude>62.85611883110323</altitude>
					<heading>126.0714303050652</heading>
					<tilt>0</tilt>
					<gx:fovy>35</gx:fovy>
					<range>930.8791417744944</range>
					<altitudeMode>absolute</altitudeMode>
				</LookAt>
				<styleUrl>#__managed_style_050A06BC174207DE1EAE0</styleUrl>
				<Polygon>
					<outerBoundaryIs>
						<LinearRing>
							<coordinates>
								72.55238824113717,22.97306594153217,0 72.5510971941096,22.97350001884989,0 72.55056860345557,22.97188603386785,0 72.55141611199572,22.97156408432791,0 72.5528591201263,22.97110175565195,0 72.55296189480157,22.97143131662115,0 72.5526288714688,22.97157417873155,0 72.55288161759094,22.97207267189302,0 72.55275730541112,22.97229093660523,0 72.552066906302,22.97257016816319,0 72.55216208406621,22.97277796035965,0 72.55281770801828,22.97250284717224,0 72.55238824113717,22.97306594153217,0 
							</coordinates>
						</LinearRing>
					</outerBoundaryIs>
				</Polygon>
			</Placemark>
			<Placemark id="0ACDBEF6F542039C5CE8">
				<name>Ahmedabad LF -2(b)</name>
				<LookAt>
					<longitude>72.55566320585383</longitude>
					<latitude>22.97185678770504</latitude>
					<altitude>66.24952540818086</altitude>
					<heading>0.5816046081888125</heading>
					<tilt>0</tilt>
					<gx:fovy>35</gx:fovy>
					<range>1818.003982319206</range>
					<altitudeMode>absolute</altitudeMode>
				</LookAt>
				<styleUrl>#__managed_style_08FE34D98742038E43F0</styleUrl>
				<Point>
					<coordinates>72.55461569239522,22.97134743692227,65.55647263187063</coordinates>
				</Point>
			</Placemark>
			<Placemark id="0212C7AD3542099B0E71">
				<name>Ahmedabad LF - 2(b) (2016)</name>
				<visibility>0</visibility>
				<LookAt>
					<longitude>72.55589630608694</longitude>
					<latitude>22.9710935294068</latitude>
					<altitude>66.9458963682133</altitude>
					<heading>126.073137868453</heading>
					<tilt>0</tilt>
					<gx:fovy>35</gx:fovy>
					<range>1207.435647991224</range>
					<altitudeMode>absolute</altitudeMode>
				</LookAt>
				<styleUrl>#__managed_style_050A06BC174207DE1EAE0</styleUrl>
				<Polygon>
					<outerBoundaryIs>
						<LinearRing>
							<coordinates>
								72.55639926728769,22.97248034735276,0 72.55558298704355,22.97279423057104,0 72.55505051058338,22.9729441105628,0 72.55469888871825,22.97291625377283,0 72.55392707532286,22.97124465994348,0 72.55388285690213,22.97113696886776,0 72.55380741072283,22.97094599984246,0 72.55545818225426,22.97031608381498,0 72.55639926728769,22.97248034735276,0 
							</coordinates>
						</LinearRing>
					</outerBoundaryIs>
				</Polygon>
			</Placemark>
			<Placemark id="041E61E32742099595B6">
				<name>Ahmedabad LF - 2(b) (2018)</name>
				<visibility>0</visibility>
				<LookAt>
					<longitude>72.55589630608694</longitude>
					<latitude>22.9710935294068</latitude>
					<altitude>66.9458963682133</altitude>
					<heading>126.073137868453</heading>
					<tilt>0</tilt>
					<gx:fovy>35</gx:fovy>
					<range>1207.435647991224</range>
					<altitudeMode>absolute</altitudeMode>
				</LookAt>
				<styleUrl>#__managed_style_06B4AF9CD64207D6F394000</styleUrl>
				<Polygon>
					<outerBoundaryIs>
						<LinearRing>
							<coordinates>
								72.55646561829462,22.97262032223053,0 72.55438382326801,22.97342432682185,0 72.55345631291381,22.97130680187334,0 72.55388285690213,22.97113696886776,0 72.55348227341318,22.97012544129043,0 72.55506689912148,22.96944241562844,0 72.55646561829462,22.97262032223053,0 
							</coordinates>
						</LinearRing>
					</outerBoundaryIs>
				</Polygon>
			</Placemark>
			<Placemark id="073D33BD6942099FBBFC">
				<name>Ahmedabad LF - 2(b) (2020)</name>
				<visibility>0</visibility>
				<LookAt>
					<longitude>72.55589630608694</longitude>
					<latitude>22.9710935294068</latitude>
					<altitude>66.9458963682133</altitude>
					<heading>126.073137868453</heading>
					<tilt>0</tilt>
					<gx:fovy>35</gx:fovy>
					<range>1207.435647991224</range>
					<altitudeMode>absolute</altitudeMode>
				</LookAt>
				<styleUrl>#__managed_style_0768DE21824207D1BB70</styleUrl>
				<Polygon>
					<outerBoundaryIs>
						<LinearRing>
							<coordinates>
								72.55646561829462,22.97262032223053,0 72.55426116913581,22.97348301282522,0 72.55332739175836,22.97137117279964,0 72.55388285690213,22.97113696886776,0 72.55348227341318,22.97012544129043,0 72.55403158037635,22.96979015601797,0 72.55412903186517,22.96951257018405,0 72.55436836283518,22.96932391418444,0 72.55417201147132,22.96871916442385,0 72.5546838177012,22.96856638185031,0 72.55646561829462,22.97262032223053,0 
							</coordinates>
						</LinearRing>
					</outerBoundaryIs>
				</Polygon>
			</Placemark>
			<Placemark id="03FBB7437A4209A1A6B4">
				<name>Ahmedabad LF - 2(b) (2022)</name>
				<visibility>0</visibility>
				<LookAt>
					<longitude>72.55589630608694</longitude>
					<latitude>22.9710935294068</latitude>
					<altitude>66.9458963682133</altitude>
					<heading>126.073137868453</heading>
					<tilt>0</tilt>
					<gx:fovy>35</gx:fovy>
					<range>1207.435647991224</range>
					<altitudeMode>absolute</altitudeMode>
				</LookAt>
				<styleUrl>#__managed_style_00D276167F4207CAC4E8</styleUrl>
				<Polygon>
					<outerBoundaryIs>
						<LinearRing>
							<coordinates>
								72.55645835972037,22.97257173994513,0 72.55425343951072,22.97347634993464,0 72.55332739175836,22.97137117279964,0 72.55390458196375,22.9711391725762,0 72.55346801957155,22.97005505078814,0 72.55451718888968,22.96963584447138,0 72.55506246612788,22.96944114819186,0 72.55645835972037,22.97257173994513,0 
							</coordinates>
						</LinearRing>
					</outerBoundaryIs>
				</Polygon>
			</Placemark>
			<Placemark id="023D14D0E84209A366E0">
				<name>Ahmedabad LF - 2(b) (2024)</name>
				<visibility>0</visibility>
				<LookAt>
					<longitude>72.55589630608694</longitude>
					<latitude>22.9710935294068</latitude>
					<altitude>66.9458963682133</altitude>
					<heading>126.073137868453</heading>
					<tilt>0</tilt>
					<gx:fovy>35</gx:fovy>
					<range>1207.435647991224</range>
					<altitudeMode>absolute</altitudeMode>
				</LookAt>
				<styleUrl>#__managed_style_05E6CF2F3742050C14400</styleUrl>
				<Polygon>
					<outerBoundaryIs>
						<LinearRing>
							<coordinates>
								72.55637897955805,22.97248537073342,0 72.5562716562129,22.97266747296837,0 72.55561465953043,22.97294188290108,0 72.55486396986747,22.97315999197978,0 72.55464652655616,22.97293639819271,0 72.55435914044145,22.97302220991229,0 72.5540540247448,22.97300737094776,0 72.55391563945484,22.97267507201158,0 72.55372275733102,22.97221327554139,0 72.5542999617508,22.97200002092695,0 72.55390458196375,22.9711391725762,0 72.55346801957155,22.97005505078814,0 72.55452112854898,22.969670206978,0 72.55510362960639,22.96946325830492,0 72.55606227156221,22.9716028505136,0 72.55637897955805,22.97248537073342,0 
							</coordinates>
						</LinearRing>
					</outerBoundaryIs>
				</Polygon>
			</Placemark>
			<Placemark id="098E13FC814209A6916C">
				<name>Ahmedabad Lf -2(b) (2026) (remediated)</name>
				<LookAt>
					<longitude>72.55534351508805</longitude>
					<latitude>22.97192337100734</latitude>
					<altitude>65.84619008598852</altitude>
					<heading>119.6069636336895</heading>
					<tilt>0</tilt>
					<gx:fovy>35</gx:fovy>
					<range>840.3199963975933</range>
					<altitudeMode>absolute</altitudeMode>
				</LookAt>
				<styleUrl>#__managed_style_08C3CC02844209A72264</styleUrl>
				<Point>
					<coordinates>72.55453170373799,22.97129632044227,65.43728904752845</coordinates>
				</Point>
			</Placemark>
		</Folder>
		<Folder id="08D138D0694209974F06">
			<name>LF -1</name>
			<styleUrl>#__managed_style_0A5FCD4F7B420996F444</styleUrl>
			<Placemark id="03146364614209657724">
				<name>Ahmedabad LF - 1 (2026)</name>
				<LookAt>
					<longitude>72.56632224684682</longitude>
					<latitude>22.97799526516005</latitude>
					<altitude>60.42937233834481</altitude>
					<heading>137.6892472166099</heading>
					<tilt>0.2364862556972957</tilt>
					<gx:fovy>35</gx:fovy>
					<range>2781.019699999597</range>
					<altitudeMode>absolute</altitudeMode>
				</LookAt>
				<styleUrl>#__managed_style_011BE5B9394207C64408</styleUrl>
				<Polygon>
					<outerBoundaryIs>
						<LinearRing>
							<coordinates>
								72.57239581185004,22.98530356840431,0 72.57242189023103,22.98675765122275,0 72.57232541287117,22.98686570529755,0 72.57225216053872,22.98703550645384,0 72.5721050878946,22.98713864127476,0 72.57191507056334,22.98714247021953,0 72.57191864217315,22.98685535415322,0 72.57165410073878,22.98684639101945,0 72.57165002567062,22.9871440365192,0 72.57127292412498,22.9871407803012,0 72.57132130904004,22.98691903393309,0 72.57132279901535,22.98672667668692,0 72.57128621722337,22.98658564551877,0 72.57095344062158,22.98651507588211,0 72.5706490474016,22.98654974336948,0 72.57058473320858,22.98627890849433,0 72.57048186539934,22.9860855931322,0 72.57040394840567,22.98574954213575,0 72.57013638495587,22.98470145030567,0 72.57007028626056,22.98431204462999,0 72.56987765435169,22.9837803746005,0 72.56974037268549,22.98368637643514,0 72.56956891936851,22.98362615399882,0 72.56928242359852,22.98364956476582,0 72.56884412693211,22.98380889495368,0 72.5684908585277,22.98393218589558,0 72.56826861594747,22.98394509035563,0 72.56820218690841,22.98381316360098,0 72.56736436497603,22.98416093481499,0 72.56705310743887,22.98420395962741,0 72.56667991794542,22.98420361613487,0 72.56595691293752,22.98364250250247,0 72.56554389437852,22.98302515402057,0 72.56506655449481,22.98221968972702,0 72.56548156263362,22.98204541747322,0 72.5661953936675,22.98168991207679,0 72.5664702021799,22.98103267088392,0 72.56656125883335,22.98040556116074,0 72.56668505839038,22.97958363302172,0 72.56661450678757,22.9790545470759,0 72.56747054320748,22.97906953503965,0 72.56756792559364,22.97874257071201,0 72.56802185342562,22.97843035734785,0 72.56834184084956,22.97844968693123,0 72.56875772743898,22.97861480236971,0 72.56903466873696,22.97903562431579,0 72.5691265333663,22.97944858502749,0 72.56892871957261,22.98000020574002,0 72.56869079103996,22.98076325991914,0 72.56880050782755,22.98093371888091,0 72.56977883314549,22.98120284014962,0 72.57053308178486,22.98166493853694,0 72.57145357277329,22.98214594605209,0 72.57144339234321,22.9823454410127,0 72.57128300856685,22.98240708202728,0 72.57131022505006,22.98267620538748,0 72.57139749650401,22.98280787826816,0 72.57164530077279,22.98286736439264,0 72.57202006111405,22.98304791239659,0 72.57189170208771,22.98389345978604,0 72.57182047448786,22.98406883120446,0 72.57168610412427,22.98496507490384,0 72.57172256461483,22.98503002228816,0 72.57193160642547,22.9850976839875,0 72.57239581185004,22.98530356840431,0 
							</coordinates>
						</LinearRing>
					</outerBoundaryIs>
				</Polygon>
			</Placemark>
			<Placemark id="05EDCFF18042096E1333">
				<name>Ahmedabad LF-1 ( 2025)</name>
				<LookAt>
					<longitude>72.5686935976007</longitude>
					<latitude>22.97906573192163</latitude>
					<altitude>59.62660793428974</altitude>
					<heading>152.7499720061913</heading>
					<tilt>12.73034127466509</tilt>
					<gx:fovy>35</gx:fovy>
					<range>2992.642678243574</range>
					<altitudeMode>absolute</altitudeMode>
				</LookAt>
				<styleUrl>#__managed_style_05E6CF2F3742050C14400</styleUrl>
				<Polygon>
					<outerBoundaryIs>
						<LinearRing>
							<coordinates>
								72.57191463398973,22.98371006549101,0 72.57181616330341,22.98438266614282,0 72.57164484824719,22.98480626088202,0 72.57149855022615,22.98505782453291,0 72.57136780554423,22.9851530087715,0 72.5713885627341,22.9853376692082,0 72.57123702574032,22.98544310088258,0 72.57106153578086,22.9854590316261,0 72.57093700113407,22.98528992098926,0 72.57055269623152,22.98518131793733,0 72.57016993497633,22.98482112741353,0 72.5701332038777,22.98444055881415,0 72.57008756966079,22.98415483768875,0 72.56993894831433,22.98383131843552,0 72.56985436685287,22.98367002765856,0 72.56963984552954,22.98359588041764,0 72.56879535310998,22.98361561884416,0 72.56869587240965,22.98376020433481,0 72.56857016952797,22.98381809103356,0 72.56821214649726,22.98382518995748,0 72.56717862863991,22.98422556553048,0 72.56622063583947,22.98456604072507,0 72.56598314123659,22.9843460646961,0 72.56540540256896,22.98307424663087,0 72.56556018404872,22.98297873630155,0 72.56564632934115,22.98253836559555,0 72.56557064802122,22.98235406399975,0 72.56559679002487,22.98222371298598,0 72.56553229343226,22.98214776222117,0 72.56544188685152,22.98167012197224,0 72.5655908495002,22.98121426406937,0 72.565492125956,22.98074210798814,0 72.56582648684233,22.98018830305951,0 72.56585812515043,22.97939881899233,0 72.5657410991419,22.9790213839242,0 72.56647843692581,22.97905538174336,0 72.56712488505266,22.97902294347058,0 72.56730951166747,22.97896239652136,0 72.56755071896211,22.97892376364297,0 72.5676405458024,22.97870092974336,0 72.56796735216767,22.97848136481424,0 72.56835983333548,22.97849636978657,0 72.56869556749987,22.9786291287197,0 72.56897278198507,22.97884546013102,0 72.56919248335802,22.97921177595829,0 72.56906534514781,22.97962590042168,0 72.56889317122526,22.98015879644367,0 72.56873000971315,22.98074236027245,0 72.56897746976043,22.98098148302504,0 72.56943323738496,22.98111045922669,0 72.5695091481212,22.9811428955161,0 72.56954708355903,22.98104205102,0 72.57017575027537,22.98136168094408,0 72.57055921196105,22.98158796419536,0 72.5706227704361,22.98171280643463,0 72.57111246175006,22.98198558271246,0 72.57145288815738,22.98205239740001,0 72.57151878896407,22.98218063816202,0 72.57135319352899,22.98269521416053,0 72.57142020137391,22.98279301225731,0 72.5716168841075,22.9828889166748,0 72.57178177810427,22.98299394319347,0 72.57191835432522,22.98332645891216,0 72.57191463398973,22.98371006549101,0 
							</coordinates>
						</LinearRing>
					</outerBoundaryIs>
				</Polygon>
			</Placemark>
			<Placemark id="0A4130045B4209749451">
				<name>ahmedabad LF - 1(2022)</name>
				<LookAt>
					<longitude>72.56684724515161</longitude>
					<latitude>22.97872220468619</latitude>
					<altitude>61.66879119344139</altitude>
					<heading>130.3973572412559</heading>
					<tilt>5.848682264687837</tilt>
					<gx:fovy>35</gx:fovy>
					<range>1932.633528183214</range>
					<altitudeMode>absolute</altitudeMode>
				</LookAt>
				<styleUrl>#__managed_style_00D276167F4207CAC4E8</styleUrl>
				<Polygon>
					<outerBoundaryIs>
						<LinearRing>
							<coordinates>
								72.57079578434838,22.98518896007741,0 72.57048722655465,22.98510388078427,0 72.57021635300475,22.98496109270325,0 72.57017694982859,22.98478518709794,0 72.57021110108808,22.98462335658314,0 72.57011591351403,22.98447974644672,0 72.57010574366413,22.98428958054093,0 72.56991661086728,22.98384213011416,0 72.56994783219642,22.98373363705569,0 72.5696962166549,22.98366030556776,0 72.56935235460928,22.98367348804947,0 72.56851631203759,22.98397321077834,0 72.56834688214812,22.98377534958673,0 72.56601350860535,22.98461925910796,0 72.5652778932759,22.98308210983447,0 72.56577195477556,22.98287586862218,0 72.56567073456108,22.9826988157789,0 72.56574286380976,22.98266451596015,0 72.56607428526794,22.98251575140548,0 72.56615554100431,22.9822412750166,0 72.56601599116011,22.98196186176261,0 72.56552963120552,22.98218470769736,0 72.5649676347193,22.98243172232302,0 72.56479939126307,22.98212070648097,0 72.56456989835803,22.98157625413211,0 72.56416104004823,22.98070810399227,0 72.56372206950421,22.97977131798449,0 72.56378158102662,22.97959517616464,0 72.56402662630964,22.97902379077725,0 72.56437589505988,22.97902061641909,0 72.56530475780197,22.97905528666394,0 72.5654881161297,22.97891643858857,0 72.5664281654533,22.97906631986363,0 72.56716721020153,22.97913348806516,0 72.56752502186373,22.97905912638412,0 72.56755587370196,22.97891091323992,0 72.56758636762326,22.97868107198098,0 72.56775151203924,22.97858876428741,0 72.56792227394621,22.97850538987711,0 72.56819030891509,22.9784145438344,0 72.56842350512366,22.97842736057446,0 72.56870615754207,22.97861984081879,0 72.56896655701135,22.97888408946001,0 72.56912316623371,22.97912376576184,0 72.56907177322196,22.97944530420898,0 72.56895363135357,22.98002749095742,0 72.5686991036941,22.98076307073002,0 72.56947778628941,22.98097105699825,0 72.57005731342922,22.98124782596043,0 72.57024274410138,22.98140836776061,0 72.57077216325338,22.98169547063661,0 72.57118812029793,22.98197613562138,0 72.57131739254662,22.98217268910227,0 72.57134685426776,22.98270596729903,0 72.5716683998069,22.98298228642137,0 72.5718645052409,22.98334989484516,0 72.57186354462084,22.98356139526016,0 72.57191216017644,22.98387394512046,0 72.57178842222702,22.98410337869354,0 72.57174156843041,22.98436919604696,0 72.57163601253241,22.98469791146287,0 72.57146506394375,22.98489851181741,0 72.57127763429116,22.98513109475432,0 72.57108670830529,22.98519372975437,0 72.57079578434838,22.98518896007741,0 
							</coordinates>
						</LinearRing>
					</outerBoundaryIs>
				</Polygon>
			</Placemark>
			<Placemark id="085CD713FD42098ACF4C">
				<name>ahmedabad LF - 1(2020)</name>
				<LookAt>
					<longitude>72.56684724515161</longitude>
					<latitude>22.97872220468619</latitude>
					<altitude>61.66879119344139</altitude>
					<heading>130.3973572412559</heading>
					<tilt>5.848682264687837</tilt>
					<gx:fovy>35</gx:fovy>
					<range>1932.633528183214</range>
					<altitudeMode>absolute</altitudeMode>
				</LookAt>
				<styleUrl>#__managed_style_0768DE21824207D1BB70</styleUrl>
				<Polygon>
					<outerBoundaryIs>
						<LinearRing>
							<coordinates>
								72.57076886672422,22.9855447668974,0 72.57037648802597,22.98548649502474,0 72.57021635300475,22.98496109270325,0 72.57017694982859,22.98478518709794,0 72.57021110108808,22.98462335658314,0 72.57011591351403,22.98447974644672,0 72.57010574366413,22.98428958054093,0 72.56991661086728,22.98384213011416,0 72.56994783219642,22.98373363705569,0 72.5696962166549,22.98366030556776,0 72.56935235460928,22.98367348804947,0 72.56851631203759,22.98397321077834,0 72.56834688214812,22.98377534958673,0 72.56743621259704,22.98403323564791,0 72.56785916651356,22.98285005001427,0 72.56808446979674,22.98242429221403,0 72.56834930489721,22.98185569860324,0 72.56792221702788,22.98173149451094,0 72.56705149713804,22.98144323097225,0 72.56732863693917,22.98309038992624,0 72.56694658205888,22.98386053636934,0 72.56601350860535,22.98461925910796,0 72.5652778932759,22.98308210983447,0 72.56577195477556,22.98287586862218,0 72.56567073456108,22.9826988157789,0 72.56574286380976,22.98266451596015,0 72.56607428526794,22.98251575140548,0 72.56615554100431,22.9822412750166,0 72.56601599116011,22.98196186176261,0 72.56552963120552,22.98218470769736,0 72.5649676347193,22.98243172232302,0 72.56479939126307,22.98212070648097,0 72.56456989835803,22.98157625413211,0 72.56416104004823,22.98070810399227,0 72.56372206950421,22.97977131798449,0 72.56378158102662,22.97959517616464,0 72.56289561441076,22.97789577026576,0 72.56223934695576,22.97649177456563,0 72.56234643730781,22.97627314673786,0 72.56257846075323,22.97597374120953,0 72.56295175916155,22.97579702261812,0 72.56368433677466,22.97567388486811,0 72.56408529243004,22.97600347449389,0 72.56428351511954,22.97707586011975,0 72.56455762653731,22.97796830777343,0 72.564380585446,22.97840109177331,0 72.56437589505988,22.97902061641909,0 72.56530475780197,22.97905528666394,0 72.5654881161297,22.97891643858857,0 72.5664281654533,22.97906631986363,0 72.56716721020153,22.97913348806516,0 72.56752502186373,22.97905912638412,0 72.56755587370196,22.97891091323992,0 72.56758636762326,22.97868107198098,0 72.56775151203924,22.97858876428741,0 72.56792227394621,22.97850538987711,0 72.56819030891509,22.9784145438344,0 72.56842350512366,22.97842736057446,0 72.56870615754207,22.97861984081879,0 72.56896655701135,22.97888408946001,0 72.56912316623371,22.97912376576184,0 72.56907177322196,22.97944530420898,0 72.56895363135357,22.98002749095742,0 72.5686991036941,22.98076307073002,0 72.56947778628941,22.98097105699825,0 72.57005731342922,22.98124782596043,0 72.57024274410138,22.98140836776061,0 72.57077216325338,22.98169547063661,0 72.57118812029793,22.98197613562138,0 72.57131739254662,22.98217268910227,0 72.57134685426776,22.98270596729903,0 72.5716683998069,22.98298228642137,0 72.57190553217356,22.98333910871381,0 72.57194892486575,22.98355852171017,0 72.57193939643689,22.98371743940729,0 72.57196357932264,22.98385869802048,0 72.57191780434376,22.98412089357019,0 72.57185477851969,22.98438408102298,0 72.57179219115952,22.98468994106003,0 72.57165815321716,22.98501080809709,0 72.57140134386469,22.98529774200547,0 72.57115252404834,22.98531884892066,0 72.57105586357102,22.98546866684663,0 72.57076886672422,22.9855447668974,0 
							</coordinates>
						</LinearRing>
					</outerBoundaryIs>
				</Polygon>
			</Placemark>
			<Placemark id="078F78BDCD42098DFD5C">
				<name>ahmedabad LF - 1(2018)</name>
				<LookAt>
					<longitude>72.56684724515161</longitude>
					<latitude>22.97872220468619</latitude>
					<altitude>61.66879119344139</altitude>
					<heading>130.3973572412559</heading>
					<tilt>5.848682264687837</tilt>
					<gx:fovy>35</gx:fovy>
					<range>1932.633528183214</range>
					<altitudeMode>absolute</altitudeMode>
				</LookAt>
				<styleUrl>#__managed_style_06B4AF9CD64207D6F394000</styleUrl>
				<Polygon>
					<outerBoundaryIs>
						<LinearRing>
							<coordinates>
								72.57048215211961,22.98378021574564,0 72.57018056332799,22.98377219817656,0 72.57003483949163,22.9837423274926,0 72.56994783219642,22.98373363705569,0 72.5696979983833,22.98382349981625,0 72.569402782491,22.98389790312863,0 72.56891709851845,22.98412237390325,0 72.56841118519343,22.98415010985761,0 72.56823905578182,22.98379463351661,0 72.56743621259704,22.98403323564791,0 72.56704834658284,22.98419625904712,0 72.56601350860535,22.98461925910796,0 72.5652778932759,22.98308210983447,0 72.56577195477556,22.98287586862218,0 72.56567073456108,22.9826988157789,0 72.56574286380976,22.98266451596015,0 72.56607428526794,22.98251575140548,0 72.56615554100431,22.9822412750166,0 72.56601599116011,22.98196186176261,0 72.56552963120552,22.98218470769736,0 72.5649676347193,22.98243172232302,0 72.56479939126307,22.98212070648097,0 72.56456989835803,22.98157625413211,0 72.56416104004823,22.98070810399227,0 72.56372206950421,22.97977131798449,0 72.56378158102662,22.97959517616464,0 72.56289561441076,22.97789577026576,0 72.56223934695576,22.97649177456563,0 72.56202003472481,22.97602171563318,0 72.56250792607983,22.97586810981128,0 72.56295175916155,22.97579702261812,0 72.56368433677466,22.97567388486811,0 72.56408529243004,22.97600347449389,0 72.56428351511954,22.97707586011975,0 72.56455762653731,22.97796830777343,0 72.564380585446,22.97840109177331,0 72.56437589505988,22.97902061641909,0 72.56530475780197,22.97905528666394,0 72.56553143826679,22.97902711578125,0 72.5664281654533,22.97906631986363,0 72.56716721020153,22.97913348806516,0 72.5672193525386,22.9787708875332,0 72.56741244231556,22.9787221448892,0 72.56746502922547,22.97870157166691,0 72.56747743294942,22.97864525392176,0 72.56754075241177,22.97861922022742,0 72.56765490622314,22.97861026981722,0 72.56774139524528,22.97855868953071,0 72.56789838569908,22.97846301984021,0 72.56815033590355,22.97835490092454,0 72.56840747055631,22.97834411312247,0 72.56868893877498,22.97838293850853,0 72.5689924823883,22.97841894713407,0 72.56912443836492,22.97885714049571,0 72.56912316623371,22.97912376576184,0 72.56907177322196,22.97944530420898,0 72.56895363135357,22.98002749095742,0 72.5686991036941,22.98076307073002,0 72.56947778628941,22.98097105699825,0 72.57005731342922,22.98124782596043,0 72.57024274410138,22.98140836776061,0 72.57077216325338,22.98169547063661,0 72.57118812029793,22.98197613562138,0 72.57131739254662,22.98217268910227,0 72.57134685426776,22.98270596729903,0 72.57093021339351,22.98305764027304,0 72.57097295506055,22.98349361405643,0 72.57091966369438,22.98381884732444,0 72.57048215211961,22.98378021574564,0 
							</coordinates>
						</LinearRing>
					</outerBoundaryIs>
				</Polygon>
			</Placemark>
			<Placemark id="00C4F2EE6642099089FC">
				<name>ahmedabad LF - 1(2016)</name>
				<LookAt>
					<longitude>72.56684724515161</longitude>
					<latitude>22.97872220468619</latitude>
					<altitude>61.66879119344139</altitude>
					<heading>130.3973572412559</heading>
					<tilt>5.848682264687837</tilt>
					<gx:fovy>35</gx:fovy>
					<range>1932.633528183214</range>
					<altitudeMode>absolute</altitudeMode>
				</LookAt>
				<styleUrl>#__managed_style_050A06BC174207DE1EAE0</styleUrl>
				<Polygon>
					<outerBoundaryIs>
						<LinearRing>
							<coordinates>
								72.57048215211961,22.98378021574564,0 72.57018056332799,22.98377219817656,0 72.57003483949163,22.9837423274926,0 72.56994783219642,22.98373363705569,0 72.5696979983833,22.98382349981625,0 72.569402782491,22.98389790312863,0 72.56891709851845,22.98412237390325,0 72.56841118519343,22.98415010985761,0 72.56823905578182,22.98379463351661,0 72.56743621259704,22.98403323564791,0 72.56704834658284,22.98419625904712,0 72.56601350860535,22.98461925910796,0 72.5652778932759,22.98308210983447,0 72.56577195477556,22.98287586862218,0 72.56567073456108,22.9826988157789,0 72.56574286380976,22.98266451596015,0 72.56607428526794,22.98251575140548,0 72.56615554100431,22.9822412750166,0 72.56601599116011,22.98196186176261,0 72.56552963120552,22.98218470769736,0 72.5649676347193,22.98243172232302,0 72.56479939126307,22.98212070648097,0 72.56456989835803,22.98157625413211,0 72.56416104004823,22.98070810399227,0 72.56372206950421,22.97977131798449,0 72.56359309322801,22.97956813510804,0 72.56345440956152,22.97927099213287,0 72.56324752334496,22.97877932920441,0 72.56282992506117,22.97792276390263,0 72.56213681087891,22.97651333627148,0 72.56185974813086,22.97591201325419,0 72.56200616088854,22.97585099662157,0 72.56250109332302,22.97564688491486,0 72.56291391563086,22.9754827230192,0 72.56335078493258,22.97544794630732,0 72.56368433677466,22.97567388486811,0 72.56408529243004,22.97600347449389,0 72.56428351511954,22.97707586011975,0 72.56455762653731,22.97796830777343,0 72.564380585446,22.97840109177331,0 72.56437589505988,22.97902061641909,0 72.56530475780197,22.97905528666394,0 72.56553143826679,22.97902711578125,0 72.5664281654533,22.97906631986363,0 72.56716760871321,22.97909776852607,0 72.56749409494476,22.97903686112136,0 72.56747183425149,22.97874557100884,0 72.56746502922547,22.97870157166691,0 72.56747743294942,22.97864525392176,0 72.56754075241177,22.97861922022742,0 72.56765490622314,22.97861026981722,0 72.56774139524528,22.97855868953071,0 72.56789838569908,22.97846301984021,0 72.56815033590355,22.97835490092454,0 72.56840747055631,22.97834411312247,0 72.56857910851103,22.97839805163301,0 72.56881063635782,22.97845614616754,0 72.56897210063549,22.9785160914982,0 72.56907994591766,22.97865525519971,0 72.56912443836492,22.97885714049571,0 72.56912316623371,22.97912376576184,0 72.56907177322196,22.97944530420898,0 72.56895363135357,22.98002749095742,0 72.5686991036941,22.98076307073002,0 72.56947778628941,22.98097105699825,0 72.57005731342922,22.98124782596043,0 72.57024274410138,22.98140836776061,0 72.5706533136529,22.98167577790701,0 72.570974657696,22.98186075691314,0 72.57113122865096,22.98210871934092,0 72.57116343969167,22.98230609354452,0 72.57111276450441,22.98293404826792,0 72.57091307229472,22.98309438251636,0 72.57086560717244,22.98345409516105,0 72.57082438691788,22.98367892828936,0 72.57048215211961,22.98378021574564,0 
							</coordinates>
						</LinearRing>
					</outerBoundaryIs>
				</Polygon>
			</Placemark>
			<Placemark id="0BBFDB030B420001B420">
				<name>Ahmedabad LF-1 (pirana)</name>
				<LookAt>
					<longitude>72.5743808286237</longitude>
					<latitude>22.98479779063048</latitude>
					<altitude>64.07850343375647</altitude>
					<heading>354.9017836912573</heading>
					<tilt>0</tilt>
					<gx:fovy>35</gx:fovy>
					<range>5242.392491708743</range>
					<altitudeMode>absolute</altitudeMode>
				</LookAt>
				<styleUrl>#__managed_style_08FE34D98742038E43F0</styleUrl>
				<Point>
					<coordinates>72.56547734439786,22.98046312287699,69.63776653668184</coordinates>
				</Point>
			</Placemark>
		</Folder>
		<Folder id="0A64160E58420997F62E">
			<name>LF - 3</name>
			<styleUrl>#__managed_style_0A5FCD4F7B420996F444</styleUrl>
			<Placemark id="0D28DBAAA342039466F3">
				<name>Ahmedabad LF - 3</name>
				<LookAt>
					<longitude>72.5465845241372</longitude>
					<latitude>22.96016503189396</latitude>
					<altitude>61.09229005520132</altitude>
					<heading>0.5816046116876147</heading>
					<tilt>0</tilt>
					<gx:fovy>35</gx:fovy>
					<range>2764.152341131121</range>
					<altitudeMode>absolute</altitudeMode>
				</LookAt>
				<styleUrl>#__managed_style_08FE34D98742038E43F0</styleUrl>
				<Point>
					<coordinates>72.54658735941611,22.96042224295167,61.45711498404922</coordinates>
				</Point>
			</Placemark>
			<Placemark id="07A46BC3E24209B7BB13">
				<name>Ahmedabad LF -3 (2016)</name>
				<visibility>0</visibility>
				<LookAt>
					<longitude>72.54752585321737</longitude>
					<latitude>22.96029988670866</latitude>
					<altitude>59.14977163330838</altitude>
					<heading>116.0807058659854</heading>
					<tilt>0.2514726645278442</tilt>
					<gx:fovy>34.99994058</gx:fovy>
					<range>972.0693515423047</range>
					<altitudeMode>absolute</altitudeMode>
				</LookAt>
				<styleUrl>#__managed_style_050A06BC174207DE1EAE0</styleUrl>
				<Polygon>
					<outerBoundaryIs>
						<LinearRing>
							<coordinates>
								72.54580556746261,22.96107746307743,0 72.54551258087207,22.95975264135366,0 72.54736913571607,22.95937997701669,0 72.547699128088,22.9608710046369,0 72.54580556746261,22.96107746307743,0 
							</coordinates>
						</LinearRing>
					</outerBoundaryIs>
				</Polygon>
			</Placemark>
			<Placemark id="06E93EA99A4209B95091">
				<name>Ahmedabad LF -3 (2018)</name>
				<visibility>0</visibility>
				<LookAt>
					<longitude>72.54752585321737</longitude>
					<latitude>22.96029988670866</latitude>
					<altitude>59.14977163330838</altitude>
					<heading>116.0807058659854</heading>
					<tilt>0.2514726645278442</tilt>
					<gx:fovy>34.99994058</gx:fovy>
					<range>972.0693515423047</range>
					<altitudeMode>absolute</altitudeMode>
				</LookAt>
				<styleUrl>#__managed_style_06B4AF9CD64207D6F394000</styleUrl>
				<Polygon>
					<outerBoundaryIs>
						<LinearRing>
							<coordinates>
								72.54586557451493,22.96115360183725,0 72.54551258087207,22.95975264135366,0 72.54736913571607,22.95937997701669,0 72.54776189268482,22.96128720837162,0 72.54685535006044,22.96105162837585,0 72.54632014826764,22.96100923524054,0 72.54586557451493,22.96115360183725,0 
							</coordinates>
						</LinearRing>
					</outerBoundaryIs>
				</Polygon>
			</Placemark>
			<Placemark id="0B3AD4D8704209BCCDFC">
				<name>Ahmedabad LF -3 (2020)</name>
				<visibility>0</visibility>
				<LookAt>
					<longitude>72.54752585321737</longitude>
					<latitude>22.96029988670866</latitude>
					<altitude>59.14977163330838</altitude>
					<heading>116.0807058659854</heading>
					<tilt>0.2514726645278442</tilt>
					<gx:fovy>34.99994058</gx:fovy>
					<range>972.0693515423047</range>
					<altitudeMode>absolute</altitudeMode>
				</LookAt>
				<styleUrl>#__managed_style_0768DE21824207D1BB70</styleUrl>
				<Polygon>
					<outerBoundaryIs>
						<LinearRing>
							<coordinates>
								72.5459275298295,22.96158632117197,0 72.54551258087207,22.95975264135366,0 72.54736913571607,22.95937997701669,0 72.54776189268482,22.96128720837162,0 72.5459275298295,22.96158632117197,0 
							</coordinates>
						</LinearRing>
					</outerBoundaryIs>
				</Polygon>
			</Placemark>
			<Placemark id="067A1B7FFA4209BDB228">
				<name>Ahmedabad LF -3 (2022)</name>
				<visibility>0</visibility>
				<LookAt>
					<longitude>72.54752585321737</longitude>
					<latitude>22.96029988670866</latitude>
					<altitude>59.14977163330838</altitude>
					<heading>116.0807058659854</heading>
					<tilt>0.2514726645278442</tilt>
					<gx:fovy>34.99994058</gx:fovy>
					<range>972.0693515423047</range>
					<altitudeMode>absolute</altitudeMode>
				</LookAt>
				<styleUrl>#__managed_style_00D276167F4207CAC4E8</styleUrl>
				<Polygon>
					<outerBoundaryIs>
						<LinearRing>
							<coordinates>
								72.54587801062027,22.96168787589266,0 72.54562164142122,22.96081336396391,0 72.54525423573182,22.96050824935407,0 72.54498140130524,22.9594453544331,0 72.54636392922346,22.95919606269498,0 72.54769496237827,22.95899587692916,0 72.54819659514713,22.96125889630261,0 72.54587801062027,22.96168787589266,0 
							</coordinates>
						</LinearRing>
					</outerBoundaryIs>
				</Polygon>
			</Placemark>
			<Placemark id="09E892160B4209BEC763">
				<name>Ahmedabad LF -3 (2025)</name>
				<visibility>0</visibility>
				<LookAt>
					<longitude>72.54752585321737</longitude>
					<latitude>22.96029988670866</latitude>
					<altitude>59.14977163330838</altitude>
					<heading>116.0807058659854</heading>
					<tilt>0.2514726645278442</tilt>
					<gx:fovy>34.99994058</gx:fovy>
					<range>972.0693515423047</range>
					<altitudeMode>absolute</altitudeMode>
				</LookAt>
				<styleUrl>#__managed_style_05E6CF2F3742050C14400</styleUrl>
				<Polygon>
					<outerBoundaryIs>
						<LinearRing>
							<coordinates>
								72.54555424046379,22.96212938287168,0 72.54533635017391,22.96101996959542,0 72.54521149329388,22.96051022833337,0 72.54498140130524,22.9594453544331,0 72.54636392922346,22.95919606269498,0 72.54769496237827,22.95899587692916,0 72.54828947291566,22.96161847402933,0 72.54555424046379,22.96212938287168,0 
							</coordinates>
						</LinearRing>
					</outerBoundaryIs>
				</Polygon>
			</Placemark>
			<Placemark id="04D3DFEED14209BF7F31">
				<name>Ahmedabad LF -3 (2026)</name>
				<visibility>0</visibility>
				<LookAt>
					<longitude>72.54752585321737</longitude>
					<latitude>22.96029988670866</latitude>
					<altitude>59.14977163330838</altitude>
					<heading>116.0807058659854</heading>
					<tilt>0.2514726645278442</tilt>
					<gx:fovy>34.99994058</gx:fovy>
					<range>972.0693515423047</range>
					<altitudeMode>absolute</altitudeMode>
				</LookAt>
				<styleUrl>#__managed_style_050A06BC174207DE1EAE0</styleUrl>
				<Polygon>
					<outerBoundaryIs>
						<LinearRing>
							<coordinates>
								72.54555424046379,22.96212938287168,0 72.54533635017391,22.96101996959542,0 72.54521149329388,22.96051022833337,0 72.54498140130524,22.9594453544331,0 72.54636392922346,22.95919606269498,0 72.54769496237827,22.95899587692916,0 72.54828947291566,22.96161847402933,0 72.54555424046379,22.96212938287168,0 
							</coordinates>
						</LinearRing>
					</outerBoundaryIs>
				</Polygon>
			</Placemark>
		</Folder>
	</Folder>
	<Folder id="0D6EB513B54209C06A97">
		<name>Gandhinagar</name>
		<styleUrl>#__managed_style_0A5FCD4F7B420996F444</styleUrl>
		<Placemark id="00EA75A7E44200132AC7">
			<name>Gandhinagar LF -1</name>
			<LookAt>
				<longitude>72.68064168037562</longitude>
				<latitude>23.25111294194202</latitude>
				<altitude>82.42991187701891</altitude>
				<heading>9.456789234633971</heading>
				<tilt>0</tilt>
				<gx:fovy>35.00001323556694</gx:fovy>
				<range>1309.365538193233</range>
				<altitudeMode>absolute</altitudeMode>
			</LookAt>
			<styleUrl>#__managed_style_08FE34D98742038E43F0</styleUrl>
			<Point>
				<coordinates>72.67831200122109,23.25132441062743,103.6807198911937</coordinates>
			</Point>
		</Placemark>
		<Placemark id="0654A024ED4209C4CBA0">
			<name>Gandhinagar  LF - 2026</name>
			<LookAt>
				<longitude>72.67917460709644</longitude>
				<latitude>23.25261966225305</latitude>
				<altitude>101.3866655239932</altitude>
				<heading>85.00933637007773</heading>
				<tilt>0</tilt>
				<gx:fovy>35</gx:fovy>
				<range>1409.422122104588</range>
				<altitudeMode>absolute</altitudeMode>
			</LookAt>
			<styleUrl>#__managed_style_011BE5B9394207C64408</styleUrl>
			<Polygon>
				<outerBoundaryIs>
					<LinearRing>
						<coordinates>
							72.68084042130415,23.25021048310338,0 72.68056793866786,23.25034358812233,0 72.6804397347521,23.25076475008213,0 72.6805196487952,23.25093792337565,0 72.68016041433758,23.25142954156366,0 72.68021849976432,23.25163956854895,0 72.6798889713325,23.25261990508876,0 72.67977337482547,23.25247666186556,0 72.68010117756624,23.25146875685103,0 72.67999543487275,23.25142136382521,0 72.6804622111845,23.25052528616443,0 72.6804295366437,23.2504013627989,0 72.67921215298989,23.25039608922434,0 72.6786098579103,23.25045004724765,0 72.67861913836379,23.25081573368999,0 72.67883850202116,23.25133163269237,0 72.67900497933589,23.25173432591609,0 72.67913370510426,23.25195467302833,0 72.67929287105237,23.25215079391928,0 72.67946992819716,23.25228854634375,0 72.67973289947778,23.25246791457543,0 72.67987380268784,23.25262869692971,0 72.67991546111313,23.25292568532493,0 72.6798147003578,23.25362043307952,0 72.67963520111616,23.25436428547738,0 72.67963399076282,23.25447765781215,0 72.67955963466201,23.25447939293773,0 72.67944939632569,23.2547237439322,0 72.67948283537952,23.25479254032765,0 72.67941657877229,23.25503783388336,0 72.67914961262886,23.25500207867794,0 72.67914580895149,23.25527457482459,0 72.67904525584488,23.25564188692303,0 72.67902996000841,23.25595128488964,0 72.6789469920908,23.25614326929793,0 72.67880818722956,23.2564170998408,0 72.67865448327053,23.25644300435302,0 72.67849105874608,23.25616545245585,0 72.6784202806339,23.25587446911581,0 72.6783181009117,23.25553590408617,0 72.67813986771854,23.25540046617477,0 72.67804268816022,23.25521871121262,0 72.67779387962825,23.25482669839693,0 72.67792852344799,23.25460521064241,0 72.67781607516622,23.25393060190492,0 72.6776772155246,23.25384080189412,0 72.67771022474652,23.25360484266788,0 72.67722477922382,23.25322043759,0 72.6772153821581,23.25284049110746,0 72.67817599660749,23.25280417567984,0 72.6782072102056,23.25220249217062,0 72.67758449139758,23.25217396834254,0 72.67754699801137,23.2520050850656,0 72.67769714310492,23.25185200153135,0 72.67777031715787,23.25167098930326,0 72.67761562628876,23.25140987848434,0 72.67765548311397,23.25132566429576,0 72.67778873982832,23.25124067838837,0 72.67779979172207,23.25080287862736,0 72.67804545944551,23.25065765268803,0 72.67842332715132,23.25051050564798,0 72.67847034452572,23.25003898738715,0 72.67849092501417,23.2498167311461,0 72.678663665928,23.24979547078445,0 72.67875663180629,23.24965841423898,0 72.67875703381243,23.24956194973432,0 72.67886215387864,23.2493791483017,0 72.67911300230342,23.24926247716045,0 72.67980805363393,23.24934288738705,0 72.67976453083675,23.24956030484418,0 72.68013886698661,23.24965476233871,0 72.68025742222115,23.24936004610574,0 72.68070448443964,23.24931169737643,0 72.68101549583301,23.24947238975924,0 72.68086538126163,23.24971975438719,0 72.68094940326591,23.24994864741506,0 72.68113634073437,23.25006101324486,0 72.6811633306437,23.25015750445499,0 72.68109534887107,23.25028388911175,0 72.68084042130415,23.25021048310338,0 
						</coordinates>
					</LinearRing>
				</outerBoundaryIs>
			</Polygon>
		</Placemark>
		<Placemark id="0C97CD05824209CF854F">
			<name>Gandhinagar  LF - 2024</name>
			<LookAt>
				<longitude>72.67917460709644</longitude>
				<latitude>23.25261966225305</latitude>
				<altitude>101.3866655239932</altitude>
				<heading>85.00933637007773</heading>
				<tilt>0</tilt>
				<gx:fovy>35</gx:fovy>
				<range>1409.422122104588</range>
				<altitudeMode>absolute</altitudeMode>
			</LookAt>
			<styleUrl>#__managed_style_05E6CF2F3742050C14400</styleUrl>
			<Polygon>
				<outerBoundaryIs>
					<LinearRing>
						<coordinates>
							72.68049471376803,23.2499775611572,0 72.6804622111845,23.25052528616443,0 72.68046899334632,23.25078320966348,0 72.68036646255884,23.25094104336662,0 72.68018944118268,23.25139985326814,0 72.68027214492518,23.25177477643478,0 72.68012111286065,23.2522185499189,0 72.67987380268784,23.25262869692971,0 72.67991546111313,23.25292568532493,0 72.67968917715176,23.25329813735994,0 72.67944520510284,23.25433412416811,0 72.67919613397238,23.25453007222671,0 72.67899724993846,23.25432110557896,0 72.67879361820491,23.25419004415458,0 72.67879119199405,23.25388685623402,0 72.67877871220735,23.2535445279209,0 72.67825776229685,23.25351934751772,0 72.67820533728649,23.25318385626612,0 72.67840455593652,23.25294518949471,0 72.67872129793675,23.25269385941344,0 72.67871018684922,23.25240857551447,0 72.67861680851996,23.25224127455402,0 72.67867787649872,23.25201016397997,0 72.67879879886942,23.25184800414859,0 72.678504643021,23.25180137842931,0 72.6784141578561,23.25154666169738,0 72.67854192347841,23.25119034865939,0 72.67843323653453,23.25091211256862,0 72.67841514543821,23.25073224283478,0 72.6784080657215,23.25060889669017,0 72.67842332715132,23.25051050564798,0 72.67842223248363,23.25034217940229,0 72.67848932504309,23.25022427956332,0 72.67863601037581,23.24995900406379,0 72.67878345676517,23.2499763387581,0 72.67882756574006,23.24987403322723,0 72.67885309891712,23.24976089231197,0 72.67893276618946,23.24968066429341,0 72.6791938571666,23.24959297219728,0 72.67938524119214,23.24955688455235,0 72.67980805363393,23.24934288738705,0 72.68003439575007,23.24937646618675,0 72.68025742222115,23.24936004610574,0 72.68039797505432,23.24898470432798,0 72.68072494301553,23.24906886602653,0 72.68070069397591,23.24940134486479,0 72.68060270708375,23.24970448493893,0 72.68049471376803,23.2499775611572,0 
						</coordinates>
					</LinearRing>
				</outerBoundaryIs>
			</Polygon>
		</Placemark>
		<Placemark id="028961E27D4209CA8678">
			<name>Gandhinagar  LF - 2022</name>
			<LookAt>
				<longitude>72.67917460709644</longitude>
				<latitude>23.25261966225305</latitude>
				<altitude>101.3866655239932</altitude>
				<heading>85.00933637007773</heading>
				<tilt>0</tilt>
				<gx:fovy>35</gx:fovy>
				<range>1409.422122104588</range>
				<altitudeMode>absolute</altitudeMode>
			</LookAt>
			<styleUrl>#__managed_style_00D276167F4207CAC4E8</styleUrl>
			<Polygon>
				<outerBoundaryIs>
					<LinearRing>
						<coordinates>
							72.68049471376803,23.2499775611572,0 72.6804622111845,23.25052528616443,0 72.68036722185298,23.25049903511136,0 72.68008500359066,23.25038856688455,0 72.68004926109506,23.25088530575476,0 72.67989808459424,23.25136742031692,0 72.67977601550123,23.2518315101501,0 72.67987380268784,23.25262869692971,0 72.67974954758873,23.25286201195913,0 72.67968917715176,23.25329813735994,0 72.67942482214012,23.25397039727025,0 72.67944520510284,23.25433412416811,0 72.67919634829238,23.25436263225055,0 72.67899724993846,23.25432110557896,0 72.67893260041484,23.25410807936267,0 72.67896388189207,23.25386658235533,0 72.67897640441231,23.25340721286499,0 72.67877325043149,23.25304472067883,0 72.67872287580103,23.2528642571671,0 72.67871419119746,23.25277170100236,0 72.67872129793675,23.25269385941344,0 72.67871018684922,23.25240857551447,0 72.67861680851996,23.25224127455402,0 72.67867787649872,23.25201016397997,0 72.67879879886942,23.25184800414859,0 72.67854622590401,23.25164884995545,0 72.67846284321966,23.2514128816247,0 72.67854192347841,23.25119034865939,0 72.67843323653453,23.25091211256862,0 72.67841514543821,23.25073224283478,0 72.6784080657215,23.25060889669017,0 72.67842332715132,23.25051050564798,0 72.67842223248363,23.25034217940229,0 72.67848932504309,23.25022427956332,0 72.67875942072035,23.25017200027291,0 72.67878345676517,23.2499763387581,0 72.67882756574006,23.24987403322723,0 72.67885309891712,23.24976089231197,0 72.67893276618946,23.24968066429341,0 72.6791938571666,23.24959297219728,0 72.67938524119214,23.24955688455235,0 72.67980805363393,23.24934288738705,0 72.68003439575007,23.24937646618675,0 72.68025742222115,23.24936004610574,0 72.68039797505432,23.24898470432798,0 72.68072494301553,23.24906886602653,0 72.68070069397591,23.24940134486479,0 72.68060270708375,23.24970448493893,0 72.68049471376803,23.2499775611572,0 
						</coordinates>
					</LinearRing>
				</outerBoundaryIs>
			</Polygon>
		</Placemark>
		<Placemark id="0BACEFFD634209D295EC">
			<name>Gandhinagar LF -2020</name>
			<LookAt>
				<longitude>72.68073153146007</longitude>
				<latitude>23.24833912040165</latitude>
				<altitude>89.45719628705649</altitude>
				<heading>67.38794509620483</heading>
				<tilt>0</tilt>
				<gx:fovy>35</gx:fovy>
				<range>645.1797679383162</range>
				<altitudeMode>absolute</altitudeMode>
			</LookAt>
			<styleUrl>#__managed_style_0768DE21824207D1BB70</styleUrl>
			<Polygon>
				<outerBoundaryIs>
					<LinearRing>
						<coordinates>
							72.67966722883989,23.24795059892793,0 72.67985972376945,23.24772578728629,0 72.68060206916735,23.24758601724866,0 72.6809771885562,23.24775144836366,0 72.68110455200458,23.24850382740174,0 72.68090885639826,23.24864989023787,0 72.68071013556767,23.24897783534527,0 72.68060054052715,23.24885332289164,0 72.68012376340711,23.24833744244919,0 72.68047721059065,23.24822861489469,0 72.68031284956963,23.2479815266402,0 72.67988195181175,23.24807924307076,0 72.67966722883989,23.24795059892793,0 
						</coordinates>
					</LinearRing>
				</outerBoundaryIs>
			</Polygon>
		</Placemark>
		<Placemark id="02DA34066E4209D86F77">
			<name>Gandhinagar LF -2018</name>
			<LookAt>
				<longitude>72.68073153146007</longitude>
				<latitude>23.24833912040165</latitude>
				<altitude>89.45719628705649</altitude>
				<heading>67.38794509620483</heading>
				<tilt>0</tilt>
				<gx:fovy>35</gx:fovy>
				<range>645.1797679383162</range>
				<altitudeMode>absolute</altitudeMode>
			</LookAt>
			<styleUrl>#__managed_style_06B4AF9CD64207D6F394000</styleUrl>
			<Polygon>
				<outerBoundaryIs>
					<LinearRing>
						<coordinates>
							72.67966722883989,23.24795059892793,0 72.67985972376945,23.24772578728629,0 72.68060206916735,23.24758601724866,0 72.68079536094153,23.24763240215261,0 72.68083560780933,23.24776032969423,0 72.68084540931687,23.24785588791855,0 72.68094900079704,23.24794663891546,0 72.68094528161129,23.24812627040512,0 72.68112906158547,23.24844142999898,0 72.68108045642067,23.24847543652572,0 72.6808756659352,23.24848473839439,0 72.68071658126117,23.24858157571023,0 72.68058021089641,23.24854811873488,0 72.68047603265546,23.24859134607821,0 72.68027786318352,23.24836948843657,0 72.6802137611545,23.24827945530652,0 72.68020931597975,23.24819941945043,0 72.6801456055242,23.24809741059969,0 72.67995134192581,23.24798075314929,0 72.67977610596533,23.24802437607506,0 72.67966722883989,23.24795059892793,0 
						</coordinates>
					</LinearRing>
				</outerBoundaryIs>
			</Polygon>
		</Placemark>
		<Placemark id="0FA7E0F2444209D37157">
			<name>Gandhinagar LF -2016</name>
			<LookAt>
				<longitude>72.68073153146007</longitude>
				<latitude>23.24833912040165</latitude>
				<altitude>89.45719628705649</altitude>
				<heading>67.38794509620483</heading>
				<tilt>0</tilt>
				<gx:fovy>35</gx:fovy>
				<range>645.1797679383162</range>
				<altitudeMode>absolute</altitudeMode>
			</LookAt>
			<styleUrl>#__managed_style_050A06BC174207DE1EAE0</styleUrl>
			<Polygon>
				<outerBoundaryIs>
					<LinearRing>
						<coordinates>
							72.67958021680828,23.24798737169435,0 72.67985972376945,23.24772578728629,0 72.67997301931652,23.24774649993817,0 72.68030966236763,23.24771651141605,0 72.68066179904653,23.24764035879521,0 72.68080849144084,23.24766907796713,0 72.68083560780933,23.24776032969423,0 72.68087965664725,23.24791563366889,0 72.68084655971687,23.24799060215194,0 72.68094528161129,23.24812627040512,0 72.68111475366575,23.24843899314846,0 72.68108045642067,23.24847543652572,0 72.68090368561738,23.24856315795378,0 72.68075278227951,23.2486230006736,0 72.68062174301264,23.24862241971515,0 72.68047297985864,23.24859940079017,0 72.68023609114709,23.24851920972045,0 72.68016634058139,23.24846066599803,0 72.68011198508211,23.24842289185581,0 72.67998760608181,23.24834874444463,0 72.67981461281271,23.24825199350752,0 72.67966877120844,23.24814599052161,0 72.67958021680828,23.24798737169435,0 
						</coordinates>
					</LinearRing>
				</outerBoundaryIs>
			</Polygon>
		</Placemark>
	</Folder>
	<Folder id="03FAD33146420A1AFEB0">
		<name>Rajkot</name>
		<styleUrl>#__managed_style_0A5FCD4F7B420996F444</styleUrl>
		<Placemark id="0995AE618A42004ED524">
			<name>Rajkot LF-1</name>
			<LookAt>
				<longitude>70.86068262908088</longitude>
				<latitude>22.37585344358583</latitude>
				<altitude>162.7000361051855</altitude>
				<heading>0.0001208534615554081</heading>
				<tilt>0</tilt>
				<gx:fovy>35</gx:fovy>
				<range>1700.554000744305</range>
				<altitudeMode>absolute</altitudeMode>
			</LookAt>
			<styleUrl>#__managed_style_08FE34D98742038E43F0</styleUrl>
			<Point>
				<coordinates>70.85928133830741,22.37517877410299,159.9242207375354</coordinates>
			</Point>
		</Placemark>
		<Placemark id="0464AEDE8B420A1EBE38">
			<name>Rajkot LF -2026</name>
			<visibility>0</visibility>
			<LookAt>
				<longitude>70.85959099021797</longitude>
				<latitude>22.37490929416963</latitude>
				<altitude>160.7935770016506</altitude>
				<heading>31.44002466286227</heading>
				<tilt>8.10688807819494</tilt>
				<gx:fovy>35</gx:fovy>
				<range>1594.445838350512</range>
				<altitudeMode>absolute</altitudeMode>
			</LookAt>
			<styleUrl>#__managed_style_011BE5B9394207C64408</styleUrl>
			<Polygon>
				<outerBoundaryIs>
					<LinearRing>
						<coordinates>
							70.86261528195035,22.37304583657459,0 70.86279410450047,22.37338037470008,0 70.86111989778021,22.37444482627149,0 70.86105031314615,22.37438383086777,0 70.86079791893961,22.37452088980334,0 70.8608584204613,22.37459823372607,0 70.86070299738144,22.37469489467275,0 70.86143521436061,22.37637687679932,0 70.85944118684014,22.3773689940286,0 70.85936666820834,22.37741919861373,0 70.85904855943613,22.37755041171429,0 70.85890942191307,22.37734471048752,0 70.85876644356681,22.37733575931857,0 70.85861384794318,22.37732974395606,0 70.85845632926146,22.37727634065689,0 70.85842579035166,22.37722333230771,0 70.85832112895366,22.37727359047709,0 70.85820914425651,22.3773858279128,0 70.85813743974143,22.37752337742321,0 70.85802964861294,22.37752507390458,0 70.85822615608475,22.37668296613003,0 70.85812258467274,22.37644507021665,0 70.85780643851152,22.37643835360655,0 70.85719159007523,22.37629044653967,0 70.8567298929554,22.37642010677638,0 70.85673292910715,22.37677474602337,0 70.85682929812342,22.37693753596453,0 70.85684851002065,22.37711417546459,0 70.85669635810854,22.37804963137184,0 70.8560879647067,22.37776761659964,0 70.85581875916091,22.37741156228631,0 70.85549844608143,22.37706338374268,0 70.85533111644456,22.37662829294834,0 70.85580841660651,22.37612323759406,0 70.85653288853101,22.37541349606374,0 70.8570977562557,22.37484134490008,0 70.85676896593829,22.37438708209188,0 70.85966868738336,22.37187526259064,0 70.86028827651477,22.37131718823855,0 70.86142820752126,22.37170229865115,0 70.86211291482809,22.37137430425888,0 70.86299536790474,22.37282165389006,0 70.86261528195035,22.37304583657459,0 
						</coordinates>
					</LinearRing>
				</outerBoundaryIs>
			</Polygon>
		</Placemark>
		<Placemark id="08221A4FEF420A222D04">
			<name>Rajkot LF -2024</name>
			<visibility>0</visibility>
			<LookAt>
				<longitude>70.85959099021797</longitude>
				<latitude>22.37490929416963</latitude>
				<altitude>160.7935770016506</altitude>
				<heading>31.44002466286227</heading>
				<tilt>8.10688807819494</tilt>
				<gx:fovy>35</gx:fovy>
				<range>1594.445838350512</range>
				<altitudeMode>absolute</altitudeMode>
			</LookAt>
			<styleUrl>#__managed_style_05E6CF2F3742050C14400</styleUrl>
			<Polygon>
				<outerBoundaryIs>
					<LinearRing>
						<coordinates>
							70.86261528195035,22.37304583657459,0 70.86279410450047,22.37338037470008,0 70.86111989778021,22.37444482627149,0 70.86099137952047,22.37452047130388,0 70.8608584204613,22.37459823372607,0 70.86070299738144,22.37469489467275,0 70.86143521436061,22.37637687679932,0 70.85950980664049,22.37733020853822,0 70.85904593480937,22.37754951746835,0 70.85897855842958,22.3775470663558,0 70.85888506174309,22.37736074218658,0 70.85878247787841,22.37737470718641,0 70.85870658292147,22.3773306111492,0 70.85862401839879,22.37733501316314,0 70.85849492520977,22.37726344169538,0 70.85802177442342,22.37756179759286,0 70.8580149149154,22.37741935079321,0 70.85812256156849,22.37702383842969,0 70.85820043559086,22.37660967164169,0 70.85807965342813,22.37640803750374,0 70.85713133176071,22.37628514004352,0 70.85673288887183,22.37638601026864,0 70.85672718028744,22.37671604213217,0 70.85683742681699,22.37703512176127,0 70.85669635810854,22.37804963137184,0 70.8560879647067,22.37776761659964,0 70.85581875916091,22.37741156228631,0 70.85549844608143,22.37706338374268,0 70.85533111644456,22.37662829294834,0 70.85580841660651,22.37612323759406,0 70.85653288853101,22.37541349606374,0 70.8570977562557,22.37484134490008,0 70.85676896593829,22.37438708209188,0 70.85966868738336,22.37187526259064,0 70.86028827651477,22.37131718823855,0 70.86142820752126,22.37170229865115,0 70.86212962605194,22.37136726244966,0 70.86221174068061,22.37125399751043,0 70.86259791677149,22.37207016077771,0 70.86278776609494,22.37245320221955,0 70.86299536790474,22.37282165389006,0 70.86261528195035,22.37304583657459,0 
						</coordinates>
					</LinearRing>
				</outerBoundaryIs>
			</Polygon>
		</Placemark>
		<Placemark id="08C94E942D420A343D2C">
			<name>Rajkot LF -2022</name>
			<visibility>0</visibility>
			<LookAt>
				<longitude>70.85959099021797</longitude>
				<latitude>22.37490929416963</latitude>
				<altitude>160.7935770016506</altitude>
				<heading>31.44002466286227</heading>
				<tilt>8.10688807819494</tilt>
				<gx:fovy>35</gx:fovy>
				<range>1594.445838350512</range>
				<altitudeMode>absolute</altitudeMode>
			</LookAt>
			<styleUrl>#__managed_style_00D276167F4207CAC4E8</styleUrl>
			<Polygon>
				<outerBoundaryIs>
					<LinearRing>
						<coordinates>
							70.86111989778021,22.37444482627149,0 70.86099137952047,22.37452047130388,0 70.8608584204613,22.37459823372607,0 70.86070299738144,22.37469489467275,0 70.86143521436061,22.37637687679932,0 70.85950980664049,22.37733020853822,0 70.85904593480937,22.37754951746835,0 70.85897855842958,22.3775470663558,0 70.85888506174309,22.37736074218658,0 70.85878247787841,22.37737470718641,0 70.85870658292147,22.3773306111492,0 70.85862401839879,22.37733501316314,0 70.85849492520977,22.37726344169538,0 70.85802177442342,22.37756179759286,0 70.8580149149154,22.37741935079321,0 70.85812256156849,22.37702383842969,0 70.85820043559086,22.37660967164169,0 70.85807965342813,22.37640803750374,0 70.85713133176071,22.37628514004352,0 70.85673288887183,22.37638601026864,0 70.85672718028744,22.37671604213217,0 70.85683742681699,22.37703512176127,0 70.85669635810854,22.37804963137184,0 70.8560879647067,22.37776761659964,0 70.85581875916091,22.37741156228631,0 70.85549844608143,22.37706338374268,0 70.85533111644456,22.37662829294834,0 70.85580841660651,22.37612323759406,0 70.85653288853101,22.37541349606374,0 70.8570977562557,22.37484134490008,0 70.85676896593829,22.37438708209188,0 70.8587677533572,22.37262294977313,0 70.85933934660829,22.37307793571084,0 70.85972811114164,22.37284128005791,0 70.86003543022106,22.37300499527439,0 70.86080515934775,22.37353656744862,0 70.86118529044762,22.37341080748259,0 70.86150737915952,22.37348101244984,0 70.86179982914277,22.37401363814945,0 70.86111989778021,22.37444482627149,0 
						</coordinates>
					</LinearRing>
				</outerBoundaryIs>
			</Polygon>
		</Placemark>
		<Placemark id="029FFD1E35420A35667C">
			<name>Rajkot LF -2020</name>
			<visibility>0</visibility>
			<LookAt>
				<longitude>70.85959099021797</longitude>
				<latitude>22.37490929416963</latitude>
				<altitude>160.7935770016506</altitude>
				<heading>31.44002466286227</heading>
				<tilt>8.10688807819494</tilt>
				<gx:fovy>35</gx:fovy>
				<range>1594.445838350512</range>
				<altitudeMode>absolute</altitudeMode>
			</LookAt>
			<styleUrl>#__managed_style_0768DE21824207D1BB70</styleUrl>
			<Polygon>
				<outerBoundaryIs>
					<LinearRing>
						<coordinates>
							70.86153340674512,22.37459769131964,0 70.86221388125149,22.37592527249368,0 70.85950980664049,22.37733020853822,0 70.85930363158174,22.37743709416277,0 70.85924052702241,22.37735717254713,0 70.85913451279708,22.37722327313417,0 70.8590050680308,22.37727523268203,0 70.85894486459524,22.37723919737774,0 70.85880368383366,22.37728946604575,0 70.858573575073,22.37720278954559,0 70.857975909383,22.37616533344555,0 70.85773221859283,22.37571731315029,0 70.85719066195428,22.37472473943251,0 70.85695484327753,22.37453010362259,0 70.8567590028205,22.37442184640343,0 70.85875878252283,22.37267965244798,0 70.85933934660829,22.37307793571084,0 70.85976521671277,22.37302692006668,0 70.86002596456083,22.37305574020423,0 70.86063693509867,22.37368864243933,0 70.86109907743773,22.37380895668611,0 70.86145203426805,22.37389904704337,0 70.86169364213778,22.37405512881881,0 70.86153340674512,22.37459769131964,0 
						</coordinates>
					</LinearRing>
				</outerBoundaryIs>
			</Polygon>
		</Placemark>
		<Placemark id="0A6F6A8B68420A3A8B2B">
			<name>Rajkot LF - 2018</name>
			<LookAt>
				<longitude>70.85974563372527</longitude>
				<latitude>22.37619515829973</latitude>
				<altitude>159.8141428870278</altitude>
				<heading>27.30716998858227</heading>
				<tilt>0</tilt>
				<gx:fovy>35</gx:fovy>
				<range>1098.431212781434</range>
				<altitudeMode>absolute</altitudeMode>
			</LookAt>
			<styleUrl>#__managed_style_06B4AF9CD64207D6F394000</styleUrl>
			<Polygon>
				<outerBoundaryIs>
					<LinearRing>
						<coordinates>
							70.85820526378383,22.37636226089823,0 70.85824978727562,22.37609966591184,0 70.85796139488254,22.37574688859386,0 70.85780090355847,22.37541383176654,0 70.85729931144328,22.37483225413162,0 70.85706657999762,22.37443867819001,0 70.85733836228026,22.37414845757535,0 70.85764153381888,22.3739177816544,0 70.85791373980207,22.37393544637358,0 70.85843097244523,22.3736301096677,0 70.85908069434659,22.3733298803944,0 70.85959897346633,22.37305318902159,0 70.85984049773253,22.3730351237301,0 70.86008615708951,22.37324612217822,0 70.86019398771354,22.37367907640657,0 70.86049421221378,22.37420249160537,0 70.86133725099583,22.37584262776189,0 70.86122703106082,22.37601393124998,0 70.86100049414019,22.3762144402155,0 70.86072838026168,22.37602109477125,0 70.86057027776538,22.37579428267803,0 70.86041831165177,22.37556772404004,0 70.86032922229882,22.37544555110982,0 70.86039550694773,22.37510775815236,0 70.86026527952218,22.37479875398229,0 70.86020550691046,22.37438644203612,0 70.86011249210357,22.37434129459594,0 70.8599408429811,22.37440017223921,0 70.85950821059714,22.37449510713247,0 70.85919288713785,22.37455131748814,0 70.85915808585976,22.37486331488251,0 70.85908848303418,22.37515237593723,0 70.85913693911306,22.37571287707895,0 70.85900054080507,22.37601690824374,0 70.85880846931319,22.37644289428103,0 70.85901383891827,22.3769372068068,0 70.85857983608902,22.3767184787163,0 70.85820526378383,22.37636226089823,0 
						</coordinates>
					</LinearRing>
				</outerBoundaryIs>
			</Polygon>
		</Placemark>
		<Placemark id="0467331864420A3B8879">
			<name>Rajkot LF - 2016</name>
			<LookAt>
				<longitude>70.85974563372527</longitude>
				<latitude>22.37619515829973</latitude>
				<altitude>159.8141428870278</altitude>
				<heading>27.30716998858227</heading>
				<tilt>0</tilt>
				<gx:fovy>35</gx:fovy>
				<range>1098.431212781434</range>
				<altitudeMode>absolute</altitudeMode>
			</LookAt>
			<styleUrl>#__managed_style_050A06BC174207DE1EAE0</styleUrl>
			<Polygon>
				<outerBoundaryIs>
					<LinearRing>
						<coordinates>
							70.85820526378383,22.37636226089823,0 70.85824978727562,22.37609966591184,0 70.85796139488254,22.37574688859386,0 70.85780090355847,22.37541383176654,0 70.85729931144328,22.37483225413162,0 70.85706657999762,22.37443867819001,0 70.85733836228026,22.37414845757535,0 70.85764153381888,22.3739177816544,0 70.85791373980207,22.37393544637358,0 70.85843097244523,22.3736301096677,0 70.85908069434659,22.3733298803944,0 70.85959897346633,22.37305318902159,0 70.85984049773253,22.3730351237301,0 70.86008615708951,22.37324612217822,0 70.86019398771354,22.37367907640657,0 70.86049421221378,22.37420249160537,0 70.86133725099583,22.37584262776189,0 70.86122703106082,22.37601393124998,0 70.86112848891347,22.37603362954505,0 70.86096929535739,22.37605544610179,0 70.86086906575639,22.37593757017441,0 70.8606474230621,22.37575128932979,0 70.86049551485439,22.37552433234247,0 70.86040364827348,22.37542331096862,0 70.86039550694773,22.37510775815236,0 70.86034779328392,22.37478532705618,0 70.86036315463623,22.37461196442623,0 70.86028613473182,22.37432648108804,0 70.86011249210357,22.37434129459594,0 70.8599408429811,22.37440017223921,0 70.85950821059714,22.37449510713247,0 70.85919288713785,22.37455131748814,0 70.85923453652858,22.37471395145796,0 70.85915808585976,22.37486331488251,0 70.85908848303418,22.37515237593723,0 70.85927637100885,22.37549284886946,0 70.85919466387263,22.3758071133166,0 70.85888004580495,22.37600066039602,0 70.85863692192316,22.3762837406707,0 70.85875755835133,22.376795957286,0 70.8585883278167,22.3766456915531,0 70.85828835790944,22.37642318237103,0 70.85820526378383,22.37636226089823,0 
						</coordinates>
					</LinearRing>
				</outerBoundaryIs>
			</Polygon>
		</Placemark>
	</Folder>
	<Folder id="0613539752420CCE2450">
		<name>Vadodara</name>
		<styleUrl>#__managed_style_0A5FCD4F7B420996F444</styleUrl>
		<Placemark id="01EC55F75242002402BB">
			<name>Vadodara LF - 1</name>
			<LookAt>
				<longitude>73.20765680705748</longitude>
				<latitude>22.23228876119574</latitude>
				<altitude>45.10294078719058</altitude>
				<heading>359.9991117865005</heading>
				<tilt>0</tilt>
				<gx:fovy>35</gx:fovy>
				<range>2311.636228805291</range>
				<altitudeMode>absolute</altitudeMode>
			</LookAt>
			<styleUrl>#__managed_style_08FE34D98742038E43F0</styleUrl>
			<Point>
				<coordinates>73.20690734701633,22.23361311564203,41.96131564359983</coordinates>
			</Point>
		</Placemark>
		<Placemark id="0728DCB4E2420D27CD09">
			<name>Vadodara LF - 1( 2026)</name>
			<visibility>0</visibility>
			<LookAt>
				<longitude>73.20666355659522</longitude>
				<latitude>22.23083139575209</latitude>
				<altitude>44.3231834423869</altitude>
				<heading>129.1616817763297</heading>
				<tilt>1.163842066736952</tilt>
				<gx:fovy>35</gx:fovy>
				<range>1155.349741474784</range>
				<altitudeMode>absolute</altitudeMode>
			</LookAt>
			<styleUrl>#__managed_style_011BE5B9394207C64408</styleUrl>
			<Polygon>
				<outerBoundaryIs>
					<LinearRing>
						<coordinates>
							73.20861247882785,22.23435570196256,0 73.20851187324439,22.23444796944005,0 73.20833568895989,22.23453856916722,0 73.2080798598324,22.23462657620899,0 73.20777998717554,22.23468379681933,0 73.20742873822978,22.23468075592503,0 73.20713063472104,22.23466762074565,0 73.2068618027979,22.23461335971034,0 73.20663471192481,22.23451273225292,0 73.20643366436431,22.2344165010609,0 73.20627931453291,22.23416938444879,0 73.20610727452609,22.23380977116527,0 73.20605149577997,22.23350840529749,0 73.20610763358032,22.23325030435969,0 73.20623102454822,22.23297627857094,0 73.20626272869318,22.23269533925581,0 73.2063551442228,22.23247453520528,0 73.20639558391878,22.23234076583857,0 73.20638462132781,22.23211870972069,0 73.20648496594328,22.23143402530078,0 73.20651620752889,22.231396377243,0 73.20670540002702,22.23147716443526,0 73.20672539075855,22.23155475002789,0 73.2068628701456,22.23158860460805,0 73.2068867083141,22.23150844844971,0 73.20690964362068,22.2313894776801,0 73.20652710116487,22.23116386532923,0 73.20609053010701,22.23090921046832,0 73.20600602411663,22.23098875001693,0 73.2059098983361,22.23106507554072,0 73.20580903484704,22.23110087334876,0 73.20563781424944,22.23102649009101,0 73.20534153713346,22.23088083172727,0 73.2050996706195,22.23073711611196,0 73.2049548897121,22.23059024664055,0 73.20492784592287,22.23044356402863,0 73.20499527452553,22.23027957984247,0 73.20494039558378,22.23023486606756,0 73.2049609689375,22.23003094514237,0 73.20504389296073,22.22996672995649,0 73.2051565631963,22.22997405982875,0 73.2054152866491,22.22994190994175,0 73.20541119437351,22.22954540211751,0 73.20537700492923,22.22926005219695,0 73.20518149290358,22.22917267043223,0 73.20499027213583,22.22915262266563,0 73.20485937543859,22.22918461469196,0 73.20465362049377,22.22923872026961,0 73.20451114352689,22.2292116230966,0 73.20441069141853,22.22917995038061,0 73.20434862313331,22.22900988090729,0 73.2043971635555,22.22883239015216,0 73.20451183183532,22.22871738708178,0 73.20471809443299,22.22862037255295,0 73.20489849038417,22.22856869729345,0 73.20507272162288,22.22853577200402,0 73.20531502812754,22.22856282610137,0 73.20557703711307,22.22864118542075,0 73.20577531744395,22.22867416640275,0 73.20587738004593,22.22869408866838,0 73.20592016040669,22.2287509310332,0 73.20603137501138,22.22878553957232,0 73.20615905780734,22.22883656782892,0 73.20641401513582,22.22879424251882,0 73.20659654617288,22.2287310905222,0 73.2067883349808,22.22863286076212,0 73.20688680787727,22.2285677598796,0 73.20698665656425,22.22854521632657,0 73.20710733671407,22.22856634341094,0 73.20722548095641,22.22866552032583,0 73.2072631692597,22.22888187774686,0 73.20731711538244,22.22904039946877,0 73.20751312973685,22.22924171349777,0 73.20768653304982,22.22942378042341,0 73.20783377668494,22.22954643575028,0 73.20792521396334,22.2296733223655,0 73.20794006509171,22.2298142017791,0 73.20787955105591,22.2299174024262,0 73.20773234196665,22.23004134185409,0 73.20767409431471,22.23014235083188,0 73.20768321757971,22.2302615710719,0 73.20760764325325,22.23034528312887,0 73.20745495663861,22.23052873672762,0 73.20748745219468,22.23068526146981,0 73.20745655906441,22.23088200410294,0 73.20741645336304,22.23116912491344,0 73.20743384054063,22.23132440596628,0 73.20751623701958,22.23149704716704,0 73.2075116320247,22.23163405549654,0 73.20745906301229,22.23183482995528,0 73.20748198444807,22.2320884850356,0 73.20744697837577,22.23229052839125,0 73.207351245966,22.23236814714542,0 73.20722968752648,22.23242265544477,0 73.20713238320936,22.23250999413712,0 73.20713433892354,22.23265203905452,0 73.20735725288492,22.23293194821584,0 73.20746803761648,22.23296361223393,0 73.20768645494084,22.233058299427,0 73.20785426830436,22.23320347784019,0 73.20800340259714,22.23335324853588,0 73.20817276555287,22.23348683650159,0 73.20834292011844,22.23368167122122,0 73.20842952570715,22.23378732684006,0 73.20851531185581,22.23395503575795,0 73.20857358867497,22.23410740421389,0 73.20860617017713,22.23426375844161,0 73.20861247882785,22.23435570196256,0 
						</coordinates>
					</LinearRing>
				</outerBoundaryIs>
			</Polygon>
		</Placemark>
		<Placemark id="00B16D0988420D2AD7E7">
			<name>Vadodara LF - 1( 2024)</name>
			<visibility>0</visibility>
			<LookAt>
				<longitude>73.20666355659522</longitude>
				<latitude>22.23083139575209</latitude>
				<altitude>44.3231834423869</altitude>
				<heading>129.1616817763297</heading>
				<tilt>1.163842066736952</tilt>
				<gx:fovy>35</gx:fovy>
				<range>1155.349741474784</range>
				<altitudeMode>absolute</altitudeMode>
			</LookAt>
			<styleUrl>#__managed_style_05E6CF2F3742050C14400</styleUrl>
			<Polygon>
				<outerBoundaryIs>
					<LinearRing>
						<coordinates>
							73.20828842451803,22.23425139504999,0 73.20819047577199,22.23436602562485,0 73.20812633735927,22.23447080160554,0 73.20795357963398,22.23453423977493,0 73.20765440523309,22.23459832367843,0 73.20737818587152,22.234593862305,0 73.20706846534662,22.2345749658781,0 73.20681328668657,22.23458799961367,0 73.20663471192481,22.23451273225292,0 73.20643366436431,22.2344165010609,0 73.20622802302185,22.23419038864146,0 73.20599634704907,22.23397979565292,0 73.2058554651629,22.23394523696974,0 73.20576585264321,22.23381000521217,0 73.20597259359423,22.233639111389,0 73.20605149577997,22.23350840529749,0 73.20574292216413,22.23312412626085,0 73.20576661128824,22.23300770345421,0 73.20581944562936,22.23292495958109,0 73.20601981116914,22.23297657131254,0 73.20612009446501,22.23303266830248,0 73.20623015504587,22.23304031212193,0 73.20626272869318,22.23269533925581,0 73.20631190287027,22.23247470070639,0 73.20632751807415,22.23233321366544,0 73.20638462132781,22.23211870972069,0 73.20648496594328,22.23143402530078,0 73.20651620752889,22.231396377243,0 73.20670540002702,22.23147716443526,0 73.20672539075855,22.23155475002789,0 73.2068628701456,22.23158860460805,0 73.2068867083141,22.23150844844971,0 73.20690964362068,22.2313894776801,0 73.20652710116487,22.23116386532923,0 73.20609053010701,22.23090921046832,0 73.20600602411663,22.23098875001693,0 73.2059098983361,22.23106507554072,0 73.20580903484704,22.23110087334876,0 73.20563781424944,22.23102649009101,0 73.20530301491814,22.23102653002813,0 73.20499490985148,22.23085533922712,0 73.20492755320792,22.23061282228075,0 73.20492784592287,22.23044356402863,0 73.20499527452553,22.23027957984247,0 73.2051249694358,22.23013253198705,0 73.20513509406064,22.23006398193676,0 73.20519225093527,22.23001324205742,0 73.20524193946183,22.2299638844158,0 73.2053253617359,22.22981569985204,0 73.20530903802376,22.22955394109856,0 73.20529659854279,22.22932657650071,0 73.20515356318592,22.22931996996711,0 73.20497870592082,22.22924259235043,0 73.20486155595138,22.22924513056536,0 73.20465362049377,22.22923872026961,0 73.20455865161794,22.2291721530152,0 73.20446168216561,22.22908454322553,0 73.20436373626498,22.22900183359873,0 73.20431417803125,22.22889403544658,0 73.20435812589352,22.22879903870244,0 73.20448968990418,22.22866088317598,0 73.20471206750986,22.22853548810033,0 73.20481186761185,22.22844603657502,0 73.20491887625793,22.22846101889488,0 73.20497930974771,22.22844974372999,0 73.2050118455079,22.22847377909978,0 73.20500795885208,22.22851652074103,0 73.20497184273583,22.22855736873246,0 73.20504942372122,22.22858500237715,0 73.20510532674311,22.22863103554672,0 73.20512667918908,22.22866902000838,0 73.2052431385017,22.22860307815223,0 73.20531100981876,22.22855901917714,0 73.20531871245217,22.22851133523314,0 73.20535290099403,22.22848446899059,0 73.20539863599247,22.2285020249026,0 73.2054797882156,22.22857890116565,0 73.20562301993429,22.22865897924266,0 73.20568720203651,22.22863638559699,0 73.20576349375152,22.22863670931865,0 73.20581206791202,22.22865207022583,0 73.20584731775894,22.22869269489031,0 73.20592016040669,22.2287509310332,0 73.20603137501138,22.22878553957232,0 73.20615905724139,22.22882118719329,0 73.20626244557282,22.22885284877295,0 73.20632643289882,22.22877022274613,0 73.20645026565801,22.22873721941581,0 73.20655798768892,22.22868607910936,0 73.20674729935611,22.2285932892024,0 73.20686906824741,22.22855139091954,0 73.20693400517831,22.22853302518934,0 73.20704444545645,22.22859663241289,0 73.20713972544257,22.228738817479,0 73.20721253967821,22.22892886150757,0 73.20729024530677,22.22906381520832,0 73.20747423352609,22.22924443199004,0 73.20761368448191,22.22939534812418,0 73.20768705509843,22.22949790606333,0 73.20767457192966,22.22959886746079,0 73.20765595767021,22.22976854685423,0 73.20773638521985,22.22986011823759,0 73.20773862422456,22.2299458760363,0 73.20767365964824,22.23000282521294,0 73.20756721184803,22.23001441673125,0 73.20747570225774,22.2300059505783,0 73.20740974864941,22.23002586422353,0 73.20736473644045,22.23006081933216,0 73.20738771423784,22.23021796578167,0 73.20735852908871,22.23038679245846,0 73.20745495663861,22.23052873672762,0 73.20748745219468,22.23068526146981,0 73.20736586214417,22.23100278564681,0 73.20741617913447,22.2311315443772,0 73.20743384054063,22.23132440596628,0 73.20751623701958,22.23149704716704,0 73.2075116320247,22.23163405549654,0 73.20743974007701,22.23184398930885,0 73.20748198444807,22.2320884850356,0 73.20744697837577,22.23229052839125,0 73.207351245966,22.23236814714542,0 73.20722968752648,22.23242265544477,0 73.20713068397802,22.23247904130421,0 73.20713433892354,22.23265203905452,0 73.20733913871364,22.23286019860847,0 73.207463328438,22.23280543665618,0 73.20757748209788,22.23290047742955,0 73.20764513526497,22.23307887134119,0 73.20781634103309,22.23325310552569,0 73.20800340259714,22.23335324853588,0 73.20806100406406,22.23362810965215,0 73.20824204560458,22.2337990708145,0 73.20832101863178,22.23396098796445,0 73.20831157761316,22.23404737141546,0 73.2083164522559,22.23413173136723,0 73.20828842451803,22.23425139504999,0 
						</coordinates>
					</LinearRing>
				</outerBoundaryIs>
			</Polygon>
		</Placemark>
		<Placemark id="0BB00CB27C420D338E11">
			<name>Vadodara LF - 1( 2022)</name>
			<visibility>0</visibility>
			<LookAt>
				<longitude>73.20670117448704</longitude>
				<latitude>22.23093579641615</latitude>
				<altitude>44.8101498453279</altitude>
				<heading>136.3616780787802</heading>
				<tilt>0</tilt>
				<gx:fovy>35</gx:fovy>
				<range>1213.804296032904</range>
				<altitudeMode>absolute</altitudeMode>
			</LookAt>
			<styleUrl>#__managed_style_00D276167F4207CAC4E8</styleUrl>
			<Polygon>
				<outerBoundaryIs>
					<LinearRing>
						<coordinates>
							73.20852440137735,22.23443400800514,0 73.20818854250436,22.23457201670933,0 73.20787730384404,22.23465876177821,0 73.20750219593148,22.23468913219591,0 73.20716251214454,22.23465529293499,0 73.20683724088049,22.2345619003462,0 73.20656613284945,22.23430763018238,0 73.20621666646228,22.23400113017233,0 73.20601751799583,22.23395605037358,0 73.2058456849129,22.23381646183406,0 73.2059293355849,22.23358372662044,0 73.20594359050079,22.23341002050924,0 73.20582972682671,22.23327674709486,0 73.20576919763181,22.23325675011739,0 73.20571146674514,22.23327213768858,0 73.20565735965576,22.23322306849367,0 73.20567829645145,22.23310514121719,0 73.20570959493467,22.23306639751734,0 73.20597936118581,22.23254192580447,0 73.2062218639041,22.23213945028071,0 73.2065088282959,22.23115184773295,0 73.20616665994952,22.23084159509148,0 73.20600640732408,22.23099830633502,0 73.2057566613598,22.23104515565024,0 73.20561960052069,22.23097377658658,0 73.20585749172146,22.23073979986322,0 73.20559169613243,22.23046565356756,0 73.20539078698977,22.23065495331351,0 73.20532130759379,22.23074855734761,0 73.2055513539202,22.2310156521623,0 73.20547828688025,22.23110716540605,0 73.2050628682059,22.23097452861621,0 73.20516319713259,22.23042629753316,0 73.20531423683148,22.2303010826684,0 73.20519800435912,22.23006398299714,0 73.20523121573544,22.22990469651982,0 73.20535650548393,22.22984056906328,0 73.20533422283864,22.22929298107791,0 73.20507814352177,22.22915213285392,0 73.20483231357603,22.22911568146336,0 73.20485040486926,22.2289291472091,0 73.20509510671766,22.22899076133244,0 73.20522110102172,22.22902017257728,0 73.20532849362722,22.2289357023931,0 73.20517786320765,22.22878703193301,0 73.20530266532191,22.2287594612835,0 73.20548950943737,22.228808307659,0 73.2055679171642,22.2290055495433,0 73.20559358162967,22.22877120082178,0 73.20567095618584,22.22864251699825,0 73.20585305572749,22.22867908979904,0 73.20590832013686,22.22874386691645,0 73.20606025843428,22.22883120213809,0 73.20625710256277,22.22886261695418,0 73.2065802006596,22.22876858988558,0 73.20663670532571,22.22870748281334,0 73.2067179209164,22.22878180262454,0 73.20666852577713,22.22888214583211,0 73.2065464059734,22.22902866598779,0 73.20649248845919,22.22911772167978,0 73.20647541229198,22.22924834972346,0 73.20646710910044,22.22936761694356,0 73.20651680599312,22.22940915714646,0 73.20660350020474,22.22941590716897,0 73.20672867549152,22.22951580215597,0 73.20681944291923,22.22962177740253,0 73.20683664763135,22.22979542118862,0 73.20684049221626,22.22986854238441,0 73.20678853681888,22.23013060796573,0 73.2069025757983,22.2302789149784,0 73.20699523031175,22.23028580602668,0 73.20706780094396,22.23034243551984,0 73.20717093071755,22.23049825900227,0 73.20719287732814,22.23058245714219,0 73.20737163392036,22.23076389257606,0 73.20739888162734,22.23096488910997,0 73.20731392459378,22.23107316906045,0 73.20739859429075,22.23126492028183,0 73.20749364203587,22.23145501604143,0 73.20753195386098,22.23159478620773,0 73.20747450714661,22.23176996577437,0 73.20742962418154,22.23187436952226,0 73.20743470066888,22.23213525409674,0 73.20738894902293,22.23222669033547,0 73.20726265922139,22.23234537689416,0 73.20723282783428,22.23247829762376,0 73.20712344043935,22.23259053087911,0 73.2073792066907,22.23285017014183,0 73.20759463570134,22.23288959760094,0 73.20760833562167,22.23303229622859,0 73.20764464614926,22.23318646412599,0 73.208045451408,22.2333852293953,0 73.20820782073854,22.23356113230275,0 73.2084014063791,22.23377845366251,0 73.20853180682363,22.23397030054818,0 73.20857883310485,22.23416625937223,0 73.20859343120554,22.23432698493497,0 73.20852440137735,22.23443400800514,0 
						</coordinates>
					</LinearRing>
				</outerBoundaryIs>
			</Polygon>
		</Placemark>
		<Placemark id="009C8F5082420D344F1E">
			<name>Vadodara LF - 1( 2020)</name>
			<visibility>0</visibility>
			<LookAt>
				<longitude>73.20670117448704</longitude>
				<latitude>22.23093579641615</latitude>
				<altitude>44.8101498453279</altitude>
				<heading>136.3616780787802</heading>
				<tilt>0</tilt>
				<gx:fovy>35</gx:fovy>
				<range>1213.804296032904</range>
				<altitudeMode>absolute</altitudeMode>
			</LookAt>
			<styleUrl>#__managed_style_0768DE21824207D1BB70</styleUrl>
			<Polygon>
				<outerBoundaryIs>
					<LinearRing>
						<coordinates>
							73.20840036095099,22.23436133192504,0 73.20818854250436,22.23457201670933,0 73.20787730384404,22.23465876177821,0 73.20750219593148,22.23468913219591,0 73.20716251214454,22.23465529293499,0 73.20683724088049,22.2345619003462,0 73.20656613284945,22.23430763018238,0 73.20621666646228,22.23400113017233,0 73.20610197630705,22.2338739876312,0 73.20607205930237,22.23372149343233,0 73.20604639484732,22.23353478279803,0 73.20594359050079,22.23341002050924,0 73.20589780293254,22.23324635400668,0 73.20588422386881,22.23277857793911,0 73.20597936118581,22.23254192580447,0 73.2062218639041,22.23213945028071,0 73.2065088282959,22.23115184773295,0 73.20616665994952,22.23084159509148,0 73.20600640732408,22.23099830633502,0 73.2057566613598,22.23104515565024,0 73.20561960052069,22.23097377658658,0 73.20585749172146,22.23073979986322,0 73.20559169613243,22.23046565356756,0 73.20539078698977,22.23065495331351,0 73.20532130759379,22.23074855734761,0 73.20521090767389,22.23077853231522,0 73.20519310928786,22.23096657360009,0 73.2050628682059,22.23097452861621,0 73.20460706867793,22.2308969342456,0 73.20448683032141,22.23079314448825,0 73.20445157447492,22.23062701927921,0 73.20436134705834,22.23052806717685,0 73.20409311372472,22.23039006967242,0 73.20404152844723,22.23036478811357,0 73.20401409652115,22.23032307986583,0 73.2040326852191,22.23021849518956,0 73.20418561953394,22.23017509335002,0 73.20428775461032,22.23025771391313,0 73.2043604812649,22.23024923247888,0 73.20442404712577,22.23019248585249,0 73.20446024353416,22.23024267770976,0 73.20460494529577,22.23022445808831,0 73.20463364200104,22.23013222328262,0 73.20472570662456,22.23013790318657,0 73.20473781075189,22.22991326536318,0 73.20502765656005,22.22988893553263,0 73.20522806276608,22.22988850838367,0 73.20548011261164,22.2299016090686,0 73.20574192413014,22.22970956720712,0 73.20605255194741,22.22973957673179,0 73.20623236163033,22.22989746074262,0 73.20634720868189,22.23004729549106,0 73.20646189047501,22.23009654613342,0 73.20643801392339,22.23014784672407,0 73.20640457554065,22.23021028399996,0 73.20657492929402,22.23034518088762,0 73.20669360595654,22.23041176169266,0 73.20679579958103,22.23057673876069,0 73.2070256715288,22.23046954350908,0 73.2070515428545,22.23056995463897,0 73.20707181158716,22.23069378896627,0 73.20710369880368,22.23083045428461,0 73.2071190712154,22.23100595570618,0 73.20712526205554,22.23119457824596,0 73.20704322396563,22.23133727341801,0 73.20723841251582,22.23141986823407,0 73.20729298372706,22.23152286959531,0 73.20731337325678,22.23163962258984,0 73.20732402624377,22.23176632696754,0 73.20724680400851,22.2318957001834,0 73.20701989768094,22.23196835515176,0 73.20675513187452,22.23193235757986,0 73.20672890550267,22.2320925349439,0 73.20666521402917,22.2323153227598,0 73.20688733614941,22.23244835475236,0 73.20709573943783,22.23256321878777,0 73.2073792066907,22.23285017014183,0 73.20759463570134,22.23288959760094,0 73.20782466288384,22.23257037621726,0 73.20791165266985,22.23252135542806,0 73.20799281056331,22.23264567779583,0 73.20813441610412,22.23266112235589,0 73.20813822970528,22.23278140379125,0 73.20804437870726,22.23279300586778,0 73.20800057391004,22.23287388613475,0 73.20808332534793,22.23303184321003,0 73.20798742823256,22.23339530416615,0 73.20791205248501,22.23359197806227,0 73.20823506275752,22.23378891599842,0 73.20834748301398,22.23397133549169,0 73.20839976800585,22.23409741353504,0 73.2084055516702,22.23424655172636,0 73.20840036095099,22.23436133192504,0 
						</coordinates>
					</LinearRing>
				</outerBoundaryIs>
			</Polygon>
		</Placemark>
		<Placemark id="07B9CBAA3F420D4BF69B">
			<name>Vadodara LF - 1( 2018)</name>
			<visibility>0</visibility>
			<LookAt>
				<longitude>73.20670117448704</longitude>
				<latitude>22.23093579641615</latitude>
				<altitude>44.8101498453279</altitude>
				<heading>136.3616780787802</heading>
				<tilt>0</tilt>
				<gx:fovy>35</gx:fovy>
				<range>1213.804296032904</range>
				<altitudeMode>absolute</altitudeMode>
			</LookAt>
			<styleUrl>#__managed_style_06B4AF9CD64207D6F394000</styleUrl>
			<Polygon>
				<outerBoundaryIs>
					<LinearRing>
						<coordinates>
							73.20834013957945,22.23436213247307,0 73.2079987026147,22.2344841765458,0 73.20773346016924,22.23455089728866,0 73.20738010087975,22.23459413622278,0 73.20716886228229,22.23464472799361,0 73.20690927416879,22.23462227416067,0 73.20655140944824,22.23426984282775,0 73.2062070355407,22.2339331864937,0 73.20608292836367,22.23366862419338,0 73.206062481811,22.23349003540877,0 73.20608024204685,22.23328259211232,0 73.20594535302303,22.23313823479964,0 73.20588422386881,22.23277857793911,0 73.20601100248716,22.23256252639685,0 73.2063360654721,22.23232440318374,0 73.20666521402917,22.2323153227598,0 73.20688733614941,22.23244835475236,0 73.20709573943783,22.23256321878777,0 73.2072450937266,22.23288227717628,0 73.20742133651873,22.2333139457704,0 73.20791205248501,22.23359197806227,0 73.20823506275752,22.23378891599842,0 73.20834748301398,22.23397133549169,0 73.20839976800585,22.23409741353504,0 73.20843228282078,22.23421427064419,0 73.20834013957945,22.23436213247307,0 
						</coordinates>
					</LinearRing>
				</outerBoundaryIs>
			</Polygon>
		</Placemark>
		<Placemark id="01A076E988420D5611FE">
			<name>Vadodara LF - 1( 2016)</name>
			<visibility>0</visibility>
			<LookAt>
				<longitude>73.20670117448704</longitude>
				<latitude>22.23093579641615</latitude>
				<altitude>44.8101498453279</altitude>
				<heading>136.3616780787802</heading>
				<tilt>0</tilt>
				<gx:fovy>35</gx:fovy>
				<range>1213.804296032904</range>
				<altitudeMode>absolute</altitudeMode>
			</LookAt>
			<styleUrl>#__managed_style_050A06BC174207DE1EAE0</styleUrl>
			<Polygon>
				<outerBoundaryIs>
					<LinearRing>
						<coordinates>
							73.20786943072947,22.23445700278189,0 73.20769655852608,22.23452360688323,0 73.20737511696825,22.23455155743058,0 73.20716611314843,22.23454131835306,0 73.20699313886432,22.23447834546286,0 73.20665011364107,22.23414791104394,0 73.20628148254269,22.23381586457673,0 73.20622303728295,22.2336118660611,0 73.20618692938207,22.23344070970448,0 73.20608024204685,22.23328259211232,0 73.20606241866922,22.23306736197242,0 73.206070897405,22.2327652149117,0 73.20613075441902,22.23256282289488,0 73.2063360654721,22.23232440318374,0 73.20666521402917,22.2323153227598,0 73.20688733614941,22.23244835475236,0 73.20709573943783,22.23256321878777,0 73.2072450937266,22.23288227717628,0 73.20725412637157,22.23341393454332,0 73.20755248589036,22.23364296483109,0 73.20791425266042,22.23379385702987,0 73.20814225157012,22.23395576355929,0 73.20820816624015,22.23415141876934,0 73.20805488691062,22.23428743280884,0 73.20793993634059,22.23440959162798,0 73.20786943072947,22.23445700278189,0 
						</coordinates>
					</LinearRing>
				</outerBoundaryIs>
			</Polygon>
		</Placemark>
		<Placemark id="0CF5F866404200268000">
			<name>Vadodara LF -2</name>
			<visibility>0</visibility>
			<LookAt>
				<longitude>73.16663045132508</longitude>
				<latitude>22.27829482321467</latitude>
				<altitude>53.63055251576321</altitude>
				<heading>246.3174138796636</heading>
				<tilt>0</tilt>
				<gx:fovy>35</gx:fovy>
				<range>602.0109328683611</range>
				<altitudeMode>absolute</altitudeMode>
			</LookAt>
			<styleUrl>#__managed_style_08FE34D98742038E43F0</styleUrl>
			<Point>
				<coordinates>73.16692277947963,22.278154623092,50.77774051513095</coordinates>
			</Point>
		</Placemark>
		<Placemark id="07372355F6420D6DE9AC">
			<name>Vadodara LF - 2(a) 2026</name>
			<visibility>0</visibility>
			<LookAt>
				<longitude>73.16733233636299</longitude>
				<latitude>22.27914451475831</latitude>
				<altitude>54.16828906673206</altitude>
				<heading>2.235308429821925</heading>
				<tilt>0</tilt>
				<gx:fovy>35.00000028251442</gx:fovy>
				<range>137.3324679888901</range>
				<altitudeMode>absolute</altitudeMode>
			</LookAt>
			<styleUrl>#__managed_style_011BE5B9394207C64408</styleUrl>
			<Polygon>
				<outerBoundaryIs>
					<LinearRing>
						<coordinates>
							73.16695999755909,22.27754076890038,0 73.16660841268873,22.27754935777192,0 73.1666415334919,22.27814099633237,0 73.16617310102039,22.27818030352189,0 73.16617198379656,22.27805990593197,0 73.16631453190089,22.27799024305975,0 73.16627461754541,22.27739916601677,0 73.16624656577518,22.27723230983659,0 73.16632561207169,22.2771841770009,0 73.16666962304497,22.27731259217197,0 73.16669473149024,22.27736870847178,0 73.16668746575965,22.27741731068519,0 73.16686179562078,22.2774235560389,0 73.16695987450905,22.27746142998927,0 73.16695999755909,22.27754076890038,0 
						</coordinates>
					</LinearRing>
				</outerBoundaryIs>
			</Polygon>
		</Placemark>
		<Placemark id="05962BAB0D420D6EBCDC">
			<name>Vadoara LF -2(b) 2026</name>
			<visibility>0</visibility>
			<LookAt>
				<longitude>73.16700095264024</longitude>
				<latitude>22.27899877204754</latitude>
				<altitude>54.98168443467082</altitude>
				<heading>2.235308429082477</heading>
				<tilt>0</tilt>
				<gx:fovy>35.00000028251442</gx:fovy>
				<range>484.165402382787</range>
				<altitudeMode>absolute</altitudeMode>
			</LookAt>
			<styleUrl>#__managed_style_011BE5B9394207C64408</styleUrl>
			<Polygon>
				<outerBoundaryIs>
					<LinearRing>
						<coordinates>
							73.16690651671637,22.27954691499524,0 73.16690381126502,22.27950269242081,0 73.16701946262762,22.27949540524374,0 73.16701098221415,22.27945372383728,0 73.16710064828558,22.27944345971779,0 73.1671035085909,22.27935322061621,0 73.16713643690424,22.27929839449497,0 73.16713067092169,22.2792433499169,0 73.1672928502785,22.27922414628455,0 73.1672915322423,22.27916071986228,0 73.16699654274737,22.27918310805973,0 73.1670246038442,22.27903072099674,0 73.16751391651685,22.27896831389772,0 73.16756606375341,22.27889543132185,0 73.16759355035403,22.2795064453419,0 73.16690651671637,22.27954691499524,0 
						</coordinates>
					</LinearRing>
				</outerBoundaryIs>
			</Polygon>
		</Placemark>
		<Placemark id="0FBE74933B420D7165E4">
			<name>Vadodara LF - 2(a) 2024</name>
			<visibility>0</visibility>
			<LookAt>
				<longitude>73.16709613245442</longitude>
				<latitude>22.27868356259533</latitude>
				<altitude>53.05144954204228</altitude>
				<heading>4.855667361658582</heading>
				<tilt>0</tilt>
				<gx:fovy>35.00000028251442</gx:fovy>
				<range>504.7366343393514</range>
				<altitudeMode>absolute</altitudeMode>
			</LookAt>
			<styleUrl>#__managed_style_05E6CF2F3742050C14400</styleUrl>
			<Polygon>
				<outerBoundaryIs>
					<LinearRing>
						<coordinates>
							73.16634838178271,22.27817759092491,0 73.16636910528332,22.27810377063918,0 73.16635183422662,22.27793071398406,0 73.16637902738954,22.27775081030707,0 73.1664399244395,22.27756276986016,0 73.16667137618514,22.27744811962346,0 73.166867824787,22.27738634520891,0 73.16704383570068,22.27743190529124,0 73.16704124145565,22.27745637282347,0 73.16722061053952,22.27749161929779,0 73.16727023836192,22.277462854994,0 73.1673554316867,22.27748464920262,0 73.16743082522741,22.27751941340483,0 73.16744062170092,22.27768038389714,0 73.16749414913259,22.27772723655247,0 73.16751000398448,22.27792597155206,0 73.16747434949856,22.27799393147635,0 73.16744959551362,22.27805773651824,0 73.16731609586508,22.27806090086921,0 73.16712423613639,22.27806239457903,0 73.1671264565549,22.27827011964918,0 73.16713753171192,22.27845345161742,0 73.16704478420571,22.278469379106,0 73.16705903249951,22.27865059119583,0 73.16735355691374,22.2786308768193,0 73.16740544422146,22.27876904827263,0 73.16749245299034,22.27881754286949,0 73.16721699531679,22.27904016444627,0 73.16710019879875,22.27908076475357,0 73.16697696083556,22.2791113048611,0 73.16687457095617,22.27909301682723,0 73.16682928122533,22.27896346520271,0 73.16716318949965,22.27885530171627,0 73.1671438168506,22.27880179603176,0 73.16694356459877,22.27880477768869,0 73.1668876002343,22.2781864203413,0 73.16698268401707,22.27818046184556,0 73.16699980606111,22.27815379734812,0 73.16701665546147,22.27805299498768,0 73.16696805588792,22.27754721341388,0 73.1666083608178,22.27755917473472,0 73.16664393682059,22.27806946061064,0 73.16685333838394,22.27806920558747,0 73.16685293873618,22.27815912954427,0 73.16676378408289,22.27825811816722,0 73.16644632990736,22.27827739640973,0 73.16634838178271,22.27817759092491,0 
						</coordinates>
					</LinearRing>
				</outerBoundaryIs>
			</Polygon>
		</Placemark>
		<Placemark id="0DB63845D8420D724673">
			<name>Vadodara LF -2(b) 2024</name>
			<visibility>0</visibility>
			<LookAt>
				<longitude>73.16714177147719</longitude>
				<latitude>22.27934235250481</latitude>
				<altitude>54.77643015466025</altitude>
				<heading>5.261809179155001</heading>
				<tilt>0</tilt>
				<gx:fovy>35.00000028251442</gx:fovy>
				<range>515.924646971107</range>
				<altitudeMode>absolute</altitudeMode>
			</LookAt>
			<styleUrl>#__managed_style_05E6CF2F3742050C14400</styleUrl>
			<Polygon>
				<outerBoundaryIs>
					<LinearRing>
						<coordinates>
							73.16711533314405,22.27954266803832,0 73.1670977364106,22.27930071046887,0 73.16734121309923,22.279264207225,0 73.16746527151869,22.27929855672965,0 73.16752953270152,22.27930981519381,0 73.1675718925341,22.27928157131011,0 73.16760061048382,22.27929917895834,0 73.16761410774015,22.27951295457467,0 73.16711533314405,22.27954266803832,0 
						</coordinates>
					</LinearRing>
				</outerBoundaryIs>
			</Polygon>
		</Placemark>
		<Placemark id="063DB405C8420D8778C0">
			<name>Vadodara LF -2(a) 2022</name>
			<visibility>0</visibility>
			<LookAt>
				<longitude>73.16741813100943</longitude>
				<latitude>22.278665103102</latitude>
				<altitude>52.12752131325577</altitude>
				<heading>2.01921462642019</heading>
				<tilt>1.012756918156085</tilt>
				<gx:fovy>35</gx:fovy>
				<range>339.2053486877921</range>
				<altitudeMode>absolute</altitudeMode>
			</LookAt>
			<styleUrl>#__managed_style_00D276167F4207CAC4E8</styleUrl>
			<Polygon>
				<outerBoundaryIs>
					<LinearRing>
						<coordinates>
							73.16692213741965,22.27824284277962,0 73.16696971371513,22.27829887913283,0 73.16707624355912,22.27829566263175,0 73.16713628026525,22.27839005347553,0 73.16716490680733,22.27864230886513,0 73.16735788243943,22.27862701679024,0 73.16736489835667,22.27865965711818,0 73.16724545304446,22.27867801581447,0 73.16722052036539,22.27870485935066,0 73.16738901292567,22.27873937471451,0 73.16730775686183,22.278749821163,0 73.16724618679498,22.27878208687707,0 73.16724378662492,22.27884376674654,0 73.16717404836098,22.27884156784341,0 73.16715923285939,22.27879251301499,0 73.16694122303662,22.27879789495855,0 73.16689422091828,22.27825756452831,0 73.16692213741965,22.27824284277962,0 
						</coordinates>
					</LinearRing>
				</outerBoundaryIs>
			</Polygon>
		</Placemark>
		<Placemark id="08CBB337E7420D84ED58">
			<name>Vadodara LF -2(b) 2022</name>
			<visibility>0</visibility>
			<LookAt>
				<longitude>73.16684893396662</longitude>
				<latitude>22.27957250256968</latitude>
				<altitude>54.78246761938801</altitude>
				<heading>2.597888082334133</heading>
				<tilt>0</tilt>
				<gx:fovy>35</gx:fovy>
				<range>334.0479851662531</range>
				<altitudeMode>absolute</altitudeMode>
			</LookAt>
			<styleUrl>#__managed_style_00D276167F4207CAC4E8</styleUrl>
			<Polygon>
				<outerBoundaryIs>
					<LinearRing>
						<coordinates>
							73.16620262552185,22.27959489686055,0 73.16617097804424,22.27936025399367,0 73.16623126729576,22.27929961066476,0 73.166280872173,22.27923722380735,0 73.16642803043972,22.27906886742168,0 73.16646650253723,22.27876400644292,0 73.16660985394572,22.27890516934909,0 73.16726213618685,22.27886858699196,0 73.16725708742341,22.27880135688947,0 73.16754787634345,22.27877589135632,0 73.16756719206238,22.27886862345109,0 73.16757143666244,22.27896335642247,0 73.16757132500156,22.27905920783423,0 73.16738926327791,22.27917842910393,0 73.16705999037488,22.27912906535139,0 73.16673569753294,22.27914392989634,0 73.16656550180451,22.27921990288862,0 73.16657931708792,22.27953259412653,0 73.16733414670772,22.27948608715052,0 73.16739299747624,22.27940388485463,0 73.16752262612843,22.27940092841162,0 73.16761769577796,22.27931212349315,0 73.16761708322066,22.27951392176494,0 73.16620262552185,22.27959489686055,0 
						</coordinates>
					</LinearRing>
				</outerBoundaryIs>
			</Polygon>
		</Placemark>
		<Placemark id="06D025F4D9420D89588F">
			<name>Vadodara LF - 2(a + b) 2018</name>
			<visibility>0</visibility>
			<LookAt>
				<longitude>73.16675849419536</longitude>
				<latitude>22.2784715060088</latitude>
				<altitude>54.65836964553508</altitude>
				<heading>2.299371678379947</heading>
				<tilt>2.386158099674952</tilt>
				<gx:fovy>35</gx:fovy>
				<range>627.6497615041444</range>
				<altitudeMode>absolute</altitudeMode>
			</LookAt>
			<styleUrl>#__managed_style_06B4AF9CD64207D6F394000</styleUrl>
			<Polygon>
				<outerBoundaryIs>
					<LinearRing>
						<coordinates>
							73.16748038973199,22.27755007138978,0 73.16749128518762,22.27774926490151,0 73.16750253729889,22.2778855931703,0 73.16752695303438,22.27818962548298,0 73.16756214242409,22.27834159821851,0 73.16755775565274,22.27884432586989,0 73.16725424189033,22.27889045172849,0 73.16738806646896,22.27859587790249,0 73.16730045592604,22.27854049088774,0 73.16723840804079,22.27836339105372,0 73.16698339997802,22.2781288549753,0 73.16701591772539,22.27804309206561,0 73.16698344833043,22.27752604296785,0 73.16661004983526,22.27753453303869,0 73.16663485832618,22.27795987675779,0 73.16632373418994,22.27799500036262,0 73.16627369886076,22.27760708692141,0 73.16627475620078,22.27749937315163,0 73.16624652198531,22.2773739027017,0 73.16621706404371,22.2771903293649,0 73.16643198987499,22.27722878584084,0 73.16662326686547,22.27731444381413,0 73.16685028977474,22.27741270258557,0 73.16721378204652,22.27746698432188,0 73.16748038973199,22.27755007138978,0 
						</coordinates>
					</LinearRing>
				</outerBoundaryIs>
			</Polygon>
		</Placemark>
		<Placemark id="061B74FAF8420D8B0F80">
			<name>Vadodara LF - 2(a) 2016</name>
			<visibility>0</visibility>
			<LookAt>
				<longitude>73.16665092003745</longitude>
				<latitude>22.27816811809394</latitude>
				<altitude>52.61666953125096</altitude>
				<heading>2.299371164383934</heading>
				<tilt>2.386126703468053</tilt>
				<gx:fovy>35</gx:fovy>
				<range>543.8112391928008</range>
				<altitudeMode>absolute</altitudeMode>
			</LookAt>
			<styleUrl>#__managed_style_050A06BC174207DE1EAE0</styleUrl>
			<Polygon>
				<outerBoundaryIs>
					<LinearRing>
						<coordinates>
							73.16742316306299,22.27814762642471,0 73.16730563661476,22.2780008246719,0 73.16721303811983,22.27794940059742,0 73.16721869804796,22.27785539338286,0 73.16702038504583,22.27775976515263,0 73.16700233950858,22.27753297365555,0 73.16663742875222,22.27754080773272,0 73.16666455968065,22.27793003325578,0 73.16635566717622,22.27792868355876,0 73.16630107104382,22.27732508737821,0 73.16668658181757,22.27741952278046,0 73.16678611653236,22.2773711641239,0 73.16748775221733,22.27754533132919,0 73.16752397222706,22.27821297736982,0 73.16742316306299,22.27814762642471,0 
						</coordinates>
					</LinearRing>
				</outerBoundaryIs>
			</Polygon>
		</Placemark>
		<Placemark id="03E1A868CE420D8BDAD6">
			<name>Vadodara LF -2(b) 2016</name>
			<visibility>0</visibility>
			<LookAt>
				<longitude>73.16713962150104</longitude>
				<latitude>22.27862494913722</latitude>
				<altitude>52.54665756771008</altitude>
				<heading>2.299369935292757</heading>
				<tilt>2.386051965621162</tilt>
				<gx:fovy>35</gx:fovy>
				<range>344.185403574229</range>
				<altitudeMode>absolute</altitudeMode>
			</LookAt>
			<styleUrl>#__managed_style_050A06BC174207DE1EAE0</styleUrl>
			<Polygon>
				<outerBoundaryIs>
					<LinearRing>
						<coordinates>
							73.16754748384541,22.27852028967139,0 73.16756058952014,22.27882692303766,0 73.16710718779737,22.27903479026232,0 73.16687696346266,22.27908585048386,0 73.16652028993315,22.27911197530509,0 73.16643093655104,22.27898475735507,0 73.16655425944651,22.27883608395756,0 73.16684740632269,22.27880272214852,0 73.16686753198015,22.27887805674051,0 73.16718949660529,22.2788661465881,0 73.16718641803072,22.27879539061978,0 73.16707394928605,22.27871819650108,0 73.16718119759436,22.27860347654523,0 73.16705323911533,22.27838884712635,0 73.16694667335807,22.27828335900809,0 73.1668847872815,22.27812622328815,0 73.16689340814499,22.27803809799333,0 73.16706665377346,22.27804886172193,0 73.16721852730105,22.27820804592024,0 73.16746409525297,22.278305029862,0 73.16754836132172,22.27843594970857,0 73.16754748384541,22.27852028967139,0 
						</coordinates>
					</LinearRing>
				</outerBoundaryIs>
			</Polygon>
		</Placemark>
		<Placemark id="02C6C09F12420D7ABCF7">
			<name>Vadodara LF - 2 (2016)</name>
			<visibility>0</visibility>
			<LookAt>
				<longitude>73.17071885410078</longitude>
				<latitude>22.27907358798212</latitude>
				<altitude>52.97580537234428</altitude>
				<heading>4.526631437031106</heading>
				<tilt>0</tilt>
				<gx:fovy>35</gx:fovy>
				<range>768.4491348052688</range>
				<altitudeMode>absolute</altitudeMode>
			</LookAt>
			<styleUrl>#__managed_style_050A06BC174207DE1EAE0</styleUrl>
			<Polygon>
				<outerBoundaryIs>
					<LinearRing>
						<coordinates>
							73.17030547205971,22.28001438166513,0 73.17013160176212,22.27981296082855,0 73.17006101663974,22.27967107233048,0 73.1700493197054,22.27926228638617,0 73.16999128824258,22.27899226789862,0 73.1699855461668,22.27863323845167,0 73.16991569979851,22.27814596429544,0 73.16986531168959,22.27801797500398,0 73.16927607505369,22.27807621014133,0 73.16944359559041,22.27783907152857,0 73.17006822052959,22.27752121008765,0 73.17067584208787,22.27729483812317,0 73.17121298596804,22.27713218822316,0 73.17155433635634,22.27709649039332,0 73.17161096151872,22.27726907610746,0 73.17191790658892,22.27773775078177,0 73.17209739759288,22.27815598041782,0 73.17203518225776,22.27878359027408,0 73.171936075677,22.27908036283733,0 73.17188688154275,22.2794139960316,0 73.17166639325706,22.2795551492129,0 73.17150032457683,22.27960613400199,0 73.17108169344908,22.27985062434733,0 73.17081195935255,22.27993447166843,0 73.17050776549294,22.28009328979326,0 73.17030547205971,22.28001438166513,0 
						</coordinates>
					</LinearRing>
				</outerBoundaryIs>
			</Polygon>
		</Placemark>
		<Placemark id="0279937C8F420D797F3F">
			<name>Vadodara LF - 2 (2018)</name>
			<visibility>0</visibility>
			<LookAt>
				<longitude>73.17071885410078</longitude>
				<latitude>22.27907358798212</latitude>
				<altitude>52.97580537234428</altitude>
				<heading>4.526631437031106</heading>
				<tilt>0</tilt>
				<gx:fovy>35</gx:fovy>
				<range>768.4491348052688</range>
				<altitudeMode>absolute</altitudeMode>
			</LookAt>
			<styleUrl>#__managed_style_06B4AF9CD64207D6F394000</styleUrl>
			<Polygon>
				<outerBoundaryIs>
					<LinearRing>
						<coordinates>
							73.16999128824258,22.27899226789862,0 73.1699855461668,22.27863323845167,0 73.16991569979851,22.27814596429544,0 73.16986531168959,22.27801797500398,0 73.16943257758737,22.27809475499045,0 73.16944359559041,22.27783907152857,0 73.16959939621515,22.27755873745197,0 73.17026924526262,22.2775366255517,0 73.17067584208787,22.27729483812317,0 73.17121298596804,22.27713218822316,0 73.17155433635634,22.27709649039332,0 73.17161096151872,22.27726907610746,0 73.17191790658892,22.27773775078177,0 73.17209739759288,22.27815598041782,0 73.17203518225776,22.27878359027408,0 73.171936075677,22.27908036283733,0 73.17151956936753,22.27921540496222,0 73.17003534470757,22.2793415241688,0 73.17003667793132,22.27914593936095,0 73.16999128824258,22.27899226789862,0 
						</coordinates>
					</LinearRing>
				</outerBoundaryIs>
			</Polygon>
		</Placemark>
		<Placemark id="05C22280D7420D7CBC80">
			<name>Vadodara LF - 2 (2020)</name>
			<visibility>0</visibility>
			<LookAt>
				<longitude>73.17071885410078</longitude>
				<latitude>22.27907358798212</latitude>
				<altitude>52.97580537234428</altitude>
				<heading>4.526631437031106</heading>
				<tilt>0</tilt>
				<gx:fovy>35</gx:fovy>
				<range>768.4491348052688</range>
				<altitudeMode>absolute</altitudeMode>
			</LookAt>
			<styleUrl>#__managed_style_06B4AF9CD64207D6F394000</styleUrl>
			<Polygon>
				<outerBoundaryIs>
					<LinearRing>
						<coordinates>
							73.17056290470099,22.27861123809711,0 73.17054924547172,22.2784160304272,0 73.17018146491559,22.27810587305196,0 73.17022346301337,22.2778948651627,0 73.17023745607831,22.27772117879291,0 73.17026924526262,22.2775366255517,0 73.17067584208787,22.27729483812317,0 73.17121298596804,22.27713218822316,0 73.17155433635634,22.27709649039332,0 73.17161096151872,22.27726907610746,0 73.17191790658892,22.27773775078177,0 73.17202968347601,22.27816893610457,0 73.17203518225776,22.27878359027408,0 73.171936075677,22.27908036283733,0 73.17176500361111,22.27893024993175,0 73.17142185864576,22.27898669273026,0 73.1711705539049,22.27902094957131,0 73.17097892981198,22.27893989828065,0 73.1707098726512,22.27871254634578,0 73.17056290470099,22.27861123809711,0 
						</coordinates>
					</LinearRing>
				</outerBoundaryIs>
			</Polygon>
		</Placemark>
		<Placemark id="0395B61FBD420D7D8581">
			<name>Vadodara LF - 2 (Remediated)</name>
			<visibility>0</visibility>
			<LookAt>
				<longitude>73.16865909677453</longitude>
				<latitude>22.27915982613199</latitude>
				<altitude>51.47101486499052</altitude>
				<heading>4.122030973022877</heading>
				<tilt>0</tilt>
				<gx:fovy>35</gx:fovy>
				<range>1102.925627428486</range>
				<altitudeMode>absolute</altitudeMode>
			</LookAt>
			<styleUrl>#__managed_style_0FB355FF15420D7DB70B</styleUrl>
			<Point>
				<coordinates>73.1710473419066,22.27812286755381,63.85038014720241</coordinates>
			</Point>
		</Placemark>
	</Folder>
	<Folder id="089F1C7289420A46C0EF">
		<name>Surat</name>
		<styleUrl>#__managed_style_0A5FCD4F7B420996F444</styleUrl>
		<Placemark id="084B22178C4200084CC7">
			<name>Surat LF-1</name>
			<LookAt>
				<longitude>72.8158494162254</longitude>
				<latitude>21.15676792606245</latitude>
				<altitude>27.01015435218504</altitude>
				<heading>1.893761558392725e-05</heading>
				<tilt>0</tilt>
				<gx:fovy>35</gx:fovy>
				<range>938.8202508671384</range>
				<altitudeMode>absolute</altitudeMode>
			</LookAt>
			<styleUrl>#__managed_style_08FE34D98742038E43F0</styleUrl>
			<Point>
				<coordinates>72.81639464988665,21.15625551381248,29.04300680411259</coordinates>
			</Point>
		</Placemark>
		<Placemark id="04EECBD65C420A47A60C">
			<name>Surat LF - 1 (2016) (Bhatar Old Garbage Dumping Site)</name>
			<visibility>0</visibility>
			<LookAt>
				<longitude>72.81816753752715</longitude>
				<latitude>21.15799752955036</latitude>
				<altitude>28.86439803215584</altitude>
				<heading>-9.528871143044881</heading>
				<tilt>6.369154866589122</tilt>
				<gx:fovy>35</gx:fovy>
				<range>1109.021057928912</range>
				<altitudeMode>absolute</altitudeMode>
			</LookAt>
			<styleUrl>#__managed_style_050A06BC174207DE1EAE0</styleUrl>
			<Polygon>
				<outerBoundaryIs>
					<LinearRing>
						<coordinates>
							72.81563948427804,21.15652972064337,0 72.81589806385647,21.15621795880319,0 72.8159885062516,21.15606874350117,0 72.81609671682233,21.15599527177029,0 72.81630355267299,21.15588277443468,0 72.81648484642238,21.15579315566054,0 72.81657347327855,21.15577599038974,0 72.81707249499429,21.15604551272522,0 72.81733813339868,21.15612202225637,0 72.81749436879863,21.15608560769735,0 72.81831734195158,21.15709077114103,0 72.81783149338121,21.15709196519778,0 72.81736597987785,21.15690460065674,0 72.8164987729251,21.15671882037879,0 72.81607146596208,21.15664377000513,0 72.81563948427804,21.15652972064337,0 
						</coordinates>
					</LinearRing>
				</outerBoundaryIs>
			</Polygon>
		</Placemark>
		<Placemark id="0AB355F349420A4872AC">
			<name>Surat LF - 1 (2018) (Bhatar Old Garbage Dumping Site)</name>
			<visibility>0</visibility>
			<LookAt>
				<longitude>72.81816753752715</longitude>
				<latitude>21.15799752955036</latitude>
				<altitude>28.86439803215584</altitude>
				<heading>-9.528871143044881</heading>
				<tilt>6.369154866589122</tilt>
				<gx:fovy>35</gx:fovy>
				<range>1109.021057928912</range>
				<altitudeMode>absolute</altitudeMode>
			</LookAt>
			<styleUrl>#__managed_style_06B4AF9CD64207D6F394000</styleUrl>
			<Polygon>
				<outerBoundaryIs>
					<LinearRing>
						<coordinates>
							72.81578119235563,21.15654332088749,0 72.81589806385647,21.15621795880319,0 72.81609671682233,21.15599527177029,0 72.81630355267299,21.15588277443468,0 72.81648484642238,21.15579315566054,0 72.81655336016526,21.15580718676242,0 72.81707249499429,21.15604551272522,0 72.81733813339868,21.15612202225637,0 72.81747403339416,21.15613573348104,0 72.81794075269963,21.15680546972651,0 72.8179718434429,21.15699789069402,0 72.81784319991519,21.15715031553241,0 72.8173455614142,21.15696094468762,0 72.816922306978,21.15686781644698,0 72.8164987729251,21.15671882037879,0 72.81607146596208,21.15664377000513,0 72.81578119235563,21.15654332088749,0 
						</coordinates>
					</LinearRing>
				</outerBoundaryIs>
			</Polygon>
		</Placemark>
		<Placemark id="088A73CE96420A4A43F8">
			<name>Surat LF - 1 (2020) (Bhatar Old Garbage Dumping Site)</name>
			<visibility>0</visibility>
			<LookAt>
				<longitude>72.81816753752715</longitude>
				<latitude>21.15799752955036</latitude>
				<altitude>28.86439803215584</altitude>
				<heading>-9.528871143044881</heading>
				<tilt>6.369154866589122</tilt>
				<gx:fovy>35</gx:fovy>
				<range>1109.021057928912</range>
				<altitudeMode>absolute</altitudeMode>
			</LookAt>
			<styleUrl>#__managed_style_0768DE21824207D1BB70</styleUrl>
			<Polygon>
				<outerBoundaryIs>
					<LinearRing>
						<coordinates>
							72.81575508550809,21.15656706832831,0 72.81575953351042,21.15642980738492,0 72.81589806385647,21.15621795880319,0 72.81609671682233,21.15599527177029,0 72.81630355267299,21.15588277443468,0 72.81639765032216,21.15594147156504,0 72.81649150331364,21.15600285674222,0 72.81676976952252,21.15616596173944,0 72.81717918862311,21.15617368573247,0 72.81733813339868,21.15612202225637,0 72.8174553464624,21.15613139945454,0 72.81784087141362,21.15654185824521,0 72.81785995521496,21.15693377312902,0 72.81781363426823,21.15716196692162,0 72.81770915899972,21.15703439637038,0 72.8173455614142,21.15696094468762,0 72.816922306978,21.15686781644698,0 72.8164987729251,21.15671882037879,0 72.81607146596208,21.15664377000513,0 72.81575508550809,21.15656706832831,0 
						</coordinates>
					</LinearRing>
				</outerBoundaryIs>
			</Polygon>
		</Placemark>
		<Placemark id="0216CC3511420A52543C">
			<name>Surat LF - 1 (2022) (Bhatar Old Garbage Dumping Site)</name>
			<visibility>0</visibility>
			<LookAt>
				<longitude>72.81660325072949</longitude>
				<latitude>21.1566774004756</latitude>
				<altitude>28.30315998675921</altitude>
				<heading>-22.72868889833168</heading>
				<tilt>0.4791581463441635</tilt>
				<gx:fovy>35</gx:fovy>
				<range>326.1949045959773</range>
				<altitudeMode>absolute</altitudeMode>
			</LookAt>
			<styleUrl>#__managed_style_00D276167F4207CAC4E8</styleUrl>
			<Polygon>
				<outerBoundaryIs>
					<LinearRing>
						<coordinates>
							72.81733012611649,21.15620806598547,0 72.8173994505769,21.15633740854031,0 72.81734266754238,21.15656946758867,0 72.81717801788018,21.15656831096581,0 72.81715280802935,21.15650866584303,0 72.8169773390762,21.15649556403142,0 72.816893249027,21.15651927876779,0 72.81688430305012,21.15645826314451,0 72.81668457249754,21.15647443435791,0 72.81664722384019,21.15670660416164,0 72.81643106058146,21.15665317541522,0 72.81630116629852,21.15653789117366,0 72.81617073763829,21.1566267890306,0 72.81605466257038,21.15663197981707,0 72.81571468030975,21.15656078557888,0 72.81582634877478,21.15632376411832,0 72.8162019275297,21.15595935720073,0 72.81626134445528,21.1559106108028,0 72.81668381095048,21.15613314349142,0 72.81697558599251,21.15620795923009,0 72.81716382983394,21.15621478020715,0 72.81721727136504,21.1561400678611,0 72.81730123553388,21.15616477365451,0 72.81733012611649,21.15620806598547,0 
						</coordinates>
					</LinearRing>
				</outerBoundaryIs>
			</Polygon>
		</Placemark>
		<Placemark id="0C017F5BA4420A537197">
			<name>Surat LF - 1 (2024) (Bhatar Old Garbage Dumping Site)</name>
			<visibility>0</visibility>
			<LookAt>
				<longitude>72.81660325072949</longitude>
				<latitude>21.1566774004756</latitude>
				<altitude>28.30315998675921</altitude>
				<heading>-22.72868889833168</heading>
				<tilt>0.4791581463441635</tilt>
				<gx:fovy>35</gx:fovy>
				<range>326.1949045959773</range>
				<altitudeMode>absolute</altitudeMode>
			</LookAt>
			<styleUrl>#__managed_style_05E6CF2F3742050C14400</styleUrl>
			<Polygon>
				<outerBoundaryIs>
					<LinearRing>
						<coordinates>
							72.81668457249754,21.15647443435791,0 72.81657852846655,21.15660645302646,0 72.81643106058146,21.15665317541522,0 72.81637527846432,21.15668063814377,0 72.81632851083587,21.15672441017632,0 72.81604813994629,21.15666444887529,0 72.81570009691883,21.15655602312943,0 72.81582634877478,21.15632376411832,0 72.81613398377709,21.15603248246979,0 72.81636135413684,21.15607241554523,0 72.81653368146203,21.15638247018395,0 72.81668457249754,21.15647443435791,0 
						</coordinates>
					</LinearRing>
				</outerBoundaryIs>
			</Polygon>
		</Placemark>
		<Placemark id="0FE3E60B07420A557943">
			<name>Surat LF - 1 (2026) (Bhatar Old Garbage Dumping Site)</name>
			<visibility>0</visibility>
			<LookAt>
				<longitude>72.81660325072949</longitude>
				<latitude>21.1566774004756</latitude>
				<altitude>28.30315998675921</altitude>
				<heading>-22.72868889833168</heading>
				<tilt>0.4791581463441635</tilt>
				<gx:fovy>35</gx:fovy>
				<range>326.1949045959773</range>
				<altitudeMode>absolute</altitudeMode>
			</LookAt>
			<styleUrl>#__managed_style_011BE5B9394207C64408</styleUrl>
			<Polygon>
				<outerBoundaryIs>
					<LinearRing>
						<coordinates>
							72.81604813994629,21.15666444887529,0 72.81530097840822,21.15647462306591,0 72.81566699520074,21.15617803526515,0 72.81576289358937,21.15594535054759,0 72.81581341580933,21.15573631402225,0 72.81595077590929,21.15601777045555,0 72.81612075182787,21.1559071480922,0 72.81608628364457,21.15631168999968,0 72.81606860766642,21.15658508069577,0 72.81604813994629,21.15666444887529,0 
						</coordinates>
					</LinearRing>
				</outerBoundaryIs>
			</Polygon>
		</Placemark>
		<Placemark id="05572EFC2A42000B2B59">
			<name>Surat LF -2 (khajod)</name>
			<LookAt>
				<longitude>72.80570533618003</longitude>
				<latitude>21.10607837327235</latitude>
				<altitude>23.88152473888552</altitude>
				<heading>305.8603595445919</heading>
				<tilt>0</tilt>
				<gx:fovy>35</gx:fovy>
				<range>2686.617337807256</range>
				<altitudeMode>absolute</altitudeMode>
			</LookAt>
			<styleUrl>#__managed_style_08FE34D98742038E43F0</styleUrl>
			<Point>
				<coordinates>72.80416327088737,21.10870808520728,25.6980930089972</coordinates>
			</Point>
		</Placemark>
		<Placemark id="0001EBFA53420E27F3D7">
			<name>Surat LF - 2(a) 2016</name>
			<LookAt>
				<longitude>72.79817413780391</longitude>
				<latitude>21.09760065567672</latitude>
				<altitude>23.32629661784162</altitude>
				<heading>267.8741332393404</heading>
				<tilt>0</tilt>
				<gx:fovy>35</gx:fovy>
				<range>1797.143957474618</range>
				<altitudeMode>absolute</altitudeMode>
			</LookAt>
			<styleUrl>#__managed_style_0FF4C6CF61420E280D26</styleUrl>
			<Polygon>
				<outerBoundaryIs>
					<LinearRing>
						<coordinates>
							72.80191294935071,21.10143648881743,0 72.79619376765768,21.10125305903508,0 72.79567314618896,21.09888464931062,0 72.79549496211845,21.09605063934343,0 72.79596165712297,21.09590084564098,0 72.79838840529791,21.09597856453496,0 72.80156480863229,21.09611679957053,0 72.80168525286898,21.09799736534834,0 72.80191294935071,21.10143648881743,0 
						</coordinates>
					</LinearRing>
				</outerBoundaryIs>
			</Polygon>
		</Placemark>
		<Placemark id="094DF24050420E2AF8AE">
			<name>Surat LF - 2(b) 2016</name>
			<LookAt>
				<longitude>72.80348480160512</longitude>
				<latitude>21.10104175786451</latitude>
				<altitude>23.2548560687863</altitude>
				<heading>-85.66265233423454</heading>
				<tilt>0.1801840088956645</tilt>
				<gx:fovy>35</gx:fovy>
				<range>1457.139607404097</range>
				<altitudeMode>absolute</altitudeMode>
			</LookAt>
			<styleUrl>#__managed_style_0FF4C6CF61420E280D26</styleUrl>
			<Polygon>
				<outerBoundaryIs>
					<LinearRing>
						<coordinates>
							72.80489774816108,21.10135488549641,0 72.80481183402949,21.10190242382158,0 72.80221699665194,21.1021947477025,0 72.80180006960768,21.09610000496641,0 72.80420665063799,21.09614713467465,0 72.80659375634917,21.09684995287861,0 72.8063953384259,21.09769489562917,0 72.80593321415557,21.09811774628129,0 72.80593069105547,21.1013002466163,0 72.80489774816108,21.10135488549641,0 
						</coordinates>
					</LinearRing>
				</outerBoundaryIs>
			</Polygon>
		</Placemark>
		<Placemark id="0AE6035FA2420E292C99">
			<name>Surat LF - 2(c) 2016</name>
			<LookAt>
				<longitude>72.80248058731564</longitude>
				<latitude>21.10795163702171</latitude>
				<altitude>21.55889930364649</altitude>
				<heading>-91.72013897763875</heading>
				<tilt>1.453569372232299</tilt>
				<gx:fovy>35</gx:fovy>
				<range>895.8079109480605</range>
				<altitudeMode>absolute</altitudeMode>
			</LookAt>
			<styleUrl>#__managed_style_0FF4C6CF61420E280D26</styleUrl>
			<Polygon>
				<outerBoundaryIs>
					<LinearRing>
						<coordinates>
							72.80249939930528,21.1072080808518,0 72.804804383895,21.1070208459713,0 72.80490413664256,21.10916782956988,0 72.80441360688165,21.10921203697581,0 72.80404938604781,21.10919739847334,0 72.80384881834276,21.10916374321042,0 72.80368950311401,21.10919094531275,0 72.80351372993886,21.10921391694244,0 72.80340733119893,21.10929810591555,0 72.80324410707667,21.10938370490692,0 72.80258417501483,21.10942882541509,0 72.80247506997017,21.10856865084072,0 72.80247421768263,21.10820890441138,0 72.80250647148689,21.10781757157444,0 72.80249939930528,21.1072080808518,0 
						</coordinates>
					</LinearRing>
				</outerBoundaryIs>
			</Polygon>
		</Placemark>
		<Placemark id="001DB233F3420E2C61FC">
			<name>Surat LF - 2(a) 2018</name>
			<LookAt>
				<longitude>72.79817413780391</longitude>
				<latitude>21.09760065567672</latitude>
				<altitude>23.32629661784162</altitude>
				<heading>267.8741332393404</heading>
				<tilt>0</tilt>
				<gx:fovy>35</gx:fovy>
				<range>1797.143957474618</range>
				<altitudeMode>absolute</altitudeMode>
			</LookAt>
			<styleUrl>#__managed_style_06B4AF9CD64207D6F394000</styleUrl>
			<Polygon>
				<outerBoundaryIs>
					<LinearRing>
						<coordinates>
							72.80191294935071,21.10143648881743,0 72.79619376765768,21.10125305903508,0 72.79567314618896,21.09888464931062,0 72.79549496211845,21.09605063934343,0 72.79596165712297,21.09590084564098,0 72.79838840529791,21.09597856453496,0 72.80156480863229,21.09611679957053,0 72.80168525286898,21.09799736534834,0 72.80191294935071,21.10143648881743,0 
						</coordinates>
					</LinearRing>
				</outerBoundaryIs>
			</Polygon>
		</Placemark>
		<Placemark id="0EA560181F420E2E9403">
			<name>Surat LF - 2(b) 2018</name>
			<LookAt>
				<longitude>72.80286042909772</longitude>
				<latitude>21.10088643875912</latitude>
				<altitude>22.17124842450571</altitude>
				<heading>-87.84414219923423</heading>
				<tilt>0.1807834050681008</tilt>
				<gx:fovy>35</gx:fovy>
				<range>1425.847901350062</range>
				<altitudeMode>absolute</altitudeMode>
			</LookAt>
			<styleUrl>#__managed_style_011FC0BE1B420E2ECBBB</styleUrl>
			<Polygon>
				<outerBoundaryIs>
					<LinearRing>
						<coordinates>
							72.80237780055216,21.10182056316014,0 72.80221799825711,21.09843938905153,0 72.80192590270291,21.09747719829281,0 72.80187577573724,21.09612050880297,0 72.80287455055857,21.09615738691328,0 72.80456968193242,21.09632156193448,0 72.80511159664756,21.09646205903197,0 72.80519965712891,21.09734348397942,0 72.80607449892244,21.09747389781137,0 72.80594005654616,21.0982319409644,0 72.80589454707024,21.10137926491561,0 72.80588944475254,21.10175712942765,0 72.8052649641763,21.10196616007984,0 72.80521453611041,21.10236728562527,0 72.80469325534003,21.10239350129762,0 72.80395821919377,21.10260563004535,0 72.8033992146834,21.10257180375764,0 72.80306517710017,21.10261660168693,0 72.80235676281076,21.10260682589151,0 72.80237780055216,21.10182056316014,0 
						</coordinates>
					</LinearRing>
				</outerBoundaryIs>
			</Polygon>
		</Placemark>
		<Placemark id="0A23B234E8420E31CB19">
			<name>Surat LF - 2(c) 2018</name>
			<LookAt>
				<longitude>72.80463263576721</longitude>
				<latitude>21.10622407943252</latitude>
				<altitude>22.20954492018301</altitude>
				<heading>-79.91345544770044</heading>
				<tilt>2.241276812706404</tilt>
				<gx:fovy>35</gx:fovy>
				<range>389.7279029498168</range>
				<altitudeMode>absolute</altitudeMode>
			</LookAt>
			<styleUrl>#__managed_style_011FC0BE1B420E2ECBBB</styleUrl>
			<Polygon>
				<outerBoundaryIs>
					<LinearRing>
						<coordinates>
							72.8050490116249,21.10631327426161,0 72.80499070315591,21.10585925627819,0 72.80501695159587,21.10576975005934,0 72.80509258923512,21.10568506748478,0 72.80522655911605,21.10585088014275,0 72.80549799095895,21.10584432379721,0 72.80555170417725,21.10607758169893,0 72.80612713729764,21.10597933348283,0 72.80618386216159,21.10580993999421,0 72.80672418983384,21.10574242811851,0 72.80666799186099,21.10537097733128,0 72.80611057840008,21.10544384238953,0 72.80498097319109,21.10557086583863,0 72.80475462004036,21.10438991027432,0 72.80495691789608,21.10451273738074,0 72.80506311612045,21.10488128561871,0 72.80583270042565,21.1048052623504,0 72.80580781304526,21.10457811598663,0 72.80564364699053,21.10448586604143,0 72.80565789474566,21.10427711935512,0 72.80587034612323,21.10417998597557,0 72.80587808308766,21.10435116968068,0 72.80611988303747,21.10424864883485,0 72.80643112670512,21.1040520106001,0 72.80674808259198,21.10402154653101,0 72.80730820535697,21.10391906162677,0 72.80769647178381,21.10470636501334,0 72.80814499985382,21.10567667734988,0 72.80603031097316,21.10640143990582,0 72.80513972892318,21.10670971755514,0 72.80445741358409,21.10685991015508,0 72.80441013364143,21.10638865725518,0 72.8050490116249,21.10631327426161,0 
						</coordinates>
					</LinearRing>
				</outerBoundaryIs>
			</Polygon>
		</Placemark>
		<Placemark id="0AB6C4A0BA420E394D9C">
			<name>Surat LF - 2(a) 2020 Remediated</name>
			<LookAt>
				<longitude>72.79745015349097</longitude>
				<latitude>21.09808114466565</latitude>
				<altitude>21.53491707915602</altitude>
				<heading>270.8604706470048</heading>
				<tilt>0</tilt>
				<gx:fovy>35</gx:fovy>
				<range>1768.754921254004</range>
				<altitudeMode>absolute</altitudeMode>
			</LookAt>
			<styleUrl>#__managed_style_0FB355FF15420D7DB70B</styleUrl>
			<Point>
				<coordinates>72.79850469152645,21.09824781998142,23.4855199195698</coordinates>
			</Point>
		</Placemark>
		<Placemark id="04FE44A4BC420E3A404E">
			<name>Surat LF - 2(b) 2020</name>
			<LookAt>
				<longitude>72.80259464271745</longitude>
				<latitude>21.10020607213293</latitude>
				<altitude>23.25882927008319</altitude>
				<heading>270.8628784164815</heading>
				<tilt>0</tilt>
				<gx:fovy>35</gx:fovy>
				<range>827.6551998450304</range>
				<altitudeMode>absolute</altitudeMode>
			</LookAt>
			<styleUrl>#__managed_style_0C684E783E420E3A7E61</styleUrl>
			<Polygon>
				<outerBoundaryIs>
					<LinearRing>
						<coordinates>
							72.80227158223143,21.09845062424372,0 72.80450200239625,21.09837482728821,0 72.80465928469629,21.09952810901033,0 72.80504827448875,21.09951256178202,0 72.80542346114864,21.09957674233067,0 72.80572211032244,21.09968020351776,0 72.80577063630429,21.10014775438712,0 72.80570612907268,21.10053038901642,0 72.80535157566196,21.10076387841304,0 72.80513481251252,21.10077941643442,0 72.80495957881121,21.10136038876974,0 72.80490817538349,21.1020841581872,0 72.8024972430438,21.10231211631496,0 72.80241919480471,21.1014740026675,0 72.80238737126365,21.10034491665344,0 72.80232846034491,21.09945414730156,0 72.80227158223143,21.09845062424372,0 
						</coordinates>
					</LinearRing>
				</outerBoundaryIs>
			</Polygon>
		</Placemark>
		<Placemark id="07EBC2BAC8420E3B7AC4">
			<name>Surat LF - 2(c) 2020</name>
			<LookAt>
				<longitude>72.80304150742734</longitude>
				<latitude>21.10673983543703</latitude>
				<altitude>21.10452046535514</altitude>
				<heading>-92.72981854439988</heading>
				<tilt>11.92288156847811</tilt>
				<gx:fovy>35</gx:fovy>
				<range>1957.46786234522</range>
				<altitudeMode>absolute</altitudeMode>
			</LookAt>
			<styleUrl>#__managed_style_0C684E783E420E3A7E61</styleUrl>
			<Polygon>
				<outerBoundaryIs>
					<LinearRing>
						<coordinates>
							72.80288901674601,21.10824335468061,0 72.80285754624522,21.1076247751354,0 72.80286832277704,21.10739159109393,0 72.80510034301415,21.10720209956281,0 72.80657078327727,21.10685735491491,0 72.80682685521874,21.10678258163032,0 72.80697749163359,21.10677113396769,0 72.80638362857084,21.10786107204416,0 72.80613764247013,21.10825866501377,0 72.80614681887145,21.10850801919047,0 72.80625718484458,21.10872769544565,0 72.80617113329012,21.1089039973385,0 72.80290680103256,21.10899579709117,0 72.80288901674601,21.10824335468061,0 
						</coordinates>
					</LinearRing>
				</outerBoundaryIs>
			</Polygon>
		</Placemark>
		<Placemark id="0827DCD67B420E3C732C">
			<name>Surat LF - 2(b) 2022</name>
			<LookAt>
				<longitude>72.80259464271745</longitude>
				<latitude>21.10020607213293</latitude>
				<altitude>23.25882927008319</altitude>
				<heading>270.8628784164815</heading>
				<tilt>0</tilt>
				<gx:fovy>35</gx:fovy>
				<range>827.6551998450304</range>
				<altitudeMode>absolute</altitudeMode>
			</LookAt>
			<styleUrl>#__managed_style_00D276167F4207CAC4E8</styleUrl>
			<Polygon>
				<outerBoundaryIs>
					<LinearRing>
						<coordinates>
							72.80227158223143,21.09845062424372,0 72.80337862076617,21.09834216719652,0 72.80449034150213,21.09831409587923,0 72.80465928469629,21.09952810901033,0 72.80504827448875,21.09951256178202,0 72.80535247987069,21.09987056752563,0 72.8056798640292,21.09989414429256,0 72.80577063630429,21.10014775438712,0 72.80556191542917,21.10043370813183,0 72.80531821208365,21.1006756663117,0 72.80513481251252,21.10077941643442,0 72.80495957881121,21.10136038876974,0 72.80490817538349,21.1020841581872,0 72.80611385783543,21.10195461110214,0 72.80610412469933,21.10232645224476,0 72.8062076669312,21.10255491402019,0 72.80601823052542,21.10321261509282,0 72.80553427531432,21.10340323956052,0 72.80480691087573,21.10375088054114,0 72.80473925226347,21.10419627242787,0 72.80447240167756,21.10437065289063,0 72.80446884280619,21.10475889714692,0 72.8043930980122,21.10496809796286,0 72.80407104696836,21.10513170854387,0 72.80295629372989,21.10508910027612,0 72.80297679985962,21.10398326242023,0 72.8024972430438,21.10231211631496,0 72.80241919480471,21.1014740026675,0 72.80238737126365,21.10034491665344,0 72.80232846034491,21.09945414730156,0 72.80227158223143,21.09845062424372,0 
						</coordinates>
					</LinearRing>
				</outerBoundaryIs>
			</Polygon>
		</Placemark>
		<Placemark id="0897BA2FB8420E400024">
			<name>Surat LF - 2(c) 2022</name>
			<LookAt>
				<longitude>72.80027799750714</longitude>
				<latitude>21.10426655805875</latitude>
				<altitude>27.29652687582345</altitude>
				<heading>-85.09623931430276</heading>
				<tilt>1.614442575923036</tilt>
				<gx:fovy>35</gx:fovy>
				<range>3717.765555724036</range>
				<altitudeMode>absolute</altitudeMode>
			</LookAt>
			<styleUrl>#__managed_style_00D276167F4207CAC4E8</styleUrl>
			<Polygon>
				<outerBoundaryIs>
					<LinearRing>
						<coordinates>
							72.80737144073296,21.10631635875393,0 72.80740853204342,21.10667615519102,0 72.80626335082603,21.1088559920997,0 72.80601607373436,21.10923431772758,0 72.80628916193706,21.10959169622666,0 72.80591700060343,21.11035733862568,0 72.80568464763796,21.11089979563108,0 72.80546329796387,21.11106155676975,0 72.8052679535629,21.11150285875168,0 72.80507531262759,21.11155421698189,0 72.80483953668551,21.11153571595603,0 72.80456940602303,21.11173697983813,0 72.80432652022769,21.11173899532573,0 72.80415640509956,21.11165029124503,0 72.80407348231431,21.11148269545335,0 72.80404586490302,21.11123873870298,0 72.80385975574374,21.11106483519168,0 72.80381961014548,21.11092145057,0 72.80367073718384,21.1108550812397,0 72.80346970090656,21.11086654499625,0 72.80332583411816,21.11077463174941,0 72.80331592211937,21.1105782853045,0 72.8036914974939,21.11053713688482,0 72.80388030569675,21.11050840483841,0 72.80432613762092,21.1105250704649,0 72.80456881902116,21.11053179122896,0 72.8047398920297,21.11051494308521,0 72.80464759698656,21.11000946887576,0 72.80462801761529,21.10951889881557,0 72.80518825250834,21.10946349839692,0 72.80522909621784,21.10975132387889,0 72.80570627010123,21.10975139625857,0 72.80570096537399,21.10938651607927,0 72.8053411202111,21.10934342561274,0 72.80522125501771,21.10889310747019,0 72.80292424876448,21.10893033396954,0 72.80288078224102,21.10866759619292,0 72.80280916142549,21.10738195847145,0 72.80289719868139,21.10732969586488,0 72.80304951833644,21.10731690758756,0 72.80347352481938,21.10728975867954,0 72.80370805695277,21.10729711417919,0 72.80405453554488,21.1072529360334,0 72.80465729172315,21.10716087416726,0 72.80436804927373,21.10571721707787,0 72.80569197183021,21.10552874727513,0 72.80607676825785,21.10592264877492,0 72.80625998871021,21.10609796509712,0 72.80624821619892,21.10626198538583,0 72.80467694218288,21.1068392001408,0 72.8047231125868,21.10713583229183,0 72.80711298100334,21.10639158326437,0 72.80737144073296,21.10631635875393,0 
						</coordinates>
					</LinearRing>
				</outerBoundaryIs>
			</Polygon>
		</Placemark>
		<Placemark id="012C896650420E41C21C">
			<name>Surat LF - 2(b) 2024</name>
			<LookAt>
				<longitude>72.80232993006837</longitude>
				<latitude>21.10575551719052</latitude>
				<altitude>24.87667054267608</altitude>
				<heading>-84.15919468990148</heading>
				<tilt>0.7804856070474694</tilt>
				<gx:fovy>35</gx:fovy>
				<range>3115.829579212004</range>
				<altitudeMode>absolute</altitudeMode>
			</LookAt>
			<styleUrl>#__managed_style_05E6CF2F3742050C14400</styleUrl>
			<Polygon>
				<outerBoundaryIs>
					<LinearRing>
						<coordinates>
							72.80181745868045,21.09612435786379,0 72.80423303737389,21.09620799005609,0 72.80527463689263,21.09642596261689,0 72.80578886711854,21.0970177422284,0 72.80588384162625,21.10132440148159,0 72.80617660494926,21.10180748636598,0 72.80681111462734,21.10290653440391,0 72.80725471085438,21.10380636127272,0 72.80697952737363,21.10403127228508,0 72.80481478804711,21.10434500918564,0 72.80437392160616,21.10493698039139,0 72.80366041137178,21.10433560903885,0 72.80344037537346,21.10544936783019,0 72.80315047388011,21.10537835602411,0 72.80313402328372,21.10459505550379,0 72.80316433794314,21.10429917977398,0 72.80282799641955,21.10394207015018,0 72.80263138218004,21.10326666679694,0 72.80254274669954,21.10268508985269,0 72.80225661289175,21.10195264128859,0 72.80218062833436,21.09837161554666,0 72.80181471084995,21.09760048187074,0 72.80181745868045,21.09612435786379,0 
						</coordinates>
					</LinearRing>
				</outerBoundaryIs>
			</Polygon>
		</Placemark>
		<Placemark id="0F4BA706B7420E4420F4">
			<name>Surat LF - 2(c) 2024</name>
			<LookAt>
				<longitude>72.80344764289531</longitude>
				<latitude>21.10918678418411</latitude>
				<altitude>21.42213139073379</altitude>
				<heading>-85.35585254759263</heading>
				<tilt>3.389824800764768</tilt>
				<gx:fovy>35</gx:fovy>
				<range>1511.171412452386</range>
				<altitudeMode>absolute</altitudeMode>
			</LookAt>
			<styleUrl>#__managed_style_05E6CF2F3742050C14400</styleUrl>
			<Polygon>
				<outerBoundaryIs>
					<LinearRing>
						<coordinates>
							72.80279844636041,21.10738204120009,0 72.8045094809811,21.10722915611329,0 72.80672473754241,21.10651385325403,0 72.80726458252225,21.10636561150621,0 72.80736615543663,21.10642530377844,0 72.80740024964557,21.10656865349772,0 72.80623144010758,21.10889581871403,0 72.80560544998139,21.10891182540767,0 72.80567266239355,21.10985264315281,0 72.80584016282776,21.11037800619552,0 72.80575132457891,21.11070162257766,0 72.80553748115827,21.11118123310875,0 72.80535459479407,21.11154528910572,0 72.80501273545642,21.11200856087202,0 72.80488691814041,21.11206902277722,0 72.80474266489918,21.11238549215653,0 72.80431526629775,21.11241510237253,0 72.80398602992618,21.11239416102959,0 72.80363465081463,21.11237721359819,0 72.80341661911707,21.1123429360904,0 72.80299901433214,21.11243271430374,0 72.80276104573046,21.11242784645183,0 72.80270551015458,21.11223776068388,0 72.80274394752854,21.11215671645001,0 72.80302427304295,21.11211088270741,0 72.80328171778109,21.11207863594651,0 72.80329230984607,21.11195768390366,0 72.80329471876786,21.11176895412864,0 72.80329600227168,21.11156746522881,0 72.80278364151226,21.11154650860733,0 72.80253545910294,21.11155183777953,0 72.80251201212326,21.11125344105942,0 72.80527716515387,21.11117662977239,0 72.80525043968603,21.11057383155389,0 72.8037854863633,21.11062860160995,0 72.80379972692491,21.11120738776699,0 72.80320527834851,21.11121989403309,0 72.80313644796236,21.11058212124985,0 72.80260792069301,21.11063387917655,0 72.80264046581662,21.11010293399228,0 72.80318645888022,21.1100835564657,0 72.80314984287851,21.10978317678195,0 72.80267880226664,21.10978757276479,0 72.80279398499172,21.10949658285857,0 72.80312953719988,21.10938605619275,0 72.80385565494727,21.10926105403584,0 72.80452517556159,21.10920574959209,0 72.80551552101886,21.10922467993895,0 72.80562341288349,21.10922673185818,0 72.80559514134934,21.10890827847586,0 72.80285451043811,21.10898229284377,0 72.80279844636041,21.10738204120009,0 
						</coordinates>
					</LinearRing>
				</outerBoundaryIs>
			</Polygon>
		</Placemark>
		<Placemark id="0B71B5D5F0420E466B17">
			<name>Surat LF - 2(b) 2026</name>
			<LookAt>
				<longitude>72.80221835707987</longitude>
				<latitude>21.09600756428697</latitude>
				<altitude>24.20924253345315</altitude>
				<heading>244.868296005607</heading>
				<tilt>0</tilt>
				<gx:fovy>35</gx:fovy>
				<range>369.7769730849177</range>
				<altitudeMode>absolute</altitudeMode>
			</LookAt>
			<styleUrl>#__managed_style_011BE5B9394207C64408</styleUrl>
			<Polygon>
				<outerBoundaryIs>
					<LinearRing>
						<coordinates>
							72.80199149187298,21.09612483778811,0 72.80228253805176,21.09610751266959,0 72.80260669366767,21.09611303974751,0 72.80333204557506,21.09613199044069,0 72.804156351502,21.09620416212135,0 72.80525966254558,21.096482374613,0 72.80588593828934,21.09670128682098,0 72.80614014183692,21.09692440259206,0 72.8063476742205,21.09690174855171,0 72.80660246336242,21.09688471597878,0 72.80679779931319,21.09699951158518,0 72.806841772338,21.09728847276573,0 72.80668378258257,21.09755373590152,0 72.80657991023762,21.09760899870446,0 72.80660984215928,21.09781185787431,0 72.80641327604205,21.09789550264415,0 72.80624033985515,21.09806195963681,0 72.80628806935469,21.09835335542731,0 72.80621584589093,21.09856880009628,0 72.80601151330771,21.09858294587253,0 72.80599018792907,21.09835755807137,0 72.8058983934684,21.09818110117121,0 72.80219988447354,21.09827376905288,0 72.80200396930657,21.09844724975362,0 72.80188378714115,21.09844113295033,0 72.80187627833573,21.09831929448507,0 72.80174659166039,21.09615326268027,0 72.80199149187298,21.09612483778811,0 
						</coordinates>
					</LinearRing>
				</outerBoundaryIs>
			</Polygon>
		</Placemark>
		<Placemark id="097EF72D97420E491AD4">
			<name>Surat LF - 2(c) 2026</name>
			<LookAt>
				<longitude>72.80344764289531</longitude>
				<latitude>21.10918678418411</latitude>
				<altitude>21.42213139073379</altitude>
				<heading>-85.35585254759263</heading>
				<tilt>3.389824800764768</tilt>
				<gx:fovy>35</gx:fovy>
				<range>1511.171412452386</range>
				<altitudeMode>absolute</altitudeMode>
			</LookAt>
			<styleUrl>#__managed_style_011BE5B9394207C64408</styleUrl>
			<Polygon>
				<outerBoundaryIs>
					<LinearRing>
						<coordinates>
							72.80280981352909,21.10706227733067,0 72.80367481944351,21.1069999718703,0 72.80387859271819,21.1069425515714,0 72.80408928366336,21.10726843873694,0 72.8045094809811,21.10722915611329,0 72.80672473754241,21.10651385325403,0 72.80726458252225,21.10636561150621,0 72.80736615543663,21.10642530377844,0 72.80740024964557,21.10656865349772,0 72.80623144010758,21.10889581871403,0 72.80645778373865,21.10942978846737,0 72.80614253828024,21.11013359705301,0 72.80596968957802,21.1105471962988,0 72.80581905947015,21.11077477970252,0 72.80553748115827,21.11118123310875,0 72.80566315835895,21.11147720645992,0 72.80551859285193,21.11179137030609,0 72.80529202876143,21.11212707875701,0 72.80510490181044,21.11242954070184,0 72.80489254464153,21.11270078949861,0 72.80460289502474,21.11269254175408,0 72.80423757187253,21.11265809818503,0 72.80387279472744,21.1126404124591,0 72.80350418715992,21.11261618087198,0 72.80323349878252,21.11259708822593,0 72.8029346538332,21.11256082337292,0 72.80257983918709,21.11246706488266,0 72.80257168428363,21.11208522874605,0 72.80279655096257,21.11209331560367,0 72.80330285100317,21.11215207342079,0 72.80332135934968,21.11206567847551,0 72.80333778390947,21.11191515652023,0 72.80335105821463,21.11174035159479,0 72.80335807011821,21.11159665102057,0 72.80286251328876,21.11156881358671,0 72.80279511240335,21.11208593988119,0 72.80257095483303,21.11207864026914,0 72.80253545910294,21.11155183777953,0 72.80251201212326,21.11125344105942,0 72.80530345163976,21.11119830316018,0 72.80530692248341,21.11089044089801,0 72.80527344831194,21.11060926238672,0 72.8037854863633,21.11062860160995,0 72.80379972692491,21.11120738776699,0 72.80324577286063,21.11119218271491,0 72.80324486995286,21.11087704206688,0 72.80318900512567,21.11088342820833,0 72.80317040076449,21.11063199219528,0 72.80265547531171,21.110662496831,0 72.80264763459613,21.1101291130444,0 72.80321363255207,21.11012226810833,0 72.80314984287851,21.10978317678195,0 72.80267880226664,21.10978757276479,0 72.80272259398714,21.10933755667951,0 72.80293704689149,21.10927716403107,0 72.80293258997669,21.10916188515558,0 72.80285451043811,21.10898229284377,0 72.80280981352909,21.10706227733067,0 
						</coordinates>
					</LinearRing>
				</outerBoundaryIs>
			</Polygon>
		</Placemark>
	</Folder>
</Document>
</kml>
