{"type": "FeatureCollection", "features": [{"type": "Feature", "properties": {"layer": "outline_2026", "site": "SUR-02"}, "geometry": {"type": "MultiPolygon", "coordinates": [[[[72.80174659166039, 21.096153262680268], [72.80187627833573, 21.09831929448507], [72.80188378714115, 21.098441132950338], [72.80200396930657, 21.09844724975362], [72.80219988447354, 21.098273769052874], [72.8058983934684, 21.09818110117122], [72.80599018792908, 21.09835755807136], [72.80601151330772, 21.098582945872522], [72.80621584589095, 21.098568800096277], [72.80628806935471, 21.09835335542731], [72.80624033985515, 21.098061959636805], [72.80641327604205, 21.09789550264415], [72.80660984215929, 21.09781185787431], [72.80657991023764, 21.097608998704448], [72.80668378258258, 21.097553735901514], [72.806841772338, 21.09728847276572], [72.80679779931319, 21.096999511585175], [72.80660246336244, 21.09688471597878], [72.80634767422052, 21.09690174855171], [72.80614014183692, 21.09692440259205], [72.80588593828935, 21.09670128682098], [72.8052596625456, 21.096482374612993], [72.804156351502, 21.09620416212135], [72.80333204557506, 21.09613199044069], [72.80260669366767, 21.096113039747504], [72.80228253805176, 21.09610751266959], [72.80199149187298, 21.096124837788107], [72.80174659166039, 21.096153262680268]]], [[[72.80285451043811, 21.108982292843766], [72.80293258997669, 21.10916188515558], [72.80293704689149, 21.109277164031067], [72.80272259398714, 21.109337556679506], [72.80267880226664, 21.109787572764784], [72.80314984287851, 21.109783176781946], [72.80321363255207, 21.110122268108327], [72.80264763459613, 21.1101291130444], [72.80265547531171, 21.110662496831004], [72.80317040076449, 21.110631992195266], [72.80318900512567, 21.110883428208332], [72.80324486995288, 21.110877042066882], [72.80324577286065, 21.11119218271491], [72.80379972692492, 21.11120738776698], [72.80378548636331, 21.110628601609946], [72.80527344831194, 21.110609262386713], [72.80530692248341, 21.110890440898007], [72.80530345163976, 21.111198303160176], [72.80251201212326, 21.111253441059418], [72.80253545910294, 21.111551837779526], [72.80257095483303, 21.11207864026914], [72.80279511240335, 21.11208593988119], [72.80286251328876, 21.11156881358672], [72.80335807011822, 21.11159665102056], [72.80335105821464, 21.111740351594783], [72.80333778390948, 21.111915156520226], [72.8033213593497, 21.11206567847551], [72.80330285100318, 21.11215207342079], [72.80279655096257, 21.11209331560367], [72.80257168428363, 21.112085228746047], [72.80257983918709, 21.11246706488266], [72.8029346538332, 21.112560823372924], [72.80323349878253, 21.11259708822593], [72.80350418715993, 21.112616180871978], [72.80387279472744, 21.112640412459104], [72.80423757187253, 21.112658098185037], [72.80460289502474, 21.112692541754082], [72.80489254464153, 21.11270078949861], [72.80510490181044, 21.112429540701847], [72.80529202876143, 21.112127078757013], [72.80551859285194, 21.111791370306086], [72.80566315835895, 21.111477206459906], [72.80553748115827, 21.111181233108752], [72.80581905947015, 21.110774779702528], [72.80596968957802, 21.110547196298796], [72.80614253828024, 21.110133597053004], [72.80645778373865, 21.109429788467374], [72.80623144010758, 21.108895818714025], [72.80740024964558, 21.10656865349772], [72.80736615543664, 21.106425303778437], [72.80726458252227, 21.10636561150621], [72.80672473754242, 21.10651385325402], [72.8045094809811, 21.107229156113284], [72.80408928366336, 21.10726843873694], [72.80387859271819, 21.1069425515714], [72.80367481944351, 21.106999971870295], [72.8028098135291, 21.10706227733067], [72.80285451043811, 21.108982292843766]]]]}}, {"type": "Feature", "properties": {"layer": "union_2016_2026", "site": "SUR-02"}, "geometry": {"type": "MultiPolygon", "coordinates": [[[[72.80196048658745, 21.098445036662724], [72.80221699665194, 21.102194747702494], [72.80234553583797, 21.102180267971534], [72.80236672486346, 21.102234507954638], [72.80235676281076, 21.10260682589151], [72.80251301489479, 21.10260898235377], [72.80254274669954, 21.102685089852688], [72.80263138218004, 21.103266666796944], [72.80282799641955, 21.103942070150172], [72.80297467585378, 21.104097806882628], [72.80295629372989, 21.105089100276118], [72.80314455019122, 21.105096296357953], [72.80315047388011, 21.10537835602411], [72.80344037537346, 21.105449367830182], [72.8035073892344, 21.105110165249], [72.80407104696836, 21.105131708543862], [72.8043930980122, 21.104968097962853], [72.8044331680838, 21.104857427849648], [72.80476009093273, 21.104418453807188], [72.80498097319109, 21.10557086583863], [72.80611057840008, 21.10544384238953], [72.806667991861, 21.105370977331287], [72.80672418983386, 21.10574242811851], [72.80618386216159, 21.105809939994206], [72.80612929006065, 21.105972904846016], [72.80607676825787, 21.10592264877492], [72.80569197183021, 21.105528747275127], [72.80436804927373, 21.105717217077874], [72.80450043962126, 21.106378001953647], [72.80441013364144, 21.106388657255177], [72.80445741358409, 21.106859910155077], [72.80459109633442, 21.106830483889627], [72.80463204141323, 21.107034846535004], [72.80397288125887, 21.10708839298656], [72.80387859271819, 21.1069425515714], [72.80367481944351, 21.106999971870295], [72.8028098135291, 21.10706227733067], [72.80281261554522, 21.107182640048038], [72.80249939930528, 21.107208080851798], [72.80250647148691, 21.107817571574436], [72.80247421768263, 21.108208904411384], [72.80247506997017, 21.10856865084071], [72.80258417501483, 21.10942882541508], [72.80271458013115, 21.109419909636433], [72.80267880226664, 21.109787572764784], [72.80314984287851, 21.109783176781946], [72.80318645888022, 21.1100835564657], [72.80264046581662, 21.110102933992284], [72.802607920693, 21.110633879176547], [72.80265498688456, 21.11062927012013], [72.80265547531171, 21.110662496831004], [72.80314201168386, 21.110633674030677], [72.80320527834851, 21.111219894033088], [72.80379972692492, 21.11120738776698], [72.80379239314871, 21.110909316924033], [72.8038196101455, 21.110921450569993], [72.80385975574376, 21.11106483519168], [72.80401686880877, 21.11121164430538], [72.80251201212326, 21.111253441059418], [72.80253545910294, 21.111551837779526], [72.80257095483303, 21.11207864026914], [72.80279511240335, 21.11208593988119], [72.80286251328876, 21.11156881358672], [72.80329583862512, 21.111593155305364], [72.80329471876787, 21.111768954128642], [72.80329230984609, 21.111957683903658], [72.8032817177811, 21.112078635946506], [72.80302427304295, 21.11211088270742], [72.80299257638782, 21.11211606519452], [72.80279655096257, 21.11209331560367], [72.80257168428363, 21.112085228746047], [72.80257983918709, 21.11246706488266], [72.8029346538332, 21.112560823372924], [72.80323349878253, 21.11259708822593], [72.80350418715993, 21.112616180871978], [72.80387279472744, 21.112640412459104], [72.80423757187253, 21.112658098185037], [72.80460289502474, 21.112692541754082], [72.80489254464153, 21.11270078949861], [72.80510490181044, 21.112429540701847], [72.80529202876143, 21.112127078757013], [72.80551859285194, 21.111791370306086], [72.80566315835895, 21.111477206459906], [72.80553748115827, 21.111181233108752], [72.80581905947015, 21.110774779702528], [72.80596968957802, 21.110547196298796], [72.80614253828024, 21.110133597053004], [72.80645778373865, 21.109429788467374], [72.80623375320738, 21.10890127559165], [72.80626335082603, 21.1088559920997], [72.80740853204342, 21.10667615519102], [72.8073979265559, 21.106573278988648], [72.80740024964558, 21.10656865349772], [72.80739530764014, 21.106547874760263], [72.80737144073296, 21.106316358753926], [72.80711298100336, 21.10639158326437], [72.80480849105854, 21.107109244593612], [72.804804383895, 21.107020845971295], [72.80470645337986, 21.107028801561807], [72.80467694218288, 21.106839200140804], [72.80486449376966, 21.106770303235844], [72.80513972892318, 21.106709717555134], [72.80603031097317, 21.106401439905827], [72.80814499985384, 21.105676677349887], [72.80769647178383, 21.10470636501334], [72.80730820535697, 21.10391906162677], [72.80706161650134, 21.103964179906], [72.80725471085437, 21.10380636127271], [72.80681111462732, 21.102906534403903], [72.80617660494926, 21.10180748636598], [72.80589507246304, 21.101342933397973], [72.80589566296261, 21.10130209957798], [72.80593069105548, 21.1013002466163], [72.8059327219851, 21.098739221090316], [72.80593964508307, 21.098260399385744], [72.80599018792908, 21.09835755807136], [72.80601151330772, 21.098582945872522], [72.80621584589095, 21.098568800096277], [72.80628806935471, 21.09835335542731], [72.80624033985515, 21.098061959636805], [72.80641327604205, 21.09789550264415], [72.80660984215929, 21.09781185787431], [72.80657991023764, 21.097608998704448], [72.80668378258258, 21.097553735901514], [72.806841772338, 21.09728847276572], [72.80679779931319, 21.096999511585175], [72.80660246336244, 21.09688471597878], [72.80658532392388, 21.096885861757023], [72.80659375634917, 21.0968499528786], [72.80531622589895, 21.096473823743132], [72.80527463689265, 21.09642596261689], [72.80485640771167, 21.096338441818794], [72.804206650638, 21.09614713467464], [72.80302943160345, 21.096124084662986], [72.80260669366767, 21.096113039747504], [72.80228253805176, 21.09610751266959], [72.80225797229446, 21.096108975016087], [72.80180006960768, 21.096100004966416], [72.80180326284588, 21.096146685044907], [72.80174659166039, 21.096153262680268], [72.8018152697144, 21.09730032755203], [72.80181471084995, 21.09760048187074], [72.80183591650434, 21.097645170832322], [72.80187627833573, 21.09831929448507], [72.80188378714115, 21.098441132950338], [72.80196048658745, 21.098445036662724]], [[72.80565789474566, 21.10427711935512], [72.80564364699053, 21.104485866041426], [72.80580781304526, 21.10457811598663], [72.80583270042565, 21.104805262350396], [72.80506311612045, 21.10488128561871], [72.80495691789608, 21.10451273738074], [72.80477302578905, 21.10440108552085], [72.80481478804712, 21.10434500918563], [72.80583177654614, 21.104197620127298], [72.80565789474566, 21.10427711935512]], [[72.80587808308766, 21.10435116968068], [72.80587088694298, 21.10419195184652], [72.80631046427821, 21.10412824311969], [72.80611988303747, 21.104248648834847], [72.80587808308766, 21.10435116968068]]], [[[72.79549496211845, 21.096050639343428], [72.79567314618895, 21.09888464931061], [72.79619376765768, 21.101253059035077], [72.80191294935071, 21.101436488817424], [72.80168525286898, 21.097997365348338], [72.80156480863229, 21.096116799570524], [72.79838840529791, 21.095978564534963], [72.79596165712297, 21.09590084564099], [72.79549496211845, 21.096050639343428]]]]}}, {"type": "Feature", "properties": {"layer": "buffer_100m", "site": "SUR-02"}, "geometry": {"type": "MultiPolygon", "coordinates": [[[[72.80161749722853, 21.11248515882903], [72.80162402080755, 21.112573581216527], [72.8016397492542, 21.11266097784057], [72.80166453111391, 21.112746507040228], [72.8016981277433, 21.11282934513707], [72.80174021560794, 21.11290869436772], [72.80179038939767, 21.112983790566737], [72.80184816592941, 21.113053910525988], [72.80191298880015, 21.113118378959673], [72.80198423374507, 21.113176575007845], [72.8020612146495, 21.11322793821573], [72.80214319015634, 21.11327197393146], [72.80222937080599, 21.113308258069956], [72.80231892663929, 21.11333644119727], [72.8026737431879, 21.113430200223863], [72.80281120187121, 21.113456555358756], [72.80311004858373, 21.113492820425492], [72.80316134906452, 21.113497738718017], [72.80343203906584, 21.113516831477188], [72.80343691762256, 21.11351716388067], [72.8038055274039, 21.11354139561142], [72.80382312601553, 21.113542400599265], [72.8041645805282, 21.113558955581002], [72.80450666692946, 21.113591208306328], [72.80457369840254, 21.113595317570578], [72.80486334976939, 21.11360356536404], [72.80495642879697, 21.11360198942695], [72.8050489102304, 21.11359198346117], [72.80513992896724, 21.113573641065884], [72.80522863358824, 21.113547133821967], [72.80531419432238, 21.11351270968692], [72.80539581080903, 21.11347069067525], [72.80547271958515, 21.113421469846106], [72.80554420122714, 21.11336550762631], [72.80560958708062, 21.11330332750317], [72.80566826551538, 21.113235511127478], [72.80588062203535, 21.112964261376394], [72.8059373328558, 21.112883000084828], [72.80611514401221, 21.11259559314872], [72.80633178093545, 21.112274591540455], [72.80636964189603, 21.11221329750831], [72.80640226654864, 21.112149407482995], [72.80654683054267, 21.11183524289679], [72.80658002496831, 21.111752095244682], [72.80660435843735, 21.11166629099291], [72.80661959579727, 21.111578659386456], [72.80662558980477, 21.111490047329102], [72.80662228254813, 21.111401311198584], [72.80660970600628, 21.111313308570253], [72.80660552638166, 21.111296682126568], [72.80662606122996, 21.11126704010862], [72.80663672203194, 21.111251297893045], [72.80678735137404, 21.111023713775822], [72.80683012518938, 21.110952000537075], [72.8068657752571, 21.110876935864948], [72.80703437577144, 21.110473496103182], [72.80734511130096, 21.109779747036132], [72.80737707544318, 21.1096974125884], [72.80740038636351, 21.10961255904703], [72.80741482465315, 21.10952598513111], [72.80742025442143, 21.109438505752106], [72.8074166245744, 21.109350944343092], [72.8074039692952, 21.109264125107874], [72.80738240772166, 21.109178865262862], [72.80735214282429, 21.109095967344803], [72.80728020427321, 21.108926259158533], [72.80827090114389, 21.106953698174397], [72.80830566481295, 21.106875069542877], [72.80833238532914, 21.106793718930994], [72.80835082533726, 21.106710369007043], [72.80836082104196, 21.106625760198714], [72.80836228366229, 21.106540644115626], [72.80835520021988, 21.10645577687242], [72.80833963365369, 21.106371912371923], [72.80830553858785, 21.10622856283824], [72.80828022757099, 21.106142431867898], [72.80824597184233, 21.1060590689925], [72.8082031066279, 21.105979289964274], [72.8081520514004, 21.1059038754642], [72.808093305774, 21.105833563462898], [72.8080274446151, 21.105769041999363], [72.80795511241672, 21.10571094244835], [72.80787701699163, 21.105659833342333], [72.80777544439378, 21.105600141370694], [72.80769679617386, 21.105558606185514], [72.8076143480515, 21.105524166048486], [72.80752882488983, 21.10549712374773], [72.80744097858549, 21.105477717031473], [72.80735158145845, 21.105466116517995], [72.80726141946232, 21.105462424195647], [72.80717128527488, 21.10546667252625], [72.80708197132941, 21.105478824159718], [72.8069942628483, 21.105498772262425], [72.80645442073394, 21.105647013164678], [72.80641155901768, 21.1056598105096], [72.80452080464903, 21.10627033401011], [72.80451434055384, 21.10626442658979], [72.8044379836753, 21.10620756099964], [72.80435588884365, 21.106158234659098], [72.8042688981515, 21.106116953533036], [72.8041779039084, 21.106084141062134], [72.80408383948813, 21.106060133819742], [72.80398766975522, 21.10604517805956], [72.80389038116816, 21.106039427189884], [72.80379297166148, 21.10604294020008], [72.80369644040992, 21.10605568105556], [72.80360177758013, 21.106077519067366], [72.80349753665887, 21.10610689264305], [72.80273615299677, 21.106161734070753], [72.8026397010784, 21.106173303764173], [72.80254498533206, 21.106193946453452], [72.80245297243017, 21.106223451458675], [72.8023646014613, 21.10626151765069], [72.80228077434623, 21.106307756524334], [72.80220234663308, 21.106361696163273], [72.80213011876597, 21.106422786056275], [72.80206482791564, 21.106490402715448], [72.8020071404558, 21.10656385603937], [72.80195764516189, 21.10664239635609], [72.80191684720181, 21.106725222074115], [72.8018851629796, 21.106811487863272], [72.8018629158851, 21.106900313282157], [72.80185033299281, 21.106990791763796], [72.80184754274369, 21.10708199986819], [72.80188955405781, 21.108887153213995], [72.80187203709497, 21.108914785450125], [72.80183166569665, 21.108995754296235], [72.80180002172287, 21.109080071434033], [72.80177741516937, 21.10916691090235], [72.80176406750367, 21.109255422030138], [72.80172027291808, 21.109705437872215], [72.80171630993642, 21.10979414518413], [72.80172164772198, 21.1098827890107], [72.80172171597985, 21.109883199502697], [72.80170112988307, 21.109965040360624], [72.80168854437188, 21.110052936730277], [72.80168520607646, 21.110141567591437], [72.80169304335422, 21.11067495142172], [72.80169867289507, 21.11076082807564], [72.80170019034051, 21.110769838501607], [72.80166701784043, 21.11082094082862], [72.80162692088194, 21.110898511913938], [72.8015948885701, 21.110979317027024], [72.80157121278582, 21.11106261989884], [72.80155610926937, 21.111147661500368], [72.80154971565408, 21.111233666958576], [72.80155209021176, 21.111319852616724], [72.80157516521605, 21.11161353945163], [72.80160989282541, 21.112128991265894], [72.80161749722853, 21.11248515882903]], [[72.8028098135291, 21.10706227733067], [72.80367481944351, 21.106999971870295], [72.80387859271819, 21.1069425515714], [72.80408928366336, 21.10726843873694], [72.8045094809811, 21.107229156113284], [72.80672473754242, 21.10651385325402], [72.80726458252227, 21.10636561150621], [72.80736615543664, 21.106425303778437], [72.80740024964558, 21.10656865349772], [72.80623144010758, 21.108895818714025], [72.80645778373865, 21.109429788467374], [72.80614253828024, 21.110133597053004], [72.80596968957802, 21.110547196298796], [72.80581905947015, 21.110774779702528], [72.80553748115827, 21.111181233108752], [72.80566315835895, 21.111477206459906], [72.80551859285194, 21.111791370306086], [72.80529202876143, 21.112127078757013], [72.80510490181044, 21.112429540701847], [72.80489254464153, 21.11270078949861], [72.80460289502474, 21.112692541754082], [72.80423757187253, 21.112658098185037], [72.80387279472744, 21.112640412459104], [72.80350418715993, 21.112616180871978], [72.80323349878253, 21.11259708822593], [72.8029346538332, 21.112560823372924], [72.80257983918709, 21.11246706488266], [72.80257168428363, 21.112085228746047], [72.80279655096257, 21.11209331560367], [72.80330285100318, 21.11215207342079], [72.8033213593497, 21.11206567847551], [72.80333778390948, 21.111915156520226], [72.80335105821464, 21.111740351594783], [72.80335807011822, 21.11159665102056], [72.80286251328876, 21.11156881358672], [72.80279511240335, 21.11208593988119], [72.80257095483303, 21.11207864026914], [72.80253545910294, 21.111551837779526], [72.80251201212326, 21.111253441059418], [72.80530345163976, 21.111198303160176], [72.80530692248341, 21.110890440898007], [72.80527344831194, 21.110609262386713], [72.80378548636331, 21.110628601609946], [72.80379972692492, 21.11120738776698], [72.80324577286065, 21.11119218271491], [72.80324486995288, 21.110877042066882], [72.80318900512567, 21.110883428208332], [72.80317040076449, 21.110631992195266], [72.80265547531171, 21.110662496831004], [72.80264763459613, 21.1101291130444], [72.80321363255207, 21.110122268108327], [72.80314984287851, 21.109783176781946], [72.80267880226664, 21.109787572764784], [72.80272259398714, 21.109337556679506], [72.80293704689149, 21.109277164031067], [72.80293258997669, 21.10916188515558], [72.80285451043811, 21.108982292843766], [72.8028098135291, 21.10706227733067]]], [[[72.80153345266224, 21.095272496163933], [72.80144058564882, 21.095296939102756], [72.80135079187905, 21.095329982271224], [72.80126497316174, 21.09537129381388], [72.80118399138595, 21.095420458834923], [72.8011086598651, 21.095476983564865], [72.80103973516898, 21.095540300319332], [72.8009779095255, 21.095609773200092], [72.80092380386846, 21.095684704481254], [72.80087796160122, 21.09576434161637], [72.80084084313893, 21.095847884796143], [72.80081282128407, 21.095934494980884], [72.80079417748182, 21.096023302326945], [72.80078509899279, 21.09611341492257], [72.80078567701175, 21.096203927745552], [72.80091534979634, 21.098369960271977], [72.80091543973367, 21.098371440843934], [72.80092294775794, 21.09849327935098], [72.80093288383819, 21.098580589376397], [72.80095180723357, 21.098666581377685], [72.80097953910773, 21.09875044261412], [72.80101581737101, 21.09883138048228], [72.80106029915719, 21.09890863000733], [72.80111256406349, 21.098981461073233], [72.80117211812365, 21.099049185323572], [72.80123839847627, 21.099111162667636], [72.80131077868461, 21.099166807330448], [72.8013885746571, 21.09921559338936], [72.8014710511131, 21.099257059744975], [72.80155742853252, 21.09929081447943], [72.80164689052359, 21.099316538560757], [72.8017385915393, 21.099333988858323], [72.80183166486944, 21.09934300044096], [72.8019518477584, 21.099349117280532], [72.80204932064579, 21.099349439418912], [72.80214632836051, 21.09934050783057], [72.80224187588617, 21.09932241412754], [72.80233498318445, 21.099295343898405], [72.802424695248, 21.09925957480457], [72.80251009189638, 21.099215473732144], [72.80258385718295, 21.099167666786776], [72.80522481596512, 21.099101498988084], [72.80525832878328, 21.099145237575268], [72.80532006088292, 21.09921120505434], [72.80538832630866, 21.09927123636404], [72.80546248004808, 21.09932476428637], [72.80554182144952, 21.099371283051312], [72.80562560084235, 21.099410353115974], [72.80571302662058, 21.099441605317825], [72.80580327272278, 21.099464744363036], [72.80589548643769, 21.09947955161671], [72.80598879646146, 21.0994858871689], [72.8060823211311, 21.099483691156554], [72.80628665493988, 21.099469545296433], [72.80638152268511, 21.099458510448407], [72.80647475598403, 21.099438698472774], [72.8065654350659, 21.099410304819923], [72.80665266535944, 21.099373609600647], [72.80673558631823, 21.09932897482261], [72.80681337991057, 21.099276840818888], [72.80688527868979, 21.09921772190378], [72.80695057336544, 21.099152201298754], [72.80700861980047, 21.099080925378598], [72.8070588453658, 21.099004597294574], [72.80710075458916, 21.09892397003746], [72.80713393404251, 21.09883983900896], [72.807206156313, 21.098624393955955], [72.80722869782309, 21.0985445706628], [72.80723744906277, 21.098496027154212], [72.80724570469809, 21.09848985910042], [72.80731378139578, 21.09842778040219], [72.80737501056313, 21.09835971041443], [72.80742879660693, 21.098286311283648], [72.8074746163388, 21.098208296994194], [72.80751202406422, 21.098126426422976], [72.80754065591759, 21.098041495957215], [72.80756023340118, 21.0979543317476], [72.80756327190757, 21.09792829208204], [72.80768188915616, 21.097729132997397], [72.80772189442335, 21.097653951004155], [72.80775428067321, 21.09757560518317], [72.80777876755772, 21.097494773755834], [72.80779514311293, 21.097412156459754], [72.80780326559345, 21.097328468491224], [72.80780306469916, 21.097244434313875], [72.80779454218309, 21.097160781387167], [72.80775056735273, 21.096871820449437], [72.80773299993247, 21.096786171733452], [72.80770671117158, 21.09670251257605], [72.80767194624363, 21.096621623151535], [72.8076290293664, 21.096544257803426], [72.80757836077773, 21.096471138010006], [72.8075204130028, 21.09640294565616], [72.80745572644727, 21.096340316674638], [72.80738490435749, 21.096283835115816], [72.80730860719478, 21.09623402770129], [72.80711327185257, 21.09611923267285], [72.80702488227351, 21.09607316789413], [72.80693183103435, 21.096036059165154], [72.8068351450171, 21.096008316004234], [72.80673589121385, 21.095990244574473], [72.80663516495223, 21.095982044305305], [72.80653407780851, 21.095983805691766], [72.80647548798594, 21.095987722437243], [72.80647076896447, 21.095983973062896], [72.8063924769474, 21.095933309105487], [72.80630923909919, 21.09589014374801], [72.80622186815576, 21.095854898455915], [72.80559559546845, 21.09563598746649], [72.80550940464852, 21.09561011987914], [72.80440609958252, 21.095331908983454], [72.80432653639984, 21.095315201713717], [72.80424575191951, 21.095304873965958], [72.80342145091196, 21.095232702712103], [72.80335882660953, 21.095229146909958], [72.80263347908283, 21.095210196329283], [72.80262417605404, 21.09520999549049], [72.80230002239713, 21.095204468445395], [72.80222161195893, 21.09520613097038], [72.80193056752935, 21.095223455986186], [72.80187335901262, 21.095228474212636], [72.80162846024713, 21.095256898937233], [72.80153345266224, 21.095272496163933]], [[72.80199149187298, 21.096124837788107], [72.80228253805176, 21.09610751266959], [72.80260669366767, 21.096113039747504], [72.80333204557506, 21.09613199044069], [72.804156351502, 21.09620416212135], [72.8052596625456, 21.096482374612993], [72.80588593828935, 21.09670128682098], [72.80614014183692, 21.09692440259205], [72.80634767422052, 21.09690174855171], [72.80660246336244, 21.09688471597878], [72.80679779931319, 21.096999511585175], [72.806841772338, 21.09728847276572], [72.80668378258258, 21.097553735901514], [72.80657991023764, 21.097608998704448], [72.80660984215929, 21.09781185787431], [72.80641327604205, 21.09789550264415], [72.80624033985515, 21.098061959636805], [72.80628806935471, 21.09835335542731], [72.80621584589095, 21.098568800096277], [72.80601151330772, 21.098582945872522], [72.80599018792908, 21.09835755807136], [72.8058983934684, 21.09818110117122], [72.80219988447354, 21.098273769052874], [72.80200396930657, 21.09844724975362], [72.80188378714115, 21.098441132950338], [72.80187627833573, 21.09831929448507], [72.80174659166039, 21.096153262680268], [72.80199149187298, 21.096124837788107]]]]}}, {"type": "Feature", "properties": {"layer": "buffer_200m", "site": "SUR-02"}, "geometry": {"type": "MultiPolygon", "coordinates": [[[[72.80065515503675, 21.112503247313924], [72.80066820106404, 21.112680092161384], [72.80069965687906, 21.11285488558223], [72.80074921961399, 21.113025944247884], [72.80081641201994, 21.113191620791333], [72.8009005870609, 21.113350319672357], [72.80100093414293, 21.113500512543915], [72.801116486919, 21.11364075297157], [72.80124613259413, 21.113769690364162], [72.80138862264128, 21.11388608298158], [72.80154258482497, 21.113988809894305], [72.80170653641672, 21.11407688177946], [72.80187889847501, 21.114149450449467], [72.80205801105238, 21.114205817021304], [72.80241282950355, 21.114299576584248], [72.80268774842773, 21.114352287160116], [72.80298659690351, 21.114388552440584], [72.80308919847599, 21.114398389083778], [72.8033598901013, 21.114417481956085], [72.80336964727329, 21.114418146767004], [72.80373825926856, 21.11444237864136], [72.80377345670358, 21.114444388628968], [72.80409158830315, 21.1144598128499], [72.80441043767588, 21.11448987470878], [72.80454450142753, 21.114498093285974], [72.80483415454454, 21.11450634112838], [72.80502031372416, 21.11450318923545], [72.80520527768672, 21.114483177185853], [72.80538731618635, 21.114446492182328], [72.80556472634636, 21.114393477394607], [72.80573584859033, 21.114324628748868], [72.8058990821681, 21.114240590288162], [72.80605290013101, 21.114142148147106], [72.80619586361651, 21.114030223197346], [72.80632663530841, 21.113905862432603], [72.80644399194674, 21.11377022917375], [72.8066563478177, 21.113498978468336], [72.80676976895853, 21.113336455356883], [72.80693826442976, 21.113064103518802], [72.80714497428359, 21.112757808847327], [72.80722069575093, 21.11263522041801], [72.80728594448416, 21.112507440039547], [72.8074305069651, 21.112193274713334], [72.80749689495423, 21.112026979062918], [72.80754556089994, 21.11185537029749], [72.8075760345355, 21.111680106917127], [72.80758628679186, 21.111528528914384], [72.80760501838999, 21.1115002272831], [72.807690565467, 21.111356800389792], [72.80776186489462, 21.111206670682808], [72.80792621732363, 21.110813390449042], [72.80823244302321, 21.110129700947088], [72.80829637044351, 21.109965031717152], [72.80834299129624, 21.109795324383036], [72.8083718668009, 21.109622176392385], [72.80838272521656, 21.10944721757407], [72.8083754643974, 21.10927209479653], [72.80835015275197, 21.109098456465837], [72.8083192133156, 21.108976117278623], [72.80914155713276, 21.107338738363143], [72.80921108369652, 21.10718148074248], [72.80926452382278, 21.107018779234355], [72.8093014028333, 21.10685207918541], [72.80932139317306, 21.106682861458175], [72.80932431731804, 21.106512629275798], [72.80931014935038, 21.10634289486814], [72.80927901518632, 21.106175166038078], [72.80924491926362, 21.10603181669001], [72.80919429624214, 21.10585955502118], [72.80912578393232, 21.10569282962646], [72.80904005281947, 21.105533271996354], [72.80893794187571, 21.105382443476227], [72.80882045034849, 21.105241819988574], [72.80868872798135, 21.10511277759125], [72.80854406376216, 21.104996579013104], [72.80838787330957, 21.104894361298594], [72.80828630102826, 21.104834669627536], [72.80812900515436, 21.10475159968681], [72.80796410963954, 21.104682719786194], [72.80779306418441, 21.104628635488805], [72.80761737255175, 21.10458982228047], [72.80743857934729, 21.10456662138986], [72.80725825644141, 21.104559236788873], [72.80707798915157, 21.104567733399648], [72.80689936230627, 21.10459203652378], [72.80672394631353, 21.104631932498997], [72.80618410706454, 21.104780172555724], [72.806098384076, 21.10480576710067], [72.8046286600708, 21.10528034212487], [72.80447721165746, 21.105225729937832], [72.80428908383247, 21.105177715727965], [72.80409674548143, 21.105147804382693], [72.80390216947575, 21.105136302711422], [72.80370735163665, 21.105143328690136], [72.80351429026561, 21.10516881025134], [72.80332496564952, 21.10521248602323], [72.80332025599503, 21.10521381313645], [72.80266249335298, 21.105261190683265], [72.80246959065327, 21.10528432993389], [72.80228016021512, 21.1053256150738], [72.80209613534048, 21.105384624752876], [72.80191939416865, 21.105460756726306], [72.80175174050991, 21.105553234000475], [72.80159488543735, 21.10566111276201], [72.80145042982478, 21.105783292009445], [72.80131984800869, 21.10591852478892], [72.80120447274118, 21.106065430919546], [72.80110548158736, 21.106222511078496], [72.80102388490602, 21.10638816210206], [72.8009605155362, 21.106560693346747], [72.80091602029536, 21.106738343943277], [72.8008908533753, 21.106919300767583], [72.80088527170412, 21.107101716945284], [72.80092251652624, 21.108702507899142], [72.80087745264075, 21.108822581161565], [72.80083223851223, 21.10899625985357], [72.80080554207484, 21.109173281961926], [72.80076174462421, 21.109623297560756], [72.8007538175215, 21.109800712140455], [72.80075406781941, 21.109804869249924], [72.80072945512643, 21.109976754991028], [72.80072277739625, 21.11015401667614], [72.80072897530259, 21.11057601480276], [72.80067776838493, 21.110705188025644], [72.80063041585343, 21.110871793514413], [72.80060020777012, 21.111041876551496], [72.80058741943985, 21.11121388739683], [72.80059216744624, 21.11138625873956], [72.80061487053538, 21.11167523568509], [72.8006479683867, 21.11216654444402], [72.80065515503675, 21.112503247313924]], [[72.8028098135291, 21.10706227733067], [72.80367481944351, 21.106999971870295], [72.80387859271819, 21.1069425515714], [72.80408928366336, 21.10726843873694], [72.8045094809811, 21.107229156113284], [72.80672473754242, 21.10651385325402], [72.80726458252227, 21.10636561150621], [72.80736615543664, 21.106425303778437], [72.80740024964558, 21.10656865349772], [72.80623144010758, 21.108895818714025], [72.80645778373865, 21.109429788467374], [72.80614253828024, 21.110133597053004], [72.80596968957802, 21.110547196298796], [72.80581905947015, 21.110774779702528], [72.80553748115827, 21.111181233108752], [72.80566315835895, 21.111477206459906], [72.80551859285194, 21.111791370306086], [72.80529202876143, 21.112127078757013], [72.80510490181044, 21.112429540701847], [72.80489254464153, 21.11270078949861], [72.80460289502474, 21.112692541754082], [72.80423757187253, 21.112658098185037], [72.80387279472744, 21.112640412459104], [72.80350418715993, 21.112616180871978], [72.80323349878253, 21.11259708822593], [72.8029346538332, 21.112560823372924], [72.80257983918709, 21.11246706488266], [72.80257168428363, 21.112085228746047], [72.80279655096257, 21.11209331560367], [72.80330285100318, 21.11215207342079], [72.8033213593497, 21.11206567847551], [72.80333778390948, 21.111915156520226], [72.80335105821464, 21.111740351594783], [72.80335807011822, 21.11159665102056], [72.80286251328876, 21.11156881358672], [72.80279511240335, 21.11208593988119], [72.80257095483303, 21.11207864026914], [72.80253545910294, 21.111551837779526], [72.80251201212326, 21.111253441059418], [72.80530345163976, 21.111198303160176], [72.80530692248341, 21.110890440898007], [72.80527344831194, 21.110609262386713], [72.80378548636331, 21.110628601609946], [72.80379972692492, 21.11120738776698], [72.80324577286065, 21.11119218271491], [72.80324486995288, 21.110877042066882], [72.80318900512567, 21.110883428208332], [72.80317040076449, 21.110631992195266], [72.80265547531171, 21.110662496831004], [72.80264763459613, 21.1101291130444], [72.80321363255207, 21.110122268108327], [72.80314984287851, 21.109783176781946], [72.80267880226664, 21.109787572764784], [72.80272259398714, 21.109337556679506], [72.80293704689149, 21.109277164031067], [72.80293258997669, 21.10916188515558], [72.80285451043811, 21.108982292843766], [72.8028098135291, 21.10706227733067]]], [[[72.80132031617732, 21.09439172928839], [72.8011345831455, 21.094440614886782], [72.80095499646033, 21.09450670085871], [72.8007833597053, 21.094589323507847], [72.80062139663126, 21.09468765306009], [72.80047073384593, 21.09480070199612], [72.80033288447858, 21.094927334968155], [72.80020923298406, 21.095066280201237], [72.80010102123825, 21.09521614226476], [72.80000933606522, 21.09537541608582], [72.79993509832083, 21.095542502063832], [72.7998790536429, 21.095715722134695], [72.79984176496053, 21.095893336623064], [72.79982360683822, 21.096073561713652], [72.7998247617113, 21.09625458736601], [72.79995442060506, 21.098420620613805], [72.79995460046075, 21.098423581758716], [72.79996210770385, 21.098545420307534], [72.79998197875956, 21.09872004046836], [72.80001982451247, 21.098892024677298], [72.80007528732904, 21.09905974744514], [72.80014784306512, 21.09922162355387], [72.80023680601805, 21.099376123039796], [72.80034133540568, 21.099521785654417], [72.80046044331142, 21.09965723466666], [72.80059300402071, 21.099781189875838], [72.8007377646598, 21.09989247971233], [72.8008933570372, 21.099990052311572], [72.80105831057536, 21.100072985456617], [72.80123106621043, 21.100140495295367], [72.80140999112886, 21.100191943749927], [72.80159339420135, 21.100226844548057], [72.80177954196813, 21.10024486781972], [72.8018997255807, 21.100250984695595], [72.80209467253286, 21.10025162897619], [72.80228868911723, 21.100233765694007], [72.80247978525382, 21.100197578077474], [72.80266600082157, 21.100143437312344], [72.80284542576598, 21.100071898734008], [72.80286021891756, 21.100064259161368], [72.80484146024794, 21.100014621159044], [72.80491344133489, 21.100066580858112], [72.80507212463336, 21.10015961885621], [72.80523968410156, 21.100237759400752], [72.80541453650183, 21.10030026415105], [72.80559502967944, 21.10034654250632], [72.80577945817511, 21.100376157186865], [72.80596607934112, 21.100388828366178], [72.80615312980912, 21.10038443631538], [72.80635746484353, 21.10037029037138], [72.80654720145381, 21.100348220545307], [72.80673366909367, 21.10030859636467], [72.8069150281808, 21.10025180873928], [72.80708948953615, 21.1001784179033], [72.80725533203668, 21.100089147887697], [72.80741091959602, 21.09998487937673], [72.80755471730613, 21.099866641018814], [72.80768530658005, 21.09973559927765], [72.80780139914685, 21.099593046923726], [72.80790184976028, 21.099440390279796], [72.80798566749606, 21.099279135346134], [72.80805202552622, 21.09911087294264], [72.80810829567635, 21.098943011378186], [72.8081401845805, 21.09890755946649], [72.80824775625767, 21.098760760711357], [72.80833939510906, 21.09860473168562], [72.80841420976937, 21.09844099016035], [72.80847147253807, 21.09827112892488], [72.8084774164835, 21.098244664170586], [72.8085220109316, 21.0981697890441], [72.80860202081595, 21.098019424659018], [72.8086667925168, 21.09786273268079], [72.80871576536576, 21.097701069563843], [72.80874851546669, 21.097535834792453], [72.8087647593638, 21.097368458765384], [72.80876435649341, 21.09720039041301], [72.80874731039916, 21.097033084654182], [72.80870333376326, 21.09674412395929], [72.80866819788032, 21.096572826719513], [72.80861561941555, 21.09640550868563], [72.80854608875124, 21.09624373019572], [72.80846025435295, 21.096088999923534], [72.80835891672035, 21.09594276080978], [72.80824302092077, 21.09580637660667], [72.8081136477748, 21.095681119160925], [72.80797200377643, 21.095568156554034], [72.80781940984154, 21.095468542210195], [72.80762407510788, 21.095353747759695], [72.80744729659519, 21.095261618680023], [72.80726119496434, 21.095187401627257], [72.80706782394209, 21.095131915620122], [72.80686931746797, 21.095095772971018], [72.80674543158942, 21.095085687272395], [72.80673253531229, 21.095078999541233], [72.80655779421585, 21.09500850934125], [72.80593152458488, 21.094789599570344], [72.80575914383527, 21.094737864688], [72.80465584474668, 21.09445965538822], [72.8044967192724, 21.09442624104227], [72.80433515126087, 21.094405585668195], [72.80351085517253, 21.094333414841135], [72.8033856073204, 21.094326303278976], [72.80266026417421, 21.094307352810812], [72.80264165822905, 21.094306951135586], [72.80231750653108, 21.09430142412333], [72.80216068660133, 21.09430474915357], [72.80186964392088, 21.094322074066667], [72.80175522756988, 21.09433211046024], [72.80151033025145, 21.094360535017273], [72.80132031617732, 21.09439172928839]], [[72.80199149187298, 21.096124837788107], [72.80228253805176, 21.09610751266959], [72.80260669366767, 21.096113039747504], [72.80333204557506, 21.09613199044069], [72.804156351502, 21.09620416212135], [72.8052596625456, 21.096482374612993], [72.80588593828935, 21.09670128682098], [72.80614014183692, 21.09692440259205], [72.80634767422052, 21.09690174855171], [72.80660246336244, 21.09688471597878], [72.80679779931319, 21.096999511585175], [72.806841772338, 21.09728847276572], [72.80668378258258, 21.097553735901514], [72.80657991023764, 21.097608998704448], [72.80660984215929, 21.09781185787431], [72.80641327604205, 21.09789550264415], [72.80624033985515, 21.098061959636805], [72.80628806935471, 21.09835335542731], [72.80621584589095, 21.098568800096277], [72.80601151330772, 21.098582945872522], [72.80599018792908, 21.09835755807136], [72.8058983934684, 21.09818110117122], [72.80219988447354, 21.098273769052874], [72.80200396930657, 21.09844724975362], [72.80188378714115, 21.098441132950338], [72.80187627833573, 21.09831929448507], [72.80174659166039, 21.096153262680268], [72.80199149187298, 21.096124837788107]]]]}}, {"type": "Feature", "properties": {"layer": "river", "name": "", "osm": "way/34134674", "distance_m": 677.3}, "geometry": {"type": "LineString", "coordinates": [[72.80627170322255, 21.135234447085903], [72.8066701, 21.133707700000002], [72.8065972, 21.1330724], [72.8063782, 21.132187399999996], [72.8064634, 21.13158610000001], [72.806731, 21.130848600000007], [72.8066458, 21.1303153], [72.8061106, 21.129782099999996], [72.8059281, 21.129180699999996], [72.8062079, 21.128499999999995], [72.8072297, 21.126298799999997], [72.8077041, 21.125311699999994], [72.8081541, 21.125220899999995], [72.8084947, 21.125425199999995], [72.8087501, 21.125935699999996], [72.8088231, 21.126446300000005], [72.8090421, 21.126866099999994], [72.8092877, 21.127005300000004], [72.8095255, 21.126928800000005], [72.8098109, 21.126667100000002], [72.8099179, 21.1262875], [72.8098206, 21.125232299999997], [72.8096016, 21.124415299999995], [72.8090786, 21.12404089999999], [72.8084217, 21.1239388], [72.8074486, 21.123836699999995], [72.8067918, 21.123439499999993], [72.80648770000002, 21.1230538], [72.8065728, 21.1226226], [72.8072662, 21.121975800000005], [72.8078744, 21.121170200000005], [72.8082758, 21.1199561], [72.8091394, 21.118367599999992], [72.8105139, 21.116699599999993], [72.8114383, 21.115689699999997], [72.812302, 21.115496800000003], [72.8131656, 21.1155649], [72.8140292, 21.115553599999995], [72.8145887, 21.115065599999998], [72.8147955, 21.114305399999996], [72.8143576, 21.1134997], [72.8130561, 21.112614699999998], [72.8123263, 21.112115399999997], [72.8125817, 21.111559399999997], [72.8131413, 21.111150799999997], [72.814759, 21.1108558], [72.8164255, 21.110413300000005], [72.8176297, 21.109653], [72.8186028, 21.1088019], [72.8188391, 21.1084597], [72.81893230000001, 21.108189300000003], [72.81896640000001, 21.107949600000005]]}}, {"type": "Feature", "properties": {"layer": "pond", "name": "", "osm": "way/34135095", "distance_m": 1299.1}, "geometry": {"type": "Polygon", "coordinates": [[[72.81791000000001, 21.117219299999995], [72.81787890000001, 21.1170044], [72.8181156, 21.116615099999997], [72.8182028, 21.116440799999996], [72.8180782, 21.1163595], [72.8176547, 21.1164176], [72.81717519999998, 21.11642339999999], [72.8169696, 21.1165047], [72.81687, 21.116725499999998], [72.81678280000001, 21.1169579], [72.8172499, 21.117167000000002], [72.8175862, 21.117242599999994], [72.8175737, 21.1173878], [72.8177668, 21.117509800000004], [72.8180035, 21.117858400000003], [72.8182401, 21.117724799999994], [72.81791000000001, 21.117219299999995]]]}}, {"type": "Feature", "properties": {"layer": "pond", "name": "", "osm": "way/1429063569", "distance_m": 158.1}, "geometry": {"type": "Polygon", "coordinates": [[[72.7983299, 21.112788500000004], [72.7984326, 21.111137399999993], [72.79847, 21.111059], [72.7985587, 21.1110154], [72.7989557, 21.1108847], [72.7993853, 21.110815000000006], [72.7995721, 21.1108063], [72.7996842, 21.1108629], [72.7997869, 21.110980499999997], [72.7999317, 21.111207099999998], [72.8000298, 21.1113552], [72.8001746, 21.1114118], [72.8002913, 21.111302900000002], [72.8003473, 21.1112681], [72.8004968, 21.1113901], [72.8007957, 21.111629699999998], [72.8009124, 21.111747300000005], [72.8010198, 21.1116863], [72.8003707, 21.111159199999996], [72.7991238, 21.1099045], [72.7989463, 21.1098827], [72.7983252, 21.109874], [72.7981011, 21.109956699999998], [72.7981011, 21.110139699999998], [72.7981151, 21.11035319999999], [72.7982599, 21.110440300000004], [72.7984934, 21.110636400000004], [72.7984747, 21.110832399999996], [72.7983719, 21.110954400000004], [72.7983719, 21.1110154], [72.7982318, 21.11278419999999], [72.7983299, 21.112788500000004]]]}}, {"type": "Feature", "properties": {"layer": "highway", "name": "Surat Hazira Bypass", "osm": "way/34135094", "distance_m": 980.7}, "geometry": {"type": "LineString", "coordinates": [[72.8307588580456, 21.111947814512163], [72.83050090000002, 21.112002700000005], [72.8297901, 21.112195399999994], [72.8293261, 21.112330499999995], [72.82861660000002, 21.112643299999995], [72.8279867, 21.112989899999995], [72.82788670000001, 21.113053600000004], [72.8256555, 21.114474899999998], [72.82518880000002, 21.114740099999995], [72.8251061, 21.1147833], [72.82490660000002, 21.114887500000002], [72.82425, 21.115230499999992], [72.8225124, 21.116045799999995], [72.819467, 21.1174401], [72.8184538, 21.1179308], [72.8182516, 21.1180187], [72.8175404, 21.1183281], [72.8163978, 21.1187947], [72.8156817, 21.119089999999993], [72.8144988, 21.1195954], [72.8134125, 21.120105799999997], [72.8129431, 21.1202834], [72.8123665, 21.120441099999997], [72.8118139, 21.120533599999998], [72.8113526, 21.120576199999995], [72.80976480000001, 21.120607000000003], [72.8091666, 21.1205987]]}}, {"type": "Feature", "properties": {"layer": "highway", "name": "NH53", "osm": "way/34135096", "distance_m": 905.5}, "geometry": {"type": "LineString", "coordinates": [[72.8091666, 21.1205987], [72.807376, 21.120540399999996]]}}, {"type": "Feature", "properties": {"layer": "highway", "name": "Hajir Sachin Bypass Road", "osm": "way/34135097", "distance_m": 861.2}, "geometry": {"type": "LineString", "coordinates": [[72.807376, 21.120540399999996], [72.8040415, 21.120460899999998], [72.8037298, 21.120464500000008], [72.8035606, 21.120466499999992], [72.8028876, 21.1204811], [72.80278880000002, 21.120487399999995], [72.8021177, 21.120501100000002], [72.8001061, 21.120478599999995], [72.7975768, 21.120316], [72.795844, 21.1201783], [72.7942642, 21.1200783], [72.793435, 21.120050999999997], [72.7930218, 21.120039600000002], [72.7921325, 21.119985000000003], [72.7919985, 21.119972899999997], [72.7905775, 21.1199344], [72.7890849, 21.119885599999996], [72.7882969, 21.119855], [72.7862498, 21.1197755], [72.7845144, 21.119718], [72.7833852, 21.1196754], [72.783335, 21.119674500000002], [72.7827093, 21.1196629], [72.78225060000001, 21.1196954], [72.781856, 21.119733900000004], [72.7816605, 21.119752999999992], [72.7810127, 21.119854299999997], [72.78033820000002, 21.120014399999995], [72.77996866455234, 21.120123909731518]]}}, {"type": "Feature", "properties": {"layer": "highway", "name": "NH53", "osm": "way/552218068", "distance_m": 990.9}, "geometry": {"type": "LineString", "coordinates": [[72.8091756, 21.1206974], [72.8099042, 21.120712199999993], [72.8114627, 21.120676699999997], [72.8117731, 21.120653100000002], [72.8123528, 21.1205526], [72.8127551, 21.120463999999995], [72.8134013, 21.120230500000005], [72.8162997, 21.118962899999996], [72.81647460000002, 21.1188907], [72.8182953, 21.118138500000004], [72.8183098, 21.118131500000004], [72.8191553, 21.117721199999988], [72.8194769, 21.117565199999998], [72.8225622, 21.116140899999994], [72.82271919999998, 21.1160667], [72.8243424, 21.115298799999994], [72.8251089, 21.114905399999994], [72.8251808, 21.114868499999996], [72.8252579, 21.1148289], [72.8255525, 21.114657500000003], [72.8278552, 21.113221899999996], [72.8279624, 21.113164399999995], [72.828693, 21.112743300000005], [72.8294046, 21.112446899999995], [72.8305055, 21.1121305], [72.83072990826953, 21.112078757155015]]}}, {"type": "Feature", "properties": {"layer": "highway", "name": "NH53", "osm": "way/552218070", "distance_m": 874.8}, "geometry": {"type": "LineString", "coordinates": [[72.78000988649082, 21.12022558589097], [72.7805684, 21.120073899999994], [72.7806635, 21.12005359999999], [72.781259, 21.11992619999999], [72.7820319, 21.119822799999998], [72.7827193, 21.119781399999997], [72.7833496, 21.11978139999999], [72.7881261, 21.1199584], [72.7919921, 21.120081100000004], [72.7921199, 21.1200869], [72.794408, 21.120183299999997], [72.799945, 21.1205822], [72.8021181, 21.120629499999993], [72.8035582, 21.120598799999996], [72.8040598, 21.120588099999996], [72.8073891, 21.120647199999997]]}}, {"type": "Feature", "properties": {"layer": "highway", "name": "NH53", "osm": "way/552218071", "distance_m": 917.2}, "geometry": {"type": "LineString", "coordinates": [[72.8073891, 21.120647199999997], [72.8091756, 21.1206974]]}}, {"type": "Feature", "properties": {"layer": "park", "name": "", "osm": "way/1487311668", "distance_m": 1214.1}, "geometry": {"type": "Polygon", "coordinates": [[[72.7930754, 21.1197852], [72.7931009, 21.119832699999993], [72.7931478, 21.119870199999998], [72.7932042, 21.119884], [72.7932511, 21.119882699999994], [72.7932967, 21.1198752], [72.7933369, 21.1198577], [72.7933691, 21.119830199999996], [72.7933865, 21.1197889], [72.7933825, 21.1192322], [72.7930781, 21.11922600000001], [72.7930754, 21.1197852]]]}}, {"type": "Feature", "properties": {"layer": "residential", "name": "", "osm": "way/638207557", "distance_m": 1791.9}, "geometry": {"type": "Polygon", "coordinates": [[[72.7883093, 21.1255592], [72.789795, 21.1256144], [72.7899761, 21.124338800000007], [72.7891446, 21.122746099999997], [72.788775, 21.1221703], [72.7877549, 21.122101399999995], [72.7871783, 21.1246043], [72.7883093, 21.1255592]]]}}, {"type": "Feature", "properties": {"layer": "residential", "name": "", "osm": "way/1238631803", "distance_m": 1007.9}, "geometry": {"type": "Polygon", "coordinates": [[[72.7885848, 21.1174015], [72.7893619, 21.117896399999996], [72.7897952, 21.117868500000004], [72.7903033, 21.1176733], [72.7905648, 21.118007900000006], [72.7910431, 21.117645399999997], [72.7909459, 21.115756499999996], [72.7912299, 21.115631], [72.7923805, 21.1157704], [72.7926122, 21.115693799999995], [72.7930082, 21.113951199999992], [72.7922162, 21.113546900000003], [72.7913868, 21.113100799999994], [72.7905723, 21.1138187], [72.7886969, 21.113177499999992], [72.78859969999999, 21.112926500000007], [72.7879123, 21.112856800000003], [72.7878002, 21.113156600000003], [72.7879571, 21.114216099999993], [72.7877778, 21.114961899999994], [72.7885773, 21.115150100000005], [72.7885773, 21.1159726], [72.7876657, 21.116000500000002], [72.7876732, 21.117394499999996], [72.7885848, 21.1174015]]]}}, {"type": "Feature", "properties": {"layer": "stream_canal", "name": "", "osm": "way/34134534", "distance_m": 1581.0}, "geometry": {"type": "LineString", "coordinates": [[72.83081838398694, 21.098914932968366], [72.8306156, 21.098902700000004], [72.8303334, 21.099075200000005], [72.8300901, 21.099383899999996], [72.8298274, 21.0994929], [72.8296328, 21.099383899999996], [72.8294674, 21.0989663], [72.8291949, 21.09870300000001], [72.8282218, 21.0981674], [72.8275114, 21.0975046], [72.82707350000001, 21.097332099999996], [72.8268497, 21.0974229], [72.8268303, 21.097631700000004], [72.82692760000002, 21.0980221], [72.82689840000002, 21.098339899999996], [72.82668430000001, 21.0985305], [72.8262659, 21.0984125], [72.8260518, 21.0981674], [72.8261296, 21.097631700000004], [72.8266162, 21.096496900000005], [72.826986, 21.095970299999998], [72.8276574, 21.0956707], [72.8281245, 21.0952712], [72.828611, 21.094599399999996], [72.8290295, 21.094199900000007], [72.8292533, 21.0939639], [72.82921440000001, 21.093745999999992], [72.8286694, 21.0935916], [72.82820230000002, 21.093746], [72.82732650000001, 21.094027400000005], [72.82646050000001, 21.0941818], [72.8257696, 21.094445099999998], [72.8254971, 21.0946811], [72.8252052, 21.094726499999993], [72.82488410000002, 21.0944632], [72.8246797, 21.093936599999996], [72.8244754, 21.0936915], [72.8242223, 21.093600699999996], [72.8237066, 21.093800500000004], [72.8232298, 21.093791400000004], [72.8229184, 21.093727800000003], [72.8227724, 21.0935463], [72.822967, 21.093273900000003], [72.8233952, 21.0927745], [72.82365800000001, 21.092175299999994], [72.82394990000002, 21.09203009999999], [72.8241348, 21.0921118], [72.824271, 21.092393200000004], [72.8244559, 21.0926747], [72.8247867, 21.092756399999995], [72.8251176, 21.0925657], [72.82522460000001, 21.09216620000001], [72.8249327, 21.09168499999999], [72.8243975, 21.091049500000004], [72.8237942, 21.0906954], [72.8230352, 21.0905774], [72.8226654, 21.0906773], [72.8225, 21.090986], [72.8225681, 21.091530699999996], [72.8226654, 21.0919029], [72.82244159999999, 21.092229800000005], [72.82194530000001, 21.0924023], [72.82129329999998, 21.092656500000004]]}}, {"type": "Feature", "properties": {"layer": "stream_canal", "name": "", "osm": "way/34206549", "distance_m": 1647.2}, "geometry": {"type": "LineString", "coordinates": [[72.81313563110236, 21.133907070158827], [72.8132199, 21.1336711], [72.8131307, 21.1332549], [72.81288080000002, 21.1328471], [72.8126399, 21.132822099999995], [72.81222940000002, 21.132672299999992], [72.81201520000002, 21.132355999999998], [72.8117386, 21.131889799999993], [72.81162260000002, 21.131215599999997], [72.8108819, 21.130216799999996], [72.8104089, 21.128543699999998], [72.8099806, 21.127994300000005], [72.8096504, 21.127270100000004], [72.8095255, 21.126928800000005]]}}, {"type": "Feature", "properties": {"layer": "nonresidential_zone"}, "geometry": {"type": "MultiPolygon", "coordinates": [[[[72.8047275, 21.1129805], [72.8042533, 21.1136144], [72.8046355, 21.113871900000003], [72.8048125, 21.1136805], [72.8067095, 21.11208909999999], [72.8080756, 21.109348700000005], [72.80980980000001, 21.108761], [72.8098948, 21.1083714], [72.8101071, 21.108285499999997], [72.8122165, 21.107044099999996], [72.811268, 21.105697], [72.81073709999998, 21.105195099999992], [72.81008590000002, 21.104772499999992], [72.80946130000001, 21.104551100000002], [72.80943610000001, 21.104476000000002], [72.80935060000002, 21.104500900000005], [72.8092754, 21.1045221], [72.8058388, 21.11133630000001], [72.8054283, 21.111956999999993], [72.8047134, 21.11289470000001], [72.8047275, 21.1129805]]], [[[72.79645940000002, 21.1122193], [72.7965214, 21.107628599999995], [72.7937014, 21.107565], [72.7936104, 21.112152500000008], [72.79645940000002, 21.1122193]]]]}}, {"type": "Feature", "properties": {"layer": "building", "distance_m": 412.1, "source": "Microsoft ML Buildings", "in_industrial_zone": false, "ghsl_2018": 1}, "geometry": {"type": "Polygon", "coordinates": [[[72.8000148, 21.0927583], [72.8000627, 21.0926598], [72.8001161, 21.092682299999996], [72.8000682, 21.0927809], [72.8000148, 21.0927583]]]}}, {"type": "Feature", "properties": {"layer": "building", "distance_m": 422.6, "source": "Google Open Buildings", "in_industrial_zone": false, "ghsl_2018": 0}, "geometry": {"type": "Polygon", "coordinates": [[[72.799957, 21.09269110000001], [72.7999289, 21.0927386], [72.7999069, 21.0927271], [72.799935, 21.0926796], [72.799957, 21.09269110000001]]]}}, {"type": "Feature", "properties": {"layer": "building", "distance_m": 498.8, "source": "Microsoft ML Buildings", "in_industrial_zone": false, "ghsl_2018": 0}, "geometry": {"type": "Polygon", "coordinates": [[[72.7979196, 21.109106700000005], [72.7979181, 21.109169199999997], [72.7976205, 21.10916299999999], [72.797622, 21.10910050000001], [72.7979196, 21.109106700000005]]]}}, {"type": "Feature", "properties": {"layer": "building", "distance_m": 497.2, "source": "Microsoft ML Buildings", "in_industrial_zone": false, "ghsl_2018": 0}, "geometry": {"type": "Polygon", "coordinates": [[[72.79762920000002, 21.109274499999994], [72.79791850000001, 21.1092843], [72.7979162, 21.109343299999995], [72.7976269, 21.109333499999995], [72.79762920000002, 21.109274499999994]]]}}, {"type": "Feature", "properties": {"layer": "building", "distance_m": 496.6, "source": "Microsoft ML Buildings", "in_industrial_zone": false, "ghsl_2018": 0}, "geometry": {"type": "Polygon", "coordinates": [[[72.7976188, 21.109425800000004], [72.7976207, 21.1093658], [72.7979155, 21.1093736], [72.7979136, 21.109433600000006], [72.7976188, 21.109425800000004]]]}}, {"type": "Feature", "properties": {"layer": "building", "distance_m": 496.0, "source": "Microsoft ML Buildings", "in_industrial_zone": false, "ghsl_2018": 0}, "geometry": {"type": "Polygon", "coordinates": [[[72.7976151, 21.1094607], [72.7979128, 21.109457599999995], [72.7979135, 21.109520199999995], [72.7976158, 21.1095232], [72.7976151, 21.1094607]]]}}, {"type": "Feature", "properties": {"layer": "building", "distance_m": 495.4, "source": "Microsoft ML Buildings", "in_industrial_zone": false, "ghsl_2018": 0}, "geometry": {"type": "Polygon", "coordinates": [[[72.7979107, 21.1096161], [72.7976121, 21.109606799999998], [72.7976143, 21.109544300000003], [72.797913, 21.1095536], [72.7979107, 21.1096161]]]}}, {"type": "Feature", "properties": {"layer": "building", "distance_m": 494.3, "source": "Microsoft ML Buildings", "in_industrial_zone": false, "ghsl_2018": 1}, "geometry": {"type": "Polygon", "coordinates": [[[72.7979115, 21.109703800000002], [72.7976125, 21.109698699999992], [72.7976137, 21.1096376], [72.7979126, 21.1096427], [72.7979115, 21.109703800000002]]]}}, {"type": "Feature", "properties": {"layer": "building", "distance_m": 493.7, "source": "Microsoft ML Buildings", "in_industrial_zone": false, "ghsl_2018": 0}, "geometry": {"type": "Polygon", "coordinates": [[[72.79761, 21.109787799999996], [72.79761150000002, 21.109725299999994], [72.7979105, 21.1097318], [72.7979089, 21.1097943], [72.79761, 21.109787799999996]]]}}, {"type": "Feature", "properties": {"layer": "building", "distance_m": 492.9, "source": "Microsoft ML Buildings", "in_industrial_zone": false, "ghsl_2018": 0}, "geometry": {"type": "Polygon", "coordinates": [[[72.7976113, 21.109906599999995], [72.7979075, 21.1099134], [72.7979059, 21.10997589999999], [72.7976097, 21.1099691], [72.7976113, 21.109906599999995]]]}}, {"type": "Feature", "properties": {"layer": "building", "distance_m": 493.8, "source": "Microsoft ML Buildings", "in_industrial_zone": false, "ghsl_2018": 0}, "geometry": {"type": "Polygon", "coordinates": [[[72.7976086, 21.1098794], [72.7976094, 21.1098169], [72.797903, 21.10982], [72.7979022, 21.1098826], [72.7976086, 21.1098794]]]}}, {"type": "Feature", "properties": {"layer": "building", "distance_m": 492.7, "source": "Microsoft ML Buildings", "in_industrial_zone": false, "ghsl_2018": 0}, "geometry": {"type": "Polygon", "coordinates": [[[72.7976064, 21.110152899999996], [72.7976075, 21.1100879], [72.7979052, 21.110092399999996], [72.797904, 21.1101574], [72.7976064, 21.110152899999996]]]}}, {"type": "Feature", "properties": {"layer": "building", "distance_m": 492.8, "source": "Microsoft ML Buildings", "in_industrial_zone": false, "ghsl_2018": 0}, "geometry": {"type": "Polygon", "coordinates": [[[72.7976137, 21.1100566], [72.7976149, 21.110001499999996], [72.7979058, 21.110006999999996], [72.7979046, 21.110062], [72.7976137, 21.1100566]]]}}, {"type": "Feature", "properties": {"layer": "building", "distance_m": 488.3, "source": "Google Open Buildings", "in_industrial_zone": false, "ghsl_2018": 0}, "geometry": {"type": "Polygon", "coordinates": [[[72.7975966, 21.110342099999993], [72.7978994, 21.11034559999999], [72.7978985, 21.110411200000005], [72.7975958, 21.110407699999996], [72.7975966, 21.110342099999993]]]}}, {"type": "Feature", "properties": {"layer": "building", "distance_m": 486.1, "source": "Google Open Buildings", "in_industrial_zone": false, "ghsl_2018": 0}, "geometry": {"type": "Polygon", "coordinates": [[[72.7976002, 21.110431699999996], [72.7979039, 21.110435999999996], [72.7979029, 21.1104997], [72.7975992, 21.1104954], [72.7976002, 21.110431699999996]]]}}, {"type": "Feature", "properties": {"layer": "building", "distance_m": 495.2, "source": "Microsoft ML Buildings", "in_industrial_zone": false, "ghsl_2018": 1}, "geometry": {"type": "Polygon", "coordinates": [[[72.7977026, 21.112215099999997], [72.7978045, 21.112217600000005], [72.7978022, 21.112299000000004], [72.7977003, 21.1122966], [72.7977026, 21.112215099999997]]]}}, {"type": "Feature", "properties": {"layer": "building", "distance_m": 492.2, "source": "Microsoft ML Buildings", "in_industrial_zone": false, "ghsl_2018": 1}, "geometry": {"type": "Polygon", "coordinates": [[[72.7977992, 21.111828999999997], [72.7977685, 21.111827800000007], [72.7977715, 21.111763899999993], [72.7978022, 21.1117652], [72.7977992, 21.111828999999997]]]}}, {"type": "Feature", "properties": {"layer": "building", "distance_m": 492.2, "source": "Microsoft ML Buildings", "in_industrial_zone": false, "ghsl_2018": 1}, "geometry": {"type": "Polygon", "coordinates": [[[72.7977429, 21.1120191], [72.7977397, 21.111848999999992], [72.7978082, 21.111847900000004], [72.7978114, 21.112018000000003], [72.7977429, 21.1120191]]]}}, {"type": "Feature", "properties": {"layer": "building", "distance_m": 466.8, "source": "OpenStreetMap", "in_industrial_zone": false, "ghsl_2018": 1}, "geometry": {"type": "Polygon", "coordinates": [[[72.7978578, 21.111827600000005], [72.7978196, 21.111827], [72.7978409, 21.110544699999995], [72.7978778, 21.1105456], [72.7979113, 21.110546399999997], [72.7979557, 21.110547500000003], [72.7979918, 21.1105475], [72.7980299, 21.110547399999994], [72.7980088, 21.11182979999999], [72.7979744, 21.111829300000004], [72.7979342, 21.1118287], [72.7978966, 21.111828099999997], [72.7978578, 21.111827600000005]]]}}, {"type": "Feature", "properties": {"layer": "building", "distance_m": 498.1, "source": "Microsoft ML Buildings", "in_industrial_zone": false, "ghsl_2018": 0}, "geometry": {"type": "Polygon", "coordinates": [[[72.7978328, 21.1091962], [72.7979146, 21.109193499999996], [72.7979168, 21.109251000000004], [72.797835, 21.1092537], [72.7978328, 21.1091962]]]}}, {"type": "Feature", "properties": {"layer": "building", "distance_m": 473.4, "source": "Google Open Buildings", "in_industrial_zone": false, "ghsl_2018": 1}, "geometry": {"type": "Polygon", "coordinates": [[[72.7980982, 21.1092833], [72.7981318, 21.1092838], [72.798127, 21.109583899999997], [72.7980935, 21.109583500000003], [72.7980982, 21.1092833]]]}}, {"type": "Feature", "properties": {"layer": "building", "distance_m": 469.9, "source": "Google Open Buildings", "in_industrial_zone": false, "ghsl_2018": 0}, "geometry": {"type": "Polygon", "coordinates": [[[72.7980943, 21.1097563], [72.7981407, 21.1097683], [72.7981343, 21.109789999999997], [72.7980879, 21.109778000000002], [72.7980943, 21.1097563]]]}}, {"type": "Feature", "properties": {"layer": "building", "distance_m": 468.0, "source": "Google Open Buildings", "in_industrial_zone": false, "ghsl_2018": 1}, "geometry": {"type": "Polygon", "coordinates": [[[72.7981512, 21.1092834], [72.7981802, 21.1092838], [72.7981746, 21.1096314], [72.7981455, 21.109630999999997], [72.7981512, 21.1092834]]]}}, {"type": "Feature", "properties": {"layer": "building", "distance_m": 464.7, "source": "Google Open Buildings", "in_industrial_zone": false, "ghsl_2018": 1}, "geometry": {"type": "Polygon", "coordinates": [[[72.7981793, 21.1094508], [72.7982112, 21.109451299999996], [72.7982083, 21.109617599999996], [72.7981763, 21.109617099999998], [72.7981793, 21.1094508]]]}}, {"type": "Feature", "properties": {"layer": "building", "distance_m": 456.7, "source": "Google Open Buildings", "in_industrial_zone": false, "ghsl_2018": 0}, "geometry": {"type": "Polygon", "coordinates": [[[72.7981365, 21.108759], [72.798345, 21.108960199999995], [72.7982952, 21.109005599999996], [72.7980867, 21.1088044], [72.7981365, 21.108759]]]}}, {"type": "Feature", "properties": {"layer": "building", "distance_m": 458.7, "source": "Google Open Buildings", "in_industrial_zone": false, "ghsl_2018": 1}, "geometry": {"type": "Polygon", "coordinates": [[[72.798234, 21.1089894], [72.7983157, 21.109066099999996], [72.7982705, 21.1091085], [72.7981888, 21.109031799999997], [72.798234, 21.1089894]]]}}, {"type": "Feature", "properties": {"layer": "building", "distance_m": 442.2, "source": "Google Open Buildings", "in_industrial_zone": false, "ghsl_2018": 0}, "geometry": {"type": "Polygon", "coordinates": [[[72.7984152, 21.1090353], [72.798473, 21.1090921], [72.7984287, 21.1091318], [72.7983708, 21.109075], [72.7984152, 21.1090353]]]}}, {"type": "Feature", "properties": {"layer": "building", "distance_m": 448.4, "source": "Microsoft ML Buildings", "in_industrial_zone": false, "ghsl_2018": 1}, "geometry": {"type": "Polygon", "coordinates": [[[72.79828220000002, 21.1091418], [72.7983346, 21.109094299999995], [72.7984056, 21.109162399999995], [72.7983533, 21.1092099], [72.79828220000002, 21.1091418]]]}}, {"type": "Feature", "properties": {"layer": "building", "distance_m": 442.8, "source": "Google Open Buildings", "in_industrial_zone": false, "ghsl_2018": 1}, "geometry": {"type": "Polygon", "coordinates": [[[72.7983468, 21.109312500000005], [72.79841200000001, 21.109312399999997], [72.7984127, 21.1096791], [72.7983438, 21.109679299999993], [72.79834370000002, 21.109628099999995], [72.7983474, 21.1096281], [72.7983468, 21.109312500000005]]]}}, {"type": "Feature", "properties": {"layer": "building", "distance_m": 278.7, "source": "Google Open Buildings", "in_industrial_zone": false, "ghsl_2018": 0}, "geometry": {"type": "Polygon", "coordinates": [[[72.7997876, 21.111075200000005], [72.7998258, 21.1110664], [72.7998343, 21.111098700000003], [72.799796, 21.111107500000006], [72.7997876, 21.111075200000005]]]}}, {"type": "Feature", "properties": {"layer": "building", "distance_m": 417.9, "source": "Google Open Buildings", "in_industrial_zone": false, "ghsl_2018": 0}, "geometry": {"type": "Polygon", "coordinates": [[[72.7984926, 21.1090865], [72.798687, 21.109303999999998], [72.7986321, 21.109347200000002], [72.79843770000001, 21.1091297], [72.7984926, 21.1090865]]]}}, {"type": "Feature", "properties": {"layer": "building", "distance_m": 431.9, "source": "Google Open Buildings", "in_industrial_zone": false, "ghsl_2018": 1}, "geometry": {"type": "Polygon", "coordinates": [[[72.7985331, 21.109465], [72.7985304, 21.109537200000005], [72.798475, 21.10953540000001], [72.7984777, 21.109463199999993], [72.7985331, 21.109465]]]}}, {"type": "Feature", "properties": {"layer": "building", "distance_m": 409.8, "source": "Google Open Buildings", "in_industrial_zone": false, "ghsl_2018": 1}, "geometry": {"type": "Polygon", "coordinates": [[[72.79874070000001, 21.1095767], [72.7986425, 21.109673199999996], [72.798614, 21.109647700000004], [72.7987123, 21.1095512], [72.79874070000001, 21.1095767]]]}}, {"type": "Feature", "properties": {"layer": "building", "distance_m": 403.2, "source": "Google Open Buildings", "in_industrial_zone": false, "ghsl_2018": 1}, "geometry": {"type": "Polygon", "coordinates": [[[72.7987532, 21.109517000000004], [72.7988054, 21.109566000000004], [72.7987627, 21.109606], [72.7987105, 21.109557], [72.7987532, 21.109517000000004]]]}}, {"type": "Feature", "properties": {"layer": "building", "distance_m": 395.9, "source": "Google Open Buildings", "in_industrial_zone": false, "ghsl_2018": 0}, "geometry": {"type": "Polygon", "coordinates": [[[72.7987161, 21.1093476], [72.7988794, 21.109509300000003], [72.7988309, 21.1095524], [72.7986676, 21.1093907], [72.7987161, 21.1093476]]]}}, {"type": "Feature", "properties": {"layer": "building", "distance_m": 348.9, "source": "Google Open Buildings", "in_industrial_zone": false, "ghsl_2018": 1}, "geometry": {"type": "Polygon", "coordinates": [[[72.7985271, 21.095000499999998], [72.79860530000002, 21.0950409], [72.7985637, 21.095111800000005], [72.7984855, 21.095071300000004], [72.7985271, 21.095000499999998]]]}}, {"type": "Feature", "properties": {"layer": "building", "distance_m": 264.3, "source": "Microsoft ML Buildings", "in_industrial_zone": false, "ghsl_2018": 0}, "geometry": {"type": "Polygon", "coordinates": [[[72.7993422, 21.095375], [72.7992718, 21.095358], [72.7992868, 21.095304000000002], [72.7993572, 21.095320999999995], [72.7993422, 21.095375]]]}}, {"type": "Feature", "properties": {"layer": "building", "distance_m": 369.6, "source": "Microsoft ML Buildings", "in_industrial_zone": false, "ghsl_2018": 0}, "geometry": {"type": "Polygon", "coordinates": [[[72.8009616, 21.1016654], [72.800963, 21.101705400000004], [72.800821, 21.1017098], [72.80081959999998, 21.1016698], [72.8009616, 21.1016654]]]}}, {"type": "Feature", "properties": {"layer": "building", "distance_m": 117.9, "source": "Microsoft ML Buildings", "in_industrial_zone": false, "ghsl_2018": 0}, "geometry": {"type": "Polygon", "coordinates": [[[72.8016084, 21.0950949], [72.8016001, 21.094995399999995], [72.8016427, 21.094992299999998], [72.801651, 21.09509179999999], [72.8016084, 21.0950949]]]}}, {"type": "Feature", "properties": {"layer": "building", "distance_m": 91.1, "source": "Google Open Buildings", "in_industrial_zone": false, "ghsl_2018": 1}, "geometry": {"type": "Polygon", "coordinates": [[[72.8018083, 21.0952778], [72.8018435, 21.095290599999995], [72.8018339, 21.09531370000001], [72.8017987, 21.0953009], [72.8018083, 21.0952778]]]}}, {"type": "Feature", "properties": {"layer": "building", "distance_m": 409.7, "source": "Google Open Buildings", "in_industrial_zone": false, "ghsl_2018": 0}, "geometry": {"type": "Polygon", "coordinates": [[[72.80173540000001, 21.1021425], [72.80177129999998, 21.102141199999995], [72.8017742, 21.102215099999995], [72.80173839999999, 21.1022164], [72.80173540000001, 21.1021425]]]}}, {"type": "Feature", "properties": {"layer": "building", "distance_m": 381.1, "source": "Google Open Buildings", "in_industrial_zone": false, "ghsl_2018": 0}, "geometry": {"type": "Polygon", "coordinates": [[[72.8018364, 21.101885600000003], [72.8018399, 21.102008700000003], [72.80179649999998, 21.102009799999998], [72.801793, 21.1018866], [72.8018364, 21.101885600000003]]]}}, {"type": "Feature", "properties": {"layer": "building", "distance_m": 397.7, "source": "Google Open Buildings", "in_industrial_zone": false, "ghsl_2018": 0}, "geometry": {"type": "Polygon", "coordinates": [[[72.801857, 21.103295099999997], [72.8018958, 21.103295499999998], [72.8018923, 21.103574899999998], [72.80185350000002, 21.103574500000004], [72.801857, 21.103295099999997]]]}}, {"type": "Feature", "properties": {"layer": "building", "distance_m": 446.0, "source": "Google Open Buildings", "in_industrial_zone": false, "ghsl_2018": 0}, "geometry": {"type": "Polygon", "coordinates": [[[72.8018444, 21.102947899999997], [72.8018865, 21.1029463], [72.8018945, 21.1031268], [72.8018523, 21.103128500000004], [72.8018444, 21.102947899999997]]]}}, {"type": "Feature", "properties": {"layer": "building", "distance_m": 382.3, "source": "Google Open Buildings", "in_industrial_zone": false, "ghsl_2018": 0}, "geometry": {"type": "Polygon", "coordinates": [[[72.8018987, 21.1036306], [72.801904, 21.1037153], [72.8018715, 21.103717099999997], [72.8018662, 21.10363239999999], [72.8018987, 21.1036306]]]}}, {"type": "Feature", "properties": {"layer": "building", "distance_m": 130.8, "source": "Google Open Buildings", "in_industrial_zone": false, "ghsl_2018": 0}, "geometry": {"type": "Polygon", "coordinates": [[[72.801733, 21.106345800000003], [72.8017849, 21.106350199999994], [72.801782, 21.106380799999997], [72.8017301, 21.1063764], [72.801733, 21.106345800000003]]]}}, {"type": "Feature", "properties": {"layer": "building", "distance_m": 47.0, "source": "Microsoft ML Buildings", "in_industrial_zone": false, "ghsl_2018": 1}, "geometry": {"type": "Polygon", "coordinates": [[[72.8029486, 21.1130704], [72.8029352, 21.113013099999993], [72.80300790000001, 21.112998200000003], [72.80302140000002, 21.113055500000005], [72.8029486, 21.1130704]]]}}, {"type": "Feature", "properties": {"layer": "building", "distance_m": 22.1, "source": "Google Open Buildings", "in_industrial_zone": false, "ghsl_2018": 0}, "geometry": {"type": "Polygon", "coordinates": [[[72.8024415, 21.109607599999993], [72.8024827, 21.10961249999999], [72.802473, 21.109684], [72.8024069, 21.109676], [72.8024111, 21.1096457], [72.8024359, 21.1096487], [72.8024415, 21.109607599999993]]]}}, {"type": "Feature", "properties": {"layer": "building", "distance_m": 423.1, "source": "Microsoft ML Buildings", "in_industrial_zone": false, "ghsl_2018": 0}, "geometry": {"type": "Polygon", "coordinates": [[[72.8023329, 21.103259800000004], [72.802336, 21.1031723], [72.8023923, 21.103174100000004], [72.8023891, 21.103261499999995], [72.8023329, 21.103259800000004]]]}}, {"type": "Feature", "properties": {"layer": "building", "distance_m": 288.1, "source": "Google Open Buildings", "in_industrial_zone": false, "ghsl_2018": 0}, "geometry": {"type": "Polygon", "coordinates": [[[72.8023503, 21.104038400000004], [72.8024985, 21.104033899999997], [72.80250490000002, 21.104219499999996], [72.8025586, 21.1042179], [72.8025645, 21.1043913], [72.8025368, 21.104392200000007], [72.8025386, 21.104445699999996], [72.8025663, 21.104444799999992], [72.8025672, 21.104470300000003], [72.8023652, 21.1044764], [72.8023503, 21.104038400000004]]]}}, {"type": "Feature", "properties": {"layer": "building", "distance_m": 418.4, "source": "Google Open Buildings", "in_industrial_zone": false, "ghsl_2018": 0}, "geometry": {"type": "Polygon", "coordinates": [[[72.80211470000002, 21.1032664], [72.8021493, 21.103268], [72.8021458, 21.103335], [72.8021111, 21.1033334], [72.80211470000002, 21.1032664]]]}}, {"type": "Feature", "properties": {"layer": "building", "distance_m": 435.2, "source": "Google Open Buildings", "in_industrial_zone": false, "ghsl_2018": 0}, "geometry": {"type": "Polygon", "coordinates": [[[72.8021082, 21.1031518], [72.8021765, 21.103149900000002], [72.8021773, 21.1031769], [72.8021091, 21.103178800000002], [72.8021082, 21.1031518]]]}}, {"type": "Feature", "properties": {"layer": "building", "distance_m": 438.1, "source": "Google Open Buildings", "in_industrial_zone": false, "ghsl_2018": 0}, "geometry": {"type": "Polygon", "coordinates": [[[72.8021042, 21.1030264], [72.8021724, 21.1030244], [72.8021765, 21.103149900000002], [72.8021082, 21.1031518], [72.8021042, 21.1030264]]]}}, {"type": "Feature", "properties": {"layer": "building", "distance_m": 452.3, "source": "Google Open Buildings", "in_industrial_zone": false, "ghsl_2018": 0}, "geometry": {"type": "Polygon", "coordinates": [[[72.80210220000001, 21.102965], [72.8021438, 21.102963899999992], [72.8021458, 21.103025199999994], [72.8021042, 21.1030264], [72.80210220000001, 21.102965]]]}}, {"type": "Feature", "properties": {"layer": "building", "distance_m": 459.0, "source": "Google Open Buildings", "in_industrial_zone": false, "ghsl_2018": 0}, "geometry": {"type": "Polygon", "coordinates": [[[72.8021003, 21.1029058], [72.8021419, 21.1029047], [72.8021438, 21.102963899999992], [72.80210220000001, 21.102965], [72.8021003, 21.1029058]]]}}, {"type": "Feature", "properties": {"layer": "building", "distance_m": 398.5, "source": "Google Open Buildings", "in_industrial_zone": false, "ghsl_2018": 0}, "geometry": {"type": "Polygon", "coordinates": [[[72.8021109, 21.103424399999998], [72.8021879, 21.103425699999995], [72.8021863, 21.1035112], [72.8021093, 21.103509900000002], [72.8021109, 21.103424399999998]]]}}, {"type": "Feature", "properties": {"layer": "building", "distance_m": 415.6, "source": "Google Open Buildings", "in_industrial_zone": false, "ghsl_2018": 0}, "geometry": {"type": "Polygon", "coordinates": [[[72.8021389, 21.103289199999995], [72.8021705, 21.103289600000004], [72.8021695, 21.103357299999995], [72.8021379, 21.103356900000005], [72.8021389, 21.103289199999995]]]}}, {"type": "Feature", "properties": {"layer": "building", "distance_m": 393.9, "source": "Google Open Buildings", "in_industrial_zone": false, "ghsl_2018": 0}, "geometry": {"type": "Polygon", "coordinates": [[[72.8021285, 21.1035284], [72.8021948, 21.103529199999997], [72.8021945, 21.1035515], [72.8021281, 21.1035506], [72.8021285, 21.1035284]]]}}, {"type": "Feature", "properties": {"layer": "building", "distance_m": 106.1, "source": "Google Open Buildings", "in_industrial_zone": false, "ghsl_2018": 1}, "geometry": {"type": "Polygon", "coordinates": [[[72.8020142, 21.095089999999995], [72.8021048, 21.095087100000008], [72.8021073, 21.0951581], [72.8020168, 21.095161], [72.8020142, 21.095089999999995]]]}}, {"type": "Feature", "properties": {"layer": "building", "distance_m": 99.5, "source": "Google Open Buildings", "in_industrial_zone": false, "ghsl_2018": 1}, "geometry": {"type": "Polygon", "coordinates": [[[72.8022365, 21.095165700000003], [72.802301, 21.095171], [72.8022975, 21.095208600000003], [72.802233, 21.095203400000003], [72.8022365, 21.095165700000003]]]}}, {"type": "Feature", "properties": {"layer": "building", "distance_m": 100.3, "source": "Microsoft ML Buildings", "in_industrial_zone": false, "ghsl_2018": 1}, "geometry": {"type": "Polygon", "coordinates": [[[72.8024641, 21.0952043], [72.8023853, 21.095203400000003], [72.8023868, 21.0950933], [72.80235460000002, 21.0950929], [72.8023552, 21.095048999999996], [72.8024661, 21.095050299999997], [72.8024641, 21.0952043]]]}}, {"type": "Feature", "properties": {"layer": "building", "distance_m": 104.1, "source": "Google Open Buildings", "in_industrial_zone": false, "ghsl_2018": 1}, "geometry": {"type": "Polygon", "coordinates": [[[72.802913, 21.095000100000004], [72.8029861, 21.095001599999996], [72.8029819, 21.095181600000007], [72.8029088, 21.0951801], [72.802913, 21.095000100000004]]]}}, {"type": "Feature", "properties": {"layer": "building", "distance_m": 36.3, "source": "Microsoft ML Buildings", "in_industrial_zone": false, "ghsl_2018": 1}, "geometry": {"type": "Polygon", "coordinates": [[[72.8029574, 21.106657200000004], [72.8029976, 21.1066588], [72.8029949, 21.106719799999997], [72.8029547, 21.106718299999997], [72.8029574, 21.106657200000004]]]}}, {"type": "Feature", "properties": {"layer": "building", "distance_m": 54.2, "source": "Microsoft ML Buildings", "in_industrial_zone": false, "ghsl_2018": 1}, "geometry": {"type": "Polygon", "coordinates": [[[72.8030017, 21.106557899999995], [72.80294010000001, 21.106560299999998], [72.8029378, 21.106507900000004], [72.8029993, 21.106505399999993], [72.8030017, 21.106557899999995]]]}}, {"type": "Feature", "properties": {"layer": "building", "distance_m": 21.8, "source": "Microsoft ML Buildings", "in_industrial_zone": false, "ghsl_2018": 1}, "geometry": {"type": "Polygon", "coordinates": [[[72.8031388, 21.106840699999996], [72.8031013, 21.106841099999997], [72.8031006, 21.106792200000005], [72.8031382, 21.1067918], [72.8031388, 21.106840699999996]]]}}, {"type": "Feature", "properties": {"layer": "building", "distance_m": 103.0, "source": "Google Open Buildings", "in_industrial_zone": false, "ghsl_2018": 1}, "geometry": {"type": "Polygon", "coordinates": [[[72.8033504, 21.094910200000005], [72.8033524, 21.094930700000003], [72.8034401, 21.0949231], [72.8034467, 21.094989299999995], [72.8034685, 21.094987400000004], [72.80347860000002, 21.095089800000004], [72.8034568, 21.095091700000005], [72.8034633, 21.0951573], [72.80339780000001, 21.095163], [72.80339980000001, 21.09518259999999], [72.8032199, 21.095198300000003], [72.8032147, 21.0951456], [72.8031827, 21.0951484], [72.8031629, 21.094947200000007], [72.8032513, 21.094939500000002], [72.8032493, 21.094919], [72.8033504, 21.094910200000005]]]}}, {"type": "Feature", "properties": {"layer": "building", "distance_m": 104.8, "source": "Microsoft ML Buildings", "in_industrial_zone": false, "ghsl_2018": 1}, "geometry": {"type": "Polygon", "coordinates": [[[72.80371650000001, 21.095204999999996], [72.8035646, 21.095201999999997], [72.8035669, 21.095103000000005], [72.8037187, 21.095106], [72.80371650000001, 21.095204999999996]]]}}, {"type": "Feature", "properties": {"layer": "building", "distance_m": 162.1, "source": "Google Open Buildings", "in_industrial_zone": false, "ghsl_2018": 0}, "geometry": {"type": "Polygon", "coordinates": [[[72.803582, 21.094588999999996], [72.80363650000001, 21.0945901], [72.8036344, 21.0946845], [72.80357990000002, 21.09468349999999], [72.803582, 21.094588999999996]]]}}, {"type": "Feature", "properties": {"layer": "building", "distance_m": 126.3, "source": "Google Open Buildings", "in_industrial_zone": false, "ghsl_2018": 1}, "geometry": {"type": "Polygon", "coordinates": [[[72.8035269, 21.0948883], [72.8036539, 21.0948949], [72.80364710000002, 21.095010399999993], [72.8035448, 21.095005], [72.80354890000001, 21.0949353], [72.8035242, 21.094933999999995], [72.8035269, 21.0948883]]]}}, {"type": "Feature", "properties": {"layer": "building", "distance_m": 153.5, "source": "Google Open Buildings", "in_industrial_zone": false, "ghsl_2018": 0}, "geometry": {"type": "Polygon", "coordinates": [[[72.8034973, 21.094574], [72.80356590000001, 21.094576099999998], [72.8035598, 21.094755800000005], [72.8034913, 21.0947538], [72.8034973, 21.094574]]]}}, {"type": "Feature", "properties": {"layer": "building", "distance_m": 139.8, "source": "Google Open Buildings", "in_industrial_zone": false, "ghsl_2018": 1}, "geometry": {"type": "Polygon", "coordinates": [[[72.8034589, 21.094597699999998], [72.8034562, 21.094676899999996], [72.8034938, 21.094677999999995], [72.8034901, 21.094787800000002], [72.8034525, 21.0947866], [72.8034504, 21.0948502], [72.8033856, 21.0948483], [72.8033849, 21.09487010000001], [72.8032642, 21.094866499999995], [72.8032649, 21.094844700000007], [72.8031986, 21.094842699999997], [72.8032007, 21.0947811], [72.8031774, 21.094780400000005], [72.80318120000001, 21.094667700000002], [72.8032045, 21.094668399999996], [72.8032071, 21.094590199999995], [72.8034589, 21.094597699999998]]]}}, {"type": "Feature", "properties": {"layer": "building", "distance_m": 176.2, "source": "Google Open Buildings", "in_industrial_zone": false, "ghsl_2018": 0}, "geometry": {"type": "Polygon", "coordinates": [[[72.8027289, 21.09422430000001], [72.8029485, 21.094231899999997], [72.8029474, 21.094260800000004], [72.8030054, 21.094262799999996], [72.8029949, 21.0945309], [72.802741, 21.0945221], [72.8027475, 21.094356], [72.8027238, 21.094355200000003], [72.8027289, 21.09422430000001]]]}}, {"type": "Feature", "properties": {"layer": "building", "distance_m": 126.4, "source": "Microsoft ML Buildings", "in_industrial_zone": false, "ghsl_2018": 1}, "geometry": {"type": "Polygon", "coordinates": [[[72.8026358, 21.0947741], [72.8030068, 21.0947775], [72.8030047, 21.094975199999997], [72.8026444, 21.094971899999997], [72.8026454, 21.0948768], [72.8026347, 21.0948767], [72.8026358, 21.0947741]]]}}, {"type": "Feature", "properties": {"layer": "building", "distance_m": 205.9, "source": "Google Open Buildings", "in_industrial_zone": false, "ghsl_2018": 0}, "geometry": {"type": "Polygon", "coordinates": [[[72.8027642, 21.0939301], [72.8030181, 21.093938899999994], [72.8030054, 21.0942629], [72.8029474, 21.094260899999995], [72.8029485, 21.094231999999995], [72.8027526, 21.0942252], [72.8027642, 21.0939301]]]}}, {"type": "Feature", "properties": {"layer": "building", "distance_m": 209.4, "source": "Google Open Buildings", "in_industrial_zone": false, "ghsl_2018": 0}, "geometry": {"type": "Polygon", "coordinates": [[[72.8026554, 21.093926299999996], [72.8027405, 21.093929199999998], [72.8027289, 21.09422430000001], [72.8026439, 21.094221400000002], [72.8026554, 21.093926299999996]]]}}, {"type": "Feature", "properties": {"layer": "building", "distance_m": 182.6, "source": "Google Open Buildings", "in_industrial_zone": false, "ghsl_2018": 0}, "geometry": {"type": "Polygon", "coordinates": [[[72.8023894, 21.0939172], [72.8026452, 21.093926], [72.8026256, 21.094426600000002], [72.8025076, 21.094422499999993], [72.8025068, 21.094442100000002], [72.8024597, 21.094440400000003], [72.8024589, 21.094461299999995], [72.8024374, 21.094460599999998], [72.8024382, 21.0944397], [72.802369, 21.094437300000003], [72.8023894, 21.0939172]]]}}, {"type": "Feature", "properties": {"layer": "building", "distance_m": 324.5, "source": "Google Open Buildings", "in_industrial_zone": false, "ghsl_2018": 0}, "geometry": {"type": "Polygon", "coordinates": [[[72.8023748, 21.093113700000004], [72.8024223, 21.09313759999999], [72.8023992, 21.093177999999998], [72.8023517, 21.0931541], [72.8023748, 21.093113700000004]]]}}, {"type": "Feature", "properties": {"layer": "building", "distance_m": 127.7, "source": "Microsoft ML Buildings", "in_industrial_zone": false, "ghsl_2018": 1}, "geometry": {"type": "Polygon", "coordinates": [[[72.8021643, 21.094780599999993], [72.8022786, 21.09478129999999], [72.802278, 21.094863899999996], [72.8024873, 21.094865199999994], [72.802487, 21.094893999999996], [72.8022359, 21.094892500000007], [72.8022355, 21.094955099999996], [72.8021782, 21.0949547], [72.80217860000002, 21.094892199999997], [72.8021635, 21.094892099999996], [72.8021643, 21.094780599999993]]]}}, {"type": "Feature", "properties": {"layer": "building", "distance_m": 156.1, "source": "Google Open Buildings", "in_industrial_zone": false, "ghsl_2018": 1}, "geometry": {"type": "Polygon", "coordinates": [[[72.8020611, 21.0945667], [72.8022387, 21.0945589], [72.8022446, 21.094697999999998], [72.8021683, 21.0947014], [72.8021646, 21.094628499999995], [72.8020644, 21.094632899999997], [72.8020611, 21.0945667]]]}}, {"type": "Feature", "properties": {"layer": "building", "distance_m": 191.1, "source": "Google Open Buildings", "in_industrial_zone": false, "ghsl_2018": 0}, "geometry": {"type": "Polygon", "coordinates": [[[72.8021051, 21.0942984], [72.802237, 21.0943009], [72.8022352, 21.094382099999994], [72.8021033, 21.094379600000003], [72.8021051, 21.0942984]]]}}, {"type": "Feature", "properties": {"layer": "building", "distance_m": 224.5, "source": "Google Open Buildings", "in_industrial_zone": false, "ghsl_2018": 0}, "geometry": {"type": "Polygon", "coordinates": [[[72.802178, 21.093938], [72.8022611, 21.0939402], [72.8022569, 21.094080099999992], [72.8021738, 21.094077900000002], [72.802178, 21.093938]]]}}, {"type": "Feature", "properties": {"layer": "building", "distance_m": 303.3, "source": "Google Open Buildings", "in_industrial_zone": false, "ghsl_2018": 0}, "geometry": {"type": "Polygon", "coordinates": [[[72.8021975, 21.0931598], [72.802298, 21.0931685], [72.8022786, 21.093367999999998], [72.8021781, 21.0933594], [72.8021975, 21.0931598]]]}}, {"type": "Feature", "properties": {"layer": "building", "distance_m": 384.2, "source": "Google Open Buildings", "in_industrial_zone": false, "ghsl_2018": 0}, "geometry": {"type": "Polygon", "coordinates": [[[72.8021626, 21.092515800000005], [72.8021988, 21.092516700000004], [72.8021956, 21.092638], [72.8021594, 21.092637200000002], [72.8021626, 21.092515800000005]]]}}, {"type": "Feature", "properties": {"layer": "building", "distance_m": 410.7, "source": "Google Open Buildings", "in_industrial_zone": false, "ghsl_2018": 0}, "geometry": {"type": "Polygon", "coordinates": [[[72.8021687, 21.092318400000003], [72.8022614, 21.092313199999992], [72.8022654, 21.092375499999996], [72.8022238, 21.092377899999995], [72.802225, 21.092396600000004], [72.802174, 21.092399499999996], [72.8021687, 21.092318400000003]]]}}, {"type": "Feature", "properties": {"layer": "building", "distance_m": 429.6, "source": "Google Open Buildings", "in_industrial_zone": false, "ghsl_2018": 0}, "geometry": {"type": "Polygon", "coordinates": [[[72.8022915, 21.0921518], [72.8023242, 21.092139100000004], [72.8023577, 21.0922146], [72.802325, 21.09222730000001], [72.8022915, 21.0921518]]]}}, {"type": "Feature", "properties": {"layer": "building", "distance_m": 121.9, "source": "Google Open Buildings", "in_industrial_zone": false, "ghsl_2018": 1}, "geometry": {"type": "Polygon", "coordinates": [[[72.8020833, 21.0949627], [72.8021144, 21.094990699999997], [72.802089, 21.09501559999999], [72.8020578, 21.094987599999996], [72.8020833, 21.0949627]]]}}, {"type": "Feature", "properties": {"layer": "building", "distance_m": 135.0, "source": "Microsoft ML Buildings", "in_industrial_zone": false, "ghsl_2018": 1}, "geometry": {"type": "Polygon", "coordinates": [[[72.8020666, 21.09489479999999], [72.8020689, 21.0948248], [72.8021162, 21.094826199999996], [72.8021138, 21.0948962], [72.8020666, 21.09489479999999]]]}}, {"type": "Feature", "properties": {"layer": "building", "distance_m": 431.3, "source": "Microsoft ML Buildings", "in_industrial_zone": false, "ghsl_2018": 1}, "geometry": {"type": "Polygon", "coordinates": [[[72.8002792, 21.092509499999995], [72.800227, 21.0924871], [72.80025290000002, 21.092434299999997], [72.8003051, 21.092456699999996], [72.8002792, 21.092509499999995]]]}}, {"type": "Feature", "properties": {"layer": "building", "distance_m": 143.2, "source": "Google Open Buildings", "in_industrial_zone": false, "ghsl_2018": 1}, "geometry": {"type": "Polygon", "coordinates": [[[72.80406120000002, 21.0948412], [72.80418990000001, 21.094845], [72.80418800000001, 21.094900399999997], [72.80405930000002, 21.094896499999997], [72.80406120000002, 21.0948412]]]}}, {"type": "Feature", "properties": {"layer": "building", "distance_m": 142.3, "source": "Google Open Buildings", "in_industrial_zone": false, "ghsl_2018": 1}, "geometry": {"type": "Polygon", "coordinates": [[[72.80390320000001, 21.0946885], [72.80401800000001, 21.094688999999992], [72.80401690000001, 21.094891799999992], [72.80390210000002, 21.094891299999997], [72.80390320000001, 21.0946885]]]}}, {"type": "Feature", "properties": {"layer": "building", "distance_m": 166.8, "source": "Google Open Buildings", "in_industrial_zone": false, "ghsl_2018": 1}, "geometry": {"type": "Polygon", "coordinates": [[[72.80385810000001, 21.094582699999997], [72.80398970000002, 21.094585800000004], [72.80398750000002, 21.0946678], [72.80385580000001, 21.094664700000003], [72.80385810000001, 21.094582699999997]]]}}, {"type": "Feature", "properties": {"layer": "building", "distance_m": 163.3, "source": "Microsoft ML Buildings", "in_industrial_zone": false, "ghsl_2018": 1}, "geometry": {"type": "Polygon", "coordinates": [[[72.80378760000002, 21.094686599999996], [72.80371690000001, 21.094684699999995], [72.80372000000001, 21.0945857], [72.80379060000001, 21.094587600000004], [72.80378760000002, 21.094686599999996]]]}}, {"type": "Feature", "properties": {"layer": "building", "distance_m": 135.5, "source": "Google Open Buildings", "in_industrial_zone": false, "ghsl_2018": 1}, "geometry": {"type": "Polygon", "coordinates": [[[72.80366080000002, 21.0947796], [72.8037264, 21.094783000000003], [72.80372510000001, 21.094804899999996], [72.80380150000002, 21.094808900000004], [72.80379370000001, 21.0949411], [72.80373700000001, 21.094938200000005], [72.80373930000002, 21.094899399999992], [72.8036539, 21.0948949], [72.80366080000002, 21.0947796]]]}}, {"type": "Feature", "properties": {"layer": "building", "distance_m": 127.0, "source": "Google Open Buildings", "in_industrial_zone": false, "ghsl_2018": 1}, "geometry": {"type": "Polygon", "coordinates": [[[72.8036539, 21.0948949], [72.80373930000002, 21.094899399999992], [72.80373700000001, 21.094938200000005], [72.80378470000001, 21.094940699999995], [72.8037816, 21.094992400000002], [72.80372860000001, 21.094989699999996], [72.80372730000002, 21.0950116], [72.8036473, 21.0950075], [72.8036539, 21.0948949]]]}}, {"type": "Feature", "properties": {"layer": "building", "distance_m": 76.5, "source": "Google Open Buildings", "in_industrial_zone": false, "ghsl_2018": 1}, "geometry": {"type": "Polygon", "coordinates": [[[72.8037807, 21.095332300000006], [72.80385310000001, 21.095414499999997], [72.80377340000001, 21.0954763], [72.803701, 21.095394000000002], [72.8037807, 21.095332300000006]]]}}, {"type": "Feature", "properties": {"layer": "building", "distance_m": 105.9, "source": "Google Open Buildings", "in_industrial_zone": false, "ghsl_2018": 1}, "geometry": {"type": "Polygon", "coordinates": [[[72.80405000000002, 21.095189], [72.80409330000002, 21.095193300000005], [72.80408840000001, 21.095237600000008], [72.80404510000001, 21.095233399999998], [72.80405000000002, 21.095189]]]}}, {"type": "Feature", "properties": {"layer": "building", "distance_m": 111.5, "source": "Google Open Buildings", "in_industrial_zone": false, "ghsl_2018": 1}, "geometry": {"type": "Polygon", "coordinates": [[[72.80409550000002, 21.0951359], [72.80410780000001, 21.095157199999996], [72.80405480000002, 21.095184000000007], [72.80404260000002, 21.0951628], [72.80409550000002, 21.0951359]]]}}, {"type": "Feature", "properties": {"layer": "building", "distance_m": 28.4, "source": "Microsoft ML Buildings", "in_industrial_zone": false, "ghsl_2018": 1}, "geometry": {"type": "Polygon", "coordinates": [[[72.8036883, 21.1067025], [72.8036749, 21.1065736], [72.8037095, 21.1065705], [72.8037126, 21.106600199999992], [72.8039145, 21.106582000000003], [72.8039248, 21.1066811], [72.8036883, 21.1067025]]]}}, {"type": "Feature", "properties": {"layer": "building", "distance_m": 155.9, "source": "Microsoft ML Buildings", "in_industrial_zone": false, "ghsl_2018": 1}, "geometry": {"type": "Polygon", "coordinates": [[[72.803878, 21.1055318], [72.803822, 21.105535899999996], [72.8038174, 21.1054811], [72.8038734, 21.105477099999998], [72.803878, 21.1055318]]]}}, {"type": "Feature", "properties": {"layer": "building", "distance_m": 42.0, "source": "Microsoft ML Buildings", "in_industrial_zone": false, "ghsl_2018": 1}, "geometry": {"type": "Polygon", "coordinates": [[[72.803935, 21.106567300000002], [72.8039245, 21.1065037], [72.8039638, 21.1064981], [72.8039743, 21.106561599999996], [72.803935, 21.106567300000002]]]}}, {"type": "Feature", "properties": {"layer": "building", "distance_m": 150.6, "source": "Google Open Buildings", "in_industrial_zone": false, "ghsl_2018": 1}, "geometry": {"type": "Polygon", "coordinates": [[[72.8042162, 21.1054637], [72.8042257, 21.1055617], [72.8039574, 21.1055845], [72.803948, 21.1054864], [72.8042162, 21.1054637]]]}}, {"type": "Feature", "properties": {"layer": "building", "distance_m": 159.1, "source": "Google Open Buildings", "in_industrial_zone": false, "ghsl_2018": 1}, "geometry": {"type": "Polygon", "coordinates": [[[72.8042488, 21.105525800000002], [72.804296, 21.10551939999999], [72.8042996, 21.1055429], [72.8042524, 21.105549300000003], [72.8042488, 21.105525800000002]]]}}, {"type": "Feature", "properties": {"layer": "building", "distance_m": 163.9, "source": "Microsoft ML Buildings", "in_industrial_zone": false, "ghsl_2018": 1}, "geometry": {"type": "Polygon", "coordinates": [[[72.8042348, 21.105419300000005], [72.8043034, 21.1054161], [72.8043079, 21.105498499999996], [72.8042393, 21.1055017], [72.8042348, 21.105419300000005]]]}}, {"type": "Feature", "properties": {"layer": "building", "distance_m": 132.7, "source": "Microsoft ML Buildings", "in_industrial_zone": false, "ghsl_2018": 0}, "geometry": {"type": "Polygon", "coordinates": [[[72.8049343, 21.095021299999992], [72.8048998, 21.095149300000003], [72.80483010000002, 21.095133000000004], [72.80486460000002, 21.095004900000003], [72.8049343, 21.095021299999992]]]}}, {"type": "Feature", "properties": {"layer": "building", "distance_m": 38.2, "source": "OpenStreetMap", "in_industrial_zone": true, "ghsl_2018": 0}, "geometry": {"type": "Polygon", "coordinates": [[[72.8047152, 21.1132407], [72.8048807, 21.113045199999995], [72.8051198, 21.113220199999997], [72.8048294, 21.113565499999993], [72.8045903, 21.113390600000002], [72.8046546, 21.1133144], [72.8047152, 21.1132407]]]}}, {"type": "Feature", "properties": {"layer": "building", "distance_m": 85.7, "source": "Google Open Buildings", "in_industrial_zone": false, "ghsl_2018": 0}, "geometry": {"type": "Polygon", "coordinates": [[[72.8054148, 21.113299799999997], [72.8054467, 21.1133144], [72.8054307, 21.113345300000006], [72.8053987, 21.113330700000002], [72.8054148, 21.113299799999997]]]}}, {"type": "Feature", "properties": {"layer": "building", "distance_m": 88.5, "source": "Google Open Buildings", "in_industrial_zone": false, "ghsl_2018": 0}, "geometry": {"type": "Polygon", "coordinates": [[[72.8053965, 21.1133923], [72.8053601, 21.113429699999998], [72.805329, 21.1134031], [72.8053654, 21.113365700000003], [72.8053965, 21.1133923]]]}}, {"type": "Feature", "properties": {"layer": "building", "distance_m": 424.7, "source": "Google Open Buildings", "in_industrial_zone": false, "ghsl_2018": 0}, "geometry": {"type": "Polygon", "coordinates": [[[72.8049927, 21.1165599], [72.805109, 21.1165628], [72.8051099, 21.116531299999995], [72.8052328, 21.116534399999992], [72.805228, 21.1166983], [72.8051861, 21.116697199999997], [72.8051876, 21.1166435], [72.8049904, 21.116638499999997], [72.8049927, 21.1165599]]]}}, {"type": "Feature", "properties": {"layer": "building", "distance_m": 439.2, "source": "Google Open Buildings", "in_industrial_zone": false, "ghsl_2018": 0}, "geometry": {"type": "Polygon", "coordinates": [[[72.80510610000002, 21.116662699999996], [72.8051449, 21.116663699999997], [72.8051421, 21.116760799999998], [72.8051033, 21.1167598], [72.80510610000002, 21.116662699999996]]]}}, {"type": "Feature", "properties": {"layer": "building", "distance_m": 425.7, "source": "Google Open Buildings", "in_industrial_zone": false, "ghsl_2018": 0}, "geometry": {"type": "Polygon", "coordinates": [[[72.8052346, 21.116532499999998], [72.8054811, 21.116540499999992], [72.80547700000001, 21.116653099999997], [72.8052304, 21.116645099999996], [72.8052346, 21.116532499999998]]]}}, {"type": "Feature", "properties": {"layer": "building", "distance_m": 487.8, "source": "Google Open Buildings", "in_industrial_zone": false, "ghsl_2018": 0}, "geometry": {"type": "Polygon", "coordinates": [[[72.8051365, 21.117102199999994], [72.8051383, 21.1171623], [72.8049875, 21.1171663], [72.8049857, 21.117106300000003], [72.8051365, 21.117102199999994]]]}}, {"type": "Feature", "properties": {"layer": "building", "distance_m": 487.9, "source": "Google Open Buildings", "in_industrial_zone": false, "ghsl_2018": 0}, "geometry": {"type": "Polygon", "coordinates": [[[72.8049857, 21.117106300000003], [72.8049879, 21.117179099999998], [72.804857, 21.117182600000007], [72.8048548, 21.1171098], [72.8049857, 21.117106300000003]]]}}, {"type": "Feature", "properties": {"layer": "building", "distance_m": 435.9, "source": "Google Open Buildings", "in_industrial_zone": false, "ghsl_2018": 0}, "geometry": {"type": "Polygon", "coordinates": [[[72.8049497, 21.116637499999992], [72.8049904, 21.116638499999997], [72.8049889, 21.116692199999992], [72.8049481, 21.116691199999998], [72.8049497, 21.116637499999992]]]}}, {"type": "Feature", "properties": {"layer": "building", "distance_m": 434.4, "source": "Google Open Buildings", "in_industrial_zone": false, "ghsl_2018": 0}, "geometry": {"type": "Polygon", "coordinates": [[[72.8047899, 21.116623200000003], [72.8048472, 21.1166246], [72.8048458, 21.1166759], [72.8047886, 21.116674599999996], [72.8047899, 21.116623200000003]]]}}, {"type": "Feature", "properties": {"layer": "building", "distance_m": 430.4, "source": "Google Open Buildings", "in_industrial_zone": false, "ghsl_2018": 0}, "geometry": {"type": "Polygon", "coordinates": [[[72.8047376, 21.116585800000003], [72.8047795, 21.1165885], [72.8047773, 21.116617400000006], [72.8047355, 21.1166147], [72.8047376, 21.116585800000003]]]}}, {"type": "Feature", "properties": {"layer": "building", "distance_m": 444.9, "source": "Google Open Buildings", "in_industrial_zone": false, "ghsl_2018": 0}, "geometry": {"type": "Polygon", "coordinates": [[[72.8047658, 21.116717699999995], [72.8047694, 21.116773], [72.8047322, 21.116775200000003], [72.8047305, 21.1167483], [72.8046727, 21.116751600000004], [72.8046781, 21.1168348], [72.8046474, 21.116836499999998], [72.8046401, 21.1167249], [72.8047658, 21.116717699999995]]]}}, {"type": "Feature", "properties": {"layer": "building", "distance_m": 428.1, "source": "Google Open Buildings", "in_industrial_zone": false, "ghsl_2018": 0}, "geometry": {"type": "Polygon", "coordinates": [[[72.8046443, 21.116562400000007], [72.8047176, 21.1165672], [72.804713, 21.1166292], [72.8046397, 21.1166244], [72.8046443, 21.116562400000007]]]}}, {"type": "Feature", "properties": {"layer": "building", "distance_m": 435.0, "source": "Google Open Buildings", "in_industrial_zone": false, "ghsl_2018": 0}, "geometry": {"type": "Polygon", "coordinates": [[[72.8046397, 21.1166244], [72.8047662, 21.116632699999993], [72.8047629, 21.1166781], [72.8046363, 21.116669799999993], [72.8046397, 21.1166244]]]}}, {"type": "Feature", "properties": {"layer": "building", "distance_m": 408.8, "source": "Google Open Buildings", "in_industrial_zone": false, "ghsl_2018": 0}, "geometry": {"type": "Polygon", "coordinates": [[[72.804277, 21.1163724], [72.80428030000002, 21.116416500000003], [72.8042235, 21.1164202], [72.8042203, 21.116376], [72.804277, 21.1163724]]]}}, {"type": "Feature", "properties": {"layer": "building", "distance_m": 301.0, "source": "Google Open Buildings", "in_industrial_zone": false, "ghsl_2018": 0}, "geometry": {"type": "Polygon", "coordinates": [[[72.8042678, 21.115393999999995], [72.8043177, 21.115397899999994], [72.8043134, 21.1154468], [72.8042635, 21.115442900000005], [72.8042678, 21.115393999999995]]]}}, {"type": "Feature", "properties": {"layer": "building", "distance_m": 114.8, "source": "Google Open Buildings", "in_industrial_zone": false, "ghsl_2018": 0}, "geometry": {"type": "Polygon", "coordinates": [[[72.8042712, 21.113703499999996], [72.8043105, 21.113718999999996], [72.8042987, 21.1137453], [72.8042594, 21.113729800000005], [72.8042712, 21.113703499999996]]]}}, {"type": "Feature", "properties": {"layer": "building", "distance_m": 180.8, "source": "Google Open Buildings", "in_industrial_zone": false, "ghsl_2018": 0}, "geometry": {"type": "Polygon", "coordinates": [[[72.8039785, 21.114280699999995], [72.8042906, 21.114418699999998], [72.8042022, 21.1145947], [72.80389010000002, 21.114456799999996], [72.8039785, 21.114280699999995]]]}}, {"type": "Feature", "properties": {"layer": "building", "distance_m": 156.9, "source": "Microsoft ML Buildings", "in_industrial_zone": false, "ghsl_2018": 0}, "geometry": {"type": "Polygon", "coordinates": [[[72.8070348, 21.112173899999995], [72.8070391, 21.1120615], [72.8071034, 21.112063600000003], [72.8070991, 21.112176], [72.8070348, 21.112173899999995]]]}}, {"type": "Feature", "properties": {"layer": "building", "distance_m": 52.5, "source": "Google Open Buildings", "in_industrial_zone": true, "ghsl_2018": 0}, "geometry": {"type": "Polygon", "coordinates": [[[72.8066351, 21.110275500000004], [72.8066687, 21.110299600000005], [72.8066514, 21.1103209], [72.8066177, 21.110296899999998], [72.8066351, 21.110275500000004]]]}}, {"type": "Feature", "properties": {"layer": "building", "distance_m": 44.6, "source": "Google Open Buildings", "in_industrial_zone": true, "ghsl_2018": 0}, "geometry": {"type": "Polygon", "coordinates": [[[72.8065224, 21.110326799999992], [72.8065642, 21.110323899999997], [72.8065661, 21.110347599999997], [72.8065243, 21.110350600000004], [72.8065224, 21.110326799999992]]]}}, {"type": "Feature", "properties": {"layer": "building", "distance_m": 41.4, "source": "OpenStreetMap", "in_industrial_zone": true, "ghsl_2018": 0}, "geometry": {"type": "Polygon", "coordinates": [[[72.8063422, 21.1106809], [72.8064438, 21.110470199999998], [72.8067843, 21.1106134], [72.8066825, 21.1108243], [72.8066309, 21.110930899999996], [72.8062905, 21.1107876], [72.8063422, 21.1106809]]]}}, {"type": "Feature", "properties": {"layer": "building", "distance_m": 41.4, "source": "OpenStreetMap", "in_industrial_zone": true, "ghsl_2018": 0}, "geometry": {"type": "Polygon", "coordinates": [[[72.8066825, 21.1108243], [72.8066309, 21.110930899999996], [72.8062905, 21.1107876], [72.8063422, 21.1106809], [72.8066825, 21.1108243]]]}}, {"type": "Feature", "properties": {"layer": "building", "distance_m": 490.4, "source": "Google Open Buildings", "in_industrial_zone": false, "ghsl_2018": 0}, "geometry": {"type": "Polygon", "coordinates": [[[72.8064502, 21.1168816], [72.8067026, 21.1168914], [72.8066982, 21.116991699999996], [72.8064458, 21.116981899999995], [72.8064502, 21.1168816]]]}}, {"type": "Feature", "properties": {"layer": "building", "distance_m": 478.1, "source": "Google Open Buildings", "in_industrial_zone": false, "ghsl_2018": 0}, "geometry": {"type": "Polygon", "coordinates": [[[72.8064797, 21.116753999999997], [72.8067155, 21.1167619], [72.8067117, 21.116862000000005], [72.8064759, 21.1168541], [72.8064797, 21.116753999999997]]]}}, {"type": "Feature", "properties": {"layer": "building", "distance_m": 456.1, "source": "Google Open Buildings", "in_industrial_zone": false, "ghsl_2018": 0}, "geometry": {"type": "Polygon", "coordinates": [[[72.8064883, 21.1165384], [72.8067469, 21.116548500000004], [72.806742, 21.1166601], [72.8064834, 21.11665], [72.8064883, 21.1165384]]]}}, {"type": "Feature", "properties": {"layer": "building", "distance_m": 483.1, "source": "Google Open Buildings", "in_industrial_zone": false, "ghsl_2018": 0}, "geometry": {"type": "Polygon", "coordinates": [[[72.8055644, 21.117018400000003], [72.8056333, 21.117022600000002], [72.8056314, 21.117050399999997], [72.8055625, 21.117046200000004], [72.8055644, 21.117018400000003]]]}}, {"type": "Feature", "properties": {"layer": "building", "distance_m": 434.4, "source": "Google Open Buildings", "in_industrial_zone": false, "ghsl_2018": 0}, "geometry": {"type": "Polygon", "coordinates": [[[72.8055025, 21.1165827], [72.805537, 21.116584099999997], [72.8055328, 21.1166763], [72.8054982, 21.1166749], [72.8055025, 21.1165827]]]}}, {"type": "Feature", "properties": {"layer": "building", "distance_m": 438.4, "source": "Google Open Buildings", "in_industrial_zone": false, "ghsl_2018": 0}, "geometry": {"type": "Polygon", "coordinates": [[[72.8056749, 21.1165917], [72.8057062, 21.1165924], [72.8057048, 21.1166466], [72.8056735, 21.1166459], [72.8056749, 21.1165917]]]}}, {"type": "Feature", "properties": {"layer": "building", "distance_m": 439.1, "source": "Google Open Buildings", "in_industrial_zone": false, "ghsl_2018": 0}, "geometry": {"type": "Polygon", "coordinates": [[[72.8057062, 21.1165924], [72.8057475, 21.1165934], [72.8057461, 21.1166475], [72.8057048, 21.1166466], [72.8057062, 21.1165924]]]}}, {"type": "Feature", "properties": {"layer": "building", "distance_m": 481.8, "source": "Google Open Buildings", "in_industrial_zone": false, "ghsl_2018": 0}, "geometry": {"type": "Polygon", "coordinates": [[[72.8057067, 21.11698459999999], [72.8057407, 21.116987199999993], [72.8057345, 21.1170588], [72.8057005, 21.117056200000004], [72.8057067, 21.11698459999999]]]}}, {"type": "Feature", "properties": {"layer": "building", "distance_m": 47.1, "source": "OpenStreetMap", "in_industrial_zone": true, "ghsl_2018": 0}, "geometry": {"type": "Polygon", "coordinates": [[[72.8060946, 21.111298599999998], [72.8061432, 21.111200899999993], [72.8064245, 21.111322700000002], [72.8063128, 21.111547299999994], [72.8061161, 21.11146210000001], [72.8061792, 21.111335299999993], [72.8060946, 21.111298599999998]]]}}, {"type": "Feature", "properties": {"layer": "building", "distance_m": 63.2, "source": "Google Open Buildings", "in_industrial_zone": false, "ghsl_2018": 0}, "geometry": {"type": "Polygon", "coordinates": [[[72.8063626, 21.099123], [72.80638290000002, 21.099180899999997], [72.80622620000001, 21.0992293], [72.8062059, 21.0991714], [72.8063626, 21.099123]]]}}, {"type": "Feature", "properties": {"layer": "building", "distance_m": 46.6, "source": "Google Open Buildings", "in_industrial_zone": false, "ghsl_2018": 0}, "geometry": {"type": "Polygon", "coordinates": [[[72.80627830000002, 21.0964094], [72.8063103, 21.0964186], [72.80629510000001, 21.096465], [72.8062631, 21.096455700000003], [72.80627830000002, 21.0964094]]]}}, {"type": "Feature", "properties": {"layer": "building", "distance_m": 316.7, "source": "Microsoft ML Buildings", "in_industrial_zone": false, "ghsl_2018": 0}, "geometry": {"type": "Polygon", "coordinates": [[[72.80663480000001, 21.101475999999998], [72.8066155, 21.101425799999998], [72.8067238, 21.101389599999994], [72.8067431, 21.1014398], [72.80663480000001, 21.101475999999998]]]}}, {"type": "Feature", "properties": {"layer": "building", "distance_m": 418.4, "source": "Microsoft ML Buildings", "in_industrial_zone": false, "ghsl_2018": 0}, "geometry": {"type": "Polygon", "coordinates": [[[72.8068747, 21.102358899999995], [72.8068154, 21.1023897], [72.8067812, 21.102332499999996], [72.8068405, 21.102301600000008], [72.8068747, 21.102358899999995]]]}}, {"type": "Feature", "properties": {"layer": "building", "distance_m": 301.2, "source": "Microsoft ML Buildings", "in_industrial_zone": false, "ghsl_2018": 0}, "geometry": {"type": "Polygon", "coordinates": [[[72.80753850000002, 21.103560800000004], [72.8076028, 21.103539499999997], [72.80764080000002, 21.103639599999994], [72.80757649999998, 21.103660799999997], [72.80753850000002, 21.103560800000004]]]}}, {"type": "Feature", "properties": {"layer": "building", "distance_m": 221.9, "source": "Google Open Buildings", "in_industrial_zone": false, "ghsl_2018": 0}, "geometry": {"type": "Polygon", "coordinates": [[[72.80815119999998, 21.1043978], [72.80819830000002, 21.104504100000003], [72.80812630000001, 21.10453220000001], [72.80807919999998, 21.104425999999993], [72.80815119999998, 21.1043978]]]}}, {"type": "Feature", "properties": {"layer": "building", "distance_m": 305.5, "source": "Microsoft ML Buildings", "in_industrial_zone": false, "ghsl_2018": 0}, "geometry": {"type": "Polygon", "coordinates": [[[72.8085242, 21.112458099999998], [72.8084324, 21.1124647], [72.8084284, 21.112415899999995], [72.8085202, 21.112409399999997], [72.8085242, 21.112458099999998]]]}}, {"type": "Feature", "properties": {"layer": "building", "distance_m": 189.0, "source": "Google Open Buildings", "in_industrial_zone": false, "ghsl_2018": 0}, "geometry": {"type": "Polygon", "coordinates": [[[72.8076105, 21.111284399999995], [72.8076435, 21.111284800000004], [72.8076431, 21.111311900000004], [72.8076101, 21.1113115], [72.8076105, 21.111284399999995]]]}}, {"type": "Feature", "properties": {"layer": "building", "distance_m": 94.8, "source": "OpenStreetMap", "in_industrial_zone": true, "ghsl_2018": 0}, "geometry": {"type": "Polygon", "coordinates": [[[72.8073627, 21.108654500000004], [72.8074288, 21.108520000000006], [72.8078491, 21.108699800000004], [72.807783, 21.1088343], [72.8073627, 21.108654500000004]]]}}, {"type": "Feature", "properties": {"layer": "building", "distance_m": 87.0, "source": "OpenStreetMap", "in_industrial_zone": true, "ghsl_2018": 0}, "geometry": {"type": "Polygon", "coordinates": [[[72.8071805, 21.109009700000005], [72.8072426, 21.108884299999993], [72.807548, 21.10901610000001], [72.8075911, 21.108929099999997], [72.8077486, 21.108997100000003], [72.8076432, 21.109209499999995], [72.8071805, 21.109009700000005]]]}}, {"type": "Feature", "properties": {"layer": "building", "distance_m": 66.6, "source": "Microsoft ML Buildings", "in_industrial_zone": false, "ghsl_2018": 0}, "geometry": {"type": "Polygon", "coordinates": [[[72.8074371, 21.108034499999988], [72.8073845, 21.1080112], [72.8074644, 21.10785389999999], [72.807517, 21.107877200000004], [72.8074371, 21.108034499999988]]]}}, {"type": "Feature", "properties": {"layer": "building", "distance_m": 63.9, "source": "OpenStreetMap", "in_industrial_zone": true, "ghsl_2018": 0}, "geometry": {"type": "Polygon", "coordinates": [[[72.8074322, 21.1094389], [72.8070516, 21.109277900000006], [72.8071103, 21.109157200000002], [72.8074909, 21.109318100000003], [72.8074322, 21.1094389]]]}}, {"type": "Feature", "properties": {"layer": "building", "distance_m": 81.3, "source": "OpenStreetMap", "in_industrial_zone": true, "ghsl_2018": 0}, "geometry": {"type": "Polygon", "coordinates": [[[72.8072824, 21.1096919], [72.8072013, 21.109657999999992], [72.8072816, 21.109491], [72.8073626, 21.109524900000004], [72.8072824, 21.1096919]]]}}, {"type": "Feature", "properties": {"layer": "building", "distance_m": 173.5, "source": "Microsoft ML Buildings", "in_industrial_zone": false, "ghsl_2018": 0}, "geometry": {"type": "Polygon", "coordinates": [[[72.8072644, 21.1119731], [72.8072633, 21.1119256], [72.807313, 21.111924600000002], [72.8073141, 21.111972100000003], [72.8072644, 21.1119731]]]}}, {"type": "Feature", "properties": {"layer": "building", "distance_m": 425.7, "source": "Microsoft ML Buildings", "in_industrial_zone": false, "ghsl_2018": 0}, "geometry": {"type": "Polygon", "coordinates": [[[72.8100372, 21.1113606], [72.810077, 21.111283299999997], [72.8101402, 21.11131170000001], [72.8101004, 21.111388899999994], [72.8100372, 21.1113606]]]}}, {"type": "Feature", "properties": {"layer": "building", "distance_m": 403.1, "source": "Microsoft ML Buildings", "in_industrial_zone": false, "ghsl_2018": 0}, "geometry": {"type": "Polygon", "coordinates": [[[72.809818, 21.111427099999993], [72.8097817, 21.111418200000003], [72.8097924, 21.111380800000003], [72.8098286, 21.1113897], [72.809818, 21.111427099999993]]]}}, {"type": "Feature", "properties": {"layer": "building", "distance_m": 252.5, "source": "OpenStreetMap", "in_industrial_zone": true, "ghsl_2018": 0}, "geometry": {"type": "Polygon", "coordinates": [[[72.8090644, 21.108701900000003], [72.8090438, 21.10864510000001], [72.8096949, 21.108439099999995], [72.8097349, 21.108549000000004], [72.809344, 21.108672600000002], [72.80937409999999, 21.108755499999997], [72.80911380000002, 21.1088378], [72.8090644, 21.108701900000003]]]}}, {"type": "Feature", "properties": {"layer": "building", "distance_m": 307.8, "source": "Google Open Buildings", "in_industrial_zone": true, "ghsl_2018": 0}, "geometry": {"type": "Polygon", "coordinates": [[[72.8095922, 21.108797700000004], [72.8096061, 21.108838100000003], [72.8095637, 21.1088509], [72.8095499, 21.108810399999996], [72.8095922, 21.108797700000004]]]}}, {"type": "Feature", "properties": {"layer": "building", "distance_m": 431.3, "source": "Microsoft ML Buildings", "in_industrial_zone": false, "ghsl_2018": 0}, "geometry": {"type": "Polygon", "coordinates": [[[72.809713, 21.112332399999993], [72.8097249, 21.112295599999996], [72.8097604, 21.112305600000006], [72.8097485, 21.1123423], [72.809713, 21.112332399999993]]]}}, {"type": "Feature", "properties": {"layer": "building", "distance_m": 317.3, "source": "Google Open Buildings", "in_industrial_zone": true, "ghsl_2018": 0}, "geometry": {"type": "Polygon", "coordinates": [[[72.80971920000002, 21.1087595], [72.809733, 21.10879999999999], [72.8096828, 21.108815099999997], [72.809669, 21.108774599999997], [72.80971920000002, 21.1087595]]]}}, {"type": "Feature", "properties": {"layer": "building", "distance_m": 238.4, "source": "Google Open Buildings", "in_industrial_zone": true, "ghsl_2018": 0}, "geometry": {"type": "Polygon", "coordinates": [[[72.8097077, 21.1064401], [72.8097533, 21.106460700000007], [72.80973780000001, 21.106491], [72.8096922, 21.106470399999996], [72.8097077, 21.1064401]]]}}, {"type": "Feature", "properties": {"layer": "building", "distance_m": 231.3, "source": "Google Open Buildings", "in_industrial_zone": true, "ghsl_2018": 0}, "geometry": {"type": "Polygon", "coordinates": [[[72.80962420000002, 21.1064735], [72.8096544, 21.1064661], [72.8096651, 21.106504400000006], [72.8096348, 21.106511799999996], [72.80962420000002, 21.1064735]]]}}, {"type": "Feature", "properties": {"layer": "building", "distance_m": 362.6, "source": "Microsoft ML Buildings", "in_industrial_zone": false, "ghsl_2018": 0}, "geometry": {"type": "Polygon", "coordinates": [[[72.8098188, 21.0992019], [72.8097986, 21.099142899999997], [72.8098557, 21.099125900000004], [72.809876, 21.099184899999997], [72.8098188, 21.0992019]]]}}, {"type": "Feature", "properties": {"layer": "building", "distance_m": 262.4, "source": "Google Open Buildings", "in_industrial_zone": true, "ghsl_2018": 0}, "geometry": {"type": "Polygon", "coordinates": [[[72.8099734, 21.10682909999999], [72.8099345, 21.1068658], [72.8099087, 21.1068417], [72.8099476, 21.106804999999998], [72.8099734, 21.10682909999999]]]}}, {"type": "Feature", "properties": {"layer": "building", "distance_m": 279.4, "source": "Google Open Buildings", "in_industrial_zone": true, "ghsl_2018": 0}, "geometry": {"type": "Polygon", "coordinates": [[[72.80997220000002, 21.105738799999994], [72.8100621, 21.105775199999997], [72.8100511, 21.1057992], [72.8099611, 21.1057628], [72.80997220000002, 21.105738799999994]]]}}, {"type": "Feature", "properties": {"layer": "building", "distance_m": 227.4, "source": "OpenStreetMap", "in_industrial_zone": true, "ghsl_2018": 0}, "geometry": {"type": "Polygon", "coordinates": [[[72.8097712, 21.106957399999995], [72.8095661, 21.1068662], [72.81034840000001, 21.105335799999995], [72.8105531, 21.1054269], [72.8097712, 21.106957399999995]]]}}, {"type": "Feature", "properties": {"layer": "building", "distance_m": 469.7, "source": "Microsoft ML Buildings", "in_industrial_zone": false, "ghsl_2018": 0}, "geometry": {"type": "Polygon", "coordinates": [[[72.8103687, 21.100245699999995], [72.8104185, 21.100232799999997], [72.8104392, 21.100302499999998], [72.8103893, 21.100315399999992], [72.8103687, 21.100245699999995]]]}}, {"type": "Feature", "properties": {"layer": "building", "distance_m": 473.8, "source": "Microsoft ML Buildings", "in_industrial_zone": false, "ghsl_2018": 0}, "geometry": {"type": "Polygon", "coordinates": [[[72.81106160000002, 21.095309199999996], [72.81102270000001, 21.095338599999998], [72.8109755, 21.095284099999997], [72.81101440000002, 21.095254799999985], [72.81106160000002, 21.095309199999996]]]}}, {"type": "Feature", "properties": {"layer": "building", "distance_m": 305.9, "source": "OpenStreetMap", "in_industrial_zone": true, "ghsl_2018": 0}, "geometry": {"type": "Polygon", "coordinates": [[[72.8101888, 21.107583699999996], [72.8101572, 21.107537499999996], [72.8116622, 21.1066413], [72.8119649, 21.1070838], [72.8104597, 21.107979800000003], [72.8102415, 21.107660899999996], [72.8101888, 21.107583699999996]]]}}, {"type": "Feature", "properties": {"layer": "building", "distance_m": 404.7, "source": "Microsoft ML Buildings", "in_industrial_zone": true, "ghsl_2018": 0}, "geometry": {"type": "Polygon", "coordinates": [[[72.81126740000002, 21.106127899999997], [72.811262, 21.106083500000004], [72.8113293, 21.1060764], [72.8113346, 21.106120899999997], [72.81126740000002, 21.106127899999997]]]}}, {"type": "Feature", "properties": {"layer": "flood_100yr"}, "geometry": {"type": "MultiPolygon", "coordinates": [[[[72.8087514688688, 21.074566666674784], [72.80958480220444, 21.07456666667479], [72.80958480220444, 21.075400000008113], [72.81041813554008, 21.07540000000812], [72.81041813554008, 21.07706666667478], [72.80958480220444, 21.07706666667478], [72.80958480220444, 21.079566666674776], [72.81041813554008, 21.079566666674776], [72.81041813554008, 21.08456666667477], [72.81125146887571, 21.084566666674778], [72.81125146887571, 21.08540000000811], [72.81375146888261, 21.08540000000811], [72.81375146888261, 21.087066666674772], [72.81458480221825, 21.087066666674772], [72.81458480221825, 21.0879000000081], [72.81625146888952, 21.08790000000811], [72.81625146888952, 21.089566666674763], [72.8179181355608, 21.089566666674767], [72.81791813556079, 21.090400000008096], [72.82125146890334, 21.0904000000081], [72.82125146890334, 21.087066666674772], [72.82208480223896, 21.08706666667478], [72.82208480223896, 21.085400000008107], [72.8229181355746, 21.085400000008107], [72.82291813557461, 21.084566666674775], [72.8254181355815, 21.084566666674778], [72.8254181355815, 21.08290000000811], [72.82555455174105, 21.082900000958603], [72.82486141051348, 21.082084427496085], [72.82324423622192, 21.080518858125078], [72.82147373837527, 21.07910697234796], [72.81956642647835, 21.077861932506053], [72.81937110574037, 21.077747151343875], [72.81716155986794, 21.076595675160892], [72.81483553306136, 21.07566807844066], [72.81377507861868, 21.075363799050702], [72.81365684416568, 21.07532247114732], [72.81150234064691, 21.07467586913865], [72.8103991789819, 21.07439769652855], [72.8087514688687, 21.07405170149703], [72.8087514688688, 21.074566666674784]]], [[[72.82791813558842, 21.091233333341435], [72.82708480225278, 21.09123333334143], [72.82708480225277, 21.092066666674764], [72.82458480224588, 21.092066666674764], [72.82458480224585, 21.092900000008104], [72.82208480223896, 21.0929000000081], [72.82208480223896, 21.09456666667477], [72.81041813554008, 21.094566666674762], [72.81041813554008, 21.092066666674768], [72.80958480220444, 21.092066666674764], [72.80958480220444, 21.09123333334143], [72.8087514688688, 21.091233333341435], [72.8087514688688, 21.0904000000081], [72.80708480219754, 21.090400000008103], [72.80708480219754, 21.089566666674763], [72.8062514688619, 21.089566666674767], [72.8062514688619, 21.08790000000811], [72.80458480219063, 21.0879000000081], [72.80458480219063, 21.087066666674776], [72.80208480218371, 21.087066666674776], [72.80208480218371, 21.08623333334144], [72.8012514688481, 21.08623333334144], [72.8012514688481, 21.08540000000811], [72.80041813551246, 21.085400000008107], [72.80041813551246, 21.08456666667477], [72.79875146884119, 21.084566666674778], [72.79875146884119, 21.08290000000811], [72.7962514688343, 21.082900000008106], [72.7962514688343, 21.082066666674777], [72.79541813549865, 21.082066666674784], [72.79541813549865, 21.08040000000812], [72.79458480216302, 21.080400000008115], [72.79458480217482, 21.074616724466487], [72.79409749339754, 21.074744981780075], [72.79185290539064, 21.075570951528697], [72.78970764128971, 21.076603609292462], [72.7876832401527, 21.077832587914738], [72.78580002907273, 21.07924554904211], [72.7840769192076, 21.080828306857825], [72.78253121594707, 21.08256497035698], [72.78117844512055, 21.084438102742343], [72.78003219699004, 21.086428896348092], [72.77910398959831, 21.088517361342408], [72.77840315285134, 21.09068252632166], [72.77793673450815, 21.0929026487878], [72.77770942903526, 21.095155433401292], [72.77772353005412, 21.097418255821893], [72.77785286943941, 21.099584305591176], [72.77785511217616, 21.099621320189044], [72.77786260145116, 21.099743159694523], [72.77811067198196, 21.101925943261836], [72.77858344544813, 21.104075805143367], [72.77887061851202, 21.104944611562622], [72.77881780228503, 21.10533684910445], [72.77876118018021, 21.10727290456098], [72.77875974844477, 21.107282564858693], [72.77871588510426, 21.107732574848487], [72.77870446467564, 21.107987332508248], [72.77867067276651, 21.10822307771012], [72.77866730031518, 21.108312251062202], [72.77861484730506, 21.108607335221183], [72.77845467704167, 21.110757450284723], [72.77851370828483, 21.112912099594205], [72.77852787395659, 21.113092747941934], [72.77855536452533, 21.11350171955782], [72.77857826947768, 21.11369266075208], [72.77868397064645, 21.115128356442867], [72.77907685826256, 21.11731332379979], [72.77969610932995, 21.11945163364489], [72.78053576912272, 21.12152269095099], [72.78158775912262, 21.123506547603657], [72.78284195452218, 21.12538409462891], [72.78428628149094, 21.127137246364065], [72.78590683327747, 21.128749114792488], [72.78768800403574, 21.13020417235699], [72.78961263909098, 21.13148840167732], [72.79166220019874, 21.132589430722664], [72.7938169442037, 21.133496652130688], [72.7960561133727, 21.1342013255172], [72.79641097560045, 21.13429509742151], [72.79984791013624, 21.13495406766174], [72.80014679918553, 21.13499033786035], [72.80142949455974, 21.135113312620483], [72.80170022355422, 21.13513240809606], [72.80182220505078, 21.135140719365758], [72.80219086799009, 21.135164954545047], [72.80263089684132, 21.13519008281849], [72.80296719692109, 21.135206387862713], [72.80387287357988, 21.135261906828873], [72.80416256696901, 21.135270155797507], [72.80648988015817, 21.135230751744878], [72.80880224484592, 21.134980567170796], [72.81107802118882, 21.134521943378058], [72.8132959122078, 21.13385917227628], [72.81543516333933, 21.13299845616497], [72.8174757568772, 21.131947849617987], [72.81939859947502, 21.130717184016742], [72.82118570094605, 21.129317975442692], [72.82282034268017, 21.127763316796038], [72.82428723409807, 21.126067755155663], [72.82449957502605, 21.12579648250035], [72.82561321913995, 21.12420044701732], [72.82562333792944, 21.124206457765826], [72.82584987461226, 21.123870722633598], [72.82590064938911, 21.123788505341636], [72.8259171953932, 21.12376479171721], [72.82610429436794, 21.12346230721521], [72.82610265095711, 21.123461412314537], [72.82679626239191, 21.12233826233736], [72.82761170701166, 21.120740913374473], [72.8277562346752, 21.120426731033643], [72.82858583656319, 21.118347935911896], [72.82862032920764, 21.118226246252707], [72.8286422208707, 21.118177355103107], [72.82944106507992, 21.116118893608228], [72.82983507874738, 21.114683879495004], [72.83003674372597, 21.1142276007392], [72.83070448471075, 21.112193750180534], [72.83116518313483, 21.110109941830213], [72.83141475481742, 21.107994688515763], [72.83145099161533, 21.105866781649134], [72.8312735807235, 21.103745124264083], [72.83088410713108, 21.10164856308981], [72.83084999150512, 21.101505218014974], [72.83061305638812, 21.100699365922008], [72.83067651524479, 21.10037895661728], [72.83087925803068, 21.098286730466743], [72.83087391114653, 21.09618587679847], [72.83066052963252, 21.094094582070714], [72.83061651147581, 21.09380562697011], [72.83017701330803, 21.091664466794565], [72.82951951148154, 21.089573072181395], [72.82865014585623, 21.08755094434811], [72.82791813557775, 21.086231695251207], [72.82791813558842, 21.091233333341435]]]]}}, {"type": "Feature", "properties": {"layer": "permanent_water_jrc"}, "geometry": {"type": "MultiPolygon", "coordinates": [[[[72.79875146884119, 21.087066666674772], [72.79958480217682, 21.087066666674772], [72.79958480217682, 21.087900000008098], [72.80041813551246, 21.08790000000811], [72.80041813551246, 21.08456666667477], [72.7962514688343, 21.084566666674778], [72.7962514688343, 21.085400000008104], [72.79875146884119, 21.085400000008107], [72.79875146884119, 21.087066666674772]]], [[[72.80041813551244, 21.095400000008087], [72.80041813551246, 21.094566666674766], [72.79958480217682, 21.09456666667477], [72.79958480217682, 21.095400000008087], [72.80041813551244, 21.095400000008087]]], [[[72.77875146878596, 21.102900000008095], [72.77875146878596, 21.101233333341426], [72.77803195699306, 21.101233333582883], [72.77811067198196, 21.101925943261836], [72.77832487397387, 21.10290000051967], [72.77875146878596, 21.102900000008095]]], [[[72.78625146880667, 21.102066666674755], [72.78541813547103, 21.102066666674755], [72.78541813547103, 21.102900000008095], [72.78625146880667, 21.102900000008088], [72.78625146880667, 21.102066666674755]]], [[[72.77875146878596, 21.103733333341427], [72.77850813205366, 21.10373333376472], [72.77858344544813, 21.104075805143367], [72.77875146878762, 21.104584140173095], [72.77875146878596, 21.103733333341427]]], [[[72.80125146884808, 21.110400000008088], [72.80041813551246, 21.11040000000808], [72.80041813551246, 21.11123333334142], [72.80125146884808, 21.11123333334142], [72.80125146884808, 21.110400000008088]]], [[[72.80041813551246, 21.127066666674736], [72.79958480217682, 21.127066666674732], [72.79958480217682, 21.12790000000806], [72.80041813551246, 21.12790000000807], [72.80041813551246, 21.127066666674736]]], [[[72.8062514688619, 21.091233333341435], [72.8062514688619, 21.090400000008103], [72.80541813552627, 21.090400000008103], [72.80541813552627, 21.09123333334144], [72.8062514688619, 21.091233333341435]]], [[[72.8012514688481, 21.092066666674768], [72.80041813551246, 21.09206666667477], [72.80041813551246, 21.0929000000081], [72.80125146884808, 21.092900000008104], [72.8012514688481, 21.092066666674768]]], [[[72.80708480219754, 21.092066666674764], [72.8062514688619, 21.092066666674764], [72.8062514688619, 21.092900000008104], [72.80708480219754, 21.092900000008104], [72.80708480219754, 21.092066666674764]]], [[[72.8087514688688, 21.095400000008095], [72.8087514688688, 21.09456666667477], [72.80708480219754, 21.09456666667477], [72.80708480219754, 21.095400000008095], [72.8087514688688, 21.095400000008095]]], [[[72.81125146887571, 21.100400000008094], [72.81041813554008, 21.10040000000809], [72.81041813554008, 21.101233333341426], [72.81125146887571, 21.10123333334143], [72.81125146887571, 21.100400000008094]]], [[[72.803751468855, 21.102900000008088], [72.80208480218373, 21.102900000008088], [72.80208480218373, 21.103733333341427], [72.803751468855, 21.10373333334142], [72.803751468855, 21.102900000008088]]], [[[72.82208480223896, 21.102900000008088], [72.82125146890334, 21.102900000008095], [72.82125146890334, 21.103733333341424], [72.82208480223896, 21.103733333341424], [72.82208480223896, 21.102900000008088]]], [[[72.80958480220444, 21.103733333341424], [72.8087514688688, 21.103733333341427], [72.8087514688688, 21.10540000000809], [72.80958480220444, 21.105400000008093], [72.80958480220444, 21.103733333341424]]], [[[72.81708480222515, 21.10540000000809], [72.8162514688895, 21.105400000008085], [72.81625146888952, 21.106233333341425], [72.81708480222515, 21.10623333334142], [72.81708480222515, 21.10540000000809]]], [[[72.80458480219063, 21.111233333341424], [72.80375146885501, 21.111233333341417], [72.803751468855, 21.11206666667475], [72.80458480219063, 21.112066666674757], [72.80458480219063, 21.111233333341424]]]]}}, {"type": "Feature", "properties": {"layer": "airport", "name": "Surat Airport", "icao": "VASU", "distance_m": 4630.4}, "geometry": {"type": "Polygon", "coordinates": [[[72.731534, 21.099059], [72.7288817, 21.101174500000003], [72.7310433, 21.10589939999999], [72.7308464, 21.1058871], [72.7309496, 21.106130199999996], [72.7311554, 21.106138899999998], [72.7329439, 21.1101295], [72.7347202, 21.114105299999995], [72.7347693, 21.114215100000003], [72.7367656, 21.1186842], [72.7374334, 21.120179199999995], [72.7412173, 21.12868379999999], [72.74204129999998, 21.1281287], [72.7447352, 21.1294921], [72.7455305, 21.127785199999995], [72.74706800000001, 21.127100099999993], [72.74778570000001, 21.12721549999999], [72.7478199, 21.1270383], [72.7488791, 21.127076099999996], [72.7500651, 21.127099799999996], [72.75066120000001, 21.127085599999997], [72.7521491, 21.1273677], [72.755094, 21.1282816], [72.7563572, 21.129382500000002], [72.7567716, 21.1296806], [72.7572342, 21.1300452], [72.7576389, 21.1303402], [72.75786309999998, 21.1305473], [72.75917779999999, 21.1317616], [72.76216929999998, 21.1301112], [72.7603613, 21.128332899999993], [72.7593937, 21.127369399999996], [72.7552438, 21.1235276], [72.7541833, 21.1225459], [72.75350510000001, 21.1219063], [72.7498244, 21.1183615], [72.738734, 21.107231800000005], [72.7386078, 21.1073127], [72.7385631, 21.107835699999995], [72.7378747, 21.1080178], [72.7375951, 21.107268299999998], [72.737493, 21.1068882], [72.7374865, 21.1068047], [72.7374954, 21.1063956], [72.7374222, 21.1058843], [72.7362961, 21.104594199999998], [72.731534, 21.099059]]]}}, {"type": "Feature", "properties": {"layer": "airport_reference_point", "name": "Surat Airport", "icao": "VASU", "distance_m": 6173.1}, "geometry": {"type": "Point", "coordinates": [72.743251, 21.115531]}}]}