{"type": "FeatureCollection", "features": [{"type": "Feature", "properties": {"layer": "outline_2026", "site": "GNR-01"}, "geometry": {"type": "Polygon", "coordinates": [[[72.68084042130415, 23.250210483103373], [72.68056793866786, 23.250343588122334], [72.6804397347521, 23.250764750082137], [72.6805196487952, 23.250937923375645], [72.68016041433758, 23.251429541563656], [72.68021849976432, 23.251639568548953], [72.6798889713325, 23.252619905088764], [72.67977337482547, 23.252476661865558], [72.68010117756623, 23.25146875685103], [72.67999543487275, 23.251421363825205], [72.6804622111845, 23.250525286164436], [72.6804295366437, 23.250401362798897], [72.67921215298989, 23.25039608922433], [72.6786098579103, 23.250450047247657], [72.67861913836379, 23.250815733689986], [72.67883850202116, 23.251331632692366], [72.67900497933589, 23.25173432591609], [72.67913370510426, 23.251954673028333], [72.67929287105237, 23.25215079391928], [72.67946992819716, 23.252288546343745], [72.67973289947778, 23.252467914575426], [72.67987380268784, 23.252628696929705], [72.67991546111313, 23.252925685324925], [72.6798147003578, 23.25362043307952], [72.67963520111616, 23.254364285477372], [72.67963399076282, 23.254477657812146], [72.67955963466201, 23.254479392937736], [72.6794493963257, 23.254723743932196], [72.67948283537952, 23.254792540327642], [72.67941657877229, 23.255037833883357], [72.67914961262886, 23.25500207867794], [72.67914580895149, 23.255274574824586], [72.67904525584488, 23.255641886923037], [72.6790299600084, 23.255951284889647], [72.6789469920908, 23.256143269297937], [72.67880818722956, 23.256417099840792], [72.67865448327053, 23.256443004353024], [72.67849105874608, 23.25616545245584], [72.6784202806339, 23.25587446911582], [72.6783181009117, 23.255535904086177], [72.67813986771854, 23.255400466174766], [72.67804268816022, 23.255218711212613], [72.67779387962825, 23.254826698396936], [72.67792852344799, 23.254605210642406], [72.67781607516622, 23.253930601904916], [72.6776772155246, 23.253840801894125], [72.67771022474652, 23.25360484266788], [72.67722477922382, 23.253220437589995], [72.6772153821581, 23.252840491107452], [72.67817599660748, 23.252804175679852], [72.67820721020561, 23.25220249217062], [72.67758449139758, 23.25217396834255], [72.67754699801137, 23.25200508506559], [72.67769714310492, 23.251852001531358], [72.67777031715787, 23.251670989303253], [72.67761562628876, 23.25140987848434], [72.67765548311397, 23.25132566429576], [72.67778873982832, 23.25124067838837], [72.67779979172207, 23.25080287862737], [72.67804545944551, 23.250657652688034], [72.67842332715132, 23.25051050564798], [72.67847034452572, 23.250038987387157], [72.67849092501417, 23.2498167311461], [72.678663665928, 23.249795470784456], [72.6787566318063, 23.249658414238983], [72.67875703381243, 23.24956194973432], [72.67886215387864, 23.2493791483017], [72.67911300230342, 23.249262477160446], [72.67980805363393, 23.24934288738706], [72.67976453083675, 23.24956030484418], [72.68013886698661, 23.249654762338707], [72.68025742222115, 23.24936004610574], [72.68070448443964, 23.249311697376427], [72.68101549583301, 23.24947238975923], [72.68086538126163, 23.24971975438719], [72.68094940326591, 23.24994864741506], [72.68113634073437, 23.250061013244853], [72.6811633306437, 23.250157504454986], [72.68109534887107, 23.250283889111746], [72.68084042130415, 23.250210483103373]]]}}, {"type": "Feature", "properties": {"layer": "union_2016_2026", "site": "GNR-01"}, "geometry": {"type": "MultiPolygon", "coordinates": [[[[72.67958021680828, 23.24798737169435], [72.67966877120844, 23.248145990521607], [72.6798146128127, 23.248251993507516], [72.67998760608181, 23.248348744444623], [72.6801119850821, 23.2484228918558], [72.6801663405814, 23.248460665998028], [72.6802360911471, 23.248519209720452], [72.68031709512829, 23.248546631067928], [72.68060054052715, 23.24885332289164], [72.68071013556767, 23.248977835345265], [72.68090885639826, 23.248649890237868], [72.68110455200458, 23.24850382740174], [72.68109770327519, 23.2484633697951], [72.68112906158547, 23.248441429998973], [72.68107964336193, 23.248356684099814], [72.6809771885562, 23.24775144836366], [72.68081121820867, 23.247678254063334], [72.68080849144084, 23.24766907796712], [72.68080679489819, 23.247668745821915], [72.68079536094153, 23.24763240215261], [72.68060206916735, 23.24758601724865], [72.67985972376945, 23.247725787286296], [72.67958021680828, 23.24798737169435]]], [[[72.67804545944551, 23.250657652688034], [72.67779979172207, 23.25080287862737], [72.67778873982832, 23.25124067838837], [72.67765548311397, 23.25132566429576], [72.67761562628876, 23.25140987848434], [72.67777031715787, 23.251670989303253], [72.67769714310492, 23.251852001531358], [72.67754699801137, 23.25200508506559], [72.67758449139758, 23.25217396834255], [72.67820721020561, 23.25220249217062], [72.67817599660748, 23.252804175679852], [72.6772153821581, 23.252840491107452], [72.67722477922382, 23.253220437589995], [72.67771022474652, 23.25360484266788], [72.6776772155246, 23.253840801894125], [72.67781607516622, 23.253930601904916], [72.67792852344799, 23.254605210642406], [72.67779387962825, 23.254826698396936], [72.67804268816022, 23.255218711212613], [72.67813986771854, 23.255400466174766], [72.6783181009117, 23.255535904086177], [72.6784202806339, 23.25587446911582], [72.67849105874608, 23.25616545245584], [72.67865448327053, 23.256443004353024], [72.67880818722956, 23.256417099840792], [72.6789469920908, 23.256143269297937], [72.6790299600084, 23.255951284889647], [72.67904525584488, 23.255641886923037], [72.67914580895149, 23.255274574824586], [72.67914961262886, 23.25500207867794], [72.67941657877229, 23.255037833883357], [72.67948283537952, 23.254792540327642], [72.6794493963257, 23.254723743932196], [72.67955963466201, 23.254479392937736], [72.67963399076282, 23.254477657812146], [72.67963520111616, 23.254364285477372], [72.6798147003578, 23.25362043307952], [72.67991546111313, 23.252925685324925], [72.67987380268784, 23.252628696929705], [72.67988332380213, 23.252612906871516], [72.6798889713325, 23.252619905088764], [72.67990140127883, 23.252582926711277], [72.68012111286065, 23.2522185499189], [72.6802721449252, 23.251774776434775], [72.68018944118268, 23.251399853268136], [72.68019764451321, 23.25137859168672], [72.6805196487952, 23.250937923375645], [72.68045686730233, 23.25080187626145], [72.68046899334632, 23.25078320966348], [72.68046622009037, 23.250677743510494], [72.68056793866786, 23.250343588122334], [72.68084042130415, 23.250210483103373], [72.68109534887107, 23.250283889111746], [72.6811633306437, 23.250157504454986], [72.68113634073437, 23.250061013244853], [72.68094940326591, 23.24994864741506], [72.68086538126163, 23.24971975438719], [72.68101549583301, 23.24947238975923], [72.68070713256242, 23.249313065604202], [72.68072494301555, 23.249068866026533], [72.68039797505432, 23.248984704327984], [72.68025742222115, 23.24936004610574], [72.68003439575007, 23.24937646618675], [72.67980805363393, 23.24934288738706], [72.67911300230342, 23.249262477160446], [72.67886215387864, 23.2493791483017], [72.67875703381243, 23.24956194973432], [72.6787566318063, 23.249658414238983], [72.678663665928, 23.249795470784456], [72.67849092501417, 23.2498167311461], [72.67847034452572, 23.250038987387157], [72.67844391036616, 23.250304085506723], [72.67842223248363, 23.25034217940228], [72.67842332715132, 23.25051050564798], [72.67804545944551, 23.250657652688034]]]]}}, {"type": "Feature", "properties": {"layer": "buffer_100m", "site": "GNR-01"}, "geometry": {"type": "Polygon", "coordinates": [[[72.67657085732459, 23.252161773914604], [72.67650271659943, 23.25222267244348], [72.67644128253228, 23.252289385126097], [72.67638713326951, 23.25236128415103], [72.67634077840503, 23.252437692898837], [72.67630265418441, 23.252517892309303], [72.67627311939906, 23.252601127648116], [72.67625245200927, 23.252686615609278], [72.67624084652788, 23.252773551686474], [72.67623841218912, 23.252861117743958], [72.67624780648823, 23.253241064283873], [72.67625413134448, 23.253325046585996], [72.67626889352255, 23.253408119604668], [72.67629196471815, 23.25348956123003], [72.67632314440009, 23.253568663531784], [72.67636216155293, 23.253644738912968], [72.67640867703237, 23.253717126087004], [72.67646228651283, 23.253785195826097], [72.67652252400183, 23.253848356430975], [72.67658886589037, 23.253906058874467], [72.67671760893317, 23.254008006126437], [72.67673469557164, 23.254079328610743], [72.67676481543089, 23.254164213235793], [72.67680386538655, 23.254245932519467], [72.67685146325357, 23.254323686635406], [72.67690441503173, 23.2543931364167], [72.67691211614485, 23.254439339539328], [72.6769003985995, 23.254460951838322], [72.6768669588235, 23.25454069150236], [72.67684183303935, 23.25462299653227], [72.67682524662774, 23.254707128694506], [72.67681734837669, 23.254792333365693], [72.6768182091462, 23.2548778463012], [72.67682782123232, 23.254962900489954], [72.67684609843548, 23.25504673303421], [72.67687287683312, 23.255128591992424], [72.67690791624948, 23.25520774312394], [72.67695090240936, 23.25528347647492], [72.6771820192672, 23.25564761866832], [72.67726370921028, 23.255800405219677], [72.67731438030887, 23.255883751293847], [72.67737430398303, 23.25596168047066], [72.6774428085859, 23.25603331927092], [72.67745741867667, 23.256045675715896], [72.67747226789207, 23.25609487855288], [72.67753759174012, 23.256363446092223], [72.67756142902327, 23.256443883841392], [72.67759319678397, 23.25652194638285], [72.67763262403142, 23.25659696778082], [72.67779604730482, 23.25687452055591], [72.67784497386188, 23.25694884646713], [72.67790141449873, 23.25701847707253], [72.67796484532934, 23.257082766042103], [72.67803467758033, 23.257141116627462], [72.67811026305581, 23.257192987201254], [72.67819090015436, 23.25723789628492], [72.67827584038139, 23.257275427018158], [72.67836429529716, 23.257305231028514], [72.67845544383563, 23.25732703166529], [72.67854843992622, 23.257340626567636], [72.67864242034767, 23.257345889543046], [72.67873651274137, 23.257342771738774], [72.67882984370918, 23.257331302095338], [72.67898354865264, 23.257305397414438], [72.67907417473837, 23.257285964421285], [72.67916239013739, 23.257258656875543], [72.67924739534155, 23.257223722269632], [72.67932841993884, 23.257181477221003], [72.67940472959606, 23.25713230460234], [72.67947563271427, 23.257076650071447], [72.67954048669705, 23.257015018031936], [72.6795987037744, 23.25694796706157], [72.67964975632965, 23.256876104849614], [72.67969318168119, 23.256800082689065], [72.67983198513154, 23.256526251377473], [72.67985456441352, 23.25647811330785], [72.67993753123883, 23.25628612842835], [72.67997219772604, 23.25619081146784], [72.67999517894405, 23.256092524035214], [72.68000618991486, 23.255992485051937], [72.68001696263376, 23.255774546926048], [72.68002568480472, 23.255742684781772], [72.68007418734891, 23.255705761189056], [72.68014176794324, 23.255643097763176], [72.68020238777825, 23.255574624753937], [72.68025546500336, 23.255500999401807], [72.68030049016853, 23.255422928401092], [72.68033703111398, 23.255341161116487], [72.68036473711766, 23.255256482390106], [72.68043099209842, 23.255011188441273], [72.68043471744784, 23.254993938047416], [72.68044832572451, 23.254976827134684], [72.68049634980206, 23.254902421694666], [72.68053643568776, 23.25482410626172], [72.6805682143973, 23.25474260174473], [72.6805913934173, 23.25465865840742], [72.6806057593974, 23.254573048961884], [72.68061118011357, 23.254486561455547], [72.68061137681667, 23.254468123941766], [72.68076851077274, 23.25381693458352], [72.68078327344207, 23.253740362363796], [72.68088402926949, 23.253045613998566], [72.6808916600959, 23.252967065105757], [72.68089184407309, 23.25288820057334], [72.6808845798107, 23.25280962201204], [72.68087394862701, 23.252733834935302], [72.68115174052318, 23.251907394849596], [72.68117440002368, 23.251827138260893], [72.68118899387333, 23.251745299033225], [72.68119539894782, 23.25166256770515], [72.68119462907569, 23.2516278281564], [72.68132954075082, 23.25144319730183], [72.68137994425975, 23.25136620612107], [72.68142180440991, 23.25128496183126], [72.68145470551586, 23.251200271246354], [72.68147784749496, 23.25111472524644], [72.68147924028429, 23.251114250640114], [72.68156774772669, 23.251074327141456], [72.68165145642104, 23.25102637427338], [72.68172951603916, 23.250970879152952], [72.68180113364035, 23.25090840551265], [72.68186558172644, 23.25083958797357], [72.68192220563174, 23.250765125598548], [72.68197043017315, 23.25068577479063], [72.6820384113248, 23.250559389761616], [72.68207815848724, 23.250474944828234], [72.68210839090823, 23.25038719837267], [72.68212879417221, 23.250297063008077], [72.68213915609401, 23.25020547619182], [72.68213936892474, 23.250113390475256], [72.68212943047166, 23.25002176359664], [72.68210944412021, 23.24993154852015], [72.68208245357567, 23.249835057469834], [72.6820557743665, 23.24975515238566], [72.68202120980767, 23.249677870493812], [72.68198075886292, 23.24960686317157], [72.68198589521596, 23.249578737924544], [72.68199250467755, 23.249490268551956], [72.68198969053056, 23.249401626760058], [72.68197747993703, 23.249313667530632], [72.6819559906906, 23.249227239260208], [72.68192543007959, 23.24914317557712], [72.68188609288701, 23.249062287301005], [72.68183835854674, 23.248985354622302], [72.68178268748319, 23.248913119577335], [72.68171961667007, 23.24884627889132], [72.68164975445077, 23.248785477258565], [72.68157377467067, 23.248731301124433], [72.68149241017757, 23.248684273029223], [72.68118140004042, 23.248523581574567], [72.68108992669933, 23.24848195133751], [72.68099425669352, 23.248449355426168], [72.68089543167274, 23.24842614874222], [72.68079452763622, 23.248412583958014], [72.68069264321807, 23.2484088087657], [72.68059088772597, 23.24841486426923], [72.68014382845591, 23.248463212680715], [72.68007152475768, 23.24847443615092], [72.68002167210491, 23.248461771554595], [72.67992945006723, 23.248446927196735], [72.67923440330706, 23.24836651749812], [72.67913848093964, 23.248359829221226], [72.67904231167681, 23.248361887983833], [72.6789468274268, 23.24837267383593], [72.67885295346024, 23.248392082259407], [72.6787615994446, 23.248419925180833], [72.67867365062965, 23.248455932793803], [72.6784228033312, 23.248572603245393], [72.67833565309793, 23.24861846103102], [72.67825404844004, 23.248672331152612], [72.67817884889814, 23.248733646201558], [72.67811084655165, 23.24880176035175], [72.67805075767568, 23.24887595616171], [72.67799921519655, 23.248955452131064], [72.67792848301136, 23.249078452504914], [72.67792661179469, 23.249079554230953], [72.67785226292213, 23.249133309872963], [72.67778387454109, 23.249193443810675], [72.67772208491395, 23.249259394826883], [72.67766747072095, 23.249330547413983], [72.67762054167783, 23.249406237518144], [72.67758173577857, 23.249485758736608], [72.67755141520728, 23.249568368910225], [72.67752986295746, 23.249653297049733], [72.67751728019043, 23.249739750531152], [72.6775017811782, 23.249907116996674], [72.67727316623929, 23.250042261896322], [72.67719528018313, 23.250093429616857], [72.67712317540271, 23.250151382270317], [72.677057541484, 23.25021556562316], [72.67699900613118, 23.25028536585336], [72.6769481291634, 23.25036011542052], [72.67690539716071, 23.2504390994497], [72.67687121881018, 23.250521562567993], [72.676845920997, 23.250606716128416], [72.67682974567771, 23.250693745752113], [72.67682284756548, 23.250781819116607], [72.67682093070077, 23.25085773036963], [72.67680009125664, 23.25088907670512], [72.67676014276194, 23.250963869636625], [72.67672028548203, 23.25104808360188], [72.67668523225936, 23.251133735451756], [72.67665974771946, 23.251222227347053], [72.67664409397864, 23.251312649187568], [72.67663843204912, 23.251404071022648], [72.67664282018193, 23.251495552615264], [72.67665721326726, 23.25158615311188], [72.67666544172462, 23.251616280306223], [72.67663271002336, 23.25168629402396], [72.67660439908383, 23.251766874119646], [72.67658438596904, 23.251849551249606], [72.67657284687273, 23.251933597595286], [72.67656988339137, 23.252018273283323], [72.67657552162923, 23.252102832898814], [72.67658389120272, 23.252152199328346], [72.67657085732459, 23.252161773914604]], [[72.68056793866786, 23.250343588122334], [72.6804397347521, 23.250764750082137], [72.6805196487952, 23.250937923375645], [72.68016041433758, 23.251429541563656], [72.68021849976432, 23.251639568548953], [72.6798889713325, 23.252619905088764], [72.67977337482547, 23.252476661865558], [72.68010117756623, 23.25146875685103], [72.67999543487275, 23.251421363825205], [72.6804622111845, 23.250525286164436], [72.6804295366437, 23.250401362798897], [72.67921215298989, 23.25039608922433], [72.6786098579103, 23.250450047247657], [72.67861913836379, 23.250815733689986], [72.67883850202116, 23.251331632692366], [72.67900497933589, 23.25173432591609], [72.67913370510426, 23.251954673028333], [72.67929287105237, 23.25215079391928], [72.67946992819716, 23.252288546343745], [72.67973289947778, 23.252467914575426], [72.67987380268784, 23.252628696929705], [72.67991546111313, 23.252925685324925], [72.6798147003578, 23.25362043307952], [72.67963520111616, 23.254364285477372], [72.67963399076282, 23.254477657812146], [72.67955963466201, 23.254479392937736], [72.6794493963257, 23.254723743932196], [72.67948283537952, 23.254792540327642], [72.67941657877229, 23.255037833883357], [72.67914961262886, 23.25500207867794], [72.67914580895149, 23.255274574824586], [72.67904525584488, 23.255641886923037], [72.6790299600084, 23.255951284889647], [72.6789469920908, 23.256143269297937], [72.67880818722956, 23.256417099840792], [72.67865448327053, 23.256443004353024], [72.67849105874608, 23.25616545245584], [72.6784202806339, 23.25587446911582], [72.6783181009117, 23.255535904086177], [72.67813986771854, 23.255400466174766], [72.67804268816022, 23.255218711212613], [72.67779387962825, 23.254826698396936], [72.67792852344799, 23.254605210642406], [72.67781607516622, 23.253930601904916], [72.6776772155246, 23.253840801894125], [72.67771022474652, 23.25360484266788], [72.67722477922382, 23.253220437589995], [72.6772153821581, 23.252840491107452], [72.67817599660748, 23.252804175679852], [72.67820721020561, 23.25220249217062], [72.67758449139758, 23.25217396834255], [72.67754699801137, 23.25200508506559], [72.67769714310492, 23.251852001531358], [72.67777031715787, 23.251670989303253], [72.67761562628876, 23.25140987848434], [72.67765548311397, 23.25132566429576], [72.67778873982832, 23.25124067838837], [72.67779979172207, 23.25080287862737], [72.67804545944551, 23.250657652688034], [72.67842332715132, 23.25051050564798], [72.67847034452572, 23.250038987387157], [72.67849092501417, 23.2498167311461], [72.678663665928, 23.249795470784456], [72.6787566318063, 23.249658414238983], [72.67875703381243, 23.24956194973432], [72.67886215387864, 23.2493791483017], [72.67911300230342, 23.249262477160446], [72.67980805363393, 23.24934288738706], [72.67976453083675, 23.24956030484418], [72.68013886698661, 23.249654762338707], [72.68025742222115, 23.24936004610574], [72.68070448443964, 23.249311697376427], [72.68101549583301, 23.24947238975923], [72.68086538126163, 23.24971975438719], [72.68094940326591, 23.24994864741506], [72.68113634073437, 23.250061013244853], [72.6811633306437, 23.250157504454986], [72.68109534887107, 23.250283889111746], [72.68084042130415, 23.250210483103373], [72.68056793866786, 23.250343588122334]]]}}, {"type": "Feature", "properties": {"layer": "buffer_200m", "site": "GNR-01"}, "geometry": {"type": "Polygon", "coordinates": [[[72.67555889030014, 23.251882072798193], [72.6754661799059, 23.25203488979981], [72.67538993060202, 23.252195288194304], [72.67533086000375, 23.252361758529037], [72.67528952407028, 23.252532734204912], [72.6752663118706, 23.252706606218542], [72.67526144191963, 23.25288173830373], [72.67527083345213, 23.253261684900956], [72.67528348195081, 23.253429649582237], [72.67531300514565, 23.253595795797505], [72.67535914646834, 23.25375867932087], [72.67542150489359, 23.25391688428228], [72.67549953842313, 23.254069035475382], [72.67559256879521, 23.254213810312088], [72.6756997873791, 23.254349950319863], [72.67582026220288, 23.254476272081785], [72.67586599713688, 23.254516051338555], [72.67586933504447, 23.254523036632744], [72.6758566153547, 23.254587553016844], [72.67584081762567, 23.254757962263028], [72.67584253791988, 23.254928988144517], [72.6758617608739, 23.25509909663878], [72.67589831413221, 23.255266761946146], [72.67595186989085, 23.255430480175708], [72.67602194783538, 23.25558878283494], [72.67610791944719, 23.255740250001967], [72.6763213448681, 23.256076521384355], [72.67638754547538, 23.256200339356703], [72.67648888694859, 23.256367032044626], [72.67655902358736, 23.256458243668934], [72.67658412191834, 23.2565614339356], [72.67663179543966, 23.256722309714828], [72.67669533004751, 23.25687843516103], [72.6767741837914, 23.25702847839028], [72.67693760581372, 23.257306032043278], [72.67703545834523, 23.257454684376405], [72.67714833926259, 23.257593946139124], [72.67727520080695, 23.257722524650966], [72.6774148654358, 23.257839226393926], [72.6775660367528, 23.257942968092127], [72.67772731154142, 23.25803278676805], [72.67789719279061, 23.258107848682233], [72.67807410359146, 23.258167457073203], [72.67825640177598, 23.258211058625836], [72.67844239516194, 23.25823824860808], [72.67863035726228, 23.258248774628363], [72.67881854331308, 23.258242538978617], [72.67900520647136, 23.25821959954144], [72.67915891239926, 23.258193694691855], [72.67934016569447, 23.258154828455247], [72.67951659749153, 23.25810021302136], [72.67968660873804, 23.258030343387475], [72.6798486585797, 23.2579458528037], [72.68000127832664, 23.257847507033063], [72.68014308476538, 23.257736197410413], [72.68027279269573, 23.257612932763287], [72.68038922657897, 23.25747883026776], [72.68049133119163, 23.257335105322415], [72.68057818118844, 23.257183060532125], [72.68071698322782, 23.256909228451804], [72.68076214126911, 23.256812952059285], [72.68084510700211, 23.25662096670858], [72.68091443881003, 23.256430332386266], [72.68096039991309, 23.25623375724672], [72.68097182971175, 23.25612990629419], [72.68098820307583, 23.256111411656352], [72.68109435702974, 23.25596416041245], [72.68118440664185, 23.255808017925606], [72.68125748761999, 23.255644482943808], [72.68131289855512, 23.255475125167077], [72.68134864362524, 23.255342783855998], [72.68135871430474, 23.255327180819492], [72.68143888527591, 23.255170549510908], [72.6815024417235, 23.255007540111695], [72.68154879865638, 23.254839653162705], [72.68157752941451, 23.254668434098225], [72.6815821798046, 23.254594228593607], [72.68172232398302, 23.254013430290513], [72.6817518482588, 23.25386028567351], [72.68185259915822, 23.253165536697708], [72.68186785968106, 23.25300843881926], [72.68186822648715, 23.252850709752224], [72.68186600653853, 23.252826698159723], [72.68208498500961, 23.252175215596175], [72.68213030295695, 23.252014702150927], [72.68214311511537, 23.25194285142936], [72.68224024521916, 23.251794484131082], [72.68227996796016, 23.251717387308375], [72.68236368970464, 23.25165786657349], [72.68250692498316, 23.251532918692337], [72.682635820965, 23.251395283018898], [72.68274906832661, 23.251246357702943], [72.68284551671992, 23.25108765557353], [72.68291349725061, 23.250961270172265], [72.68299299066156, 23.25079237986034], [72.68305345440994, 23.25061688659738], [72.68309425971005, 23.250436615624324], [72.68311498224237, 23.250253441865993], [72.68311540656363, 23.250069270430323], [72.683095528344, 23.24988601679392], [72.68305555440872, 23.24970558688015], [72.68302856322899, 23.249609095989666], [72.68297520380501, 23.24944928613282], [72.68296706716791, 23.24943109395559], [72.68296388420005, 23.249330857718217], [72.6829394617641, 23.249154939407354], [72.68289648211, 23.248982083122385], [72.68283535985907, 23.24881395611013], [72.68275668461698, 23.24865217999622], [72.68266121528437, 23.248498315144698], [72.68254987273527, 23.24835384560871], [72.68242373093325, 23.24822016481738], [72.68228400657195, 23.24809856213696], [72.68213204733904, 23.247990210435688], [72.68196931891758, 23.24789615477232], [72.68165831003664, 23.24773546424579], [72.68147536419023, 23.247652204265282], [72.68128402522153, 23.247587012846807], [72.68108637638466, 23.247540599776144], [72.68088456962586, 23.247513470385137], [72.68068080215616, 23.247505920050354], [72.68047729253166, 23.247518030977513], [72.68009983414642, 23.247558852303357], [72.68005084487876, 23.24755096681045], [72.67935580268878, 23.24747055763982], [72.67916395923294, 23.247457181174184], [72.67897162199951, 23.247461298672196], [72.67878065475502, 23.247482870234855], [72.6785929079922, 23.24752168683145], [72.67841020100069, 23.24757737232476], [72.6782343042399, 23.247649387115533], [72.67798345806773, 23.247766056877477], [72.67780915828936, 23.24785777192199], [72.67764594941073, 23.247965511585797], [72.67749555049484, 23.248088141076003], [72.6773595456933, 23.248224368765904], [72.67723936756106, 23.24837275979822], [72.67715720614554, 23.248499479367293], [72.6770768306396, 23.24857015324325], [72.67695325120356, 23.248702054704992], [72.67684402239779, 23.248844359334992], [72.67675016366941, 23.248995739045874], [72.67667255103032, 23.249154781050645], [72.67661190888002, 23.24932000104709], [72.67659665288049, 23.249380116748434], [72.67659077503954, 23.24938397821596], [72.67644656565687, 23.24949988294483], [72.67631529774674, 23.249628249067754], [72.67619822672029, 23.249767848962932], [72.67609647222808, 23.24991734757114], [72.6760110074514, 23.250075315162565], [72.67594264979388, 23.25024024100922], [72.67589205306238, 23.250410547832026], [72.67585970121212, 23.250584606884626], [72.6758570494348, 23.25061846101036], [72.6758249495061, 23.25068628359932], [72.6757548420615, 23.25085758689858], [72.67570387182516, 23.25103457038831], [72.67567256307731, 23.251215413880477], [72.67566123789416, 23.251398257481558], [72.67566680866808, 23.251514411846323], [72.67566180350494, 23.251528657509994], [72.67562177615959, 23.251694011531285], [72.67560421871059, 23.251821886561707], [72.67555889030014, 23.251882072798193]], [[72.68056793866786, 23.250343588122334], [72.6804397347521, 23.250764750082137], [72.6805196487952, 23.250937923375645], [72.68016041433758, 23.251429541563656], [72.68021849976432, 23.251639568548953], [72.6798889713325, 23.252619905088764], [72.67977337482547, 23.252476661865558], [72.68010117756623, 23.25146875685103], [72.67999543487275, 23.251421363825205], [72.6804622111845, 23.250525286164436], [72.6804295366437, 23.250401362798897], [72.67921215298989, 23.25039608922433], [72.6786098579103, 23.250450047247657], [72.67861913836379, 23.250815733689986], [72.67883850202116, 23.251331632692366], [72.67900497933589, 23.25173432591609], [72.67913370510426, 23.251954673028333], [72.67929287105237, 23.25215079391928], [72.67946992819716, 23.252288546343745], [72.67973289947778, 23.252467914575426], [72.67987380268784, 23.252628696929705], [72.67991546111313, 23.252925685324925], [72.6798147003578, 23.25362043307952], [72.67963520111616, 23.254364285477372], [72.67963399076282, 23.254477657812146], [72.67955963466201, 23.254479392937736], [72.6794493963257, 23.254723743932196], [72.67948283537952, 23.254792540327642], [72.67941657877229, 23.255037833883357], [72.67914961262886, 23.25500207867794], [72.67914580895149, 23.255274574824586], [72.67904525584488, 23.255641886923037], [72.6790299600084, 23.255951284889647], [72.6789469920908, 23.256143269297937], [72.67880818722956, 23.256417099840792], [72.67865448327053, 23.256443004353024], [72.67849105874608, 23.25616545245584], [72.6784202806339, 23.25587446911582], [72.6783181009117, 23.255535904086177], [72.67813986771854, 23.255400466174766], [72.67804268816022, 23.255218711212613], [72.67779387962825, 23.254826698396936], [72.67792852344799, 23.254605210642406], [72.67781607516622, 23.253930601904916], [72.6776772155246, 23.253840801894125], [72.67771022474652, 23.25360484266788], [72.67722477922382, 23.253220437589995], [72.6772153821581, 23.252840491107452], [72.67817599660748, 23.252804175679852], [72.67820721020561, 23.25220249217062], [72.67758449139758, 23.25217396834255], [72.67754699801137, 23.25200508506559], [72.67769714310492, 23.251852001531358], [72.67777031715787, 23.251670989303253], [72.67761562628876, 23.25140987848434], [72.67765548311397, 23.25132566429576], [72.67778873982832, 23.25124067838837], [72.67779979172207, 23.25080287862737], [72.67804545944551, 23.250657652688034], [72.67842332715132, 23.25051050564798], [72.67847034452572, 23.250038987387157], [72.67849092501417, 23.2498167311461], [72.678663665928, 23.249795470784456], [72.6787566318063, 23.249658414238983], [72.67875703381243, 23.24956194973432], [72.67886215387864, 23.2493791483017], [72.67911300230342, 23.249262477160446], [72.67980805363393, 23.24934288738706], [72.67976453083675, 23.24956030484418], [72.68013886698661, 23.249654762338707], [72.68025742222115, 23.24936004610574], [72.68070448443964, 23.249311697376427], [72.68101549583301, 23.24947238975923], [72.68086538126163, 23.24971975438719], [72.68094940326591, 23.24994864741506], [72.68113634073437, 23.250061013244853], [72.6811633306437, 23.250157504454986], [72.68109534887107, 23.250283889111746], [72.68084042130415, 23.250210483103373], [72.68056793866786, 23.250343588122334]]]}}, {"type": "Feature", "properties": {"layer": "river", "name": "", "osm": "way/29349855", "distance_m": 2.2}, "geometry": {"type": "Polygon", "coordinates": [[[72.6977455, 23.2703501], [72.696398, 23.26889930000001], [72.6954024, 23.2680398], [72.69346260000002, 23.2671646], [72.6905529, 23.266108000000006], [72.6878922, 23.2648779], [72.686373, 23.263939600000004], [72.6851027, 23.262875], [72.684253, 23.2618421], [72.6832831, 23.2605094], [72.6826136, 23.25943699999999], [72.6823218, 23.257962399999993], [72.68234410000001, 23.2576299], [72.6824763, 23.255659799999997], [72.68335169999999, 23.2509441], [72.683532, 23.24865710000001], [72.68441960000001, 23.246885699999996], [72.6848681, 23.245611500000006], [72.6849775, 23.245374299999998], [72.6851667, 23.2449641], [72.6858374, 23.2430007], [72.6862528, 23.241149299999996], [72.6870081, 23.2384679], [72.687566, 23.236409399999996], [72.6878407, 23.234634800000002], [72.6880897, 23.233548999999996], [72.6883814, 23.232276600000006], [72.6885273, 23.230533600000008], [72.6886561, 23.2287353], [72.68871313985122, 23.228013763833616], [72.68794767347593, 23.227752959957808], [72.68547740923245, 23.2271728819989], [72.68543362090449, 23.227166995787403], [72.6851626, 23.231406099999997], [72.6844628, 23.233730600000005], [72.6839036, 23.236717300000002], [72.6834396, 23.2387632], [72.6824931, 23.242528900000003], [72.6820177, 23.2440525], [72.6820587, 23.245360200000007], [72.68145490000002, 23.2473717], [72.6814224, 23.2481618], [72.6811614, 23.248852699999997], [72.6811974, 23.250896800000003], [72.680485, 23.252663199999997], [72.6794533, 23.255366500000004], [72.679558, 23.2564405], [72.6794293, 23.2582778], [72.679558, 23.260194000000002], [72.68004730000001, 23.2615897], [72.680897, 23.263545299999997], [72.6819956, 23.264665], [72.6837723, 23.265382500000005], [72.6855318, 23.2660922], [72.6885702, 23.2670463], [72.6902439, 23.267819000000006], [72.69237250000002, 23.2690649], [72.6939776, 23.270302800000003], [72.6954453, 23.2718403], [72.69590459588629, 23.27251693061998], [72.69711763375217, 23.271364016387178], [72.69787048327507, 23.270496801319492], [72.6977455, 23.2703501]]]}}, {"type": "Feature", "properties": {"layer": "river", "name": "Sabarmati", "osm": "way/164775730", "distance_m": 144.7}, "geometry": {"type": "LineString", "coordinates": [[72.69682600498963, 23.27164119339304], [72.6932159, 23.2683247], [72.6896253, 23.266664099999993], [72.6842738, 23.2647691], [72.6829335, 23.26308780000001], [72.6820359, 23.2611227], [72.6816045, 23.260238799999996], [72.6811962, 23.256082700000004], [72.6827007, 23.249785499999998], [72.6852473, 23.239157900000002], [72.6862558, 23.234543100000003], [72.6869698, 23.228098399999997], [72.68690002418363, 23.227506951855386]]}}, {"type": "Feature", "properties": {"layer": "highway", "name": "NH147", "osm": "way/29376726", "distance_m": 588.1}, "geometry": {"type": "LineString", "coordinates": [[72.6815866, 23.244064199999997], [72.68054860000001, 23.243756399999995], [72.6797976, 23.243523500000006], [72.6791485, 23.243326400000004], [72.6784538, 23.24312670000001], [72.6776585, 23.242906200000004], [72.6775445, 23.242865499999997], [72.6763751, 23.2425168], [72.6760958, 23.242399800000005], [72.6759435, 23.2423168], [72.6758225, 23.2422214]]}}, {"type": "Feature", "properties": {"layer": "highway", "name": "NH147", "osm": "way/29377180", "distance_m": 583.5}, "geometry": {"type": "LineString", "coordinates": [[72.6854597, 23.245183399999995], [72.6841347, 23.244770600000006], [72.6828191, 23.244391000000007], [72.6815866, 23.244064199999997]]}}, {"type": "Feature", "properties": {"layer": "highway", "name": "NH147", "osm": "way/29377184", "distance_m": 576.7}, "geometry": {"type": "LineString", "coordinates": [[72.6815713, 23.2441265], [72.6829934, 23.244498200000002], [72.6854429, 23.24525330000001]]}}, {"type": "Feature", "properties": {"layer": "highway", "name": "NH147", "osm": "way/29377185", "distance_m": 650.8}, "geometry": {"type": "LineString", "coordinates": [[72.6854429, 23.24525330000001], [72.6885268, 23.2461544], [72.6902756, 23.246691599999995], [72.6904741, 23.2467471], [72.69071409999998, 23.246818500000003], [72.690973, 23.2468962], [72.6914652, 23.2470255], [72.6919466, 23.2471253], [72.6924804, 23.247194399999998], [72.6929913, 23.247260900000008], [72.6934607, 23.247285500000004], [72.69417290000001, 23.247278099999996], [72.69486080000001, 23.247220200000005], [72.6953522, 23.247147899999998], [72.69570710000002, 23.2470843], [72.6960593, 23.247005500000004], [72.696374, 23.246921699999998], [72.6966377, 23.2468342], [72.6968849, 23.2467437], [72.6970624, 23.2466778], [72.6973143, 23.2465846], [72.6975871, 23.246472399999995], [72.69793660000002, 23.246324799999996], [72.6982233, 23.246199299999997], [72.6984203, 23.246109499999996], [72.6985744, 23.2460271], [72.698881, 23.2458444], [72.6993856, 23.24554860000001], [72.7007976, 23.244688100000005], [72.7018738, 23.244037100000003], [72.70425671738067, 23.242599261362116]]}}, {"type": "Feature", "properties": {"layer": "highway", "name": "NH147", "osm": "way/62518530", "distance_m": 904.2}, "geometry": {"type": "LineString", "coordinates": [[72.67467256316134, 23.227076593911924], [72.6747044, 23.22720670000001], [72.674764, 23.227474300000008], [72.6749728, 23.2283289], [72.67513450000001, 23.229115399999998], [72.6753208, 23.230242299999997], [72.6754264, 23.230880899999992], [72.675677, 23.233329100000002], [72.675678, 23.233429899999997], [72.6757018, 23.233847799999996], [72.6757307, 23.2351379], [72.6757398, 23.235543800000006], [72.6757076, 23.2364967], [72.6757097, 23.2378182], [72.6756741, 23.2382824], [72.6755992, 23.2392462], [72.6754554, 23.240471000000003], [72.6753149, 23.241398999999994], [72.6752905, 23.241610699999995], [72.6752412, 23.2419234]]}}, {"type": "Feature", "properties": {"layer": "highway", "name": "NH147", "osm": "way/62518552", "distance_m": 581.1}, "geometry": {"type": "LineString", "coordinates": [[72.6757081, 23.2425704], [72.6759164, 23.242536499999996], [72.67604510000001, 23.242536499999996], [72.6762839, 23.242595599999998], [72.6775279, 23.242936600000007], [72.6776493, 23.242970400000004], [72.6790975, 23.243415099999993], [72.6815713, 23.2441265]]}}, {"type": "Feature", "properties": {"layer": "highway", "name": "NH147", "osm": "way/62518559", "distance_m": 885.7}, "geometry": {"type": "LineString", "coordinates": [[72.6756109, 23.241948500000003], [72.6755208, 23.241757699999994], [72.6755074, 23.2416554], [72.6755127, 23.241506299999998], [72.6755422, 23.241107], [72.6757628, 23.2397233], [72.6758937, 23.238279499999997], [72.6759001, 23.2382091], [72.6759197, 23.237688199999997], [72.6759286, 23.2364656], [72.675942, 23.236089300000007], [72.6759286, 23.235121099999994], [72.6759178, 23.234901099999995], [72.6758338, 23.23373670000001], [72.67582570000002, 23.233447799999997], [72.6758217, 23.233336300000005], [72.6757148, 23.232224699999996], [72.6755476, 23.230822900000003], [72.6754621, 23.23022020000001], [72.6753451, 23.229537900000004], [72.67511200000001, 23.228309100000004], [72.6750194, 23.2279344], [72.67480666999775, 23.22704886659869]]}}, {"type": "Feature", "properties": {"layer": "highway", "name": "Road 7", "osm": "way/62518663", "distance_m": 861.0}, "geometry": {"type": "LineString", "coordinates": [[72.6749815, 23.242403100000004], [72.6748301, 23.2425328], [72.6747361, 23.24260270000001], [72.6729782, 23.24354250000001], [72.66880399999998, 23.2457586], [72.6686985, 23.2458255], [72.66730780000002, 23.246570800000008], [72.6648933, 23.247854000000004], [72.6621117, 23.2493708], [72.6619596, 23.2494471], [72.6618665, 23.249523600000003]]}}, {"type": "Feature", "properties": {"layer": "highway", "name": "NH147", "osm": "way/62518675", "distance_m": 816.5}, "geometry": {"type": "LineString", "coordinates": [[72.6749815, 23.242403100000004], [72.6750223, 23.2424919], [72.67508750000002, 23.242571299999994], [72.6751829, 23.2426391], [72.6752885, 23.2426786], [72.6754133, 23.242691100000002], [72.675538, 23.242669700000008], [72.6756248, 23.242631999999997], [72.6757081, 23.2425704], [72.6757632, 23.2425058], [72.6758055, 23.242425299999997], [72.6758286, 23.2423237], [72.6758225, 23.2422214], [72.6757986, 23.242145799999996], [72.6757633, 23.24208220000001], [72.6757034, 23.242013299999996], [72.6756109, 23.241948500000003], [72.6755328, 23.2419166], [72.675456, 23.2419003], [72.6753603, 23.241898099999993], [72.6752412, 23.2419234], [72.6751615, 23.2419609], [72.6750966, 23.242008399999996], [72.6750339, 23.242078600000003], [72.674985, 23.242174100000003], [72.674965, 23.242304100000002], [72.6749815, 23.242403100000004]]}}, {"type": "Feature", "properties": {"layer": "highway", "name": "Road 7", "osm": "way/62520000", "distance_m": 847.1}, "geometry": {"type": "LineString", "coordinates": [[72.66191510000002, 23.24961740000001], [72.6620304, 23.249498600000003], [72.66214999999998, 23.249423500000002], [72.6627026, 23.249153], [72.6667849, 23.2469473], [72.66793819999998, 23.246337799999996], [72.6687487, 23.2459094], [72.668859, 23.245851099999996], [72.67211, 23.244121899999996], [72.673038, 23.243634499999995], [72.674853, 23.242672900000002], [72.6749886, 23.2426049], [72.67508750000002, 23.242571299999994]]}}, {"type": "Feature", "properties": {"layer": "highway", "name": "Road 7", "osm": "way/62520002", "distance_m": 1634.9}, "geometry": {"type": "LineString", "coordinates": [[72.6616192, 23.2496377], [72.66152500000001, 23.249674799999994], [72.6614586, 23.249715900000005], [72.6600599, 23.250448], [72.6578553, 23.251602000000002], [72.6549443, 23.253175700000007], [72.65483360000002, 23.25323480000001], [72.6542543, 23.253544499999997], [72.6528818, 23.254289900000003], [72.65284365973018, 23.254310416855652]]}}, {"type": "Feature", "properties": {"layer": "highway", "name": "Gh-7 Circle", "osm": "way/62520003", "distance_m": 1605.4}, "geometry": {"type": "LineString", "coordinates": [[72.6617981, 23.249491400000004], [72.6617534, 23.249488900000003], [72.6617099, 23.249498799999998], [72.6616716, 23.249520200000003], [72.66164199999999, 23.249551099999998], [72.6616227, 23.2495926], [72.6616192, 23.2496377], [72.6616289, 23.249674599999995], [72.6616492, 23.24970770000001], [72.6616787, 23.249734300000004], [72.6617099, 23.249750500000005], [72.6617445, 23.2497594], [72.6618118, 23.2497546], [72.6618698, 23.249722899999995], [72.6619065, 23.2496709], [72.66191370000001, 23.2496445], [72.66191510000002, 23.24961740000001], [72.6619009, 23.2495661], [72.6618665, 23.249523600000003], [72.6618346, 23.2495033], [72.6617981, 23.249491400000004]]}}, {"type": "Feature", "properties": {"layer": "highway", "name": "NH147", "osm": "way/180169850", "distance_m": 657.6}, "geometry": {"type": "LineString", "coordinates": [[72.70421848843093, 23.242494152419038], [72.7026549, 23.243442799999993], [72.7007508, 23.24459689999999], [72.70033129999999, 23.244858199999996], [72.6997773, 23.2451926], [72.69903449999998, 23.2456523], [72.6984615, 23.2459738], [72.6982268, 23.246093200000004], [72.697886, 23.2462548], [72.6974651, 23.2464356], [72.6970052, 23.2466244], [72.6967198, 23.246723000000003], [72.6963265, 23.246847199999998], [72.6960325, 23.246931999999997], [72.695577, 23.247039099999995], [72.6949051, 23.247141400000004], [72.6942694, 23.247198000000004], [72.6935989, 23.247217799999998], [72.6929444, 23.247190700000008], [72.6920727, 23.247058799999998], [72.6916583, 23.246975], [72.6909757, 23.2467939], [72.690745, 23.246730999999997], [72.6889667, 23.246223400000005], [72.68663320000002, 23.245520999999997], [72.6854597, 23.245183399999995]]}}, {"type": "Feature", "properties": {"layer": "highway", "name": "Road 7", "osm": "way/338768423", "distance_m": 1626.7}, "geometry": {"type": "LineString", "coordinates": [[72.65285035376677, 23.254399507922134], [72.6532623, 23.2541768], [72.6544401, 23.253558500000004], [72.6548854, 23.2533125], [72.6549886, 23.253254899999998], [72.65601, 23.252714], [72.6562088, 23.2526046], [72.6578992, 23.251674100000002], [72.6597765, 23.250709700000005], [72.6615127, 23.249771200000005], [72.6616787, 23.249734300000004]]}}, {"type": "Feature", "properties": {"layer": "park", "name": "Sector 28 Garden", "osm": "way/62519997", "distance_m": 1650.0}, "geometry": {"type": "Polygon", "coordinates": [[[72.6579352, 23.251497999999998], [72.6613301, 23.249733500000005], [72.6614686, 23.249635399999995], [72.6614875, 23.2495505], [72.6614897, 23.2494968], [72.6614384, 23.2493618], [72.6593199, 23.2460033], [72.65923980000001, 23.245968000000005], [72.65916109999999, 23.245943700000005], [72.6590082, 23.245955800000004], [72.6575714, 23.246751600000003], [72.6575429, 23.24680390000001], [72.6575271, 23.2469143], [72.6575335, 23.246991299999998], [72.65756189999999, 23.2470537], [72.6586557, 23.248938799999998], [72.6586857, 23.2490797], [72.6586589, 23.249155200000004], [72.6585514, 23.2492467], [72.6571525, 23.249985899999995], [72.657113, 23.2500367], [72.6571097, 23.250093400000004], [72.6579352, 23.251497999999998]]]}}, {"type": "Feature", "properties": {"layer": "park", "name": "Sector 21 Park", "osm": "way/1327450591", "distance_m": 2127.5}, "geometry": {"type": "Polygon", "coordinates": [[[72.6650553, 23.235017200000005], [72.6650507, 23.234958599999995], [72.6650438, 23.234870999999995], [72.6645706, 23.2346127], [72.6645211, 23.234677600000005], [72.664468, 23.2346472], [72.6642162, 23.234938300000003], [72.6644667, 23.235327999999996], [72.6650553, 23.235017200000005]]]}}, {"type": "Feature", "properties": {"layer": "park", "name": "Sector 30 Park", "osm": "way/1333612482", "distance_m": 1373.0}, "geometry": {"type": "Polygon", "coordinates": [[[72.6708551, 23.237955600000003], [72.6715226, 23.2389866], [72.6724926, 23.2384576], [72.6730422, 23.238156], [72.6723747, 23.237125], [72.6708551, 23.237955600000003]]]}}, {"type": "Feature", "properties": {"layer": "park", "name": "", "osm": "way/1368282484", "distance_m": 2360.4}, "geometry": {"type": "Polygon", "coordinates": [[[72.6645626, 23.231703600000003], [72.6657444, 23.231849100000005], [72.6657476, 23.2315395], [72.6654716, 23.23166670000001], [72.6653997, 23.231509], [72.6651035, 23.2316271], [72.6649903, 23.231384799999997], [72.6644255, 23.231688000000005], [72.6645626, 23.231703600000003]]]}}, {"type": "Feature", "properties": {"layer": "residential", "name": "GEB Colony", "osm": "way/326055812", "distance_m": 163.1}, "geometry": {"type": "Polygon", "coordinates": [[[72.67015239999999, 23.258921200000014], [72.6724048, 23.2589483], [72.6734278, 23.259237499999998], [72.6738704, 23.259183299999997], [72.6739196, 23.258659100000003], [72.6746868, 23.258623], [72.675395, 23.258171100000002], [72.67686059999998, 23.258216300000004], [72.6767328, 23.2560927], [72.67606389999999, 23.2556408], [72.67607369999999, 23.254682900000006], [72.6695425, 23.2557764], [72.67015239999999, 23.258921200000014]]]}}, {"type": "Feature", "properties": {"layer": "residential", "name": "", "osm": "way/326057303", "distance_m": 1941.0}, "geometry": {"type": "Polygon", "coordinates": [[[72.6581748, 23.2421388], [72.65850699999999, 23.241981999999997], [72.6597439, 23.2442509], [72.6602952, 23.244054600000002], [72.6596073, 23.242671200000004], [72.6595817, 23.242567900000008], [72.659599, 23.242448600000003], [72.6597359, 23.2421595], [72.6605661, 23.240846300000005], [72.6606933, 23.2407699], [72.660703, 23.240666199999996], [72.6606715, 23.2405721], [72.66011640000002, 23.23970430000001], [72.65994260000001, 23.2396633], [72.65751099999999, 23.241053199999996], [72.6581748, 23.2421388]]]}}, {"type": "Feature", "properties": {"layer": "residential", "name": "", "osm": "way/326057481", "distance_m": 1959.7}, "geometry": {"type": "Polygon", "coordinates": [[[72.6544321, 23.248776100000004], [72.6555108, 23.2505537], [72.6555499, 23.250589699999995], [72.6555866, 23.250614399999996], [72.6556502, 23.2506256], [72.6557383, 23.250587400000004], [72.6558777, 23.250526800000003], [72.65814160000001, 23.2493152], [72.6584303, 23.249153400000004], [72.6584988, 23.249094999999997], [72.6584841, 23.248996100000003], [72.6572904, 23.246829600000005], [72.65617020000002, 23.247283600000006], [72.656017, 23.247367200000003], [72.6560136, 23.247517299999995], [72.6562968, 23.247867099999997], [72.6555554, 23.248241700000005], [72.6544826, 23.248743999999995], [72.6544321, 23.248776100000004]]]}}, {"type": "Feature", "properties": {"layer": "residential", "name": "", "osm": "way/326057483", "distance_m": 2056.2}, "geometry": {"type": "Polygon", "coordinates": [[[72.6531117, 23.249232899999992], [72.65311048035099, 23.24923356312473], [72.65301330975402, 23.249960524710303], [72.6548439, 23.2528342], [72.654875, 23.252878700000004], [72.6549303, 23.25292320000001], [72.65500640000002, 23.252961400000004], [72.655086, 23.2529836], [72.6551448, 23.2529709], [72.6570559, 23.2519526], [72.6566058, 23.251151], [72.6572443, 23.2507917], [72.6568259, 23.250155000000003], [72.6557917, 23.2507017], [72.6556948, 23.25071760000001], [72.6555979, 23.250723900000004], [72.6555426, 23.2507017], [72.6554561, 23.2506381], [72.6543933, 23.2489709], [72.6538948, 23.249273000000002], [72.6537032, 23.248949000000003], [72.6531117, 23.249232899999992]]]}}, {"type": "Feature", "properties": {"layer": "residential", "name": "", "osm": "way/326058054", "distance_m": 2288.3}, "geometry": {"type": "Polygon", "coordinates": [[[72.6565472, 23.240792500000005], [72.6572142, 23.2404777], [72.6574079, 23.240771100000007], [72.65866450000001, 23.240112200000002], [72.6579452, 23.238842699999996], [72.65734449308037, 23.238477191397354], [72.65620184619537, 23.240264599624858], [72.6565472, 23.240792500000005]]]}}, {"type": "Feature", "properties": {"layer": "residential", "name": "", "osm": "way/334487044", "distance_m": 2076.5}, "geometry": {"type": "Polygon", "coordinates": [[[72.6627304, 23.237447299999996], [72.6629495, 23.237349900000005], [72.6619287, 23.235423799999992], [72.6611891, 23.2343525], [72.6605406, 23.234590100000005], [72.6601139, 23.23503839999999], [72.6589313, 23.238773400000003], [72.6604683, 23.2390908], [72.6626666, 23.237916], [72.6628309, 23.237828200000003], [72.6629182, 23.23778160000001], [72.6627304, 23.237447299999996]]]}}, {"type": "Feature", "properties": {"layer": "residential", "name": "", "osm": "way/334489024", "distance_m": 1686.8}, "geometry": {"type": "Polygon", "coordinates": [[[72.6687515, 23.234993000000003], [72.6696877, 23.236670499999992], [72.6716159, 23.23567120000001], [72.6706296, 23.23412859999999], [72.6705272, 23.234091999999993], [72.6687515, 23.234993000000003]]]}}, {"type": "Feature", "properties": {"layer": "residential", "name": "", "osm": "way/334494889", "distance_m": 1382.8}, "geometry": {"type": "Polygon", "coordinates": [[[72.6781994, 23.236805399999998], [72.6842851, 23.2336883], [72.6843999, 23.231577499999997], [72.6837341, 23.230383800000002], [72.68381900000001, 23.2298231], [72.6829193, 23.229871], [72.6828974, 23.229523299999997], [72.6835712, 23.229391799999995], [72.6835256, 23.228696799999994], [72.6822019, 23.228770200000003], [72.6821239, 23.228085699999998], [72.6816084227027, 23.226783917481647], [72.68040850178252, 23.22673945072549], [72.6803874304659, 23.22674070485974], [72.6797498653703, 23.22669624634269], [72.67734602130587, 23.226747707249398], [72.67506673388215, 23.227005175281597], [72.6751483, 23.227276999999997], [72.6756242, 23.230038799999996], [72.6759893, 23.232477000000006], [72.676087, 23.234885199999997], [72.6760511, 23.23677430000001], [72.6781994, 23.236805399999998]]]}}, {"type": "Feature", "properties": {"layer": "residential", "name": "", "osm": "way/337791892", "distance_m": 1726.4}, "geometry": {"type": "Polygon", "coordinates": [[[72.6609599, 23.240735400000005], [72.6606538, 23.240922], [72.65981, 23.242220399999997], [72.65970130000001, 23.242488400000006], [72.65975279999999, 23.242654000000005], [72.660112, 23.243291599999996], [72.6603379, 23.243746000000005], [72.6615759, 23.243246299999996], [72.66118530000001, 23.242540900000005], [72.6618111, 23.242243699999996], [72.6617777, 23.242078400000004], [72.6619567, 23.241999400000005], [72.6626228, 23.241646900000006], [72.6625072, 23.2414498], [72.6629485, 23.2411975], [72.66288270000001, 23.24105340000001], [72.66342979999999, 23.240805899999998], [72.6650185, 23.240435300000005], [72.6636342, 23.238041799999998], [72.66347030000001, 23.237903900000006], [72.6633, 23.2379012], [72.6610152, 23.239089999999997], [72.66174390000002, 23.240354600000003], [72.6609599, 23.240735400000005]]]}}, {"type": "Feature", "properties": {"layer": "residential", "name": "", "osm": "way/338639998", "distance_m": 1989.1}, "geometry": {"type": "Polygon", "coordinates": [[[72.65372750000002, 23.247438500000005], [72.6538459, 23.247386500000005], [72.6537766, 23.2472526], [72.6542615, 23.247027100000007], [72.6550589, 23.246618199999993], [72.6542369, 23.245124000000004], [72.65474030000001, 23.244906600000004], [72.6562986, 23.2471519], [72.65743890000002, 23.24664000000001], [72.65780700000002, 23.2464437], [72.6591413, 23.2457704], [72.65795909999999, 23.2439349], [72.6570739, 23.2443807], [72.6562452, 23.2430912], [72.6562816, 23.2429208], [72.6557496, 23.241963299999995], [72.65520887114025, 23.24224334574671], [72.65508999366438, 23.24248315231729], [72.65427752663246, 23.244707536642828], [72.65409326312897, 23.245314509369237], [72.65383125214942, 23.24637181268299], [72.65365982237007, 23.246854706896674], [72.6534868433904, 23.247569716024522], [72.65372750000002, 23.247438500000005]]]}}, {"type": "Feature", "properties": {"layer": "residential", "name": "", "osm": "way/338777887", "distance_m": 2364.7}, "geometry": {"type": "Polygon", "coordinates": [[[72.6582437, 23.238615], [72.6584752, 23.238729600000003], [72.65867479999999, 23.238819499999998], [72.6592284, 23.236787699999997], [72.659072, 23.236759600000003], [72.65865959505315, 23.236676126102186], [72.65822580155778, 23.23721089022912], [72.65775098154383, 23.237939827595085], [72.6575206949958, 23.23822706953469], [72.6582437, 23.238615]]]}}, {"type": "Feature", "properties": {"layer": "residential", "name": "", "osm": "way/338779418", "distance_m": 2334.7}, "geometry": {"type": "Polygon", "coordinates": [[[72.6537363, 23.253047200000005], [72.65440080000002, 23.252697700000002], [72.65295720088858, 23.250380287845754], [72.65285228348182, 23.251165191554428], [72.65283987281023, 23.25160883736287], [72.6537363, 23.253047200000005]]]}}, {"type": "Feature", "properties": {"layer": "residential", "name": "", "osm": "way/338779420", "distance_m": 1545.2}, "geometry": {"type": "Polygon", "coordinates": [[[72.6622809, 23.250779599999998], [72.6618925, 23.250097699999998], [72.6616638, 23.249871700000003], [72.6615128, 23.249871700000003], [72.6598775, 23.250732], [72.6604522, 23.251718799999992], [72.6622809, 23.250779599999998]]]}}, {"type": "Feature", "properties": {"layer": "residential", "name": "", "osm": "way/338779422", "distance_m": 1491.5}, "geometry": {"type": "Polygon", "coordinates": [[[72.66189600000001, 23.2551357], [72.6621401, 23.256492500000007], [72.6630127, 23.2563579], [72.6625795, 23.253936000000003], [72.6622805, 23.254255500000003], [72.6616764, 23.2550068], [72.66189600000001, 23.2551357]]]}}, {"type": "Feature", "properties": {"layer": "residential", "name": "", "osm": "way/338779431", "distance_m": 2089.4}, "geometry": {"type": "Polygon", "coordinates": [[[72.6569109, 23.255126700000005], [72.6562145, 23.2539323], [72.6568025, 23.253598500000003], [72.6565142, 23.25316490000001], [72.6561938, 23.2526738], [72.6533863, 23.2541863], [72.6541063, 23.2560644], [72.6543992, 23.256490500000005], [72.6569109, 23.255126700000005]]]}}, {"type": "Feature", "properties": {"layer": "residential", "name": "", "osm": "way/1333160701", "distance_m": 1179.0}, "geometry": {"type": "Polygon", "coordinates": [[[72.6673762, 23.246268800000003], [72.6669465, 23.2455865], [72.6660452, 23.24604130000001], [72.66581639999998, 23.2457839], [72.6646536, 23.2466163], [72.6649291, 23.24697249999999], [72.6652233, 23.246873799999996], [72.6655129, 23.247345799999998], [72.6673762, 23.246268800000003]]]}}, {"type": "Feature", "properties": {"layer": "residential", "name": "", "osm": "way/1333160702", "distance_m": 1359.8}, "geometry": {"type": "Polygon", "coordinates": [[[72.6630701, 23.244098200000003], [72.6631031, 23.244222000000004], [72.66334599999999, 23.2447369], [72.6636308, 23.245200300000004], [72.6640838, 23.245981300000004], [72.664294, 23.245891199999992], [72.66448549999998, 23.246221599999988], [72.6642379, 23.246354600000007], [72.6644014, 23.246620599999996], [72.6649992, 23.246105699999998], [72.6654895, 23.2458139], [72.6658257, 23.245479200000002], [72.6643874, 23.24290470000001], [72.6639951, 23.2429862], [72.663346, 23.243466799999997], [72.662977, 23.243750000000002], [72.6630701, 23.244098200000003]]]}}, {"type": "Feature", "properties": {"layer": "residential", "name": "", "osm": "way/1333160703", "distance_m": 1180.1}, "geometry": {"type": "Polygon", "coordinates": [[[72.6653478, 23.243952200000006], [72.6662946, 23.2454735], [72.6668877, 23.245134500000006], [72.6672886, 23.245710500000005], [72.6678876, 23.245357200000004], [72.6672664, 23.244415399999998], [72.66679429999999, 23.244611000000006], [72.666173, 23.2435721], [72.6667336, 23.2432679], [72.66656079999998, 23.243010500000004], [72.6663372, 23.243103100000006], [72.6659397, 23.242349599999994], [72.66527649999999, 23.242688599999997], [72.6658893, 23.2436666], [72.6653478, 23.243952200000006]]]}}, {"type": "Feature", "properties": {"layer": "residential", "name": "", "osm": "way/1333160704", "distance_m": 1577.1}, "geometry": {"type": "Polygon", "coordinates": [[[72.6627008, 23.247824], [72.66092229999998, 23.244939199999994], [72.6603065, 23.245259700000005], [72.66055659999999, 23.245665199999998], [72.6598704, 23.246022500000002], [72.6613994, 23.2485015], [72.6627008, 23.247824]]]}}, {"type": "Feature", "properties": {"layer": "residential", "name": "Panchsheel Park", "osm": "way/1333460314", "distance_m": 1970.1}, "geometry": {"type": "Polygon", "coordinates": [[[72.6662463, 23.235941900000004], [72.6656017, 23.234908500000003], [72.6657434, 23.2346289], [72.6633173, 23.233299300000002], [72.6630421, 23.233948799999997], [72.6621941, 23.234389200000003], [72.6619958, 23.234491700000003], [72.6621888, 23.234801100000002], [72.6633011, 23.23657439999999], [72.6634958, 23.23646619999999], [72.6637889, 23.236912700000005], [72.6639603, 23.2371643], [72.6642916, 23.2369848], [72.6662463, 23.235941900000004]]]}}, {"type": "Feature", "properties": {"layer": "residential", "name": "", "osm": "way/1333460315", "distance_m": 1933.3}, "geometry": {"type": "Polygon", "coordinates": [[[72.6692569, 23.234347300000007], [72.6688707, 23.23371390000001], [72.6689418, 23.2336687], [72.6686735, 23.2333183], [72.6673695, 23.233985200000006], [72.6680164, 23.235021300000003], [72.6692569, 23.234347300000007]]]}}, {"type": "Feature", "properties": {"layer": "residential", "name": "", "osm": "way/1333460316", "distance_m": 2107.9}, "geometry": {"type": "MultiPolygon", "coordinates": [[[[72.6660376, 23.234169600000005], [72.6658803, 23.2342394], [72.6656718, 23.2340502], [72.665559, 23.234082000000004], [72.66538790000001, 23.233882999999995], [72.6650563, 23.233478], [72.6649333, 23.233064], [72.6648303, 23.231882999999993], [72.66361214051754, 23.231748188675272], [72.66257817914666, 23.232591172920717], [72.6627494, 23.232725399999993], [72.6646516, 23.2338019], [72.6659695, 23.234535699999995], [72.666167, 23.234348000000004], [72.6660376, 23.234169600000005]]], [[[72.66491010000001, 23.2310686], [72.6652848, 23.231434600000004], [72.6655456, 23.231549], [72.6656347, 23.231572700000008], [72.6657398, 23.231496700000005], [72.666187, 23.231720100000008], [72.6663472, 23.2315955], [72.6662794, 23.230723500000003], [72.6661192, 23.2302875], [72.6660627811007, 23.230171284255093], [72.66570142537186, 23.23036141523064], [72.66468794991476, 23.231030409643314], [72.66491010000001, 23.2310686]]]]}}, {"type": "Feature", "properties": {"layer": "residential", "name": "", "osm": "way/1333460318", "distance_m": 1519.0}, "geometry": {"type": "Polygon", "coordinates": [[[72.6725165, 23.2369287], [72.6717459, 23.235671399999994], [72.66932690000002, 23.237044599999997], [72.6700881, 23.238220399999992], [72.6725165, 23.2369287]]]}}, {"type": "Feature", "properties": {"layer": "residential", "name": "", "osm": "way/1333460319", "distance_m": 888.1}, "geometry": {"type": "Polygon", "coordinates": [[[72.6742999, 23.242557300000005], [72.6743233, 23.2414889], [72.6740244, 23.241445900000002], [72.6742205, 23.240613500000002], [72.6734406, 23.240609200000005], [72.673506, 23.2399569], [72.6735761, 23.2393004], [72.6735387, 23.2387683], [72.6733612, 23.2383092], [72.6705639, 23.239776699999993], [72.6704238, 23.2400385], [72.6708021, 23.240720799999995], [72.6709795, 23.241034], [72.670746, 23.2411413], [72.6713765, 23.2421797], [72.6721797, 23.241905099999997], [72.6726654, 23.242626], [72.6732351, 23.2422913], [72.6736975, 23.242853400000012], [72.6742999, 23.242557300000005]]]}}, {"type": "Feature", "properties": {"layer": "residential", "name": "", "osm": "way/1333460320", "distance_m": 936.2}, "geometry": {"type": "Polygon", "coordinates": [[[72.6682582, 23.244015499999993], [72.6691648, 23.2435029], [72.66996949999998, 23.2449865], [72.6718309, 23.243971099999996], [72.6710048, 23.242546599999997], [72.6700017, 23.243005000000007], [72.6696691, 23.2429902], [72.6693096, 23.2428424], [72.6691219, 23.242684599999997], [72.6689395, 23.24242830000001], [72.6687571, 23.242093199999996], [72.66785049999999, 23.240683399999998], [72.6665738, 23.2413735], [72.6682582, 23.244015499999993]]]}}, {"type": "Feature", "properties": {"layer": "residential", "name": "", "osm": "way/1333460321", "distance_m": 1107.8}, "geometry": {"type": "Polygon", "coordinates": [[[72.6688986, 23.24223000000001], [72.66905260000001, 23.242515900000004], [72.6692098, 23.242671600000005], [72.6694532, 23.242830200000007], [72.66969040000001, 23.24290660000001], [72.6699153, 23.242954700000002], [72.6701279, 23.242898099999998], [72.6703436, 23.242827300000002], [72.67057159999999, 23.242711299999996], [72.6709783, 23.24252440000001], [72.6701865, 23.241250499999992], [72.6687753, 23.241975199999995], [72.6688986, 23.24223000000001]]]}}, {"type": "Feature", "properties": {"layer": "residential", "name": "", "osm": "way/1333460322", "distance_m": 1492.8}, "geometry": {"type": "Polygon", "coordinates": [[[72.6677103, 23.2404853], [72.6675476, 23.2401342], [72.6682876, 23.239783000000003], [72.6685112, 23.239760599999993], [72.6688486, 23.239577599999997], [72.6688567, 23.2393833], [72.6687307, 23.239069499999992], [72.6686372, 23.238681000000003], [72.6685437, 23.238520400000002], [72.668686, 23.2384308], [72.6685559, 23.238229], [72.66856, 23.238023599999995], [72.6687226, 23.2377434], [72.66856, 23.237478200000005], [72.6666329, 23.2384718], [72.6664256, 23.238135600000003], [72.6654865, 23.23868100000001], [72.6660516, 23.239521600000003], [72.6654295, 23.2398652], [72.6660841, 23.2409411], [72.6665801, 23.240694499999996], [72.66673050000001, 23.240955999999997], [72.6677103, 23.2404853]]]}}, {"type": "Feature", "properties": {"layer": "residential", "name": "", "osm": "way/1333460323", "distance_m": 1561.5}, "geometry": {"type": "Polygon", "coordinates": [[[72.6768417, 23.2343995], [72.6774396, 23.234035200000005], [72.6784564, 23.234286200000007], [72.6785405, 23.23489670000001], [72.6797922, 23.2346854], [72.6801677, 23.235188199999996], [72.6808597, 23.235212900000008], [72.6821472, 23.234719900000005], [72.68279630000002, 23.234360100000004], [72.6827158, 23.2337883], [72.6839013, 23.233551700000003], [72.6837779, 23.233152400000005], [72.6833005, 23.2329306], [72.68316640000002, 23.2323686], [72.6832147, 23.2322996], [72.68336490000002, 23.231949600000004], [72.6842661, 23.231860899999997], [72.6842607, 23.231422199999994], [72.6839281, 23.231141200000007], [72.68322, 23.231003200000004], [72.6825978, 23.230756700000004], [72.6841337, 23.2305778], [72.684157, 23.229071599999994], [72.6836854, 23.228543699999996], [72.6829288, 23.2285308], [72.6836433, 23.22812740000001], [72.6836854, 23.2270245], [72.6834767256274, 23.22690392868834], [72.68295520242081, 23.226833815589924], [72.68040850178252, 23.22673945072549], [72.6803874304659, 23.22674070485974], [72.6802381793, 23.226730297552383], [72.68066280000001, 23.227139199999996], [72.6812174, 23.2281868], [72.6807121, 23.229279600000005], [72.6804732, 23.229965499999995], [72.6806556, 23.230414100000008], [72.6790463, 23.230483099999997], [72.6778071, 23.231000699999996], [72.67726, 23.2315774], [72.6770239, 23.2322725], [72.67708830000001, 23.23346050000001], [72.6767988, 23.234330499999995], [72.6768417, 23.2343995]]]}}, {"type": "Feature", "properties": {"layer": "residential", "name": "", "osm": "way/1333460324", "distance_m": 2067.0}, "geometry": {"type": "Polygon", "coordinates": [[[72.6786435, 23.2303067], [72.6786364, 23.229389599999998], [72.67781530000002, 23.229246500000006], [72.678509, 23.227789500000004], [72.6792451, 23.227795999999998], [72.67928760000001, 23.228231799999996], [72.6807953, 23.228140699999997], [72.6805121, 23.2272235], [72.6800411498744, 23.226716558439776], [72.6797498653703, 23.22669624634269], [72.67734602130587, 23.226747707249398], [72.67544269518251, 23.226962709084642], [72.6756493, 23.2275163], [72.6758758, 23.228212299999996], [72.6758404, 23.229415600000003], [72.6759183, 23.2308336], [72.6786435, 23.2303067]]]}}, {"type": "Feature", "properties": {"layer": "residential", "name": "", "osm": "way/1333460326", "distance_m": 1993.1}, "geometry": {"type": "Polygon", "coordinates": [[[72.6703309, 23.233199400000004], [72.6712161, 23.2327903], [72.6700788, 23.2310797], [72.670363, 23.230950500000006], [72.6696056, 23.2300106], [72.6695083, 23.2296521], [72.66899587053324, 23.228744313782983], [72.66813079506171, 23.22909847465128], [72.66792648945518, 23.229193495114156], [72.6703309, 23.233199400000004]]]}}, {"type": "Feature", "properties": {"layer": "residential", "name": "", "osm": "way/1333460327", "distance_m": 2207.5}, "geometry": {"type": "Polygon", "coordinates": [[[72.6698738, 23.229933399999997], [72.6712246, 23.2298121], [72.6725955, 23.230261800000005], [72.6729996, 23.2293485], [72.6736111, 23.228683000000004], [72.67289386444119, 23.22744433756378], [72.67261279334384, 23.22750244661971], [72.67032925478117, 23.228198414835706], [72.66929338458722, 23.22862251034675], [72.6694498, 23.228948699999993], [72.6698738, 23.229933399999997]]]}}, {"type": "Feature", "properties": {"layer": "residential", "name": "", "osm": "way/1333460328", "distance_m": 1904.6}, "geometry": {"type": "Polygon", "coordinates": [[[72.6724246, 23.233214], [72.6723857, 23.2330254], [72.6723255, 23.23286610000001], [72.6722158, 23.232654699999998], [72.6720601, 23.2324433], [72.6718371, 23.232209099999995], [72.6717911, 23.231932700000005], [72.6725308, 23.2304139], [72.671961, 23.2301765], [72.671416, 23.230020299999996], [72.671055, 23.2299488], [72.6706338, 23.2299748], [72.6699401, 23.2301374], [72.6707117, 23.231035100000003], [72.6715363, 23.2317603], [72.6714514, 23.2323392], [72.671554, 23.232586400000006], [72.6716991, 23.2329213], [72.6706303, 23.233321400000005], [72.6707824, 23.233597799999995], [72.6724246, 23.233214]]]}}, {"type": "Feature", "properties": {"layer": "residential", "name": "", "osm": "way/1342376147", "distance_m": 2348.0}, "geometry": {"type": "Polygon", "coordinates": [[[72.67379430000001, 23.228639099999995], [72.6745829, 23.228343300000006], [72.67428307974168, 23.227157120999408], [72.67379532575073, 23.227257964379024], [72.6738641, 23.2275151], [72.673274, 23.2276236], [72.67379430000001, 23.228639099999995]]]}}, {"type": "Feature", "properties": {"layer": "residential", "name": "", "osm": "way/1365928477", "distance_m": 2354.0}, "geometry": {"type": "Polygon", "coordinates": [[[72.6629118, 23.234018200000005], [72.6630421, 23.233948799999997], [72.6633173, 23.233299300000002], [72.6626519, 23.2329373], [72.6616606, 23.2334787], [72.6621941, 23.234389200000003], [72.6629118, 23.234018200000005]]]}}, {"type": "Feature", "properties": {"layer": "nonresidential_zone"}, "geometry": {"type": "MultiPolygon", "coordinates": [[[[72.6772644, 23.250581600000004], [72.6774316, 23.2503376], [72.6787693, 23.246071900000004], [72.6788972, 23.2454664], [72.67777049999998, 23.243432], [72.6771623, 23.2432036], [72.6765078, 23.243111599999995], [72.6761474, 23.243113199999993], [72.6759426, 23.243250400000004], [72.6754959, 23.243505099999993], [72.672744, 23.2450048], [72.67353769999998, 23.24691439999999], [72.6675145, 23.250165800000005], [72.6638962, 23.2520915], [72.664135, 23.2524743], [72.6631238, 23.2531973], [72.6635061, 23.2563352], [72.6767923, 23.254160299999995], [72.67677259999999, 23.25116], [72.67697910000001, 23.250807500000004], [72.6772644, 23.250581600000004]]], [[[72.6584097, 23.252308999999997], [72.6594778, 23.254067399999997], [72.6606157, 23.255837600000003], [72.66117169999998, 23.255279200000007], [72.6620575, 23.254109000000003], [72.6626516, 23.253556200000006], [72.662404, 23.252039699999997], [72.6610618, 23.2527962], [72.6606326, 23.252008600000003], [72.6603945, 23.252039400000005], [72.6600839, 23.251432900000005], [72.6584097, 23.252308999999997]]], [[[72.6539896, 23.256151300000003], [72.6536421, 23.255298699999997], [72.65294587934913, 23.255670846826714], [72.65295812811476, 23.25583386247419], [72.65329410217225, 23.25772636862064], [72.65429640000002, 23.257564300000002], [72.6560369, 23.2571884], [72.658122, 23.2568587], [72.6589399, 23.2566924], [72.6597998, 23.2563657], [72.66048190000001, 23.255920200000002], [72.6584594, 23.252658000000004], [72.6568025, 23.253598500000003], [72.6562145, 23.2539323], [72.6569109, 23.255126700000005], [72.6570161, 23.2553071], [72.6543736, 23.2567477], [72.6539896, 23.256151300000003]]], [[[72.6819366, 23.274293099999994], [72.6816845, 23.274780900000003], [72.6814967, 23.275101200000005], [72.6815665, 23.275446200000005], [72.6829398, 23.275416600000003], [72.6831543, 23.2735243], [72.6820922, 23.273612999999997], [72.6819366, 23.274293099999994]]]]}}, {"type": "Feature", "properties": {"layer": "building", "distance_m": 497.7, "source": "Google Open Buildings", "in_industrial_zone": true, "ghsl_2018": 1}, "geometry": {"type": "Polygon", "coordinates": [[[72.67315419999998, 23.2494727], [72.6724217, 23.249970799999996], [72.67237309999999, 23.2499102], [72.67310559999999, 23.2494122], [72.67315419999998, 23.2494727]]]}}, {"type": "Feature", "properties": {"layer": "building", "distance_m": 491.6, "source": "Google Open Buildings", "in_industrial_zone": true, "ghsl_2018": 1}, "geometry": {"type": "Polygon", "coordinates": [[[72.67281610000002, 23.250861000000004], [72.67284799999999, 23.250867700000004], [72.67283820000002, 23.2509071], [72.67280629999999, 23.2509003], [72.67281610000002, 23.250861000000004]]]}}, {"type": "Feature", "properties": {"layer": "building", "distance_m": 496.9, "source": "Google Open Buildings", "in_industrial_zone": true, "ghsl_2018": 1}, "geometry": {"type": "Polygon", "coordinates": [[[72.6727989, 23.2508409], [72.6727386, 23.250982700000005], [72.67268659999999, 23.250963800000005], [72.672747, 23.250822], [72.6727989, 23.2508409]]]}}, {"type": "Feature", "properties": {"layer": "building", "distance_m": 465.0, "source": "Microsoft ML Buildings", "in_industrial_zone": true, "ghsl_2018": 1}, "geometry": {"type": "Polygon", "coordinates": [[[72.6727626, 23.2519536], [72.6727606, 23.2520127], [72.6726883, 23.2520106], [72.6726903, 23.251951500000004], [72.6727626, 23.2519536]]]}}, {"type": "Feature", "properties": {"layer": "building", "distance_m": 455.1, "source": "Google Open Buildings", "in_industrial_zone": true, "ghsl_2018": 1}, "geometry": {"type": "Polygon", "coordinates": [[[72.6728226, 23.2538038], [72.6728752, 23.254129500000005], [72.6727498, 23.2541468], [72.6726972, 23.253821], [72.6728226, 23.2538038]]]}}, {"type": "Feature", "properties": {"layer": "building", "distance_m": 492.6, "source": "Microsoft ML Buildings", "in_industrial_zone": true, "ghsl_2018": 2}, "geometry": {"type": "Polygon", "coordinates": [[[72.6721481, 23.254342100000002], [72.67255239999999, 23.25429120000001], [72.6725815, 23.2544861], [72.67253789999998, 23.2544916], [72.6725655, 23.2546764], [72.6722048, 23.2547219], [72.6721481, 23.254342100000002]]]}}, {"type": "Feature", "properties": {"layer": "building", "distance_m": 493.2, "source": "OpenStreetMap", "in_industrial_zone": false, "ghsl_2018": 1}, "geometry": {"type": "Polygon", "coordinates": [[[72.67298469999999, 23.25539240000001], [72.67278620000002, 23.255424399999995], [72.67277539999999, 23.255345600000002], [72.6729739, 23.2553184], [72.67298469999999, 23.25539240000001]]]}}, {"type": "Feature", "properties": {"layer": "building", "distance_m": 496.0, "source": "OpenStreetMap", "in_industrial_zone": false, "ghsl_2018": 1}, "geometry": {"type": "Polygon", "coordinates": [[[72.6730088, 23.255551299999993], [72.67281029999998, 23.255583400000003], [72.6727996, 23.255504500000004], [72.6729981, 23.255477400000004], [72.6730088, 23.255551299999993]]]}}, {"type": "Feature", "properties": {"layer": "building", "distance_m": 457.9, "source": "Microsoft ML Buildings", "in_industrial_zone": true, "ghsl_2018": 1}, "geometry": {"type": "Polygon", "coordinates": [[[72.67291689999999, 23.2545601], [72.67283069999999, 23.254569], [72.6727829, 23.254178100000004], [72.6728691, 23.254169199999993], [72.67291689999999, 23.2545601]]]}}, {"type": "Feature", "properties": {"layer": "building", "distance_m": 495.6, "source": "OpenStreetMap", "in_industrial_zone": false, "ghsl_2018": 1}, "geometry": {"type": "Polygon", "coordinates": [[[72.67307850000002, 23.255877799999993], [72.67288010000001, 23.255909899999995], [72.6728693, 23.255831000000008], [72.6730678, 23.255803899999997], [72.67307850000002, 23.255877799999993]]]}}, {"type": "Feature", "properties": {"layer": "building", "distance_m": 496.2, "source": "OpenStreetMap", "in_industrial_zone": false, "ghsl_2018": 1}, "geometry": {"type": "Polygon", "coordinates": [[[72.67311879999998, 23.2560528], [72.6729203, 23.2560848], [72.6729096, 23.256006000000003], [72.673108, 23.255978900000002], [72.67311879999998, 23.2560528]]]}}, {"type": "Feature", "properties": {"layer": "building", "distance_m": 482.2, "source": "Google Open Buildings", "in_industrial_zone": false, "ghsl_2018": 1}, "geometry": {"type": "Polygon", "coordinates": [[[72.67308729999999, 23.255304199999998], [72.6731066, 23.255412999999997], [72.67308049999998, 23.2554169], [72.6730953, 23.255500199999997], [72.6730332, 23.2555095], [72.67299929999999, 23.255317500000004], [72.67308729999999, 23.255304199999998]]]}}, {"type": "Feature", "properties": {"layer": "building", "distance_m": 471.6, "source": "Google Open Buildings", "in_industrial_zone": false, "ghsl_2018": 1}, "geometry": {"type": "Polygon", "coordinates": [[[72.6731963, 23.255289099999995], [72.673226, 23.255497400000003], [72.67313299999999, 23.255508699999993], [72.6731033, 23.255300500000004], [72.6731963, 23.255289099999995]]]}}, {"type": "Feature", "properties": {"layer": "building", "distance_m": 468.5, "source": "OpenStreetMap", "in_industrial_zone": false, "ghsl_2018": 1}, "geometry": {"type": "Polygon", "coordinates": [[[72.67336019999999, 23.255917299999997], [72.67316169999998, 23.255949300000005], [72.673151, 23.255870399999996], [72.67334940000002, 23.255843300000002], [72.67336019999999, 23.255917299999997]]]}}, {"type": "Feature", "properties": {"layer": "building", "distance_m": 469.9, "source": "OpenStreetMap", "in_industrial_zone": false, "ghsl_2018": 1}, "geometry": {"type": "Polygon", "coordinates": [[[72.6733977, 23.256092199999998], [72.6731992, 23.256124300000003], [72.6731885, 23.2560454], [72.67338699999999, 23.256018300000004], [72.6733977, 23.256092199999998]]]}}, {"type": "Feature", "properties": {"layer": "building", "distance_m": 467.5, "source": "Google Open Buildings", "in_industrial_zone": false, "ghsl_2018": 1}, "geometry": {"type": "Polygon", "coordinates": [[[72.6733144, 23.2557759], [72.6733425, 23.255778600000003], [72.673338, 23.255819000000006], [72.6733099, 23.255816300000003], [72.6733144, 23.2557759]]]}}, {"type": "Feature", "properties": {"layer": "building", "distance_m": 436.4, "source": "OpenStreetMap", "in_industrial_zone": false, "ghsl_2018": 1}, "geometry": {"type": "Polygon", "coordinates": [[[72.67354790000002, 23.255294999999997], [72.67335749999998, 23.2553271], [72.6733441, 23.255235899999995], [72.67354259999999, 23.255208800000002], [72.67354790000002, 23.255294999999997]]]}}, {"type": "Feature", "properties": {"layer": "building", "distance_m": 427.6, "source": "Microsoft ML Buildings", "in_industrial_zone": false, "ghsl_2018": 1}, "geometry": {"type": "Polygon", "coordinates": [[[72.67361360000001, 23.2557953], [72.67360199999999, 23.2555963], [72.67369819999999, 23.2555915], [72.6737099, 23.2557906], [72.67361360000001, 23.2557953]]]}}, {"type": "Feature", "properties": {"layer": "building", "distance_m": 431.5, "source": "Google Open Buildings", "in_industrial_zone": false, "ghsl_2018": 1}, "geometry": {"type": "Polygon", "coordinates": [[[72.6737427, 23.255907300000004], [72.67375799999999, 23.255994799999996], [72.67355039999998, 23.2560257], [72.6735351, 23.2559382], [72.6737427, 23.255907300000004]]]}}, {"type": "Feature", "properties": {"layer": "building", "distance_m": 454.4, "source": "Google Open Buildings", "in_industrial_zone": false, "ghsl_2018": 1}, "geometry": {"type": "Polygon", "coordinates": [[[72.6735259, 23.256055300000003], [72.673555, 23.256050599999988], [72.673562, 23.256087], [72.67353289999997, 23.256091800000007], [72.6735259, 23.256055300000003]]]}}, {"type": "Feature", "properties": {"layer": "building", "distance_m": 454.4, "source": "Google Open Buildings", "in_industrial_zone": false, "ghsl_2018": 1}, "geometry": {"type": "Polygon", "coordinates": [[[72.67350019999999, 23.25599310000001], [72.67353529999998, 23.255988899999995], [72.67354559999998, 23.2560622], [72.6735106, 23.256066400000005], [72.67350019999999, 23.25599310000001]]]}}, {"type": "Feature", "properties": {"layer": "building", "distance_m": 431.3, "source": "Google Open Buildings", "in_industrial_zone": false, "ghsl_2018": 1}, "geometry": {"type": "Polygon", "coordinates": [[[72.67361399999999, 23.255356900000006], [72.67365529999998, 23.2555629], [72.6735635, 23.2555786], [72.6735221, 23.25537269999999], [72.67361399999999, 23.255356900000006]]]}}, {"type": "Feature", "properties": {"layer": "building", "distance_m": 479.9, "source": "Google Open Buildings", "in_industrial_zone": false, "ghsl_2018": 1}, "geometry": {"type": "Polygon", "coordinates": [[[72.67357770000001, 23.2568258], [72.6736315, 23.256823200000003], [72.6736334, 23.2568577], [72.6735796, 23.2568602], [72.67357770000001, 23.2568258]]]}}, {"type": "Feature", "properties": {"layer": "building", "distance_m": 447.9, "source": "Microsoft ML Buildings", "in_industrial_zone": false, "ghsl_2018": 1}, "geometry": {"type": "Polygon", "coordinates": [[[72.67377300000001, 23.256605499999996], [72.6737713, 23.256551400000003], [72.6738343, 23.256549700000008], [72.673836, 23.2566038], [72.67377300000001, 23.256605499999996]]]}}, {"type": "Feature", "properties": {"layer": "building", "distance_m": 437.9, "source": "Microsoft ML Buildings", "in_industrial_zone": false, "ghsl_2018": 1}, "geometry": {"type": "Polygon", "coordinates": [[[72.6737777, 23.2563094], [72.67382599999999, 23.2563083], [72.6738282, 23.256389600000006], [72.67378, 23.256390700000004], [72.6737777, 23.2563094]]]}}, {"type": "Feature", "properties": {"layer": "building", "distance_m": 452.6, "source": "Microsoft ML Buildings", "in_industrial_zone": false, "ghsl_2018": 1}, "geometry": {"type": "Polygon", "coordinates": [[[72.6737995, 23.256718399999997], [72.6738664, 23.256705800000002], [72.6738917, 23.2568193], [72.6738248, 23.2568319], [72.6737995, 23.256718399999997]]]}}, {"type": "Feature", "properties": {"layer": "building", "distance_m": 494.5, "source": "Google Open Buildings", "in_industrial_zone": false, "ghsl_2018": 1}, "geometry": {"type": "Polygon", "coordinates": [[[72.6737702, 23.2573141], [72.67377730000001, 23.257368499999995], [72.673736, 23.257373100000006], [72.6737289, 23.257318700000003], [72.6737702, 23.2573141]]]}}, {"type": "Feature", "properties": {"layer": "building", "distance_m": 483.3, "source": "Microsoft ML Buildings", "in_industrial_zone": false, "ghsl_2018": 1}, "geometry": {"type": "Polygon", "coordinates": [[[72.6735744, 23.257103600000004], [72.6737539, 23.2570885], [72.67376459999998, 23.257196000000008], [72.6735851, 23.257211099999996], [72.6735744, 23.257103600000004]]]}}, {"type": "Feature", "properties": {"layer": "building", "distance_m": 497.3, "source": "Google Open Buildings", "in_industrial_zone": false, "ghsl_2018": 1}, "geometry": {"type": "Polygon", "coordinates": [[[72.6737225, 23.257288500000005], [72.6737351, 23.25739], [72.6736395, 23.257400099999998], [72.6736363, 23.25737390000001], [72.6736229, 23.2573754], [72.6736135, 23.257300099999995], [72.6737225, 23.257288500000005]]]}}, {"type": "Feature", "properties": {"layer": "building", "distance_m": 475.9, "source": "Google Open Buildings", "in_industrial_zone": false, "ghsl_2018": 1}, "geometry": {"type": "Polygon", "coordinates": [[[72.67344240000001, 23.256343599999994], [72.6735045, 23.25668059999999], [72.6733238, 23.256708999999997], [72.67326170000001, 23.256372], [72.67344240000001, 23.256343599999994]]]}}, {"type": "Feature", "properties": {"layer": "building", "distance_m": 499.2, "source": "Google Open Buildings", "in_industrial_zone": false, "ghsl_2018": 1}, "geometry": {"type": "Polygon", "coordinates": [[[72.674453, 23.2587344], [72.6744597, 23.25879790000001], [72.6744139, 23.258802000000003], [72.6744072, 23.258738500000003], [72.674453, 23.2587344]]]}}, {"type": "Feature", "properties": {"layer": "building", "distance_m": 494.6, "source": "Google Open Buildings", "in_industrial_zone": false, "ghsl_2018": 1}, "geometry": {"type": "Polygon", "coordinates": [[[72.67439550000002, 23.258645600000005], [72.6744479, 23.2586428], [72.674454, 23.2587429], [72.6744017, 23.258745700000002], [72.67439550000002, 23.258645600000005]]]}}, {"type": "Feature", "properties": {"layer": "building", "distance_m": 478.1, "source": "Google Open Buildings", "in_industrial_zone": false, "ghsl_2018": 1}, "geometry": {"type": "Polygon", "coordinates": [[[72.6745368, 23.258483199999997], [72.6745406, 23.258581799999998], [72.6744199, 23.2585858], [72.6743741, 23.258587300000002], [72.6743703, 23.258488700000004], [72.6745368, 23.258483199999997]]]}}, {"type": "Feature", "properties": {"layer": "building", "distance_m": 477.8, "source": "Google Open Buildings", "in_industrial_zone": false, "ghsl_2018": 1}, "geometry": {"type": "Polygon", "coordinates": [[[72.6745913, 23.258667500000005], [72.674612, 23.2586668], [72.6746133, 23.258701400000003], [72.6746743, 23.2586994], [72.6746776, 23.2587861], [72.6745959, 23.258788700000004], [72.6745913, 23.258667500000005]]]}}, {"type": "Feature", "properties": {"layer": "building", "distance_m": 488.0, "source": "Microsoft ML Buildings", "in_industrial_zone": false, "ghsl_2018": 1}, "geometry": {"type": "Polygon", "coordinates": [[[72.674564, 23.258917700000005], [72.6745193, 23.2589119], [72.6745332, 23.258821], [72.6746504, 23.258836199999998], [72.6746402, 23.2589029], [72.6745677, 23.2588935], [72.674564, 23.258917700000005]]]}}, {"type": "Feature", "properties": {"layer": "building", "distance_m": 491.2, "source": "Microsoft ML Buildings", "in_industrial_zone": false, "ghsl_2018": 1}, "geometry": {"type": "Polygon", "coordinates": [[[72.6745579, 23.258919700000003], [72.6745579, 23.258963999999995], [72.6747054, 23.258963999999995], [72.67470539999998, 23.259018200000003], [72.6747268, 23.259018200000003], [72.6747268, 23.259062599999996], [72.6746303, 23.259062599999996], [72.6746303, 23.25908720000001], [72.67456590000002, 23.259087200000003], [72.67456590000002, 23.259077400000002], [72.6744935, 23.259077399999995], [72.6744935, 23.258919699999996], [72.6745579, 23.258919700000003]]]}}, {"type": "Feature", "properties": {"layer": "building", "distance_m": 455.3, "source": "Google Open Buildings", "in_industrial_zone": false, "ghsl_2018": 1}, "geometry": {"type": "Polygon", "coordinates": [[[72.674557, 23.2581289], [72.6745824, 23.2581298], [72.6745805, 23.258178499999996], [72.6745552, 23.258177600000003], [72.674557, 23.2581289]]]}}, {"type": "Feature", "properties": {"layer": "building", "distance_m": 377.4, "source": "Microsoft ML Buildings", "in_industrial_zone": false, "ghsl_2018": 1}, "geometry": {"type": "Polygon", "coordinates": [[[72.67461279999999, 23.256659699999993], [72.6746798, 23.256657], [72.67468360000001, 23.256739799999995], [72.67461669999999, 23.2567424], [72.67461279999999, 23.256659699999993]]]}}, {"type": "Feature", "properties": {"layer": "building", "distance_m": 384.0, "source": "Google Open Buildings", "in_industrial_zone": false, "ghsl_2018": 1}, "geometry": {"type": "Polygon", "coordinates": [[[72.6746808, 23.256775400000002], [72.67468410000001, 23.256812999999998], [72.6746459, 23.256815899999992], [72.674652, 23.256884800000005], [72.6744928, 23.2568969], [72.6744819, 23.256774599999996], [72.6746411, 23.256762400000003], [72.6746425, 23.2567783], [72.6746808, 23.256775400000002]]]}}, {"type": "Feature", "properties": {"layer": "building", "distance_m": 389.3, "source": "Google Open Buildings", "in_industrial_zone": false, "ghsl_2018": 1}, "geometry": {"type": "Polygon", "coordinates": [[[72.6744355, 23.256990700000003], [72.6744177, 23.256792], [72.6744803, 23.2567872], [72.6744901, 23.256897199999997], [72.6746878, 23.2568821], [72.6746957, 23.2569708], [72.6744355, 23.256990700000003]]]}}, {"type": "Feature", "properties": {"layer": "building", "distance_m": 363.3, "source": "Google Open Buildings", "in_industrial_zone": false, "ghsl_2018": 1}, "geometry": {"type": "Polygon", "coordinates": [[[72.67467450000001, 23.256392899999994], [72.6746816, 23.2564799], [72.67435109999998, 23.256502699999995], [72.674344, 23.2564158], [72.67467450000001, 23.256392899999994]]]}}, {"type": "Feature", "properties": {"layer": "building", "distance_m": 491.4, "source": "Google Open Buildings", "in_industrial_zone": false, "ghsl_2018": 1}, "geometry": {"type": "Polygon", "coordinates": [[[72.674172, 23.258198999999994], [72.67422510000002, 23.258202100000005], [72.674222, 23.258248100000003], [72.6741689, 23.258245], [72.674172, 23.258198999999994]]]}}, {"type": "Feature", "properties": {"layer": "building", "distance_m": 493.5, "source": "Microsoft ML Buildings", "in_industrial_zone": false, "ghsl_2018": 1}, "geometry": {"type": "Polygon", "coordinates": [[[72.6741739, 23.258191000000007], [72.6741284, 23.258193000000006], [72.6741262, 23.258150299999997], [72.6741717, 23.2581483], [72.6741739, 23.258191000000007]]]}}, {"type": "Feature", "properties": {"layer": "building", "distance_m": 408.7, "source": "Microsoft ML Buildings", "in_industrial_zone": false, "ghsl_2018": 1}, "geometry": {"type": "Polygon", "coordinates": [[[72.67400970000001, 23.256612300000004], [72.67410179999999, 23.256606300000005], [72.6741126, 23.2567445], [72.6743701, 23.2567274], [72.6743793, 23.2568451], [72.6742099, 23.2568563], [72.6742168, 23.2569446], [72.6740366, 23.2569565], [72.67400970000001, 23.256612300000004]]]}}, {"type": "Feature", "properties": {"layer": "building", "distance_m": 417.2, "source": "Microsoft ML Buildings", "in_industrial_zone": false, "ghsl_2018": 1}, "geometry": {"type": "Polygon", "coordinates": [[[72.6743566, 23.256939900000003], [72.674236, 23.25694259999999], [72.6742337, 23.2568573], [72.6743543, 23.2568546], [72.6743566, 23.256939900000003]]]}}, {"type": "Feature", "properties": {"layer": "building", "distance_m": 395.8, "source": "Google Open Buildings", "in_industrial_zone": false, "ghsl_2018": 1}, "geometry": {"type": "Polygon", "coordinates": [[[72.67432389999999, 23.256406500000004], [72.6743322, 23.256506], [72.67409760000001, 23.25652269999999], [72.6740929, 23.2564668], [72.67419379999998, 23.256459600000007], [72.6741902, 23.256416], [72.67432389999999, 23.256406500000004]]]}}, {"type": "Feature", "properties": {"layer": "building", "distance_m": 373.9, "source": "Microsoft ML Buildings", "in_industrial_zone": false, "ghsl_2018": 1}, "geometry": {"type": "Polygon", "coordinates": [[[72.67423049999998, 23.2560638], [72.6743927, 23.256059800000003], [72.67439550000002, 23.256159200000003], [72.6742333, 23.2561632], [72.67423049999998, 23.2560638]]]}}, {"type": "Feature", "properties": {"layer": "building", "distance_m": 378.9, "source": "Microsoft ML Buildings", "in_industrial_zone": false, "ghsl_2018": 1}, "geometry": {"type": "Polygon", "coordinates": [[[72.67421699999998, 23.2560609], [72.6742195, 23.256016600000002], [72.6743238, 23.2560216], [72.6743213, 23.2560658], [72.67421699999998, 23.2560609]]]}}, {"type": "Feature", "properties": {"layer": "building", "distance_m": 382.9, "source": "Google Open Buildings", "in_industrial_zone": false, "ghsl_2018": 1}, "geometry": {"type": "Polygon", "coordinates": [[[72.67398579999998, 23.2549512], [72.67399459999999, 23.254989399999992], [72.6739509, 23.254998000000004], [72.6739421, 23.254959800000005], [72.67398579999998, 23.2549512]]]}}, {"type": "Feature", "properties": {"layer": "building", "distance_m": 366.3, "source": "Google Open Buildings", "in_industrial_zone": false, "ghsl_2018": 1}, "geometry": {"type": "Polygon", "coordinates": [[[72.6741243, 23.254926299999997], [72.67415959999998, 23.254929], [72.6741568, 23.254960000000004], [72.67412149999998, 23.254957299999997], [72.6741243, 23.254926299999997]]]}}, {"type": "Feature", "properties": {"layer": "building", "distance_m": 359.1, "source": "Microsoft ML Buildings", "in_industrial_zone": false, "ghsl_2018": 1}, "geometry": {"type": "Polygon", "coordinates": [[[72.6741596, 23.2548735], [72.6742052, 23.254872499999998], [72.6742061, 23.254911900000003], [72.67416059999998, 23.254912900000008], [72.6741596, 23.2548735]]]}}, {"type": "Feature", "properties": {"layer": "building", "distance_m": 347.9, "source": "Google Open Buildings", "in_industrial_zone": false, "ghsl_2018": 1}, "geometry": {"type": "Polygon", "coordinates": [[[72.6746343, 23.25619829999999], [72.6747319, 23.256191399999995], [72.6747485, 23.256392600000005], [72.67465089999999, 23.25639949999999], [72.67464479999998, 23.2563257], [72.67458739999998, 23.256329799999993], [72.6745809, 23.2562509], [72.67463829999998, 23.256246900000004], [72.6746343, 23.25619829999999]]]}}, {"type": "Feature", "properties": {"layer": "building", "distance_m": 305.9, "source": "Google Open Buildings", "in_industrial_zone": false, "ghsl_2018": 0}, "geometry": {"type": "Polygon", "coordinates": [[[72.6747127, 23.254903600000002], [72.67480429999999, 23.2548983], [72.67480679999998, 23.254933800000003], [72.6747151, 23.254939199999995], [72.6747127, 23.254903600000002]]]}}, {"type": "Feature", "properties": {"layer": "building", "distance_m": 287.8, "source": "Google Open Buildings", "in_industrial_zone": true, "ghsl_2018": 1}, "geometry": {"type": "Polygon", "coordinates": [[[72.67456759999999, 23.2542422], [72.6746403, 23.2542444], [72.67463769999999, 23.254320800000002], [72.67456499999999, 23.254318699999995], [72.67456759999999, 23.2542422]]]}}, {"type": "Feature", "properties": {"layer": "building", "distance_m": 288.2, "source": "Google Open Buildings", "in_industrial_zone": true, "ghsl_2018": 1}, "geometry": {"type": "Polygon", "coordinates": [[[72.67457099999999, 23.25416059999999], [72.67460549999998, 23.2541763], [72.6745877, 23.2542098], [72.67455320000002, 23.254194099999996], [72.67457099999999, 23.25416059999999]]]}}, {"type": "Feature", "properties": {"layer": "building", "distance_m": 290.8, "source": "Microsoft ML Buildings", "in_industrial_zone": true, "ghsl_2018": 1}, "geometry": {"type": "Polygon", "coordinates": [[[72.67453069999999, 23.254152100000006], [72.674518, 23.254121099999995], [72.67455089999999, 23.2541097], [72.6745636, 23.2541407], [72.67453069999999, 23.254152100000006]]]}}, {"type": "Feature", "properties": {"layer": "building", "distance_m": 272.6, "source": "Microsoft ML Buildings", "in_industrial_zone": true, "ghsl_2018": 1}, "geometry": {"type": "Polygon", "coordinates": [[[72.67453599999999, 23.253657299999993], [72.6745142, 23.2536059], [72.67457710000001, 23.2535834], [72.6745989, 23.253634799999993], [72.67453599999999, 23.253657299999993]]]}}, {"type": "Feature", "properties": {"layer": "building", "distance_m": 288.0, "source": "Microsoft ML Buildings", "in_industrial_zone": true, "ghsl_2018": 1}, "geometry": {"type": "Polygon", "coordinates": [[[72.6743216, 23.252302999999994], [72.6744305, 23.252293499999997], [72.6744415, 23.25239850000001], [72.6743325, 23.252408000000003], [72.6743216, 23.252302999999994]]]}}, {"type": "Feature", "properties": {"layer": "building", "distance_m": 284.1, "source": "OpenStreetMap", "in_industrial_zone": true, "ghsl_2018": 2}, "geometry": {"type": "Polygon", "coordinates": [[[72.674346, 23.251916099999995], [72.6743535, 23.251891999999994], [72.6743098, 23.251880400000005], [72.67435, 23.2517521], [72.6745924, 23.25181630000001], [72.674581, 23.251852600000003], [72.6746356, 23.251867], [72.6745992, 23.2519832], [72.674346, 23.251916099999995]]]}}, {"type": "Feature", "properties": {"layer": "building", "distance_m": 325.7, "source": "Google Open Buildings", "in_industrial_zone": true, "ghsl_2018": 2}, "geometry": {"type": "Polygon", "coordinates": [[[72.67380550000001, 23.252451199999992], [72.67405119999998, 23.2525204], [72.6739588, 23.2528001], [72.6737131, 23.252730799999995], [72.67380550000001, 23.252451199999992]]]}}, {"type": "Feature", "properties": {"layer": "building", "distance_m": 294.8, "source": "Microsoft ML Buildings", "in_industrial_zone": true, "ghsl_2018": 1}, "geometry": {"type": "Polygon", "coordinates": [[[72.674204, 23.2525564], [72.6742967, 23.252516900000007], [72.67434550000002, 23.252613499999995], [72.6742527, 23.25265299999999], [72.674204, 23.2525564]]]}}, {"type": "Feature", "properties": {"layer": "building", "distance_m": 347.3, "source": "Google Open Buildings", "in_industrial_zone": true, "ghsl_2018": 1}, "geometry": {"type": "Polygon", "coordinates": [[[72.6737754, 23.252942], [72.6738238, 23.2529797], [72.6737813, 23.253026299999995], [72.6737329, 23.252988699999996], [72.6737754, 23.252942]]]}}, {"type": "Feature", "properties": {"layer": "building", "distance_m": 349.1, "source": "Google Open Buildings", "in_industrial_zone": true, "ghsl_2018": 2}, "geometry": {"type": "Polygon", "coordinates": [[[72.67374580000002, 23.252900499999996], [72.6737703, 23.252880800000007], [72.67380499999999, 23.252917900000003], [72.6737805, 23.252937600000006], [72.67374580000002, 23.252900499999996]]]}}, {"type": "Feature", "properties": {"layer": "building", "distance_m": 350.3, "source": "Google Open Buildings", "in_industrial_zone": true, "ghsl_2018": 1}, "geometry": {"type": "Polygon", "coordinates": [[[72.673779, 23.252368200000003], [72.6738283, 23.252382100000002], [72.6738055, 23.252451100000002], [72.67375620000001, 23.25243720000001], [72.673779, 23.252368200000003]]]}}, {"type": "Feature", "properties": {"layer": "building", "distance_m": 351.6, "source": "Google Open Buildings", "in_industrial_zone": true, "ghsl_2018": 1}, "geometry": {"type": "Polygon", "coordinates": [[[72.67374580000002, 23.252900499999996], [72.6737805, 23.252937600000006], [72.67373, 23.2529779], [72.6736953, 23.252940800000005], [72.67374580000002, 23.252900499999996]]]}}, {"type": "Feature", "properties": {"layer": "building", "distance_m": 396.3, "source": "Google Open Buildings", "in_industrial_zone": true, "ghsl_2018": 1}, "geometry": {"type": "Polygon", "coordinates": [[[72.6733066, 23.253452], [72.67336739999999, 23.253543599999997], [72.67301259999999, 23.2537447], [72.67299109999999, 23.2537124], [72.6729287, 23.253747800000003], [72.67295009999998, 23.253780200000005], [72.67290229999999, 23.253807300000002], [72.6728415, 23.253715699999997], [72.6733066, 23.253452]]]}}, {"type": "Feature", "properties": {"layer": "building", "distance_m": 418.6, "source": "Google Open Buildings", "in_industrial_zone": true, "ghsl_2018": 2}, "geometry": {"type": "Polygon", "coordinates": [[[72.6729695, 23.252678500000005], [72.67311119999998, 23.2527053], [72.6731016, 23.252748799999996], [72.67312539999999, 23.2527533], [72.67310989999999, 23.252823199999998], [72.67308609999999, 23.252818700000002], [72.6730743, 23.2528719], [72.6729616, 23.252850600000002], [72.67292099999999, 23.252798600000002], [72.672937, 23.2527261], [72.67295809999999, 23.2527301], [72.6729695, 23.252678500000005]]]}}, {"type": "Feature", "properties": {"layer": "building", "distance_m": 397.3, "source": "Microsoft ML Buildings", "in_industrial_zone": true, "ghsl_2018": 2}, "geometry": {"type": "Polygon", "coordinates": [[[72.6731235, 23.2524303], [72.67330400000002, 23.2523915], [72.6733451, 23.2525527], [72.6732434, 23.252574500000005], [72.6732625, 23.2526493], [72.67316840000001, 23.2526696], [72.673121, 23.252483600000005], [72.6731362, 23.2524803], [72.6731235, 23.2524303]]]}}, {"type": "Feature", "properties": {"layer": "building", "distance_m": 388.4, "source": "Microsoft ML Buildings", "in_industrial_zone": true, "ghsl_2018": 2}, "geometry": {"type": "Polygon", "coordinates": [[[72.67348910000001, 23.252175800000003], [72.67346730000001, 23.252259700000003], [72.6731806, 23.252196699999995], [72.6732025, 23.252112800000003], [72.67348910000001, 23.252175800000003]]]}}, {"type": "Feature", "properties": {"layer": "building", "distance_m": 416.0, "source": "Microsoft ML Buildings", "in_industrial_zone": true, "ghsl_2018": 1}, "geometry": {"type": "Polygon", "coordinates": [[[72.6731974, 23.2518869], [72.6732775, 23.251906600000005], [72.6732473, 23.252010100000003], [72.6731673, 23.251990399999997], [72.6731974, 23.2518869]]]}}, {"type": "Feature", "properties": {"layer": "building", "distance_m": 451.4, "source": "Google Open Buildings", "in_industrial_zone": true, "ghsl_2018": 1}, "geometry": {"type": "Polygon", "coordinates": [[[72.6729189, 23.2517536], [72.6729593, 23.2517595], [72.67295490000001, 23.251785499999997], [72.6729144, 23.251779499999998], [72.6729189, 23.2517536]]]}}, {"type": "Feature", "properties": {"layer": "building", "distance_m": 438.0, "source": "OpenStreetMap", "in_industrial_zone": true, "ghsl_2018": 2}, "geometry": {"type": "Polygon", "coordinates": [[[72.67302840000002, 23.2512245], [72.6731826, 23.250791199999995], [72.6733783, 23.250851000000004], [72.6733316, 23.250982499999996], [72.673276, 23.2509658], [72.673169, 23.251266700000002], [72.67302840000002, 23.2512245]]]}}, {"type": "Feature", "properties": {"layer": "building", "distance_m": 436.1, "source": "Microsoft ML Buildings", "in_industrial_zone": true, "ghsl_2018": 1}, "geometry": {"type": "Polygon", "coordinates": [[[72.6737322, 23.249063400000004], [72.67378529999999, 23.2488979], [72.67395799999998, 23.248944799999997], [72.6737891, 23.249470699999993], [72.6736188, 23.249424500000003], [72.6736375, 23.249366400000003], [72.6735773, 23.249350099999997], [72.6736081, 23.249253999999997], [72.6736427, 23.2492634], [72.67369869999999, 23.249088899999997], [72.67376289999999, 23.2491063], [72.6737731, 23.2490745], [72.6737322, 23.249063400000004]]]}}, {"type": "Feature", "properties": {"layer": "building", "distance_m": 387.4, "source": "Google Open Buildings", "in_industrial_zone": true, "ghsl_2018": 1}, "geometry": {"type": "Polygon", "coordinates": [[[72.6734555, 23.249413499999992], [72.6742184, 23.249668600000003], [72.67419129999999, 23.249737599999996], [72.6734285, 23.249482500000006], [72.6734555, 23.249413499999992]]]}}, {"type": "Feature", "properties": {"layer": "building", "distance_m": 482.9, "source": "Google Open Buildings", "in_industrial_zone": true, "ghsl_2018": 1}, "geometry": {"type": "Polygon", "coordinates": [[[72.6731257, 23.249252000000002], [72.6733571, 23.24931669999999], [72.6733167, 23.249440300000003], [72.67308529999998, 23.249375599999997], [72.6731257, 23.249252000000002]]]}}, {"type": "Feature", "properties": {"layer": "building", "distance_m": 485.4, "source": "Google Open Buildings", "in_industrial_zone": true, "ghsl_2018": 2}, "geometry": {"type": "Polygon", "coordinates": [[[72.6732278, 23.249411100000007], [72.67329450000001, 23.249430600000007], [72.6731359, 23.2498932], [72.67306909999999, 23.249873700000002], [72.6732278, 23.249411100000007]]]}}, {"type": "Feature", "properties": {"layer": "building", "distance_m": 487.6, "source": "Google Open Buildings", "in_industrial_zone": true, "ghsl_2018": 1}, "geometry": {"type": "Polygon", "coordinates": [[[72.6730523, 23.2499746], [72.67310520000001, 23.249991600000005], [72.67308749999998, 23.2500386], [72.6730346, 23.250021700000005], [72.6730523, 23.2499746]]]}}, {"type": "Feature", "properties": {"layer": "building", "distance_m": 486.0, "source": "Google Open Buildings", "in_industrial_zone": true, "ghsl_2018": 2}, "geometry": {"type": "Polygon", "coordinates": [[[72.67307540000002, 23.2499131], [72.6731429, 23.2499348], [72.67311979999998, 23.2499963], [72.6730523, 23.2499746], [72.67307540000002, 23.2499131]]]}}, {"type": "Feature", "properties": {"layer": "building", "distance_m": 423.6, "source": "Google Open Buildings", "in_industrial_zone": true, "ghsl_2018": 1}, "geometry": {"type": "Polygon", "coordinates": [[[72.6740755, 23.249009500000003], [72.67412039999999, 23.249021299999995], [72.6740995, 23.2490892], [72.67405449999998, 23.249077399999997], [72.6740755, 23.249009500000003]]]}}, {"type": "Feature", "properties": {"layer": "building", "distance_m": 451.5, "source": "Google Open Buildings", "in_industrial_zone": true, "ghsl_2018": 2}, "geometry": {"type": "Polygon", "coordinates": [[[72.6738867, 23.2487861], [72.67393900000002, 23.248803700000003], [72.67390850000001, 23.248881100000002], [72.6738562, 23.2488635], [72.6738867, 23.2487861]]]}}, {"type": "Feature", "properties": {"layer": "building", "distance_m": 372.0, "source": "Google Open Buildings", "in_industrial_zone": true, "ghsl_2018": 1}, "geometry": {"type": "Polygon", "coordinates": [[[72.67413179999998, 23.249940999999993], [72.6742736, 23.249987700000013], [72.67422270000002, 23.250119699999996], [72.6740809, 23.250073000000004], [72.67413179999998, 23.249940999999993]]]}}, {"type": "Feature", "properties": {"layer": "building", "distance_m": 384.6, "source": "Microsoft ML Buildings", "in_industrial_zone": true, "ghsl_2018": 1}, "geometry": {"type": "Polygon", "coordinates": [[[72.67411629999998, 23.249830099999993], [72.6741343, 23.249766999999995], [72.67420460000001, 23.249783900000004], [72.6741866, 23.249847000000003], [72.67411629999998, 23.249830099999993]]]}}, {"type": "Feature", "properties": {"layer": "building", "distance_m": 394.4, "source": "Google Open Buildings", "in_industrial_zone": true, "ghsl_2018": 1}, "geometry": {"type": "Polygon", "coordinates": [[[72.6742271, 23.249366699999996], [72.67426239999999, 23.249376399999996], [72.67424779999999, 23.249421599999998], [72.6742124, 23.249411800000004], [72.6742271, 23.249366699999996]]]}}, {"type": "Feature", "properties": {"layer": "building", "distance_m": 395.9, "source": "Google Open Buildings", "in_industrial_zone": true, "ghsl_2018": 1}, "geometry": {"type": "Polygon", "coordinates": [[[72.67432619999998, 23.249023100000002], [72.67436649999999, 23.249034499999997], [72.674254, 23.249371900000007], [72.6742137, 23.2493605], [72.67432619999998, 23.249023100000002]]]}}, {"type": "Feature", "properties": {"layer": "building", "distance_m": 405.7, "source": "Google Open Buildings", "in_industrial_zone": true, "ghsl_2018": 1}, "geometry": {"type": "Polygon", "coordinates": [[[72.6742809, 23.24900540000001], [72.6743249, 23.249012399999994], [72.67431770000002, 23.249050699999998], [72.6742737, 23.2490437], [72.6742809, 23.24900540000001]]]}}, {"type": "Feature", "properties": {"layer": "building", "distance_m": 424.9, "source": "Google Open Buildings", "in_industrial_zone": true, "ghsl_2018": 1}, "geometry": {"type": "Polygon", "coordinates": [[[72.67409389999999, 23.248966699999993], [72.67413589999998, 23.2489784], [72.6741205, 23.2490255], [72.67407849999998, 23.249013799999993], [72.67409389999999, 23.248966699999993]]]}}, {"type": "Feature", "properties": {"layer": "building", "distance_m": 425.7, "source": "Google Open Buildings", "in_industrial_zone": true, "ghsl_2018": 2}, "geometry": {"type": "Polygon", "coordinates": [[[72.6740999, 23.248940200000003], [72.6741432, 23.248946700000005], [72.6741371, 23.248981], [72.6740938, 23.248974400000005], [72.6740999, 23.248940200000003]]]}}, {"type": "Feature", "properties": {"layer": "building", "distance_m": 409.4, "source": "Microsoft ML Buildings", "in_industrial_zone": true, "ghsl_2018": 2}, "geometry": {"type": "Polygon", "coordinates": [[[72.67455829999999, 23.248239099999992], [72.6746236, 23.248254800000005], [72.6744888, 23.248728500000006], [72.67427149999999, 23.248676300000003], [72.67424589999999, 23.248766199999995], [72.67410669999998, 23.2487328], [72.67424149999998, 23.2482591], [72.67445100000002, 23.2483094], [72.67445889999999, 23.248281699999996], [72.67448649999999, 23.2482884], [72.67450329999998, 23.2482292], [72.6745574, 23.2482422], [72.67455829999999, 23.248239099999992]]]}}, {"type": "Feature", "properties": {"layer": "building", "distance_m": 390.3, "source": "Microsoft ML Buildings", "in_industrial_zone": true, "ghsl_2018": 1}, "geometry": {"type": "Polygon", "coordinates": [[[72.6744145, 23.249179600000005], [72.67434809999999, 23.2491613], [72.67437860000001, 23.249067799999995], [72.67444499999999, 23.249086099999992], [72.6744145, 23.249179600000005]]]}}, {"type": "Feature", "properties": {"layer": "building", "distance_m": 339.7, "source": "Microsoft ML Buildings", "in_industrial_zone": true, "ghsl_2018": 1}, "geometry": {"type": "Polygon", "coordinates": [[[72.67444250000001, 23.249972700000004], [72.6745914, 23.250015700000002], [72.6745661, 23.2500897], [72.67441719999998, 23.2500467], [72.67444250000001, 23.249972700000004]]]}}, {"type": "Feature", "properties": {"layer": "building", "distance_m": 343.0, "source": "Google Open Buildings", "in_industrial_zone": true, "ghsl_2018": 1}, "geometry": {"type": "Polygon", "coordinates": [[[72.6742407, 23.2495946], [72.6742615, 23.249528400000003], [72.6746077, 23.2496211], [72.67463189999998, 23.249543999999997], [72.6747089, 23.249564699999997], [72.67466399999999, 23.249707899999997], [72.6742407, 23.2495946]]]}}, {"type": "Feature", "properties": {"layer": "building", "distance_m": 351.9, "source": "Google Open Buildings", "in_industrial_zone": true, "ghsl_2018": 1}, "geometry": {"type": "Polygon", "coordinates": [[[72.67431899999998, 23.2494603], [72.67463189999998, 23.249543999999997], [72.6746077, 23.2496211], [72.67429479999998, 23.2495373], [72.67431899999998, 23.2494603]]]}}, {"type": "Feature", "properties": {"layer": "building", "distance_m": 346.2, "source": "Google Open Buildings", "in_industrial_zone": true, "ghsl_2018": 1}, "geometry": {"type": "Polygon", "coordinates": [[[72.6744891, 23.2490552], [72.67484049999999, 23.2491605], [72.6747124, 23.249525800000004], [72.6743609, 23.2494205], [72.6744891, 23.2490552]]]}}, {"type": "Feature", "properties": {"layer": "building", "distance_m": 331.2, "source": "Google Open Buildings", "in_industrial_zone": true, "ghsl_2018": 1}, "geometry": {"type": "Polygon", "coordinates": [[[72.67467800000001, 23.249731099999998], [72.6747633, 23.249752900000008], [72.6747434, 23.2498194], [72.67465819999998, 23.249797700000006], [72.67467800000001, 23.249731099999998]]]}}, {"type": "Feature", "properties": {"layer": "building", "distance_m": 315.5, "source": "Microsoft ML Buildings", "in_industrial_zone": true, "ghsl_2018": 2}, "geometry": {"type": "Polygon", "coordinates": [[[72.67480099999999, 23.250140999999996], [72.67477880000001, 23.250206100000003], [72.6747031, 23.25018440000001], [72.6747253, 23.250119299999998], [72.67480099999999, 23.250140999999996]]]}}, {"type": "Feature", "properties": {"layer": "building", "distance_m": 317.4, "source": "Google Open Buildings", "in_industrial_zone": true, "ghsl_2018": 1}, "geometry": {"type": "Polygon", "coordinates": [[[72.67481399999998, 23.249983799999992], [72.67479319999998, 23.250099599999995], [72.67476320000002, 23.250094899999993], [72.674784, 23.249979100000004], [72.67481399999998, 23.249983799999992]]]}}, {"type": "Feature", "properties": {"layer": "building", "distance_m": 424.9, "source": "Google Open Buildings", "in_industrial_zone": true, "ghsl_2018": 1}, "geometry": {"type": "Polygon", "coordinates": [[[72.67482319999999, 23.247657399999994], [72.67483089999999, 23.2476354], [72.6748618, 23.2476447], [72.67472639999998, 23.2480302], [72.67479099999998, 23.248049600000005], [72.6747652, 23.248123100000004], [72.6746484, 23.248088100000004], [72.67480199999999, 23.247650999999998], [72.67482319999999, 23.247657399999994]]]}}, {"type": "Feature", "properties": {"layer": "building", "distance_m": 441.1, "source": "Google Open Buildings", "in_industrial_zone": true, "ghsl_2018": 2}, "geometry": {"type": "Polygon", "coordinates": [[[72.67458159999998, 23.2478143], [72.67468850000002, 23.247846900000006], [72.674591, 23.24811940000001], [72.6744842, 23.2480868], [72.67458159999998, 23.2478143]]]}}, {"type": "Feature", "properties": {"layer": "building", "distance_m": 363.9, "source": "Microsoft ML Buildings", "in_industrial_zone": true, "ghsl_2018": 2}, "geometry": {"type": "Polygon", "coordinates": [[[72.6776399, 23.246214100000003], [72.6776426, 23.246145200000004], [72.6776225, 23.246144600000004], [72.6776306, 23.245932900000003], [72.67764, 23.245933200000003], [72.677641, 23.2459061], [72.67766380000002, 23.245906799999993], [72.6776612, 23.245973300000006], [72.6777228, 23.245975300000005], [72.6777204, 23.246039300000003], [72.6777619, 23.246040599999997], [72.6777629, 23.246015999999994], [72.67778159999999, 23.246016599999997], [72.67777390000002, 23.2462185], [72.6776399, 23.246214100000003]]]}}, {"type": "Feature", "properties": {"layer": "building", "distance_m": 381.6, "source": "Microsoft ML Buildings", "in_industrial_zone": true, "ghsl_2018": 1}, "geometry": {"type": "Polygon", "coordinates": [[[72.6774657, 23.246059699999996], [72.6775368, 23.245859200000005], [72.6776144, 23.2458824], [72.6775504, 23.2460628], [72.6776001, 23.2460777], [72.6775854, 23.2461191], [72.6775321, 23.2461031], [72.67753969999998, 23.246081799999992], [72.6774657, 23.246059699999996]]]}}, {"type": "Feature", "properties": {"layer": "building", "distance_m": 432.6, "source": "Microsoft ML Buildings", "in_industrial_zone": true, "ghsl_2018": 1}, "geometry": {"type": "Polygon", "coordinates": [[[72.67502869999998, 23.2475218], [72.67505339999998, 23.2474236], [72.67508899999999, 23.2474312], [72.6750643, 23.2475294], [72.67502869999998, 23.2475218]]]}}, {"type": "Feature", "properties": {"layer": "building", "distance_m": 435.8, "source": "Microsoft ML Buildings", "in_industrial_zone": true, "ghsl_2018": 1}, "geometry": {"type": "Polygon", "coordinates": [[[72.67512829999998, 23.247326800000007], [72.67510619999999, 23.247428700000004], [72.67507009999999, 23.2474221], [72.6750922, 23.2473202], [72.67512829999998, 23.247326800000007]]]}}, {"type": "Feature", "properties": {"layer": "building", "distance_m": 427.5, "source": "Google Open Buildings", "in_industrial_zone": true, "ghsl_2018": 1}, "geometry": {"type": "Polygon", "coordinates": [[[72.67512379999998, 23.24748440000001], [72.67508439999999, 23.247583], [72.67504999999998, 23.2475713], [72.6750894, 23.2474726], [72.67512379999998, 23.24748440000001]]]}}, {"type": "Feature", "properties": {"layer": "building", "distance_m": 436.0, "source": "Google Open Buildings", "in_industrial_zone": true, "ghsl_2018": 2}, "geometry": {"type": "Polygon", "coordinates": [[[72.6751384, 23.247237400000003], [72.67521939999999, 23.2472638], [72.67519899999999, 23.2473171], [72.675118, 23.2472906], [72.6751384, 23.247237400000003]]]}}, {"type": "Feature", "properties": {"layer": "building", "distance_m": 409.2, "source": "Microsoft ML Buildings", "in_industrial_zone": true, "ghsl_2018": 1}, "geometry": {"type": "Polygon", "coordinates": [[[72.67518779999999, 23.247623599999994], [72.67521189999998, 23.247567300000004], [72.67527799999999, 23.247591200000006], [72.67525389999999, 23.2476475], [72.67518779999999, 23.247623599999994]]]}}, {"type": "Feature", "properties": {"layer": "building", "distance_m": 423.7, "source": "Microsoft ML Buildings", "in_industrial_zone": true, "ghsl_2018": 1}, "geometry": {"type": "Polygon", "coordinates": [[[72.67512849999999, 23.24744739999999], [72.67514589999999, 23.247346400000005], [72.67523229999999, 23.247358999999996], [72.67521119999999, 23.247481600000004], [72.67508819999999, 23.2474637], [72.67509190000001, 23.247442000000003], [72.67512849999999, 23.24744739999999]]]}}, {"type": "Feature", "properties": {"layer": "building", "distance_m": 415.2, "source": "Google Open Buildings", "in_industrial_zone": true, "ghsl_2018": 1}, "geometry": {"type": "Polygon", "coordinates": [[[72.67515, 23.247621299999995], [72.67518030000001, 23.247629999999997], [72.6751686, 23.247665000000005], [72.67513829999999, 23.2476564], [72.67515, 23.247621299999995]]]}}, {"type": "Feature", "properties": {"layer": "building", "distance_m": 410.5, "source": "Google Open Buildings", "in_industrial_zone": true, "ghsl_2018": 1}, "geometry": {"type": "Polygon", "coordinates": [[[72.6751441, 23.247657100000005], [72.6752042, 23.247676600000002], [72.675192, 23.247708699999997], [72.6751319, 23.2476893], [72.6751441, 23.247657100000005]]]}}, {"type": "Feature", "properties": {"layer": "building", "distance_m": 383.5, "source": "Google Open Buildings", "in_industrial_zone": true, "ghsl_2018": 2}, "geometry": {"type": "Polygon", "coordinates": [[[72.67527869999999, 23.2479277], [72.675194, 23.248170399999992], [72.6750043, 23.248113899999996], [72.675047, 23.247991499999998], [72.67511769999999, 23.24801250000001], [72.6751692, 23.2478649], [72.67522650000001, 23.247881899999992], [72.67521690000001, 23.247909300000014], [72.67527869999999, 23.2479277]]]}}, {"type": "Feature", "properties": {"layer": "building", "distance_m": 408.8, "source": "Google Open Buildings", "in_industrial_zone": true, "ghsl_2018": 2}, "geometry": {"type": "Polygon", "coordinates": [[[72.67490919999999, 23.2476931], [72.6751109, 23.247753100000004], [72.67503979999998, 23.247957100000004], [72.67502019999999, 23.247951199999992], [72.67501019999999, 23.2479799], [72.67497919999998, 23.247970700000003], [72.67493669999999, 23.248092399999997], [72.6747856, 23.248047500000002], [72.67490919999999, 23.2476931]]]}}, {"type": "Feature", "properties": {"layer": "building", "distance_m": 429.5, "source": "Microsoft ML Buildings", "in_industrial_zone": true, "ghsl_2018": 1}, "geometry": {"type": "Polygon", "coordinates": [[[72.67504509999999, 23.2475328], [72.67502629999998, 23.2476283], [72.6749886, 23.247622], [72.67500729999999, 23.2475265], [72.67504509999999, 23.2475328]]]}}, {"type": "Feature", "properties": {"layer": "building", "distance_m": 441.8, "source": "Google Open Buildings", "in_industrial_zone": true, "ghsl_2018": 2}, "geometry": {"type": "Polygon", "coordinates": [[[72.67500599999998, 23.2474322], [72.6748629, 23.24765460000001], [72.67481429999998, 23.247627799999997], [72.6749573, 23.247405399999995], [72.67500599999998, 23.2474322]]]}}, {"type": "Feature", "properties": {"layer": "building", "distance_m": 362.2, "source": "Google Open Buildings", "in_industrial_zone": true, "ghsl_2018": 2}, "geometry": {"type": "Polygon", "coordinates": [[[72.67471390000001, 23.248400500000002], [72.6750146, 23.2484906], [72.6750205, 23.2484738], [72.6750754, 23.248490299999993], [72.67494029999999, 23.2488754], [72.67458459999999, 23.248768900000005], [72.67471390000001, 23.248400500000002]]]}}, {"type": "Feature", "properties": {"layer": "building", "distance_m": 381.4, "source": "Google Open Buildings", "in_industrial_zone": true, "ghsl_2018": 1}, "geometry": {"type": "Polygon", "coordinates": [[[72.67490189999998, 23.248083799999993], [72.67519339999998, 23.248170999999996], [72.675154, 23.248283499999996], [72.6748625, 23.248196300000007], [72.67490189999998, 23.248083799999993]]]}}, {"type": "Feature", "properties": {"layer": "building", "distance_m": 311.0, "source": "Google Open Buildings", "in_industrial_zone": true, "ghsl_2018": 1}, "geometry": {"type": "Polygon", "coordinates": [[[72.6748335, 23.249711799999996], [72.6749689, 23.249747100000004], [72.67492379999999, 23.249894700000002], [72.6747884, 23.249859400000002], [72.6748335, 23.249711799999996]]]}}, {"type": "Feature", "properties": {"layer": "building", "distance_m": 323.6, "source": "Microsoft ML Buildings", "in_industrial_zone": true, "ghsl_2018": 1}, "geometry": {"type": "Polygon", "coordinates": [[[72.67509510000001, 23.249209899999997], [72.6751186, 23.249140100000005], [72.6751637, 23.249153], [72.6751402, 23.249222700000004], [72.67509510000001, 23.249209899999997]]]}}, {"type": "Feature", "properties": {"layer": "building", "distance_m": 291.4, "source": "Google Open Buildings", "in_industrial_zone": true, "ghsl_2018": 1}, "geometry": {"type": "Polygon", "coordinates": [[[72.6749821, 23.2498342], [72.6751184, 23.2498612], [72.6750824, 23.2500164], [72.67494619999998, 23.249989499999998], [72.6749821, 23.2498342]]]}}, {"type": "Feature", "properties": {"layer": "building", "distance_m": 279.0, "source": "Google Open Buildings", "in_industrial_zone": true, "ghsl_2018": 1}, "geometry": {"type": "Polygon", "coordinates": [[[72.6752928, 23.249762800000006], [72.67528629999998, 23.249825999999995], [72.6752123, 23.249819500000008], [72.6752188, 23.2497563], [72.6752928, 23.249762800000006]]]}}, {"type": "Feature", "properties": {"layer": "building", "distance_m": 326.7, "source": "Microsoft ML Buildings", "in_industrial_zone": true, "ghsl_2018": 2}, "geometry": {"type": "Polygon", "coordinates": [[[72.6751983, 23.249092700000002], [72.6751419, 23.249076800000008], [72.6751713, 23.248988999999998], [72.6752276, 23.249004900000003], [72.6751983, 23.249092700000002]]]}}, {"type": "Feature", "properties": {"layer": "building", "distance_m": 349.2, "source": "Google Open Buildings", "in_industrial_zone": true, "ghsl_2018": 2}, "geometry": {"type": "Polygon", "coordinates": [[[72.67561939999999, 23.247844499999996], [72.675397, 23.248486700000004], [72.6752677, 23.2484485], [72.67549019999998, 23.247806299999997], [72.67561939999999, 23.247844499999996]]]}}, {"type": "Feature", "properties": {"layer": "building", "distance_m": 314.2, "source": "Microsoft ML Buildings", "in_industrial_zone": true, "ghsl_2018": 1}, "geometry": {"type": "Polygon", "coordinates": [[[72.67530569999998, 23.249148299999998], [72.67525779999998, 23.249137199999996], [72.6752731, 23.2490816], [72.675321, 23.249092700000002], [72.67530569999998, 23.249148299999998]]]}}, {"type": "Feature", "properties": {"layer": "building", "distance_m": 301.4, "source": "Microsoft ML Buildings", "in_industrial_zone": true, "ghsl_2018": 1}, "geometry": {"type": "Polygon", "coordinates": [[[72.6753995, 23.2492263], [72.6752985, 23.2492089], [72.6753199, 23.249104200000005], [72.6754209, 23.249121600000006], [72.6753995, 23.2492263]]]}}, {"type": "Feature", "properties": {"layer": "building", "distance_m": 260.4, "source": "Microsoft ML Buildings", "in_industrial_zone": true, "ghsl_2018": 2}, "geometry": {"type": "Polygon", "coordinates": [[[72.6750259, 23.249343199999995], [72.6750834, 23.249214499999997], [72.67517849999999, 23.2492504], [72.67521709999998, 23.249163899999996], [72.67528269999998, 23.249188599999997], [72.6752215, 23.249325700000004], [72.6756403, 23.2494836], [72.6755022, 23.2497929], [72.6754494, 23.249772999999998], [72.67546689999999, 23.249733699999997], [72.675134, 23.249608200000004], [72.6751463, 23.2495808], [72.67510950000002, 23.249566900000012], [72.6750238, 23.249758899999996], [72.6749481, 23.2497303], [72.6749857, 23.249645900000004], [72.6749605, 23.249636399999993], [72.67508199999999, 23.249364299999993], [72.6750259, 23.249343199999995]]]}}, {"type": "Feature", "properties": {"layer": "building", "distance_m": 286.3, "source": "Google Open Buildings", "in_industrial_zone": true, "ghsl_2018": 1}, "geometry": {"type": "Polygon", "coordinates": [[[72.67545599999998, 23.249168999999995], [72.67555569999999, 23.2491979], [72.6755191, 23.249305399999997], [72.6754195, 23.2492765], [72.67545599999998, 23.249168999999995]]]}}, {"type": "Feature", "properties": {"layer": "building", "distance_m": 268.4, "source": "Google Open Buildings", "in_industrial_zone": true, "ghsl_2018": 1}, "geometry": {"type": "Polygon", "coordinates": [[[72.6755584, 23.249284], [72.67567349999999, 23.249317199999997], [72.6756333, 23.249436100000004], [72.6755182, 23.249402899999996], [72.6755584, 23.249284]]]}}, {"type": "Feature", "properties": {"layer": "building", "distance_m": 271.0, "source": "Google Open Buildings", "in_industrial_zone": true, "ghsl_2018": 2}, "geometry": {"type": "Polygon", "coordinates": [[[72.6756245, 23.249089200000007], [72.6757552, 23.2491257], [72.6756905, 23.2493236], [72.67555969999998, 23.249286999999992], [72.6756245, 23.249089200000007]]]}}, {"type": "Feature", "properties": {"layer": "building", "distance_m": 295.8, "source": "Google Open Buildings", "in_industrial_zone": true, "ghsl_2018": 2}, "geometry": {"type": "Polygon", "coordinates": [[[72.6754165, 23.248649799999992], [72.67571209999998, 23.248736800000003], [72.6755958, 23.249074199999995], [72.6755263, 23.249053799999995], [72.6755468, 23.248994299999996], [72.67532069999999, 23.2489277], [72.6754165, 23.248649799999992]]]}}, {"type": "Feature", "properties": {"layer": "building", "distance_m": 390.5, "source": "Google Open Buildings", "in_industrial_zone": true, "ghsl_2018": 1}, "geometry": {"type": "Polygon", "coordinates": [[[72.67544989999999, 23.247647900000004], [72.67543049999999, 23.24771120000001], [72.67540679999999, 23.247704999999996], [72.67542619999999, 23.24764169999999], [72.67544989999999, 23.247647900000004]]]}}, {"type": "Feature", "properties": {"layer": "building", "distance_m": 402.9, "source": "Microsoft ML Buildings", "in_industrial_zone": true, "ghsl_2018": 1}, "geometry": {"type": "Polygon", "coordinates": [[[72.6752572, 23.24768660000001], [72.67528179999998, 23.247617600000005], [72.6753157, 23.247627799999997], [72.6752911, 23.247696800000003], [72.6752572, 23.24768660000001]]]}}, {"type": "Feature", "properties": {"layer": "building", "distance_m": 397.4, "source": "Google Open Buildings", "in_industrial_zone": true, "ghsl_2018": 1}, "geometry": {"type": "Polygon", "coordinates": [[[72.67534219999999, 23.247677300000003], [72.675319, 23.2477473], [72.6752879, 23.247738500000008], [72.6753111, 23.247668500000003], [72.67534219999999, 23.247677300000003]]]}}, {"type": "Feature", "properties": {"layer": "building", "distance_m": 409.5, "source": "Google Open Buildings", "in_industrial_zone": true, "ghsl_2018": 2}, "geometry": {"type": "Polygon", "coordinates": [[[72.6753564, 23.2474448], [72.6753937, 23.2474523], [72.67538619999999, 23.2474842], [72.67534889999999, 23.2474767], [72.6753564, 23.2474448]]]}}, {"type": "Feature", "properties": {"layer": "building", "distance_m": 415.6, "source": "Microsoft ML Buildings", "in_industrial_zone": true, "ghsl_2018": 2}, "geometry": {"type": "Polygon", "coordinates": [[[72.67525389999999, 23.247443200000003], [72.67527899999999, 23.2473859], [72.67534829999998, 23.247411500000002], [72.67532319999998, 23.24746879999999], [72.67525389999999, 23.247443200000003]]]}}, {"type": "Feature", "properties": {"layer": "building", "distance_m": 419.0, "source": "Google Open Buildings", "in_industrial_zone": true, "ghsl_2018": 1}, "geometry": {"type": "Polygon", "coordinates": [[[72.67538389999999, 23.2471376], [72.6755052, 23.247172100000004], [72.6754807, 23.247245799999998], [72.67535939999999, 23.2472113], [72.67538389999999, 23.2471376]]]}}, {"type": "Feature", "properties": {"layer": "building", "distance_m": 403.7, "source": "Google Open Buildings", "in_industrial_zone": true, "ghsl_2018": 2}, "geometry": {"type": "Polygon", "coordinates": [[[72.67539039999998, 23.2474492], [72.6754458, 23.2474621], [72.6754314, 23.247515000000007], [72.675376, 23.2475021], [72.67539039999998, 23.2474492]]]}}, {"type": "Feature", "properties": {"layer": "building", "distance_m": 386.2, "source": "Microsoft ML Buildings", "in_industrial_zone": true, "ghsl_2018": 1}, "geometry": {"type": "Polygon", "coordinates": [[[72.67588239999999, 23.247187599999997], [72.67585589999999, 23.247271699999995], [72.6755737, 23.2471967], [72.67560019999999, 23.2471126], [72.67588239999999, 23.247187599999997]]]}}, {"type": "Feature", "properties": {"layer": "building", "distance_m": 322.6, "source": "Google Open Buildings", "in_industrial_zone": true, "ghsl_2018": 2}, "geometry": {"type": "Polygon", "coordinates": [[[72.67587279999998, 23.2479631], [72.6759884, 23.2479969], [72.6759597, 23.248080500000004], [72.6758442, 23.2480467], [72.67587279999998, 23.2479631]]]}}, {"type": "Feature", "properties": {"layer": "building", "distance_m": 332.4, "source": "Google Open Buildings", "in_industrial_zone": true, "ghsl_2018": 1}, "geometry": {"type": "Polygon", "coordinates": [[[72.6757003, 23.247470400000008], [72.6761813, 23.247609400000005], [72.67613319999998, 23.247751499999993], [72.67565219999999, 23.2476125], [72.6757003, 23.247470400000008]]]}}, {"type": "Feature", "properties": {"layer": "building", "distance_m": 307.8, "source": "Google Open Buildings", "in_industrial_zone": true, "ghsl_2018": 2}, "geometry": {"type": "Polygon", "coordinates": [[[72.67601039999998, 23.248005900000003], [72.67612269999998, 23.248037899999996], [72.67608589999999, 23.248148099999998], [72.67597349999998, 23.248116], [72.67601039999998, 23.248005900000003]]]}}, {"type": "Feature", "properties": {"layer": "building", "distance_m": 324.0, "source": "Google Open Buildings", "in_industrial_zone": true, "ghsl_2018": 2}, "geometry": {"type": "Polygon", "coordinates": [[[72.67597549999999, 23.2477969], [72.67612409999998, 23.247840400000005], [72.676106, 23.247893200000004], [72.67595739999999, 23.247849700000003], [72.67597549999999, 23.2477969]]]}}, {"type": "Feature", "properties": {"layer": "building", "distance_m": 307.4, "source": "Microsoft ML Buildings", "in_industrial_zone": true, "ghsl_2018": 2}, "geometry": {"type": "Polygon", "coordinates": [[[72.6763566, 23.247783500000004], [72.6763207, 23.24789710000001], [72.6761599, 23.247854199999995], [72.6761959, 23.247740600000004], [72.6763566, 23.247783500000004]]]}}, {"type": "Feature", "properties": {"layer": "building", "distance_m": 301.3, "source": "Microsoft ML Buildings", "in_industrial_zone": true, "ghsl_2018": 2}, "geometry": {"type": "Polygon", "coordinates": [[[72.67626789999998, 23.248032399999996], [72.6762242, 23.248023899999996], [72.6762323, 23.247988500000005], [72.67627599999999, 23.247996899999997], [72.67626789999998, 23.248032399999996]]]}}, {"type": "Feature", "properties": {"layer": "building", "distance_m": 279.4, "source": "Google Open Buildings", "in_industrial_zone": true, "ghsl_2018": 2}, "geometry": {"type": "Polygon", "coordinates": [[[72.6764216, 23.2481233], [72.6763962, 23.2481993], [72.6762747, 23.248164599999996], [72.67626319999998, 23.248198799999997], [72.6761901, 23.2481779], [72.6761042, 23.248434600000003], [72.676, 23.2484048], [72.6761227, 23.248038], [72.6764216, 23.2481233]]]}}, {"type": "Feature", "properties": {"layer": "building", "distance_m": 239.4, "source": "Google Open Buildings", "in_industrial_zone": true, "ghsl_2018": 2}, "geometry": {"type": "Polygon", "coordinates": [[[72.6762795, 23.2490213], [72.6763049, 23.249025], [72.6762981, 23.249064600000004], [72.6762727, 23.249060900000003], [72.6762795, 23.2490213]]]}}, {"type": "Feature", "properties": {"layer": "building", "distance_m": 249.3, "source": "Google Open Buildings", "in_industrial_zone": true, "ghsl_2018": 2}, "geometry": {"type": "Polygon", "coordinates": [[[72.6763088, 23.248447200000008], [72.67646819999999, 23.248492999999996], [72.6764238, 23.248624900000003], [72.6762645, 23.2485791], [72.6763088, 23.248447200000008]]]}}, {"type": "Feature", "properties": {"layer": "building", "distance_m": 204.2, "source": "Microsoft ML Buildings", "in_industrial_zone": true, "ghsl_2018": 2}, "geometry": {"type": "Polygon", "coordinates": [[[72.6765173, 23.249208799999998], [72.6765083, 23.2492078], [72.6765233, 23.249096099999996], [72.676601, 23.2491049], [72.6765746, 23.2493015], [72.6765059, 23.2492937], [72.6765173, 23.249208799999998]]]}}, {"type": "Feature", "properties": {"layer": "building", "distance_m": 237.8, "source": "Google Open Buildings", "in_industrial_zone": true, "ghsl_2018": 2}, "geometry": {"type": "Polygon", "coordinates": [[[72.676085, 23.249092500000003], [72.67622369999998, 23.2491301], [72.6761819, 23.249261300000008], [72.6760433, 23.249223600000004], [72.676085, 23.249092500000003]]]}}, {"type": "Feature", "properties": {"layer": "building", "distance_m": 267.2, "source": "Google Open Buildings", "in_industrial_zone": true, "ghsl_2018": 2}, "geometry": {"type": "Polygon", "coordinates": [[[72.6762726, 23.248379399999997], [72.6761489, 23.2487493], [72.67590779999999, 23.248680499999995], [72.676, 23.2484048], [72.6761042, 23.248434600000003], [72.676119, 23.248390300000004], [72.6761921, 23.2484112], [72.67620889999999, 23.2483612], [72.6762726, 23.248379399999997]]]}}, {"type": "Feature", "properties": {"layer": "building", "distance_m": 301.9, "source": "Google Open Buildings", "in_industrial_zone": true, "ghsl_2018": 2}, "geometry": {"type": "Polygon", "coordinates": [[[72.67608589999999, 23.248148099999998], [72.67603149999998, 23.248310599999996], [72.67594100000001, 23.248284800000008], [72.6759515, 23.248253399999996], [72.67596, 23.248255800000003], [72.67600379999999, 23.248124600000004], [72.67608589999999, 23.248148099999998]]]}}, {"type": "Feature", "properties": {"layer": "building", "distance_m": 294.0, "source": "Google Open Buildings", "in_industrial_zone": true, "ghsl_2018": 2}, "geometry": {"type": "Polygon", "coordinates": [[[72.6760126, 23.248340299999995], [72.6758966, 23.2486752], [72.6757874, 23.248642900000004], [72.67590349999999, 23.248308000000005], [72.6760126, 23.248340299999995]]]}}, {"type": "Feature", "properties": {"layer": "building", "distance_m": 311.5, "source": "Google Open Buildings", "in_industrial_zone": true, "ghsl_2018": 2}, "geometry": {"type": "Polygon", "coordinates": [[[72.67580029999999, 23.248325200000004], [72.67586889999998, 23.248344799999998], [72.67583769999999, 23.248438199999995], [72.67576909999998, 23.248418599999997], [72.67580029999999, 23.248325200000004]]]}}, {"type": "Feature", "properties": {"layer": "building", "distance_m": 314.0, "source": "Google Open Buildings", "in_industrial_zone": true, "ghsl_2018": 2}, "geometry": {"type": "Polygon", "coordinates": [[[72.67565249999998, 23.2480243], [72.67594789999998, 23.248108700000003], [72.67586889999998, 23.248344799999998], [72.67557359999999, 23.248260500000004], [72.67565249999998, 23.2480243]]]}}, {"type": "Feature", "properties": {"layer": "building", "distance_m": 291.1, "source": "Google Open Buildings", "in_industrial_zone": true, "ghsl_2018": 2}, "geometry": {"type": "Polygon", "coordinates": [[[72.67579549999999, 23.2486484], [72.67590779999999, 23.248680499999995], [72.67586879999999, 23.248796999999996], [72.67575649999999, 23.248765], [72.67579549999999, 23.2486484]]]}}, {"type": "Feature", "properties": {"layer": "building", "distance_m": 290.1, "source": "Google Open Buildings", "in_industrial_zone": true, "ghsl_2018": 2}, "geometry": {"type": "Polygon", "coordinates": [[[72.6757837, 23.2487675], [72.67585709999999, 23.248789200000004], [72.6758042, 23.2489418], [72.6757308, 23.2489201], [72.6757837, 23.2487675]]]}}, {"type": "Feature", "properties": {"layer": "building", "distance_m": 213.9, "source": "Google Open Buildings", "in_industrial_zone": true, "ghsl_2018": 2}, "geometry": {"type": "Polygon", "coordinates": [[[72.6758657, 23.249743200000005], [72.6759909, 23.2497794], [72.6759478, 23.249906900000003], [72.6758226, 23.249870800000004], [72.6758657, 23.249743200000005]]]}}, {"type": "Feature", "properties": {"layer": "building", "distance_m": 207.0, "source": "Microsoft ML Buildings", "in_industrial_zone": true, "ghsl_2018": 2}, "geometry": {"type": "Polygon", "coordinates": [[[72.67576140000001, 23.250384400000012], [72.6757581, 23.250337799999997], [72.67582589999999, 23.250333700000002], [72.6758292, 23.25038029999999], [72.67576140000001, 23.250384400000012]]]}}, {"type": "Feature", "properties": {"layer": "building", "distance_m": 184.4, "source": "Google Open Buildings", "in_industrial_zone": true, "ghsl_2018": 2}, "geometry": {"type": "Polygon", "coordinates": [[[72.6757426, 23.250455399999993], [72.6760222, 23.250529900000004], [72.6760045, 23.250586799999994], [72.67572489999999, 23.2505122], [72.6757426, 23.250455399999993]]]}}, {"type": "Feature", "properties": {"layer": "building", "distance_m": 98.7, "source": "Microsoft ML Buildings", "in_industrial_zone": true, "ghsl_2018": 1}, "geometry": {"type": "Polygon", "coordinates": [[[72.6762267, 23.2531708], [72.6761566, 23.253153599999997], [72.6761861, 23.25305240000001], [72.6762562, 23.253069600000003], [72.6762267, 23.2531708]]]}}, {"type": "Feature", "properties": {"layer": "building", "distance_m": 79.7, "source": "Google Open Buildings", "in_industrial_zone": true, "ghsl_2018": 1}, "geometry": {"type": "Polygon", "coordinates": [[[72.67611480000001, 23.2527941], [72.67643790000001, 23.252894499999996], [72.676395, 23.2530124], [72.6760719, 23.252911999999995], [72.67611480000001, 23.2527941]]]}}, {"type": "Feature", "properties": {"layer": "building", "distance_m": 101.7, "source": "Microsoft ML Buildings", "in_industrial_zone": true, "ghsl_2018": 1}, "geometry": {"type": "Polygon", "coordinates": [[[72.6766147, 23.2541451], [72.6765873, 23.2539825], [72.676649, 23.253973700000003], [72.6766764, 23.2541363], [72.6766147, 23.2541451]]]}}, {"type": "Feature", "properties": {"layer": "building", "distance_m": 128.9, "source": "Google Open Buildings", "in_industrial_zone": true, "ghsl_2018": 1}, "geometry": {"type": "Polygon", "coordinates": [[[72.6764137, 23.25411160000001], [72.67642299999999, 23.254161400000008], [72.6763558, 23.254172099999995], [72.6763465, 23.254122199999998], [72.6764137, 23.25411160000001]]]}}, {"type": "Feature", "properties": {"layer": "building", "distance_m": 89.0, "source": "Microsoft ML Buildings", "in_industrial_zone": true, "ghsl_2018": 1}, "geometry": {"type": "Polygon", "coordinates": [[[72.6763864, 23.254021000000005], [72.6763691, 23.2539481], [72.6762923, 23.253963499999998], [72.6762373, 23.253733099999998], [72.6763024, 23.25372], [72.676274, 23.253601000000007], [72.6764239, 23.2535708], [72.6764461, 23.2536639], [72.6764933, 23.2536544], [72.67651149999999, 23.2537306], [72.67645519999999, 23.25374200000001], [72.6764841, 23.253863299999995], [72.67654299999998, 23.253851400000002], [72.676585, 23.254027799999996], [72.67651339999999, 23.2540422], [72.6765027, 23.253997599999998], [72.6763864, 23.254021000000005]]]}}, {"type": "Feature", "properties": {"layer": "building", "distance_m": 114.0, "source": "Microsoft ML Buildings", "in_industrial_zone": true, "ghsl_2018": 1}, "geometry": {"type": "Polygon", "coordinates": [[[72.67604410000001, 23.253608400000008], [72.6760259, 23.25350510000001], [72.67614880000002, 23.253486799999994], [72.676167, 23.253590100000004], [72.67604410000001, 23.253608400000008]]]}}, {"type": "Feature", "properties": {"layer": "building", "distance_m": 118.6, "source": "Google Open Buildings", "in_industrial_zone": true, "ghsl_2018": 1}, "geometry": {"type": "Polygon", "coordinates": [[[72.6760871, 23.253671600000004], [72.67616590000002, 23.253655299999995], [72.6762136, 23.2538532], [72.6761349, 23.253869499999993], [72.6760871, 23.253671600000004]]]}}, {"type": "Feature", "properties": {"layer": "building", "distance_m": 101.0, "source": "Google Open Buildings", "in_industrial_zone": true, "ghsl_2018": 1}, "geometry": {"type": "Polygon", "coordinates": [[[72.67600520000002, 23.252699599999993], [72.6762313, 23.252769899999997], [72.6762115, 23.252824100000005], [72.67611480000001, 23.2527941], [72.6760719, 23.252911999999995], [72.67599390000001, 23.252887699999995], [72.67603050000001, 23.25278709999999], [72.67597909999999, 23.252771199999998], [72.67600520000002, 23.252699599999993]]]}}, {"type": "Feature", "properties": {"layer": "building", "distance_m": 132.1, "source": "Microsoft ML Buildings", "in_industrial_zone": true, "ghsl_2018": 1}, "geometry": {"type": "Polygon", "coordinates": [[[72.6758892, 23.252810300000004], [72.67583040000001, 23.252807299999997], [72.67583350000001, 23.252755699999998], [72.6759271, 23.252760500000004], [72.6759221, 23.252842600000005], [72.6758873, 23.252840800000005], [72.6758892, 23.252810300000004]]]}}, {"type": "Feature", "properties": {"layer": "building", "distance_m": 166.0, "source": "Google Open Buildings", "in_industrial_zone": true, "ghsl_2018": 1}, "geometry": {"type": "Polygon", "coordinates": [[[72.6759482, 23.254145400000002], [72.6759574, 23.254203], [72.6758291, 23.254220399999994], [72.67582, 23.254162800000007], [72.6759482, 23.254145400000002]]]}}, {"type": "Feature", "properties": {"layer": "building", "distance_m": 212.1, "source": "Google Open Buildings", "in_industrial_zone": true, "ghsl_2018": 2}, "geometry": {"type": "Polygon", "coordinates": [[[72.6756153, 23.250784999999997], [72.67564780000001, 23.250790700000003], [72.675639, 23.250833600000004], [72.6756064, 23.2508279], [72.6756153, 23.250784999999997]]]}}, {"type": "Feature", "properties": {"layer": "building", "distance_m": 209.8, "source": "Google Open Buildings", "in_industrial_zone": true, "ghsl_2018": 2}, "geometry": {"type": "Polygon", "coordinates": [[[72.6756575, 23.250743599999993], [72.6756855, 23.250748500000007], [72.6756758, 23.250795600000007], [72.67564780000001, 23.250790700000003], [72.6756575, 23.250743599999993]]]}}, {"type": "Feature", "properties": {"layer": "building", "distance_m": 217.7, "source": "Google Open Buildings", "in_industrial_zone": true, "ghsl_2018": 2}, "geometry": {"type": "Polygon", "coordinates": [[[72.6757316, 23.2503422], [72.6756838, 23.2504912], [72.67563069999999, 23.2504766], [72.6756785, 23.2503276], [72.6757316, 23.2503422]]]}}, {"type": "Feature", "properties": {"layer": "building", "distance_m": 216.6, "source": "Google Open Buildings", "in_industrial_zone": true, "ghsl_2018": 1}, "geometry": {"type": "Polygon", "coordinates": [[[72.67563069999999, 23.2504766], [72.675709, 23.2504981], [72.67569169999999, 23.250552], [72.6756134, 23.2505305], [72.67563069999999, 23.2504766]]]}}, {"type": "Feature", "properties": {"layer": "building", "distance_m": 231.6, "source": "Google Open Buildings", "in_industrial_zone": true, "ghsl_2018": 1}, "geometry": {"type": "Polygon", "coordinates": [[[72.675599, 23.250314200000002], [72.6755397, 23.250487999999997], [72.67538330000001, 23.250442500000005], [72.6754162, 23.250346], [72.6755341, 23.250380299999993], [72.6755604, 23.250302999999995], [72.675599, 23.250314200000002]]]}}, {"type": "Feature", "properties": {"layer": "building", "distance_m": 248.6, "source": "Google Open Buildings", "in_industrial_zone": true, "ghsl_2018": 1}, "geometry": {"type": "Polygon", "coordinates": [[[72.67528200000001, 23.250255], [72.6754323, 23.250298800000007], [72.67538330000001, 23.250442500000005], [72.675233, 23.250398799999996], [72.67528200000001, 23.250255]]]}}, {"type": "Feature", "properties": {"layer": "building", "distance_m": 236.4, "source": "Google Open Buildings", "in_industrial_zone": true, "ghsl_2018": 2}, "geometry": {"type": "Polygon", "coordinates": [[[72.67528800000001, 23.250799500000003], [72.67534220000002, 23.250814100000007], [72.6753014, 23.25094350000001], [72.675358, 23.2509588], [72.67532560000001, 23.25106140000001], [72.67521480000002, 23.251031500000007], [72.67528800000001, 23.250799500000003]]]}}, {"type": "Feature", "properties": {"layer": "building", "distance_m": 219.6, "source": "Google Open Buildings", "in_industrial_zone": true, "ghsl_2018": 2}, "geometry": {"type": "Polygon", "coordinates": [[[72.6754061, 23.251453], [72.6754703, 23.2514716], [72.6754308, 23.251588], [72.6753667, 23.2515694], [72.6754061, 23.251453]]]}}, {"type": "Feature", "properties": {"layer": "building", "distance_m": 264.9, "source": "Google Open Buildings", "in_industrial_zone": true, "ghsl_2018": 2}, "geometry": {"type": "Polygon", "coordinates": [[[72.6752033, 23.250270099999998], [72.675272, 23.2502818], [72.6752666, 23.250309], [72.6751979, 23.2502974], [72.6752033, 23.250270099999998]]]}}, {"type": "Feature", "properties": {"layer": "building", "distance_m": 274.0, "source": "Google Open Buildings", "in_industrial_zone": true, "ghsl_2018": 2}, "geometry": {"type": "Polygon", "coordinates": [[[72.6748254, 23.250123100000003], [72.6751948, 23.250231], [72.6750315, 23.250708100000004], [72.6745988, 23.2505816], [72.6746589, 23.250406100000003], [72.6747222, 23.2504246], [72.6748254, 23.250123100000003]]]}}, {"type": "Feature", "properties": {"layer": "building", "distance_m": 255.2, "source": "Google Open Buildings", "in_industrial_zone": true, "ghsl_2018": 2}, "geometry": {"type": "Polygon", "coordinates": [[[72.6748917, 23.251682299999995], [72.6750233, 23.2517167], [72.6750073, 23.251768800000004], [72.6748758, 23.2517345], [72.6748917, 23.251682299999995]]]}}, {"type": "Feature", "properties": {"layer": "building", "distance_m": 251.8, "source": "Google Open Buildings", "in_industrial_zone": true, "ghsl_2018": 2}, "geometry": {"type": "Polygon", "coordinates": [[[72.6748829, 23.251760499999993], [72.6750037, 23.251800100000004], [72.6748881, 23.252101099999997], [72.6747673, 23.252061400000006], [72.6748829, 23.251760499999993]]]}}, {"type": "Feature", "properties": {"layer": "building", "distance_m": 251.9, "source": "Google Open Buildings", "in_industrial_zone": true, "ghsl_2018": 1}, "geometry": {"type": "Polygon", "coordinates": [[[72.6747527, 23.2521153], [72.67476320000002, 23.2520846], [72.6748804, 23.252118700000004], [72.67487, 23.2521494], [72.6747527, 23.2521153]]]}}, {"type": "Feature", "properties": {"layer": "building", "distance_m": 243.6, "source": "Microsoft ML Buildings", "in_industrial_zone": true, "ghsl_2018": 2}, "geometry": {"type": "Polygon", "coordinates": [[[72.6748569, 23.253486899999995], [72.6748098, 23.253488600000004], [72.67480719999999, 23.2534237], [72.67485430000002, 23.253422099999995], [72.6748569, 23.253486899999995]]]}}, {"type": "Feature", "properties": {"layer": "building", "distance_m": 292.1, "source": "Microsoft ML Buildings", "in_industrial_zone": false, "ghsl_2018": 0}, "geometry": {"type": "Polygon", "coordinates": [[[72.6749396, 23.254859899999996], [72.67490479999998, 23.254860500000003], [72.67490399999998, 23.25482600000001], [72.67493889999999, 23.2548254], [72.6749396, 23.254859899999996]]]}}, {"type": "Feature", "properties": {"layer": "building", "distance_m": 287.2, "source": "Google Open Buildings", "in_industrial_zone": false, "ghsl_2018": 1}, "geometry": {"type": "Polygon", "coordinates": [[[72.6749443, 23.2548526], [72.67498709999998, 23.2548564], [72.6749829, 23.254898], [72.6749401, 23.2548943], [72.6749443, 23.2548526]]]}}, {"type": "Feature", "properties": {"layer": "building", "distance_m": 280.4, "source": "Microsoft ML Buildings", "in_industrial_zone": false, "ghsl_2018": 1}, "geometry": {"type": "Polygon", "coordinates": [[[72.67505399999999, 23.254873400000005], [72.6750077, 23.254877799999996], [72.67500049999998, 23.25481350000001], [72.67504679999999, 23.254809100000003], [72.67505399999999, 23.254873400000005]]]}}, {"type": "Feature", "properties": {"layer": "building", "distance_m": 300.4, "source": "Google Open Buildings", "in_industrial_zone": false, "ghsl_2018": 0}, "geometry": {"type": "Polygon", "coordinates": [[[72.6748585, 23.25488010000001], [72.674858, 23.254911999999997], [72.6748088, 23.254911300000003], [72.6748094, 23.254879399999993], [72.6748585, 23.25488010000001]]]}}, {"type": "Feature", "properties": {"layer": "building", "distance_m": 327.4, "source": "Microsoft ML Buildings", "in_industrial_zone": false, "ghsl_2018": 1}, "geometry": {"type": "Polygon", "coordinates": [[[72.67486519999999, 23.2561649], [72.67493619999999, 23.25615579999999], [72.67495289999998, 23.2562645], [72.67488189999999, 23.256273700000005], [72.67486519999999, 23.2561649]]]}}, {"type": "Feature", "properties": {"layer": "building", "distance_m": 303.1, "source": "Microsoft ML Buildings", "in_industrial_zone": false, "ghsl_2018": 1}, "geometry": {"type": "Polygon", "coordinates": [[[72.6750854, 23.256249699999998], [72.67507919999998, 23.256082299999996], [72.6751609, 23.256079700000004], [72.6751672, 23.25624709999999], [72.6750854, 23.256249699999998]]]}}, {"type": "Feature", "properties": {"layer": "building", "distance_m": 283.0, "source": "Google Open Buildings", "in_industrial_zone": false, "ghsl_2018": 1}, "geometry": {"type": "Polygon", "coordinates": [[[72.67524959999999, 23.2558287], [72.67525389999999, 23.25588670000001], [72.67511149999999, 23.255895700000007], [72.6751072, 23.255837699999997], [72.67524959999999, 23.2558287]]]}}, {"type": "Feature", "properties": {"layer": "building", "distance_m": 271.8, "source": "Microsoft ML Buildings", "in_industrial_zone": false, "ghsl_2018": 0}, "geometry": {"type": "Polygon", "coordinates": [[[72.6751066, 23.255158700000003], [72.6751628, 23.255160899999996], [72.67516079999999, 23.2552051], [72.67510449999999, 23.255203], [72.6751066, 23.255158700000003]]]}}, {"type": "Feature", "properties": {"layer": "building", "distance_m": 239.5, "source": "Microsoft ML Buildings", "in_industrial_zone": false, "ghsl_2018": 1}, "geometry": {"type": "Polygon", "coordinates": [[[72.6753877, 23.254850400000002], [72.6753851, 23.254786399999997], [72.6754506, 23.2547842], [72.6754532, 23.254848200000012], [72.6753877, 23.254850400000002]]]}}, {"type": "Feature", "properties": {"layer": "building", "distance_m": 211.6, "source": "Microsoft ML Buildings", "in_industrial_zone": false, "ghsl_2018": 1}, "geometry": {"type": "Polygon", "coordinates": [[[72.6756543, 23.254802299999998], [72.6756495, 23.2547287], [72.67572169999998, 23.254724700000008], [72.6757264, 23.254798399999995], [72.6756543, 23.254802299999998]]]}}, {"type": "Feature", "properties": {"layer": "building", "distance_m": 219.7, "source": "Microsoft ML Buildings", "in_industrial_zone": false, "ghsl_2018": 1}, "geometry": {"type": "Polygon", "coordinates": [[[72.6756473, 23.254808800000003], [72.6755749, 23.25481080000001], [72.6755724, 23.254731999999997], [72.6756448, 23.2547301], [72.6756473, 23.254808800000003]]]}}, {"type": "Feature", "properties": {"layer": "building", "distance_m": 211.1, "source": "Google Open Buildings", "in_industrial_zone": false, "ghsl_2018": 1}, "geometry": {"type": "Polygon", "coordinates": [[[72.6756973, 23.25492279999999], [72.6757343, 23.2549313], [72.67571769999999, 23.2549926], [72.6756807, 23.254983999999993], [72.6756973, 23.25492279999999]]]}}, {"type": "Feature", "properties": {"layer": "building", "distance_m": 304.0, "source": "OpenStreetMap", "in_industrial_zone": false, "ghsl_2018": 1}, "geometry": {"type": "Polygon", "coordinates": [[[72.6753714, 23.2565907], [72.6752756, 23.256584300000004], [72.6752663, 23.256423399999996], [72.67536199999999, 23.2564212], [72.6753714, 23.2565907]]]}}, {"type": "Feature", "properties": {"layer": "building", "distance_m": 319.4, "source": "OpenStreetMap", "in_industrial_zone": false, "ghsl_2018": 1}, "geometry": {"type": "Polygon", "coordinates": [[[72.6753953, 23.256928100000003], [72.6752995, 23.256921600000002], [72.6752902, 23.256760700000005], [72.67538589999998, 23.25675860000001], [72.6753953, 23.256928100000003]]]}}, {"type": "Feature", "properties": {"layer": "building", "distance_m": 321.0, "source": "Google Open Buildings", "in_industrial_zone": false, "ghsl_2018": 1}, "geometry": {"type": "Polygon", "coordinates": [[[72.6754462, 23.2569679], [72.67547589999998, 23.256966], [72.67548379999998, 23.25707220000001], [72.67545409999998, 23.2570741], [72.6754462, 23.2569679]]]}}, {"type": "Feature", "properties": {"layer": "building", "distance_m": 275.5, "source": "OpenStreetMap", "in_industrial_zone": false, "ghsl_2018": 1}, "geometry": {"type": "Polygon", "coordinates": [[[72.67559799999998, 23.2564399], [72.67550229999999, 23.25643350000001], [72.6754929, 23.256272599999996], [72.6755887, 23.2562704], [72.67559799999998, 23.2564399]]]}}, {"type": "Feature", "properties": {"layer": "building", "distance_m": 287.9, "source": "OpenStreetMap", "in_industrial_zone": false, "ghsl_2018": 1}, "geometry": {"type": "Polygon", "coordinates": [[[72.67558629999999, 23.2566459], [72.67549059999999, 23.256639400000005], [72.6754813, 23.256478500000004], [72.67557699999999, 23.2564764], [72.67558629999999, 23.2566459]]]}}, {"type": "Feature", "properties": {"layer": "building", "distance_m": 299.2, "source": "OpenStreetMap", "in_industrial_zone": false, "ghsl_2018": 1}, "geometry": {"type": "Polygon", "coordinates": [[[72.67560269999998, 23.256896899999997], [72.6755069, 23.256890399999993], [72.67549759999999, 23.2567295], [72.6755933, 23.2567274], [72.67560269999998, 23.256896899999997]]]}}, {"type": "Feature", "properties": {"layer": "building", "distance_m": 260.0, "source": "OpenStreetMap", "in_industrial_zone": false, "ghsl_2018": 1}, "geometry": {"type": "Polygon", "coordinates": [[[72.67577779999999, 23.2564463], [72.6756821, 23.256439899999997], [72.6756727, 23.256279], [72.67576849999999, 23.256276899999996], [72.67577779999999, 23.2564463]]]}}, {"type": "Feature", "properties": {"layer": "building", "distance_m": 270.2, "source": "OpenStreetMap", "in_industrial_zone": false, "ghsl_2018": 1}, "geometry": {"type": "Polygon", "coordinates": [[[72.67577779999999, 23.256643699999998], [72.67568209999999, 23.2566373], [72.67567269999999, 23.256476399999997], [72.67576849999999, 23.2564742], [72.67577779999999, 23.256643699999998]]]}}, {"type": "Feature", "properties": {"layer": "building", "distance_m": 308.3, "source": "OpenStreetMap", "in_industrial_zone": false, "ghsl_2018": 1}, "geometry": {"type": "Polygon", "coordinates": [[[72.67561079999999, 23.257123200000002], [72.67551509999998, 23.2571167], [72.6755058, 23.2569558], [72.67560149999998, 23.2569537], [72.67561079999999, 23.257123200000002]]]}}, {"type": "Feature", "properties": {"layer": "building", "distance_m": 337.0, "source": "OpenStreetMap", "in_industrial_zone": false, "ghsl_2018": 1}, "geometry": {"type": "Polygon", "coordinates": [[[72.6756692, 23.257809999999996], [72.6754834, 23.257826199999997], [72.675471, 23.257740000000002], [72.67565509999999, 23.2577173], [72.6756692, 23.257809999999996]]]}}, {"type": "Feature", "properties": {"layer": "building", "distance_m": 346.6, "source": "OpenStreetMap", "in_industrial_zone": false, "ghsl_2018": 1}, "geometry": {"type": "Polygon", "coordinates": [[[72.6757967, 23.2582579], [72.6756551, 23.2582676], [72.6756356, 23.2580969], [72.6757666, 23.258079000000002], [72.6757967, 23.2582579]]]}}, {"type": "Feature", "properties": {"layer": "building", "distance_m": 359.9, "source": "OpenStreetMap", "in_industrial_zone": false, "ghsl_2018": 1}, "geometry": {"type": "Polygon", "coordinates": [[[72.67564, 23.258332599999992], [72.67550020000002, 23.258340799999996], [72.6754826, 23.258082300000005], [72.6756082, 23.258067600000004], [72.67564, 23.258332599999992]]]}}, {"type": "Feature", "properties": {"layer": "building", "distance_m": 345.4, "source": "OpenStreetMap", "in_industrial_zone": false, "ghsl_2018": 1}, "geometry": {"type": "Polygon", "coordinates": [[[72.6756922, 23.258007500000005], [72.6755064, 23.258023700000003], [72.6754941, 23.257937600000012], [72.6756781, 23.2579148], [72.6756922, 23.258007500000005]]]}}, {"type": "Feature", "properties": {"layer": "building", "distance_m": 360.5, "source": "OpenStreetMap", "in_industrial_zone": false, "ghsl_2018": 1}, "geometry": {"type": "Polygon", "coordinates": [[[72.6753366, 23.257719700000003], [72.6752658, 23.257731099999997], [72.6752481, 23.257562], [72.67531, 23.2575636], [72.6753366, 23.257719700000003]]]}}, {"type": "Feature", "properties": {"layer": "building", "distance_m": 376.7, "source": "OpenStreetMap", "in_industrial_zone": false, "ghsl_2018": 1}, "geometry": {"type": "Polygon", "coordinates": [[[72.6753082, 23.257988000000005], [72.6752375, 23.2579994], [72.6752198, 23.2578303], [72.6752817, 23.257831900000003], [72.6753082, 23.257988000000005]]]}}, {"type": "Feature", "properties": {"layer": "building", "distance_m": 372.3, "source": "OpenStreetMap", "in_industrial_zone": false, "ghsl_2018": 1}, "geometry": {"type": "Polygon", "coordinates": [[[72.6754498, 23.2581026], [72.675264, 23.2581189], [72.6752516, 23.258032700000008], [72.6754357, 23.2580099], [72.6754498, 23.2581026]]]}}, {"type": "Feature", "properties": {"layer": "building", "distance_m": 387.0, "source": "Google Open Buildings", "in_industrial_zone": false, "ghsl_2018": 1}, "geometry": {"type": "Polygon", "coordinates": [[[72.6753655, 23.258168499999996], [72.6753686, 23.258208099999997], [72.6753158, 23.258211600000006], [72.6753127, 23.258172], [72.6753655, 23.258168499999996]]]}}, {"type": "Feature", "properties": {"layer": "building", "distance_m": 392.6, "source": "OpenStreetMap", "in_industrial_zone": false, "ghsl_2018": 1}, "geometry": {"type": "Polygon", "coordinates": [[[72.6752392, 23.2581286], [72.6750534, 23.2581449], [72.675041, 23.2580587], [72.6752251, 23.2580359], [72.6752392, 23.2581286]]]}}, {"type": "Feature", "properties": {"layer": "building", "distance_m": 380.2, "source": "OpenStreetMap", "in_industrial_zone": false, "ghsl_2018": 1}, "geometry": {"type": "Polygon", "coordinates": [[[72.6751861, 23.257791300000004], [72.675011, 23.257800999999997], [72.6750092, 23.257727900000003], [72.6751773, 23.2577181], [72.6751861, 23.257791300000004]]]}}, {"type": "Feature", "properties": {"layer": "building", "distance_m": 371.7, "source": "OpenStreetMap", "in_industrial_zone": false, "ghsl_2018": 1}, "geometry": {"type": "Polygon", "coordinates": [[[72.6751755, 23.257598600000005], [72.6749897, 23.257614900000004], [72.67497729999998, 23.25752869999999], [72.67516140000001, 23.257505899999995], [72.6751755, 23.257598600000005]]]}}, {"type": "Feature", "properties": {"layer": "building", "distance_m": 357.3, "source": "OpenStreetMap", "in_industrial_zone": false, "ghsl_2018": 1}, "geometry": {"type": "Polygon", "coordinates": [[[72.6752534, 23.257467700000003], [72.6751826, 23.2574791], [72.6751649, 23.25731], [72.6752268, 23.25731160000001], [72.6752534, 23.257467700000003]]]}}, {"type": "Feature", "properties": {"layer": "building", "distance_m": 330.2, "source": "Google Open Buildings", "in_industrial_zone": false, "ghsl_2018": 1}, "geometry": {"type": "Polygon", "coordinates": [[[72.6751158, 23.25656809999999], [72.67515669999999, 23.2565653], [72.6751619, 23.2566286], [72.67512099999999, 23.256631499999994], [72.6751158, 23.25656809999999]]]}}, {"type": "Feature", "properties": {"layer": "building", "distance_m": 363.7, "source": "Google Open Buildings", "in_industrial_zone": false, "ghsl_2018": 1}, "geometry": {"type": "Polygon", "coordinates": [[[72.6750044, 23.257112000000003], [72.67508569999998, 23.257106199999992], [72.6750882, 23.257136100000004], [72.6750069, 23.257141799999996], [72.6750044, 23.257112000000003]]]}}, {"type": "Feature", "properties": {"layer": "building", "distance_m": 361.9, "source": "OpenStreetMap", "in_industrial_zone": false, "ghsl_2018": 1}, "geometry": {"type": "Polygon", "coordinates": [[[72.6751366, 23.2572523], [72.6749508, 23.257268599999996], [72.67493840000002, 23.25718240000001], [72.6751224, 23.25715960000001], [72.6751366, 23.2572523]]]}}, {"type": "Feature", "properties": {"layer": "building", "distance_m": 414.3, "source": "Google Open Buildings", "in_industrial_zone": false, "ghsl_2018": 1}, "geometry": {"type": "Polygon", "coordinates": [[[72.674933, 23.2580006], [72.6749613, 23.2579987], [72.6749667, 23.25806549999999], [72.67493840000002, 23.258067499999996], [72.674933, 23.2580006]]]}}, {"type": "Feature", "properties": {"layer": "building", "distance_m": 416.8, "source": "Microsoft ML Buildings", "in_industrial_zone": false, "ghsl_2018": 1}, "geometry": {"type": "Polygon", "coordinates": [[[72.674927, 23.258025300000003], [72.6748985, 23.2580301], [72.6748871, 23.2579728], [72.6749156, 23.257968000000005], [72.674927, 23.258025300000003]]]}}, {"type": "Feature", "properties": {"layer": "building", "distance_m": 458.0, "source": "Google Open Buildings", "in_industrial_zone": false, "ghsl_2018": 1}, "geometry": {"type": "Polygon", "coordinates": [[[72.6748837, 23.2586708], [72.6748866, 23.258715699999996], [72.6747988, 23.2587207], [72.6747958, 23.258675800000002], [72.6748837, 23.2586708]]]}}, {"type": "Feature", "properties": {"layer": "building", "distance_m": 465.0, "source": "Microsoft ML Buildings", "in_industrial_zone": false, "ghsl_2018": 1}, "geometry": {"type": "Polygon", "coordinates": [[[72.6750222, 23.259024200000002], [72.6750142, 23.2590251], [72.6750215, 23.259078499999998], [72.6748947, 23.259093], [72.6748884, 23.25904690000001], [72.6748858, 23.259047200000005], [72.67487530000001, 23.2589696], [72.6750126, 23.258953900000005], [72.6750222, 23.259024200000002]]]}}, {"type": "Feature", "properties": {"layer": "building", "distance_m": 490.3, "source": "Microsoft ML Buildings", "in_industrial_zone": false, "ghsl_2018": 1}, "geometry": {"type": "Polygon", "coordinates": [[[72.6749018, 23.259340300000005], [72.674886, 23.259277100000006], [72.6749599, 23.2592615], [72.6749757, 23.2593248], [72.6749018, 23.259340300000005]]]}}, {"type": "Feature", "properties": {"layer": "building", "distance_m": 453.3, "source": "Google Open Buildings", "in_industrial_zone": false, "ghsl_2018": 1}, "geometry": {"type": "Polygon", "coordinates": [[[72.6750031, 23.258799899999996], [72.6750398, 23.2588085], [72.6750272, 23.258854200000002], [72.6749905, 23.258845599999997], [72.6750031, 23.258799899999996]]]}}, {"type": "Feature", "properties": {"layer": "building", "distance_m": 453.4, "source": "Microsoft ML Buildings", "in_industrial_zone": false, "ghsl_2018": 1}, "geometry": {"type": "Polygon", "coordinates": [[[72.674978, 23.2587288], [72.674972, 23.2587683], [72.6749141, 23.258760899999995], [72.6749201, 23.2587213], [72.674978, 23.2587288]]]}}, {"type": "Feature", "properties": {"layer": "building", "distance_m": 474.3, "source": "Microsoft ML Buildings", "in_industrial_zone": false, "ghsl_2018": 1}, "geometry": {"type": "Polygon", "coordinates": [[[72.6750807, 23.259288300000005], [72.6750646, 23.2592889], [72.6750619, 23.259225800000003], [72.6751288, 23.2592234], [72.6751341, 23.259345500000002], [72.6750833, 23.2593473], [72.6750807, 23.259288300000005]]]}}, {"type": "Feature", "properties": {"layer": "building", "distance_m": 485.8, "source": "Google Open Buildings", "in_industrial_zone": false, "ghsl_2018": 1}, "geometry": {"type": "Polygon", "coordinates": [[[72.6751437, 23.2594334], [72.6750488, 23.259459400000004], [72.675031, 23.259404000000004], [72.6751259, 23.25937800000001], [72.6751437, 23.2594334]]]}}, {"type": "Feature", "properties": {"layer": "building", "distance_m": 461.8, "source": "OpenStreetMap", "in_industrial_zone": false, "ghsl_2018": 1}, "geometry": {"type": "Polygon", "coordinates": [[[72.6756243, 23.259743699999994], [72.6755519, 23.259763500000005], [72.6754995, 23.259619199999992], [72.675579, 23.259596499999997], [72.6755935, 23.2596319], [72.6756197, 23.2596248], [72.6756074, 23.2595894], [72.6756736, 23.259573899999996], [72.6757198, 23.259721100000004], [72.6756556, 23.2597371], [72.6756407, 23.2596913], [72.6756089, 23.259701200000002], [72.6756243, 23.259743699999994]]]}}, {"type": "Feature", "properties": {"layer": "building", "distance_m": 473.0, "source": "OpenStreetMap", "in_industrial_zone": false, "ghsl_2018": 1}, "geometry": {"type": "Polygon", "coordinates": [[[72.6757665, 23.2598965], [72.6756093, 23.259944600000004], [72.6755631, 23.259805900000003], [72.6757295, 23.2597507], [72.6757665, 23.2598965]]]}}, {"type": "Feature", "properties": {"layer": "building", "distance_m": 448.7, "source": "OpenStreetMap", "in_industrial_zone": false, "ghsl_2018": 1}, "geometry": {"type": "Polygon", "coordinates": [[[72.6756656, 23.2595405], [72.6755234, 23.2595874], [72.6754805, 23.259414899999992], [72.6756227, 23.259370499999992], [72.6756656, 23.2595405]]]}}, {"type": "Feature", "properties": {"layer": "building", "distance_m": 491.8, "source": "OpenStreetMap", "in_industrial_zone": false, "ghsl_2018": 1}, "geometry": {"type": "Polygon", "coordinates": [[[72.6755785, 23.259939], [72.675463, 23.259965899999997], [72.6754168, 23.259849800000005], [72.6755277, 23.259815800000002], [72.6755785, 23.259939]]]}}, {"type": "Feature", "properties": {"layer": "building", "distance_m": 434.7, "source": "Google Open Buildings", "in_industrial_zone": false, "ghsl_2018": 1}, "geometry": {"type": "Polygon", "coordinates": [[[72.675384, 23.2590468], [72.675471, 23.259042599999997], [72.6754734, 23.259085899999995], [72.6753865, 23.259090100000005], [72.675384, 23.2590468]]]}}, {"type": "Feature", "properties": {"layer": "building", "distance_m": 434.5, "source": "Microsoft ML Buildings", "in_industrial_zone": false, "ghsl_2018": 1}, "geometry": {"type": "Polygon", "coordinates": [[[72.6754255, 23.259033599999995], [72.6753493, 23.2590355], [72.675348, 23.258991200000004], [72.6754242, 23.258989300000003], [72.6754255, 23.259033599999995]]]}}, {"type": "Feature", "properties": {"layer": "building", "distance_m": 422.8, "source": "Microsoft ML Buildings", "in_industrial_zone": false, "ghsl_2018": 1}, "geometry": {"type": "Polygon", "coordinates": [[[72.6754326, 23.258894400000006], [72.6752379, 23.2589475], [72.6752284, 23.25891809999999], [72.6752939, 23.2589002], [72.6752719, 23.2588323], [72.6754011, 23.258797000000005], [72.6754326, 23.258894400000006]]]}}, {"type": "Feature", "properties": {"layer": "building", "distance_m": 401.5, "source": "Microsoft ML Buildings", "in_industrial_zone": false, "ghsl_2018": 1}, "geometry": {"type": "Polygon", "coordinates": [[[72.6753195, 23.258463700000004], [72.6753909, 23.2584561], [72.6754041, 23.2585607], [72.6753326, 23.2585682], [72.6753195, 23.258463700000004]]]}}, {"type": "Feature", "properties": {"layer": "building", "distance_m": 416.5, "source": "Microsoft ML Buildings", "in_industrial_zone": false, "ghsl_2018": 1}, "geometry": {"type": "Polygon", "coordinates": [[[72.6754301, 23.2588027], [72.6754749, 23.258791400000003], [72.67549900000002, 23.25887150000001], [72.6754542, 23.2588829], [72.6754301, 23.2588027]]]}}, {"type": "Feature", "properties": {"layer": "building", "distance_m": 397.6, "source": "Google Open Buildings", "in_industrial_zone": false, "ghsl_2018": 1}, "geometry": {"type": "Polygon", "coordinates": [[[72.6754127, 23.2584883], [72.6754525, 23.2584767], [72.6754747, 23.258541900000008], [72.6754349, 23.258553499999998], [72.6754127, 23.2584883]]]}}, {"type": "Feature", "properties": {"layer": "building", "distance_m": 387.2, "source": "Google Open Buildings", "in_industrial_zone": false, "ghsl_2018": 1}, "geometry": {"type": "Polygon", "coordinates": [[[72.6755763, 23.2584764], [72.6755857, 23.2585514], [72.6755136, 23.258559], [72.6755043, 23.258484], [72.6755763, 23.2584764]]]}}, {"type": "Feature", "properties": {"layer": "building", "distance_m": 385.0, "source": "Google Open Buildings", "in_industrial_zone": false, "ghsl_2018": 1}, "geometry": {"type": "Polygon", "coordinates": [[[72.6755713, 23.2584357], [72.6755763, 23.2584764], [72.6755043, 23.258484], [72.6754992, 23.2584434], [72.6755713, 23.2584357]]]}}, {"type": "Feature", "properties": {"layer": "building", "distance_m": 404.2, "source": "Google Open Buildings", "in_industrial_zone": false, "ghsl_2018": 1}, "geometry": {"type": "Polygon", "coordinates": [[[72.6755461, 23.2587525], [72.6755875, 23.2587432], [72.6755992, 23.2587874], [72.6755578, 23.2587967], [72.6755461, 23.2587525]]]}}, {"type": "Feature", "properties": {"layer": "building", "distance_m": 428.7, "source": "Microsoft ML Buildings", "in_industrial_zone": false, "ghsl_2018": 1}, "geometry": {"type": "Polygon", "coordinates": [[[72.6755765, 23.259092100000004], [72.6755331, 23.2591055], [72.6755202, 23.25907], [72.6755636, 23.259056700000002], [72.6755765, 23.259092100000004]]]}}, {"type": "Feature", "properties": {"layer": "building", "distance_m": 426.7, "source": "Microsoft ML Buildings", "in_industrial_zone": false, "ghsl_2018": 1}, "geometry": {"type": "Polygon", "coordinates": [[[72.675486, 23.2589927], [72.6755273, 23.2589915], [72.6755294, 23.259053999999995], [72.6754881, 23.259055200000006], [72.675486, 23.2589927]]]}}, {"type": "Feature", "properties": {"layer": "building", "distance_m": 434.0, "source": "OpenStreetMap", "in_industrial_zone": false, "ghsl_2018": 1}, "geometry": {"type": "Polygon", "coordinates": [[[72.6756562, 23.2593323], [72.6754899, 23.259379100000004], [72.6754631, 23.259211599999997], [72.6756052, 23.259167200000004], [72.6756562, 23.2593323]]]}}, {"type": "Feature", "properties": {"layer": "building", "distance_m": 419.9, "source": "Google Open Buildings", "in_industrial_zone": false, "ghsl_2018": 1}, "geometry": {"type": "Polygon", "coordinates": [[[72.6756601, 23.2590357], [72.6756572, 23.2590675], [72.6756177, 23.2590644], [72.6756205, 23.2590326], [72.6756601, 23.2590357]]]}}, {"type": "Feature", "properties": {"layer": "building", "distance_m": 413.0, "source": "Google Open Buildings", "in_industrial_zone": false, "ghsl_2018": 1}, "geometry": {"type": "Polygon", "coordinates": [[[72.675768, 23.259049400000002], [72.6757757, 23.259093900000003], [72.6756575, 23.2591115], [72.6756498, 23.259067], [72.675768, 23.259049400000002]]]}}, {"type": "Feature", "properties": {"layer": "building", "distance_m": 403.5, "source": "Microsoft ML Buildings", "in_industrial_zone": false, "ghsl_2018": 1}, "geometry": {"type": "Polygon", "coordinates": [[[72.675676, 23.258871400000004], [72.6756134, 23.258881], [72.6756043, 23.2588306], [72.6756669, 23.258821000000008], [72.675676, 23.258871400000004]]]}}, {"type": "Feature", "properties": {"layer": "building", "distance_m": 369.2, "source": "Microsoft ML Buildings", "in_industrial_zone": false, "ghsl_2018": 1}, "geometry": {"type": "Polygon", "coordinates": [[[72.6756668, 23.258503000000008], [72.6756431, 23.2583976], [72.6757202, 23.258382900000008], [72.6757439, 23.2584883], [72.6756668, 23.258503000000008]]]}}, {"type": "Feature", "properties": {"layer": "building", "distance_m": 397.3, "source": "Microsoft ML Buildings", "in_industrial_zone": false, "ghsl_2018": 1}, "geometry": {"type": "Polygon", "coordinates": [[[72.6758239, 23.25892899999999], [72.6757513, 23.2589469], [72.675739, 23.258904599999997], [72.6758115, 23.2588867], [72.6758239, 23.25892899999999]]]}}, {"type": "Feature", "properties": {"layer": "building", "distance_m": 400.4, "source": "OpenStreetMap", "in_industrial_zone": false, "ghsl_2018": 1}, "geometry": {"type": "Polygon", "coordinates": [[[72.67584900000001, 23.2593161], [72.6757084, 23.259354300000005], [72.6756422, 23.2591604], [72.6757754, 23.2591209], [72.6757978, 23.259187300000008], [72.6758348, 23.259173200000003], [72.6758147, 23.2591081], [72.675958, 23.259062800000002], [72.6760227, 23.2592694], [72.675888, 23.2593055], [72.6758594, 23.259227], [72.6758209, 23.259235400000005], [72.67584900000001, 23.2593161]]]}}, {"type": "Feature", "properties": {"layer": "building", "distance_m": 388.5, "source": "Microsoft ML Buildings", "in_industrial_zone": false, "ghsl_2018": 1}, "geometry": {"type": "Polygon", "coordinates": [[[72.6759287, 23.2589662], [72.6757661, 23.258995900000002], [72.6757559, 23.2589485], [72.6758359, 23.2589339], [72.6758241, 23.258879400000005], [72.6759066, 23.2588643], [72.6759287, 23.2589662]]]}}, {"type": "Feature", "properties": {"layer": "building", "distance_m": 381.9, "source": "Microsoft ML Buildings", "in_industrial_zone": false, "ghsl_2018": 1}, "geometry": {"type": "Polygon", "coordinates": [[[72.6758173, 23.258790700000002], [72.6758106, 23.2587522], [72.6758734, 23.2587431], [72.6758801, 23.258781499999994], [72.6758173, 23.258790700000002]]]}}, {"type": "Feature", "properties": {"layer": "building", "distance_m": 373.7, "source": "Microsoft ML Buildings", "in_industrial_zone": false, "ghsl_2018": 1}, "geometry": {"type": "Polygon", "coordinates": [[[72.6758886, 23.258674699999993], [72.6758172, 23.258699399999998], [72.6757962, 23.258648500000003], [72.6758677, 23.2586237], [72.6758886, 23.258674699999993]]]}}, {"type": "Feature", "properties": {"layer": "building", "distance_m": 358.1, "source": "Google Open Buildings", "in_industrial_zone": false, "ghsl_2018": 1}, "geometry": {"type": "Polygon", "coordinates": [[[72.6760235, 23.2585757], [72.67605179999998, 23.258662299999997], [72.67593420000001, 23.258694999999996], [72.6759059, 23.258608399999996], [72.6760235, 23.2585757]]]}}, {"type": "Feature", "properties": {"layer": "building", "distance_m": 356.9, "source": "Google Open Buildings", "in_industrial_zone": false, "ghsl_2018": 1}, "geometry": {"type": "Polygon", "coordinates": [[[72.6761312, 23.258668099999998], [72.6761393, 23.2587402], [72.6760492, 23.258748900000004], [72.676041, 23.2586769], [72.6761312, 23.258668099999998]]]}}, {"type": "Feature", "properties": {"layer": "building", "distance_m": 381.8, "source": "OpenStreetMap", "in_industrial_zone": false, "ghsl_2018": 1}, "geometry": {"type": "Polygon", "coordinates": [[[72.6762024, 23.25925], [72.676063, 23.259290600000003], [72.6759825, 23.259057799999997], [72.6761622, 23.259008500000004], [72.6761823, 23.2590553], [72.6761569, 23.2590652], [72.6762024, 23.25925]]]}}, {"type": "Feature", "properties": {"layer": "building", "distance_m": 406.1, "source": "OpenStreetMap", "in_industrial_zone": false, "ghsl_2018": 1}, "geometry": {"type": "Polygon", "coordinates": [[[72.6762333, 23.2595611], [72.6760938, 23.2596017], [72.6760134, 23.259368900000002], [72.6761931, 23.259319600000005], [72.6762132, 23.259366400000005], [72.6761877, 23.259376300000003], [72.6762333, 23.2595611]]]}}, {"type": "Feature", "properties": {"layer": "building", "distance_m": 452.1, "source": "Microsoft ML Buildings", "in_industrial_zone": false, "ghsl_2018": 1}, "geometry": {"type": "Polygon", "coordinates": [[[72.6760087, 23.259971400000005], [72.6759851, 23.259850599999996], [72.6761722, 23.259819800000002], [72.6761958, 23.2599406], [72.6760087, 23.259971400000005]]]}}, {"type": "Feature", "properties": {"layer": "building", "distance_m": 474.8, "source": "Microsoft ML Buildings", "in_industrial_zone": false, "ghsl_2018": 1}, "geometry": {"type": "Polygon", "coordinates": [[[72.6761617, 23.260165599999997], [72.6761573, 23.260077099999993], [72.676191, 23.26007569999999], [72.6761955, 23.260164200000002], [72.6761617, 23.260165599999997]]]}}, {"type": "Feature", "properties": {"layer": "building", "distance_m": 489.4, "source": "Microsoft ML Buildings", "in_industrial_zone": false, "ghsl_2018": 1}, "geometry": {"type": "Polygon", "coordinates": [[[72.6758678, 23.260272], [72.6758594, 23.2600841], [72.67593980000001, 23.26008099999999], [72.6759481, 23.260269], [72.6758678, 23.260272]]]}}, {"type": "Feature", "properties": {"layer": "building", "distance_m": 470.5, "source": "Microsoft ML Buildings", "in_industrial_zone": false, "ghsl_2018": 1}, "geometry": {"type": "Polygon", "coordinates": [[[72.6759967, 23.259995199999995], [72.6759277, 23.26000200000001], [72.6759168, 23.2599095], [72.6759858, 23.259902599999997], [72.6759967, 23.259995199999995]]]}}, {"type": "Feature", "properties": {"layer": "building", "distance_m": 426.1, "source": "OpenStreetMap", "in_industrial_zone": false, "ghsl_2018": 1}, "geometry": {"type": "Polygon", "coordinates": [[[72.6758978, 23.259665800000004], [72.6757572, 23.259704000000003], [72.675691, 23.259510100000004], [72.6758242, 23.2594706], [72.6758466, 23.259536999999998], [72.6758836, 23.2595229], [72.6758635, 23.2594578], [72.6760068, 23.259412499999996], [72.6760715, 23.2596191], [72.6759368, 23.259655200000005], [72.6759082, 23.259576599999995], [72.6758697, 23.2595851], [72.6758978, 23.259665800000004]]]}}, {"type": "Feature", "properties": {"layer": "building", "distance_m": 463.3, "source": "Google Open Buildings", "in_industrial_zone": false, "ghsl_2018": 1}, "geometry": {"type": "Polygon", "coordinates": [[[72.6757484, 23.259740999999998], [72.6758363, 23.2597175], [72.675885, 23.259873400000004], [72.6758029, 23.259895300000007], [72.6757946, 23.259869], [72.6757888, 23.259870500000005], [72.6757484, 23.259740999999998]]]}}, {"type": "Feature", "properties": {"layer": "building", "distance_m": 487.5, "source": "Microsoft ML Buildings", "in_industrial_zone": false, "ghsl_2018": 1}, "geometry": {"type": "Polygon", "coordinates": [[[72.6766555, 23.260532799999996], [72.6765075, 23.260476500000006], [72.676543, 23.2603979], [72.6766909, 23.2604541], [72.6766555, 23.260532799999996]]]}}, {"type": "Feature", "properties": {"layer": "building", "distance_m": 461.0, "source": "Google Open Buildings", "in_industrial_zone": false, "ghsl_2018": 1}, "geometry": {"type": "Polygon", "coordinates": [[[72.6764551, 23.260107699999995], [72.6765305, 23.260114099999992], [72.6765266, 23.260153899999995], [72.6764512, 23.260147499999995], [72.6764551, 23.260107699999995]]]}}, {"type": "Feature", "properties": {"layer": "building", "distance_m": 480.9, "source": "Microsoft ML Buildings", "in_industrial_zone": false, "ghsl_2018": 1}, "geometry": {"type": "Polygon", "coordinates": [[[72.6765351, 23.26036], [72.6764817, 23.260367400000007], [72.6764743, 23.2603226], [72.6765278, 23.260315200000004], [72.6765351, 23.26036]]]}}, {"type": "Feature", "properties": {"layer": "building", "distance_m": 466.0, "source": "Google Open Buildings", "in_industrial_zone": false, "ghsl_2018": 1}, "geometry": {"type": "Polygon", "coordinates": [[[72.67645260000002, 23.260143099999997], [72.6764968, 23.260148899999994], [72.6764909, 23.2601874], [72.6764467, 23.260181600000006], [72.67645260000002, 23.260143099999997]]]}}, {"type": "Feature", "properties": {"layer": "building", "distance_m": 474.5, "source": "Google Open Buildings", "in_industrial_zone": false, "ghsl_2018": 1}, "geometry": {"type": "Polygon", "coordinates": [[[72.6762616, 23.2601126], [72.6762686, 23.260163799999997], [72.6762391, 23.260167199999994], [72.6762321, 23.260116], [72.6762616, 23.2601126]]]}}, {"type": "Feature", "properties": {"layer": "building", "distance_m": 343.0, "source": "Google Open Buildings", "in_industrial_zone": false, "ghsl_2018": 1}, "geometry": {"type": "Polygon", "coordinates": [[[72.6762152, 23.258566800000004], [72.676222, 23.258619899999996], [72.676178, 23.258624799999993], [72.6761711, 23.258571600000003], [72.6762152, 23.258566800000004]]]}}, {"type": "Feature", "properties": {"layer": "building", "distance_m": 338.8, "source": "Microsoft ML Buildings", "in_industrial_zone": false, "ghsl_2018": 0}, "geometry": {"type": "Polygon", "coordinates": [[[72.6763808, 23.258843499999998], [72.6763273, 23.258846100000003], [72.6763225, 23.258761100000005], [72.6762797, 23.258763100000003], [72.676274, 23.258662299999997], [72.6763703, 23.258657799999998], [72.6763808, 23.258843499999998]]]}}, {"type": "Feature", "properties": {"layer": "building", "distance_m": 279.6, "source": "OpenStreetMap", "in_industrial_zone": false, "ghsl_2018": 1}, "geometry": {"type": "Polygon", "coordinates": [[[72.67653629999998, 23.258266], [72.67639649999998, 23.2582741], [72.67637889999999, 23.2580156], [72.67650449999998, 23.258001], [72.67653629999998, 23.258266]]]}}, {"type": "Feature", "properties": {"layer": "building", "distance_m": 239.8, "source": "OpenStreetMap", "in_industrial_zone": false, "ghsl_2018": 1}, "geometry": {"type": "Polygon", "coordinates": [[[72.6766832, 23.2576864], [72.67649739999999, 23.257702699999996], [72.67648499999999, 23.2576165], [72.67666909999998, 23.2575937], [72.6766832, 23.2576864]]]}}, {"type": "Feature", "properties": {"layer": "building", "distance_m": 251.5, "source": "OpenStreetMap", "in_industrial_zone": false, "ghsl_2018": 1}, "geometry": {"type": "Polygon", "coordinates": [[[72.67669909999998, 23.2578945], [72.67651329999998, 23.257910799999998], [72.67650099999999, 23.257824600000003], [72.67668499999999, 23.257801799999992], [72.67669909999998, 23.2578945]]]}}, {"type": "Feature", "properties": {"layer": "building", "distance_m": 206.4, "source": "OpenStreetMap", "in_industrial_zone": false, "ghsl_2018": 1}, "geometry": {"type": "Polygon", "coordinates": [[[72.67658199999998, 23.256910399999995], [72.67648619999999, 23.256904], [72.67647689999998, 23.256743099999994], [72.67657259999999, 23.256740900000004], [72.67658199999998, 23.256910399999995]]]}}, {"type": "Feature", "properties": {"layer": "building", "distance_m": 199.6, "source": "OpenStreetMap", "in_industrial_zone": false, "ghsl_2018": 1}, "geometry": {"type": "Polygon", "coordinates": [[[72.6765795, 23.2566404], [72.67648219999998, 23.2566382], [72.67647599999998, 23.256495700000002], [72.67657169999998, 23.256493500000005], [72.6765795, 23.2566404]]]}}, {"type": "Feature", "properties": {"layer": "building", "distance_m": 186.5, "source": "OpenStreetMap", "in_industrial_zone": false, "ghsl_2018": 1}, "geometry": {"type": "Polygon", "coordinates": [[[72.67658569999999, 23.2564356], [72.67649, 23.256429199999996], [72.67648059999999, 23.2562683], [72.67657639999999, 23.256266100000005], [72.67658569999999, 23.2564356]]]}}, {"type": "Feature", "properties": {"layer": "building", "distance_m": 213.7, "source": "OpenStreetMap", "in_industrial_zone": false, "ghsl_2018": 1}, "geometry": {"type": "Polygon", "coordinates": [[[72.67640589999999, 23.256633000000008], [72.67631019999999, 23.256626499999996], [72.67630079999999, 23.256465700000003], [72.6763966, 23.25646349999999], [72.67640589999999, 23.256633000000008]]]}}, {"type": "Feature", "properties": {"layer": "building", "distance_m": 203.0, "source": "OpenStreetMap", "in_industrial_zone": false, "ghsl_2018": 1}, "geometry": {"type": "Polygon", "coordinates": [[[72.67639889999998, 23.256433500000007], [72.67630319999999, 23.256427], [72.6762938, 23.2562661], [72.6763896, 23.256264000000005], [72.67639889999998, 23.256433500000007]]]}}, {"type": "Feature", "properties": {"layer": "building", "distance_m": 223.0, "source": "OpenStreetMap", "in_industrial_zone": false, "ghsl_2018": 1}, "geometry": {"type": "Polygon", "coordinates": [[[72.67641249999998, 23.256911800000008], [72.67631679999998, 23.2569054], [72.6763075, 23.2567445], [72.6764032, 23.256742399999997], [72.67641249999998, 23.256911800000008]]]}}, {"type": "Feature", "properties": {"layer": "building", "distance_m": 266.3, "source": "Google Open Buildings", "in_industrial_zone": false, "ghsl_2018": 1}, "geometry": {"type": "Polygon", "coordinates": [[[72.67644399999999, 23.257711500000003], [72.67644559999998, 23.257737800000005], [72.67638409999999, 23.257740999999996], [72.67638249999999, 23.2577147], [72.67644399999999, 23.257711500000003]]]}}, {"type": "Feature", "properties": {"layer": "building", "distance_m": 271.3, "source": "OpenStreetMap", "in_industrial_zone": false, "ghsl_2018": 1}, "geometry": {"type": "Polygon", "coordinates": [[[72.6764744, 23.257910799999998], [72.6762886, 23.257926999999995], [72.67627619999999, 23.257840799999997], [72.6764603, 23.2578181], [72.6764744, 23.257910799999998]]]}}, {"type": "Feature", "properties": {"layer": "building", "distance_m": 295.2, "source": "OpenStreetMap", "in_industrial_zone": false, "ghsl_2018": 1}, "geometry": {"type": "Polygon", "coordinates": [[[72.67635499999999, 23.258277399999997], [72.6762152, 23.258285500000003], [72.6761975, 23.258027], [72.67632309999999, 23.258012400000002], [72.67635499999999, 23.258277399999997]]]}}, {"type": "Feature", "properties": {"layer": "building", "distance_m": 313.5, "source": "OpenStreetMap", "in_industrial_zone": false, "ghsl_2018": 1}, "geometry": {"type": "Polygon", "coordinates": [[[72.676155, 23.258301799999998], [72.6760152, 23.258309899999997], [72.67599749999998, 23.258051399999992], [72.6761231, 23.2580368], [72.676155, 23.258301799999998]]]}}, {"type": "Feature", "properties": {"layer": "building", "distance_m": 294.5, "source": "OpenStreetMap", "in_industrial_zone": false, "ghsl_2018": 1}, "geometry": {"type": "Polygon", "coordinates": [[[72.67623019999999, 23.2579481], [72.6760444, 23.2579644], [72.676032, 23.257878199999997], [72.67621599999998, 23.257855500000005], [72.67623019999999, 23.2579481]]]}}, {"type": "Feature", "properties": {"layer": "building", "distance_m": 285.1, "source": "OpenStreetMap", "in_industrial_zone": false, "ghsl_2018": 1}, "geometry": {"type": "Polygon", "coordinates": [[[72.67621599999998, 23.257756299999997], [72.6760302, 23.257772599999996], [72.6760179, 23.2576864], [72.67620189999998, 23.2576636], [72.67621599999998, 23.257756299999997]]]}}, {"type": "Feature", "properties": {"layer": "building", "distance_m": 328.9, "source": "OpenStreetMap", "in_industrial_zone": false, "ghsl_2018": 1}, "geometry": {"type": "Polygon", "coordinates": [[[72.6759851, 23.258318], [72.6758453, 23.2583261], [72.6758276, 23.258067600000004], [72.6759533, 23.258053000000007], [72.6759851, 23.258318]]]}}, {"type": "Feature", "properties": {"layer": "building", "distance_m": 321.7, "source": "OpenStreetMap", "in_industrial_zone": false, "ghsl_2018": 1}, "geometry": {"type": "Polygon", "coordinates": [[[72.67594, 23.257979000000002], [72.6757542, 23.2579953], [72.6757418, 23.257909100000003], [72.6759258, 23.2578864], [72.67594, 23.257979000000002]]]}}, {"type": "Feature", "properties": {"layer": "building", "distance_m": 313.4, "source": "OpenStreetMap", "in_industrial_zone": false, "ghsl_2018": 1}, "geometry": {"type": "Polygon", "coordinates": [[[72.67591879999999, 23.2577872], [72.6757329, 23.257803500000005], [72.6757206, 23.257717300000003], [72.6759046, 23.257694499999996], [72.67591879999999, 23.2577872]]]}}, {"type": "Feature", "properties": {"layer": "building", "distance_m": 289.3, "source": "Google Open Buildings", "in_industrial_zone": false, "ghsl_2018": 1}, "geometry": {"type": "Polygon", "coordinates": [[[72.67570329999998, 23.256873200000005], [72.67577029999998, 23.256874200000002], [72.67576969999999, 23.256907300000005], [72.67570279999998, 23.2569063], [72.67570329999998, 23.256873200000005]]]}}, {"type": "Feature", "properties": {"layer": "building", "distance_m": 280.8, "source": "OpenStreetMap", "in_industrial_zone": false, "ghsl_2018": 1}, "geometry": {"type": "Polygon", "coordinates": [[[72.67579409999999, 23.2568711], [72.6756984, 23.2568647], [72.6756891, 23.256703799999997], [72.67578479999999, 23.2567016], [72.67579409999999, 23.2568711]]]}}, {"type": "Feature", "properties": {"layer": "building", "distance_m": 264.8, "source": "OpenStreetMap", "in_industrial_zone": false, "ghsl_2018": 1}, "geometry": {"type": "Polygon", "coordinates": [[[72.67598789999998, 23.25690760000001], [72.67589219999999, 23.2569011], [72.67588289999999, 23.2567402], [72.67597859999998, 23.256738100000007], [72.67598789999998, 23.25690760000001]]]}}, {"type": "Feature", "properties": {"layer": "building", "distance_m": 250.8, "source": "OpenStreetMap", "in_industrial_zone": false, "ghsl_2018": 1}, "geometry": {"type": "Polygon", "coordinates": [[[72.6759879, 23.256637299999998], [72.67589219999999, 23.2566308], [72.67588289999999, 23.2564699], [72.67597859999998, 23.2564678], [72.6759879, 23.256637299999998]]]}}, {"type": "Feature", "properties": {"layer": "building", "distance_m": 241.4, "source": "OpenStreetMap", "in_industrial_zone": false, "ghsl_2018": 1}, "geometry": {"type": "Polygon", "coordinates": [[[72.67597859999998, 23.2564313], [72.6758829, 23.2564249], [72.67587350000001, 23.25626400000001], [72.67596929999999, 23.256261900000002], [72.67597859999998, 23.2564313]]]}}, {"type": "Feature", "properties": {"layer": "building", "distance_m": 247.5, "source": "OpenStreetMap", "in_industrial_zone": false, "ghsl_2018": 1}, "geometry": {"type": "Polygon", "coordinates": [[[72.67616309999998, 23.2569097], [72.67606729999999, 23.256903300000005], [72.67605799999998, 23.256742399999997], [72.67615369999999, 23.256740200000003], [72.67616309999998, 23.2569097]]]}}, {"type": "Feature", "properties": {"layer": "building", "distance_m": 235.2, "source": "OpenStreetMap", "in_industrial_zone": false, "ghsl_2018": 1}, "geometry": {"type": "Polygon", "coordinates": [[[72.6761631, 23.256639400000005], [72.67606729999999, 23.256633000000004], [72.67605799999998, 23.2564721], [72.6761537, 23.256469899999995], [72.6761631, 23.256639400000005]]]}}, {"type": "Feature", "properties": {"layer": "building", "distance_m": 224.6, "source": "OpenStreetMap", "in_industrial_zone": false, "ghsl_2018": 1}, "geometry": {"type": "Polygon", "coordinates": [[[72.67616309999998, 23.256433500000007], [72.67606729999999, 23.256427], [72.676058, 23.2562661], [72.6761537, 23.25626400000001], [72.67616309999998, 23.256433500000007]]]}}, {"type": "Feature", "properties": {"layer": "building", "distance_m": 202.0, "source": "Microsoft ML Buildings", "in_industrial_zone": false, "ghsl_2018": 1}, "geometry": {"type": "Polygon", "coordinates": [[[72.67577389999998, 23.2549252], [72.6757753, 23.2548809], [72.6758209, 23.254882099999996], [72.6758194, 23.254926399999995], [72.67577389999998, 23.2549252]]]}}, {"type": "Feature", "properties": {"layer": "building", "distance_m": 196.4, "source": "Microsoft ML Buildings", "in_industrial_zone": false, "ghsl_2018": 1}, "geometry": {"type": "Polygon", "coordinates": [[[72.6757735, 23.254861899999995], [72.6757756, 23.254800299999992], [72.6758748, 23.2548032], [72.6758727, 23.2548647], [72.6757735, 23.254861899999995]]]}}, {"type": "Feature", "properties": {"layer": "building", "distance_m": 189.8, "source": "Google Open Buildings", "in_industrial_zone": true, "ghsl_2018": 1}, "geometry": {"type": "Polygon", "coordinates": [[[72.6757347, 23.25429839999999], [72.6757804, 23.2542954], [72.67578329999999, 23.254332800000004], [72.6757376, 23.254335800000003], [72.6757347, 23.25429839999999]]]}}, {"type": "Feature", "properties": {"layer": "building", "distance_m": 172.1, "source": "Google Open Buildings", "in_industrial_zone": true, "ghsl_2018": 1}, "geometry": {"type": "Polygon", "coordinates": [[[72.6759254, 23.2542604], [72.6759699, 23.254254400000004], [72.6759798, 23.254317300000004], [72.67593540000001, 23.254323299999992], [72.6759254, 23.2542604]]]}}, {"type": "Feature", "properties": {"layer": "building", "distance_m": 174.3, "source": "Microsoft ML Buildings", "in_industrial_zone": false, "ghsl_2018": 1}, "geometry": {"type": "Polygon", "coordinates": [[[72.6759645, 23.2547534], [72.6759364, 23.2547661], [72.675892, 23.254682500000005], [72.6759699, 23.254647500000008], [72.6759932, 23.254691300000008], [72.6760409, 23.2546699], [72.6760916, 23.254765399999997], [72.6759942, 23.254809199999993], [72.6759645, 23.2547534]]]}}, {"type": "Feature", "properties": {"layer": "building", "distance_m": 182.2, "source": "Google Open Buildings", "in_industrial_zone": false, "ghsl_2018": 1}, "geometry": {"type": "Polygon", "coordinates": [[[72.6760102, 23.25509660000001], [72.6760374, 23.255093499999997], [72.6760424, 23.255131200000005], [72.6760152, 23.255134299999998], [72.6760102, 23.25509660000001]]]}}, {"type": "Feature", "properties": {"layer": "building", "distance_m": 176.6, "source": "Google Open Buildings", "in_industrial_zone": false, "ghsl_2018": 1}, "geometry": {"type": "Polygon", "coordinates": [[[72.67606989999999, 23.254990400000008], [72.6760824, 23.255030799999997], [72.6760136, 23.255048900000002], [72.6760011, 23.255008499999995], [72.67606989999999, 23.254990400000008]]]}}, {"type": "Feature", "properties": {"layer": "building", "distance_m": 172.5, "source": "Google Open Buildings", "in_industrial_zone": false, "ghsl_2018": 1}, "geometry": {"type": "Polygon", "coordinates": [[[72.6760757, 23.2548215], [72.6761069, 23.254819799999996], [72.6761088, 23.2548492], [72.6760776, 23.254850899999997], [72.6760757, 23.2548215]]]}}, {"type": "Feature", "properties": {"layer": "building", "distance_m": 154.0, "source": "Google Open Buildings", "in_industrial_zone": false, "ghsl_2018": 2}, "geometry": {"type": "Polygon", "coordinates": [[[72.6761912, 23.254230899999996], [72.67620699999999, 23.2543237], [72.676073, 23.254343099999993], [72.6760572, 23.254250299999992], [72.6761912, 23.254230899999996]]]}}, {"type": "Feature", "properties": {"layer": "building", "distance_m": 143.8, "source": "Microsoft ML Buildings", "in_industrial_zone": false, "ghsl_2018": 1}, "geometry": {"type": "Polygon", "coordinates": [[[72.6763145, 23.254557], [72.67638669999998, 23.2545407], [72.6764068, 23.25461599999999], [72.6763346, 23.254632299999994], [72.6763145, 23.254557]]]}}, {"type": "Feature", "properties": {"layer": "building", "distance_m": 136.2, "source": "Microsoft ML Buildings", "in_industrial_zone": false, "ghsl_2018": 1}, "geometry": {"type": "Polygon", "coordinates": [[[72.6764289, 23.25452890000001], [72.676469, 23.2547076], [72.676339, 23.254732299999997], [72.67634690000001, 23.254767699999995], [72.6761708, 23.25480110000001], [72.6761503, 23.2547099], [72.6762621, 23.254688699999996], [72.6762561, 23.254661700000003], [72.6764156, 23.254631500000002], [72.676394, 23.2545355], [72.6764289, 23.25452890000001]]]}}, {"type": "Feature", "properties": {"layer": "building", "distance_m": 135.1, "source": "Microsoft ML Buildings", "in_industrial_zone": false, "ghsl_2018": 1}, "geometry": {"type": "Polygon", "coordinates": [[[72.6763825, 23.2549134], [72.6763618, 23.2548458], [72.6764549, 23.2548217], [72.6764756, 23.254889200000004], [72.6763825, 23.2549134]]]}}, {"type": "Feature", "properties": {"layer": "building", "distance_m": 145.7, "source": "Microsoft ML Buildings", "in_industrial_zone": false, "ghsl_2018": 1}, "geometry": {"type": "Polygon", "coordinates": [[[72.6763109, 23.255134599999995], [72.6763131, 23.255080500000002], [72.6763974, 23.2550833], [72.6763952, 23.2551374], [72.6763109, 23.255134599999995]]]}}, {"type": "Feature", "properties": {"layer": "building", "distance_m": 150.5, "source": "Microsoft ML Buildings", "in_industrial_zone": false, "ghsl_2018": 1}, "geometry": {"type": "Polygon", "coordinates": [[[72.6762427, 23.254991099999994], [72.6762406, 23.254951799999997], [72.67632889999999, 23.2549478], [72.676331, 23.254987199999995], [72.6762427, 23.254991099999994]]]}}, {"type": "Feature", "properties": {"layer": "building", "distance_m": 151.2, "source": "Microsoft ML Buildings", "in_industrial_zone": false, "ghsl_2018": 1}, "geometry": {"type": "Polygon", "coordinates": [[[72.6763296, 23.255009900000005], [72.67621439999999, 23.255026600000004], [72.6762107, 23.255005], [72.6763258, 23.254988200000003], [72.6763296, 23.255009900000005]]]}}, {"type": "Feature", "properties": {"layer": "building", "distance_m": 155.7, "source": "Microsoft ML Buildings", "in_industrial_zone": false, "ghsl_2018": 1}, "geometry": {"type": "Polygon", "coordinates": [[[72.6762375, 23.255322799999995], [72.6763613, 23.255300099999996], [72.67637719999999, 23.255373600000002], [72.6762534, 23.255396300000005], [72.6762375, 23.255322799999995]]]}}, {"type": "Feature", "properties": {"layer": "building", "distance_m": 156.3, "source": "Microsoft ML Buildings", "in_industrial_zone": false, "ghsl_2018": 1}, "geometry": {"type": "Polygon", "coordinates": [[[72.6763166, 23.255501700000003], [72.6762924, 23.255437999999998], [72.6764, 23.255403499999996], [72.6764242, 23.2554672], [72.6763166, 23.255501700000003]]]}}, {"type": "Feature", "properties": {"layer": "building", "distance_m": 156.3, "source": "Microsoft ML Buildings", "in_industrial_zone": false, "ghsl_2018": 1}, "geometry": {"type": "Polygon", "coordinates": [[[72.67633729999999, 23.2555627], [72.6763237, 23.255497600000005], [72.676439, 23.2554774], [72.6764525, 23.2555425], [72.67633729999999, 23.2555627]]]}}, {"type": "Feature", "properties": {"layer": "building", "distance_m": 142.8, "source": "Microsoft ML Buildings", "in_industrial_zone": false, "ghsl_2018": 1}, "geometry": {"type": "Polygon", "coordinates": [[[72.6766107, 23.2555805], [72.67648979999998, 23.2556133], [72.6763893, 23.2553004], [72.6764844, 23.255274700000005], [72.6765393, 23.2554456], [72.6765651, 23.2554386], [72.6766107, 23.2555805]]]}}, {"type": "Feature", "properties": {"layer": "building", "distance_m": 160.5, "source": "Microsoft ML Buildings", "in_industrial_zone": false, "ghsl_2018": 1}, "geometry": {"type": "Polygon", "coordinates": [[[72.6764667, 23.255669400000002], [72.6765076, 23.2556642], [72.6765134, 23.255702799999998], [72.6764726, 23.25570810000001], [72.6764667, 23.255669400000002]]]}}, {"type": "Feature", "properties": {"layer": "building", "distance_m": 160.4, "source": "Google Open Buildings", "in_industrial_zone": false, "ghsl_2018": 1}, "geometry": {"type": "Polygon", "coordinates": [[[72.6765082, 23.255728099999995], [72.6765462, 23.255724699999995], [72.6765498, 23.255758600000004], [72.6765118, 23.2557621], [72.6765082, 23.255728099999995]]]}}, {"type": "Feature", "properties": {"layer": "building", "distance_m": 170.4, "source": "Microsoft ML Buildings", "in_industrial_zone": false, "ghsl_2018": 1}, "geometry": {"type": "Polygon", "coordinates": [[[72.676502, 23.25584350000001], [72.67643479999998, 23.25586940000001], [72.6764166, 23.255829600000002], [72.6764838, 23.255803699999998], [72.676502, 23.25584350000001]]]}}, {"type": "Feature", "properties": {"layer": "building", "distance_m": 183.0, "source": "Google Open Buildings", "in_industrial_zone": false, "ghsl_2018": 1}, "geometry": {"type": "Polygon", "coordinates": [[[72.6764671, 23.256002799999997], [72.67647209999998, 23.2560723], [72.67640539999998, 23.2560764], [72.67640039999999, 23.256007], [72.6764671, 23.256002799999997]]]}}, {"type": "Feature", "properties": {"layer": "building", "distance_m": 173.3, "source": "Microsoft ML Buildings", "in_industrial_zone": false, "ghsl_2018": 1}, "geometry": {"type": "Polygon", "coordinates": [[[72.6765338, 23.2559963], [72.6764466, 23.255993600000004], [72.6764488, 23.2559355], [72.6765359, 23.2559382], [72.6765338, 23.2559963]]]}}, {"type": "Feature", "properties": {"layer": "building", "distance_m": 169.9, "source": "Google Open Buildings", "in_industrial_zone": false, "ghsl_2018": 1}, "geometry": {"type": "Polygon", "coordinates": [[[72.676528, 23.255864400000004], [72.67653989999998, 23.2559036], [72.67646829999998, 23.255922200000004], [72.6764564, 23.255882999999997], [72.676528, 23.255864400000004]]]}}, {"type": "Feature", "properties": {"layer": "building", "distance_m": 152.3, "source": "Microsoft ML Buildings", "in_industrial_zone": false, "ghsl_2018": 1}, "geometry": {"type": "Polygon", "coordinates": [[[72.6766474, 23.2558071], [72.6765873, 23.255803799999995], [72.6765913, 23.255741399999998], [72.6766514, 23.255744699999994], [72.6766474, 23.2558071]]]}}, {"type": "Feature", "properties": {"layer": "building", "distance_m": 150.2, "source": "Microsoft ML Buildings", "in_industrial_zone": false, "ghsl_2018": 1}, "geometry": {"type": "Polygon", "coordinates": [[[72.6765938, 23.255641700000005], [72.6765228, 23.255659699999995], [72.67650869999999, 23.255613000000004], [72.67657979999998, 23.255595000000003], [72.6765938, 23.255641700000005]]]}}, {"type": "Feature", "properties": {"layer": "building", "distance_m": 150.3, "source": "Microsoft ML Buildings", "in_industrial_zone": false, "ghsl_2018": 1}, "geometry": {"type": "Polygon", "coordinates": [[[72.67653439999998, 23.2556682], [72.6766157, 23.2556535], [72.6766243, 23.255693900000004], [72.676543, 23.2557085], [72.67653439999998, 23.2556682]]]}}, {"type": "Feature", "properties": {"layer": "building", "distance_m": 118.8, "source": "Microsoft ML Buildings", "in_industrial_zone": false, "ghsl_2018": 1}, "geometry": {"type": "Polygon", "coordinates": [[[72.67656259999998, 23.254853800000006], [72.6765415, 23.2548173], [72.6766115, 23.254782999999993], [72.6766326, 23.254819399999995], [72.67656259999998, 23.254853800000006]]]}}, {"type": "Feature", "properties": {"layer": "building", "distance_m": 122.3, "source": "Microsoft ML Buildings", "in_industrial_zone": false, "ghsl_2018": 1}, "geometry": {"type": "Polygon", "coordinates": [[[72.67653839999998, 23.255035900000003], [72.6765017, 23.254933600000005], [72.6764859, 23.254938499999998], [72.6764819, 23.254927300000006], [72.6765751, 23.2548991], [72.6766158, 23.255012400000005], [72.67653839999998, 23.255035900000003]]]}}, {"type": "Feature", "properties": {"layer": "building", "distance_m": 127.2, "source": "Microsoft ML Buildings", "in_industrial_zone": false, "ghsl_2018": 1}, "geometry": {"type": "Polygon", "coordinates": [[[72.6766482, 23.2552843], [72.6765688, 23.255304999999996], [72.6765565, 23.255265199999997], [72.676636, 23.2552446], [72.6766482, 23.2552843]]]}}, {"type": "Feature", "properties": {"layer": "building", "distance_m": 122.4, "source": "Microsoft ML Buildings", "in_industrial_zone": false, "ghsl_2018": 1}, "geometry": {"type": "Polygon", "coordinates": [[[72.67647549999998, 23.255278700000016], [72.67644619999999, 23.255204800000012], [72.67664409999999, 23.255138600000006], [72.6766734, 23.2552126], [72.67647549999998, 23.255278700000016]]]}}, {"type": "Feature", "properties": {"layer": "building", "distance_m": 135.5, "source": "Microsoft ML Buildings", "in_industrial_zone": false, "ghsl_2018": 1}, "geometry": {"type": "Polygon", "coordinates": [[[72.6764164, 23.2551563], [72.6763889, 23.255054100000002], [72.676485, 23.2550323], [72.6765244, 23.2551786], [72.67645869999998, 23.255193500000008], [72.6764468, 23.255149400000004], [72.6764164, 23.2551563]]]}}, {"type": "Feature", "properties": {"layer": "building", "distance_m": 126.3, "source": "Microsoft ML Buildings", "in_industrial_zone": false, "ghsl_2018": 1}, "geometry": {"type": "Polygon", "coordinates": [[[72.67656470000001, 23.254727800000005], [72.6765259, 23.2547376], [72.6765101, 23.25468499999999], [72.6765488, 23.2546751], [72.67656470000001, 23.254727800000005]]]}}, {"type": "Feature", "properties": {"layer": "building", "distance_m": 126.9, "source": "Microsoft ML Buildings", "in_industrial_zone": false, "ghsl_2018": 1}, "geometry": {"type": "Polygon", "coordinates": [[[72.6765714, 23.254631900000003], [72.6764833, 23.2546471], [72.67646569999998, 23.25456150000001], [72.6765538, 23.254546200000007], [72.6765714, 23.254631900000003]]]}}, {"type": "Feature", "properties": {"layer": "building", "distance_m": 103.5, "source": "Microsoft ML Buildings", "in_industrial_zone": false, "ghsl_2018": 1}, "geometry": {"type": "Polygon", "coordinates": [[[72.67679639999999, 23.254417600000004], [72.676862, 23.254416799999998], [72.6768626, 23.2544611], [72.6767971, 23.254461999999997], [72.67679639999999, 23.254417600000004]]]}}, {"type": "Feature", "properties": {"layer": "building", "distance_m": 99.8, "source": "Microsoft ML Buildings", "in_industrial_zone": false, "ghsl_2018": 1}, "geometry": {"type": "Polygon", "coordinates": [[[72.6768286, 23.254527], [72.6768297, 23.2544654], [72.6768753, 23.254466100000002], [72.6768742, 23.2545277], [72.6768286, 23.254527]]]}}, {"type": "Feature", "properties": {"layer": "building", "distance_m": 93.5, "source": "Microsoft ML Buildings", "in_industrial_zone": false, "ghsl_2018": 1}, "geometry": {"type": "Polygon", "coordinates": [[[72.6768369, 23.25453559999999], [72.6768948, 23.254528199999996], [72.6769087, 23.254619], [72.6768508, 23.254626500000008], [72.6768369, 23.25453559999999]]]}}, {"type": "Feature", "properties": {"layer": "building", "distance_m": 99.4, "source": "Microsoft ML Buildings", "in_industrial_zone": false, "ghsl_2018": 1}, "geometry": {"type": "Polygon", "coordinates": [[[72.6768345, 23.254685100000003], [72.6767622, 23.2546877], [72.67675709999999, 23.254568600000002], [72.6768294, 23.254566000000004], [72.6768345, 23.254685100000003]]]}}, {"type": "Feature", "properties": {"layer": "building", "distance_m": 92.4, "source": "Google Open Buildings", "in_industrial_zone": false, "ghsl_2018": 1}, "geometry": {"type": "Polygon", "coordinates": [[[72.6768068, 23.254900699999993], [72.6768938, 23.254898199999996], [72.6768953, 23.254942699999997], [72.6768083, 23.2549452], [72.6768068, 23.254900699999993]]]}}, {"type": "Feature", "properties": {"layer": "building", "distance_m": 96.5, "source": "Google Open Buildings", "in_industrial_zone": false, "ghsl_2018": 1}, "geometry": {"type": "Polygon", "coordinates": [[[72.6768539, 23.255075700000003], [72.6768911, 23.255077299999996], [72.6768888, 23.2551246], [72.6768517, 23.2551231], [72.6768539, 23.255075700000003]]]}}, {"type": "Feature", "properties": {"layer": "building", "distance_m": 95.7, "source": "Google Open Buildings", "in_industrial_zone": false, "ghsl_2018": 1}, "geometry": {"type": "Polygon", "coordinates": [[[72.6768642, 23.255113399999995], [72.6769118, 23.25511479999999], [72.6769097, 23.25517510000001], [72.67686209999998, 23.255173700000004], [72.6768642, 23.255113399999995]]]}}, {"type": "Feature", "properties": {"layer": "building", "distance_m": 122.5, "source": "Microsoft ML Buildings", "in_industrial_zone": false, "ghsl_2018": 1}, "geometry": {"type": "Polygon", "coordinates": [[[72.6766383, 23.255241199999997], [72.6766783, 23.2552274], [72.6766951, 23.2552684], [72.6766551, 23.2552822], [72.6766383, 23.255241199999997]]]}}, {"type": "Feature", "properties": {"layer": "building", "distance_m": 143.6, "source": "Microsoft ML Buildings", "in_industrial_zone": false, "ghsl_2018": 1}, "geometry": {"type": "Polygon", "coordinates": [[[72.6768977, 23.256064600000006], [72.6768736, 23.2560638], [72.6768757, 23.256006199999998], [72.6768998, 23.256006899999996], [72.6768977, 23.256064600000006]]]}}, {"type": "Feature", "properties": {"layer": "building", "distance_m": 107.6, "source": "Google Open Buildings", "in_industrial_zone": false, "ghsl_2018": 1}, "geometry": {"type": "Polygon", "coordinates": [[[72.676902, 23.255388200000002], [72.6769313, 23.255389099999995], [72.6769298, 23.2554335], [72.6769004, 23.2554327], [72.676902, 23.255388200000002]]]}}, {"type": "Feature", "properties": {"layer": "building", "distance_m": 111.4, "source": "Google Open Buildings", "in_industrial_zone": false, "ghsl_2018": 1}, "geometry": {"type": "Polygon", "coordinates": [[[72.6768738, 23.255466799999997], [72.6769352, 23.25546240000001], [72.67694219999998, 23.2555462], [72.67688079999999, 23.255550600000007], [72.6768738, 23.255466799999997]]]}}, {"type": "Feature", "properties": {"layer": "building", "distance_m": 117.1, "source": "Google Open Buildings", "in_industrial_zone": false, "ghsl_2018": 1}, "geometry": {"type": "Polygon", "coordinates": [[[72.6769269, 23.255611400000003], [72.67696349999999, 23.255609099999997], [72.6769666, 23.2556514], [72.6769301, 23.2556537], [72.6769269, 23.255611400000003]]]}}, {"type": "Feature", "properties": {"layer": "building", "distance_m": 119.2, "source": "Microsoft ML Buildings", "in_industrial_zone": false, "ghsl_2018": 1}, "geometry": {"type": "Polygon", "coordinates": [[[72.6770489, 23.255831799999996], [72.6769729, 23.255842299999998], [72.6769628, 23.2557811], [72.67703890000001, 23.255770499999997], [72.6770489, 23.255831799999996]]]}}, {"type": "Feature", "properties": {"layer": "building", "distance_m": 119.6, "source": "Microsoft ML Buildings", "in_industrial_zone": false, "ghsl_2018": 1}, "geometry": {"type": "Polygon", "coordinates": [[[72.6770104, 23.2557714], [72.6769033, 23.255775000000007], [72.6769014, 23.255728299999998], [72.6770086, 23.255724700000005], [72.6770104, 23.2557714]]]}}, {"type": "Feature", "properties": {"layer": "building", "distance_m": 122.7, "source": "Microsoft ML Buildings", "in_industrial_zone": false, "ghsl_2018": 1}, "geometry": {"type": "Polygon", "coordinates": [[[72.67690139999999, 23.255852500000007], [72.67704059999998, 23.255846900000005], [72.6770451, 23.255941399999998], [72.67693539999999, 23.255945800000003], [72.6769338, 23.2559128], [72.6769044, 23.255913899999996], [72.67690139999999, 23.255852500000007]]]}}, {"type": "Feature", "properties": {"layer": "building", "distance_m": 146.5, "source": "Google Open Buildings", "in_industrial_zone": false, "ghsl_2018": 1}, "geometry": {"type": "Polygon", "coordinates": [[[72.6770173, 23.25629410000001], [72.6770543, 23.256290799999995], [72.6770576, 23.256322000000004], [72.6770206, 23.256325300000004], [72.6770173, 23.25629410000001]]]}}, {"type": "Feature", "properties": {"layer": "building", "distance_m": 118.4, "source": "Microsoft ML Buildings", "in_industrial_zone": false, "ghsl_2018": 1}, "geometry": {"type": "Polygon", "coordinates": [[[72.6770616, 23.2559184], [72.6770332, 23.255849400000002], [72.6770802, 23.255833099999997], [72.6771085, 23.255902199999998], [72.6770616, 23.2559184]]]}}, {"type": "Feature", "properties": {"layer": "building", "distance_m": 75.5, "source": "Google Open Buildings", "in_industrial_zone": false, "ghsl_2018": 1}, "geometry": {"type": "Polygon", "coordinates": [[[72.6769966, 23.254784000000008], [72.6770571, 23.254787899999993], [72.6770541, 23.2548271], [72.6769937, 23.254823200000004], [72.6769966, 23.254784000000008]]]}}, {"type": "Feature", "properties": {"layer": "building", "distance_m": 77.2, "source": "Microsoft ML Buildings", "in_industrial_zone": false, "ghsl_2018": 1}, "geometry": {"type": "Polygon", "coordinates": [[[72.67703669999999, 23.255071800000003], [72.6770864, 23.2550698], [72.6770885, 23.2551126], [72.6770388, 23.255114700000004], [72.67703669999999, 23.255071800000003]]]}}, {"type": "Feature", "properties": {"layer": "building", "distance_m": 82.3, "source": "Microsoft ML Buildings", "in_industrial_zone": false, "ghsl_2018": 1}, "geometry": {"type": "Polygon", "coordinates": [[[72.67699190000002, 23.255220399999995], [72.6769944, 23.2551479], [72.6770695, 23.255150200000003], [72.6770669, 23.2552226], [72.67699190000002, 23.255220399999995]]]}}, {"type": "Feature", "properties": {"layer": "building", "distance_m": 100.7, "source": "Google Open Buildings", "in_industrial_zone": false, "ghsl_2018": 1}, "geometry": {"type": "Polygon", "coordinates": [[[72.6768747, 23.2552474], [72.6769217, 23.255248099999996], [72.6769203, 23.255329400000004], [72.6768733, 23.2553287], [72.6768747, 23.2552474]]]}}, {"type": "Feature", "properties": {"layer": "building", "distance_m": 86.4, "source": "Google Open Buildings", "in_industrial_zone": false, "ghsl_2018": 1}, "geometry": {"type": "Polygon", "coordinates": [[[72.6768373, 23.2548144], [72.6769499, 23.254820800000008], [72.6769447, 23.254898499999996], [72.6768321, 23.254892100000003], [72.6768373, 23.2548144]]]}}, {"type": "Feature", "properties": {"layer": "building", "distance_m": 80.7, "source": "Google Open Buildings", "in_industrial_zone": false, "ghsl_2018": 1}, "geometry": {"type": "Polygon", "coordinates": [[[72.676976, 23.2548283], [72.6770051, 23.2548311], [72.6769983, 23.254893], [72.6769692, 23.254890300000007], [72.676976, 23.2548283]]]}}, {"type": "Feature", "properties": {"layer": "building", "distance_m": 85.1, "source": "Google Open Buildings", "in_industrial_zone": false, "ghsl_2018": 1}, "geometry": {"type": "Polygon", "coordinates": [[[72.6768751, 23.25473089999999], [72.6769672, 23.2547396], [72.6769594, 23.254810400000004], [72.67686730000001, 23.254801700000005], [72.6768751, 23.25473089999999]]]}}, {"type": "Feature", "properties": {"layer": "building", "distance_m": 82.9, "source": "Microsoft ML Buildings", "in_industrial_zone": false, "ghsl_2018": 1}, "geometry": {"type": "Polygon", "coordinates": [[[72.67688980000001, 23.254615700000006], [72.6769928, 23.2546038], [72.6770018, 23.2546693], [72.6768988, 23.254681199999997], [72.67688980000001, 23.254615700000006]]]}}, {"type": "Feature", "properties": {"layer": "building", "distance_m": 91.8, "source": "Microsoft ML Buildings", "in_industrial_zone": false, "ghsl_2018": 1}, "geometry": {"type": "Polygon", "coordinates": [[[72.6769147, 23.2544031], [72.6769826, 23.25439719999999], [72.676989, 23.2544597], [72.676921, 23.2544656], [72.6769147, 23.2544031]]]}}, {"type": "Feature", "properties": {"layer": "building", "distance_m": 78.7, "source": "Google Open Buildings", "in_industrial_zone": false, "ghsl_2018": 1}, "geometry": {"type": "Polygon", "coordinates": [[[72.6769988, 23.2546972], [72.6770334, 23.2546977], [72.6770329, 23.254726200000004], [72.67699839999999, 23.254725600000008], [72.6769988, 23.2546972]]]}}, {"type": "Feature", "properties": {"layer": "building", "distance_m": 59.6, "source": "Microsoft ML Buildings", "in_industrial_zone": false, "ghsl_2018": 1}, "geometry": {"type": "Polygon", "coordinates": [[[72.6771821, 23.254638600000003], [72.6771301, 23.2545856], [72.6772468, 23.254488800000004], [72.6772989, 23.254541700000004], [72.6771821, 23.254638600000003]]]}}, {"type": "Feature", "properties": {"layer": "building", "distance_m": 58.9, "source": "Microsoft ML Buildings", "in_industrial_zone": false, "ghsl_2018": 1}, "geometry": {"type": "Polygon", "coordinates": [[[72.6772217, 23.25488229999999], [72.6772229, 23.25492419999999], [72.6771719, 23.254925499999995], [72.6771731, 23.254965900000002], [72.6770674, 23.2549685], [72.677065, 23.254886199999998], [72.6772217, 23.25488229999999]]]}}, {"type": "Feature", "properties": {"layer": "building", "distance_m": 64.9, "source": "Microsoft ML Buildings", "in_industrial_zone": false, "ghsl_2018": 1}, "geometry": {"type": "Polygon", "coordinates": [[[72.6771562, 23.2550903], [72.6772285, 23.255092800000007], [72.6772261, 23.2551519], [72.6771538, 23.25514940000001], [72.6771562, 23.2550903]]]}}, {"type": "Feature", "properties": {"layer": "building", "distance_m": 61.2, "source": "Microsoft ML Buildings", "in_industrial_zone": false, "ghsl_2018": 1}, "geometry": {"type": "Polygon", "coordinates": [[[72.6772405, 23.2551092], [72.6772807, 23.2551098], [72.6772793, 23.255195], [72.67717470000001, 23.255193600000002], [72.6771754, 23.255155199999997], [72.6772397, 23.255156100000004], [72.6772405, 23.2551092]]]}}, {"type": "Feature", "properties": {"layer": "building", "distance_m": 56.5, "source": "Microsoft ML Buildings", "in_industrial_zone": false, "ghsl_2018": 1}, "geometry": {"type": "Polygon", "coordinates": [[[72.6771891, 23.2550015], [72.6771814, 23.2549346], [72.677253, 23.254927699999993], [72.6772607, 23.254994500000002], [72.6771891, 23.2550015]]]}}, {"type": "Feature", "properties": {"layer": "building", "distance_m": 42.4, "source": "Microsoft ML Buildings", "in_industrial_zone": false, "ghsl_2018": 1}, "geometry": {"type": "Polygon", "coordinates": [[[72.6773811, 23.254894], [72.6773263, 23.2548947], [72.6773258, 23.254860200000003], [72.6773806, 23.25485949999999], [72.6773811, 23.254894]]]}}, {"type": "Feature", "properties": {"layer": "building", "distance_m": 40.5, "source": "Microsoft ML Buildings", "in_industrial_zone": false, "ghsl_2018": 1}, "geometry": {"type": "Polygon", "coordinates": [[[72.6772667, 23.254335000000005], [72.6772167, 23.254347299999992], [72.6772046, 23.254305900000002], [72.6772932, 23.2542841], [72.6772862, 23.254260099999996], [72.67734019999999, 23.254246800000004], [72.6773714, 23.2543535], [72.6774689, 23.2543294], [72.6774999, 23.254435199999996], [72.6774398, 23.254449999999995], [72.6774281, 23.2544099], [72.67736560000002, 23.2544254], [72.6773521, 23.2543794], [72.6772846, 23.2543961], [72.6772667, 23.254335000000005]]]}}, {"type": "Feature", "properties": {"layer": "building", "distance_m": 47.5, "source": "Microsoft ML Buildings", "in_industrial_zone": false, "ghsl_2018": 1}, "geometry": {"type": "Polygon", "coordinates": [[[72.6773904, 23.254465799999995], [72.6773793, 23.254426599999995], [72.677423, 23.254416099999997], [72.6774342, 23.254455300000004], [72.6773904, 23.254465799999995]]]}}, {"type": "Feature", "properties": {"layer": "building", "distance_m": 35.4, "source": "Microsoft ML Buildings", "in_industrial_zone": false, "ghsl_2018": 1}, "geometry": {"type": "Polygon", "coordinates": [[[72.6774369, 23.254505800000004], [72.6774199, 23.254463299999998], [72.6775379, 23.2544233], [72.677555, 23.25446579999999], [72.6774369, 23.254505800000004]]]}}, {"type": "Feature", "properties": {"layer": "building", "distance_m": 33.7, "source": "Google Open Buildings", "in_industrial_zone": false, "ghsl_2018": 1}, "geometry": {"type": "Polygon", "coordinates": [[[72.6775421, 23.254286600000004], [72.677547, 23.2543194], [72.6775033, 23.254325000000005], [72.6774984, 23.254292200000005], [72.6775421, 23.254286600000004]]]}}, {"type": "Feature", "properties": {"layer": "building", "distance_m": 30.6, "source": "Google Open Buildings", "in_industrial_zone": false, "ghsl_2018": 1}, "geometry": {"type": "Polygon", "coordinates": [[[72.6775784, 23.2545265], [72.6776084, 23.2545685], [72.6775796, 23.254586099999997], [72.6775496, 23.254544099999997], [72.6775784, 23.2545265]]]}}, {"type": "Feature", "properties": {"layer": "building", "distance_m": 24.6, "source": "Microsoft ML Buildings", "in_industrial_zone": false, "ghsl_2018": 1}, "geometry": {"type": "Polygon", "coordinates": [[[72.6775594, 23.2547767], [72.6774817, 23.254813], [72.6774573, 23.254768800000004], [72.677535, 23.2547325], [72.6775594, 23.2547767]]]}}, {"type": "Feature", "properties": {"layer": "building", "distance_m": 22.5, "source": "Microsoft ML Buildings", "in_industrial_zone": false, "ghsl_2018": 1}, "geometry": {"type": "Polygon", "coordinates": [[[72.6774986, 23.2548562], [72.6774836, 23.2548139], [72.6775589, 23.254791399999995], [72.6775738, 23.2548338], [72.6774986, 23.2548562]]]}}, {"type": "Feature", "properties": {"layer": "building", "distance_m": 43.4, "source": "Microsoft ML Buildings", "in_industrial_zone": false, "ghsl_2018": 1}, "geometry": {"type": "Polygon", "coordinates": [[[72.6774816, 23.255346800000005], [72.6773718, 23.255343100000005], [72.677376, 23.255236200000002], [72.6775662, 23.255242599999995], [72.6775647, 23.255279500000004], [72.6774844, 23.2552768], [72.6774816, 23.255346800000005]]]}}, {"type": "Feature", "properties": {"layer": "building", "distance_m": 42.7, "source": "Microsoft ML Buildings", "in_industrial_zone": false, "ghsl_2018": 1}, "geometry": {"type": "Polygon", "coordinates": [[[72.67740580000002, 23.2550714], [72.677456, 23.2550573], [72.6774752, 23.255114900000002], [72.677425, 23.255128999999997], [72.67740580000002, 23.2550714]]]}}, {"type": "Feature", "properties": {"layer": "building", "distance_m": 48.6, "source": "Microsoft ML Buildings", "in_industrial_zone": false, "ghsl_2018": 1}, "geometry": {"type": "Polygon", "coordinates": [[[72.6774014, 23.255125699999997], [72.6773372, 23.255122799999995], [72.6773397, 23.2550761], [72.6774039, 23.255079], [72.6774014, 23.255125699999997]]]}}, {"type": "Feature", "properties": {"layer": "building", "distance_m": 64.1, "source": "Microsoft ML Buildings", "in_industrial_zone": false, "ghsl_2018": 1}, "geometry": {"type": "Polygon", "coordinates": [[[72.6774908, 23.255701200000004], [72.6773864, 23.2557053], [72.677376, 23.255481400000004], [72.6774804, 23.255477399999997], [72.6774908, 23.255701200000004]]]}}, {"type": "Feature", "properties": {"layer": "building", "distance_m": 72.0, "source": "Microsoft ML Buildings", "in_industrial_zone": false, "ghsl_2018": 1}, "geometry": {"type": "Polygon", "coordinates": [[[72.6773683, 23.255819100000004], [72.6773647, 23.2557588], [72.6775465, 23.2557497], [72.6775501, 23.2558101], [72.6773683, 23.255819100000004]]]}}, {"type": "Feature", "properties": {"layer": "building", "distance_m": 56.0, "source": "Google Open Buildings", "in_industrial_zone": false, "ghsl_2018": 1}, "geometry": {"type": "Polygon", "coordinates": [[[72.6774906, 23.255348399999995], [72.6774952, 23.255407900000005], [72.6774462, 23.2554111], [72.6774494, 23.255453200000005], [72.6774134, 23.2554556], [72.6774056, 23.255354099999998], [72.6774906, 23.255348399999995]]]}}, {"type": "Feature", "properties": {"layer": "building", "distance_m": 118.1, "source": "Microsoft ML Buildings", "in_industrial_zone": false, "ghsl_2018": 1}, "geometry": {"type": "Polygon", "coordinates": [[[72.677328, 23.256300799999998], [72.6772892, 23.256302100000003], [72.67728669999998, 23.256237100000003], [72.6773255, 23.2562358], [72.677328, 23.256300799999998]]]}}, {"type": "Feature", "properties": {"layer": "building", "distance_m": 122.3, "source": "Microsoft ML Buildings", "in_industrial_zone": false, "ghsl_2018": 1}, "geometry": {"type": "Polygon", "coordinates": [[[72.67728229999999, 23.256319400000002], [72.6772421, 23.256318499999995], [72.6772442, 23.256239700000002], [72.6772844, 23.2562406], [72.67728229999999, 23.256319400000002]]]}}, {"type": "Feature", "properties": {"layer": "building", "distance_m": 109.0, "source": "Microsoft ML Buildings", "in_industrial_zone": false, "ghsl_2018": 1}, "geometry": {"type": "Polygon", "coordinates": [[[72.6771933, 23.256115799999996], [72.6773864, 23.2561118], [72.677389, 23.2562201], [72.67727240000002, 23.256222599999997], [72.67727149999999, 23.256185600000002], [72.6771951, 23.256187200000006], [72.6771933, 23.256115799999996]]]}}, {"type": "Feature", "properties": {"layer": "building", "distance_m": 100.7, "source": "Google Open Buildings", "in_industrial_zone": false, "ghsl_2018": 1}, "geometry": {"type": "Polygon", "coordinates": [[[72.67723980000001, 23.2558581], [72.6772855, 23.255852099999995], [72.6772919, 23.2558938], [72.6772462, 23.255899699999997], [72.67723980000001, 23.2558581]]]}}, {"type": "Feature", "properties": {"layer": "building", "distance_m": 102.7, "source": "Google Open Buildings", "in_industrial_zone": false, "ghsl_2018": 1}, "geometry": {"type": "Polygon", "coordinates": [[[72.6772967, 23.2559484], [72.6773279, 23.255945700000005], [72.6773337, 23.2560017], [72.6773025, 23.256004500000007], [72.6772967, 23.2559484]]]}}, {"type": "Feature", "properties": {"layer": "building", "distance_m": 100.0, "source": "Google Open Buildings", "in_industrial_zone": false, "ghsl_2018": 1}, "geometry": {"type": "Polygon", "coordinates": [[[72.6771074, 23.255614299999998], [72.67712770000001, 23.2556125], [72.6771308, 23.2556433], [72.6771768, 23.255639400000003], [72.6771803, 23.2556753], [72.677114, 23.255680899999998], [72.6771074, 23.255614299999998]]]}}, {"type": "Feature", "properties": {"layer": "building", "distance_m": 96.0, "source": "Google Open Buildings", "in_industrial_zone": false, "ghsl_2018": 1}, "geometry": {"type": "Polygon", "coordinates": [[[72.6771376, 23.255570400000007], [72.6771758, 23.2555663], [72.6771821, 23.2556166], [72.67714379999998, 23.25562060000001], [72.6771376, 23.255570400000007]]]}}, {"type": "Feature", "properties": {"layer": "building", "distance_m": 104.3, "source": "Microsoft ML Buildings", "in_industrial_zone": false, "ghsl_2018": 1}, "geometry": {"type": "Polygon", "coordinates": [[[72.6771171, 23.255714500000003], [72.6771693, 23.255712], [72.67717150000001, 23.255751400000005], [72.6771193, 23.255753799999997], [72.6771171, 23.255714500000003]]]}}, {"type": "Feature", "properties": {"layer": "building", "distance_m": 110.9, "source": "Microsoft ML Buildings", "in_industrial_zone": false, "ghsl_2018": 1}, "geometry": {"type": "Polygon", "coordinates": [[[72.6772268, 23.256029199999997], [72.6771263, 23.256031599999996], [72.6771235, 23.255938000000008], [72.6772241, 23.2559356], [72.6772268, 23.256029199999997]]]}}, {"type": "Feature", "properties": {"layer": "building", "distance_m": 102.1, "source": "Microsoft ML Buildings", "in_industrial_zone": false, "ghsl_2018": 1}, "geometry": {"type": "Polygon", "coordinates": [[[72.67721090000002, 23.255844299999996], [72.6772031, 23.255806199999995], [72.6772406, 23.2557997], [72.67724839999998, 23.25583780000001], [72.67721090000002, 23.255844299999996]]]}}, {"type": "Feature", "properties": {"layer": "building", "distance_m": 116.0, "source": "Microsoft ML Buildings", "in_industrial_zone": false, "ghsl_2018": 1}, "geometry": {"type": "Polygon", "coordinates": [[[72.6773759, 23.256463300000004], [72.6773143, 23.25646239999999], [72.6773159, 23.2563639], [72.6773776, 23.2563647], [72.6773759, 23.256463300000004]]]}}, {"type": "Feature", "properties": {"layer": "building", "distance_m": 104.6, "source": "Google Open Buildings", "in_industrial_zone": false, "ghsl_2018": 1}, "geometry": {"type": "Polygon", "coordinates": [[[72.677628, 23.25667640000001], [72.6776319, 23.256752900000002], [72.67751739999999, 23.256757900000007], [72.6775204, 23.256816699999998], [72.6774547, 23.2568196], [72.6774478, 23.256684299999996], [72.677628, 23.25667640000001]]]}}, {"type": "Feature", "properties": {"layer": "building", "distance_m": 105.1, "source": "Google Open Buildings", "in_industrial_zone": false, "ghsl_2018": 1}, "geometry": {"type": "Polygon", "coordinates": [[[72.677472, 23.2565834], [72.6775697, 23.256584799999995], [72.6775683, 23.256665200000004], [72.6774706, 23.256663800000005], [72.677472, 23.2565834]]]}}, {"type": "Feature", "properties": {"layer": "building", "distance_m": 192.5, "source": "Google Open Buildings", "in_industrial_zone": false, "ghsl_2018": 1}, "geometry": {"type": "Polygon", "coordinates": [[[72.6774966, 23.2578133], [72.67750889999999, 23.2578816], [72.67743579999998, 23.2578929], [72.6774234, 23.2578246], [72.6774966, 23.2578133]]]}}, {"type": "Feature", "properties": {"layer": "building", "distance_m": 176.2, "source": "Microsoft ML Buildings", "in_industrial_zone": false, "ghsl_2018": 1}, "geometry": {"type": "Polygon", "coordinates": [[[72.67747509999998, 23.25767210000001], [72.6775527, 23.257668499999998], [72.67755429999998, 23.25769800000001], [72.677593, 23.257696300000003], [72.6775968, 23.2577661], [72.6774805, 23.257771500000008], [72.67747509999998, 23.25767210000001]]]}}, {"type": "Feature", "properties": {"layer": "building", "distance_m": 219.2, "source": "Google Open Buildings", "in_industrial_zone": false, "ghsl_2018": 1}, "geometry": {"type": "Polygon", "coordinates": [[[72.67750109999999, 23.258110400000007], [72.67751819999998, 23.258193300000002], [72.67742569999999, 23.258209600000004], [72.67740869999999, 23.258126600000008], [72.67750109999999, 23.258110400000007]]]}}, {"type": "Feature", "properties": {"layer": "building", "distance_m": 232.6, "source": "Microsoft ML Buildings", "in_industrial_zone": false, "ghsl_2018": 1}, "geometry": {"type": "Polygon", "coordinates": [[[72.67732349999999, 23.2582012], [72.67740379999998, 23.258197300000003], [72.6774094, 23.2582967], [72.67735319999998, 23.258299400000002], [72.67734999999999, 23.2582428], [72.677326, 23.258243999999994], [72.67732349999999, 23.2582012]]]}}, {"type": "Feature", "properties": {"layer": "building", "distance_m": 216.0, "source": "Microsoft ML Buildings", "in_industrial_zone": false, "ghsl_2018": 1}, "geometry": {"type": "Polygon", "coordinates": [[[72.677372, 23.2580566], [72.6772687, 23.258085099999995], [72.67724089999999, 23.25800020000001], [72.6773443, 23.2579717], [72.677372, 23.2580566]]]}}, {"type": "Feature", "properties": {"layer": "building", "distance_m": 190.4, "source": "Microsoft ML Buildings", "in_industrial_zone": false, "ghsl_2018": 1}, "geometry": {"type": "Polygon", "coordinates": [[[72.6772911, 23.2577441], [72.6772796, 23.257699799999997], [72.6773634, 23.2576815], [72.67737489999999, 23.2577258], [72.6772911, 23.2577441]]]}}, {"type": "Feature", "properties": {"layer": "building", "distance_m": 243.8, "source": "Microsoft ML Buildings", "in_industrial_zone": false, "ghsl_2018": 1}, "geometry": {"type": "Polygon", "coordinates": [[[72.67723759999998, 23.258250500000003], [72.67717999999999, 23.258258799999997], [72.67717259999999, 23.258215499999995], [72.67723019999998, 23.258207199999998], [72.67723759999998, 23.258250500000003]]]}}, {"type": "Feature", "properties": {"layer": "building", "distance_m": 254.9, "source": "Google Open Buildings", "in_industrial_zone": false, "ghsl_2018": 1}, "geometry": {"type": "Polygon", "coordinates": [[[72.67719609999999, 23.2583399], [72.67723489999999, 23.258334200000004], [72.67724049999998, 23.2583669], [72.67720179999999, 23.258372600000005], [72.67719609999999, 23.2583399]]]}}, {"type": "Feature", "properties": {"layer": "building", "distance_m": 138.6, "source": "Microsoft ML Buildings", "in_industrial_zone": false, "ghsl_2018": 1}, "geometry": {"type": "Polygon", "coordinates": [[[72.6771618, 23.2564788], [72.6770648, 23.256470499999995], [72.6770699, 23.2564202], [72.6771669, 23.256428500000002], [72.6771618, 23.2564788]]]}}, {"type": "Feature", "properties": {"layer": "building", "distance_m": 148.5, "source": "Google Open Buildings", "in_industrial_zone": false, "ghsl_2018": 1}, "geometry": {"type": "Polygon", "coordinates": [[[72.6769609, 23.256417599999995], [72.6770635, 23.256413499999997], [72.677065, 23.2564467], [72.6769624, 23.256450800000003], [72.6769609, 23.256417599999995]]]}}, {"type": "Feature", "properties": {"layer": "building", "distance_m": 151.5, "source": "Microsoft ML Buildings", "in_industrial_zone": false, "ghsl_2018": 1}, "geometry": {"type": "Polygon", "coordinates": [[[72.676966, 23.2566073], [72.6769887, 23.2566063], [72.67698409999998, 23.2565178], [72.6770591, 23.2565145], [72.6770678, 23.2566841], [72.67697019999999, 23.256688400000005], [72.676966, 23.2566073]]]}}, {"type": "Feature", "properties": {"layer": "building", "distance_m": 191.6, "source": "Google Open Buildings", "in_industrial_zone": false, "ghsl_2018": 1}, "geometry": {"type": "Polygon", "coordinates": [[[72.6767628, 23.2569115], [72.6768019, 23.256912], [72.67680129999998, 23.256948100000006], [72.67676219999998, 23.256947600000004], [72.6767628, 23.2569115]]]}}, {"type": "Feature", "properties": {"layer": "building", "distance_m": 192.2, "source": "Microsoft ML Buildings", "in_industrial_zone": false, "ghsl_2018": 1}, "geometry": {"type": "Polygon", "coordinates": [[[72.6766914, 23.256794500000005], [72.67674099999999, 23.256796199999997], [72.6767395, 23.256833100000005], [72.67669, 23.256831399999996], [72.6766914, 23.256794500000005]]]}}, {"type": "Feature", "properties": {"layer": "building", "distance_m": 227.9, "source": "Google Open Buildings", "in_industrial_zone": false, "ghsl_2018": 1}, "geometry": {"type": "Polygon", "coordinates": [[[72.67679939999998, 23.257633500000004], [72.67683619999998, 23.257630699999993], [72.67684629999998, 23.257745500000002], [72.67680949999999, 23.257748199999998], [72.67679939999998, 23.257633500000004]]]}}, {"type": "Feature", "properties": {"layer": "building", "distance_m": 449.6, "source": "Microsoft ML Buildings", "in_industrial_zone": false, "ghsl_2018": 1}, "geometry": {"type": "Polygon", "coordinates": [[[72.6771381, 23.260253400000003], [72.677109, 23.2603331], [72.6770535, 23.260316000000003], [72.67708270000001, 23.2602363], [72.6771381, 23.260253400000003]]]}}, {"type": "Feature", "properties": {"layer": "building", "distance_m": 460.5, "source": "Microsoft ML Buildings", "in_industrial_zone": false, "ghsl_2018": 1}, "geometry": {"type": "Polygon", "coordinates": [[[72.6769525, 23.260388900000002], [72.6769534, 23.260386699999994], [72.6768317, 23.2603473], [72.676862, 23.260268400000005], [72.6771435, 23.260359499999996], [72.6771124, 23.260440600000006], [72.6769525, 23.260388900000002]]]}}, {"type": "Feature", "properties": {"layer": "building", "distance_m": 449.1, "source": "Microsoft ML Buildings", "in_industrial_zone": false, "ghsl_2018": 1}, "geometry": {"type": "Polygon", "coordinates": [[[72.6768747, 23.260254099999997], [72.6768879, 23.260189800000003], [72.6770511, 23.260218100000003], [72.6770335, 23.2603038], [72.6769429, 23.260288100000004], [72.6769473, 23.260266699999995], [72.6768747, 23.260254099999997]]]}}, {"type": "Feature", "properties": {"layer": "building", "distance_m": 423.0, "source": "Microsoft ML Buildings", "in_industrial_zone": false, "ghsl_2018": 1}, "geometry": {"type": "Polygon", "coordinates": [[[72.6770273, 23.2599541], [72.6770116, 23.260045500000004], [72.6769514, 23.260036699999997], [72.6769672, 23.2599454], [72.6770273, 23.2599541]]]}}, {"type": "Feature", "properties": {"layer": "building", "distance_m": 436.4, "source": "Microsoft ML Buildings", "in_industrial_zone": false, "ghsl_2018": 1}, "geometry": {"type": "Polygon", "coordinates": [[[72.6768297, 23.2600045], [72.6768175, 23.2600893], [72.6767174, 23.2600772], [72.6767295, 23.259992399999998], [72.6768297, 23.2600045]]]}}, {"type": "Feature", "properties": {"layer": "building", "distance_m": 426.3, "source": "Microsoft ML Buildings", "in_industrial_zone": false, "ghsl_2018": 1}, "geometry": {"type": "Polygon", "coordinates": [[[72.6767245, 23.2598759], [72.6768025, 23.2598911], [72.6767819, 23.259980700000003], [72.6767038, 23.2599655], [72.6767245, 23.2598759]]]}}, {"type": "Feature", "properties": {"layer": "building", "distance_m": 460.7, "source": "Microsoft ML Buildings", "in_industrial_zone": false, "ghsl_2018": 1}, "geometry": {"type": "Polygon", "coordinates": [[[72.6768013, 23.260234100000005], [72.6767744, 23.260320600000004], [72.6765636, 23.260265300000004], [72.6765905, 23.260178699999997], [72.6768013, 23.260234100000005]]]}}, {"type": "Feature", "properties": {"layer": "building", "distance_m": 474.2, "source": "Microsoft ML Buildings", "in_industrial_zone": false, "ghsl_2018": 1}, "geometry": {"type": "Polygon", "coordinates": [[[72.6768114, 23.260474199999994], [72.6768153, 23.2603955], [72.6768795, 23.2603982], [72.6768756, 23.2604769], [72.6768114, 23.260474199999994]]]}}, {"type": "Feature", "properties": {"layer": "building", "distance_m": 474.6, "source": "Microsoft ML Buildings", "in_industrial_zone": false, "ghsl_2018": 1}, "geometry": {"type": "Polygon", "coordinates": [[[72.6768711, 23.260499600000006], [72.6768931, 23.2604237], [72.6770293, 23.260456899999998], [72.6770073, 23.260532899999998], [72.6768711, 23.260499600000006]]]}}, {"type": "Feature", "properties": {"layer": "building", "distance_m": 475.4, "source": "Microsoft ML Buildings", "in_industrial_zone": false, "ghsl_2018": 1}, "geometry": {"type": "Polygon", "coordinates": [[[72.6770992, 23.2605601], [72.6770263, 23.2605401], [72.6770477, 23.2604745], [72.6771206, 23.2604946], [72.6770992, 23.2605601]]]}}, {"type": "Feature", "properties": {"layer": "building", "distance_m": 485.3, "source": "Microsoft ML Buildings", "in_industrial_zone": false, "ghsl_2018": 1}, "geometry": {"type": "Polygon", "coordinates": [[[72.67719280000001, 23.260630100000004], [72.6771481, 23.260676599999996], [72.6771119, 23.2606473], [72.6771565, 23.260600699999998], [72.67719280000001, 23.260630100000004]]]}}, {"type": "Feature", "properties": {"layer": "building", "distance_m": 474.2, "source": "Microsoft ML Buildings", "in_industrial_zone": false, "ghsl_2018": 1}, "geometry": {"type": "Polygon", "coordinates": [[[72.6772241, 23.2606104], [72.677146, 23.260584200000007], [72.6771789, 23.2605016], [72.6772569, 23.260527799999995], [72.6772241, 23.2606104]]]}}, {"type": "Feature", "properties": {"layer": "building", "distance_m": 485.2, "source": "Microsoft ML Buildings", "in_industrial_zone": false, "ghsl_2018": 1}, "geometry": {"type": "Polygon", "coordinates": [[[72.6773068, 23.260747199999997], [72.6772305, 23.26072619999999], [72.6772616, 23.260631200000002], [72.6773378, 23.260652300000007], [72.6773068, 23.260747199999997]]]}}, {"type": "Feature", "properties": {"layer": "building", "distance_m": 461.4, "source": "Microsoft ML Buildings", "in_industrial_zone": false, "ghsl_2018": 1}, "geometry": {"type": "Polygon", "coordinates": [[[72.6775353, 23.260572000000007], [72.67755139999998, 23.260487000000005], [72.6776165, 23.260497399999995], [72.6776003, 23.260582399999993], [72.6775353, 23.260572000000007]]]}}, {"type": "Feature", "properties": {"layer": "building", "distance_m": 422.2, "source": "Microsoft ML Buildings", "in_industrial_zone": false, "ghsl_2018": 1}, "geometry": {"type": "Polygon", "coordinates": [[[72.6774616, 23.260199200000002], [72.67749389999999, 23.2601011], [72.67755779999999, 23.260118799999994], [72.6775255, 23.2602169], [72.6774616, 23.260199200000002]]]}}, {"type": "Feature", "properties": {"layer": "building", "distance_m": 420.8, "source": "Microsoft ML Buildings", "in_industrial_zone": false, "ghsl_2018": 1}, "geometry": {"type": "Polygon", "coordinates": [[[72.6774884, 23.260097399999996], [72.6774423, 23.260199200000002], [72.6773234, 23.2601538], [72.6773695, 23.260051999999998], [72.6774884, 23.260097399999996]]]}}, {"type": "Feature", "properties": {"layer": "building", "distance_m": 450.5, "source": "Microsoft ML Buildings", "in_industrial_zone": false, "ghsl_2018": 1}, "geometry": {"type": "Polygon", "coordinates": [[[72.677346, 23.26032740000001], [72.67732500000001, 23.260395800000005], [72.6772206, 23.2603688], [72.6772416, 23.2603003], [72.677346, 23.26032740000001]]]}}, {"type": "Feature", "properties": {"layer": "building", "distance_m": 424.7, "source": "Microsoft ML Buildings", "in_industrial_zone": false, "ghsl_2018": 1}, "geometry": {"type": "Polygon", "coordinates": [[[72.6772676, 23.2600614], [72.67723540000001, 23.2601342], [72.67701760000001, 23.260053000000003], [72.6770441, 23.259992899999993], [72.6770916, 23.2600106], [72.6770972, 23.25999790000001], [72.6772676, 23.2600614]]]}}, {"type": "Feature", "properties": {"layer": "building", "distance_m": 280.1, "source": "Microsoft ML Buildings", "in_industrial_zone": false, "ghsl_2018": 1}, "geometry": {"type": "Polygon", "coordinates": [[[72.67753399999998, 23.2588577], [72.6775203, 23.258822899999995], [72.67762699999999, 23.2587874], [72.67764409999998, 23.2588309], [72.67760489999999, 23.258844], [72.67762199999999, 23.2588876], [72.67750249999999, 23.258927399999997], [72.67748179999998, 23.258875100000004], [72.67753399999998, 23.2588577]]]}}, {"type": "Feature", "properties": {"layer": "building", "distance_m": 265.7, "source": "Microsoft ML Buildings", "in_industrial_zone": false, "ghsl_2018": 1}, "geometry": {"type": "Polygon", "coordinates": [[[72.67767029999999, 23.2588183], [72.67766729999998, 23.258766699999995], [72.67762179999998, 23.258769], [72.6776175, 23.2586953], [72.67774199999998, 23.2586891], [72.67774939999998, 23.258814400000002], [72.67767029999999, 23.2588183]]]}}, {"type": "Feature", "properties": {"layer": "building", "distance_m": 296.2, "source": "Microsoft ML Buildings", "in_industrial_zone": false, "ghsl_2018": 1}, "geometry": {"type": "Polygon", "coordinates": [[[72.67755599999998, 23.259057499999997], [72.677536, 23.258971699999996], [72.67764639999999, 23.2589501], [72.67766629999998, 23.259035900000004], [72.67755599999998, 23.259057499999997]]]}}, {"type": "Feature", "properties": {"layer": "building", "distance_m": 323.6, "source": "Microsoft ML Buildings", "in_industrial_zone": false, "ghsl_2018": 1}, "geometry": {"type": "Polygon", "coordinates": [[[72.6776698, 23.259291899999997], [72.6776521, 23.2592516], [72.6777076, 23.2592311], [72.6777252, 23.259271400000006], [72.6776698, 23.259291899999997]]]}}, {"type": "Feature", "properties": {"layer": "building", "distance_m": 312.7, "source": "Microsoft ML Buildings", "in_industrial_zone": false, "ghsl_2018": 1}, "geometry": {"type": "Polygon", "coordinates": [[[72.67761359999999, 23.259160899999998], [72.67774919999998, 23.259139699999995], [72.67775809999999, 23.259187600000004], [72.67762249999998, 23.2592088], [72.67761359999999, 23.259160899999998]]]}}, {"type": "Feature", "properties": {"layer": "building", "distance_m": 308.5, "source": "Google Open Buildings", "in_industrial_zone": false, "ghsl_2018": 1}, "geometry": {"type": "Polygon", "coordinates": [[[72.6776694, 23.2590758], [72.67768009999999, 23.259118], [72.67763309999998, 23.259128199999996], [72.67762229999998, 23.259086], [72.6776694, 23.2590758]]]}}, {"type": "Feature", "properties": {"layer": "building", "distance_m": 300.9, "source": "Microsoft ML Buildings", "in_industrial_zone": false, "ghsl_2018": 1}, "geometry": {"type": "Polygon", "coordinates": [[[72.67773179999999, 23.2591026], [72.6778707, 23.2590621], [72.67789429999999, 23.259130299999995], [72.67775539999998, 23.259170800000003], [72.67773179999999, 23.2591026]]]}}, {"type": "Feature", "properties": {"layer": "building", "distance_m": 291.6, "source": "Microsoft ML Buildings", "in_industrial_zone": false, "ghsl_2018": 1}, "geometry": {"type": "Polygon", "coordinates": [[[72.67785979999998, 23.259069200000003], [72.67772969999999, 23.259081300000002], [72.67772209999998, 23.259012999999992], [72.677677, 23.259017299999996], [72.67767079999999, 23.25896120000001], [72.67778499999999, 23.2589505], [72.67779209999999, 23.259015], [72.67785309999998, 23.259009300000006], [72.67785979999998, 23.259069200000003]]]}}, {"type": "Feature", "properties": {"layer": "building", "distance_m": 281.3, "source": "Google Open Buildings", "in_industrial_zone": false, "ghsl_2018": 1}, "geometry": {"type": "Polygon", "coordinates": [[[72.6777796, 23.2588507], [72.6777879, 23.2588893], [72.67770729999998, 23.2589041], [72.67769899999999, 23.258865500000002], [72.6777796, 23.2588507]]]}}, {"type": "Feature", "properties": {"layer": "building", "distance_m": 217.4, "source": "Microsoft ML Buildings", "in_industrial_zone": false, "ghsl_2018": 1}, "geometry": {"type": "Polygon", "coordinates": [[[72.6777394, 23.258409699999998], [72.67778359999998, 23.258399900000004], [72.67776309999999, 23.258321799999994], [72.6779243, 23.2582862], [72.67800779999999, 23.258605300000006], [72.6778492, 23.2586403], [72.67783819999998, 23.2585984], [72.67791939999998, 23.258580500000015], [72.6779099, 23.258544499999996], [72.677853, 23.258557100000008], [72.67783619999999, 23.2584929], [72.67776519999998, 23.2585086], [72.6777394, 23.258409699999998]]]}}, {"type": "Feature", "properties": {"layer": "building", "distance_m": 251.9, "source": "Google Open Buildings", "in_industrial_zone": false, "ghsl_2018": 1}, "geometry": {"type": "Polygon", "coordinates": [[[72.6779505, 23.258622999999996], [72.6779586, 23.258659799999997], [72.67787489999999, 23.2586755], [72.67786679999999, 23.258638700000006], [72.6779505, 23.258622999999996]]]}}, {"type": "Feature", "properties": {"layer": "building", "distance_m": 249.7, "source": "Google Open Buildings", "in_industrial_zone": false, "ghsl_2018": 1}, "geometry": {"type": "Polygon", "coordinates": [[[72.6780026, 23.258615300000002], [72.67801260000002, 23.258645099999995], [72.67796489999999, 23.258658699999998], [72.677955, 23.258628899999994], [72.6780026, 23.258615300000002]]]}}, {"type": "Feature", "properties": {"layer": "building", "distance_m": 318.4, "source": "Google Open Buildings", "in_industrial_zone": false, "ghsl_2018": 1}, "geometry": {"type": "Polygon", "coordinates": [[[72.67795639999999, 23.259244899999995], [72.67796659999999, 23.259286800000005], [72.67791599999998, 23.259297299999997], [72.67790579999999, 23.259255400000004], [72.67795639999999, 23.259244899999995]]]}}, {"type": "Feature", "properties": {"layer": "building", "distance_m": 311.7, "source": "Microsoft ML Buildings", "in_industrial_zone": false, "ghsl_2018": 1}, "geometry": {"type": "Polygon", "coordinates": [[[72.67785959999999, 23.259186400000004], [72.6779213, 23.2591747], [72.67793569999999, 23.259238400000005], [72.67787399999999, 23.259250200000004], [72.67785959999999, 23.259186400000004]]]}}, {"type": "Feature", "properties": {"layer": "building", "distance_m": 440.6, "source": "Google Open Buildings", "in_industrial_zone": false, "ghsl_2018": 1}, "geometry": {"type": "Polygon", "coordinates": [[[72.67798329999998, 23.2603725], [72.67801279999999, 23.260380100000003], [72.6780013, 23.260418499999997], [72.67797179999998, 23.260410899999993], [72.67798329999998, 23.2603725]]]}}, {"type": "Feature", "properties": {"layer": "building", "distance_m": 425.6, "source": "Google Open Buildings", "in_industrial_zone": false, "ghsl_2018": 1}, "geometry": {"type": "Polygon", "coordinates": [[[72.67790079999999, 23.260222399999996], [72.6779736, 23.260241499999996], [72.67793949999998, 23.260352300000005], [72.6778667, 23.260333199999998], [72.67790079999999, 23.260222399999996]]]}}, {"type": "Feature", "properties": {"layer": "building", "distance_m": 420.2, "source": "Microsoft ML Buildings", "in_industrial_zone": false, "ghsl_2018": 1}, "geometry": {"type": "Polygon", "coordinates": [[[72.67775959999999, 23.260294299999998], [72.67765109999999, 23.260260800000005], [72.67769799999999, 23.26013239999999], [72.67780649999999, 23.2601658], [72.67775959999999, 23.260294299999998]]]}}, {"type": "Feature", "properties": {"layer": "building", "distance_m": 380.7, "source": "Google Open Buildings", "in_industrial_zone": false, "ghsl_2018": 1}, "geometry": {"type": "Polygon", "coordinates": [[[72.67768149999999, 23.2597606], [72.67772499999998, 23.259784100000005], [72.67770409999999, 23.259817], [72.67766069999999, 23.259793400000007], [72.67768149999999, 23.2597606]]]}}, {"type": "Feature", "properties": {"layer": "building", "distance_m": 391.6, "source": "Google Open Buildings", "in_industrial_zone": false, "ghsl_2018": 1}, "geometry": {"type": "Polygon", "coordinates": [[[72.67767509999999, 23.259860900000003], [72.67771009999998, 23.259871199999996], [72.67770069999999, 23.2598984], [72.67766569999999, 23.2598882], [72.67767509999999, 23.259860900000003]]]}}, {"type": "Feature", "properties": {"layer": "building", "distance_m": 449.9, "source": "Microsoft ML Buildings", "in_industrial_zone": false, "ghsl_2018": 1}, "geometry": {"type": "Polygon", "coordinates": [[[72.67768899999999, 23.260515299999998], [72.6775586, 23.2604741], [72.677592, 23.260385], [72.6777224, 23.260426199999994], [72.67768899999999, 23.260515299999998]]]}}, {"type": "Feature", "properties": {"layer": "building", "distance_m": 462.0, "source": "Microsoft ML Buildings", "in_industrial_zone": false, "ghsl_2018": 1}, "geometry": {"type": "Polygon", "coordinates": [[[72.6776423, 23.2605822], [72.67760630000001, 23.260575299999992], [72.6776224, 23.260504499999996], [72.67765839999998, 23.260511399999988], [72.6776423, 23.2605822]]]}}, {"type": "Feature", "properties": {"layer": "building", "distance_m": 481.2, "source": "Microsoft ML Buildings", "in_industrial_zone": false, "ghsl_2018": 1}, "geometry": {"type": "Polygon", "coordinates": [[[72.6776847, 23.260701200000003], [72.6776688, 23.260751199999998], [72.6775541, 23.260720499999998], [72.67757, 23.2606705], [72.6776847, 23.260701200000003]]]}}, {"type": "Feature", "properties": {"layer": "building", "distance_m": 453.6, "source": "Microsoft ML Buildings", "in_industrial_zone": false, "ghsl_2018": 1}, "geometry": {"type": "Polygon", "coordinates": [[[72.67772619999998, 23.2605363], [72.67774589999999, 23.26045139999999], [72.67788449999999, 23.2604785], [72.67786479999998, 23.260563399999995], [72.67772619999998, 23.2605363]]]}}, {"type": "Feature", "properties": {"layer": "building", "distance_m": 463.4, "source": "Microsoft ML Buildings", "in_industrial_zone": false, "ghsl_2018": 1}, "geometry": {"type": "Polygon", "coordinates": [[[72.67779659999998, 23.260620699999997], [72.677714, 23.260602300000002], [72.67773059999999, 23.260539500000004], [72.67781319999999, 23.260557900000006], [72.67779659999998, 23.260620699999997]]]}}, {"type": "Feature", "properties": {"layer": "building", "distance_m": 479.8, "source": "Google Open Buildings", "in_industrial_zone": false, "ghsl_2018": 0}, "geometry": {"type": "Polygon", "coordinates": [[[72.67799959999999, 23.260732500000003], [72.67807449999998, 23.261113299999995], [72.67788909999999, 23.261144399999996], [72.67785049999999, 23.260947999999996], [72.6779406, 23.260932900000004], [72.67792369999998, 23.260846800000003], [72.67783359999999, 23.260862000000003], [72.67781419999999, 23.260763600000004], [72.67799959999999, 23.260732500000003]]]}}, {"type": "Feature", "properties": {"layer": "building", "distance_m": 447.0, "source": "Microsoft ML Buildings", "in_industrial_zone": false, "ghsl_2018": 1}, "geometry": {"type": "Polygon", "coordinates": [[[72.67829149999999, 23.2605598], [72.67823529999998, 23.26052410000001], [72.67828049999999, 23.260464099999993], [72.6783367, 23.260499799999998], [72.67829149999999, 23.2605598]]]}}, {"type": "Feature", "properties": {"layer": "building", "distance_m": 465.9, "source": "Google Open Buildings", "in_industrial_zone": false, "ghsl_2018": 0}, "geometry": {"type": "Polygon", "coordinates": [[[72.67827869999999, 23.260635599999997], [72.67830909999999, 23.260823699999996], [72.67806879999999, 23.2608569], [72.6780383, 23.2606688], [72.67827869999999, 23.260635599999997]]]}}, {"type": "Feature", "properties": {"layer": "building", "distance_m": 492.5, "source": "Google Open Buildings", "in_industrial_zone": false, "ghsl_2018": 0}, "geometry": {"type": "Polygon", "coordinates": [[[72.67833139999999, 23.260880399999998], [72.67836549999998, 23.261068100000003], [72.67811779999998, 23.261106500000004], [72.6780837, 23.260918799999995], [72.67833139999999, 23.260880399999998]]]}}, {"type": "Feature", "properties": {"layer": "building", "distance_m": 358.7, "source": "Microsoft ML Buildings", "in_industrial_zone": false, "ghsl_2018": 1}, "geometry": {"type": "Polygon", "coordinates": [[[72.6782777, 23.2596797], [72.6783437, 23.2596689], [72.6783907, 23.259911399999996], [72.67832469999999, 23.259922300000003], [72.6782777, 23.2596797]]]}}, {"type": "Feature", "properties": {"layer": "building", "distance_m": 434.3, "source": "Microsoft ML Buildings", "in_industrial_zone": false, "ghsl_2018": 1}, "geometry": {"type": "Polygon", "coordinates": [[[72.67802729999998, 23.2603783], [72.67804679999999, 23.260323999999994], [72.67817749999999, 23.260363599999998], [72.678158, 23.260417899999997], [72.67802729999998, 23.2603783]]]}}, {"type": "Feature", "properties": {"layer": "building", "distance_m": 287.6, "source": "Microsoft ML Buildings", "in_industrial_zone": false, "ghsl_2018": 1}, "geometry": {"type": "Polygon", "coordinates": [[[72.6781543, 23.259027899999996], [72.678097, 23.259030699999997], [72.6780952, 23.2590012], [72.6781526, 23.2589984], [72.6781543, 23.259027899999996]]]}}, {"type": "Feature", "properties": {"layer": "building", "distance_m": 291.5, "source": "Google Open Buildings", "in_industrial_zone": false, "ghsl_2018": 1}, "geometry": {"type": "Polygon", "coordinates": [[[72.6781334, 23.2590349], [72.678167, 23.2590361], [72.67816559999999, 23.259067700000006], [72.67813209999998, 23.259066500000003], [72.6781334, 23.2590349]]]}}, {"type": "Feature", "properties": {"layer": "building", "distance_m": 221.1, "source": "Google Open Buildings", "in_industrial_zone": false, "ghsl_2018": 1}, "geometry": {"type": "Polygon", "coordinates": [[[72.6781711, 23.2584099], [72.6782407, 23.258402500000003], [72.67825490000001, 23.258517500000004], [72.6782193, 23.2585213], [72.6782109, 23.25845320000001], [72.6781769, 23.258456800000005], [72.6781711, 23.2584099]]]}}, {"type": "Feature", "properties": {"layer": "building", "distance_m": 257.7, "source": "Microsoft ML Buildings", "in_industrial_zone": false, "ghsl_2018": 1}, "geometry": {"type": "Polygon", "coordinates": [[[72.6782005, 23.2587678], [72.6782935, 23.258745700000002], [72.6783143, 23.258819600000002], [72.6782213, 23.258841699999998], [72.6782005, 23.2587678]]]}}, {"type": "Feature", "properties": {"layer": "building", "distance_m": 237.0, "source": "Microsoft ML Buildings", "in_industrial_zone": false, "ghsl_2018": 1}, "geometry": {"type": "Polygon", "coordinates": [[[72.6782424, 23.258587899999995], [72.6782891, 23.258556099999996], [72.678307, 23.258578299999996], [72.6782274, 23.258632500000004], [72.6781979, 23.258596000000004], [72.6782308, 23.258573600000002], [72.6782424, 23.258587899999995]]]}}, {"type": "Feature", "properties": {"layer": "building", "distance_m": 218.4, "source": "Google Open Buildings", "in_industrial_zone": false, "ghsl_2018": 1}, "geometry": {"type": "Polygon", "coordinates": [[[72.6782923, 23.258386100000003], [72.67831760000001, 23.258506000000004], [72.6782637, 23.258515700000007], [72.6782384, 23.2583958], [72.6782923, 23.258386100000003]]]}}, {"type": "Feature", "properties": {"layer": "building", "distance_m": 217.1, "source": "Microsoft ML Buildings", "in_industrial_zone": false, "ghsl_2018": 1}, "geometry": {"type": "Polygon", "coordinates": [[[72.678306, 23.258398], [72.6783988, 23.25838870000001], [72.6784123, 23.258501999999993], [72.6783196, 23.258511399999996], [72.678306, 23.258398]]]}}, {"type": "Feature", "properties": {"layer": "building", "distance_m": 230.8, "source": "Microsoft ML Buildings", "in_industrial_zone": false, "ghsl_2018": 1}, "geometry": {"type": "Polygon", "coordinates": [[[72.6783493, 23.258591800000005], [72.6783317, 23.258540200000006], [72.6784172, 23.258515600000003], [72.6784348, 23.258567200000005], [72.6783493, 23.258591800000005]]]}}, {"type": "Feature", "properties": {"layer": "building", "distance_m": 263.8, "source": "Microsoft ML Buildings", "in_industrial_zone": false, "ghsl_2018": 1}, "geometry": {"type": "Polygon", "coordinates": [[[72.6783378, 23.2589128], [72.6783163, 23.258823499999995], [72.6783777, 23.258811100000003], [72.6783992, 23.2589003], [72.6783378, 23.2589128]]]}}, {"type": "Feature", "properties": {"layer": "building", "distance_m": 256.9, "source": "Microsoft ML Buildings", "in_industrial_zone": false, "ghsl_2018": 1}, "geometry": {"type": "Polygon", "coordinates": [[[72.6783586, 23.258812799999998], [72.6783165, 23.2588182], [72.6783061, 23.258750600000003], [72.6783482, 23.258745100000002], [72.6783586, 23.258812799999998]]]}}, {"type": "Feature", "properties": {"layer": "building", "distance_m": 277.5, "source": "Microsoft ML Buildings", "in_industrial_zone": false, "ghsl_2018": 1}, "geometry": {"type": "Polygon", "coordinates": [[[72.67823560000001, 23.259008900000005], [72.6782248, 23.2589489], [72.6783371, 23.258931899999997], [72.6783479, 23.258991900000012], [72.67823560000001, 23.259008900000005]]]}}, {"type": "Feature", "properties": {"layer": "building", "distance_m": 295.6, "source": "Microsoft ML Buildings", "in_industrial_zone": false, "ghsl_2018": 1}, "geometry": {"type": "Polygon", "coordinates": [[[72.6783003, 23.259165900000003], [72.6782904, 23.259095600000002], [72.6783115, 23.2590931], [72.6783214, 23.2591634], [72.6783003, 23.259165900000003]]]}}, {"type": "Feature", "properties": {"layer": "building", "distance_m": 292.4, "source": "Microsoft ML Buildings", "in_industrial_zone": false, "ghsl_2018": 1}, "geometry": {"type": "Polygon", "coordinates": [[[72.6783206, 23.259079200000002], [72.6784235, 23.25907440000001], [72.6784279, 23.2591544], [72.6783251, 23.2591592], [72.6783206, 23.259079200000002]]]}}, {"type": "Feature", "properties": {"layer": "building", "distance_m": 274.1, "source": "Microsoft ML Buildings", "in_industrial_zone": false, "ghsl_2018": 1}, "geometry": {"type": "Polygon", "coordinates": [[[72.6783463, 23.258918000000005], [72.6783921, 23.258906099999997], [72.6784005, 23.2589335], [72.6783548, 23.2589454], [72.6783463, 23.258918000000005]]]}}, {"type": "Feature", "properties": {"layer": "building", "distance_m": 277.5, "source": "Microsoft ML Buildings", "in_industrial_zone": false, "ghsl_2018": 1}, "geometry": {"type": "Polygon", "coordinates": [[[72.6783461, 23.258951699999994], [72.6784101, 23.258938899999997], [72.6784193, 23.258977600000012], [72.6783553, 23.2589904], [72.6783461, 23.258951699999994]]]}}, {"type": "Feature", "properties": {"layer": "building", "distance_m": 309.2, "source": "Microsoft ML Buildings", "in_industrial_zone": false, "ghsl_2018": 1}, "geometry": {"type": "Polygon", "coordinates": [[[72.6784082, 23.259331000000003], [72.6783986, 23.259243200000004], [72.678517, 23.25923230000002], [72.6785481, 23.2595178], [72.6784339, 23.2595283], [72.6784223, 23.259422], [72.6784037, 23.2594238], [72.6783938, 23.259332399999998], [72.6784082, 23.259331000000003]]]}}, {"type": "Feature", "properties": {"layer": "building", "distance_m": 241.1, "source": "Google Open Buildings", "in_industrial_zone": false, "ghsl_2018": 1}, "geometry": {"type": "Polygon", "coordinates": [[[72.6784693, 23.258621899999998], [72.6785146, 23.2586166], [72.678522, 23.2586707], [72.6784768, 23.258676], [72.6784693, 23.258621899999998]]]}}, {"type": "Feature", "properties": {"layer": "building", "distance_m": 248.4, "source": "Microsoft ML Buildings", "in_industrial_zone": false, "ghsl_2018": 1}, "geometry": {"type": "Polygon", "coordinates": [[[72.6785172, 23.258867000000002], [72.6784279, 23.258872600000007], [72.6784143, 23.258687499999997], [72.6785036, 23.258681900000006], [72.6785172, 23.258867000000002]]]}}, {"type": "Feature", "properties": {"layer": "building", "distance_m": 215.2, "source": "Microsoft ML Buildings", "in_industrial_zone": false, "ghsl_2018": 1}, "geometry": {"type": "Polygon", "coordinates": [[[72.6784945, 23.258511499999997], [72.6784336, 23.2585248], [72.6783969, 23.2583837], [72.678435, 23.258375299999997], [72.6784462, 23.258418599999995], [72.67846910000002, 23.2584136], [72.6784945, 23.258511499999997]]]}}, {"type": "Feature", "properties": {"layer": "building", "distance_m": 209.3, "source": "Microsoft ML Buildings", "in_industrial_zone": false, "ghsl_2018": 1}, "geometry": {"type": "Polygon", "coordinates": [[[72.6784433, 23.25837350000001], [72.6783295, 23.258385699999998], [72.678323, 23.25833460000001], [72.6784368, 23.258322499999995], [72.6784433, 23.25837350000001]]]}}, {"type": "Feature", "properties": {"layer": "building", "distance_m": 185.5, "source": "Google Open Buildings", "in_industrial_zone": false, "ghsl_2018": 1}, "geometry": {"type": "Polygon", "coordinates": [[[72.6784037, 23.258101500000006], [72.6784189, 23.258182800000004], [72.6782946, 23.258202600000004], [72.67827940000001, 23.258121299999996], [72.6784037, 23.258101500000006]]]}}, {"type": "Feature", "properties": {"layer": "building", "distance_m": 199.6, "source": "Microsoft ML Buildings", "in_industrial_zone": false, "ghsl_2018": 1}, "geometry": {"type": "Polygon", "coordinates": [[[72.6783224, 23.2582863], [72.6783174, 23.258237499999993], [72.6783998, 23.258230299999997], [72.6784048, 23.258279199999997], [72.6783224, 23.2582863]]]}}, {"type": "Feature", "properties": {"layer": "building", "distance_m": 180.6, "source": "Google Open Buildings", "in_industrial_zone": false, "ghsl_2018": 1}, "geometry": {"type": "Polygon", "coordinates": [[[72.6783077, 23.258057499999996], [72.6783506, 23.2580491], [72.6783588, 23.2580848], [72.6783158, 23.258093199999998], [72.6783077, 23.258057499999996]]]}}, {"type": "Feature", "properties": {"layer": "building", "distance_m": 20.9, "source": "Microsoft ML Buildings", "in_industrial_zone": false, "ghsl_2018": 1}, "geometry": {"type": "Polygon", "coordinates": [[[72.6784706, 23.256692499999996], [72.6784672, 23.25661239999999], [72.6785569, 23.2566092], [72.6785603, 23.25668930000001], [72.6784706, 23.256692499999996]]]}}, {"type": "Feature", "properties": {"layer": "building", "distance_m": 26.4, "source": "Microsoft ML Buildings", "in_industrial_zone": false, "ghsl_2018": 1}, "geometry": {"type": "Polygon", "coordinates": [[[72.6784059, 23.2566276], [72.6784088, 23.256601900000007], [72.6784672, 23.256607400000004], [72.6784643, 23.2566331], [72.6784059, 23.2566276]]]}}, {"type": "Feature", "properties": {"layer": "building", "distance_m": 32.3, "source": "Microsoft ML Buildings", "in_industrial_zone": false, "ghsl_2018": 1}, "geometry": {"type": "Polygon", "coordinates": [[[72.6783377, 23.256617299999988], [72.6782534, 23.256620500000004], [72.6782483, 23.2565099], [72.6783326, 23.256506599999998], [72.6783377, 23.256617299999988]]]}}, {"type": "Feature", "properties": {"layer": "building", "distance_m": 46.4, "source": "Microsoft ML Buildings", "in_industrial_zone": false, "ghsl_2018": 1}, "geometry": {"type": "Polygon", "coordinates": [[[72.6783681, 23.256900899999998], [72.6782877, 23.2568991], [72.678291, 23.2567686], [72.6783715, 23.256770300000003], [72.6783681, 23.256900899999998]]]}}, {"type": "Feature", "properties": {"layer": "building", "distance_m": 38.2, "source": "Microsoft ML Buildings", "in_industrial_zone": false, "ghsl_2018": 1}, "geometry": {"type": "Polygon", "coordinates": [[[72.6783536, 23.256752299999995], [72.678217, 23.2567572], [72.6782149, 23.256707999999996], [72.6782605, 23.2567063], [72.678259, 23.256671900000004], [72.6783715, 23.2566679], [72.6783735, 23.256714600000002], [72.678352, 23.256715399999997], [72.6783536, 23.256752299999995]]]}}, {"type": "Feature", "properties": {"layer": "building", "distance_m": 60.0, "source": "Google Open Buildings", "in_industrial_zone": false, "ghsl_2018": 1}, "geometry": {"type": "Polygon", "coordinates": [[[72.6783818, 23.2569228], [72.6783959, 23.2569653], [72.6783555, 23.25697670000001], [72.6783414, 23.256934300000005], [72.6783818, 23.2569228]]]}}, {"type": "Feature", "properties": {"layer": "building", "distance_m": 63.3, "source": "Google Open Buildings", "in_industrial_zone": false, "ghsl_2018": 1}, "geometry": {"type": "Polygon", "coordinates": [[[72.6784018, 23.256964999999997], [72.67842650000001, 23.257006099999998], [72.6783604, 23.257040099999998], [72.67833570000002, 23.256999], [72.6784018, 23.256964999999997]]]}}, {"type": "Feature", "properties": {"layer": "building", "distance_m": 83.4, "source": "Google Open Buildings", "in_industrial_zone": false, "ghsl_2018": 1}, "geometry": {"type": "Polygon", "coordinates": [[[72.6782576, 23.257100400000002], [72.6782812, 23.257164400000008], [72.6781681, 23.2572001], [72.6781444, 23.257136100000004], [72.6782576, 23.257100400000002]]]}}, {"type": "Feature", "properties": {"layer": "building", "distance_m": 57.2, "source": "Microsoft ML Buildings", "in_industrial_zone": false, "ghsl_2018": 1}, "geometry": {"type": "Polygon", "coordinates": [[[72.6781808, 23.256986399999995], [72.6781748, 23.256831299999998], [72.678282, 23.256827800000007], [72.678288, 23.256982899999997], [72.6781808, 23.256986399999995]]]}}, {"type": "Feature", "properties": {"layer": "building", "distance_m": 52.6, "source": "Microsoft ML Buildings", "in_industrial_zone": false, "ghsl_2018": 1}, "geometry": {"type": "Polygon", "coordinates": [[[72.6781936, 23.2567659], [72.6782793, 23.256768], [72.6782777, 23.256824700000003], [72.6781919, 23.2568226], [72.6781936, 23.2567659]]]}}, {"type": "Feature", "properties": {"layer": "building", "distance_m": 33.5, "source": "Google Open Buildings", "in_industrial_zone": false, "ghsl_2018": 1}, "geometry": {"type": "Polygon", "coordinates": [[[72.6781431, 23.2563201], [72.678223, 23.256344000000006], [72.6781975, 23.256417], [72.6781175, 23.25639320000001], [72.6781431, 23.2563201]]]}}, {"type": "Feature", "properties": {"layer": "building", "distance_m": 40.8, "source": "Google Open Buildings", "in_industrial_zone": false, "ghsl_2018": 1}, "geometry": {"type": "Polygon", "coordinates": [[[72.6781606, 23.256437599999998], [72.6782039, 23.256448700000004], [72.6781839, 23.2565154], [72.6781406, 23.256504400000004], [72.6781606, 23.256437599999998]]]}}, {"type": "Feature", "properties": {"layer": "building", "distance_m": 45.8, "source": "Google Open Buildings", "in_industrial_zone": false, "ghsl_2018": 1}, "geometry": {"type": "Polygon", "coordinates": [[[72.6781711, 23.2565381], [72.6782026, 23.256541200000004], [72.6781971, 23.2565885], [72.6781657, 23.256585300000005], [72.6781711, 23.2565381]]]}}, {"type": "Feature", "properties": {"layer": "building", "distance_m": 48.2, "source": "Google Open Buildings", "in_industrial_zone": false, "ghsl_2018": 1}, "geometry": {"type": "Polygon", "coordinates": [[[72.6781534, 23.256578800000003], [72.6782002, 23.256581899999993], [72.6781975, 23.256616300000005], [72.6781507, 23.2566131], [72.6781534, 23.256578800000003]]]}}, {"type": "Feature", "properties": {"layer": "building", "distance_m": 61.3, "source": "Google Open Buildings", "in_industrial_zone": false, "ghsl_2018": 1}, "geometry": {"type": "Polygon", "coordinates": [[[72.6781094, 23.256731100000003], [72.6781436, 23.256731600000002], [72.6781431, 23.256763700000004], [72.6781089, 23.256763199999998], [72.6781094, 23.256731100000003]]]}}, {"type": "Feature", "properties": {"layer": "building", "distance_m": 60.9, "source": "Microsoft ML Buildings", "in_industrial_zone": false, "ghsl_2018": 1}, "geometry": {"type": "Polygon", "coordinates": [[[72.677948, 23.2568192], [72.6779443, 23.256735599999992], [72.6780876, 23.256730300000005], [72.6780892, 23.2567661], [72.6781708, 23.256763099999997], [72.6781729, 23.256810899999998], [72.677948, 23.2568192]]]}}, {"type": "Feature", "properties": {"layer": "building", "distance_m": 72.1, "source": "Google Open Buildings", "in_industrial_zone": false, "ghsl_2018": 1}, "geometry": {"type": "Polygon", "coordinates": [[[72.6780792, 23.256897999999996], [72.6781389, 23.25688690000001], [72.6781624, 23.256995000000007], [72.6781026, 23.257006100000005], [72.6780792, 23.256897999999996]]]}}, {"type": "Feature", "properties": {"layer": "building", "distance_m": 74.1, "source": "Microsoft ML Buildings", "in_industrial_zone": false, "ghsl_2018": 1}, "geometry": {"type": "Polygon", "coordinates": [[[72.6783102, 23.2570789], [72.6781139, 23.257137799999995], [72.6781226, 23.2571623], [72.6780402, 23.2571871], [72.6780109, 23.2571047], [72.6782896, 23.257020999999998], [72.6783102, 23.2570789]]]}}, {"type": "Feature", "properties": {"layer": "building", "distance_m": 148.7, "source": "Google Open Buildings", "in_industrial_zone": false, "ghsl_2018": 1}, "geometry": {"type": "Polygon", "coordinates": [[[72.6781366, 23.2576981], [72.6781776, 23.257711500000003], [72.67816410000002, 23.257746899999997], [72.6781231, 23.257733500000004], [72.6781366, 23.2576981]]]}}, {"type": "Feature", "properties": {"layer": "building", "distance_m": 178.4, "source": "Google Open Buildings", "in_industrial_zone": false, "ghsl_2018": 1}, "geometry": {"type": "Polygon", "coordinates": [[[72.67825490000001, 23.258011400000004], [72.6782662, 23.258060000000004], [72.6780998, 23.2580927], [72.6780886, 23.258044099999996], [72.67825490000001, 23.258011400000004]]]}}, {"type": "Feature", "properties": {"layer": "building", "distance_m": 182.9, "source": "Google Open Buildings", "in_industrial_zone": false, "ghsl_2018": 1}, "geometry": {"type": "Polygon", "coordinates": [[[72.6783056, 23.2580625], [72.6783162, 23.258114999999997], [72.6781617, 23.2581416], [72.6781511, 23.258089100000003], [72.6783056, 23.2580625]]]}}, {"type": "Feature", "properties": {"layer": "building", "distance_m": 191.5, "source": "Google Open Buildings", "in_industrial_zone": false, "ghsl_2018": 1}, "geometry": {"type": "Polygon", "coordinates": [[[72.6781622, 23.25814], [72.6782347, 23.2581284], [72.6782499, 23.258209800000003], [72.6782194, 23.2582146], [72.6782145, 23.258188500000003], [72.6781725, 23.2581951], [72.6781622, 23.25814]]]}}, {"type": "Feature", "properties": {"layer": "building", "distance_m": 204.6, "source": "Microsoft ML Buildings", "in_industrial_zone": false, "ghsl_2018": 1}, "geometry": {"type": "Polygon", "coordinates": [[[72.6781955, 23.258399800000003], [72.6781378, 23.258407799999993], [72.6781149, 23.258269400000003], [72.6782446, 23.2582513], [72.6782672, 23.258388600000004], [72.6781953, 23.258398700000004], [72.6781955, 23.258399800000003]]]}}, {"type": "Feature", "properties": {"layer": "building", "distance_m": 169.9, "source": "Microsoft ML Buildings", "in_industrial_zone": false, "ghsl_2018": 1}, "geometry": {"type": "Polygon", "coordinates": [[[72.6781161, 23.2579765], [72.6781145, 23.257927199999997], [72.6782216, 23.2579242], [72.6782233, 23.2579734], [72.6781161, 23.2579765]]]}}, {"type": "Feature", "properties": {"layer": "building", "distance_m": 186.4, "source": "Google Open Buildings", "in_industrial_zone": false, "ghsl_2018": 1}, "geometry": {"type": "Polygon", "coordinates": [[[72.6780285, 23.258023600000012], [72.67803, 23.258054399999995], [72.6779693, 23.2580579], [72.6779677, 23.2580262], [72.6780285, 23.258023600000012]]]}}, {"type": "Feature", "properties": {"layer": "building", "distance_m": 168.8, "source": "Microsoft ML Buildings", "in_industrial_zone": false, "ghsl_2018": 1}, "geometry": {"type": "Polygon", "coordinates": [[[72.6779871, 23.257875000000002], [72.6780682, 23.257867500000003], [72.6780787, 23.2579626], [72.6779976, 23.257970100000005], [72.6779871, 23.257875000000002]]]}}, {"type": "Feature", "properties": {"layer": "building", "distance_m": 159.9, "source": "Microsoft ML Buildings", "in_industrial_zone": false, "ghsl_2018": 1}, "geometry": {"type": "Polygon", "coordinates": [[[72.6780757, 23.257829800000003], [72.6779802, 23.2578125], [72.6779893, 23.257769799999995], [72.6780849, 23.2577871], [72.6780757, 23.257829800000003]]]}}, {"type": "Feature", "properties": {"layer": "building", "distance_m": 166.8, "source": "Microsoft ML Buildings", "in_industrial_zone": false, "ghsl_2018": 1}, "geometry": {"type": "Polygon", "coordinates": [[[72.6780219, 23.2578621], [72.6779743, 23.257856900000004], [72.677978, 23.2578278], [72.6780256, 23.257833], [72.6780219, 23.2578621]]]}}, {"type": "Feature", "properties": {"layer": "building", "distance_m": 125.6, "source": "Google Open Buildings", "in_industrial_zone": false, "ghsl_2018": 1}, "geometry": {"type": "Polygon", "coordinates": [[[72.6779441, 23.25736759999999], [72.6779698, 23.257398800000008], [72.6779384, 23.2574209], [72.6779126, 23.257389700000008], [72.6779441, 23.25736759999999]]]}}, {"type": "Feature", "properties": {"layer": "building", "distance_m": 182.1, "source": "Google Open Buildings", "in_industrial_zone": false, "ghsl_2018": 1}, "geometry": {"type": "Polygon", "coordinates": [[[72.6778446, 23.257955499999998], [72.6779333, 23.257946599999993], [72.677941, 23.258011900000003], [72.6778523, 23.2580209], [72.6778446, 23.257955499999998]]]}}, {"type": "Feature", "properties": {"layer": "building", "distance_m": 192.8, "source": "Google Open Buildings", "in_industrial_zone": false, "ghsl_2018": 1}, "geometry": {"type": "Polygon", "coordinates": [[[72.6778988, 23.258051399999996], [72.6779257, 23.2580485], [72.677931, 23.2580893], [72.677904, 23.2580923], [72.6778988, 23.258051399999996]]]}}, {"type": "Feature", "properties": {"layer": "building", "distance_m": 202.5, "source": "Microsoft ML Buildings", "in_industrial_zone": false, "ghsl_2018": 1}, "geometry": {"type": "Polygon", "coordinates": [[[72.67782099999998, 23.2582329], [72.67782079999999, 23.258131900000006], [72.6778944, 23.258131700000003], [72.67789459999999, 23.258232700000004], [72.67782099999998, 23.2582329]]]}}, {"type": "Feature", "properties": {"layer": "building", "distance_m": 204.5, "source": "Microsoft ML Buildings", "in_industrial_zone": false, "ghsl_2018": 1}, "geometry": {"type": "Polygon", "coordinates": [[[72.6777639, 23.2581161], [72.677811, 23.2581167], [72.67781, 23.258188100000005], [72.677763, 23.258187600000003], [72.6777639, 23.2581161]]]}}, {"type": "Feature", "properties": {"layer": "building", "distance_m": 212.5, "source": "Microsoft ML Buildings", "in_industrial_zone": false, "ghsl_2018": 1}, "geometry": {"type": "Polygon", "coordinates": [[[72.67777150000002, 23.2582398], [72.6777673, 23.258204700000004], [72.6778188, 23.258199399999995], [72.677823, 23.258234600000005], [72.67777150000002, 23.2582398]]]}}, {"type": "Feature", "properties": {"layer": "building", "distance_m": 195.4, "source": "Google Open Buildings", "in_industrial_zone": false, "ghsl_2018": 1}, "geometry": {"type": "Polygon", "coordinates": [[[72.6777181, 23.257980999999997], [72.6777339, 23.258065199999997], [72.6776538, 23.258078100000002], [72.67763789999998, 23.2579939], [72.6777181, 23.257980999999997]]]}}, {"type": "Feature", "properties": {"layer": "building", "distance_m": 179.4, "source": "Microsoft ML Buildings", "in_industrial_zone": false, "ghsl_2018": 1}, "geometry": {"type": "Polygon", "coordinates": [[[72.67760569999999, 23.2577779], [72.67765339999998, 23.2577732], [72.6776669, 23.257888799999993], [72.6776192, 23.25789349999999], [72.67760569999999, 23.2577779]]]}}, {"type": "Feature", "properties": {"layer": "building", "distance_m": 67.7, "source": "Microsoft ML Buildings", "in_industrial_zone": false, "ghsl_2018": 1}, "geometry": {"type": "Polygon", "coordinates": [[[72.6778226, 23.256401300000004], [72.67788160000002, 23.256403099999996], [72.6778795, 23.2564586], [72.6778206, 23.256456800000006], [72.6778226, 23.256401300000004]]]}}, {"type": "Feature", "properties": {"layer": "building", "distance_m": 116.7, "source": "Microsoft ML Buildings", "in_industrial_zone": false, "ghsl_2018": 1}, "geometry": {"type": "Polygon", "coordinates": [[[72.6778011, 23.257220299999997], [72.6778542, 23.2571941], [72.6778906, 23.2572564], [72.6778375, 23.257282600000003], [72.6778011, 23.257220299999997]]]}}, {"type": "Feature", "properties": {"layer": "building", "distance_m": 123.2, "source": "Microsoft ML Buildings", "in_industrial_zone": false, "ghsl_2018": 1}, "geometry": {"type": "Polygon", "coordinates": [[[72.6778893, 23.2573658], [72.6778713, 23.25733380000001], [72.6779084, 23.257316300000006], [72.6779263, 23.2573483], [72.6778893, 23.2573658]]]}}, {"type": "Feature", "properties": {"layer": "building", "distance_m": 93.0, "source": "Microsoft ML Buildings", "in_industrial_zone": false, "ghsl_2018": 1}, "geometry": {"type": "Polygon", "coordinates": [[[72.6779704, 23.257055099999985], [72.677881, 23.257060400000004], [72.6778765, 23.256996500000003], [72.6779659, 23.256991300000003], [72.6779704, 23.257055099999985]]]}}, {"type": "Feature", "properties": {"layer": "building", "distance_m": 79.2, "source": "Microsoft ML Buildings", "in_industrial_zone": false, "ghsl_2018": 1}, "geometry": {"type": "Polygon", "coordinates": [[[72.6780744, 23.257038800000007], [72.67799250000002, 23.257055299999998], [72.6779591, 23.256915299999996], [72.67788480000002, 23.2569303], [72.6778781, 23.256902], [72.6780342, 23.256870600000003], [72.6780744, 23.257038800000007]]]}}, {"type": "Feature", "properties": {"layer": "building", "distance_m": 107.4, "source": "Microsoft ML Buildings", "in_industrial_zone": false, "ghsl_2018": 1}, "geometry": {"type": "Polygon", "coordinates": [[[72.6780169, 23.2572267], [72.6779421, 23.257290599999994], [72.6778812, 23.257230500000006], [72.6779559, 23.257166599999998], [72.6780169, 23.2572267]]]}}, {"type": "Feature", "properties": {"layer": "building", "distance_m": 114.3, "source": "Google Open Buildings", "in_industrial_zone": false, "ghsl_2018": 1}, "geometry": {"type": "Polygon", "coordinates": [[[72.6779926, 23.257274700000004], [72.6780233, 23.257303299999997], [72.6779903, 23.257333600000003], [72.6779596, 23.257304999999995], [72.6779926, 23.257274700000004]]]}}, {"type": "Feature", "properties": {"layer": "building", "distance_m": 64.8, "source": "Google Open Buildings", "in_industrial_zone": false, "ghsl_2018": 1}, "geometry": {"type": "Polygon", "coordinates": [[[72.677961, 23.256632599999996], [72.6780393, 23.256622900000004], [72.6780505, 23.256700000000002], [72.6779722, 23.256709700000002], [72.677961, 23.256632599999996]]]}}, {"type": "Feature", "properties": {"layer": "building", "distance_m": 44.7, "source": "Microsoft ML Buildings", "in_industrial_zone": false, "ghsl_2018": 1}, "geometry": {"type": "Polygon", "coordinates": [[[72.67796800000002, 23.256207600000007], [72.6780523, 23.2562037], [72.6780571, 23.256293300000003], [72.6779728, 23.256297100000005], [72.67796800000002, 23.256207600000007]]]}}, {"type": "Feature", "properties": {"layer": "building", "distance_m": 45.1, "source": "Google Open Buildings", "in_industrial_zone": false, "ghsl_2018": 1}, "geometry": {"type": "Polygon", "coordinates": [[[72.6779844, 23.255946800000004], [72.6779942, 23.2559916], [72.6779408, 23.2560016], [72.6779309, 23.2559568], [72.6779844, 23.255946800000004]]]}}, {"type": "Feature", "properties": {"layer": "building", "distance_m": 34.9, "source": "Microsoft ML Buildings", "in_industrial_zone": false, "ghsl_2018": 1}, "geometry": {"type": "Polygon", "coordinates": [[[72.6779837, 23.255878799999998], [72.6779772, 23.255846800000004], [72.6780536, 23.2558338], [72.6780601, 23.255865800000006], [72.6779837, 23.255878799999998]]]}}, {"type": "Feature", "properties": {"layer": "building", "distance_m": 33.6, "source": "Google Open Buildings", "in_industrial_zone": false, "ghsl_2018": 1}, "geometry": {"type": "Polygon", "coordinates": [[[72.6780902, 23.2559118], [72.6780233, 23.255934899999996], [72.6780108, 23.255903900000003], [72.67807770000002, 23.2558809], [72.6780902, 23.2559118]]]}}, {"type": "Feature", "properties": {"layer": "building", "distance_m": 39.3, "source": "Microsoft ML Buildings", "in_industrial_zone": false, "ghsl_2018": 1}, "geometry": {"type": "Polygon", "coordinates": [[[72.6779672, 23.255770499999997], [72.6778728, 23.2558114], [72.6778381, 23.2557437], [72.6779325, 23.255702799999998], [72.6779672, 23.255770499999997]]]}}, {"type": "Feature", "properties": {"layer": "building", "distance_m": 30.4, "source": "Microsoft ML Buildings", "in_industrial_zone": false, "ghsl_2018": 1}, "geometry": {"type": "Polygon", "coordinates": [[[72.67783780000002, 23.255637599999996], [72.6779403, 23.255604200000004], [72.6779542, 23.255640199999995], [72.6778517, 23.255673600000005], [72.67783780000002, 23.255637599999996]]]}}, {"type": "Feature", "properties": {"layer": "building", "distance_m": 20.7, "source": "Microsoft ML Buildings", "in_industrial_zone": false, "ghsl_2018": 1}, "geometry": {"type": "Polygon", "coordinates": [[[72.67792860000002, 23.255453200000005], [72.677898, 23.255459700000003], [72.6778864, 23.255412800000002], [72.677917, 23.2554064], [72.67792860000002, 23.255453200000005]]]}}, {"type": "Feature", "properties": {"layer": "building", "distance_m": 33.4, "source": "Microsoft ML Buildings", "in_industrial_zone": false, "ghsl_2018": 1}, "geometry": {"type": "Polygon", "coordinates": [[[72.6777793, 23.255591900000002], [72.67787, 23.2555708], [72.6778819, 23.2556138], [72.6777911, 23.255634899999993], [72.6777793, 23.255591900000002]]]}}, {"type": "Feature", "properties": {"layer": "building", "distance_m": 57.0, "source": "Microsoft ML Buildings", "in_industrial_zone": false, "ghsl_2018": 1}, "geometry": {"type": "Polygon", "coordinates": [[[72.67779280000002, 23.256100499999995], [72.6777752, 23.255924499999995], [72.677855, 23.2559178], [72.6778726, 23.256093700000005], [72.67779280000002, 23.256100499999995]]]}}, {"type": "Feature", "properties": {"layer": "building", "distance_m": 41.7, "source": "Microsoft ML Buildings", "in_industrial_zone": false, "ghsl_2018": 1}, "geometry": {"type": "Polygon", "coordinates": [[[72.6779863, 23.2558496], [72.6778799, 23.255870599999998], [72.6778664, 23.255812799999994], [72.6779727, 23.255791799999997], [72.6779863, 23.2558496]]]}}, {"type": "Feature", "properties": {"layer": "building", "distance_m": 49.9, "source": "Microsoft ML Buildings", "in_industrial_zone": false, "ghsl_2018": 1}, "geometry": {"type": "Polygon", "coordinates": [[[72.6779677, 23.256077299999998], [72.6779077, 23.256086399999994], [72.6779016, 23.256052899999997], [72.6779616, 23.256043699999996], [72.6779677, 23.256077299999998]]]}}, {"type": "Feature", "properties": {"layer": "building", "distance_m": 54.0, "source": "Microsoft ML Buildings", "in_industrial_zone": false, "ghsl_2018": 1}, "geometry": {"type": "Polygon", "coordinates": [[[72.6779635, 23.256221], [72.6779667, 23.256294800000006], [72.6778756, 23.256298100000002], [72.6778757, 23.256300600000003], [72.6778302, 23.256302200000004], [72.6778251, 23.2561841], [72.6779028, 23.256181299999998], [72.6779046, 23.256223099999996], [72.6779635, 23.256221]]]}}, {"type": "Feature", "properties": {"layer": "building", "distance_m": 67.6, "source": "Microsoft ML Buildings", "in_industrial_zone": false, "ghsl_2018": 1}, "geometry": {"type": "Polygon", "coordinates": [[[72.6777836, 23.256226199999997], [72.6777821, 23.256178], [72.677817, 23.2561772], [72.6778184, 23.256225299999997], [72.6777836, 23.256226199999997]]]}}, {"type": "Feature", "properties": {"layer": "building", "distance_m": 52.0, "source": "Microsoft ML Buildings", "in_industrial_zone": false, "ghsl_2018": 1}, "geometry": {"type": "Polygon", "coordinates": [[[72.67770640000002, 23.255837900000003], [72.6777144, 23.255734900000007], [72.6777891, 23.255739800000004], [72.6777811, 23.255842800000003], [72.67770640000002, 23.255837900000003]]]}}, {"type": "Feature", "properties": {"layer": "building", "distance_m": 21.2, "source": "Google Open Buildings", "in_industrial_zone": false, "ghsl_2018": 1}, "geometry": {"type": "Polygon", "coordinates": [[[72.6777383, 23.255122400000005], [72.6777588, 23.255150200000003], [72.6777237, 23.255172199999997], [72.6777033, 23.2551443], [72.6777383, 23.255122400000005]]]}}, {"type": "Feature", "properties": {"layer": "building", "distance_m": 20.8, "source": "Microsoft ML Buildings", "in_industrial_zone": false, "ghsl_2018": 1}, "geometry": {"type": "Polygon", "coordinates": [[[72.6775682, 23.2549785], [72.677636, 23.2549501], [72.6776998, 23.255078500000003], [72.677632, 23.255107000000006], [72.6775682, 23.2549785]]]}}, {"type": "Feature", "properties": {"layer": "building", "distance_m": 27.2, "source": "Google Open Buildings", "in_industrial_zone": false, "ghsl_2018": 1}, "geometry": {"type": "Polygon", "coordinates": [[[72.6776197, 23.2545013], [72.6776497, 23.254543300000005], [72.6776084, 23.2545685], [72.6775784, 23.2545265], [72.6776197, 23.2545013]]]}}, {"type": "Feature", "properties": {"layer": "building", "distance_m": 27.6, "source": "Google Open Buildings", "in_industrial_zone": false, "ghsl_2018": 1}, "geometry": {"type": "Polygon", "coordinates": [[[72.6775746, 23.254309000000003], [72.6776059, 23.254305900000002], [72.6776097, 23.254339900000005], [72.6775784, 23.25434300000001], [72.6775746, 23.254309000000003]]]}}, {"type": "Feature", "properties": {"layer": "building", "distance_m": 30.6, "source": "Microsoft ML Buildings", "in_industrial_zone": false, "ghsl_2018": 1}, "geometry": {"type": "Polygon", "coordinates": [[[72.67814840000001, 23.256110000000007], [72.6780886, 23.2561001], [72.6780989, 23.256047599999995], [72.6781587, 23.2560575], [72.67814840000001, 23.256110000000007]]]}}, {"type": "Feature", "properties": {"layer": "building", "distance_m": 24.0, "source": "Microsoft ML Buildings", "in_industrial_zone": false, "ghsl_2018": 1}, "geometry": {"type": "Polygon", "coordinates": [[[72.6781851, 23.2559811], [72.6780987, 23.255988099999993], [72.6780874, 23.2558708], [72.6781738, 23.2558637], [72.6781851, 23.2559811]]]}}, {"type": "Feature", "properties": {"layer": "building", "distance_m": 21.8, "source": "Microsoft ML Buildings", "in_industrial_zone": false, "ghsl_2018": 1}, "geometry": {"type": "Polygon", "coordinates": [[[72.6782829, 23.256206], [72.6782808, 23.256302000000005], [72.6781615, 23.2562999], [72.6781636, 23.2562038], [72.6782199, 23.256204799999995], [72.6782829, 23.256206]]]}}, {"type": "Feature", "properties": {"layer": "building", "distance_m": 34.5, "source": "Google Open Buildings", "in_industrial_zone": false, "ghsl_2018": 1}, "geometry": {"type": "Polygon", "coordinates": [[[72.6777797, 23.250393399999993], [72.6778138, 23.25040120000001], [72.6778065, 23.250428600000003], [72.67777250000002, 23.2504208], [72.6777797, 23.250393399999993]]]}}, {"type": "Feature", "properties": {"layer": "building", "distance_m": 39.2, "source": "Google Open Buildings", "in_industrial_zone": false, "ghsl_2018": 1}, "geometry": {"type": "Polygon", "coordinates": [[[72.6777122, 23.250393900000002], [72.6776795, 23.25045370000001], [72.6776539, 23.250441800000004], [72.6776866, 23.250381999999995], [72.6777122, 23.250393900000002]]]}}, {"type": "Feature", "properties": {"layer": "building", "distance_m": 35.6, "source": "Microsoft ML Buildings", "in_industrial_zone": false, "ghsl_2018": 1}, "geometry": {"type": "Polygon", "coordinates": [[[72.6775161, 23.2542768], [72.6774774, 23.254278100000004], [72.6774757, 23.254234900000004], [72.67751429999998, 23.25423360000001], [72.6775161, 23.2542768]]]}}, {"type": "Feature", "properties": {"layer": "building", "distance_m": 47.3, "source": "Google Open Buildings", "in_industrial_zone": false, "ghsl_2018": 1}, "geometry": {"type": "Polygon", "coordinates": [[[72.67733939999998, 23.254213600000003], [72.6773933, 23.254205499999998], [72.6774021, 23.254255299999997], [72.6773482, 23.254263400000003], [72.67733939999998, 23.254213600000003]]]}}, {"type": "Feature", "properties": {"layer": "building", "distance_m": 44.1, "source": "Google Open Buildings", "in_industrial_zone": false, "ghsl_2018": 1}, "geometry": {"type": "Polygon", "coordinates": [[[72.6773667, 23.254150899999996], [72.6774038, 23.254148199999996], [72.6774062, 23.2541766], [72.6773691, 23.254179300000008], [72.6773667, 23.254150899999996]]]}}, {"type": "Feature", "properties": {"layer": "building", "distance_m": 40.2, "source": "Google Open Buildings", "in_industrial_zone": false, "ghsl_2018": 1}, "geometry": {"type": "Polygon", "coordinates": [[[72.6773353, 23.254093400000006], [72.6773669, 23.254065900000004], [72.6774299, 23.254127900000007], [72.6773983, 23.2541553], [72.6773353, 23.254093400000006]]]}}, {"type": "Feature", "properties": {"layer": "building", "distance_m": 25.2, "source": "Google Open Buildings", "in_industrial_zone": false, "ghsl_2018": 1}, "geometry": {"type": "Polygon", "coordinates": [[[72.6774084, 23.253666], [72.6774152, 23.253716799999996], [72.6773721, 23.253721700000003], [72.6773654, 23.2536709], [72.6774084, 23.253666]]]}}, {"type": "Feature", "properties": {"layer": "building", "distance_m": 24.9, "source": "Google Open Buildings", "in_industrial_zone": false, "ghsl_2018": 1}, "geometry": {"type": "Polygon", "coordinates": [[[72.67735030000001, 23.2525865], [72.6773491, 23.25261], [72.6772931, 23.2526076], [72.6772943, 23.252584100000004], [72.67735030000001, 23.2525865]]]}}, {"type": "Feature", "properties": {"layer": "building", "distance_m": 32.2, "source": "Google Open Buildings", "in_industrial_zone": false, "ghsl_2018": 1}, "geometry": {"type": "Polygon", "coordinates": [[[72.67734859999999, 23.252366500000008], [72.67735299999998, 23.252422100000004], [72.6773256, 23.252423900000004], [72.67732109999999, 23.2523684], [72.67734859999999, 23.252366500000008]]]}}, {"type": "Feature", "properties": {"layer": "building", "distance_m": 28.5, "source": "Google Open Buildings", "in_industrial_zone": false, "ghsl_2018": 1}, "geometry": {"type": "Polygon", "coordinates": [[[72.6773133, 23.2523066], [72.67734640000002, 23.252307699999996], [72.6773443, 23.252361199999996], [72.67731120000002, 23.252360100000004], [72.6773133, 23.2523066]]]}}, {"type": "Feature", "properties": {"layer": "building", "distance_m": 37.7, "source": "Google Open Buildings", "in_industrial_zone": false, "ghsl_2018": 1}, "geometry": {"type": "Polygon", "coordinates": [[[72.67729950000002, 23.2523896], [72.67730490000001, 23.2524492], [72.67727480000002, 23.2524515], [72.6772693, 23.2523919], [72.67729950000002, 23.2523896]]]}}, {"type": "Feature", "properties": {"layer": "building", "distance_m": 34.8, "source": "Microsoft ML Buildings", "in_industrial_zone": false, "ghsl_2018": 1}, "geometry": {"type": "Polygon", "coordinates": [[[72.67726330000002, 23.2523362], [72.67722579999999, 23.252336500000002], [72.67722519999998, 23.252277400000004], [72.67726279999998, 23.252277099999997], [72.67726330000002, 23.2523362]]]}}, {"type": "Feature", "properties": {"layer": "building", "distance_m": 37.3, "source": "Microsoft ML Buildings", "in_industrial_zone": false, "ghsl_2018": 1}, "geometry": {"type": "Polygon", "coordinates": [[[72.677234, 23.252395800000002], [72.67723220000002, 23.252340499999995], [72.67726700000001, 23.2523396], [72.6772688, 23.2523948], [72.677234, 23.252395800000002]]]}}, {"type": "Feature", "properties": {"layer": "building", "distance_m": 22.1, "source": "Microsoft ML Buildings", "in_industrial_zone": false, "ghsl_2018": 1}, "geometry": {"type": "Polygon", "coordinates": [[[72.677316, 23.2537221], [72.6771765, 23.253723199999992], [72.6771759, 23.2536528], [72.677251, 23.253652199999998], [72.6772501, 23.2535551], [72.6773145, 23.253554600000005], [72.677316, 23.2537221]]]}}, {"type": "Feature", "properties": {"layer": "building", "distance_m": 25.2, "source": "Microsoft ML Buildings", "in_industrial_zone": false, "ghsl_2018": 1}, "geometry": {"type": "Polygon", "coordinates": [[[72.6773339, 23.253957700000004], [72.6772347, 23.253957700000004], [72.6772346, 23.25372610000001], [72.6773606, 23.253726000000004], [72.6773607, 23.253857999999997], [72.677432, 23.253858000000005], [72.677432, 23.253946699999997], [72.6773339, 23.253946700000004], [72.6773339, 23.253957700000004]]]}}, {"type": "Feature", "properties": {"layer": "building", "distance_m": 30.1, "source": "Microsoft ML Buildings", "in_industrial_zone": false, "ghsl_2018": 1}, "geometry": {"type": "Polygon", "coordinates": [[[72.6774157, 23.253999], [72.6772877, 23.254018299999995], [72.677283, 23.253991899999995], [72.6772308, 23.253999799999995], [72.6772259, 23.253972300000004], [72.6774061, 23.253945200000004], [72.6774157, 23.253999]]]}}, {"type": "Feature", "properties": {"layer": "building", "distance_m": 48.0, "source": "Microsoft ML Buildings", "in_industrial_zone": false, "ghsl_2018": 1}, "geometry": {"type": "Polygon", "coordinates": [[[72.6773006, 23.25415810000001], [72.677346, 23.2541476], [72.6773574, 23.2541894], [72.6773119, 23.2541998], [72.6773006, 23.25415810000001]]]}}, {"type": "Feature", "properties": {"layer": "building", "distance_m": 55.4, "source": "Microsoft ML Buildings", "in_industrial_zone": false, "ghsl_2018": 1}, "geometry": {"type": "Polygon", "coordinates": [[[72.67721090000002, 23.254164], [72.6772556, 23.254154400000004], [72.6772695, 23.254209200000005], [72.6772248, 23.254218800000004], [72.67721090000002, 23.254164]]]}}, {"type": "Feature", "properties": {"layer": "building", "distance_m": 44.5, "source": "Microsoft ML Buildings", "in_industrial_zone": false, "ghsl_2018": 1}, "geometry": {"type": "Polygon", "coordinates": [[[72.6772804, 23.2540439], [72.6772429, 23.254044300000004], [72.6772435, 23.2540936], [72.6771631, 23.254094500000004], [72.6771619, 23.254005800000005], [72.6772799, 23.254004499999994], [72.6772804, 23.2540439]]]}}, {"type": "Feature", "properties": {"layer": "building", "distance_m": 54.5, "source": "Google Open Buildings", "in_industrial_zone": false, "ghsl_2018": 2}, "geometry": {"type": "Polygon", "coordinates": [[[72.6771212, 23.253921899999995], [72.6771517, 23.253919599999996], [72.6771584, 23.253999], [72.6771279, 23.254001200000005], [72.6771212, 23.253921899999995]]]}}, {"type": "Feature", "properties": {"layer": "building", "distance_m": 48.5, "source": "Google Open Buildings", "in_industrial_zone": false, "ghsl_2018": 1}, "geometry": {"type": "Polygon", "coordinates": [[[72.67705469999999, 23.252349200000005], [72.6771203, 23.2523559], [72.67711340000001, 23.2524128], [72.6770478, 23.2524061], [72.67705469999999, 23.252349200000005]]]}}, {"type": "Feature", "properties": {"layer": "building", "distance_m": 86.7, "source": "Google Open Buildings", "in_industrial_zone": true, "ghsl_2018": 1}, "geometry": {"type": "Polygon", "coordinates": [[[72.6770622, 23.250337699999996], [72.6770959, 23.250344099999996], [72.6770886, 23.2503772], [72.6770549, 23.2503708], [72.6770622, 23.250337699999996]]]}}, {"type": "Feature", "properties": {"layer": "building", "distance_m": 39.0, "source": "Google Open Buildings", "in_industrial_zone": false, "ghsl_2018": 1}, "geometry": {"type": "Polygon", "coordinates": [[[72.677155, 23.251366599999997], [72.677191, 23.2513638], [72.6771943, 23.251399499999998], [72.67723240000001, 23.2513966], [72.67724450000001, 23.251529], [72.6772064, 23.251531900000003], [72.6772092, 23.2515626], [72.6771355, 23.251568299999995], [72.67711900000002, 23.251389099999997], [72.6771568, 23.251386199999995], [72.677155, 23.251366599999997]]]}}, {"type": "Feature", "properties": {"layer": "building", "distance_m": 34.9, "source": "Google Open Buildings", "in_industrial_zone": false, "ghsl_2018": 1}, "geometry": {"type": "Polygon", "coordinates": [[[72.6772754, 23.251346599999994], [72.67727079999999, 23.251576599999996], [72.67721990000001, 23.251575700000004], [72.6772196, 23.251594], [72.67716370000001, 23.251593], [72.67716400000002, 23.251574800000004], [72.67715330000001, 23.25157460000001], [72.6771539, 23.2515436], [72.67716470000002, 23.2515438], [72.67716550000002, 23.2515012], [72.6771301, 23.251500500000006], [72.67713059999998, 23.251478000000002], [72.67716600000001, 23.2514786], [72.6771678, 23.251388100000003], [72.6772237, 23.2513891], [72.67722459999999, 23.2513457], [72.6772754, 23.251346599999994]]]}}, {"type": "Feature", "properties": {"layer": "building", "distance_m": 49.0, "source": "Google Open Buildings", "in_industrial_zone": false, "ghsl_2018": 1}, "geometry": {"type": "Polygon", "coordinates": [[[72.6771618, 23.251649500000003], [72.67721229999998, 23.251650299999998], [72.67721170000002, 23.251688600000005], [72.6771611, 23.251687800000006], [72.6771618, 23.251649500000003]]]}}, {"type": "Feature", "properties": {"layer": "building", "distance_m": 39.5, "source": "Microsoft ML Buildings", "in_industrial_zone": false, "ghsl_2018": 1}, "geometry": {"type": "Polygon", "coordinates": [[[72.6771272, 23.2517636], [72.67719420000002, 23.2517645], [72.6771926, 23.251863099999998], [72.6771256, 23.251862199999994], [72.6771272, 23.2517636]]]}}, {"type": "Feature", "properties": {"layer": "building", "distance_m": 36.4, "source": "Microsoft ML Buildings", "in_industrial_zone": false, "ghsl_2018": 1}, "geometry": {"type": "Polygon", "coordinates": [[[72.6771778, 23.252125399999997], [72.67721090000002, 23.252126599999997], [72.67720949999999, 23.2521621], [72.6771763, 23.252160900000003], [72.6771778, 23.252125399999997]]]}}, {"type": "Feature", "properties": {"layer": "building", "distance_m": 31.7, "source": "Microsoft ML Buildings", "in_industrial_zone": false, "ghsl_2018": 1}, "geometry": {"type": "Polygon", "coordinates": [[[72.6772603, 23.2518975], [72.6772041, 23.2518953], [72.6772125, 23.2517084], [72.6772687, 23.2517105], [72.6772603, 23.2518975]]]}}, {"type": "Feature", "properties": {"layer": "building", "distance_m": 25.1, "source": "Microsoft ML Buildings", "in_industrial_zone": false, "ghsl_2018": 1}, "geometry": {"type": "Polygon", "coordinates": [[[72.6772297, 23.252117000000002], [72.6772273, 23.2520738], [72.6773112, 23.252069899999988], [72.6773137, 23.252113100000003], [72.6772297, 23.252117000000002]]]}}, {"type": "Feature", "properties": {"layer": "building", "distance_m": 20.8, "source": "Microsoft ML Buildings", "in_industrial_zone": false, "ghsl_2018": 1}, "geometry": {"type": "Polygon", "coordinates": [[[72.67725870000001, 23.251953500000003], [72.67732910000001, 23.251940100000002], [72.6773435, 23.2520039], [72.6772731, 23.25201729999999], [72.67725870000001, 23.251953500000003]]]}}, {"type": "Feature", "properties": {"layer": "building", "distance_m": 34.1, "source": "Google Open Buildings", "in_industrial_zone": false, "ghsl_2018": 1}, "geometry": {"type": "Polygon", "coordinates": [[[72.6772686, 23.251276100000005], [72.67730490000001, 23.2512817], [72.67729930000002, 23.251313099999997], [72.6772629, 23.251307500000003], [72.6772686, 23.251276100000005]]]}}, {"type": "Feature", "properties": {"layer": "building", "distance_m": 24.9, "source": "Google Open Buildings", "in_industrial_zone": false, "ghsl_2018": 1}, "geometry": {"type": "Polygon", "coordinates": [[[72.6773799, 23.2515376], [72.6774137, 23.2515365], [72.677417, 23.251620300000006], [72.6773831, 23.251621399999998], [72.6773799, 23.2515376]]]}}, {"type": "Feature", "properties": {"layer": "building", "distance_m": 24.3, "source": "Google Open Buildings", "in_industrial_zone": false, "ghsl_2018": 1}, "geometry": {"type": "Polygon", "coordinates": [[[72.6773221, 23.2514604], [72.6773832, 23.251456099999995], [72.67738709999999, 23.2515036], [72.677326, 23.2515079], [72.6773221, 23.2514604]]]}}, {"type": "Feature", "properties": {"layer": "building", "distance_m": 20.5, "source": "Microsoft ML Buildings", "in_industrial_zone": false, "ghsl_2018": 1}, "geometry": {"type": "Polygon", "coordinates": [[[72.6775338, 23.251727900000002], [72.6774463, 23.251719099999995], [72.67745300000001, 23.251663100000002], [72.67754050000002, 23.251671900000005], [72.6775338, 23.251727900000002]]]}}, {"type": "Feature", "properties": {"layer": "building", "distance_m": 28.7, "source": "Microsoft ML Buildings", "in_industrial_zone": false, "ghsl_2018": 1}, "geometry": {"type": "Polygon", "coordinates": [[[72.6774414, 23.251001199999997], [72.67751459999998, 23.251005199999994], [72.67751, 23.2510764], [72.6774369, 23.2510724], [72.6774414, 23.251001199999997]]]}}, {"type": "Feature", "properties": {"layer": "building", "distance_m": 94.1, "source": "OpenStreetMap", "in_industrial_zone": true, "ghsl_2018": 1}, "geometry": {"type": "Polygon", "coordinates": [[[72.6771198, 23.250231100000004], [72.6769759, 23.250191100000002], [72.67704699999999, 23.249975399999997], [72.67719090000001, 23.250015500000007], [72.6771198, 23.250231100000004]]]}}, {"type": "Feature", "properties": {"layer": "building", "distance_m": 365.2, "source": "Google Open Buildings", "in_industrial_zone": true, "ghsl_2018": 2}, "geometry": {"type": "Polygon", "coordinates": [[[72.67658360000001, 23.246560699999996], [72.6768235, 23.246616000000007], [72.67680489999998, 23.246684899999998], [72.67656489999999, 23.246629599999995], [72.67658360000001, 23.246560699999996]]]}}, {"type": "Feature", "properties": {"layer": "building", "distance_m": 412.8, "source": "Microsoft ML Buildings", "in_industrial_zone": true, "ghsl_2018": 1}, "geometry": {"type": "Polygon", "coordinates": [[[72.67684259999999, 23.2460774], [72.67681579999999, 23.246166799999997], [72.67675099999998, 23.246150399999994], [72.67677779999998, 23.246060999999997], [72.67684259999999, 23.2460774]]]}}, {"type": "Feature", "properties": {"layer": "building", "distance_m": 354.0, "source": "Google Open Buildings", "in_industrial_zone": true, "ghsl_2018": 1}, "geometry": {"type": "Polygon", "coordinates": [[[72.67688479999998, 23.246123], [72.67706879999999, 23.24617560000001], [72.67708209999999, 23.2461357], [72.6771297, 23.246149299999995], [72.67710179999999, 23.246232699999997], [72.67715399999999, 23.246247699999994], [72.67700929999998, 23.246680200000004], [72.67690949999998, 23.246651699999997], [72.67700999999998, 23.2463514], [72.67682599999999, 23.246298899999996], [72.67688479999998, 23.246123]]]}}, {"type": "Feature", "properties": {"layer": "building", "distance_m": 339.1, "source": "Google Open Buildings", "in_industrial_zone": true, "ghsl_2018": 2}, "geometry": {"type": "Polygon", "coordinates": [[[72.67690439999998, 23.246644100000005], [72.67700689999998, 23.246674199999994], [72.67693299999999, 23.246889200000005], [72.67683049999998, 23.246859100000005], [72.67690439999998, 23.246644100000005]]]}}, {"type": "Feature", "properties": {"layer": "building", "distance_m": 352.0, "source": "Google Open Buildings", "in_industrial_zone": true, "ghsl_2018": 1}, "geometry": {"type": "Polygon", "coordinates": [[[72.6779045, 23.2462418], [72.6779378, 23.2462548], [72.6779267, 23.24627900000001], [72.6778934, 23.246266000000006], [72.6779045, 23.2462418]]]}}, {"type": "Feature", "properties": {"layer": "building", "distance_m": 348.9, "source": "Google Open Buildings", "in_industrial_zone": true, "ghsl_2018": 2}, "geometry": {"type": "Polygon", "coordinates": [[[72.6779479, 23.2462577], [72.6779848, 23.246262100000003], [72.6779808, 23.2462908], [72.6779439, 23.2462864], [72.6779479, 23.2462577]]]}}, {"type": "Feature", "properties": {"layer": "building", "distance_m": 346.5, "source": "Google Open Buildings", "in_industrial_zone": true, "ghsl_2018": 1}, "geometry": {"type": "Polygon", "coordinates": [[[72.6779648, 23.2462763], [72.6779983, 23.246280200000005], [72.67799450000001, 23.246309299999993], [72.6779609, 23.246305399999997], [72.6779648, 23.2462763]]]}}, {"type": "Feature", "properties": {"layer": "building", "distance_m": 342.5, "source": "Google Open Buildings", "in_industrial_zone": true, "ghsl_2018": 1}, "geometry": {"type": "Polygon", "coordinates": [[[72.6779758, 23.246302900000003], [72.6780235, 23.246315400000004], [72.6780157, 23.246340899999996], [72.67796800000002, 23.246328400000003], [72.6779758, 23.246302900000003]]]}}, {"type": "Feature", "properties": {"layer": "building", "distance_m": 339.9, "source": "Google Open Buildings", "in_industrial_zone": true, "ghsl_2018": 1}, "geometry": {"type": "Polygon", "coordinates": [[[72.6780235, 23.246315400000004], [72.6780659, 23.24632649999999], [72.6780581, 23.246352], [72.6780157, 23.246340899999996], [72.6780235, 23.246315400000004]]]}}, {"type": "Feature", "properties": {"layer": "building", "distance_m": 138.3, "source": "Google Open Buildings", "in_industrial_zone": false, "ghsl_2018": 0}, "geometry": {"type": "Polygon", "coordinates": [[[72.6780776, 23.248298199999997], [72.6781148, 23.2483058], [72.6781057, 23.248343799999997], [72.6780685, 23.248336100000007], [72.6780776, 23.248298199999997]]]}}, {"type": "Feature", "properties": {"layer": "building", "distance_m": 80.1, "source": "Google Open Buildings", "in_industrial_zone": false, "ghsl_2018": 1}, "geometry": {"type": "Polygon", "coordinates": [[[72.6782062, 23.248874400000005], [72.6782668, 23.2488858], [72.6782599, 23.248916899999998], [72.6781993, 23.248905500000003], [72.6782062, 23.248874400000005]]]}}, {"type": "Feature", "properties": {"layer": "building", "distance_m": 64.3, "source": "Google Open Buildings", "in_industrial_zone": false, "ghsl_2018": 1}, "geometry": {"type": "Polygon", "coordinates": [[[72.6781742, 23.249248300000005], [72.678201, 23.249252500000004], [72.6781913, 23.249305899999996], [72.6781644, 23.2493017], [72.6781742, 23.249248300000005]]]}}, {"type": "Feature", "properties": {"layer": "building", "distance_m": 56.1, "source": "Google Open Buildings", "in_industrial_zone": false, "ghsl_2018": 1}, "geometry": {"type": "Polygon", "coordinates": [[[72.6782594, 23.249280000000002], [72.6782417, 23.249365299999997], [72.67821550000001, 23.249360699999997], [72.6782332, 23.249275399999995], [72.6782594, 23.249280000000002]]]}}, {"type": "Feature", "properties": {"layer": "building", "distance_m": 59.2, "source": "Google Open Buildings", "in_industrial_zone": false, "ghsl_2018": 1}, "geometry": {"type": "Polygon", "coordinates": [[[72.678267, 23.2491441], [72.6783191, 23.249147900000004], [72.6783154, 23.249191100000004], [72.6782633, 23.2491873], [72.678267, 23.2491441]]]}}, {"type": "Feature", "properties": {"layer": "building", "distance_m": 43.3, "source": "Google Open Buildings", "in_industrial_zone": false, "ghsl_2018": 1}, "geometry": {"type": "Polygon", "coordinates": [[[72.6782769, 23.249350700000004], [72.678379, 23.249373699999996], [72.6783724, 23.2493988], [72.6782703, 23.249375899999993], [72.6782769, 23.249350700000004]]]}}, {"type": "Feature", "properties": {"layer": "building", "distance_m": 40.3, "source": "Google Open Buildings", "in_industrial_zone": false, "ghsl_2018": 1}, "geometry": {"type": "Polygon", "coordinates": [[[72.6782776, 23.249226899999996], [72.6784768, 23.249255499999997], [72.6784724, 23.249281999999994], [72.6782732, 23.2492535], [72.6782776, 23.249226899999996]]]}}, {"type": "Feature", "properties": {"layer": "building", "distance_m": 48.7, "source": "Google Open Buildings", "in_industrial_zone": false, "ghsl_2018": 1}, "geometry": {"type": "Polygon", "coordinates": [[[72.67837, 23.2491795], [72.6784172, 23.2491727], [72.6784228, 23.249205500000002], [72.6783756, 23.2492123], [72.67837, 23.2491795]]]}}, {"type": "Feature", "properties": {"layer": "building", "distance_m": 40.6, "source": "Microsoft ML Buildings", "in_industrial_zone": false, "ghsl_2018": 0}, "geometry": {"type": "Polygon", "coordinates": [[[72.6784236, 23.2493447], [72.6784165, 23.249372699999995], [72.6783544, 23.249359500000004], [72.67836140000001, 23.2493315], [72.6784236, 23.2493447]]]}}, {"type": "Feature", "properties": {"layer": "building", "distance_m": 30.0, "source": "Google Open Buildings", "in_industrial_zone": false, "ghsl_2018": 0}, "geometry": {"type": "Polygon", "coordinates": [[[72.6784058, 23.249387100000003], [72.6785028, 23.2494178], [72.6784933, 23.2494432], [72.6783964, 23.2494125], [72.6784058, 23.249387100000003]]]}}, {"type": "Feature", "properties": {"layer": "building", "distance_m": 40.2, "source": "Google Open Buildings", "in_industrial_zone": false, "ghsl_2018": 0}, "geometry": {"type": "Polygon", "coordinates": [[[72.6784394, 23.2492171], [72.678488, 23.249219300000004], [72.6784858, 23.2492605], [72.6784373, 23.249258300000005], [72.6784394, 23.2492171]]]}}, {"type": "Feature", "properties": {"layer": "building", "distance_m": 49.8, "source": "Google Open Buildings", "in_industrial_zone": false, "ghsl_2018": 0}, "geometry": {"type": "Polygon", "coordinates": [[[72.6783962, 23.249063099999997], [72.6784775, 23.249075000000015], [72.6784712, 23.2491118], [72.6783899, 23.2491], [72.6783962, 23.249063099999997]]]}}, {"type": "Feature", "properties": {"layer": "building", "distance_m": 53.8, "source": "Google Open Buildings", "in_industrial_zone": false, "ghsl_2018": 1}, "geometry": {"type": "Polygon", "coordinates": [[[72.6783986, 23.249009299999997], [72.6784616, 23.2490165], [72.678454, 23.24907350000001], [72.6783909, 23.2490663], [72.6783986, 23.249009299999997]]]}}, {"type": "Feature", "properties": {"layer": "building", "distance_m": 68.6, "source": "Google Open Buildings", "in_industrial_zone": false, "ghsl_2018": 1}, "geometry": {"type": "Polygon", "coordinates": [[[72.6782869, 23.24899020000001], [72.678313, 23.2489934], [72.6783076, 23.249030499999996], [72.6782816, 23.2490273], [72.6782869, 23.24899020000001]]]}}, {"type": "Feature", "properties": {"layer": "building", "distance_m": 73.5, "source": "Google Open Buildings", "in_industrial_zone": false, "ghsl_2018": 1}, "geometry": {"type": "Polygon", "coordinates": [[[72.6782816, 23.248894399999998], [72.6783375, 23.248903100000003], [72.6783324, 23.248930900000005], [72.6782765, 23.248922300000004], [72.6782816, 23.248894399999998]]]}}, {"type": "Feature", "properties": {"layer": "building", "distance_m": 70.6, "source": "Google Open Buildings", "in_industrial_zone": false, "ghsl_2018": 1}, "geometry": {"type": "Polygon", "coordinates": [[[72.6782875, 23.2489246], [72.6783475, 23.2489302], [72.6783444, 23.248958299999998], [72.6782844, 23.2489527], [72.6782875, 23.2489246]]]}}, {"type": "Feature", "properties": {"layer": "building", "distance_m": 335.7, "source": "OpenStreetMap", "in_industrial_zone": true, "ghsl_2018": 2}, "geometry": {"type": "Polygon", "coordinates": [[[72.6778013, 23.246205200000002], [72.6778582, 23.246038999999996], [72.6784039, 23.2461967], [72.6783648, 23.246311], [72.6779595, 23.246193800000007], [72.6779417, 23.246245800000004], [72.6778013, 23.246205200000002]]]}}, {"type": "Feature", "properties": {"layer": "building", "distance_m": 329.1, "source": "Google Open Buildings", "in_industrial_zone": true, "ghsl_2018": 1}, "geometry": {"type": "Polygon", "coordinates": [[[72.6781841, 23.246325399999996], [72.6782504, 23.2463446], [72.6782298, 23.24640510000001], [72.6781635, 23.2463859], [72.6781841, 23.246325399999996]]]}}, {"type": "Feature", "properties": {"layer": "building", "distance_m": 328.9, "source": "Google Open Buildings", "in_industrial_zone": true, "ghsl_2018": 1}, "geometry": {"type": "Polygon", "coordinates": [[[72.6782442, 23.2463618], [72.6782797, 23.246366399999996], [72.6782752, 23.246395199999995], [72.6782398, 23.246390600000005], [72.6782442, 23.2463618]]]}}, {"type": "Feature", "properties": {"layer": "building", "distance_m": 221.2, "source": "Microsoft ML Buildings", "in_industrial_zone": false, "ghsl_2018": 1}, "geometry": {"type": "Polygon", "coordinates": [[[72.6788574, 23.2472302], [72.678821, 23.247283000000007], [72.6787636, 23.247249599999996], [72.6787999, 23.247196799999998], [72.6788574, 23.2472302]]]}}, {"type": "Feature", "properties": {"layer": "building", "distance_m": 181.2, "source": "OpenStreetMap", "in_industrial_zone": false, "ghsl_2018": 1}, "geometry": {"type": "Polygon", "coordinates": [[[72.6790652, 23.2476265], [72.678726, 23.2476244], [72.6787274, 23.247440800000003], [72.6790666, 23.247442899999996], [72.6790652, 23.2476265]]]}}, {"type": "Feature", "properties": {"layer": "building", "distance_m": 116.3, "source": "Microsoft ML Buildings", "in_industrial_zone": false, "ghsl_2018": 1}, "geometry": {"type": "Polygon", "coordinates": [[[72.6786943, 23.248144900000003], [72.6787264, 23.2480479], [72.6789989, 23.248124099999995], [72.6789668, 23.248221100000006], [72.6786943, 23.248144900000003]]]}}, {"type": "Feature", "properties": {"layer": "building", "distance_m": 157.7, "source": "Microsoft ML Buildings", "in_industrial_zone": false, "ghsl_2018": 1}, "geometry": {"type": "Polygon", "coordinates": [[[72.6787118, 23.247887300000006], [72.6786349, 23.247871900000003], [72.6786438, 23.247834300000005], [72.6787207, 23.247849600000002], [72.6787118, 23.247887300000006]]]}}, {"type": "Feature", "properties": {"layer": "building", "distance_m": 37.7, "source": "Google Open Buildings", "in_industrial_zone": false, "ghsl_2018": 0}, "geometry": {"type": "Polygon", "coordinates": [[[72.6785435, 23.2490836], [72.6786167, 23.249092000000005], [72.6786117, 23.249128900000002], [72.6785385, 23.249120500000004], [72.6785435, 23.2490836]]]}}, {"type": "Feature", "properties": {"layer": "building", "distance_m": 40.5, "source": "Google Open Buildings", "in_industrial_zone": false, "ghsl_2018": 0}, "geometry": {"type": "Polygon", "coordinates": [[[72.6784774, 23.2490444], [72.6785147, 23.2490487], [72.6785182, 23.249022900000007], [72.6785837, 23.249030399999995], [72.6785802, 23.2490561], [72.6786208, 23.249060800000006], [72.6786167, 23.249092000000005], [72.67851050000002, 23.2490799], [72.6785061, 23.249113300000005], [72.6784688, 23.249109000000004], [72.6784774, 23.2490444]]]}}, {"type": "Feature", "properties": {"layer": "building", "distance_m": 32.9, "source": "Microsoft ML Buildings", "in_industrial_zone": false, "ghsl_2018": 0}, "geometry": {"type": "Polygon", "coordinates": [[[72.6784966, 23.249287999999996], [72.6785045, 23.2492423], [72.6785542, 23.249249600000013], [72.6785463, 23.249295200000002], [72.6784966, 23.249287999999996]]]}}, {"type": "Feature", "properties": {"layer": "building", "distance_m": 26.8, "source": "Microsoft ML Buildings", "in_industrial_zone": false, "ghsl_2018": 0}, "geometry": {"type": "Polygon", "coordinates": [[[72.6785613, 23.249386800000003], [72.6785373, 23.249420500000003], [72.678481, 23.249386600000005], [72.6785051, 23.2493529], [72.6785613, 23.249386800000003]]]}}, {"type": "Feature", "properties": {"layer": "building", "distance_m": 25.1, "source": "Google Open Buildings", "in_industrial_zone": false, "ghsl_2018": 1}, "geometry": {"type": "Polygon", "coordinates": [[[72.6787685, 23.2491254], [72.6788105, 23.249122800000002], [72.6788124, 23.249148600000005], [72.6787704, 23.2491512], [72.6787685, 23.2491254]]]}}, {"type": "Feature", "properties": {"layer": "building", "distance_m": 109.5, "source": "Google Open Buildings", "in_industrial_zone": false, "ghsl_2018": 1}, "geometry": {"type": "Polygon", "coordinates": [[[72.6790317, 23.248152000000005], [72.679123, 23.248176000000004], [72.67909280000002, 23.248274], [72.6790015, 23.2482501], [72.6790317, 23.248152000000005]]]}}, {"type": "Feature", "properties": {"layer": "building", "distance_m": 44.6, "source": "Google Open Buildings", "in_industrial_zone": false, "ghsl_2018": 1}, "geometry": {"type": "Polygon", "coordinates": [[[72.6792867, 23.248776100000004], [72.6794102, 23.2488085], [72.6793857, 23.248888599999997], [72.6792622, 23.24885619999999], [72.6792867, 23.248776100000004]]]}}, {"type": "Feature", "properties": {"layer": "building", "distance_m": 166.8, "source": "Google Open Buildings", "in_industrial_zone": false, "ghsl_2018": 1}, "geometry": {"type": "Polygon", "coordinates": [[[72.6793408, 23.2476873], [72.6794447, 23.247688799999995], [72.6794433, 23.2477726], [72.6793394, 23.2477711], [72.6793408, 23.2476873]]]}}, {"type": "Feature", "properties": {"layer": "building", "distance_m": 160.8, "source": "Microsoft ML Buildings", "in_industrial_zone": false, "ghsl_2018": 1}, "geometry": {"type": "Polygon", "coordinates": [[[72.6791855, 23.247767999999997], [72.67944, 23.2477765], [72.6794383, 23.2478208], [72.6791838, 23.2478123], [72.6791855, 23.247767999999997]]]}}, {"type": "Feature", "properties": {"layer": "building", "distance_m": 161.0, "source": "Microsoft ML Buildings", "in_industrial_zone": false, "ghsl_2018": 1}, "geometry": {"type": "Polygon", "coordinates": [[[72.6789919, 23.247777100000004], [72.67899270000001, 23.247725299999995], [72.6791307, 23.247727100000002], [72.6791295, 23.2478084], [72.67904900000002, 23.247807399999996], [72.6790495, 23.247777800000005], [72.6789919, 23.247777100000004]]]}}, {"type": "Feature", "properties": {"layer": "building", "distance_m": 205.6, "source": "Google Open Buildings", "in_industrial_zone": false, "ghsl_2018": 1}, "geometry": {"type": "Polygon", "coordinates": [[[72.6789116, 23.247375200000004], [72.6791644, 23.247373300000003], [72.6791647, 23.247405800000003], [72.6789119, 23.2474078], [72.6789116, 23.247375200000004]]]}}, {"type": "Feature", "properties": {"layer": "building", "distance_m": 232.1, "source": "Google Open Buildings", "in_industrial_zone": false, "ghsl_2018": 1}, "geometry": {"type": "Polygon", "coordinates": [[[72.6789012, 23.2471317], [72.6791743, 23.247131700000008], [72.6791743, 23.247167000000005], [72.6789012, 23.247166999999997], [72.6789012, 23.2471317]]]}}, {"type": "Feature", "properties": {"layer": "building", "distance_m": 298.9, "source": "Microsoft ML Buildings", "in_industrial_zone": false, "ghsl_2018": 1}, "geometry": {"type": "Polygon", "coordinates": [[[72.6792303, 23.24649279999999], [72.6792283, 23.2465655], [72.6791492, 23.2465636], [72.6791512, 23.24649100000001], [72.6792303, 23.24649279999999]]]}}, {"type": "Feature", "properties": {"layer": "building", "distance_m": 281.9, "source": "OpenStreetMap", "in_industrial_zone": false, "ghsl_2018": 1}, "geometry": {"type": "Polygon", "coordinates": [[[72.6795613, 23.246719300000002], [72.6793241, 23.246724900000004], [72.6793215, 23.246628800000003], [72.6795586, 23.246623200000002], [72.6795613, 23.246719300000002]]]}}, {"type": "Feature", "properties": {"layer": "building", "distance_m": 295.4, "source": "Google Open Buildings", "in_industrial_zone": false, "ghsl_2018": 1}, "geometry": {"type": "Polygon", "coordinates": [[[72.6794294, 23.246564200000012], [72.6794282, 23.246605200000005], [72.6793405, 23.246602999999997], [72.6793417, 23.246561999999997], [72.6794294, 23.246564200000012]]]}}, {"type": "Feature", "properties": {"layer": "building", "distance_m": 299.6, "source": "Microsoft ML Buildings", "in_industrial_zone": false, "ghsl_2018": 1}, "geometry": {"type": "Polygon", "coordinates": [[[72.67929250000002, 23.246516000000003], [72.6794704, 23.2464661], [72.6794861, 23.246513400000005], [72.6793083, 23.246563400000003], [72.67929250000002, 23.246516000000003]]]}}, {"type": "Feature", "properties": {"layer": "building", "distance_m": 309.0, "source": "Microsoft ML Buildings", "in_industrial_zone": false, "ghsl_2018": 1}, "geometry": {"type": "Polygon", "coordinates": [[[72.6795418, 23.246500299999997], [72.6795339, 23.2464445], [72.6795893, 23.2464379], [72.6795972, 23.246493600000004], [72.6795418, 23.246500299999997]]]}}, {"type": "Feature", "properties": {"layer": "building", "distance_m": 186.4, "source": "Google Open Buildings", "in_industrial_zone": false, "ghsl_2018": 1}, "geometry": {"type": "Polygon", "coordinates": [[[72.6796037, 23.247524], [72.6796045, 23.247590699999996], [72.6793483, 23.247593099999992], [72.6793476, 23.247526399999998], [72.6796037, 23.247524]]]}}, {"type": "Feature", "properties": {"layer": "building", "distance_m": 214.2, "source": "OpenStreetMap", "in_industrial_zone": false, "ghsl_2018": 1}, "geometry": {"type": "Polygon", "coordinates": [[[72.6797372, 23.247368099999992], [72.6795843, 23.247368099999996], [72.6795843, 23.247126599999998], [72.6797372, 23.24712659999999], [72.6797372, 23.247368099999992]]]}}, {"type": "Feature", "properties": {"layer": "building", "distance_m": 280.6, "source": "Microsoft ML Buildings", "in_industrial_zone": false, "ghsl_2018": 1}, "geometry": {"type": "Polygon", "coordinates": [[[72.6798625, 23.246765700000005], [72.6798271, 23.246773700000002], [72.6798162, 23.246733000000003], [72.679911, 23.24671160000001], [72.6799098, 23.2467069], [72.6799958, 23.2466875], [72.6800163, 23.2467641], [72.6798709, 23.246797100000002], [72.6798625, 23.246765700000005]]]}}, {"type": "Feature", "properties": {"layer": "building", "distance_m": 312.1, "source": "Microsoft ML Buildings", "in_industrial_zone": false, "ghsl_2018": 1}, "geometry": {"type": "Polygon", "coordinates": [[[72.6797503, 23.2464265], [72.6799039, 23.2463698], [72.6799359, 23.246443000000003], [72.6797823, 23.2464997], [72.6797503, 23.2464265]]]}}, {"type": "Feature", "properties": {"layer": "building", "distance_m": 294.6, "source": "OpenStreetMap", "in_industrial_zone": false, "ghsl_2018": 1}, "geometry": {"type": "Polygon", "coordinates": [[[72.6800308, 23.246633400000007], [72.6799263, 23.246675600000003], [72.6798485, 23.2465129], [72.679953, 23.2464708], [72.6800308, 23.246633400000007]]]}}, {"type": "Feature", "properties": {"layer": "building", "distance_m": 266.5, "source": "Google Open Buildings", "in_industrial_zone": false, "ghsl_2018": 1}, "geometry": {"type": "Polygon", "coordinates": [[[72.6801538, 23.2467985], [72.6801713, 23.2468519], [72.6798991, 23.246928200000003], [72.6798815, 23.2468748], [72.6801538, 23.2467985]]]}}, {"type": "Feature", "properties": {"layer": "building", "distance_m": 273.5, "source": "Microsoft ML Buildings", "in_industrial_zone": false, "ghsl_2018": 1}, "geometry": {"type": "Polygon", "coordinates": [[[72.6798417, 23.2468082], [72.6801217, 23.2467486], [72.6801347, 23.246800100000005], [72.6798546, 23.246859600000008], [72.6798417, 23.2468082]]]}}, {"type": "Feature", "properties": {"layer": "building", "distance_m": 49.3, "source": "Google Open Buildings", "in_industrial_zone": false, "ghsl_2018": 1}, "geometry": {"type": "Polygon", "coordinates": [[[72.6800258, 23.248749800000006], [72.6802476, 23.2488125], [72.6802132, 23.248916399999995], [72.6801367, 23.248894799999995], [72.6801287, 23.2489191], [72.6800117, 23.248886000000002], [72.6800197, 23.248861699999996], [72.6799914, 23.248853699999998], [72.6800258, 23.248749800000006]]]}}, {"type": "Feature", "properties": {"layer": "building", "distance_m": 44.3, "source": "Google Open Buildings", "in_industrial_zone": false, "ghsl_2018": 1}, "geometry": {"type": "Polygon", "coordinates": [[[72.6801075, 23.248927800000004], [72.6801279, 23.248921899999996], [72.6801839, 23.248939000000007], [72.6801927, 23.248964800000003], [72.6801163, 23.248953699999998], [72.6801075, 23.248927800000004]]]}}, {"type": "Feature", "properties": {"layer": "building", "distance_m": 189.3, "source": "Google Open Buildings", "in_industrial_zone": false, "ghsl_2018": 1}, "geometry": {"type": "Polygon", "coordinates": [[[72.6785881, 23.258163400000004], [72.6786323, 23.2581521], [72.6786422, 23.258185], [72.6785979, 23.258196399999992], [72.6785881, 23.258163400000004]]]}}, {"type": "Feature", "properties": {"layer": "building", "distance_m": 175.9, "source": "Microsoft ML Buildings", "in_industrial_zone": false, "ghsl_2018": 1}, "geometry": {"type": "Polygon", "coordinates": [[[72.6785344, 23.2580278], [72.6785416, 23.258073600000003], [72.678581, 23.258068400000003], [72.6785904, 23.258127600000005], [72.6784669, 23.258144], [72.6784503, 23.258038900000003], [72.6785344, 23.2580278]]]}}, {"type": "Feature", "properties": {"layer": "building", "distance_m": 248.8, "source": "Google Open Buildings", "in_industrial_zone": false, "ghsl_2018": 1}, "geometry": {"type": "Polygon", "coordinates": [[[72.6786292, 23.258689199999996], [72.67863950000002, 23.258764299999996], [72.6785365, 23.25877640000001], [72.6785262, 23.258701299999995], [72.6786292, 23.258689199999996]]]}}, {"type": "Feature", "properties": {"layer": "building", "distance_m": 314.7, "source": "Microsoft ML Buildings", "in_industrial_zone": false, "ghsl_2018": 1}, "geometry": {"type": "Polygon", "coordinates": [[[72.678701, 23.25928830000001], [72.6786992, 23.259331200000002], [72.6785561, 23.259326199999997], [72.6785579, 23.2592832], [72.678701, 23.25928830000001]]]}}, {"type": "Feature", "properties": {"layer": "building", "distance_m": 286.6, "source": "Google Open Buildings", "in_industrial_zone": false, "ghsl_2018": 1}, "geometry": {"type": "Polygon", "coordinates": [[[72.6786245, 23.259037000000003], [72.6786691, 23.2590311], [72.6786749, 23.2590689], [72.6786303, 23.2590748], [72.6786245, 23.259037000000003]]]}}, {"type": "Feature", "properties": {"layer": "building", "distance_m": 183.2, "source": "Microsoft ML Buildings", "in_industrial_zone": false, "ghsl_2018": 1}, "geometry": {"type": "Polygon", "coordinates": [[[72.6787852, 23.258761999999994], [72.678756, 23.2587132], [72.6787237, 23.258444099999995], [72.6787017, 23.258407400000003], [72.6786947, 23.258348600000005], [72.6786593, 23.258343400000005], [72.6786283, 23.2582917], [72.6786541, 23.2582787], [72.678642, 23.258178100000002], [72.6786673, 23.258175499999997], [72.6786612, 23.2581248], [72.6787187, 23.258095800000003], [72.6787643, 23.258102400000002], [72.6787725, 23.258170399999994], [72.6787702, 23.2581837], [72.6787812, 23.258275399999995], [72.6787602, 23.258397500000004], [72.6787938, 23.258402399999998], [72.6788255, 23.258455300000005], [72.6788301, 23.258494099999997], [72.6788752, 23.2584896], [72.6788897, 23.258610599999997], [72.67888180000001, 23.258656500000004], [72.6788906, 23.2587295], [72.6789742, 23.258721], [72.6789788, 23.258759200000007], [72.6788942, 23.25880190000001], [72.6788557, 23.2588058], [72.6788602, 23.258843900000002], [72.678845, 23.258932600000005], [72.678771, 23.258940100000004], [72.6787517, 23.258779000000004], [72.6787852, 23.258761999999994]]]}}, {"type": "Feature", "properties": {"layer": "building", "distance_m": 263.4, "source": "Google Open Buildings", "in_industrial_zone": false, "ghsl_2018": 1}, "geometry": {"type": "Polygon", "coordinates": [[[72.6788681, 23.2588133], [72.6789085, 23.258810800000003], [72.6789111, 23.2588463], [72.6788706, 23.2588488], [72.6788681, 23.2588133]]]}}, {"type": "Feature", "properties": {"layer": "building", "distance_m": 407.3, "source": "Google Open Buildings", "in_industrial_zone": false, "ghsl_2018": 1}, "geometry": {"type": "Polygon", "coordinates": [[[72.6787108, 23.2601208], [72.6787292, 23.2601462], [72.6786854, 23.260173399999996], [72.6786669, 23.2601479], [72.6787108, 23.2601208]]]}}, {"type": "Feature", "properties": {"layer": "building", "distance_m": 325.4, "source": "Microsoft ML Buildings", "in_industrial_zone": false, "ghsl_2018": 1}, "geometry": {"type": "Polygon", "coordinates": [[[72.6786203, 23.2594581], [72.6785737, 23.2594564], [72.6785769, 23.2593802], [72.6786236, 23.259381900000005], [72.6786203, 23.2594581]]]}}, {"type": "Feature", "properties": {"layer": "building", "distance_m": 474.7, "source": "Google Open Buildings", "in_industrial_zone": false, "ghsl_2018": 0}, "geometry": {"type": "Polygon", "coordinates": [[[72.6785924, 23.260728799999995], [72.6786094, 23.260752499999995], [72.6785807, 23.260770100000002], [72.6785637, 23.260746399999995], [72.6785924, 23.260728799999995]]]}}, {"type": "Feature", "properties": {"layer": "building", "distance_m": 489.9, "source": "Google Open Buildings", "in_industrial_zone": false, "ghsl_2018": 0}, "geometry": {"type": "Polygon", "coordinates": [[[72.6785752, 23.260865900000006], [72.6786231, 23.2608666], [72.6786225, 23.2609002], [72.6785746, 23.2608995], [72.6785752, 23.260865900000006]]]}}, {"type": "Feature", "properties": {"layer": "building", "distance_m": 477.3, "source": "Microsoft ML Buildings", "in_industrial_zone": false, "ghsl_2018": 1}, "geometry": {"type": "Polygon", "coordinates": [[[72.6787822, 23.26088109999999], [72.6786474, 23.260780600000004], [72.6786724, 23.2607524], [72.6788071, 23.260852900000003], [72.6787822, 23.26088109999999]]]}}, {"type": "Feature", "properties": {"layer": "building", "distance_m": 496.9, "source": "Google Open Buildings", "in_industrial_zone": false, "ghsl_2018": 0}, "geometry": {"type": "Polygon", "coordinates": [[[72.678648, 23.26092999999999], [72.678679, 23.260934000000002], [72.6786733, 23.2609716], [72.6786423, 23.2609676], [72.678648, 23.26092999999999]]]}}, {"type": "Feature", "properties": {"layer": "building", "distance_m": 499.6, "source": "Google Open Buildings", "in_industrial_zone": false, "ghsl_2018": 1}, "geometry": {"type": "Polygon", "coordinates": [[[72.6787688, 23.260953799999996], [72.6788953, 23.2609493], [72.6788965, 23.26097920000001], [72.67877, 23.260983699999997], [72.6787688, 23.260953799999996]]]}}, {"type": "Feature", "properties": {"layer": "building", "distance_m": 168.6, "source": "Microsoft ML Buildings", "in_industrial_zone": false, "ghsl_2018": 0}, "geometry": {"type": "Polygon", "coordinates": [[[72.6796597, 23.257935899999996], [72.6794861, 23.257958400000007], [72.6794638, 23.257813400000003], [72.6795953, 23.257796399999997], [72.6796016, 23.257837400000007], [72.6796437, 23.257832], [72.6796597, 23.257935899999996]]]}}, {"type": "Feature", "properties": {"layer": "building", "distance_m": 417.0, "source": "Google Open Buildings", "in_industrial_zone": false, "ghsl_2018": 1}, "geometry": {"type": "Polygon", "coordinates": [[[72.6793539, 23.2454641], [72.6793626, 23.2454901], [72.6793217, 23.245501799999996], [72.679313, 23.2454758], [72.6793539, 23.2454641]]]}}, {"type": "Feature", "properties": {"layer": "building", "distance_m": 478.9, "source": "Google Open Buildings", "in_industrial_zone": false, "ghsl_2018": 1}, "geometry": {"type": "Polygon", "coordinates": [[[72.6793266, 23.2448807], [72.6793503, 23.244878], [72.6793586, 23.2449408], [72.6793349, 23.244943399999997], [72.6793266, 23.2448807]]]}}, {"type": "Feature", "properties": {"layer": "building", "distance_m": 483.6, "source": "Google Open Buildings", "in_industrial_zone": false, "ghsl_2018": 1}, "geometry": {"type": "Polygon", "coordinates": [[[72.6792233, 23.244848299999997], [72.6792479, 23.2448439], [72.6792582, 23.244892900000004], [72.6792336, 23.244897300000005], [72.6792233, 23.244848299999997]]]}}, {"type": "Feature", "properties": {"layer": "building", "distance_m": 488.6, "source": "Microsoft ML Buildings", "in_industrial_zone": false, "ghsl_2018": 1}, "geometry": {"type": "Polygon", "coordinates": [[[72.679171, 23.244745000000005], [72.6791747, 23.244848400000002], [72.6791023, 23.244850500000002], [72.6790987, 23.244747100000005], [72.679171, 23.244745000000005]]]}}, {"type": "Feature", "properties": {"layer": "building", "distance_m": 494.4, "source": "Microsoft ML Buildings", "in_industrial_zone": false, "ghsl_2018": 1}, "geometry": {"type": "Polygon", "coordinates": [[[72.6789527, 23.2447966], [72.678957, 23.2445946], [72.6790749, 23.244596700000002], [72.6790707, 23.2447987], [72.6789527, 23.2447966]]]}}, {"type": "Feature", "properties": {"layer": "building", "distance_m": 476.2, "source": "Microsoft ML Buildings", "in_industrial_zone": false, "ghsl_2018": 1}, "geometry": {"type": "Polygon", "coordinates": [[[72.6790633, 23.244963300000002], [72.6789884, 23.244959199999986], [72.6789921, 23.244902799999995], [72.6790669, 23.2449068], [72.6790633, 23.244963300000002]]]}}, {"type": "Feature", "properties": {"layer": "building", "distance_m": 484.5, "source": "Microsoft ML Buildings", "in_industrial_zone": false, "ghsl_2018": 1}, "geometry": {"type": "Polygon", "coordinates": [[[72.6790244, 23.2448829], [72.6789542, 23.244890500000004], [72.6789448, 23.2448176], [72.679015, 23.244809999999998], [72.6790244, 23.2448829]]]}}, {"type": "Feature", "properties": {"layer": "building", "distance_m": 451.7, "source": "Microsoft ML Buildings", "in_industrial_zone": false, "ghsl_2018": 1}, "geometry": {"type": "Polygon", "coordinates": [[[72.6790646, 23.245128500000003], [72.6792155, 23.245088199999998], [72.6792331, 23.2451439], [72.6790823, 23.245184200000004], [72.6790646, 23.245128500000003]]]}}, {"type": "Feature", "properties": {"layer": "building", "distance_m": 478.7, "source": "Google Open Buildings", "in_industrial_zone": false, "ghsl_2018": 1}, "geometry": {"type": "Polygon", "coordinates": [[[72.6789069, 23.2448962], [72.678976, 23.2449004], [72.6789731, 23.244941600000004], [72.678904, 23.244937399999998], [72.6789069, 23.2448962]]]}}, {"type": "Feature", "properties": {"layer": "flood_100yr"}, "geometry": {"type": "MultiPolygon", "coordinates": [[[[72.68291813518796, 23.22706666667283], [72.6837514685236, 23.22706666667283], [72.6837514685236, 23.2287333333395], [72.68291813518796, 23.2287333333395], [72.68291813518796, 23.229566666672824], [72.6837514685236, 23.229566666672824], [72.6837514685236, 23.23040000000616], [72.68291813518796, 23.230400000006153], [72.68291813518796, 23.231233333339496], [72.68208480185233, 23.231233333339496], [72.68208480185233, 23.23206666667282], [72.68291813518796, 23.23206666667282], [72.68291813518796, 23.232900000006154], [72.6837514685236, 23.232900000006165], [72.6837514685236, 23.233733333339483], [72.68291813518796, 23.233733333339483], [72.68291813518796, 23.239566666672815], [72.68208480185233, 23.239566666672815], [72.68208480185233, 23.243733333339474], [72.68125146851669, 23.24373333333947], [72.68125146851669, 23.248733333339477], [72.68041813518106, 23.24873333333947], [72.68041813518107, 23.252066666672803], [72.67958480184542, 23.252066666672807], [72.67958480184542, 23.255400000006127], [72.67875146850979, 23.25540000000613], [72.67875146850979, 23.261233333339465], [72.67958480184542, 23.261233333339465], [72.67958480184542, 23.262900000006123], [72.68041813518106, 23.262900000006123], [72.68041813518106, 23.264566666672792], [72.68125146851669, 23.2645666666728], [72.68125146851669, 23.265400000006117], [72.68291813518796, 23.265400000006117], [72.68291813518796, 23.26706666667279], [72.6837514685236, 23.267066666672793], [72.6837514685236, 23.267900000006126], [72.68458480185923, 23.267900000006122], [72.68458480185923, 23.26873333333946], [72.6837514685236, 23.268733333339448], [72.6837514685236, 23.26956666667279], [72.68458480185923, 23.26956666667279], [72.68458480185923, 23.27040000000612], [72.68541813519487, 23.27040000000612], [72.68541813519487, 23.268733333339455], [72.6862514685305, 23.26873333333946], [72.6862514685305, 23.270400000006124], [72.68708480186613, 23.270400000006124], [72.68708480186613, 23.26873333333946], [72.68791813520177, 23.268733333339455], [72.68791813520177, 23.269566666672787], [72.6887514685374, 23.269566666672787], [72.6887514685374, 23.270400000006116], [72.68958480187304, 23.270400000006116], [72.68958480187304, 23.27206666667279], [72.69125146854431, 23.272066666672796], [72.69125146854431, 23.271233333339456], [72.69208480187994, 23.271233333339453], [72.69208480187994, 23.27373333333945], [72.69291813521558, 23.273733333339447], [72.69291813521558, 23.274566666672786], [72.69330445329456, 23.274566667222572], [72.69372365622974, 23.274296519394813], [72.69375146855099, 23.27427468694102], [72.69375146855121, 23.27373333333945], [72.69444109021057, 23.27373333548458], [72.69549629482648, 23.272904987829957], [72.69711763375217, 23.271364016387178], [72.69791813522933, 23.270441910043704], [72.69791813522939, 23.270400000006124], [72.69708480189375, 23.270400000006124], [72.69708480189375, 23.267900000006122], [72.69541813522248, 23.267900000006126], [72.69541813522248, 23.267066666672793], [72.69375146855121, 23.26706666667279], [72.6937514685512, 23.26623333333946], [72.69208480187994, 23.266233333339457], [72.69208480187994, 23.265400000006114], [72.69041813520869, 23.265400000006117], [72.69041813520869, 23.26456666667279], [72.68958480187304, 23.2645666666728], [72.68958480187304, 23.263733333339463], [72.68791813520177, 23.26373333333946], [72.68791813520177, 23.262066666672794], [72.68708480186613, 23.262066666672798], [72.68708480186612, 23.259566666672793], [72.68458480185923, 23.259566666672796], [72.68458480185923, 23.25873333333946], [72.6837514685236, 23.258733333339464], [72.6837514685236, 23.25540000000613], [72.68458480185924, 23.255400000006127], [72.68458480185923, 23.256233333339463], [72.6862514685305, 23.25623333333947], [72.6862514685305, 23.255400000006134], [72.68541813519487, 23.255400000006134], [72.68541813519488, 23.254566666672805], [72.68375146852361, 23.25456666667281], [72.6837514685236, 23.25123333333947], [72.68458480185923, 23.25123333333947], [72.68458480185924, 23.247066666672808], [72.68541813519487, 23.24706666667281], [72.68541813519487, 23.244566666672814], [72.6862514685305, 23.244566666672807], [72.6862514685305, 23.24206666667281], [72.68708480186613, 23.24206666667281], [72.68708480186613, 23.241233333339483], [72.68791813520177, 23.241233333339483], [72.68791813520177, 23.239566666672808], [72.6887514685374, 23.239566666672815], [72.6887514685374, 23.238733333339482], [72.68791813520177, 23.23873333333948], [72.68791813520177, 23.23706666667282], [72.6887514685374, 23.23706666667282], [72.6887514685374, 23.236233333339477], [72.68791813520177, 23.23623333333948], [72.68791813520177, 23.23540000000615], [72.6887514685374, 23.23540000000615], [72.6887514685374, 23.23290000000616], [72.68958480187304, 23.23290000000616], [72.68958480187304, 23.231233333339492], [72.6887514685374, 23.23123333333949], [72.6887514685374, 23.23040000000616], [72.69041813520869, 23.230400000006156], [72.69041813520869, 23.23123333333949], [72.69125146854431, 23.23123333333949], [72.69125146854363, 23.228982950085225], [72.69070297931052, 23.228733333836757], [72.69041813520869, 23.22873333333949], [72.69041813520833, 23.22860370078476], [72.69033911085548, 23.228567736526472], [72.68794767347593, 23.227752959957808], [72.68547740923245, 23.2271728819989], [72.68295520242081, 23.226833815589924], [72.68208480185187, 23.226801568624722], [72.68208480185233, 23.227900000006155], [72.68291813518796, 23.227900000006155], [72.68291813518796, 23.22706666667283]]], [[[72.68041813518106, 23.269566666672787], [72.68125146851669, 23.269566666672787], [72.68125146851669, 23.268733333339455], [72.68041813518106, 23.26873333333945], [72.68041813518106, 23.269566666672787]]], [[[72.68708480186613, 23.272900000006118], [72.6887514685374, 23.272900000006114], [72.6887514685374, 23.272066666672785], [72.68708480186613, 23.272066666672796], [72.68708480186613, 23.272900000006118]]], [[[72.6887514685374, 23.274566666672783], [72.68958480187304, 23.274566666672783], [72.68958480187304, 23.273733333339454], [72.6887514685374, 23.273733333339443], [72.6887514685374, 23.274566666672783]]], [[[72.68958480187214, 23.276666591564393], [72.68978997598569, 23.276582267113458], [72.69041813520712, 23.276254744723712], [72.69041813520869, 23.274566666672786], [72.68958480187304, 23.274566666672783], [72.68958480187214, 23.276666591564393]]], [[[72.68458480185915, 23.27832599102305], [72.68541813519478, 23.278147293966764], [72.68541813519487, 23.27790000000611], [72.68458480185923, 23.277900000006117], [72.68458480185915, 23.27832599102305]]]]}}, {"type": "Feature", "properties": {"layer": "permanent_water_jrc"}, "geometry": {"type": "MultiPolygon", "coordinates": [[[[72.68208480185233, 23.24040000000614], [72.68208480185233, 23.24206666667281], [72.6837514685236, 23.24206666667281], [72.6837514685236, 23.241233333339476], [72.68458480185923, 23.241233333339483], [72.68458480185923, 23.240400000006147], [72.68541813519487, 23.240400000006144], [72.68541813519487, 23.24206666667281], [72.6862514685305, 23.24206666667281], [72.6862514685305, 23.23790000000615], [72.68708480186613, 23.237900000006153], [72.68708480186613, 23.23373333333949], [72.6887514685374, 23.23373333333949], [72.68875146850448, 23.228026822755613], [72.68794767347593, 23.227752959957808], [72.68625146853039, 23.227354654619432], [72.6862514685305, 23.227900000006155], [72.68458480185923, 23.22790000000616], [72.68458480185923, 23.235400000006152], [72.68541813519487, 23.23540000000615], [72.68541813519487, 23.23706666667282], [72.68458480185923, 23.237066666672817], [72.68458480185923, 23.236233333339484], [72.6837514685236, 23.236233333339484], [72.6837514685236, 23.240400000006147], [72.68208480185233, 23.24040000000614]], [[72.68708480186613, 23.227900000006166], [72.68708480186613, 23.231233333339492], [72.6862514685305, 23.23123333333949], [72.6862514685305, 23.227900000006155], [72.68708480186613, 23.227900000006166]], [[72.68541813519487, 23.232900000006165], [72.6862514685305, 23.232900000006158], [72.6862514685305, 23.23540000000615], [72.68541813519487, 23.23540000000615], [72.68541813519487, 23.232900000006165]]], [[[72.68291813518796, 23.24290000000614], [72.68291813518796, 23.243733333339478], [72.6837514685236, 23.243733333339478], [72.6837514685236, 23.24290000000614], [72.68291813518796, 23.24290000000614]]], [[[72.68208480185234, 23.247066666672808], [72.68208480185233, 23.24873333333947], [72.68041813518106, 23.24873333333947], [72.68041813518106, 23.253733333339458], [72.68125146851669, 23.25373333333947], [72.68125146851669, 23.25290000000614], [72.68375146852358, 23.252900000006136], [72.68375146852361, 23.247066666672815], [72.68458480185924, 23.247066666672808], [72.68458480185923, 23.24456666667281], [72.68541813519487, 23.244566666672814], [72.68541813519487, 23.24206666667281], [72.68458480185923, 23.24206666667281], [72.68458480185923, 23.243733333339478], [72.6837514685236, 23.243733333339478], [72.6837514685236, 23.246233333339475], [72.68208480185234, 23.246233333339475], [72.68208480185233, 23.244566666672814], [72.68125146851669, 23.244566666672814], [72.68125146851669, 23.247066666672808], [72.68208480185234, 23.247066666672808]], [[72.68208480185234, 23.251233333339467], [72.68208480185233, 23.2520666666728], [72.6812514685167, 23.252066666672803], [72.68125146851669, 23.251233333339467], [72.68208480185234, 23.251233333339467]]], [[[72.68208480185233, 23.254566666672805], [72.68125146851669, 23.254566666672805], [72.68125146851669, 23.255400000006127], [72.68208480185233, 23.255400000006127], [72.68208480185233, 23.254566666672805]]], [[[72.67958480184542, 23.25790000000613], [72.68208480185234, 23.25790000000613], [72.68208480185234, 23.257066666672795], [72.68041813518106, 23.257066666672795], [72.68041813518106, 23.253733333339458], [72.67958480184542, 23.25373333333946], [72.67958480184542, 23.25790000000613]]], [[[72.68291813518798, 23.255400000006137], [72.68208480185233, 23.255400000006127], [72.68208480185234, 23.257066666672795], [72.68291813518796, 23.257066666672795], [72.68291813518798, 23.255400000006137]]], [[[72.68458480185923, 23.262066666672798], [72.6837514685236, 23.262066666672794], [72.6837514685236, 23.258733333339464], [72.68208480185233, 23.258733333339457], [72.68208480185233, 23.261233333339465], [72.68125146851669, 23.26123333333946], [72.68125146851669, 23.259566666672796], [72.68041813518107, 23.2595666666728], [72.68041813518107, 23.25873333333946], [72.67958480184542, 23.25873333333946], [72.67958480184542, 23.261233333339465], [72.68041813518107, 23.26123333333946], [72.68041813518106, 23.26373333333946], [72.68208480185233, 23.263733333339463], [72.68208480185233, 23.26540000000612], [72.68458480185923, 23.265400000006114], [72.68458480185923, 23.264566666672792], [72.6837514685236, 23.264566666672792], [72.6837514685236, 23.263733333339456], [72.68458480185923, 23.26373333333946], [72.68458480185923, 23.262066666672798]]], [[[72.68458480185923, 23.26373333333946], [72.68458480185923, 23.264566666672792], [72.68541813519487, 23.264566666672795], [72.68541813519487, 23.263733333339456], [72.68458480185923, 23.26373333333946]]], [[[72.68708480186613, 23.265400000006117], [72.68708480186613, 23.26456666667279], [72.68541813519487, 23.264566666672795], [72.68541813519487, 23.265400000006117], [72.68708480186613, 23.265400000006117]]], [[[72.68125146851669, 23.268733333339455], [72.68041813518106, 23.26873333333945], [72.68041813518106, 23.269566666672787], [72.68125146851669, 23.269566666672787], [72.68125146851669, 23.268733333339455]]], [[[72.68541813519487, 23.269566666672787], [72.68458480185923, 23.26956666667279], [72.68458480185923, 23.27040000000612], [72.68541813519487, 23.27040000000612], [72.68541813519487, 23.269566666672787]]], [[[72.68541813519487, 23.27790000000611], [72.68458480185923, 23.277900000006117], [72.68458480185915, 23.27832599102305], [72.68541813519478, 23.278147293966764], [72.68541813519487, 23.27790000000611]]], [[[72.69041813520869, 23.265400000006117], [72.68708480186613, 23.265400000006117], [72.68708480186613, 23.266233333339457], [72.68541813519487, 23.266233333339454], [72.68541813519487, 23.265400000006117], [72.68458480185923, 23.265400000006114], [72.68458480185923, 23.267066666672793], [72.6887514685374, 23.26706666667279], [72.6887514685374, 23.267900000006122], [72.69041813520869, 23.267900000006122], [72.69041813520869, 23.26873333333945], [72.69208480187994, 23.268733333339455], [72.69208480187994, 23.267900000006126], [72.69375146855121, 23.26790000000613], [72.69375146855121, 23.26706666667279], [72.69041813520869, 23.26706666667279], [72.69041813520869, 23.265400000006117]]], [[[72.69458480188685, 23.26956666667279], [72.69541813522248, 23.269566666672787], [72.69541813522248, 23.27040000000612], [72.69625146855812, 23.27040000000612], [72.69625146855812, 23.26873333333946], [72.69541813522248, 23.26873333333945], [72.69541813522248, 23.267900000006126], [72.69458480188685, 23.26790000000612], [72.69458480188685, 23.26956666667279]]], [[[72.69458480188685, 23.272066666672792], [72.69541813522248, 23.272066666672792], [72.69541813522248, 23.27040000000612], [72.69458480188685, 23.270400000006124], [72.69458480188685, 23.272066666672792]]], [[[72.69708480189375, 23.270400000006124], [72.69625146855812, 23.27040000000612], [72.69625146855812, 23.27206666667279], [72.69637834414561, 23.27206666695815], [72.69708480189254, 23.271395221338267], [72.69708480189375, 23.270400000006124]]], [[[72.6887514685374, 23.272066666672785], [72.68708480186613, 23.272066666672796], [72.68708480186613, 23.272900000006118], [72.6887514685374, 23.272900000006114], [72.6887514685374, 23.272066666672785]]], [[[72.69625146855812, 23.27206666667279], [72.69541813522248, 23.272066666672792], [72.69541813522248, 23.272900000006114], [72.69550154266369, 23.272900000205247], [72.69625146855797, 23.272187253522052], [72.69625146855812, 23.27206666667279]]], [[[72.68958480187304, 23.273733333339454], [72.6887514685374, 23.273733333339443], [72.6887514685374, 23.274566666672783], [72.68958480187304, 23.274566666672783], [72.68958480187304, 23.273733333339454]]], [[[72.69041813520869, 23.274566666672786], [72.68958480187304, 23.274566666672783], [72.68958480187214, 23.276666591564393], [72.68978997598569, 23.276582267113458], [72.69041813520712, 23.276254744723712], [72.69041813520869, 23.274566666672786]]]]}}, {"type": "Feature", "properties": {"layer": "airport", "name": "Sardar Vallabhbhai Patel International Airport", "icao": "VAAH", "distance_m": 17692.6}, "geometry": {"type": "Polygon", "coordinates": [[[72.6181892, 23.066132700000008], [72.6183405, 23.065940199999993], [72.6171844, 23.0641023], [72.6197909, 23.062439299999998], [72.6199697, 23.0625277], [72.620325, 23.06263450000001], [72.620451, 23.062597800000002], [72.620591, 23.0622986], [72.6202882, 23.0621649], [72.6202971, 23.062112700000004], [72.6205151, 23.062001399999993], [72.6205527, 23.061961000000004], [72.6207457, 23.0618413], [72.6217429, 23.0612232], [72.6221107, 23.060982800000005], [72.6222067, 23.060880799999993], [72.6233767, 23.060098000000004], [72.6236861, 23.059907200000005], [72.6244789, 23.0601362], [72.6245147, 23.060146600000003], [72.6245489, 23.060156399999997], [72.6246508, 23.0601859], [72.6254295, 23.06039000000001], [72.6260272, 23.0605289], [72.6262398, 23.060568599999996], [72.6263199, 23.060591300000002], [72.6263815, 23.060642299999998], [72.6264462, 23.06072169999999], [72.6266126, 23.0609002], [72.6267759, 23.061059], [72.6269823, 23.0612206], [72.6271548, 23.061362299999995], [72.6272565, 23.0614672], [72.6273661, 23.061626400000005], [72.6274782, 23.061811199999994], [72.6276089, 23.0619917], [72.6280369, 23.06247309999999], [72.6284922, 23.062996800000004], [72.6286792, 23.063223099999995], [72.6288865, 23.063434599999997], [72.6285426, 23.063900700000005], [72.6289543, 23.064016900000002], [72.6287424, 23.064850999999997], [72.6282044, 23.065317700000005], [72.6287839, 23.0659361], [72.6305115, 23.067960399999997], [72.6316712, 23.066897100000002], [72.6318432, 23.066943500000004], [72.6318676, 23.066955599999996], [72.631892, 23.066974599999998], [72.6318995, 23.0669884], [72.6319108, 23.0670333], [72.6318995, 23.067085199999994], [72.6318939, 23.067137000000002], [72.6319033, 23.067169800000006], [72.63191260000002, 23.067188800000004], [72.63196520000001, 23.0672216], [72.6320347, 23.067263099999998], [72.63204600000002, 23.067323600000012], [72.632017, 23.067452100000008], [72.6319761, 23.067626599999997], [72.6319369, 23.067769499999994], [72.631945, 23.067847699999998], [72.63200220000002, 23.067877699999997], [72.6320954, 23.0678883], [72.6311722, 23.0687288], [72.63194270000001, 23.0696247], [72.631933, 23.0696904], [72.6324551, 23.0703103], [72.6325078, 23.071708899999994], [72.6332358, 23.072749700000003], [72.6347442, 23.0748148], [72.6358398, 23.076305], [72.6368864, 23.077753999999995], [72.6374842, 23.0773308], [72.6404868, 23.080151999999995], [72.6403514, 23.080439799999994], [72.6421612, 23.082118799999996], [72.6426173, 23.082538700000004], [72.6430624, 23.0829501], [72.6433674, 23.083230599999997], [72.6438471, 23.083668199999995], [72.6443248, 23.084074000000008], [72.6446277, 23.084307700000004], [72.6450533, 23.0846361], [72.645344, 23.084870999999996], [72.6458737, 23.085542600000004], [72.6460802, 23.085744999999996], [72.6461473, 23.085880700000004], [72.6469198, 23.086690000000004], [72.6470512, 23.0865592], [72.6477781, 23.087203200000005], [72.6483861, 23.087852500000004], [72.6490188, 23.088501900000004], [72.6479704, 23.089558700000005], [72.6499967, 23.09146949999999], [72.6496216, 23.0917996], [72.6495537, 23.0918593], [72.6475653, 23.089974000000005], [72.6466399, 23.09085830000001], [72.6457606, 23.090109100000003], [72.6449223, 23.089343899999996], [72.6440202, 23.088524000000003], [72.6434487, 23.087996800000013], [72.6427607, 23.087357900000004], [72.6416027, 23.086277999999997], [72.6407298, 23.085468199999994], [72.6403244, 23.085088900000002], [72.6398641, 23.084658200000007], [72.6386072, 23.083480599999998], [72.6380709, 23.082962200000004], [72.6376793, 23.082584699999998], [72.6370409, 23.0819777], [72.636703, 23.081654500000003], [72.6351349, 23.080159500000008], [72.6351207, 23.080172500000003], [72.6350597, 23.080116299999997], [72.6350721, 23.0801025], [72.634765, 23.0798111], [72.6346692, 23.079898200000002], [72.6344361, 23.0801136], [72.6337354, 23.0795251], [72.6334218, 23.079512300000005], [72.6325429, 23.079505499999996], [72.6309991, 23.0795163], [72.6299063, 23.079551400000003], [72.6295032, 23.0794736], [72.6294831, 23.079410399999997], [72.6295016, 23.0793299], [72.6295067, 23.0792045], [72.6297317, 23.0785398], [72.628935, 23.078361100000002], [72.6288618, 23.078644700000005], [72.62834010000002, 23.078527100000006], [72.6280648, 23.079027999999997], [72.6279822, 23.079002099999993], [72.6279735, 23.079053399999996], [72.6272198, 23.078957000000003], [72.6264761, 23.0788101], [72.6264508, 23.078972800000003], [72.6256973, 23.078782200000003], [72.6257353, 23.077577200000004], [72.6264755, 23.077575599999996], [72.62675760000002, 23.0775727], [72.6267582, 23.077434500000003], [72.626718, 23.077007600000012], [72.625439, 23.0758054], [72.6250912, 23.076121100000005], [72.6244348, 23.075513399999995], [72.6241363, 23.075232299999993], [72.6237601, 23.074878000000002], [72.6234293, 23.0745665], [72.6231942, 23.0743452], [72.6229678, 23.074132000000002], [72.622662, 23.073844100000002], [72.6227972, 23.073723599999997], [72.62264, 23.073558599999995], [72.6228104, 23.073415000000004], [72.6228996, 23.073339599999997], [72.6229842, 23.0732156], [72.6230265, 23.073133500000004], [72.6230594, 23.072978], [72.6230675, 23.072797800000004], [72.62305410000002, 23.072635000000002], [72.6229414, 23.072482000000004], [72.622869, 23.072388200000002], [72.6224372, 23.072010700000003], [72.6224211, 23.0714332], [72.6235503, 23.070382000000002], [72.6224533, 23.0693641], [72.6222709, 23.0695171], [72.621945, 23.069820599999996], [72.6219052, 23.0698535], [72.6219679, 23.069912900000002], [72.6218568, 23.0700138], [72.6213764, 23.0705412], [72.6212007, 23.0703894], [72.6211645, 23.070422700000005], [72.6211229, 23.07046100000001], [72.6213294, 23.070641100000003], [72.6212972, 23.070685499999996], [72.6213241, 23.0707176], [72.620675, 23.071307400000002], [72.6205704, 23.071243200000005], [72.620337, 23.0714554], [72.6206937, 23.07179350000001], [72.6195699, 23.072805200000005], [72.6194251, 23.072672000000008], [72.6193982, 23.072699100000005], [72.6194304, 23.0727312], [72.6192829, 23.0728768], [72.6194918, 23.073073999999995], [72.6182848, 23.074239599999995], [72.6180384, 23.073999600000008], [72.6179877, 23.074044800000003], [72.6179472, 23.074081000000003], [72.61753140000002, 23.0744832], [72.6172944, 23.0747068], [72.6154348, 23.076451800000005], [72.6150839, 23.076141899999993], [72.6140824, 23.077069700000003], [72.6127301, 23.076046000000005], [72.6137633, 23.0750607], [72.6128593, 23.0743013], [72.6128259, 23.074244700000005], [72.6124208, 23.0739105], [72.61714640000001, 23.068690399999998], [72.6182197, 23.0675276], [72.6181892, 23.066132700000008]]]}}, {"type": "Feature", "properties": {"layer": "airport_reference_point", "name": "Sardar Vallabhbhai Patel International Airport", "icao": "VAAH", "distance_m": 19590.5}, "geometry": {"type": "Point", "coordinates": [72.634697, 23.077200000000005]}}]}