{"type": "FeatureCollection", "features": [{"type": "Feature", "properties": {"layer": "outline_2026", "site": "VAD-02"}, "geometry": {"type": "MultiPolygon", "coordinates": [[[[73.16695987450905, 22.277461429989266], [73.16686179562076, 22.277423556038897], [73.16668746575965, 22.277417310685188], [73.16669473149024, 22.277368708471776], [73.16666962304498, 22.27731259217197], [73.16632561207169, 22.2771841770009], [73.1662465657752, 22.27723230983658], [73.16627461754541, 22.277399166016778], [73.1663145319009, 22.277990243059747], [73.16617198379656, 22.278059905931965], [73.16617310102039, 22.27818030352189], [73.16664153349191, 22.27814099633237], [73.16660841268876, 22.277549357771914], [73.16695999755908, 22.277540768900376], [73.16695987450905, 22.277461429989266]]], [[[73.16759355035403, 22.2795064453419], [73.16756606375341, 22.27889543132185], [73.16751391651685, 22.278968313897725], [73.16702460384418, 22.27903072099673], [73.16699654274738, 22.279183108059723], [73.1672915322423, 22.27916071986227], [73.16729285027853, 22.279224146284545], [73.16713067092168, 22.2792433499169], [73.16713643690423, 22.279298394494973], [73.16710350859088, 22.279353220616212], [73.1671006482856, 22.279443459717786], [73.16701098221415, 22.27945372383728], [73.16701946262762, 22.279495405243743], [73.16690381126503, 22.27950269242081], [73.16690651671637, 22.27954691499524], [73.16759355035403, 22.2795064453419]]]]}}, {"type": "Feature", "properties": {"layer": "union_2016_2026", "site": "VAD-02"}, "geometry": {"type": "MultiPolygon", "coordinates": [[[[73.16629315052353, 22.277203943481354], [73.1662170640437, 22.277190329364906], [73.1662465219853, 22.2773739027017], [73.16627475620079, 22.277499373151638], [73.16627369886076, 22.27760708692141], [73.16630509487935, 22.277850493863703], [73.1663145319009, 22.277990243059747], [73.16617198379656, 22.278059905931965], [73.16617310102039, 22.27818030352189], [73.16635183049046, 22.2781653061058], [73.16634838178273, 22.278177590924912], [73.16644632990736, 22.278277396409727], [73.16676378408289, 22.278258118167223], [73.16685293873618, 22.278159129544274], [73.16685333838394, 22.27806920558747], [73.16664393682059, 22.278069460610634], [73.16663420699773, 22.277929900656634], [73.16666455968065, 22.277930033255778], [73.16663863883952, 22.277558167898523], [73.16696805588792, 22.277547213413875], [73.16701574713797, 22.27804354197641], [73.16701494813736, 22.278045649276862], [73.16689340814499, 22.278038097993328], [73.1668847872815, 22.27812622328815], [73.16690799190731, 22.278185142486745], [73.1668876002343, 22.278186420341296], [73.1668987172799, 22.2783092542356], [73.16694122303662, 22.278797894958554], [73.16694293784522, 22.278797852626724], [73.16694356459877, 22.27880477768869], [73.1671438168506, 22.278801796031765], [73.16716318949965, 22.278855301716263], [73.16712200301836, 22.27886864337187], [73.16686753198015, 22.278878056740513], [73.16684740632269, 22.27880272214852], [73.1665542594465, 22.278836083957557], [73.16654771253305, 22.278843976678598], [73.16646650253723, 22.278764006442927], [73.1664400279046, 22.278973797179454], [73.16643093655105, 22.27898475735507], [73.16643747075805, 22.278994060519643], [73.16642803043972, 22.27906886742168], [73.16628087217299, 22.279237223807353], [73.16623126729574, 22.279299610664754], [73.16617097804422, 22.279360253993666], [73.16620262552186, 22.27959489686055], [73.16711533165368, 22.279542647545608], [73.16711533314405, 22.279542668038324], [73.16712419560277, 22.279542140089255], [73.16761708322066, 22.279513921764927], [73.16761769577795, 22.279312123493135], [73.16760233377363, 22.27932647321138], [73.16760061048382, 22.279299178958343], [73.1675837617119, 22.279288848582393], [73.16757137816941, 22.2790135683123], [73.16757143666244, 22.27896335642247], [73.16756719206238, 22.27886862345108], [73.16755868765375, 22.278827794974195], [73.16756058952012, 22.278826923037652], [73.16755836224179, 22.278774811432978], [73.16756214242407, 22.278341598218503], [73.16752695303438, 22.278189625482984], [73.16751386148748, 22.278026605565007], [73.1675085521817, 22.277928738790422], [73.16751000398446, 22.27792597155206], [73.16750499783357, 22.277863221240402], [73.16748775221733, 22.277545331329186], [73.16743155357611, 22.27753138125162], [73.16743082522741, 22.27751941340483], [73.16735543168669, 22.27748464920262], [73.16727023836191, 22.277462854993995], [73.16724586382324, 22.277476982488917], [73.16721378204652, 22.27746698432188], [73.16710923154737, 22.277451371469756], [73.16704350171057, 22.27743505530804], [73.16704383570067, 22.277431905291238], [73.16686782478699, 22.27738634520891], [73.1668587584048, 22.277389196192534], [73.16678611653235, 22.277371164123895], [73.16677113451101, 22.277378443102386], [73.16668178373392, 22.277339770796527], [73.16666962304498, 22.27731259217197], [73.16632561207169, 22.2771841770009], [73.16629315052353, 22.277203943481354]], [[73.16657931708794, 22.279532594126533], [73.16656550180453, 22.279219902888617], [73.16673569753294, 22.279143929896343], [73.16700603898491, 22.279131538355596], [73.16699654274738, 22.279183108059723], [73.16727799126316, 22.279161747565468], [73.16729159598216, 22.27916378714494], [73.16729285027853, 22.279224146284545], [73.16713067092168, 22.2792433499169], [73.16713607737009, 22.2792949622261], [73.1670977364106, 22.279300710468867], [73.16710291568108, 22.279371926210157], [73.1671006482856, 22.279443459717786], [73.16701098221415, 22.27945372383728], [73.16701946262762, 22.279495405243743], [73.16690381126503, 22.27950269242081], [73.16690441521591, 22.279512564439038], [73.16657931708794, 22.279532594126533]], [[73.16718119759436, 22.278603476545225], [73.16716274049912, 22.278623219506898], [73.16715563404905, 22.278560597935726], [73.16718119759436, 22.278603476545225]]], [[[73.16944359559041, 22.27783907152858], [73.16927607505369, 22.27807621014133], [73.16943404951837, 22.278060597505252], [73.16943257758737, 22.27809475499045], [73.16986531168959, 22.27801797500398], [73.16991569979851, 22.278145964295437], [73.1699855461668, 22.27863323845166], [73.16999128824258, 22.278992267898616], [73.17003629786136, 22.279201696249984], [73.17003534470757, 22.279341524168792], [73.17005154761054, 22.279340147432528], [73.17006101663974, 22.279671072330476], [73.17013160176212, 22.279812960828547], [73.17030547205971, 22.280014381665136], [73.17050776549294, 22.280093289793253], [73.17081195935255, 22.279934471668433], [73.17108169344908, 22.279850624347326], [73.17150032457683, 22.27960613400199], [73.17166639325707, 22.279555149212904], [73.17188688154275, 22.279413996031604], [73.171936075677, 22.279080362837327], [73.17203518225776, 22.278783590274077], [73.17209739759286, 22.27815598041783], [73.17191790658892, 22.277737750781764], [73.17161096151872, 22.27726907610746], [73.17155433635637, 22.277096490393316], [73.17121298596804, 22.277132188223156], [73.17067584208789, 22.277294838123176], [73.17006822052959, 22.277521210087638], [73.170021881457, 22.277544791422283], [73.16959939621515, 22.277558737451972], [73.16944359559041, 22.27783907152858]]]]}}, {"type": "Feature", "properties": {"layer": "buffer_100m", "site": "VAD-02"}, "geometry": {"type": "Polygon", "coordinates": [[[73.16531562353833, 22.27763529029298], [73.16527449097823, 22.277716669776833], [73.16524225940641, 22.277801453384996], [73.16521924849982, 22.277888800265423], [73.16520568648973, 22.27797784414295], [73.16520170789754, 22.27806770191056], [73.16520282429094, 22.278188099507005], [73.16520821486021, 22.278275682090698], [73.16522271079795, 22.278362364639964], [73.16524617532647, 22.278447329154435], [73.16527838703279, 22.278529773844948], [73.16531904195747, 22.27860892069992], [73.16536775646254, 22.27868402282744], [73.16542407085133, 22.278754371503677], [73.1654874537062, 22.278819302861148], [73.16555730690325, 22.278878204153777], [73.16563297125647, 22.27893051953941], [73.16571373273847, 22.278975755325533], [73.16579882921862, 22.27901348462827], [73.16588745765547, 22.27904335140112], [73.16597878167514, 22.279065073795046], [73.16603457516135, 22.279073083090086], [73.16602937072061, 22.279112656217407], [73.16602208599951, 22.279125697942753], [73.16598684003735, 22.279207375001942], [73.16596030489306, 22.279291857480356], [73.16594273265474, 22.279378342831343], [73.16593429026796, 22.279466009480327], [73.16593505794903, 22.2795540246294], [73.16593776309678, 22.27959824721968], [73.16594789313085, 22.279686725690496], [73.16596732974958, 22.27977384686924], [73.16599588427376, 22.27985876495854], [73.1660332795036, 22.279940655547733], [73.16607915240915, 22.2800187236167], [73.1661330576545, 22.280092211254285], [73.16619447192049, 22.280160405016574], [73.16626279898523, 22.2802226428535], [73.16633737551213, 22.280278320536475], [73.16641747748982, 22.280326897524695], [73.16650232726109, 22.280367902213204], [73.16659110107297, 22.280400936511583], [73.16668293707423, 22.280425679709015], [73.166776943683, 22.280441891588023], [73.16687220824308, 22.280449414756703], [73.16696780588475, 22.280448176176893], [73.16765484390716, 22.28040770626887], [73.16774818848931, 22.280397968026808], [73.16784008400293, 22.280379875694113], [73.167929669323, 22.280353598808638], [73.16801610497389, 22.280319383603114], [73.16809858099613, 22.28027755069767], [73.16817632453665, 22.280228492095244], [73.1682486070911, 22.28017266750804], [73.16831475133064, 22.280110600049547], [73.16837413744891, 22.280042871332373], [73.16842620896995, 22.27997011601799], [73.1684704779626, 22.279893015869266], [73.16850652961236, 22.27981229336179], [73.16853402610813, 22.279728704913598], [73.1685527098072, 22.27964303379698], [73.16856240564897, 22.279556082798585], [73.16856302279479, 22.279468666696836], [73.16853553199012, 22.278857652837953], [73.16852709332629, 22.278770781592502], [73.16850968893871, 22.278685073268093], [73.16848348121398, 22.278601327461885], [73.16844871466638, 22.278520325460764], [73.16840571365613, 22.27844282295262], [73.16835487936288, 22.278369542976506], [73.1682966860427, 22.278301169177418], [73.1682316766032, 22.27823833942858], [73.16816045753856, 22.278181639880852], [73.16808369327129, 22.278131599494596], [73.16800209995365, 22.27808868510512], [73.16791643878678, 22.27805329706771], [73.16782750891939, 22.27802576552284], [73.16778380225408, 22.278016476758747], [73.16781990459867, 22.277959128585284], [73.1678592597802, 22.27787996721541], [73.16789022560486, 22.277797641449386], [73.16791251320286, 22.277712919316304], [73.16792591466613, 22.27762659119995], [73.16793030498731, 22.277539462465082], [73.16793018138998, 22.277460123554693], [73.16792538759033, 22.277371766810607], [73.16791132752111, 22.277284270613972], [73.16788813613725, 22.277198474686813], [73.16785603602811, 22.27711520243181], [73.16781533528052, 22.27703525302998], [73.1677664245215, 22.27695939377092], [73.16770977316894, 22.276888352689166], [73.16764592492605, 22.276822811577333], [73.16757549256324, 22.27676339944303], [73.167499152037, 22.27671068647243], [73.16741763600271, 22.276665178558375], [73.1673317267833, 22.2766273124454], [73.16726904511906, 22.276603107448807], [73.16720147775747, 22.276557276102697], [73.16711836312577, 22.276511905119072], [73.16703082329262, 22.276474430119414], [73.16668681403932, 22.276346015700344], [73.16659875452821, 22.2763176316332], [73.16650817550124, 22.276297240839142], [73.16641591247667, 22.27628503140662], [73.16632281650527, 22.276281115957612], [73.16622974632065, 22.276285530608924], [73.16613756041862, 22.27629823463903], [73.1660471091386, 22.276319110863664], [73.16595922682052, 22.27634796671669], [73.16587472410899, 22.276384536026292], [73.16579438047616, 22.276428481470024], [73.1657153344226, 22.276476614051607], [73.16564028995913, 22.276527232858225], [73.16557077679832, 22.276584284445462], [73.16550742914471, 22.276647248307846], [73.1654508249546, 22.27671554999907], [73.16540148066312, 22.27678856637266], [73.16535984647216, 22.276865631267007], [73.16532630224292, 22.276946041582917], [73.16530115402966, 22.277029063698148], [73.16528463128716, 22.277113940160447], [73.16527688477657, 22.277199896598066], [73.16527798518953, 22.27728614878468], [73.16528792250261, 22.277371909794294], [73.1653090352376, 22.2774974966679], [73.16531808117469, 22.277631468647723], [73.16531562353833, 22.27763529029298]], [[73.16695999755908, 22.277540768900376], [73.16660841268876, 22.277549357771914], [73.16664153349191, 22.27814099633237], [73.16617310102039, 22.27818030352189], [73.16617198379656, 22.278059905931965], [73.1663145319009, 22.277990243059747], [73.16627461754541, 22.277399166016778], [73.1662465657752, 22.27723230983658], [73.16632561207169, 22.2771841770009], [73.16666962304498, 22.27731259217197], [73.16669473149024, 22.277368708471776], [73.16668746575965, 22.277417310685188], [73.16686179562076, 22.277423556038897], [73.16695987450905, 22.277461429989266], [73.16695999755908, 22.277540768900376]], [[73.16690651671637, 22.27954691499524], [73.16690381126503, 22.27950269242081], [73.16701946262762, 22.279495405243743], [73.16701098221415, 22.27945372383728], [73.1671006482856, 22.279443459717786], [73.16710350859088, 22.279353220616212], [73.16713643690423, 22.279298394494973], [73.16713067092168, 22.2792433499169], [73.16729285027853, 22.279224146284545], [73.1672915322423, 22.27916071986227], [73.16699654274738, 22.279183108059723], [73.16702460384418, 22.27903072099673], [73.16751391651685, 22.278968313897725], [73.16756606375341, 22.27889543132185], [73.16759355035403, 22.2795064453419], [73.16690651671637, 22.27954691499524]]]}}, {"type": "Feature", "properties": {"layer": "buffer_200m", "site": "VAD-02"}, "geometry": {"type": "Polygon", "coordinates": [[[73.16431253843281, 22.277542995507048], [73.16426651552098, 22.277717689005698], [73.16423939031041, 22.27789577660318], [73.16423143189103, 22.278075492091702], [73.16423254745398, 22.278195889694643], [73.1642433273915, 22.27837105492507], [73.16427231811524, 22.27854442019155], [73.16431924611315, 22.278714349486997], [73.16438366859917, 22.278879239223052], [73.16446497768935, 22.27903753336319], [73.16456240613628, 22.27918773810739], [73.16467503456786, 22.279328435989548], [73.16480180016188, 22.27945829925478], [73.16494150667484, 22.279576102390184], [73.16496619780179, 22.27959317424593], [73.16496630392597, 22.279605351058308], [73.16496900877011, 22.279649573664436], [73.16498926763956, 22.279826530724147], [73.16502813975214, 22.280000773304806], [73.16508524779303, 22.28017060980299], [73.16516003740158, 22.280334391385033], [73.16525178255105, 22.280490527995024], [73.16535959259504, 22.280637503792374], [73.16548242091268, 22.280773891869043], [73.16561907506846, 22.280898368103486], [73.16576822838819, 22.281009724016812], [73.16592843283878, 22.281106878506236], [73.1660981330867, 22.281188888341937], [73.16627568159862, 22.28125495732534], [73.16645935463775, 22.281304444019796], [73.16664736900013, 22.281336867978755], [73.16683789932898, 22.28135191441064], [73.16702909583815, 22.28134943723546], [73.16771613824548, 22.281308967072736], [73.16790282858472, 22.28128949046666], [73.16808662071352, 22.281253305578197], [73.16826579234073, 22.281200751491387], [73.16843866447819, 22.28113232068351], [73.16860361717568, 22.28104865440967], [73.16875910470264, 22.28095053669303], [73.16890367003373, 22.28083888697716], [73.16903595850292, 22.28071475150928], [73.16915473049785, 22.28057929353523], [73.16925887307572, 22.280433782398088], [73.16934741039148, 22.280279581642645], [73.16941951284123, 22.280118136237178], [73.16947450483453, 22.27995095903238], [73.16951187112325, 22.279779616584342], [73.1695312616277, 22.279605714474414], [73.1695324947147, 22.27943088226368], [73.16950499970596, 22.278819868566057], [73.16948812119581, 22.278646126173708], [73.16945331130152, 22.278474709725494], [73.16940089483802, 22.27830721840823], [73.16933136087161, 22.2781452147847], [73.16924535815515, 22.27799021021658], [73.16914368907389, 22.2778436507653], [73.16902730215834, 22.277706903702178], [73.16889838744369, 22.277582311936953], [73.16890061239745, 22.277538150231994], [73.16890048825283, 22.277458811322305], [73.16889089944068, 22.277282097890307], [73.1688627781365, 22.277107105660104], [73.16881639429486, 22.27693551406958], [73.16875219313556, 22.276768969913956], [73.1686707908683, 22.276609071541696], [73.1685729687767, 22.276457353515486], [73.16845966571849, 22.27631527188556], [73.16833196911364, 22.276184190216696], [73.1681911045075, 22.276065366502877], [73.16803842380845, 22.275959941095216], [73.16787539231376, 22.275868925758918], [73.16775163786978, 22.275814378739636], [73.16773332675812, 22.275801958221138], [73.16756709809775, 22.275711216747094], [73.16739201923554, 22.27563626717685], [73.16704801170216, 22.275507853509755], [73.16687189361903, 22.275451085713524], [73.16669073662814, 22.275410304375246], [73.16650621172671, 22.275385885662565], [73.16632002097417, 22.275378054813896], [73.1661338817939, 22.275386884061025], [73.16594951113368, 22.275412291962898], [73.16576860963033, 22.275454044156838], [73.16559284592476, 22.27551175551999], [73.16542384127196, 22.275584893721312], [73.1652631545879, 22.275672784131338], [73.16518410877723, 22.275720916458823], [73.16503402022035, 22.275822153555517], [73.16489499404749, 22.275936256190686], [73.16476829866232, 22.27606218337307], [73.16465508998031, 22.27619878622976], [73.16455640088262, 22.276344818486937], [73.1644731317919, 22.27649894783926], [73.16440604245622, 22.276659768104235], [73.16435574501617, 22.27682581205071], [73.16432269841808, 22.27699556478453], [73.16430720422485, 22.277167477569137], [73.16430940386245, 22.277339981955212], [73.16432816387969, 22.277501894257227], [73.16431253843281, 22.277542995507048]], [[73.16695999755908, 22.277540768900376], [73.16660841268876, 22.277549357771914], [73.16664153349191, 22.27814099633237], [73.16617310102039, 22.27818030352189], [73.16617198379656, 22.278059905931965], [73.1663145319009, 22.277990243059747], [73.16627461754541, 22.277399166016778], [73.1662465657752, 22.27723230983658], [73.16632561207169, 22.2771841770009], [73.16666962304498, 22.27731259217197], [73.16669473149024, 22.277368708471776], [73.16668746575965, 22.277417310685188], [73.16686179562076, 22.277423556038897], [73.16695987450905, 22.277461429989266], [73.16695999755908, 22.277540768900376]], [[73.16690651671637, 22.27954691499524], [73.16690381126503, 22.27950269242081], [73.16701946262762, 22.279495405243743], [73.16701098221415, 22.27945372383728], [73.1671006482856, 22.279443459717786], [73.16710350859088, 22.279353220616212], [73.16713643690423, 22.279298394494973], [73.16713067092168, 22.2792433499169], [73.16729285027853, 22.279224146284545], [73.1672915322423, 22.27916071986227], [73.16699654274738, 22.279183108059723], [73.16702460384418, 22.27903072099673], [73.16751391651685, 22.278968313897725], [73.16756606375341, 22.27889543132185], [73.16759355035403, 22.2795064453419], [73.16690651671637, 22.27954691499524]]]}}, {"type": "Feature", "properties": {"layer": "river", "name": "", "osm": "way/55447220", "distance_m": 1589.4}, "geometry": {"type": "LineString", "coordinates": [[73.1656407, 22.2628451], [73.1655637, 22.262665499999994], [73.16554520000001, 22.2625201], [73.1656314, 22.262089500000002], [73.1658009, 22.2609832], [73.1660597, 22.260458499999995], [73.1663308, 22.259762799999997], [73.1666852, 22.259149700000002], [73.1668762, 22.258901599999998], [73.1670087, 22.258727699999998], [73.1670118, 22.258479599999998], [73.1669532, 22.257997699999994], [73.1667684, 22.257555700000008], [73.1666852, 22.2572392], [73.166639, 22.257014000000005], [73.1664448, 22.256777300000003], [73.1660778, 22.256533599999997], [73.1658132, 22.256184199999996], [73.1657732, 22.2558448], [73.1657516, 22.2552546], [73.1657578, 22.254975099999992], [73.16593340000001, 22.254849699999998], [73.1660874, 22.2548268], [73.1662939, 22.2547955], [73.1664264, 22.2547613], [73.1666759, 22.254647200000004], [73.16671892291986, 22.254627104425907]]}}, {"type": "Feature", "properties": {"layer": "river", "name": "Vishwamitri River", "osm": "way/55447221", "distance_m": 469.5}, "geometry": {"type": "LineString", "coordinates": [[73.1799909, 22.292386400000005], [73.1796648, 22.292283199999993], [73.1791449, 22.292256800000004], [73.1787721, 22.2922276], [73.1783932, 22.291963199999998], [73.1756221, 22.290837799999995], [73.1748497, 22.290488399999997], [73.1744205, 22.290273900000006], [73.1740943, 22.290075399999996], [73.1738454, 22.289829199999993], [73.1735898, 22.289500099999998], [73.1733587, 22.289126600000003], [73.1730167, 22.288716099999995], [73.172114, 22.2875615], [73.1717535, 22.28701699999999], [73.17150080000002, 22.286615000000005], [73.17129130000001, 22.2862615], [73.17115270000001, 22.285928000000002], [73.17110340000002, 22.2851953], [73.171051, 22.284690700000002], [73.1709524, 22.2842659], [73.1708261, 22.2838582], [73.1708816, 22.2835474], [73.1709463, 22.283250900000002], [73.1711804, 22.282629399999998], [73.1714947, 22.2820307], [73.1716672, 22.281762700000005], [73.1719815, 22.2815375], [73.1722434, 22.2813408], [73.1723358, 22.281186800000004], [73.1725422, 22.280662199999995], [73.1725915, 22.280405699999992], [73.1725607, 22.280140500000005], [73.1722557, 22.279436299999997], [73.17217249999999, 22.279082800000005], [73.1722002, 22.2787007], [73.1722434, 22.2784014], [73.1721879, 22.278133400000005], [73.1722249, 22.277754200000004], [73.1722156, 22.277372099999997], [73.1720893, 22.2771041], [73.1717412, 22.276750599999993], [73.1713868, 22.276300099999997], [73.171165, 22.2758297], [73.1709358, 22.275239499999998], [73.170786, 22.275002900000004], [73.1707522, 22.274780499999995], [73.1707583, 22.274629400000002], [73.1707891, 22.2745096], [73.1709309, 22.274341399999997], [73.1710171, 22.274173200000003], [73.17102330000002, 22.273853899999995], [73.17102330000002, 22.273614400000007], [73.1709555, 22.27338629999999], [73.1707244, 22.273001400000002], [73.1703146, 22.2723313], [73.1701852, 22.272057600000004], [73.1701051, 22.271886599999995], [73.1700281, 22.271618500000002], [73.1699542, 22.271398999999995], [73.1698556, 22.271170900000005], [73.16974460000002, 22.2710141], [73.1696553, 22.270962799999992], [73.1695444, 22.270928599999998], [73.1693657, 22.270922900000006], [73.1689867, 22.2710255], [73.16868719999998, 22.271366999999998], [73.1684753, 22.27148740000001], [73.16818259999998, 22.2714731], [73.16785899999999, 22.271379000000003], [73.16766799999999, 22.271245000000004], [73.1674123, 22.270797399999992], [73.1674955, 22.270492299999997], [73.1675509, 22.270081699999995], [73.1676865, 22.268850000000004], [73.16774820000002, 22.2686055], [73.1678252, 22.268396700000004], [73.1679734, 22.268080800000003], [73.1682072, 22.267603999999995], [73.1684229, 22.267259], [73.1685615, 22.2669596], [73.1686447, 22.2667001], [73.168654, 22.2664663], [73.1686098, 22.266049699999993], [73.1685831, 22.265793399999996], [73.1685923, 22.265511199999995], [73.1686386, 22.2651262], [73.1684167, 22.264490400000003], [73.1683335, 22.264025600000004], [73.1682164, 22.263632100000002], [73.1679546, 22.2632386], [73.1677789, 22.262999100000002], [73.1675386, 22.262765300000005], [73.1671381, 22.262728199999994], [73.1667499, 22.2627368], [73.1664079, 22.262799500000003], [73.1659858, 22.26285650000001], [73.1658379, 22.262896499999997], [73.1656407, 22.2628451]]}}, {"type": "Feature", "properties": {"layer": "river", "name": "Vishwamitri River", "osm": "way/55447222", "distance_m": 1914.8}, "geometry": {"type": "LineString", "coordinates": [[73.18181594967855, 22.297777055677276], [73.1817624, 22.29771089999999], [73.1816518, 22.2975469], [73.1816225, 22.2973857], [73.1816317, 22.297087499999993], [73.1816252, 22.2966592], [73.18156960000002, 22.2961502], [73.1813642, 22.295491499999997], [73.1811612, 22.294828300000002], [73.1808239, 22.2940596], [73.1806907, 22.293829099999996], [73.1806032, 22.293645899999998], [73.1805016, 22.293468400000002], [73.1803519, 22.292903599999995], [73.1801969, 22.292600799999992], [73.1799909, 22.292386400000005]]}}, {"type": "Feature", "properties": {"layer": "pond", "name": "", "osm": "way/28938076", "distance_m": 2145.5}, "geometry": {"type": "Polygon", "coordinates": [[[73.1882888, 22.276859], [73.1883188, 22.27736489999999], [73.1886773, 22.277362800000006], [73.1891064, 22.277362800000006], [73.1892438, 22.2773231], [73.1893124, 22.2772198], [73.1893382, 22.277053099999996], [73.1893296, 22.2768863], [73.1891236, 22.2767274], [73.1882567, 22.276409700000006], [73.1882888, 22.276859]]]}}, {"type": "Feature", "properties": {"layer": "pond", "name": "", "osm": "way/28938097", "distance_m": 1873.2}, "geometry": {"type": "Polygon", "coordinates": [[[73.1857419, 22.2779347], [73.1858706, 22.278165000000005], [73.1860509, 22.278490599999998], [73.1862053, 22.278570099999996], [73.1863684, 22.278570099999996], [73.1864199, 22.278490600000005], [73.1864421, 22.2782632], [73.1864221, 22.2780038], [73.1864172, 22.277899999999995], [73.1863856, 22.277696399999996], [73.1862053, 22.2776726], [73.1858783, 22.277684900000004], [73.1856989, 22.277728199999995], [73.1857419, 22.2779347]]]}}, {"type": "Feature", "properties": {"layer": "pond", "name": "", "osm": "way/296172753", "distance_m": 1885.5}, "geometry": {"type": "Polygon", "coordinates": [[[73.18610299999999, 22.281702999999997], [73.1861245, 22.282276400000004], [73.18643829999999, 22.282276400000004], [73.18662340000002, 22.282392999999995], [73.1870686, 22.2824799], [73.1876989, 22.2823608], [73.18726440000002, 22.2812042], [73.1857865, 22.28131090000001], [73.185749, 22.281700599999994], [73.18610299999999, 22.281702999999997]]]}}, {"type": "Feature", "properties": {"layer": "pond", "name": "", "osm": "way/310186811", "distance_m": 2384.3}, "geometry": {"type": "Polygon", "coordinates": [[[73.1445049, 22.287926], [73.14496079999999, 22.2874842], [73.1450198, 22.287156600000003], [73.1450252, 22.286913399999992], [73.1448535, 22.286610600000003], [73.1445102, 22.2865312], [73.1441723, 22.286431899999997], [73.1437002, 22.2864766], [73.1436475937277, 22.286515319175265], [73.14380391744675, 22.286915577860487], [73.14437948830879, 22.288036429100735], [73.1445049, 22.287926]]]}}, {"type": "Feature", "properties": {"layer": "pond", "name": "", "osm": "way/719461176", "distance_m": 2246.3}, "geometry": {"type": "Polygon", "coordinates": [[[73.1820762, 22.2948627], [73.1824017, 22.294756599999996], [73.1825529, 22.2947185], [73.1827271, 22.294786300000005], [73.1829518, 22.294828700000004], [73.1831122, 22.294815999999994], [73.1831993, 22.2950408], [73.1832085, 22.295214700000002], [73.1832635, 22.295401400000003], [73.1832727, 22.29557099999999], [73.1830847, 22.295872200000005], [73.1829014, 22.296058800000004], [73.1827455, 22.2961522], [73.1824108, 22.296326099999995], [73.1823558, 22.2963727], [73.1823971, 22.2964236], [73.18267670000002, 22.296406699999995], [73.1828326, 22.296377], [73.1831443, 22.296092799999997], [73.1834377, 22.295753400000002], [73.1834973, 22.295435299999998], [73.1833919, 22.2949814], [73.1832773, 22.294752400000004], [73.1830985, 22.294633600000004], [73.1828234, 22.2945573], [73.18263090000002, 22.2945445], [73.1823329, 22.2946039], [73.1821403, 22.2946888], [73.1819249, 22.2947906], [73.1820762, 22.2948627]]]}}, {"type": "Feature", "properties": {"layer": "highway", "name": "Flyover", "osm": "way/28852117", "distance_m": 345.2}, "geometry": {"type": "LineString", "coordinates": [[73.1621484, 22.278752100000002], [73.1621964, 22.278696799999995], [73.16228, 22.278559900000005], [73.1627965, 22.277099099999997], [73.16291169999998, 22.2767719], [73.16298680000001, 22.2765143], [73.1631513, 22.275876200000006]]}}, {"type": "Feature", "properties": {"layer": "highway", "name": "Old Padra Road", "osm": "way/28928725", "distance_m": 354.1}, "geometry": {"type": "LineString", "coordinates": [[73.16501989999999, 22.282219000000005], [73.1649344, 22.282518600000007], [73.16488129999999, 22.282905299999996], [73.1648487, 22.2832748], [73.1648072, 22.284127], [73.1647754, 22.284566199999993], [73.1647689, 22.284706], [73.164753, 22.284929699999992], [73.1646768, 22.286004599999995], [73.1646509, 22.2863694], [73.1645845, 22.2873065], [73.1645073, 22.288229499999996], [73.16445, 22.2890079], [73.164421, 22.28955910000001], [73.1643532, 22.291099200000012], [73.1643385, 22.2913281]]}}, {"type": "Feature", "properties": {"layer": "highway", "name": "Akshar chawk", "osm": "way/29157442", "distance_m": 329.1}, "geometry": {"type": "LineString", "coordinates": [[73.16529549999998, 22.2821716], [73.1652878, 22.2821455], [73.1652836, 22.282131500000002], [73.16525830000002, 22.282096999999997], [73.16522239999999, 22.282072000000007], [73.16517959999999, 22.2820591], [73.1651346, 22.2820597], [73.1650922, 22.2820737], [73.165057, 22.282099700000003], [73.16503279999999, 22.282134800000005], [73.16502219999998, 22.282175300000002], [73.16501989999999, 22.282219000000005], [73.165045, 22.2822552], [73.1650762, 22.2822858], [73.1651165, 22.2823053], [73.16516149999998, 22.2823115], [73.1652063, 22.282303800000005], [73.1652458, 22.282282900000002], [73.16527549999999, 22.282251699999996], [73.1652927, 22.28221319999999], [73.16529549999998, 22.2821716]]}}, {"type": "Feature", "properties": {"layer": "highway", "name": "78/3/D, GIDC ESTATE, Makarpura,", "osm": "way/227398483", "distance_m": 2383.8}, "geometry": {"type": "LineString", "coordinates": [[73.1805475, 22.260040599999996], [73.1806413, 22.260031], [73.1808578, 22.2600108], [73.1810555, 22.259992299999997], [73.1821174271599, 22.259850410639817]]}}, {"type": "Feature", "properties": {"layer": "highway", "name": "Dindayal Upadhyay Flyover", "osm": "way/227398484", "distance_m": 1972.7}, "geometry": {"type": "LineString", "coordinates": [[73.1744434, 22.261033400000002], [73.1746961, 22.260941099999997], [73.17524920000001, 22.260791700000006], [73.1758784, 22.260636199999997], [73.1762044, 22.260553399999996], [73.1764904, 22.260475900000003], [73.1767935, 22.260413800000002], [73.1770456, 22.260386499999992], [73.1772897, 22.260388999999996], [73.1778932, 22.260381500000005], [73.1783599, 22.260334399999998], [73.1788373, 22.260269800000003], [73.1790304, 22.260240000000003], [73.1803555, 22.2600545]]}}, {"type": "Feature", "properties": {"layer": "highway", "name": "", "osm": "way/261102325", "distance_m": 1347.9}, "geometry": {"type": "LineString", "coordinates": [[73.16825250000001, 22.265145], [73.168748, 22.264797500000004], [73.16887300000002, 22.264726600000003]]}}, {"type": "Feature", "properties": {"layer": "highway", "name": "", "osm": "way/261102327", "distance_m": 1665.5}, "geometry": {"type": "LineString", "coordinates": [[73.1710965, 22.2628139], [73.1711759, 22.262765400000003], [73.1714624, 22.262590200000005], [73.1720115, 22.262254399999996], [73.1721118, 22.262201300000005], [73.1726654, 22.261882200000002], [73.172802, 22.261797800000007], [73.1733204, 22.2615272], [73.1735627, 22.261400799999997], [73.1739858, 22.261224600000002], [73.1743538, 22.261073299999996]]}}, {"type": "Feature", "properties": {"layer": "highway", "name": "Flyover", "osm": "way/371322951", "distance_m": 326.0}, "geometry": {"type": "LineString", "coordinates": [[73.1599292, 22.276689899999997], [73.1605655, 22.2772301], [73.1609354, 22.277626], [73.1611857, 22.277907300000003], [73.161321, 22.2780609], [73.16146050000002, 22.2782029], [73.1617373, 22.278438899999998], [73.1620857, 22.27870430000001], [73.1621484, 22.278752100000002], [73.1624068, 22.2789489], [73.1627691, 22.2792529], [73.162859, 22.2793456], [73.1629139, 22.2794254], [73.16336569999999, 22.280162999999998], [73.16358920000002, 22.280496399999993], [73.16371849999999, 22.280668499999994], [73.16383349999998, 22.2807933], [73.1644891, 22.281472600000004], [73.1647424, 22.281693899999993]]}}, {"type": "Feature", "properties": {"layer": "highway", "name": "Akota Bridge", "osm": "way/431733601", "distance_m": 2254.0}, "geometry": {"type": "LineString", "coordinates": [[73.18082429992168, 22.298402854432503], [73.1806401, 22.298373700000003], [73.1803126, 22.298313599999997], [73.1795427, 22.298137500000006], [73.1787022, 22.2979432], [73.1785588, 22.297917599999998], [73.1783789, 22.297900200000004], [73.1777167, 22.297878499999996], [73.1770321, 22.2978683]]}}, {"type": "Feature", "properties": {"layer": "highway", "name": "", "osm": "way/431733604", "distance_m": 2232.2}, "geometry": {"type": "LineString", "coordinates": [[73.1770321, 22.2978683], [73.1765323, 22.2978964], [73.1763798, 22.2979314]]}}, {"type": "Feature", "properties": {"layer": "highway", "name": "Flyover", "osm": "way/431733606", "distance_m": 324.4}, "geometry": {"type": "LineString", "coordinates": [[73.1647424, 22.281693899999993], [73.164985, 22.2818672]]}}, {"type": "Feature", "properties": {"layer": "highway", "name": "Atal Flyover", "osm": "way/548936859", "distance_m": 1524.2}, "geometry": {"type": "LineString", "coordinates": [[73.16554831734469, 22.302069866049003], [73.1655366, 22.301872700000004], [73.1655004, 22.301660100000007], [73.1653412, 22.300542], [73.16529, 22.300230399999993], [73.165254, 22.300039700000003], [73.1651806, 22.299626299999996], [73.1651037, 22.29912540000001], [73.1649124, 22.2980375], [73.1648489, 22.29763670000001], [73.1648458, 22.297612400000006], [73.1648332, 22.2975139], [73.164815, 22.2973712], [73.1647212, 22.296769799999996], [73.1647074, 22.2966283], [73.1647128, 22.2965272], [73.1646997, 22.296419], [73.1646486, 22.2961447], [73.1646372, 22.2960837], [73.1644461, 22.294968099999995], [73.1643875, 22.2946623], [73.1643576, 22.294497800000006], [73.164311, 22.2940355], [73.1643568, 22.293445900000002], [73.1643804, 22.293109300000005]]}}, {"type": "Feature", "properties": {"layer": "highway", "name": "", "osm": "way/552186306", "distance_m": 666.1}, "geometry": {"type": "LineString", "coordinates": [[73.15835760000002, 22.275111800000005], [73.1584017, 22.275150200000002], [73.1585276, 22.275258799999992], [73.1592926, 22.276129600000004], [73.1593373, 22.276177600000004], [73.159458, 22.2762914], [73.15981949999998, 22.27659889999999]]}}, {"type": "Feature", "properties": {"layer": "highway", "name": "Flyover", "osm": "way/743142913", "distance_m": 317.3}, "geometry": {"type": "LineString", "coordinates": [[73.1648064, 22.281642499999997], [73.1645515, 22.28142709999999], [73.1644535, 22.2813314], [73.1638827, 22.280746699999998], [73.1637533, 22.280603100000004], [73.16364429999999, 22.280459500000003], [73.1634226, 22.280126099999993], [73.1629164, 22.279290099999997], [73.16246009999999, 22.2788969], [73.1621964, 22.278696799999995], [73.162132, 22.278648000000004], [73.1617911, 22.2783842], [73.1615012, 22.2781407], [73.1613715, 22.277998499999995], [73.1612388, 22.2778536], [73.16098949999999, 22.277562], [73.1606283, 22.277189299999996], [73.1600067, 22.276653700000004]]}}, {"type": "Feature", "properties": {"layer": "highway", "name": "Atal Flyover", "osm": "way/743142916", "distance_m": 1527.3}, "geometry": {"type": "LineString", "coordinates": [[73.1642139, 22.2931103], [73.1642016, 22.2933306], [73.1641805, 22.293513299999997], [73.1641662, 22.2936487], [73.1641523, 22.29378270000001], [73.1641388, 22.294012599999995], [73.164158, 22.2941914], [73.1641793, 22.294380299999997], [73.1642379, 22.294707999999993], [73.1643392, 22.2952937], [73.1644482, 22.295869599999996], [73.1644878, 22.2961406], [73.1645242, 22.2963169], [73.16454700000001, 22.296474800000002], [73.1646214, 22.2967022], [73.1646473, 22.296846200000005], [73.1647583, 22.297532400000005], [73.1647702, 22.297618900000003], [73.1647759, 22.2976598], [73.1648675, 22.298192599999993], [73.1649489, 22.298726900000002], [73.1649715, 22.298866], [73.165176, 22.300121899999997], [73.1654069, 22.30143670000001], [73.1654335, 22.301668800000005], [73.1654526, 22.3018896], [73.1654572, 22.3019355], [73.1654622, 22.3020243], [73.16546374721884, 22.302063187786498]]}}, {"type": "Feature", "properties": {"layer": "highway", "name": "", "osm": "way/743149956", "distance_m": 658.8}, "geometry": {"type": "LineString", "coordinates": [[73.159897, 22.276545600000002], [73.1593561, 22.276059599999996], [73.1585994, 22.27521429999999], [73.1584649, 22.2750701]]}}, {"type": "Feature", "properties": {"layer": "highway", "name": "", "osm": "way/743149957", "distance_m": 867.1}, "geometry": {"type": "LineString", "coordinates": [[73.15820090000001, 22.2749429], [73.15806239999999, 22.274866899999996], [73.1579336, 22.2748237], [73.15788140000001, 22.274810000000002], [73.15784770000002, 22.2748011], [73.1576043, 22.274836399999995], [73.15681069999998, 22.27512249999999], [73.1566278, 22.2751818], [73.1559221, 22.2754103], [73.1558878, 22.2754216], [73.1558077, 22.275448499999996], [73.15556639999998, 22.2755563], [73.1554002, 22.2755948], [73.1552203, 22.275597], [73.1551979, 22.2755958], [73.1548866, 22.275579699999998], [73.1545643, 22.275539999999996], [73.1543127, 22.275461999999994], [73.1541015, 22.275360999999997], [73.1530773, 22.274871199999996], [73.1527865, 22.27472059999999], [73.15243380000001, 22.2745379], [73.152287, 22.274461799999997], [73.1514768, 22.274094299999998], [73.15112879999998, 22.273936499999994], [73.1496488, 22.273265400000003], [73.1490939, 22.273011599999997], [73.1483687, 22.2726809], [73.14810779999999, 22.2725634], [73.147993, 22.272511699999995], [73.145272, 22.271263699999995], [73.1445189, 22.270919299999996], [73.14423110000001, 22.27078770000001], [73.1439601, 22.270663700000004], [73.14348, 22.27044409999999], [73.14331099999998, 22.2703648], [73.14316680375559, 22.27029986274156]]}}, {"type": "Feature", "properties": {"layer": "highway", "name": "", "osm": "way/743149959", "distance_m": 334.4}, "geometry": {"type": "LineString", "coordinates": [[73.16529549999998, 22.2821716], [73.1655644, 22.282299999999996], [73.16643149999999, 22.282834500000007], [73.1670059, 22.2832509], [73.16725919999999, 22.2834345], [73.1673793, 22.283537099999997], [73.1674625, 22.283619299999998], [73.1675253, 22.2837115], [73.16776919999998, 22.2841423], [73.1677752, 22.284157199999996], [73.16780219999998, 22.284223900000004], [73.16781319999998, 22.28425109999999], [73.16784669999998, 22.2843338], [73.1678671, 22.284396700000002], [73.16818989999999, 22.285393500000005], [73.1682569, 22.285600499999997], [73.16830669999999, 22.2857488], [73.16839159999999, 22.285975600000004]]}}, {"type": "Feature", "properties": {"layer": "highway", "name": "", "osm": "way/743149960", "distance_m": 318.2}, "geometry": {"type": "LineString", "coordinates": [[73.16851479999998, 22.285872599999998], [73.16843279999999, 22.285813700000002], [73.16839159999999, 22.285730400000006], [73.16827689999998, 22.28537370000001], [73.1678972, 22.2841923], [73.1678382, 22.2840847], [73.1676653, 22.283712200000004], [73.1675661, 22.283572299999992], [73.1674393, 22.2834409], [73.16725319999999, 22.28330310000001], [73.1664879, 22.282765899999998], [73.1657921, 22.282325499999992], [73.16547439999998, 22.2821244], [73.1653291, 22.2820324], [73.16524029999998, 22.281965799999995]]}}, {"type": "Feature", "properties": {"layer": "highway", "name": "", "osm": "way/743149961", "distance_m": 710.7}, "geometry": {"type": "LineString", "coordinates": [[73.16856849999999, 22.285899699999998], [73.16854389999999, 22.2858824], [73.16851479999998, 22.285872599999998], [73.1684828, 22.285871299999997], [73.16845189999998, 22.285879100000002], [73.16842509999998, 22.2858953], [73.16840499999999, 22.285918400000007], [73.16839339999999, 22.285946], [73.16839159999999, 22.285975600000004], [73.16840049999999, 22.286006000000008], [73.16841969999999, 22.2860321], [73.16844669999999, 22.2860509], [73.16847889999998, 22.286060599999995], [73.16851279999999, 22.2860602], [73.16854459999999, 22.286049600000005], [73.1685631, 22.286035100000003], [73.16858809999998, 22.2860062], [73.16859669999998, 22.2859787], [73.1685961, 22.2859501], [73.1685864, 22.285923000000004], [73.16856849999999, 22.285899699999998]]}}, {"type": "Feature", "properties": {"layer": "highway", "name": "", "osm": "way/743149962", "distance_m": 727.6}, "geometry": {"type": "LineString", "coordinates": [[73.16841969999999, 22.2860321], [73.16853719999999, 22.286376200000003], [73.16861919999998, 22.286588300000002], [73.16878529999998, 22.287004699999997], [73.16904999999998, 22.2876982], [73.1693837, 22.288481599999997], [73.16945, 22.288652300000003]]}}, {"type": "Feature", "properties": {"layer": "highway", "name": "", "osm": "way/743149969", "distance_m": 854.5}, "geometry": {"type": "LineString", "coordinates": [[73.1655443, 22.269501800000004], [73.1656782, 22.269177700000007], [73.1657595, 22.268911200000005], [73.1657838, 22.268831399999996], [73.1658903, 22.268597699999997], [73.1662052, 22.2680031], [73.1663828, 22.2677524], [73.166687, 22.267324199999997], [73.1670419, 22.266820000000003], [73.1671157, 22.2667089], [73.1672299, 22.266537099999997], [73.1674963, 22.2661069], [73.1675887, 22.2659663], [73.1676857, 22.265818499999998], [73.167895, 22.265521499999995], [73.1681624, 22.2652334], [73.16825250000001, 22.265145]]}}, {"type": "Feature", "properties": {"layer": "highway", "name": "", "osm": "way/743149970", "distance_m": 352.5}, "geometry": {"type": "LineString", "coordinates": [[73.1633826, 22.2751429], [73.16334729999998, 22.275156300000003], [73.1633198, 22.275177199999998], [73.16329979999999, 22.2752046], [73.16328909999999, 22.275236099999997], [73.1632885, 22.275269099999996], [73.163298, 22.275300899999998], [73.16331929999998, 22.275331299999998], [73.1633636, 22.2753603], [73.1634171, 22.275369], [73.1634694, 22.275355800000003], [73.16350300000002, 22.275331700000002], [73.16352569999998, 22.275298599999996], [73.1635351, 22.275260300000006], [73.1635311, 22.2752251], [73.1635158, 22.275192799999996], [73.1634906, 22.275166300000002], [73.1634578, 22.275148199999993], [73.16342059999998, 22.27514010000001], [73.1633826, 22.2751429]]}}, {"type": "Feature", "properties": {"layer": "highway", "name": "", "osm": "way/743149971", "distance_m": 362.2}, "geometry": {"type": "LineString", "coordinates": [[73.16331929999998, 22.275331299999998], [73.1631117, 22.2757537]]}}, {"type": "Feature", "properties": {"layer": "highway", "name": "Flyover", "osm": "way/743149972", "distance_m": 351.8}, "geometry": {"type": "LineString", "coordinates": [[73.16306590000002, 22.2758836], [73.16287889999998, 22.276695999999998], [73.1627045, 22.277198899999995], [73.1622029, 22.278525299999995], [73.162132, 22.278648000000004], [73.1620857, 22.27870430000001]]}}, {"type": "Feature", "properties": {"layer": "highway", "name": "", "osm": "way/743149974", "distance_m": 377.0}, "geometry": {"type": "LineString", "coordinates": [[73.16334729999998, 22.275156300000003], [73.1630299, 22.2752231], [73.1627024, 22.2752662], [73.1625697, 22.2752738], [73.16240720000002, 22.275269700000003], [73.1619793, 22.275231400000006], [73.1611812, 22.275104399999993], [73.16090089999999, 22.275075999999995], [73.1604929, 22.275034699999996], [73.1603397, 22.2750123], [73.1600074, 22.2749638], [73.15995109999999, 22.274963], [73.1595892, 22.274945600000002], [73.1587984, 22.274916600000005], [73.1586708, 22.2749205], [73.1585725, 22.274939800000002], [73.1583946, 22.2750143]]}}, {"type": "Feature", "properties": {"layer": "highway", "name": "", "osm": "way/743149975", "distance_m": 371.6}, "geometry": {"type": "LineString", "coordinates": [[73.1584649, 22.2750701], [73.1585155, 22.2750565], [73.1585997, 22.2750192], [73.1586854, 22.2750037], [73.1587921, 22.274996000000005], [73.15958079999999, 22.275023099999995], [73.15999680000002, 22.2750444], [73.1604825, 22.275114000000002], [73.1608926, 22.2751562], [73.1611603, 22.2751837], [73.1619761, 22.2753076], [73.16204520000001, 22.275315400000004], [73.16239239999999, 22.2753483], [73.16284460000001, 22.275355299999998], [73.1630284, 22.2753478], [73.16316109999998, 22.275337900000007], [73.163298, 22.275300899999998]]}}, {"type": "Feature", "properties": {"layer": "highway", "name": "", "osm": "way/743149976", "distance_m": 836.7}, "geometry": {"type": "LineString", "coordinates": [[73.1583759, 22.2750193], [73.1583598, 22.2750295], [73.1583478, 22.275043699999998], [73.1583412, 22.2750606], [73.1583405, 22.275078699999998], [73.1583459, 22.275095999999998], [73.15835760000002, 22.275111800000005], [73.1583748, 22.2751234], [73.15839530000001, 22.275129000000003], [73.1584165, 22.275127899999998], [73.1584361, 22.2751202], [73.1584518, 22.275106999999995], [73.15846179999998, 22.275089600000005], [73.1584649, 22.2750701], [73.15846089999998, 22.2750512], [73.15845039999999, 22.275034599999994], [73.15843470000002, 22.2750221], [73.15841530000002, 22.2750151], [73.1583946, 22.2750143], [73.1583759, 22.2750193]]}}, {"type": "Feature", "properties": {"layer": "highway", "name": "", "osm": "way/743149977", "distance_m": 845.7}, "geometry": {"type": "LineString", "coordinates": [[73.1583946, 22.2750143], [73.1583143, 22.274989000000005], [73.15820090000001, 22.2749429], [73.1583459, 22.275095999999998]]}}, {"type": "Feature", "properties": {"layer": "highway", "name": "Dindayal Upadhyay Flyover", "osm": "way/857245753", "distance_m": 1983.4}, "geometry": {"type": "LineString", "coordinates": [[73.1803285, 22.2599688], [73.1790165, 22.260158699999995], [73.1788235, 22.260188400000004], [73.1783486, 22.26025260000001], [73.1778877, 22.260299200000006], [73.1772896, 22.260306599999996], [73.1770409, 22.260303999999998], [73.1767786, 22.2603325], [73.1764701, 22.260395600000003], [73.1761495, 22.260468500000005], [73.17584720000002, 22.2605421], [73.1752486, 22.260684099999995], [73.1747172, 22.260809499999997], [73.1744137, 22.2609158]]}}, {"type": "Feature", "properties": {"layer": "highway", "name": "", "osm": "way/913504135", "distance_m": 321.3}, "geometry": {"type": "LineString", "coordinates": [[73.1652878, 22.2821455], [73.16535519999998, 22.282122399999995], [73.1654195, 22.2821162], [73.16547439999998, 22.2821244]]}}, {"type": "Feature", "properties": {"layer": "highway", "name": "", "osm": "way/913504142", "distance_m": 360.0}, "geometry": {"type": "LineString", "coordinates": [[73.1634906, 22.275166300000002], [73.16358360000001, 22.275118200000012], [73.163664, 22.2750438], [73.1637633, 22.274840200000003]]}}, {"type": "Feature", "properties": {"layer": "highway", "name": "", "osm": "way/913504143", "distance_m": 368.3}, "geometry": {"type": "LineString", "coordinates": [[73.1637633, 22.274840200000003], [73.16390010000002, 22.274480300000004], [73.16401, 22.274108], [73.1641254, 22.273606700000006], [73.1642986, 22.2730486], [73.1643118, 22.273005799999996], [73.164348, 22.272889299999996], [73.1646484, 22.272032999999997], [73.1646802, 22.2718993], [73.1647381, 22.271762900000002], [73.1650692, 22.270809700000004], [73.1652545, 22.2702802], [73.1654221, 22.269801099999995], [73.1654263, 22.269789199999998], [73.1655443, 22.269501800000004]]}}, {"type": "Feature", "properties": {"layer": "highway", "name": "78/3/D, GIDC ESTATE, Makarpura,", "osm": "way/913835371", "distance_m": 2384.0}, "geometry": {"type": "LineString", "coordinates": [[73.18197709590109, 22.259753519776872], [73.1814624, 22.259823599999997], [73.18103230000001, 22.259882099999995], [73.1804226, 22.259954899999997]]}}, {"type": "Feature", "properties": {"layer": "highway", "name": "", "osm": "way/913835372", "distance_m": 374.6}, "geometry": {"type": "LineString", "coordinates": [[73.1681565, 22.2650425], [73.1680812, 22.265099399999997], [73.1680167, 22.265169399999998], [73.1679539, 22.2652375], [73.1675076, 22.265823600000004], [73.1667571, 22.26699870000001], [73.1662144, 22.267759399999996], [73.1660969, 22.2679589], [73.1658045, 22.2684556], [73.1657284, 22.268650299999997], [73.1656952, 22.26874640000001], [73.1656665, 22.268824899999995], [73.165465, 22.2693583], [73.1654192, 22.269479700000005], [73.1651404, 22.270298999999998], [73.1648427, 22.271127500000002], [73.1646588, 22.271593999999997], [73.1645829, 22.271778099999995], [73.1642, 22.2729809], [73.16382060000001, 22.2743858], [73.1636084, 22.274875], [73.1635608, 22.274951899999998], [73.1634937, 22.2750239], [73.16334729999998, 22.275156300000003]]}}, {"type": "Feature", "properties": {"layer": "highway", "name": "", "osm": "way/918112191", "distance_m": 2245.5}, "geometry": {"type": "LineString", "coordinates": [[73.17646280000001, 22.2980293], [73.1766061, 22.298000300000005], [73.1769849, 22.2979759], [73.1770421, 22.2979759]]}}, {"type": "Feature", "properties": {"layer": "highway", "name": "", "osm": "way/918112193", "distance_m": 2265.2}, "geometry": {"type": "LineString", "coordinates": [[73.1770421, 22.2979759], [73.1783606, 22.298015999999997], [73.1785554, 22.29803980000001], [73.1786921, 22.2980623], [73.1795177, 22.2982504], [73.1802829, 22.298424900000004], [73.1806156, 22.298485900000003], [73.18067588704713, 22.298496512092836]]}}, {"type": "Feature", "properties": {"layer": "highway", "name": "", "osm": "way/924673098", "distance_m": 1357.7}, "geometry": {"type": "LineString", "coordinates": [[73.168869, 22.264594500000005], [73.1681565, 22.2650425]]}}, {"type": "Feature", "properties": {"layer": "highway", "name": "", "osm": "way/924673099", "distance_m": 1418.5}, "geometry": {"type": "LineString", "coordinates": [[73.1742962, 22.260962900000003], [73.1739341, 22.2611215], [73.173274, 22.261454099999998], [73.1727141, 22.2617176], [73.1726122, 22.261779499999992], [73.1721237, 22.262049600000005], [73.1719735, 22.262140800000005], [73.1712312, 22.2625914], [73.1711259, 22.2626553], [73.1704915, 22.26312529999999], [73.1703359, 22.263247799999995], [73.1698281, 22.2636917], [73.1691004, 22.264393399999996], [73.1690084, 22.264482199999996], [73.168869, 22.264594500000005]]}}, {"type": "Feature", "properties": {"layer": "highway", "name": "", "osm": "way/926524292", "distance_m": 729.8}, "geometry": {"type": "LineString", "coordinates": [[73.1695667, 22.2886684], [73.169552, 22.2886258], [73.1694912, 22.288449300000003], [73.1692291, 22.2878397], [73.1689015, 22.286972300000002], [73.16862999999998, 22.286241899999997], [73.1685631, 22.286035100000003]]}}, {"type": "Feature", "properties": {"layer": "highway", "name": "", "osm": "way/926718307", "distance_m": 1344.7}, "geometry": {"type": "LineString", "coordinates": [[73.168323, 22.265183499999996], [73.1689534, 22.264804900000012]]}}, {"type": "Feature", "properties": {"layer": "highway", "name": "", "osm": "way/926718308", "distance_m": 1301.5}, "geometry": {"type": "LineString", "coordinates": [[73.167895, 22.265521499999995], [73.1682104, 22.2652679], [73.1682761, 22.265215700000006], [73.168323, 22.265183499999996]]}}, {"type": "Feature", "properties": {"layer": "highway", "name": "", "osm": "way/926718309", "distance_m": 1397.3}, "geometry": {"type": "LineString", "coordinates": [[73.1689534, 22.264804900000012], [73.1689842, 22.2647814], [73.1690177, 22.264744099999998], [73.16909600000001, 22.264522400000004]]}}, {"type": "Feature", "properties": {"layer": "highway", "name": "Old Padra Road", "osm": "way/929688795", "distance_m": 355.0}, "geometry": {"type": "LineString", "coordinates": [[73.16441240000002, 22.292658100000008], [73.1644092, 22.2921997], [73.1645022, 22.29133600000001], [73.1645259, 22.2911156], [73.16454700000001, 22.290919299999995], [73.1645617, 22.2906904], [73.164564, 22.290655099999995], [73.1645919, 22.2902203], [73.1646188, 22.2889923], [73.1646982, 22.287833800000005], [73.1647513, 22.287073099999997], [73.1647691, 22.286640600000005], [73.1647701, 22.286616200000005], [73.1648083, 22.2856913], [73.16489280000002, 22.284554299999996], [73.1649065, 22.28440210000001], [73.1649269, 22.284127600000005], [73.16497199999999, 22.2833032], [73.16500630000002, 22.2829131], [73.1650784, 22.282522999999994], [73.1651057, 22.2824177], [73.16516149999998, 22.2823115]]}}, {"type": "Feature", "properties": {"layer": "highway", "name": "", "osm": "way/932347848", "distance_m": 1030.7}, "geometry": {"type": "LineString", "coordinates": [[73.16945, 22.288652300000003], [73.169629, 22.288941800000007], [73.169644, 22.288966100000003], [73.1697015, 22.2890564], [73.1698653, 22.2892962], [73.1700125, 22.2894991], [73.1700772, 22.289588199999997], [73.1700845, 22.2895983], [73.1701872, 22.2897591], [73.17026080000001, 22.2898624], [73.17037990000001, 22.289995200000003], [73.1706911, 22.290339599999996], [73.1711282, 22.29074569999999], [73.1713261, 22.290915100000007], [73.1716722, 22.29119959999999], [73.1721116, 22.291569699999993], [73.1724777, 22.2918666], [73.1727648, 22.292099499999992], [73.172831, 22.292151399999995], [73.1737122, 22.292709800000004], [73.1740259, 22.292911500000002], [73.1752413, 22.2936932], [73.1753285, 22.2937531], [73.1754414, 22.2938473], [73.1755492, 22.2939531], [73.1756385, 22.294063099999995], [73.1757211, 22.294169500000006], [73.1757424, 22.2942026], [73.175786, 22.2942706], [73.1758415, 22.2943905], [73.1758823, 22.294522500000003], [73.1759112, 22.294676800000005]]}}, {"type": "Feature", "properties": {"layer": "highway", "name": "", "osm": "way/932347849", "distance_m": 1034.7}, "geometry": {"type": "LineString", "coordinates": [[73.1766061, 22.298000300000005], [73.1765323, 22.2978964], [73.1764482, 22.2978151], [73.1764039, 22.2977593], [73.176389, 22.297724], [73.1763259, 22.297526600000005], [73.1762543, 22.297251000000003], [73.1761511, 22.296894100000003], [73.1761168, 22.296576499999997], [73.176106, 22.2964809], [73.176103, 22.296453900000007], [73.1760624, 22.296092200000004], [73.176056, 22.296035099999997], [73.17604810000002, 22.295964999999995], [73.1760052, 22.294718200000002], [73.1759958, 22.294668700000003], [73.175987, 22.294622], [73.1759451, 22.294400600000003], [73.1758964, 22.2942756], [73.1758342, 22.294163699999995], [73.1757486, 22.294046700000003], [73.1756499, 22.293921999999988], [73.1755584, 22.293829300000002], [73.17546580000001, 22.293747299999996], [73.1753761, 22.293682500000003], [73.174109, 22.29284090000001], [73.1737717, 22.292626399999996], [73.1729369, 22.292088800000002], [73.1728737, 22.292031400000003], [73.1726318, 22.2918415], [73.1725778, 22.2917992], [73.1722181, 22.291496699999996], [73.1717597, 22.291111100000002], [73.1714491, 22.290849899999998], [73.1712919, 22.290717699999995], [73.1708553, 22.290350399999998], [73.17054370000001, 22.290006700000003], [73.1702193, 22.289626799999997], [73.1701256, 22.289528199999996], [73.17006770000002, 22.2894472], [73.1700128, 22.289362399999998], [73.1699117, 22.289209900000003], [73.1697692, 22.289011999999992], [73.16970400000001, 22.28889919999999], [73.1695667, 22.2886684]]}}, {"type": "Feature", "properties": {"layer": "highway", "name": "", "osm": "way/934297662", "distance_m": 2262.6}, "geometry": {"type": "LineString", "coordinates": [[73.17682, 22.298313799999995], [73.1768284, 22.298214600000005], [73.1768564, 22.2981184], [73.1768891, 22.298063300000003], [73.1769849, 22.2979759]]}}, {"type": "Feature", "properties": {"layer": "highway", "name": "", "osm": "way/1117714831", "distance_m": 1934.5}, "geometry": {"type": "LineString", "coordinates": [[73.1739858, 22.261224600000002], [73.1739341, 22.2611215]]}}, {"type": "Feature", "properties": {"layer": "highway", "name": "Old Padra Road", "osm": "way/1190305049", "distance_m": 1474.4}, "geometry": {"type": "LineString", "coordinates": [[73.1644072, 22.2927316], [73.16441240000002, 22.292658100000008]]}}, {"type": "Feature", "properties": {"layer": "highway", "name": "", "osm": "way/1253904009", "distance_m": 1404.2}, "geometry": {"type": "LineString", "coordinates": [[73.16887300000002, 22.264726600000003], [73.1689141, 22.264689000000004], [73.16909600000001, 22.264522400000004], [73.1691736, 22.2644513], [73.16927329999999, 22.26435379999999], [73.1703788, 22.263350300000006], [73.1710965, 22.2628139]]}}, {"type": "Feature", "properties": {"layer": "highway", "name": "", "osm": "way/1271678127", "distance_m": 1885.9}, "geometry": {"type": "LineString", "coordinates": [[73.1759112, 22.294676800000005], [73.1759712, 22.296092899999994], [73.1759966, 22.29648870000001], [73.1760564, 22.296832299999995], [73.1760749, 22.2969283], [73.1761101, 22.297094499999996], [73.1761766, 22.297341000000003], [73.1762267, 22.297526600000012], [73.1762821, 22.297738799999994], [73.1762975, 22.297773], [73.176314, 22.297798200000003], [73.1763798, 22.2979314], [73.17646280000001, 22.2980293]]}}, {"type": "Feature", "properties": {"layer": "highway", "name": "Atal Flyover Ramp", "osm": "way/1291650096", "distance_m": 2148.6}, "geometry": {"type": "LineString", "coordinates": [[73.1649715, 22.298866], [73.1649511, 22.298979100000004], [73.1649413, 22.2990808], [73.1649797, 22.299305000000004], [73.165094, 22.2999831], [73.1651564, 22.3004108], [73.1651706, 22.300518500000003]]}}, {"type": "Feature", "properties": {"layer": "highway", "name": "Old Padra Road", "osm": "way/1292078864", "distance_m": 1482.5}, "geometry": {"type": "LineString", "coordinates": [[73.164391, 22.292933099999996], [73.1644072, 22.2927316]]}}, {"type": "Feature", "properties": {"layer": "highway", "name": "", "osm": "way/1305938602", "distance_m": 353.0}, "geometry": {"type": "LineString", "coordinates": [[73.1632271, 22.2757126], [73.1634694, 22.275355800000003]]}}, {"type": "Feature", "properties": {"layer": "highway", "name": "Dindayal Upadhyay Flyover", "osm": "way/1316312525", "distance_m": 2377.1}, "geometry": {"type": "LineString", "coordinates": [[73.1804226, 22.259954899999997], [73.1803285, 22.2599688]]}}, {"type": "Feature", "properties": {"layer": "highway", "name": "", "osm": "way/1316312526", "distance_m": 2377.3}, "geometry": {"type": "LineString", "coordinates": [[73.1804502, 22.2600477], [73.1805475, 22.260040599999996]]}}, {"type": "Feature", "properties": {"layer": "highway", "name": "Dindayal Upadhyay Flyover", "osm": "way/1316312527", "distance_m": 1973.7}, "geometry": {"type": "LineString", "coordinates": [[73.1744137, 22.2609158], [73.1742962, 22.260962900000003]]}}, {"type": "Feature", "properties": {"layer": "highway", "name": "Dindayal Upadhyay Flyover", "osm": "way/1316312528", "distance_m": 1964.9}, "geometry": {"type": "LineString", "coordinates": [[73.1743538, 22.261073299999996], [73.1744434, 22.261033400000002]]}}, {"type": "Feature", "properties": {"layer": "highway", "name": "Dindayal Upadhyay Flyover", "osm": "way/1316312529", "distance_m": 2371.0}, "geometry": {"type": "LineString", "coordinates": [[73.1803555, 22.2600545], [73.1804502, 22.2600477]]}}, {"type": "Feature", "properties": {"layer": "highway", "name": "Flyover", "osm": "way/1316334771", "distance_m": 646.3}, "geometry": {"type": "LineString", "coordinates": [[73.1600067, 22.276653700000004], [73.159897, 22.276545600000002]]}}, {"type": "Feature", "properties": {"layer": "highway", "name": "Flyover", "osm": "way/1316334772", "distance_m": 653.8}, "geometry": {"type": "LineString", "coordinates": [[73.15981949999998, 22.27659889999999], [73.1599292, 22.276689899999997]]}}, {"type": "Feature", "properties": {"layer": "highway", "name": "Flyover", "osm": "way/1316334773", "distance_m": 324.4}, "geometry": {"type": "LineString", "coordinates": [[73.164985, 22.2818672], [73.1650407, 22.281909599999995], [73.1650764, 22.2819705], [73.1650922, 22.2820737]]}}, {"type": "Feature", "properties": {"layer": "highway", "name": "Flyover", "osm": "way/1316334774", "distance_m": 316.4}, "geometry": {"type": "LineString", "coordinates": [[73.165016, 22.281798000000002], [73.1648064, 22.281642499999997]]}}, {"type": "Feature", "properties": {"layer": "highway", "name": "Flyover", "osm": "way/1316334775", "distance_m": 316.4}, "geometry": {"type": "LineString", "coordinates": [[73.16524029999998, 22.281965799999995], [73.1651055, 22.281864799999994], [73.16504839999999, 22.281822], [73.165016, 22.281798000000002]]}}, {"type": "Feature", "properties": {"layer": "highway", "name": "Flyover", "osm": "way/1316334776", "distance_m": 360.2}, "geometry": {"type": "LineString", "coordinates": [[73.1631117, 22.2757537], [73.16306590000002, 22.2758836]]}}, {"type": "Feature", "properties": {"layer": "highway", "name": "Flyover", "osm": "way/1316334777", "distance_m": 352.6}, "geometry": {"type": "LineString", "coordinates": [[73.1631513, 22.275876200000006], [73.1632271, 22.2757126]]}}, {"type": "Feature", "properties": {"layer": "highway", "name": "Atal Flyover", "osm": "way/1316338779", "distance_m": 1505.4}, "geometry": {"type": "LineString", "coordinates": [[73.1642228, 22.2929101], [73.1642139, 22.2931103]]}}, {"type": "Feature", "properties": {"layer": "highway", "name": "Atal Flyover", "osm": "way/1316338780", "distance_m": 1504.8}, "geometry": {"type": "LineString", "coordinates": [[73.1643804, 22.293109300000005], [73.164391, 22.292933099999996]]}}, {"type": "Feature", "properties": {"layer": "highway", "name": "Atal Flyover Ramp", "osm": "way/1316338781", "distance_m": 2329.2}, "geometry": {"type": "LineString", "coordinates": [[73.1651706, 22.300518500000003], [73.1651522, 22.300596399999993]]}}, {"type": "Feature", "properties": {"layer": "highway", "name": "Old Padra Road", "osm": "way/1475968817", "distance_m": 1331.2}, "geometry": {"type": "LineString", "coordinates": [[73.1643385, 22.2913281], [73.1642561, 22.292487099999995], [73.1642447, 22.292622699999992], [73.1642328, 22.2927122], [73.1642228, 22.2929101]]}}, {"type": "Feature", "properties": {"layer": "park", "name": "", "osm": "way/28938083", "distance_m": 2173.9}, "geometry": {"type": "Polygon", "coordinates": [[[73.1892438, 22.2767274], [73.1893639, 22.2768545], [73.1893811, 22.2772119], [73.1894841, 22.2772437], [73.1896729, 22.2772596], [73.1897587, 22.277227800000002], [73.1897416, 22.276274699999995], [73.1884884, 22.276401800000002], [73.1892438, 22.2767274]]]}}, {"type": "Feature", "properties": {"layer": "park", "name": "Akota Garden", "osm": "way/29549540", "distance_m": 1512.2}, "geometry": {"type": "Polygon", "coordinates": [[[73.1711199, 22.29297679999999], [73.1714547, 22.294184], [73.1730048, 22.2939834], [73.1729388, 22.2936412], [73.1727631, 22.2931831], [73.1724332, 22.292398500000004], [73.1711199, 22.29297679999999]]]}}, {"type": "Feature", "properties": {"layer": "park", "name": "", "osm": "way/390194867", "distance_m": 940.1}, "geometry": {"type": "Polygon", "coordinates": [[[73.170169, 22.2877613], [73.1701222, 22.287663800000004], [73.1698454, 22.287738299999997], [73.1699059, 22.287944599999992], [73.1701371, 22.287928299999997], [73.1702327, 22.287983999999998], [73.170169, 22.2877613]]]}}, {"type": "Feature", "properties": {"layer": "park", "name": "", "osm": "way/390194904", "distance_m": 882.8}, "geometry": {"type": "Polygon", "coordinates": [[[73.1716927, 22.2873289], [73.1716015, 22.287174999999998], [73.1714621, 22.286959099999997], [73.17128500000001, 22.286700900000003], [73.17123140000001, 22.286745599999996], [73.171505, 22.287448], [73.1716927, 22.2873289]]]}}, {"type": "Feature", "properties": {"layer": "residential", "name": "Surajdev Society - 1", "osm": "way/295554844", "distance_m": 2447.3}, "geometry": {"type": "Polygon", "coordinates": [[[73.19110440000001, 22.283191599999995], [73.19151851234683, 22.283169927646753], [73.19157309539858, 22.28291945629477], [73.19159506181389, 22.282722176269317], [73.1915885, 22.282551300000005], [73.1911124, 22.282559999999997], [73.19110440000001, 22.283191599999995]]]}}, {"type": "Feature", "properties": {"layer": "residential", "name": "Haridham Apartments", "osm": "way/296171547", "distance_m": 2325.4}, "geometry": {"type": "Polygon", "coordinates": [[[73.189932, 22.2755445], [73.1908331, 22.275513], [73.19081699999998, 22.2749694], [73.1906212, 22.27497440000001], [73.1906132, 22.275096], [73.1902296, 22.275118300000003], [73.19020010000001, 22.274937099999995], [73.18980579999999, 22.274989300000005], [73.1898407, 22.2755477], [73.189932, 22.2755445]]]}}, {"type": "Feature", "properties": {"layer": "residential", "name": "Monali Park Society", "osm": "way/296173418", "distance_m": 2406.1}, "geometry": {"type": "Polygon", "coordinates": [[[73.1913655, 22.282487299999996], [73.1913709, 22.281544199999992], [73.19172810922204, 22.281527267656713], [73.19178268867283, 22.28103707963375], [73.19088, 22.281067700000005], [73.1907727, 22.282502200000003], [73.1913655, 22.282487299999996]]]}}, {"type": "Feature", "properties": {"layer": "residential", "name": "", "osm": "way/625590794", "distance_m": 2488.9}, "geometry": {"type": "Polygon", "coordinates": [[[73.1719695, 22.2553301], [73.1721858396801, 22.25530262265618], [73.17091704898614, 22.25501699515501], [73.1719695, 22.2553301]]]}}, {"type": "Feature", "properties": {"layer": "residential", "name": "Avadh Aashray Apartment", "osm": "way/679004450", "distance_m": 2472.9}, "geometry": {"type": "Polygon", "coordinates": [[[73.1470136, 22.2920358], [73.1466294, 22.291776300000002], [73.14657509775145, 22.29182403441473], [73.14691027898672, 22.29228106450732], [73.1470136, 22.2920358]]]}}, {"type": "Feature", "properties": {"layer": "nonresidential_zone"}, "geometry": {"type": "MultiPolygon", "coordinates": [[[[73.1628138, 22.2718245], [73.1627172, 22.27271809999999], [73.1634897, 22.272767699999992], [73.1636024, 22.27181460000001], [73.1628138, 22.2718245]]], [[[73.1632644, 22.2750264], [73.1639028, 22.273001], [73.1615907, 22.272797500000003], [73.16134389999999, 22.272837199999998], [73.1612527, 22.2735074], [73.1617892, 22.273899600000004], [73.1615049, 22.275001600000007], [73.1626582, 22.2751108], [73.1632644, 22.2750264]]], [[[73.1605093, 22.277436699999992], [73.1597934, 22.276827], [73.158761, 22.2776052], [73.1624517, 22.2792682], [73.1624946, 22.279188700000002], [73.1612125, 22.2782009], [73.1605093, 22.277436699999992]]], [[[73.1776245, 22.260196099999998], [73.181421, 22.2596646], [73.18177629049346, 22.2596148744612], [73.18044008635766, 22.258692284151646], [73.17964280733986, 22.258247212973227], [73.17964852063892, 22.258238639464007], [73.1794563641818, 22.258127690464814], [73.1790206566219, 22.257899900316882], [73.17840235765003, 22.2575547338049], [73.17813534007578, 22.257437046392234], [73.17761867561718, 22.257166924474774], [73.17746530802376, 22.257102342840597], [73.1776245, 22.260196099999998]]], [[[73.1675465, 22.279490299999996], [73.1675908, 22.280261], [73.1677115, 22.281139599999996], [73.1675157, 22.2812537], [73.1674433, 22.281534199999996], [73.1695193, 22.282328399999997], [73.16974460000002, 22.282129899999997], [73.1697393, 22.281896600000003], [73.1699699, 22.281856800000003], [73.1699699, 22.281251300000005], [73.1703401, 22.281211499999998], [73.1702918, 22.2801989], [73.17201910000001, 22.2792855], [73.1719387, 22.279052199999995], [73.17204600000001, 22.278411900000002], [73.17191990000002, 22.277513399999997], [73.171539, 22.276997100000003], [73.1701872, 22.277245300000008], [73.1701121, 22.277384299999998], [73.16808429999999, 22.277520799999998], [73.1674326, 22.277510899999996], [73.16697389999999, 22.277431499999995], [73.1665286, 22.277218], [73.1661907, 22.277163400000003], [73.166137, 22.279561], [73.1675465, 22.279490299999996]]], [[[73.1682694, 22.283528399999998], [73.1684571, 22.282832199999998], [73.1682117, 22.2827764], [73.1680629, 22.28348], [73.1682694, 22.283528399999998]]], [[[73.1773218, 22.288716700000002], [73.1773916, 22.2894612], [73.1787917, 22.289366899999997], [73.1785449, 22.28730699999999], [73.1775632, 22.287381499999995], [73.1772092, 22.2860065], [73.1756213, 22.28606109999999], [73.1757417, 22.287667800000005], [73.1758252, 22.288781200000003], [73.1773218, 22.288716700000002]]]]}}, {"type": "Feature", "properties": {"layer": "building", "distance_m": 479.1, "source": "OpenStreetMap", "in_industrial_zone": false, "ghsl_2018": 1}, "geometry": {"type": "Polygon", "coordinates": [[[73.16118769999997, 22.2755867], [73.16115419999998, 22.275586699999998], [73.1611528, 22.2755408], [73.1611662, 22.275504800000004], [73.1611931, 22.275478100000004], [73.16124469999998, 22.2754341], [73.1613024, 22.275407999999995], [73.16135530000001, 22.275400600000008], [73.1616403, 22.275421699999995], [73.1616396, 22.275453300000002], [73.1616651, 22.275457], [73.16168189999999, 22.275465700000005], [73.16170600000001, 22.2754905], [73.16171410000001, 22.2755203], [73.16171009999998, 22.2755526], [73.1619354, 22.275570000000002], [73.16193, 22.275625800000007], [73.16189909999999, 22.275670499999997], [73.1618603, 22.275716399999997], [73.1617677, 22.275762300000004], [73.1616832, 22.2757822], [73.1616068, 22.2757859], [73.1615438, 22.275783399999998], [73.1615625, 22.27562829999999], [73.1611857, 22.275609], [73.16118769999997, 22.2755867]]]}}, {"type": "Feature", "properties": {"layer": "building", "distance_m": 468.0, "source": "Google Open Buildings", "in_industrial_zone": false, "ghsl_2018": 1}, "geometry": {"type": "Polygon", "coordinates": [[[73.1620912, 22.275401899999995], [73.1621372, 22.275408099999996], [73.16213129999998, 22.2754461], [73.1620853, 22.275439899999995], [73.1620912, 22.275401899999995]]]}}, {"type": "Feature", "properties": {"layer": "building", "distance_m": 498.3, "source": "Google Open Buildings", "in_industrial_zone": true, "ghsl_2018": 1}, "geometry": {"type": "Polygon", "coordinates": [[[73.16233820000001, 22.2744023], [73.1623988, 22.2744175], [73.1623884, 22.2744534], [73.1624122, 22.27445940000001], [73.1623979, 22.2745085], [73.1623135, 22.2744873], [73.16233820000001, 22.2744023]]]}}, {"type": "Feature", "properties": {"layer": "building", "distance_m": 498.1, "source": "Google Open Buildings", "in_industrial_zone": true, "ghsl_2018": 1}, "geometry": {"type": "Polygon", "coordinates": [[[73.1623071, 22.274513699999996], [73.16236470000001, 22.27452300000001], [73.1623573, 22.274562699999997], [73.1622997, 22.274553399999995], [73.1623071, 22.274513699999996]]]}}, {"type": "Feature", "properties": {"layer": "building", "distance_m": 493.2, "source": "Google Open Buildings", "in_industrial_zone": true, "ghsl_2018": 2}, "geometry": {"type": "Polygon", "coordinates": [[[73.1625398, 22.274340099999996], [73.16257080000001, 22.27434729999999], [73.1625582, 22.274394], [73.1625272, 22.274386800000006], [73.1625398, 22.274340099999996]]]}}, {"type": "Feature", "properties": {"layer": "building", "distance_m": 484.7, "source": "Google Open Buildings", "in_industrial_zone": true, "ghsl_2018": 2}, "geometry": {"type": "Polygon", "coordinates": [[[73.1624606, 22.2743597], [73.1625549, 22.274383400000005], [73.16253179999998, 22.274462999999997], [73.16255590000002, 22.2744691], [73.16253359999999, 22.2745458], [73.1624152, 22.27451599999999], [73.1624606, 22.2743597]]]}}, {"type": "Feature", "properties": {"layer": "building", "distance_m": 487.8, "source": "Microsoft ML Buildings", "in_industrial_zone": true, "ghsl_2018": 2}, "geometry": {"type": "Polygon", "coordinates": [[[73.1631525, 22.273814800000007], [73.1631289, 22.2739181], [73.1629415, 22.273881399999997], [73.1629928, 22.273656899999995], [73.1631532, 22.273688399999998], [73.1631255, 22.273809500000002], [73.1631525, 22.273814800000007]]]}}, {"type": "Feature", "properties": {"layer": "building", "distance_m": 496.6, "source": "Google Open Buildings", "in_industrial_zone": true, "ghsl_2018": 1}, "geometry": {"type": "Polygon", "coordinates": [[[73.16253130000001, 22.273969900000004], [73.1627634, 22.274022200000008], [73.1627243, 22.2741726], [73.16249220000002, 22.274120300000003], [73.16253130000001, 22.273969900000004]]]}}, {"type": "Feature", "properties": {"layer": "building", "distance_m": 459.3, "source": "Google Open Buildings", "in_industrial_zone": true, "ghsl_2018": 1}, "geometry": {"type": "Polygon", "coordinates": [[[73.1629186, 22.274338300000004], [73.1628619, 22.27453390000001], [73.1625693, 22.274460399999995], [73.1625875, 22.274397700000005], [73.1625657, 22.2743922], [73.16258089999998, 22.27433999999999], [73.16261280000002, 22.274348000000007], [73.1626362, 22.27426730000001], [73.162773, 22.274301699999995], [73.1627841, 22.27426360000001], [73.1629104, 22.274295400000003], [73.16289940000001, 22.2743335], [73.1629186, 22.274338300000004]]]}}, {"type": "Feature", "properties": {"layer": "building", "distance_m": 452.3, "source": "Google Open Buildings", "in_industrial_zone": true, "ghsl_2018": 1}, "geometry": {"type": "Polygon", "coordinates": [[[73.1627599, 22.274666500000002], [73.1628081, 22.2746718], [73.1628048, 22.274697300000007], [73.1627567, 22.274692], [73.1627599, 22.274666500000002]]]}}, {"type": "Feature", "properties": {"layer": "building", "distance_m": 455.8, "source": "Google Open Buildings", "in_industrial_zone": true, "ghsl_2018": 1}, "geometry": {"type": "Polygon", "coordinates": [[[73.1625401, 22.2744614], [73.1628553, 22.274534899999995], [73.1628342, 22.274613200000005], [73.1625453, 22.274545899999996], [73.16255610000002, 22.274505899999998], [73.16252969999998, 22.274499799999994], [73.1625401, 22.2744614]]]}}, {"type": "Feature", "properties": {"layer": "building", "distance_m": 453.3, "source": "Google Open Buildings", "in_industrial_zone": true, "ghsl_2018": 1}, "geometry": {"type": "Polygon", "coordinates": [[[73.1624046, 22.274592], [73.1624219, 22.274527], [73.1628308, 22.274621499999995], [73.1628188, 22.274666499999995], [73.1625724, 22.274609500000004], [73.16256710000002, 22.274629500000003], [73.1624046, 22.274592]]]}}, {"type": "Feature", "properties": {"layer": "building", "distance_m": 398.2, "source": "Google Open Buildings", "in_industrial_zone": false, "ghsl_2018": 1}, "geometry": {"type": "Polygon", "coordinates": [[[73.16281400000001, 22.275377599999995], [73.1629194, 22.2753842], [73.1629178, 22.27540739999999], [73.16281229999998, 22.2754009], [73.16281400000001, 22.275377599999995]]]}}, {"type": "Feature", "properties": {"layer": "building", "distance_m": 385.6, "source": "Google Open Buildings", "in_industrial_zone": false, "ghsl_2018": 1}, "geometry": {"type": "Polygon", "coordinates": [[[73.1629621, 22.275447300000003], [73.1630167, 22.27544969999999], [73.1630153, 22.2754769], [73.16296080000001, 22.2754745], [73.1629621, 22.275447300000003]]]}}, {"type": "Feature", "properties": {"layer": "building", "distance_m": 424.4, "source": "Google Open Buildings", "in_industrial_zone": true, "ghsl_2018": 1}, "geometry": {"type": "Polygon", "coordinates": [[[73.1629792, 22.2748012], [73.16303049999999, 22.274810599999995], [73.16302259999999, 22.2748481], [73.16297130000001, 22.274838699999997], [73.1629792, 22.2748012]]]}}, {"type": "Feature", "properties": {"layer": "building", "distance_m": 457.9, "source": "Google Open Buildings", "in_industrial_zone": true, "ghsl_2018": 1}, "geometry": {"type": "Polygon", "coordinates": [[[73.16292030000001, 22.274350800000008], [73.1629905, 22.274363499999993], [73.1629757, 22.274433900000002], [73.16290550000001, 22.2744212], [73.16292030000001, 22.274350800000008]]]}}, {"type": "Feature", "properties": {"layer": "building", "distance_m": 473.6, "source": "Microsoft ML Buildings", "in_industrial_zone": true, "ghsl_2018": 2}, "geometry": {"type": "Polygon", "coordinates": [[[73.16286679999999, 22.274159400000002], [73.1629315, 22.273883199999997], [73.1630813, 22.2739133], [73.1630166, 22.274189500000002], [73.16286679999999, 22.274159400000002]]]}}, {"type": "Feature", "properties": {"layer": "building", "distance_m": 426.8, "source": "Microsoft ML Buildings", "in_industrial_zone": true, "ghsl_2018": 1}, "geometry": {"type": "Polygon", "coordinates": [[[73.163351, 22.274371999999993], [73.1633147, 22.274510299999992], [73.1632323, 22.274491899999994], [73.16324219999998, 22.27445429999999], [73.1632131, 22.274447800000004], [73.16323949999999, 22.274347], [73.163351, 22.274371999999993]]]}}, {"type": "Feature", "properties": {"layer": "building", "distance_m": 432.2, "source": "Google Open Buildings", "in_industrial_zone": true, "ghsl_2018": 1}, "geometry": {"type": "Polygon", "coordinates": [[[73.1631408, 22.274527700000004], [73.1631937, 22.274535099999998], [73.1631894, 22.2745612], [73.1631365, 22.274553799999996], [73.1631408, 22.274527700000004]]]}}, {"type": "Feature", "properties": {"layer": "building", "distance_m": 356.8, "source": "Google Open Buildings", "in_industrial_zone": false, "ghsl_2018": 1}, "geometry": {"type": "Polygon", "coordinates": [[[73.16324879999999, 22.2754987], [73.16330710000001, 22.2755175], [73.163297, 22.275544700000005], [73.1632386, 22.2755259], [73.16324879999999, 22.2754987]]]}}, {"type": "Feature", "properties": {"layer": "building", "distance_m": 405.7, "source": "Google Open Buildings", "in_industrial_zone": false, "ghsl_2018": 1}, "geometry": {"type": "Polygon", "coordinates": [[[73.16338570000002, 22.274621400000004], [73.163427, 22.274636600000004], [73.1633992, 22.2747021], [73.1633578, 22.2746869], [73.16338570000002, 22.274621400000004]]]}}, {"type": "Feature", "properties": {"layer": "building", "distance_m": 441.1, "source": "Google Open Buildings", "in_industrial_zone": true, "ghsl_2018": 1}, "geometry": {"type": "Polygon", "coordinates": [[[73.16333460000001, 22.2742262], [73.16340050000001, 22.27423539999999], [73.1633965, 22.2742604], [73.1633306, 22.2742512], [73.16333460000001, 22.2742262]]]}}, {"type": "Feature", "properties": {"layer": "building", "distance_m": 433.8, "source": "Microsoft ML Buildings", "in_industrial_zone": true, "ghsl_2018": 2}, "geometry": {"type": "Polygon", "coordinates": [[[73.16341479999998, 22.274210899999996], [73.1631592, 22.274167400000003], [73.16319859999999, 22.273969299999994], [73.16340349999999, 22.2740042], [73.163436, 22.2738409], [73.163506, 22.2738529], [73.1634731, 22.274018499999997], [73.1635289, 22.274028000000005], [73.1635086, 22.274130099999997], [73.16354750000002, 22.2741367], [73.1635265, 22.274242299999994], [73.1634124, 22.27422290000001], [73.16341479999998, 22.274210899999996]]]}}, {"type": "Feature", "properties": {"layer": "building", "distance_m": 471.9, "source": "Google Open Buildings", "in_industrial_zone": true, "ghsl_2018": 2}, "geometry": {"type": "Polygon", "coordinates": [[[73.16342029999998, 22.27338709999999], [73.1635863, 22.273422199999988], [73.16348610000001, 22.273832000000006], [73.16332020000002, 22.273796800000007], [73.16342029999998, 22.27338709999999]]]}}, {"type": "Feature", "properties": {"layer": "building", "distance_m": 487.0, "source": "Google Open Buildings", "in_industrial_zone": true, "ghsl_2018": 2}, "geometry": {"type": "Polygon", "coordinates": [[[73.1633021, 22.273355599999995], [73.1634164, 22.2733821], [73.16330770000002, 22.2737886], [73.16319349999999, 22.273762199999993], [73.1633021, 22.273355599999995]]]}}, {"type": "Feature", "properties": {"layer": "building", "distance_m": 473.4, "source": "Microsoft ML Buildings", "in_industrial_zone": true, "ghsl_2018": 1}, "geometry": {"type": "Polygon", "coordinates": [[[73.1633862, 22.2738871], [73.1633208, 22.273877300000002], [73.1633293, 22.273828899999998], [73.1633947, 22.273838800000004], [73.1633862, 22.2738871]]]}}, {"type": "Feature", "properties": {"layer": "building", "distance_m": 473.0, "source": "Microsoft ML Buildings", "in_industrial_zone": true, "ghsl_2018": 1}, "geometry": {"type": "Polygon", "coordinates": [[[73.1632772, 22.2739749], [73.1632052, 22.273961000000007], [73.1632267, 22.273865899999997], [73.16329869999998, 22.2738798], [73.1632772, 22.2739749]]]}}, {"type": "Feature", "properties": {"layer": "building", "distance_m": 493.5, "source": "Google Open Buildings", "in_industrial_zone": true, "ghsl_2018": 1}, "geometry": {"type": "Polygon", "coordinates": [[[73.16378080000001, 22.273351200000008], [73.1637673, 22.2734171], [73.1637422, 22.2734126], [73.1637557, 22.273346699999998], [73.16378080000001, 22.273351200000008]]]}}, {"type": "Feature", "properties": {"layer": "building", "distance_m": 483.0, "source": "Google Open Buildings", "in_industrial_zone": false, "ghsl_2018": 1}, "geometry": {"type": "Polygon", "coordinates": [[[73.1637501, 22.2734693], [73.1637827, 22.27347139999999], [73.1637789, 22.273522999999997], [73.1637463, 22.273520899999998], [73.1637501, 22.2734693]]]}}, {"type": "Feature", "properties": {"layer": "building", "distance_m": 470.7, "source": "Google Open Buildings", "in_industrial_zone": false, "ghsl_2018": 0}, "geometry": {"type": "Polygon", "coordinates": [[[73.1638613, 22.273474], [73.1639257, 22.273480099999993], [73.16392320000001, 22.273502800000003], [73.16395629999998, 22.273505899999996], [73.1639511, 22.2735531], [73.1638536, 22.273543800000006], [73.1638613, 22.273474]]]}}, {"type": "Feature", "properties": {"layer": "building", "distance_m": 447.8, "source": "Microsoft ML Buildings", "in_industrial_zone": false, "ghsl_2018": 1}, "geometry": {"type": "Polygon", "coordinates": [[[73.16379119999999, 22.2738964], [73.1637279, 22.273888599999996], [73.16373940000001, 22.273808100000004], [73.16380270000002, 22.27381590000001], [73.16379119999999, 22.2738964]]]}}, {"type": "Feature", "properties": {"layer": "building", "distance_m": 454.4, "source": "Google Open Buildings", "in_industrial_zone": false, "ghsl_2018": 1}, "geometry": {"type": "Polygon", "coordinates": [[[73.1636441, 22.273768400000005], [73.16372790000001, 22.2737867], [73.16370449999998, 22.273879499999996], [73.1636207, 22.2738611], [73.1636441, 22.273768400000005]]]}}, {"type": "Feature", "properties": {"layer": "building", "distance_m": 480.5, "source": "Google Open Buildings", "in_industrial_zone": true, "ghsl_2018": 2}, "geometry": {"type": "Polygon", "coordinates": [[[73.1636456, 22.273567099999998], [73.1637073, 22.273581299999996], [73.1637034, 22.273595900000004], [73.1636417, 22.273581600000004], [73.1636456, 22.273567099999998]]]}}, {"type": "Feature", "properties": {"layer": "building", "distance_m": 474.7, "source": "Google Open Buildings", "in_industrial_zone": false, "ghsl_2018": 1}, "geometry": {"type": "Polygon", "coordinates": [[[73.1637259, 22.273583200000004], [73.1637626, 22.273587100000007], [73.1637579, 22.273624999999992], [73.1637212, 22.273621], [73.1637259, 22.273583200000004]]]}}, {"type": "Feature", "properties": {"layer": "building", "distance_m": 488.6, "source": "Google Open Buildings", "in_industrial_zone": true, "ghsl_2018": 1}, "geometry": {"type": "Polygon", "coordinates": [[[73.163675, 22.2734474], [73.1637158, 22.273456999999997], [73.1637017, 22.273509000000004], [73.16366090000001, 22.273499399999995], [73.163675, 22.2734474]]]}}, {"type": "Feature", "properties": {"layer": "building", "distance_m": 446.6, "source": "Microsoft ML Buildings", "in_industrial_zone": true, "ghsl_2018": 2}, "geometry": {"type": "Polygon", "coordinates": [[[73.16359219999997, 22.274044399999994], [73.1635457, 22.274035899999994], [73.16355499999999, 22.273992899999996], [73.1636014, 22.274001499999997], [73.16359219999997, 22.274044399999994]]]}}, {"type": "Feature", "properties": {"layer": "building", "distance_m": 440.1, "source": "Microsoft ML Buildings", "in_industrial_zone": true, "ghsl_2018": 2}, "geometry": {"type": "Polygon", "coordinates": [[[73.16359089999999, 22.274051300000004], [73.1635695, 22.274136], [73.1635161, 22.274124399999998], [73.1635375, 22.2740397], [73.16359089999999, 22.274051300000004]]]}}, {"type": "Feature", "properties": {"layer": "building", "distance_m": 441.7, "source": "Google Open Buildings", "in_industrial_zone": false, "ghsl_2018": 2}, "geometry": {"type": "Polygon", "coordinates": [[[73.1636052, 22.2740169], [73.16365300000001, 22.2740281], [73.1636436, 22.274062899999997], [73.16359580000001, 22.274051699999998], [73.1636052, 22.2740169]]]}}, {"type": "Feature", "properties": {"layer": "building", "distance_m": 433.1, "source": "Google Open Buildings", "in_industrial_zone": false, "ghsl_2018": 2}, "geometry": {"type": "Polygon", "coordinates": [[[73.16359569999999, 22.274049999999992], [73.163658, 22.2740636], [73.1636307, 22.274171699999993], [73.1635684, 22.274158], [73.16359569999999, 22.274049999999992]]]}}, {"type": "Feature", "properties": {"layer": "building", "distance_m": 450.4, "source": "Microsoft ML Buildings", "in_industrial_zone": true, "ghsl_2018": 2}, "geometry": {"type": "Polygon", "coordinates": [[[73.1636034, 22.273993600000004], [73.1635601, 22.2739819], [73.16357880000001, 22.273922400000007], [73.16362209999998, 22.27393409999999], [73.1636034, 22.273993600000004]]]}}, {"type": "Feature", "properties": {"layer": "building", "distance_m": 446.8, "source": "Google Open Buildings", "in_industrial_zone": false, "ghsl_2018": 2}, "geometry": {"type": "Polygon", "coordinates": [[[73.1636266, 22.273927399999998], [73.1636719, 22.2739373], [73.163657, 22.273996399999998], [73.1636117, 22.273986499999996], [73.1636266, 22.273927399999998]]]}}, {"type": "Feature", "properties": {"layer": "building", "distance_m": 418.4, "source": "Google Open Buildings", "in_industrial_zone": false, "ghsl_2018": 1}, "geometry": {"type": "Polygon", "coordinates": [[[73.1636653, 22.2742403], [73.1636935, 22.274244899999996], [73.1636827, 22.2743025], [73.16365450000002, 22.274297900000004], [73.1636653, 22.2742403]]]}}, {"type": "Feature", "properties": {"layer": "building", "distance_m": 327.7, "source": "Google Open Buildings", "in_industrial_zone": false, "ghsl_2018": 0}, "geometry": {"type": "Polygon", "coordinates": [[[73.1635904, 22.275510300000004], [73.1636342, 22.2755249], [73.16361830000001, 22.275566300000005], [73.16357439999999, 22.275551700000005], [73.1635904, 22.275510300000004]]]}}, {"type": "Feature", "properties": {"layer": "building", "distance_m": 340.9, "source": "Microsoft ML Buildings", "in_industrial_zone": false, "ghsl_2018": 1}, "geometry": {"type": "Polygon", "coordinates": [[[73.16388999999998, 22.2750715], [73.1638299, 22.2750752], [73.16382490000001, 22.275006000000005], [73.1638851, 22.275002299999997], [73.16388999999998, 22.2750715]]]}}, {"type": "Feature", "properties": {"layer": "building", "distance_m": 312.4, "source": "Microsoft ML Buildings", "in_industrial_zone": false, "ghsl_2018": 1}, "geometry": {"type": "Polygon", "coordinates": [[[73.1638713, 22.275438400000002], [73.1638658, 22.275486300000008], [73.16374259999999, 22.2754743], [73.16374799999998, 22.275426399999997], [73.1638713, 22.275438400000002]]]}}, {"type": "Feature", "properties": {"layer": "building", "distance_m": 306.6, "source": "Microsoft ML Buildings", "in_industrial_zone": false, "ghsl_2018": 1}, "geometry": {"type": "Polygon", "coordinates": [[[73.16398720000001, 22.275383300000005], [73.163984, 22.2754352], [73.16377810000002, 22.2754245], [73.16378129999998, 22.275372500000003], [73.16398720000001, 22.275383300000005]]]}}, {"type": "Feature", "properties": {"layer": "building", "distance_m": 337.1, "source": "Microsoft ML Buildings", "in_industrial_zone": false, "ghsl_2018": 1}, "geometry": {"type": "Polygon", "coordinates": [[[73.16397720000002, 22.274998300000004], [73.1639632, 22.2750522], [73.16390230000002, 22.275038700000003], [73.1639164, 22.274984700000005], [73.16397720000002, 22.274998300000004]]]}}, {"type": "Feature", "properties": {"layer": "building", "distance_m": 427.9, "source": "Google Open Buildings", "in_industrial_zone": false, "ghsl_2018": 1}, "geometry": {"type": "Polygon", "coordinates": [[[73.1637557, 22.274060200000005], [73.16381499999999, 22.274069300000008], [73.16380889999999, 22.274103999999994], [73.1637496, 22.2740949], [73.1637557, 22.274060200000005]]]}}, {"type": "Feature", "properties": {"layer": "building", "distance_m": 381.1, "source": "Google Open Buildings", "in_industrial_zone": false, "ghsl_2018": 1}, "geometry": {"type": "Polygon", "coordinates": [[[73.16411309999998, 22.274335099999995], [73.1641664, 22.2743429], [73.1641579, 22.274392400000004], [73.16410469999998, 22.2743845], [73.16411309999998, 22.274335099999995]]]}}, {"type": "Feature", "properties": {"layer": "building", "distance_m": 372.0, "source": "Google Open Buildings", "in_industrial_zone": false, "ghsl_2018": 1}, "geometry": {"type": "Polygon", "coordinates": [[[73.1641575, 22.2744184], [73.1642138, 22.2744246], [73.16420950000001, 22.2744586], [73.1641531, 22.2744523], [73.1641575, 22.2744184]]]}}, {"type": "Feature", "properties": {"layer": "building", "distance_m": 354.6, "source": "Microsoft ML Buildings", "in_industrial_zone": false, "ghsl_2018": 1}, "geometry": {"type": "Polygon", "coordinates": [[[73.1640789, 22.274745099999997], [73.1640119, 22.274743300000004], [73.1640144, 22.274664], [73.16408139999999, 22.27466569999999], [73.1640789, 22.274745099999997]]]}}, {"type": "Feature", "properties": {"layer": "building", "distance_m": 365.4, "source": "Microsoft ML Buildings", "in_industrial_zone": false, "ghsl_2018": 1}, "geometry": {"type": "Polygon", "coordinates": [[[73.16409360000002, 22.274548], [73.1640798, 22.274620199999998], [73.1640264, 22.2746114], [73.1640402, 22.2745392], [73.16409360000002, 22.274548]]]}}, {"type": "Feature", "properties": {"layer": "building", "distance_m": 298.2, "source": "Microsoft ML Buildings", "in_industrial_zone": false, "ghsl_2018": 1}, "geometry": {"type": "Polygon", "coordinates": [[[73.164048, 22.275394799999997], [73.1640957, 22.275390100000003], [73.16409999999999, 22.275426900000003], [73.16405220000001, 22.2754316], [73.164048, 22.275394799999997]]]}}, {"type": "Feature", "properties": {"layer": "building", "distance_m": 294.0, "source": "Google Open Buildings", "in_industrial_zone": false, "ghsl_2018": 1}, "geometry": {"type": "Polygon", "coordinates": [[[73.1640987, 22.275402899999996], [73.16412389999999, 22.275400899999994], [73.1641286, 22.2754532], [73.16410339999999, 22.275455199999993], [73.1640987, 22.275402899999996]]]}}, {"type": "Feature", "properties": {"layer": "building", "distance_m": 291.8, "source": "Google Open Buildings", "in_industrial_zone": false, "ghsl_2018": 1}, "geometry": {"type": "Polygon", "coordinates": [[[73.16412389999999, 22.275400899999994], [73.1641563, 22.2753985], [73.16416100000001, 22.275450700000007], [73.1641286, 22.2754532], [73.16412389999999, 22.275400899999994]]]}}, {"type": "Feature", "properties": {"layer": "building", "distance_m": 324.6, "source": "Google Open Buildings", "in_industrial_zone": false, "ghsl_2018": 1}, "geometry": {"type": "Polygon", "coordinates": [[[73.16408739999999, 22.2750336], [73.16411989999999, 22.275037999999995], [73.1641142, 22.2750744], [73.1640816, 22.275070000000003], [73.16408739999999, 22.2750336]]]}}, {"type": "Feature", "properties": {"layer": "building", "distance_m": 322.0, "source": "Google Open Buildings", "in_industrial_zone": false, "ghsl_2018": 1}, "geometry": {"type": "Polygon", "coordinates": [[[73.16411989999999, 22.275037999999995], [73.16415289999999, 22.275042499999998], [73.1641471, 22.2750789], [73.1641142, 22.2750744], [73.16411989999999, 22.275037999999995]]]}}, {"type": "Feature", "properties": {"layer": "building", "distance_m": 337.0, "source": "Google Open Buildings", "in_industrial_zone": false, "ghsl_2018": 1}, "geometry": {"type": "Polygon", "coordinates": [[[73.1642359, 22.2747932], [73.16423849999998, 22.2748306], [73.16411740000001, 22.2748378], [73.1641148, 22.274800399999997], [73.1642359, 22.2747932]]]}}, {"type": "Feature", "properties": {"layer": "building", "distance_m": 317.9, "source": "Google Open Buildings", "in_industrial_zone": false, "ghsl_2018": 1}, "geometry": {"type": "Polygon", "coordinates": [[[73.164281, 22.2749685], [73.16430929999999, 22.274978300000004], [73.16429820000002, 22.275006399999995], [73.1642699, 22.274996700000003], [73.164281, 22.2749685]]]}}, {"type": "Feature", "properties": {"layer": "building", "distance_m": 286.9, "source": "Google Open Buildings", "in_industrial_zone": false, "ghsl_2018": 1}, "geometry": {"type": "Polygon", "coordinates": [[[73.1641964, 22.27538480000001], [73.164239, 22.275387100000003], [73.16423559999998, 22.2754404], [73.16419299999998, 22.275437999999998], [73.1641964, 22.27538480000001]]]}}, {"type": "Feature", "properties": {"layer": "building", "distance_m": 274.4, "source": "Google Open Buildings", "in_industrial_zone": false, "ghsl_2018": 1}, "geometry": {"type": "Polygon", "coordinates": [[[73.1642873, 22.27549880000001], [73.16431089999999, 22.275505199999998], [73.1642992, 22.275542400000003], [73.16427549999999, 22.275535999999995], [73.1642873, 22.27549880000001]]]}}, {"type": "Feature", "properties": {"layer": "building", "distance_m": 309.0, "source": "Google Open Buildings", "in_industrial_zone": false, "ghsl_2018": 1}, "geometry": {"type": "Polygon", "coordinates": [[[73.16436819999998, 22.275033799999992], [73.1643377, 22.275080699999993], [73.1643113, 22.275065899999998], [73.1643419, 22.27501899999999], [73.16436819999998, 22.275033799999992]]]}}, {"type": "Feature", "properties": {"layer": "building", "distance_m": 305.5, "source": "Google Open Buildings", "in_industrial_zone": false, "ghsl_2018": 1}, "geometry": {"type": "Polygon", "coordinates": [[[73.16437059999998, 22.275036500000006], [73.1643999, 22.2750451], [73.1643869, 22.275083599999995], [73.1643575, 22.275074900000003], [73.16437059999998, 22.275036500000006]]]}}, {"type": "Feature", "properties": {"layer": "building", "distance_m": 332.0, "source": "OpenStreetMap", "in_industrial_zone": false, "ghsl_2018": 1}, "geometry": {"type": "Polygon", "coordinates": [[[73.1644049, 22.274772400000007], [73.16429649999999, 22.274756499999995], [73.1643679, 22.274338999999994], [73.16447630000002, 22.274354800000005], [73.1644049, 22.274772400000007]]]}}, {"type": "Feature", "properties": {"layer": "building", "distance_m": 487.6, "source": "Google Open Buildings", "in_industrial_zone": false, "ghsl_2018": 1}, "geometry": {"type": "Polygon", "coordinates": [[[73.1644772, 22.2730277], [73.1645234, 22.2730367], [73.1645047, 22.2731201], [73.1644585, 22.27311109999999], [73.1644772, 22.2730277]]]}}, {"type": "Feature", "properties": {"layer": "building", "distance_m": 442.6, "source": "Google Open Buildings", "in_industrial_zone": false, "ghsl_2018": 1}, "geometry": {"type": "Polygon", "coordinates": [[[73.1648254, 22.273370500000006], [73.1648861, 22.273386600000002], [73.1648752, 22.273422199999995], [73.1648145, 22.273406], [73.1648254, 22.273370500000006]]]}}, {"type": "Feature", "properties": {"layer": "building", "distance_m": 426.8, "source": "Microsoft ML Buildings", "in_industrial_zone": false, "ghsl_2018": 1}, "geometry": {"type": "Polygon", "coordinates": [[[73.1647607, 22.2735892], [73.16477479999999, 22.273557400000005], [73.1644607, 22.273437599999994], [73.1644947, 22.273361199999997], [73.1648432, 22.27349410000001], [73.1647951, 22.2736023], [73.1647607, 22.2735892]]]}}, {"type": "Feature", "properties": {"layer": "building", "distance_m": 478.9, "source": "Microsoft ML Buildings", "in_industrial_zone": false, "ghsl_2018": 1}, "geometry": {"type": "Polygon", "coordinates": [[[73.1645183, 22.273143000000005], [73.1645317, 22.273091400000006], [73.16462549999999, 22.273112199999996], [73.1646122, 22.273163800000003], [73.1645183, 22.273143000000005]]]}}, {"type": "Feature", "properties": {"layer": "building", "distance_m": 478.1, "source": "Google Open Buildings", "in_industrial_zone": false, "ghsl_2018": 1}, "geometry": {"type": "Polygon", "coordinates": [[[73.1644282, 22.2731965], [73.1644644, 22.273205300000004], [73.1644567, 22.2732329], [73.1644205, 22.2732242], [73.1644282, 22.2731965]]]}}, {"type": "Feature", "properties": {"layer": "building", "distance_m": 356.3, "source": "Google Open Buildings", "in_industrial_zone": false, "ghsl_2018": 1}, "geometry": {"type": "Polygon", "coordinates": [[[73.16423760000002, 22.273983500000007], [73.16476739999999, 22.2740667], [73.16471869999998, 22.274335300000004], [73.16416729999999, 22.274248700000005], [73.1641981, 22.274078700000004], [73.16421969999999, 22.2740821], [73.16423760000002, 22.273983500000007]]]}}, {"type": "Feature", "properties": {"layer": "building", "distance_m": 352.6, "source": "Google Open Buildings", "in_industrial_zone": false, "ghsl_2018": 1}, "geometry": {"type": "Polygon", "coordinates": [[[73.16454659999998, 22.274409799999997], [73.16458229999999, 22.2744141], [73.1645779, 22.274446799999993], [73.16454209999999, 22.274442500000003], [73.16454659999998, 22.274409799999997]]]}}, {"type": "Feature", "properties": {"layer": "building", "distance_m": 344.2, "source": "Google Open Buildings", "in_industrial_zone": false, "ghsl_2018": 1}, "geometry": {"type": "Polygon", "coordinates": [[[73.16451970000001, 22.274503100000008], [73.1645717, 22.2745085], [73.1645678, 22.2745417], [73.16451569999998, 22.274536299999998], [73.16451970000001, 22.274503100000008]]]}}, {"type": "Feature", "properties": {"layer": "building", "distance_m": 309.8, "source": "OpenStreetMap", "in_industrial_zone": false, "ghsl_2018": 1}, "geometry": {"type": "Polygon", "coordinates": [[[73.16442179999999, 22.274921100000004], [73.1644795, 22.27465], [73.164581, 22.274668499999994], [73.1645233, 22.274939699999997], [73.16442179999999, 22.274921100000004]]]}}, {"type": "Feature", "properties": {"layer": "building", "distance_m": 295.3, "source": "Google Open Buildings", "in_industrial_zone": false, "ghsl_2018": 1}, "geometry": {"type": "Polygon", "coordinates": [[[73.164459, 22.2750554], [73.1645155, 22.2750619], [73.16450880000001, 22.275112400000005], [73.16445239999999, 22.275105899999996], [73.164459, 22.2750554]]]}}, {"type": "Feature", "properties": {"layer": "building", "distance_m": 298.9, "source": "Google Open Buildings", "in_industrial_zone": false, "ghsl_2018": 1}, "geometry": {"type": "Polygon", "coordinates": [[[73.16446159999998, 22.2750672], [73.1644602, 22.2751061], [73.16441920000001, 22.275104799999998], [73.1644206, 22.275065899999998], [73.16446159999998, 22.2750672]]]}}, {"type": "Feature", "properties": {"layer": "building", "distance_m": 260.9, "source": "Microsoft ML Buildings", "in_industrial_zone": false, "ghsl_2018": 1}, "geometry": {"type": "Polygon", "coordinates": [[[73.1646368, 22.275381000000007], [73.16463319999998, 22.2753478], [73.1646836, 22.275343], [73.16468730000001, 22.2753762], [73.1646368, 22.275381000000007]]]}}, {"type": "Feature", "properties": {"layer": "building", "distance_m": 289.0, "source": "Google Open Buildings", "in_industrial_zone": false, "ghsl_2018": 1}, "geometry": {"type": "Polygon", "coordinates": [[[73.16453439999998, 22.275065599999994], [73.16461059999999, 22.2750715], [73.1646068, 22.27511500000001], [73.1645305, 22.275109199999992], [73.16453439999998, 22.275065599999994]]]}}, {"type": "Feature", "properties": {"layer": "building", "distance_m": 297.9, "source": "OpenStreetMap", "in_industrial_zone": false, "ghsl_2018": 1}, "geometry": {"type": "Polygon", "coordinates": [[[73.1645771, 22.2749534], [73.16463480000002, 22.274682200000008], [73.1647364, 22.274700800000005], [73.16467860000002, 22.274971899999997], [73.1645771, 22.2749534]]]}}, {"type": "Feature", "properties": {"layer": "building", "distance_m": 254.0, "source": "Google Open Buildings", "in_industrial_zone": false, "ghsl_2018": 1}, "geometry": {"type": "Polygon", "coordinates": [[[73.1646904, 22.275362900000005], [73.16477299999998, 22.2753657], [73.16477189999998, 22.275394899999995], [73.1646892, 22.275392099999994], [73.1646904, 22.275362900000005]]]}}, {"type": "Feature", "properties": {"layer": "building", "distance_m": 242.3, "source": "Google Open Buildings", "in_industrial_zone": false, "ghsl_2018": 1}, "geometry": {"type": "Polygon", "coordinates": [[[73.1648191, 22.275421699999995], [73.16487410000002, 22.275424499999996], [73.16487219999999, 22.275457099999997], [73.1648172, 22.2754544], [73.1648191, 22.275421699999995]]]}}, {"type": "Feature", "properties": {"layer": "building", "distance_m": 288.5, "source": "OpenStreetMap", "in_industrial_zone": false, "ghsl_2018": 1}, "geometry": {"type": "Polygon", "coordinates": [[[73.16472369999998, 22.2749666], [73.1647814, 22.2746955], [73.16488299999997, 22.274713999999996], [73.16482519999998, 22.274985100000006], [73.16472369999998, 22.2749666]]]}}, {"type": "Feature", "properties": {"layer": "building", "distance_m": 289.4, "source": "OpenStreetMap", "in_industrial_zone": false, "ghsl_2018": 1}, "geometry": {"type": "Polygon", "coordinates": [[[73.164907, 22.27485739999999], [73.16496469999998, 22.274586299999992], [73.16506629999999, 22.274604799999995], [73.1650085, 22.2748759], [73.164907, 22.27485739999999]]]}}, {"type": "Feature", "properties": {"layer": "building", "distance_m": 255.2, "source": "Google Open Buildings", "in_industrial_zone": false, "ghsl_2018": 1}, "geometry": {"type": "Polygon", "coordinates": [[[73.1650704, 22.275131], [73.16514809999998, 22.275128], [73.1651494, 22.275156599999995], [73.16507169999998, 22.2751596], [73.1650704, 22.275131]]]}}, {"type": "Feature", "properties": {"layer": "building", "distance_m": 268.8, "source": "Google Open Buildings", "in_industrial_zone": false, "ghsl_2018": 1}, "geometry": {"type": "Polygon", "coordinates": [[[73.1650368, 22.2750193], [73.1650694, 22.275022299999996], [73.16506549999998, 22.2750592], [73.16503289999999, 22.2750563], [73.1650368, 22.2750193]]]}}, {"type": "Feature", "properties": {"layer": "building", "distance_m": 269.0, "source": "OpenStreetMap", "in_industrial_zone": false, "ghsl_2018": 1}, "geometry": {"type": "Polygon", "coordinates": [[[73.16534479999999, 22.274933199999992], [73.1652365, 22.274917400000003], [73.1653078, 22.2744999], [73.16541620000001, 22.2745157], [73.16534479999999, 22.274933199999992]]]}}, {"type": "Feature", "properties": {"layer": "building", "distance_m": 279.8, "source": "OpenStreetMap", "in_industrial_zone": false, "ghsl_2018": 1}, "geometry": {"type": "Polygon", "coordinates": [[[73.16516919999998, 22.27489810000001], [73.16506079999999, 22.2748822], [73.16513219999999, 22.2744647], [73.1652406, 22.2744806], [73.16516919999998, 22.27489810000001]]]}}, {"type": "Feature", "properties": {"layer": "building", "distance_m": 353.5, "source": "Microsoft ML Buildings", "in_industrial_zone": false, "ghsl_2018": 1}, "geometry": {"type": "Polygon", "coordinates": [[[73.16529949999999, 22.2741377], [73.16523339999999, 22.274130300000007], [73.1652407, 22.274075400000005], [73.1653067, 22.2740828], [73.16529949999999, 22.2741377]]]}}, {"type": "Feature", "properties": {"layer": "building", "distance_m": 370.5, "source": "OpenStreetMap", "in_industrial_zone": false, "ghsl_2018": 1}, "geometry": {"type": "Polygon", "coordinates": [[[73.16509759999998, 22.274039499999997], [73.1649974, 22.274020500000002], [73.1651208, 22.273463599999996], [73.16522109999998, 22.27348270000001], [73.16509759999998, 22.274039499999997]]]}}, {"type": "Feature", "properties": {"layer": "building", "distance_m": 380.3, "source": "OpenStreetMap", "in_industrial_zone": false, "ghsl_2018": 1}, "geometry": {"type": "Polygon", "coordinates": [[[73.1649379, 22.274002399999997], [73.1648377, 22.2739833], [73.1649611, 22.273426499999996], [73.1650614, 22.2734455], [73.1649379, 22.274002399999997]]]}}, {"type": "Feature", "properties": {"layer": "building", "distance_m": 453.9, "source": "OpenStreetMap", "in_industrial_zone": false, "ghsl_2018": 1}, "geometry": {"type": "Polygon", "coordinates": [[[73.1651449, 22.273235300000003], [73.1647192, 22.273111200000006], [73.1647487, 22.273024499999995], [73.1651744, 22.2731486], [73.1651449, 22.273235300000003]]]}}, {"type": "Feature", "properties": {"layer": "building", "distance_m": 441.0, "source": "OpenStreetMap", "in_industrial_zone": false, "ghsl_2018": 1}, "geometry": {"type": "Polygon", "coordinates": [[[73.1651037, 22.273367300000004], [73.1648182, 22.273286400000003], [73.1648485, 22.2731948], [73.165134, 22.2732758], [73.1651037, 22.273367300000004]]]}}, {"type": "Feature", "properties": {"layer": "building", "distance_m": 471.4, "source": "OpenStreetMap", "in_industrial_zone": false, "ghsl_2018": 1}, "geometry": {"type": "Polygon", "coordinates": [[[73.1651372, 22.2730734], [73.1648516, 22.272992499999997], [73.164882, 22.272900899999996], [73.1651675, 22.272981900000005], [73.1651372, 22.2730734]]]}}, {"type": "Feature", "properties": {"layer": "building", "distance_m": 499.5, "source": "Microsoft ML Buildings", "in_industrial_zone": false, "ghsl_2018": 1}, "geometry": {"type": "Polygon", "coordinates": [[[73.1649098, 22.272700500000003], [73.1649432, 22.272583400000002], [73.1650549, 22.272610699999998], [73.165087, 22.27249810000001], [73.1651572, 22.2725152], [73.1650681, 22.2728274], [73.1649779, 22.272805400000003], [73.1650014, 22.2727229], [73.1649098, 22.272700500000003]]]}}, {"type": "Feature", "properties": {"layer": "building", "distance_m": 452.9, "source": "OpenStreetMap", "in_industrial_zone": false, "ghsl_2018": 1}, "geometry": {"type": "Polygon", "coordinates": [[[73.1658072, 22.2731227], [73.16523460000002, 22.2729604], [73.1652639, 22.2728716], [73.1658366, 22.2730338], [73.1658072, 22.2731227]]]}}, {"type": "Feature", "properties": {"layer": "building", "distance_m": 473.0, "source": "OpenStreetMap", "in_industrial_zone": false, "ghsl_2018": 1}, "geometry": {"type": "Polygon", "coordinates": [[[73.1657471, 22.272947000000002], [73.1653213, 22.272822899999998], [73.1653508, 22.2727363], [73.1657766, 22.272860400000003], [73.1657471, 22.272947000000002]]]}}, {"type": "Feature", "properties": {"layer": "building", "distance_m": 486.6, "source": "OpenStreetMap", "in_industrial_zone": false, "ghsl_2018": 1}, "geometry": {"type": "Polygon", "coordinates": [[[73.1657978, 22.2728171], [73.1653721, 22.272693000000004], [73.1654015, 22.2726064], [73.1658273, 22.2727304], [73.1657978, 22.2728171]]]}}, {"type": "Feature", "properties": {"layer": "building", "distance_m": 445.0, "source": "OpenStreetMap", "in_industrial_zone": false, "ghsl_2018": 1}, "geometry": {"type": "Polygon", "coordinates": [[[73.1656315, 22.273217800000005], [73.1652057, 22.273093599999996], [73.1652352, 22.273007], [73.165661, 22.2731311], [73.1656315, 22.273217800000005]]]}}, {"type": "Feature", "properties": {"layer": "building", "distance_m": 427.8, "source": "OpenStreetMap", "in_industrial_zone": false, "ghsl_2018": 1}, "geometry": {"type": "Polygon", "coordinates": [[[73.16562760000001, 22.27337590000001], [73.16520190000001, 22.273251800000004], [73.16523129999999, 22.273165200000005], [73.1656571, 22.273289299999995], [73.16562760000001, 22.27337590000001]]]}}, {"type": "Feature", "properties": {"layer": "building", "distance_m": 413.1, "source": "OpenStreetMap", "in_industrial_zone": false, "ghsl_2018": 1}, "geometry": {"type": "Polygon", "coordinates": [[[73.1655978, 22.273515699999997], [73.1651721, 22.273391500000006], [73.1652016, 22.2733049], [73.16562729999998, 22.273428999999993], [73.1655978, 22.273515699999997]]]}}, {"type": "Feature", "properties": {"layer": "building", "distance_m": 307.7, "source": "OpenStreetMap", "in_industrial_zone": false, "ghsl_2018": 1}, "geometry": {"type": "Polygon", "coordinates": [[[73.16568049999998, 22.2744708], [73.165395, 22.274389900000003], [73.1654253, 22.27429830000001], [73.1657109, 22.274379300000003], [73.16568049999998, 22.2744708]]]}}, {"type": "Feature", "properties": {"layer": "building", "distance_m": 261.2, "source": "OpenStreetMap", "in_industrial_zone": false, "ghsl_2018": 1}, "geometry": {"type": "Polygon", "coordinates": [[[73.16549369999998, 22.2749561], [73.16538539999999, 22.274940199999996], [73.1654567, 22.27452270000001], [73.16556509999998, 22.274538499999995], [73.16549369999998, 22.2749561]]]}}, {"type": "Feature", "properties": {"layer": "building", "distance_m": 194.3, "source": "Microsoft ML Buildings", "in_industrial_zone": false, "ghsl_2018": 1}, "geometry": {"type": "Polygon", "coordinates": [[[73.16567759999998, 22.275449599999998], [73.16567549999999, 22.275537499999995], [73.16549199999999, 22.275533599999996], [73.165495, 22.275411999999992], [73.1655712, 22.27541370000001], [73.16557039999998, 22.2754473], [73.16567759999998, 22.275449599999998]]]}}, {"type": "Feature", "properties": {"layer": "building", "distance_m": 253.2, "source": "OpenStreetMap", "in_industrial_zone": false, "ghsl_2018": 1}, "geometry": {"type": "Polygon", "coordinates": [[[73.16565389999998, 22.2749846], [73.1655456, 22.274968699999995], [73.16561689999999, 22.274551200000005], [73.16572539999999, 22.274567], [73.16565389999998, 22.2749846]]]}}, {"type": "Feature", "properties": {"layer": "building", "distance_m": 244.0, "source": "Google Open Buildings", "in_industrial_zone": false, "ghsl_2018": 1}, "geometry": {"type": "Polygon", "coordinates": [[[73.16559009999999, 22.275025999999997], [73.165656, 22.275022300000003], [73.16565909999998, 22.275070199999995], [73.16559319999999, 22.27507389999999], [73.16559009999999, 22.275025999999997]]]}}, {"type": "Feature", "properties": {"layer": "building", "distance_m": 240.4, "source": "Google Open Buildings", "in_industrial_zone": false, "ghsl_2018": 1}, "geometry": {"type": "Polygon", "coordinates": [[[73.1657679, 22.275076000000002], [73.16571269999999, 22.27507869999999], [73.16571109999998, 22.2750491], [73.16567999999998, 22.2750506], [73.16567839999999, 22.2750232], [73.1657648, 22.275019099999998], [73.1657679, 22.275076000000002]]]}}, {"type": "Feature", "properties": {"layer": "building", "distance_m": 308.3, "source": "OpenStreetMap", "in_industrial_zone": false, "ghsl_2018": 1}, "geometry": {"type": "Polygon", "coordinates": [[[73.16602199999998, 22.274414599999993], [73.1655962, 22.2742905], [73.16562569999999, 22.274203899999996], [73.1660515, 22.274328], [73.16602199999998, 22.274414599999993]]]}}, {"type": "Feature", "properties": {"layer": "building", "distance_m": 323.7, "source": "OpenStreetMap", "in_industrial_zone": false, "ghsl_2018": 1}, "geometry": {"type": "Polygon", "coordinates": [[[73.16606489999998, 22.2742707], [73.16563909999999, 22.2741465], [73.1656686, 22.2740599], [73.16609439999999, 22.274183999999998], [73.16606489999998, 22.2742707]]]}}, {"type": "Feature", "properties": {"layer": "building", "distance_m": 338.3, "source": "OpenStreetMap", "in_industrial_zone": false, "ghsl_2018": 1}, "geometry": {"type": "Polygon", "coordinates": [[[73.1661051, 22.2741358], [73.1656794, 22.274011699999996], [73.16570879999999, 22.2739251], [73.16613459999999, 22.274049099999996], [73.1661051, 22.2741358]]]}}, {"type": "Feature", "properties": {"layer": "building", "distance_m": 253.9, "source": "Google Open Buildings", "in_industrial_zone": false, "ghsl_2018": 1}, "geometry": {"type": "Polygon", "coordinates": [[[73.16588149999998, 22.2748322], [73.1658968, 22.274926500000007], [73.16581169999999, 22.274938400000003], [73.1657965, 22.27484410000001], [73.16588149999998, 22.2748322]]]}}, {"type": "Feature", "properties": {"layer": "building", "distance_m": 242.2, "source": "Google Open Buildings", "in_industrial_zone": false, "ghsl_2018": 1}, "geometry": {"type": "Polygon", "coordinates": [[[73.16590699999999, 22.274989899999998], [73.1659137, 22.275031000000002], [73.1658771, 22.275036099999998], [73.16587049999998, 22.274995000000004], [73.16590699999999, 22.274989899999998]]]}}, {"type": "Feature", "properties": {"layer": "building", "distance_m": 182.5, "source": "Google Open Buildings", "in_industrial_zone": false, "ghsl_2018": 1}, "geometry": {"type": "Polygon", "coordinates": [[[73.1659078, 22.275503200000003], [73.16597449999999, 22.275508199999997], [73.1659723, 22.2755334], [73.1660007, 22.275535500000004], [73.1659982, 22.2755642], [73.1659032, 22.275557000000006], [73.1659078, 22.275503200000003]]]}}, {"type": "Feature", "properties": {"layer": "building", "distance_m": 240.5, "source": "Google Open Buildings", "in_industrial_zone": false, "ghsl_2018": 1}, "geometry": {"type": "Polygon", "coordinates": [[[73.1660754, 22.274978000000004], [73.16608209999998, 22.27502269999999], [73.1659762, 22.2750365], [73.1659694, 22.27499179999999], [73.1660754, 22.274978000000004]]]}}, {"type": "Feature", "properties": {"layer": "building", "distance_m": 254.1, "source": "Google Open Buildings", "in_industrial_zone": false, "ghsl_2018": 1}, "geometry": {"type": "Polygon", "coordinates": [[[73.165951, 22.2747962], [73.16601939999998, 22.274787900000003], [73.16603589999998, 22.274905599999993], [73.16596759999999, 22.27491390000001], [73.165951, 22.2747962]]]}}, {"type": "Feature", "properties": {"layer": "building", "distance_m": 245.0, "source": "Google Open Buildings", "in_industrial_zone": false, "ghsl_2018": 1}, "geometry": {"type": "Polygon", "coordinates": [[[73.16596759999999, 22.27491390000001], [73.166008, 22.274909000000008], [73.16601929999999, 22.274989799999997], [73.16597889999998, 22.2749948], [73.16596759999999, 22.27491390000001]]]}}, {"type": "Feature", "properties": {"layer": "building", "distance_m": 256.0, "source": "Google Open Buildings", "in_industrial_zone": false, "ghsl_2018": 1}, "geometry": {"type": "Polygon", "coordinates": [[[73.16601939999998, 22.274787900000003], [73.1660491, 22.274784299999997], [73.16606320000001, 22.2748848], [73.16603349999998, 22.274888400000002], [73.16601939999998, 22.274787900000003]]]}}, {"type": "Feature", "properties": {"layer": "building", "distance_m": 258.2, "source": "Google Open Buildings", "in_industrial_zone": false, "ghsl_2018": 1}, "geometry": {"type": "Polygon", "coordinates": [[[73.1661136, 22.274776400000004], [73.16612499999998, 22.27485769999999], [73.16606049999999, 22.2748655], [73.1660491, 22.274784299999997], [73.1661136, 22.274776400000004]]]}}, {"type": "Feature", "properties": {"layer": "building", "distance_m": 175.8, "source": "Microsoft ML Buildings", "in_industrial_zone": false, "ghsl_2018": 1}, "geometry": {"type": "Polygon", "coordinates": [[[73.1660926, 22.275594500000004], [73.1660999, 22.275540700000004], [73.16617379999998, 22.275549299999998], [73.1661665, 22.2756031], [73.1660926, 22.275594500000004]]]}}, {"type": "Feature", "properties": {"layer": "building", "distance_m": 203.6, "source": "Google Open Buildings", "in_industrial_zone": false, "ghsl_2018": 1}, "geometry": {"type": "Polygon", "coordinates": [[[73.1661851, 22.2753265], [73.1661821, 22.275350399999997], [73.1661453, 22.27534630000001], [73.16614829999999, 22.275322499999994], [73.1661851, 22.2753265]]]}}, {"type": "Feature", "properties": {"layer": "building", "distance_m": 199.4, "source": "Google Open Buildings", "in_industrial_zone": false, "ghsl_2018": 1}, "geometry": {"type": "Polygon", "coordinates": [[[73.1661979, 22.275347], [73.1662013, 22.275386600000004], [73.1661335, 22.2753915], [73.1661302, 22.275351899999997], [73.1661979, 22.275347]]]}}, {"type": "Feature", "properties": {"layer": "building", "distance_m": 256.9, "source": "Microsoft ML Buildings", "in_industrial_zone": false, "ghsl_2018": 1}, "geometry": {"type": "Polygon", "coordinates": [[[73.1661763, 22.274867700000005], [73.1661761, 22.2748617], [73.16612659999998, 22.274863700000004], [73.1661213, 22.27475330000001], [73.16625789999999, 22.2747477], [73.1662634, 22.274864199999993], [73.1661763, 22.274867700000005]]]}}, {"type": "Feature", "properties": {"layer": "building", "distance_m": 245.4, "source": "Google Open Buildings", "in_industrial_zone": false, "ghsl_2018": 1}, "geometry": {"type": "Polygon", "coordinates": [[[73.16636219999998, 22.274877999999998], [73.16637189999999, 22.274946999999994], [73.1661415, 22.274975], [73.1661318, 22.274906000000005], [73.16636219999998, 22.274877999999998]]]}}, {"type": "Feature", "properties": {"layer": "building", "distance_m": 293.9, "source": "OpenStreetMap", "in_industrial_zone": false, "ghsl_2018": 1}, "geometry": {"type": "Polygon", "coordinates": [[[73.1663726, 22.2745304], [73.16608699999999, 22.274449499999996], [73.1661174, 22.274357900000002], [73.16640289999998, 22.2744388], [73.1663726, 22.2745304]]]}}, {"type": "Feature", "properties": {"layer": "building", "distance_m": 380.6, "source": "OpenStreetMap", "in_industrial_zone": false, "ghsl_2018": 1}, "geometry": {"type": "Polygon", "coordinates": [[[73.16635039999998, 22.2737472], [73.16606489999998, 22.2736662], [73.16609519999999, 22.2735747], [73.16638069999999, 22.273655600000005], [73.16635039999998, 22.2737472]]]}}, {"type": "Feature", "properties": {"layer": "building", "distance_m": 423.5, "source": "Microsoft ML Buildings", "in_industrial_zone": false, "ghsl_2018": 1}, "geometry": {"type": "Polygon", "coordinates": [[[73.16627629999999, 22.2732552], [73.1662321, 22.273360899999997], [73.16607579999999, 22.2733049], [73.1661201, 22.273199199999997], [73.16627629999999, 22.2732552]]]}}, {"type": "Feature", "properties": {"layer": "building", "distance_m": 364.7, "source": "OpenStreetMap", "in_industrial_zone": false, "ghsl_2018": 1}, "geometry": {"type": "Polygon", "coordinates": [[[73.1662842, 22.273890699999995], [73.16599869999999, 22.273809800000002], [73.166029, 22.2737182], [73.16631449999998, 22.273799099999998], [73.1662842, 22.273890699999995]]]}}, {"type": "Feature", "properties": {"layer": "building", "distance_m": 472.7, "source": "OpenStreetMap", "in_industrial_zone": false, "ghsl_2018": 1}, "geometry": {"type": "Polygon", "coordinates": [[[73.1661357, 22.272919000000005], [73.1658502, 22.27283810000001], [73.1658805, 22.272746499999997], [73.166166, 22.272827400000008], [73.1661357, 22.272919000000005]]]}}, {"type": "Feature", "properties": {"layer": "building", "distance_m": 458.6, "source": "OpenStreetMap", "in_industrial_zone": false, "ghsl_2018": 1}, "geometry": {"type": "Polygon", "coordinates": [[[73.16609519999999, 22.273047899999998], [73.1658097, 22.272967000000005], [73.16584, 22.2728754], [73.1661255, 22.2729564], [73.16609519999999, 22.273047899999998]]]}}, {"type": "Feature", "properties": {"layer": "building", "distance_m": 489.7, "source": "OpenStreetMap", "in_industrial_zone": false, "ghsl_2018": 1}, "geometry": {"type": "Polygon", "coordinates": [[[73.1661949, 22.2727634], [73.1659093, 22.272682500000002], [73.1659397, 22.272590899999997], [73.1662252, 22.2726719], [73.1661949, 22.2727634]]]}}, {"type": "Feature", "properties": {"layer": "building", "distance_m": 481.9, "source": "Google Open Buildings", "in_industrial_zone": false, "ghsl_2018": 1}, "geometry": {"type": "Polygon", "coordinates": [[[73.1663216, 22.272760499999993], [73.1663657, 22.272772100000005], [73.1663474, 22.2728321], [73.16630329999998, 22.272820399999997], [73.1663216, 22.272760499999993]]]}}, {"type": "Feature", "properties": {"layer": "building", "distance_m": 479.1, "source": "Google Open Buildings", "in_industrial_zone": false, "ghsl_2018": 1}, "geometry": {"type": "Polygon", "coordinates": [[[73.1663657, 22.272772100000005], [73.16646659999999, 22.272798799999997], [73.16644829999998, 22.272858800000005], [73.1663474, 22.2728321], [73.1663657, 22.272772100000005]]]}}, {"type": "Feature", "properties": {"layer": "building", "distance_m": 471.3, "source": "Google Open Buildings", "in_industrial_zone": false, "ghsl_2018": 1}, "geometry": {"type": "Polygon", "coordinates": [[[73.1663921, 22.272882900000003], [73.1664346, 22.272890800000003], [73.16642639999999, 22.2729295], [73.16638379999999, 22.272921700000005], [73.1663921, 22.272882900000003]]]}}, {"type": "Feature", "properties": {"layer": "building", "distance_m": 466.9, "source": "Google Open Buildings", "in_industrial_zone": false, "ghsl_2018": 1}, "geometry": {"type": "Polygon", "coordinates": [[[73.16638379999999, 22.272921700000005], [73.16642639999999, 22.2729295], [73.166418, 22.272968499999998], [73.16637549999999, 22.272960600000005], [73.16638379999999, 22.272921700000005]]]}}, {"type": "Feature", "properties": {"layer": "building", "distance_m": 403.4, "source": "OpenStreetMap", "in_industrial_zone": false, "ghsl_2018": 1}, "geometry": {"type": "Polygon", "coordinates": [[[73.16677879999999, 22.273565600000005], [73.16635299999999, 22.273441499999997], [73.16638249999998, 22.273354900000008], [73.1668083, 22.273478900000004], [73.16677879999999, 22.273565600000005]]]}}, {"type": "Feature", "properties": {"layer": "building", "distance_m": 418.4, "source": "OpenStreetMap", "in_industrial_zone": false, "ghsl_2018": 1}, "geometry": {"type": "Polygon", "coordinates": [[[73.16681779999999, 22.273433499999996], [73.16639209999998, 22.273309400000002], [73.16642149999998, 22.273222800000003], [73.1668473, 22.273346800000002], [73.16681779999999, 22.273433499999996]]]}}, {"type": "Feature", "properties": {"layer": "building", "distance_m": 372.3, "source": "Microsoft ML Buildings", "in_industrial_zone": false, "ghsl_2018": 1}, "geometry": {"type": "Polygon", "coordinates": [[[73.16667779999999, 22.273761300000004], [73.16667289999998, 22.273835499999997], [73.1666034, 22.273831599999998], [73.16660829999998, 22.273757400000004], [73.16667779999999, 22.273761300000004]]]}}, {"type": "Feature", "properties": {"layer": "building", "distance_m": 386.5, "source": "OpenStreetMap", "in_industrial_zone": false, "ghsl_2018": 1}, "geometry": {"type": "Polygon", "coordinates": [[[73.16673279999999, 22.273714499999997], [73.16644729999999, 22.2736336], [73.16647759999998, 22.273542], [73.16676309999998, 22.273622999999997], [73.16673279999999, 22.273714499999997]]]}}, {"type": "Feature", "properties": {"layer": "building", "distance_m": 450.4, "source": "Google Open Buildings", "in_industrial_zone": false, "ghsl_2018": 1}, "geometry": {"type": "Polygon", "coordinates": [[[73.16636199999999, 22.2730791], [73.16638999999999, 22.273082199999997], [73.16638559999998, 22.2731168], [73.16635759999998, 22.2731137], [73.16636199999999, 22.2730791]]]}}, {"type": "Feature", "properties": {"layer": "building", "distance_m": 392.1, "source": "Google Open Buildings", "in_industrial_zone": false, "ghsl_2018": 1}, "geometry": {"type": "Polygon", "coordinates": [[[73.16630409999999, 22.273505900000004], [73.16645429999998, 22.2735473], [73.1664234, 22.2736444], [73.16627319999999, 22.273603], [73.16630409999999, 22.273505900000004]]]}}, {"type": "Feature", "properties": {"layer": "building", "distance_m": 320.4, "source": "OpenStreetMap", "in_industrial_zone": false, "ghsl_2018": 1}, "geometry": {"type": "Polygon", "coordinates": [[[73.16674679999998, 22.274317599999996], [73.16617069999998, 22.274150899999995], [73.166201, 22.2740614], [73.16677699999998, 22.274228199999996], [73.16674679999998, 22.274317599999996]]]}}, {"type": "Feature", "properties": {"layer": "building", "distance_m": 304.5, "source": "OpenStreetMap", "in_industrial_zone": false, "ghsl_2018": 1}, "geometry": {"type": "Polygon", "coordinates": [[[73.16669979999999, 22.274456899999997], [73.16612379999998, 22.2742902], [73.16615409999999, 22.274200700000005], [73.16673, 22.2743675], [73.16669979999999, 22.274456899999997]]]}}, {"type": "Feature", "properties": {"layer": "building", "distance_m": 259.8, "source": "Google Open Buildings", "in_industrial_zone": false, "ghsl_2018": 1}, "geometry": {"type": "Polygon", "coordinates": [[[73.16633279999999, 22.2747498], [73.16634419999998, 22.274831000000002], [73.16628519999999, 22.274838199999998], [73.1662738, 22.274757], [73.16633279999999, 22.2747498]]]}}, {"type": "Feature", "properties": {"layer": "building", "distance_m": 177.6, "source": "Microsoft ML Buildings", "in_industrial_zone": false, "ghsl_2018": 1}, "geometry": {"type": "Polygon", "coordinates": [[[73.16633989999998, 22.275542899999998], [73.1662997, 22.275541599999997], [73.16630110000001, 22.275504399999996], [73.1663708, 22.2755067], [73.166368, 22.275581000000003], [73.1663385, 22.275580099999992], [73.16633989999998, 22.275542899999998]]]}}, {"type": "Feature", "properties": {"layer": "building", "distance_m": 258.6, "source": "Google Open Buildings", "in_industrial_zone": false, "ghsl_2018": 1}, "geometry": {"type": "Polygon", "coordinates": [[[73.1665502, 22.274723399999996], [73.1665643, 22.274823900000005], [73.1663582, 22.274849000000003], [73.1663441, 22.274748399999996], [73.1665502, 22.274723399999996]]]}}, {"type": "Feature", "properties": {"layer": "building", "distance_m": 247.8, "source": "Google Open Buildings", "in_industrial_zone": false, "ghsl_2018": 1}, "geometry": {"type": "Polygon", "coordinates": [[[73.1666628, 22.274841500000004], [73.1666725, 22.274910500000004], [73.16637189999999, 22.274946999999994], [73.16636219999998, 22.274877999999998], [73.1666628, 22.274841500000004]]]}}, {"type": "Feature", "properties": {"layer": "building", "distance_m": 262.5, "source": "Google Open Buildings", "in_industrial_zone": false, "ghsl_2018": 1}, "geometry": {"type": "Polygon", "coordinates": [[[73.1665502, 22.274723399999996], [73.16658729999999, 22.274718899999996], [73.1666015, 22.274819400000002], [73.1665643, 22.274823900000005], [73.1665502, 22.274723399999996]]]}}, {"type": "Feature", "properties": {"layer": "building", "distance_m": 172.9, "source": "Microsoft ML Buildings", "in_industrial_zone": false, "ghsl_2018": 1}, "geometry": {"type": "Polygon", "coordinates": [[[73.1668717, 22.275641699999998], [73.16637239999999, 22.27562349999999], [73.1663769, 22.2755194], [73.1668762, 22.2755376], [73.1668717, 22.275641699999998]]]}}, {"type": "Feature", "properties": {"layer": "building", "distance_m": 281.5, "source": "Google Open Buildings", "in_industrial_zone": false, "ghsl_2018": 1}, "geometry": {"type": "Polygon", "coordinates": [[[73.16670669999999, 22.2745441], [73.16671969999999, 22.274654699999992], [73.1666586, 22.2746609], [73.16664569999999, 22.2745503], [73.16670669999999, 22.2745441]]]}}, {"type": "Feature", "properties": {"layer": "building", "distance_m": 266.6, "source": "Google Open Buildings", "in_industrial_zone": false, "ghsl_2018": 1}, "geometry": {"type": "Polygon", "coordinates": [[[73.1665945, 22.27471], [73.1666587, 22.274708], [73.1666616, 22.274787600000003], [73.1665974, 22.2747896], [73.1665945, 22.27471]]]}}, {"type": "Feature", "properties": {"layer": "building", "distance_m": 294.9, "source": "Google Open Buildings", "in_industrial_zone": false, "ghsl_2018": 1}, "geometry": {"type": "Polygon", "coordinates": [[[73.1665051, 22.2744812], [73.1665414, 22.274485000000002], [73.16653619999998, 22.2745284], [73.16649979999998, 22.274524599999992], [73.1665051, 22.2744812]]]}}, {"type": "Feature", "properties": {"layer": "building", "distance_m": 351.9, "source": "OpenStreetMap", "in_industrial_zone": false, "ghsl_2018": 1}, "geometry": {"type": "Polygon", "coordinates": [[[73.1667891, 22.274036099999996], [73.16636329999999, 22.2739119], [73.16639279999998, 22.2738253], [73.16681859999998, 22.273949399999996], [73.1667891, 22.274036099999996]]]}}, {"type": "Feature", "properties": {"layer": "building", "distance_m": 338.0, "source": "OpenStreetMap", "in_industrial_zone": false, "ghsl_2018": 1}, "geometry": {"type": "Polygon", "coordinates": [[[73.16675369999999, 22.2741582], [73.16646819999998, 22.274077199999997], [73.16649849999999, 22.273985600000003], [73.16678399999999, 22.2740666], [73.16675369999999, 22.2741582]]]}}, {"type": "Feature", "properties": {"layer": "building", "distance_m": 351.3, "source": "Microsoft ML Buildings", "in_industrial_zone": false, "ghsl_2018": 1}, "geometry": {"type": "Polygon", "coordinates": [[[73.16681519999999, 22.273982300000004], [73.1669534, 22.273980300000005], [73.16695439999998, 22.274042300000005], [73.16681629999998, 22.2740443], [73.16681519999999, 22.273982300000004]]]}}, {"type": "Feature", "properties": {"layer": "building", "distance_m": 359.6, "source": "Microsoft ML Buildings", "in_industrial_zone": false, "ghsl_2018": 1}, "geometry": {"type": "Polygon", "coordinates": [[[73.16683459999999, 22.2738955], [73.1669336, 22.2738904], [73.16693819999999, 22.2739671], [73.16683929999999, 22.273972199999996], [73.16683459999999, 22.2738955]]]}}, {"type": "Feature", "properties": {"layer": "building", "distance_m": 344.5, "source": "Microsoft ML Buildings", "in_industrial_zone": false, "ghsl_2018": 1}, "geometry": {"type": "Polygon", "coordinates": [[[73.16685999999999, 22.274113399999997], [73.1668582, 22.274043000000002], [73.16694669999998, 22.274041], [73.16694850000002, 22.274111500000004], [73.16685999999999, 22.274113399999997]]]}}, {"type": "Feature", "properties": {"layer": "building", "distance_m": 334.8, "source": "Google Open Buildings", "in_industrial_zone": false, "ghsl_2018": 1}, "geometry": {"type": "Polygon", "coordinates": [[[73.1669587, 22.2741196], [73.16695839999998, 22.274142199999996], [73.16693769999999, 22.27414190000001], [73.1669366, 22.274210599999996], [73.16691079999998, 22.274210300000007], [73.1669123, 22.274118899999998], [73.1669587, 22.2741196]]]}}, {"type": "Feature", "properties": {"layer": "building", "distance_m": 300.3, "source": "Microsoft ML Buildings", "in_industrial_zone": false, "ghsl_2018": 1}, "geometry": {"type": "Polygon", "coordinates": [[[73.166871, 22.274428500000003], [73.1669139, 22.274429000000005], [73.1669127, 22.2745208], [73.1668698, 22.274520300000002], [73.166871, 22.274428500000003]]]}}, {"type": "Feature", "properties": {"layer": "building", "distance_m": 289.5, "source": "Microsoft ML Buildings", "in_industrial_zone": false, "ghsl_2018": 1}, "geometry": {"type": "Polygon", "coordinates": [[[73.1667679, 22.274540399999996], [73.1668898, 22.2745441], [73.1668876, 22.274606100000003], [73.1667657, 22.27460230000001], [73.1667679, 22.274540399999996]]]}}, {"type": "Feature", "properties": {"layer": "building", "distance_m": 297.2, "source": "Google Open Buildings", "in_industrial_zone": false, "ghsl_2018": 1}, "geometry": {"type": "Polygon", "coordinates": [[[73.1668434, 22.274477500000003], [73.16683999999998, 22.2745357], [73.16676249999999, 22.2745317], [73.1667648, 22.274494099999995], [73.1668012, 22.274495899999998], [73.1668024, 22.2744754], [73.1668434, 22.274477500000003]]]}}, {"type": "Feature", "properties": {"layer": "building", "distance_m": 188.0, "source": "Microsoft ML Buildings", "in_industrial_zone": false, "ghsl_2018": 1}, "geometry": {"type": "Polygon", "coordinates": [[[73.16677419999999, 22.275381299999992], [73.1668948, 22.275383199999997], [73.16689199999999, 22.275539499999997], [73.1667713, 22.2755376], [73.16677419999999, 22.275381299999992]]]}}, {"type": "Feature", "properties": {"layer": "building", "distance_m": 256.2, "source": "Microsoft ML Buildings", "in_industrial_zone": false, "ghsl_2018": 1}, "geometry": {"type": "Polygon", "coordinates": [[[73.1668047, 22.2749142], [73.1667938, 22.274756000000004], [73.1669647, 22.2747459], [73.1669756, 22.2749041], [73.1668047, 22.2749142]]]}}, {"type": "Feature", "properties": {"layer": "building", "distance_m": 266.6, "source": "Google Open Buildings", "in_industrial_zone": false, "ghsl_2018": 1}, "geometry": {"type": "Polygon", "coordinates": [[[73.1670935, 22.274749499999995], [73.1671079, 22.2748638], [73.1670423, 22.274870999999997], [73.1670279, 22.2747567], [73.1670935, 22.274749499999995]]]}}, {"type": "Feature", "properties": {"layer": "building", "distance_m": 205.9, "source": "Google Open Buildings", "in_industrial_zone": false, "ghsl_2018": 1}, "geometry": {"type": "Polygon", "coordinates": [[[73.1670422, 22.275194999999997], [73.167106, 22.275198700000004], [73.16709019999999, 22.2754342], [73.16698279999999, 22.275428], [73.16698939999999, 22.275329100000004], [73.1670331, 22.2753316], [73.1670422, 22.275194999999997]]]}}, {"type": "Feature", "properties": {"layer": "building", "distance_m": 303.1, "source": "Microsoft ML Buildings", "in_industrial_zone": false, "ghsl_2018": 1}, "geometry": {"type": "Polygon", "coordinates": [[[73.1670579, 22.2744386], [73.16713569999999, 22.274438899999996], [73.1671352, 22.274533299999998], [73.1670574, 22.274532899999997], [73.1670579, 22.2744386]]]}}, {"type": "Feature", "properties": {"layer": "building", "distance_m": 352.9, "source": "Microsoft ML Buildings", "in_industrial_zone": false, "ghsl_2018": 1}, "geometry": {"type": "Polygon", "coordinates": [[[73.16707779999999, 22.2740754], [73.16708270000001, 22.273949], [73.1671818, 22.273952300000005], [73.1671769, 22.274078700000008], [73.16707779999999, 22.2740754]]]}}, {"type": "Feature", "properties": {"layer": "building", "distance_m": 340.6, "source": "Google Open Buildings", "in_industrial_zone": false, "ghsl_2018": 1}, "geometry": {"type": "Polygon", "coordinates": [[[73.16712210000001, 22.2741389], [73.1671229, 22.274176699999998], [73.1670296, 22.274178499999998], [73.1670288, 22.2741406], [73.16712210000001, 22.2741389]]]}}, {"type": "Feature", "properties": {"layer": "building", "distance_m": 333.7, "source": "Google Open Buildings", "in_industrial_zone": false, "ghsl_2018": 1}, "geometry": {"type": "Polygon", "coordinates": [[[73.16704309999999, 22.2741887], [73.1671328, 22.2741908], [73.1671313, 22.2742472], [73.16704159999999, 22.274245099999998], [73.16704309999999, 22.2741887]]]}}, {"type": "Feature", "properties": {"layer": "building", "distance_m": 321.8, "source": "Google Open Buildings", "in_industrial_zone": false, "ghsl_2018": 1}, "geometry": {"type": "Polygon", "coordinates": [[[73.1671946, 22.2742806], [73.1671925, 22.274358200000005], [73.1670386, 22.274354499999998], [73.16704069999999, 22.274277000000005], [73.1671946, 22.2742806]]]}}, {"type": "Feature", "properties": {"layer": "building", "distance_m": 367.1, "source": "Microsoft ML Buildings", "in_industrial_zone": false, "ghsl_2018": 1}, "geometry": {"type": "Polygon", "coordinates": [[[73.1670893, 22.273904899999998], [73.1671805, 22.273906599999997], [73.1671796, 22.2739473], [73.16708849999999, 22.273945599999994], [73.1670893, 22.273904899999998]]]}}, {"type": "Feature", "properties": {"layer": "building", "distance_m": 413.9, "source": "OpenStreetMap", "in_industrial_zone": false, "ghsl_2018": 1}, "geometry": {"type": "Polygon", "coordinates": [[[73.16746549999999, 22.2736], [73.16688949999998, 22.2734332], [73.16691969999998, 22.273343699999998], [73.1674957, 22.2735106], [73.16746549999999, 22.2736]]]}}, {"type": "Feature", "properties": {"layer": "building", "distance_m": 383.8, "source": "Microsoft ML Buildings", "in_industrial_zone": false, "ghsl_2018": 1}, "geometry": {"type": "Polygon", "coordinates": [[[73.1669899, 22.2736303], [73.1670863, 22.2736328], [73.16708199999998, 22.2737752], [73.16698549999998, 22.273772700000002], [73.1669899, 22.2736303]]]}}, {"type": "Feature", "properties": {"layer": "building", "distance_m": 364.9, "source": "Microsoft ML Buildings", "in_industrial_zone": false, "ghsl_2018": 1}, "geometry": {"type": "Polygon", "coordinates": [[[73.16708339999998, 22.273948599999997], [73.1669869, 22.273947099999997], [73.16698779999999, 22.273892500000002], [73.16708439999998, 22.273894], [73.16708339999998, 22.273948599999997]]]}}, {"type": "Feature", "properties": {"layer": "building", "distance_m": 386.5, "source": "Microsoft ML Buildings", "in_industrial_zone": false, "ghsl_2018": 1}, "geometry": {"type": "Polygon", "coordinates": [[[73.16686799999998, 22.273730299999997], [73.16686959999998, 22.273683199999997], [73.1669714, 22.273686200000007], [73.16696980000002, 22.273733300000004], [73.16686799999998, 22.273730299999997]]]}}, {"type": "Feature", "properties": {"layer": "building", "distance_m": 369.5, "source": "Microsoft ML Buildings", "in_industrial_zone": false, "ghsl_2018": 1}, "geometry": {"type": "Polygon", "coordinates": [[[73.1669628, 22.273766999999996], [73.16695939999998, 22.273884499999998], [73.16683739999999, 22.2738815], [73.16684089999998, 22.2737639], [73.1669628, 22.273766999999996]]]}}, {"type": "Feature", "properties": {"layer": "building", "distance_m": 369.4, "source": "Google Open Buildings", "in_industrial_zone": false, "ghsl_2018": 1}, "geometry": {"type": "Polygon", "coordinates": [[[73.16675029999999, 22.273768400000005], [73.1667981, 22.273784900000006], [73.1667627, 22.273873200000008], [73.16671489999999, 22.273856599999995], [73.16675029999999, 22.273768400000005]]]}}, {"type": "Feature", "properties": {"layer": "building", "distance_m": 463.7, "source": "OpenStreetMap", "in_industrial_zone": false, "ghsl_2018": 1}, "geometry": {"type": "Polygon", "coordinates": [[[73.16792, 22.2732587], [73.16735469999999, 22.2730977], [73.16738499999998, 22.273008199999996], [73.16794399999999, 22.2731751], [73.16792, 22.2732587]]]}}, {"type": "Feature", "properties": {"layer": "building", "distance_m": 446.2, "source": "OpenStreetMap", "in_industrial_zone": false, "ghsl_2018": 1}, "geometry": {"type": "Polygon", "coordinates": [[[73.16787829999998, 22.2734137], [73.16730229999999, 22.273246900000007], [73.1673326, 22.2731574], [73.1679086, 22.27332429999999], [73.16787829999998, 22.2734137]]]}}, {"type": "Feature", "properties": {"layer": "building", "distance_m": 431.7, "source": "OpenStreetMap", "in_industrial_zone": false, "ghsl_2018": 1}, "geometry": {"type": "Polygon", "coordinates": [[[73.1678403, 22.273540100000005], [73.1672643, 22.273373300000003], [73.16729459999999, 22.273283799999998], [73.16787059999999, 22.2734507], [73.1678403, 22.273540100000005]]]}}, {"type": "Feature", "properties": {"layer": "building", "distance_m": 392.8, "source": "Google Open Buildings", "in_industrial_zone": false, "ghsl_2018": 1}, "geometry": {"type": "Polygon", "coordinates": [[[73.1674945, 22.27363950000001], [73.1674974, 22.273766600000002], [73.16735719999998, 22.273769299999998], [73.1673543, 22.2736422], [73.1674945, 22.27363950000001]]]}}, {"type": "Feature", "properties": {"layer": "building", "distance_m": 395.1, "source": "Microsoft ML Buildings", "in_industrial_zone": false, "ghsl_2018": 1}, "geometry": {"type": "Polygon", "coordinates": [[[73.16721519999999, 22.273714], [73.16721749999999, 22.2736545], [73.1673033, 22.27365740000001], [73.1673009, 22.2737169], [73.16721519999999, 22.273714]]]}}, {"type": "Feature", "properties": {"layer": "building", "distance_m": 329.6, "source": "Google Open Buildings", "in_industrial_zone": false, "ghsl_2018": 1}, "geometry": {"type": "Polygon", "coordinates": [[[73.1672552, 22.2742744], [73.1673011, 22.2742755], [73.1672993, 22.274337100000004], [73.16725339999999, 22.274335899999993], [73.1672552, 22.2742744]]]}}, {"type": "Feature", "properties": {"layer": "building", "distance_m": 353.8, "source": "Google Open Buildings", "in_industrial_zone": false, "ghsl_2018": 1}, "geometry": {"type": "Polygon", "coordinates": [[[73.1672678, 22.274035199999997], [73.1673631, 22.2740333], [73.1673648, 22.2741104], [73.1672695, 22.274112199999994], [73.1672678, 22.274035199999997]]]}}, {"type": "Feature", "properties": {"layer": "building", "distance_m": 338.7, "source": "Google Open Buildings", "in_industrial_zone": false, "ghsl_2018": 1}, "geometry": {"type": "Polygon", "coordinates": [[[73.1674584, 22.274108499999993], [73.1674623, 22.2742822], [73.1673687, 22.274284000000005], [73.1673648, 22.2741104], [73.1674584, 22.274108499999993]]]}}, {"type": "Feature", "properties": {"layer": "building", "distance_m": 336.9, "source": "Google Open Buildings", "in_industrial_zone": false, "ghsl_2018": 1}, "geometry": {"type": "Polygon", "coordinates": [[[73.16727139999999, 22.274189599999993], [73.1673171, 22.2741943], [73.1673149, 22.2742131], [73.1673617, 22.274218], [73.1673545, 22.2742786], [73.1672619, 22.274269], [73.16727139999999, 22.274189599999993]]]}}, {"type": "Feature", "properties": {"layer": "building", "distance_m": 295.1, "source": "Microsoft ML Buildings", "in_industrial_zone": false, "ghsl_2018": 1}, "geometry": {"type": "Polygon", "coordinates": [[[73.1673623, 22.274654699999996], [73.167235, 22.274657000000005], [73.16723, 22.274421199999995], [73.1673158, 22.274419700000003], [73.1673159, 22.274424700000004], [73.1674433, 22.2744224], [73.16744640000002, 22.2745713], [73.1673606, 22.2745728], [73.1673623, 22.274654699999996]]]}}, {"type": "Feature", "properties": {"layer": "building", "distance_m": 187.0, "source": "Microsoft ML Buildings", "in_industrial_zone": false, "ghsl_2018": 1}, "geometry": {"type": "Polygon", "coordinates": [[[73.1672737, 22.27568], [73.1671679, 22.2756789], [73.16717030000001, 22.275488800000005], [73.1672761, 22.2754899], [73.1672737, 22.27568]]]}}, {"type": "Feature", "properties": {"layer": "building", "distance_m": 208.1, "source": "Microsoft ML Buildings", "in_industrial_zone": false, "ghsl_2018": 1}, "geometry": {"type": "Polygon", "coordinates": [[[73.1672892, 22.2754828], [73.1671769, 22.2754769], [73.167198, 22.2751379], [73.1673931, 22.27514830000001], [73.1673848, 22.2752819], [73.1674116, 22.275283399999992], [73.1674065, 22.275364999999997], [73.1672969, 22.275359099999992], [73.1672892, 22.2754828]]]}}, {"type": "Feature", "properties": {"layer": "building", "distance_m": 215.4, "source": "Microsoft ML Buildings", "in_industrial_zone": false, "ghsl_2018": 1}, "geometry": {"type": "Polygon", "coordinates": [[[73.1673807, 22.275423099999994], [73.1673636, 22.275472699999995], [73.1673198, 22.275459700000003], [73.1673368, 22.27541020000001], [73.1673807, 22.275423099999994]]]}}, {"type": "Feature", "properties": {"layer": "building", "distance_m": 272.4, "source": "Microsoft ML Buildings", "in_industrial_zone": false, "ghsl_2018": 1}, "geometry": {"type": "Polygon", "coordinates": [[[73.16724969999999, 22.274879599999995], [73.1672341, 22.274702099999995], [73.1674179, 22.2746882], [73.1674255, 22.2747745], [73.1673349, 22.274781300000004], [73.1673429, 22.274872599999995], [73.16724969999999, 22.274879599999995]]]}}, {"type": "Feature", "properties": {"layer": "building", "distance_m": 274.8, "source": "Google Open Buildings", "in_industrial_zone": false, "ghsl_2018": 1}, "geometry": {"type": "Polygon", "coordinates": [[[73.167389, 22.274847100000002], [73.1673956, 22.2748946], [73.1673645, 22.2748983], [73.1673579, 22.274850799999996], [73.167389, 22.274847100000002]]]}}, {"type": "Feature", "properties": {"layer": "building", "distance_m": 284.3, "source": "Google Open Buildings", "in_industrial_zone": false, "ghsl_2018": 1}, "geometry": {"type": "Polygon", "coordinates": [[[73.1674463, 22.274778800000007], [73.1675088, 22.274771299999998], [73.16751710000001, 22.2748317], [73.16745469999998, 22.274839199999995], [73.1674463, 22.274778800000007]]]}}, {"type": "Feature", "properties": {"layer": "building", "distance_m": 279.0, "source": "Google Open Buildings", "in_industrial_zone": false, "ghsl_2018": 1}, "geometry": {"type": "Polygon", "coordinates": [[[73.1674699, 22.27486910000001], [73.1675496, 22.2748603], [73.1675533, 22.274889399999996], [73.1674736, 22.274898200000006], [73.1674699, 22.27486910000001]]]}}, {"type": "Feature", "properties": {"layer": "building", "distance_m": 238.9, "source": "Microsoft ML Buildings", "in_industrial_zone": false, "ghsl_2018": 1}, "geometry": {"type": "Polygon", "coordinates": [[[73.1674466, 22.2752781], [73.16745, 22.275193900000005], [73.1675035, 22.27519570000001], [73.1675002, 22.275279999999995], [73.1674466, 22.2752781]]]}}, {"type": "Feature", "properties": {"layer": "building", "distance_m": 240.9, "source": "Google Open Buildings", "in_industrial_zone": false, "ghsl_2018": 1}, "geometry": {"type": "Polygon", "coordinates": [[[73.167512, 22.275188900000003], [73.1675698, 22.275190600000006], [73.1675668, 22.2752835], [73.167509, 22.275281899999996], [73.167512, 22.275188900000003]]]}}, {"type": "Feature", "properties": {"layer": "building", "distance_m": 296.7, "source": "Microsoft ML Buildings", "in_industrial_zone": false, "ghsl_2018": 1}, "geometry": {"type": "Polygon", "coordinates": [[[73.1675876, 22.2745938], [73.1675663, 22.274595499999997], [73.1675534, 22.274456], [73.16767989999998, 22.2744459], [73.1677088, 22.274757899999997], [73.1675849, 22.274767700000005], [73.1675733, 22.274642099999994], [73.1675919, 22.2746406], [73.1675876, 22.2745938]]]}}, {"type": "Feature", "properties": {"layer": "building", "distance_m": 315.0, "source": "Microsoft ML Buildings", "in_industrial_zone": false, "ghsl_2018": 1}, "geometry": {"type": "Polygon", "coordinates": [[[73.167542, 22.2745459], [73.1674616, 22.274543699999995], [73.1674649, 22.274439499999996], [73.1675453, 22.274441700000004], [73.167542, 22.2745459]]]}}, {"type": "Feature", "properties": {"layer": "building", "distance_m": 248.9, "source": "Google Open Buildings", "in_industrial_zone": false, "ghsl_2018": 1}, "geometry": {"type": "Polygon", "coordinates": [[[73.1676598, 22.2751673], [73.1677374, 22.275163099999997], [73.1677436, 22.2752609], [73.167666, 22.275265099999995], [73.1676598, 22.2751673]]]}}, {"type": "Feature", "properties": {"layer": "building", "distance_m": 226.7, "source": "Microsoft ML Buildings", "in_industrial_zone": false, "ghsl_2018": 1}, "geometry": {"type": "Polygon", "coordinates": [[[73.167761, 22.2754829], [73.1676634, 22.275486399999995], [73.1676609, 22.2754269], [73.1677585, 22.275423399999998], [73.167761, 22.2754829]]]}}, {"type": "Feature", "properties": {"layer": "building", "distance_m": 234.5, "source": "Google Open Buildings", "in_industrial_zone": false, "ghsl_2018": 1}, "geometry": {"type": "Polygon", "coordinates": [[[73.1678672, 22.2754626], [73.167911, 22.275464500000005], [73.1679086, 22.2755128], [73.1678648, 22.275510900000008], [73.1678672, 22.2754626]]]}}, {"type": "Feature", "properties": {"layer": "building", "distance_m": 229.1, "source": "Google Open Buildings", "in_industrial_zone": false, "ghsl_2018": 1}, "geometry": {"type": "Polygon", "coordinates": [[[73.1680628, 22.2755208], [73.1680674, 22.2756038], [73.1679498, 22.275609400000004], [73.1679452, 22.2755264], [73.1680628, 22.2755208]]]}}, {"type": "Feature", "properties": {"layer": "building", "distance_m": 479.8, "source": "OpenStreetMap", "in_industrial_zone": false, "ghsl_2018": 1}, "geometry": {"type": "Polygon", "coordinates": [[[73.16793889999998, 22.273113399999996], [73.16736289999999, 22.272946599999997], [73.16739319999999, 22.272857099999996], [73.1679692, 22.273023999999992], [73.16793889999998, 22.273113399999996]]]}}, {"type": "Feature", "properties": {"layer": "building", "distance_m": 496.7, "source": "OpenStreetMap", "in_industrial_zone": false, "ghsl_2018": 1}, "geometry": {"type": "Polygon", "coordinates": [[[73.1680365, 22.27298220000001], [73.16746049999999, 22.272815500000004], [73.16749079999998, 22.272725999999988], [73.16806669999998, 22.272892799999994], [73.1680365, 22.27298220000001]]]}}, {"type": "Feature", "properties": {"layer": "building", "distance_m": 245.3, "source": "Google Open Buildings", "in_industrial_zone": false, "ghsl_2018": 1}, "geometry": {"type": "Polygon", "coordinates": [[[73.168171, 22.27547669999999], [73.1681722, 22.2755033], [73.16808010000001, 22.2755068], [73.16807890000001, 22.275480199999997], [73.168171, 22.27547669999999]]]}}, {"type": "Feature", "properties": {"layer": "building", "distance_m": 414.8, "source": "Microsoft ML Buildings", "in_industrial_zone": false, "ghsl_2018": 0}, "geometry": {"type": "Polygon", "coordinates": [[[73.1687618, 22.273981000000003], [73.1687589, 22.274082700000005], [73.1687053, 22.2740814], [73.16870820000001, 22.273979699999998], [73.1687618, 22.273981000000003]]]}}, {"type": "Feature", "properties": {"layer": "building", "distance_m": 418.1, "source": "Google Open Buildings", "in_industrial_zone": false, "ghsl_2018": 0}, "geometry": {"type": "Polygon", "coordinates": [[[73.1688106, 22.274011299999998], [73.1688093, 22.274078299999996], [73.1687624, 22.274077599999995], [73.1687636, 22.274010599999997], [73.1688106, 22.274011299999998]]]}}, {"type": "Feature", "properties": {"layer": "building", "distance_m": 296.6, "source": "Microsoft ML Buildings", "in_industrial_zone": false, "ghsl_2018": 1}, "geometry": {"type": "Polygon", "coordinates": [[[73.1686652, 22.275281999999997], [73.1686359, 22.2752843], [73.1686315, 22.2752375], [73.1686608, 22.2752352], [73.1686652, 22.275281999999997]]]}}, {"type": "Feature", "properties": {"layer": "building", "distance_m": 287.6, "source": "Google Open Buildings", "in_industrial_zone": false, "ghsl_2018": 1}, "geometry": {"type": "Polygon", "coordinates": [[[73.1687695, 22.275451299999997], [73.1688001, 22.2754501], [73.1688017, 22.2754838], [73.1687711, 22.275485100000004], [73.1687695, 22.275451299999997]]]}}, {"type": "Feature", "properties": {"layer": "building", "distance_m": 431.6, "source": "Google Open Buildings", "in_industrial_zone": false, "ghsl_2018": 0}, "geometry": {"type": "Polygon", "coordinates": [[[73.1686988, 22.273849100000003], [73.1687561, 22.273847500000006], [73.1687579, 22.2739025], [73.1687005, 22.273904099999996], [73.1686988, 22.273849100000003]]]}}, {"type": "Feature", "properties": {"layer": "building", "distance_m": 421.3, "source": "Microsoft ML Buildings", "in_industrial_zone": false, "ghsl_2018": 0}, "geometry": {"type": "Polygon", "coordinates": [[[73.1686945, 22.273896499999996], [73.1686248, 22.273897999999996], [73.1686261, 22.2739492], [73.1685832, 22.2739502], [73.1685805, 22.273844400000005], [73.168693, 22.2738419], [73.1686945, 22.273896499999996]]]}}, {"type": "Feature", "properties": {"layer": "building", "distance_m": 363.8, "source": "Google Open Buildings", "in_industrial_zone": false, "ghsl_2018": 1}, "geometry": {"type": "Polygon", "coordinates": [[[73.169108, 22.2747682], [73.1691145, 22.274814], [73.1690598, 22.2748207], [73.16905340000001, 22.274774899999997], [73.169108, 22.2747682]]]}}, {"type": "Feature", "properties": {"layer": "building", "distance_m": 365.8, "source": "Google Open Buildings", "in_industrial_zone": false, "ghsl_2018": 1}, "geometry": {"type": "Polygon", "coordinates": [[[73.1691401, 22.2748357], [73.1692324, 22.274830700000003], [73.1692336, 22.2748503], [73.1691413, 22.274855200000005], [73.1691401, 22.2748357]]]}}, {"type": "Feature", "properties": {"layer": "building", "distance_m": 455.5, "source": "Microsoft ML Buildings", "in_industrial_zone": false, "ghsl_2018": 0}, "geometry": {"type": "Polygon", "coordinates": [[[73.1700147, 22.274372099999997], [73.1700576, 22.274370700000002], [73.1700623, 22.274491199999993], [73.1700194, 22.2744927], [73.1700147, 22.274372099999997]]]}}, {"type": "Feature", "properties": {"layer": "building", "distance_m": 490.2, "source": "Google Open Buildings", "in_industrial_zone": false, "ghsl_2018": 1}, "geometry": {"type": "Polygon", "coordinates": [[[73.1612421, 22.277035099999996], [73.1614934, 22.2770745], [73.1614801, 22.277148199999996], [73.1612287, 22.277108700000003], [73.1612421, 22.277035099999996]]]}}, {"type": "Feature", "properties": {"layer": "building", "distance_m": 483.5, "source": "Google Open Buildings", "in_industrial_zone": false, "ghsl_2018": 1}, "geometry": {"type": "Polygon", "coordinates": [[[73.1615224, 22.279080199999996], [73.16158730000001, 22.2791016], [73.1615733, 22.279138600000007], [73.1615083, 22.279117199999998], [73.1615224, 22.279080199999996]]]}}, {"type": "Feature", "properties": {"layer": "building", "distance_m": 488.7, "source": "Microsoft ML Buildings", "in_industrial_zone": false, "ghsl_2018": 1}, "geometry": {"type": "Polygon", "coordinates": [[[73.1614994, 22.2792179], [73.1615108, 22.279187900000004], [73.16156000000001, 22.279204], [73.16154859999999, 22.279233900000005], [73.1614994, 22.2792179]]]}}, {"type": "Feature", "properties": {"layer": "building", "distance_m": 471.5, "source": "Google Open Buildings", "in_industrial_zone": false, "ghsl_2018": 1}, "geometry": {"type": "Polygon", "coordinates": [[[73.1616334, 22.279081799999997], [73.1617087, 22.2791116], [73.1616897, 22.279153300000004], [73.1616143, 22.279123499999997], [73.1616334, 22.279081799999997]]]}}, {"type": "Feature", "properties": {"layer": "building", "distance_m": 483.4, "source": "Microsoft ML Buildings", "in_industrial_zone": false, "ghsl_2018": 1}, "geometry": {"type": "Polygon", "coordinates": [[[73.1617703, 22.279876300000005], [73.16186079999999, 22.2798978], [73.1618418, 22.279966400000006], [73.1617512, 22.2799449], [73.1617703, 22.279876300000005]]]}}, {"type": "Feature", "properties": {"layer": "building", "distance_m": 499.8, "source": "OpenStreetMap", "in_industrial_zone": false, "ghsl_2018": 1}, "geometry": {"type": "Polygon", "coordinates": [[[73.1624226, 22.281326500000002], [73.16235729999998, 22.2813412], [73.1623293, 22.281233499999992], [73.1624017, 22.2812184], [73.1624226, 22.281326500000002]]]}}, {"type": "Feature", "properties": {"layer": "building", "distance_m": 445.5, "source": "Google Open Buildings", "in_industrial_zone": false, "ghsl_2018": 1}, "geometry": {"type": "Polygon", "coordinates": [[[73.16227250000001, 22.27997660000001], [73.1623068, 22.279980399999996], [73.1623013, 22.2800249], [73.1622669, 22.280021199999997], [73.16227250000001, 22.27997660000001]]]}}, {"type": "Feature", "properties": {"layer": "building", "distance_m": 443.8, "source": "Google Open Buildings", "in_industrial_zone": false, "ghsl_2018": 1}, "geometry": {"type": "Polygon", "coordinates": [[[73.162276, 22.279948300000004], [73.16231039999998, 22.279952], [73.1623068, 22.279980399999996], [73.16227250000001, 22.27997660000001], [73.162276, 22.279948300000004]]]}}, {"type": "Feature", "properties": {"layer": "building", "distance_m": 417.2, "source": "Google Open Buildings", "in_industrial_zone": false, "ghsl_2018": 1}, "geometry": {"type": "Polygon", "coordinates": [[[73.16232590000001, 22.2794432], [73.1623641, 22.2794568], [73.16234420000002, 22.279505199999996], [73.1623059, 22.2794915], [73.16232590000001, 22.2794432]]]}}, {"type": "Feature", "properties": {"layer": "building", "distance_m": 436.5, "source": "Google Open Buildings", "in_industrial_zone": false, "ghsl_2018": 1}, "geometry": {"type": "Polygon", "coordinates": [[[73.16212389999998, 22.279641100000003], [73.16224530000001, 22.2796553], [73.1622295, 22.279772900000008], [73.1621081, 22.279758800000003], [73.16212389999998, 22.279641100000003]]]}}, {"type": "Feature", "properties": {"layer": "building", "distance_m": 449.8, "source": "Microsoft ML Buildings", "in_industrial_zone": false, "ghsl_2018": 1}, "geometry": {"type": "Polygon", "coordinates": [[[73.1621203, 22.280012800000005], [73.16214079999999, 22.279925000000002], [73.16224169999998, 22.279945300000005], [73.16222119999999, 22.280033], [73.1621203, 22.280012800000005]]]}}, {"type": "Feature", "properties": {"layer": "building", "distance_m": 459.7, "source": "Microsoft ML Buildings", "in_industrial_zone": false, "ghsl_2018": 1}, "geometry": {"type": "Polygon", "coordinates": [[[73.1621568, 22.2801201], [73.16208940000001, 22.280092599999993], [73.16212300000001, 22.280021999999995], [73.16219039999999, 22.2800494], [73.1621568, 22.2801201]]]}}, {"type": "Feature", "properties": {"layer": "building", "distance_m": 458.4, "source": "Google Open Buildings", "in_industrial_zone": false, "ghsl_2018": 1}, "geometry": {"type": "Polygon", "coordinates": [[[73.1620971, 22.279914899999998], [73.1621378, 22.279922599999995], [73.16211890000001, 22.280009], [73.1620783, 22.280001300000002], [73.1620971, 22.279914899999998]]]}}, {"type": "Feature", "properties": {"layer": "building", "distance_m": 465.3, "source": "Microsoft ML Buildings", "in_industrial_zone": false, "ghsl_2018": 1}, "geometry": {"type": "Polygon", "coordinates": [[[73.1620587, 22.280001099999996], [73.1619866, 22.2799972], [73.1619917, 22.279916699999998], [73.1620639, 22.279920600000004], [73.1620587, 22.280001099999996]]]}}, {"type": "Feature", "properties": {"layer": "building", "distance_m": 467.0, "source": "Microsoft ML Buildings", "in_industrial_zone": false, "ghsl_2018": 1}, "geometry": {"type": "Polygon", "coordinates": [[[73.1620462, 22.280185], [73.1618749, 22.28013199999999], [73.1619305, 22.279977900000002], [73.1621018, 22.280030900000007], [73.1620462, 22.280185]]]}}, {"type": "Feature", "properties": {"layer": "building", "distance_m": 486.0, "source": "Microsoft ML Buildings", "in_industrial_zone": false, "ghsl_2018": 1}, "geometry": {"type": "Polygon", "coordinates": [[[73.1619769, 22.280270599999994], [73.16187509999999, 22.280267099999993], [73.1618784, 22.280185299999992], [73.1619802, 22.280188799999998], [73.1619769, 22.280270599999994]]]}}, {"type": "Feature", "properties": {"layer": "building", "distance_m": 449.4, "source": "Microsoft ML Buildings", "in_industrial_zone": false, "ghsl_2018": 1}, "geometry": {"type": "Polygon", "coordinates": [[[73.1618982, 22.2798682], [73.1618188, 22.2798595], [73.16185740000002, 22.279558500000004], [73.1619976, 22.279573800000005], [73.16200170000002, 22.279542000000003], [73.16206779999999, 22.279549300000003], [73.1620562, 22.279639799999998], [73.1619293, 22.2796259], [73.1618982, 22.2798682]]]}}, {"type": "Feature", "properties": {"layer": "building", "distance_m": 445.7, "source": "Microsoft ML Buildings", "in_industrial_zone": false, "ghsl_2018": 1}, "geometry": {"type": "Polygon", "coordinates": [[[73.1620803, 22.279545399999993], [73.1620415, 22.279538399999996], [73.16205, 22.2794978], [73.1620888, 22.279504699999993], [73.1620803, 22.279545399999993]]]}}, {"type": "Feature", "properties": {"layer": "building", "distance_m": 450.3, "source": "Microsoft ML Buildings", "in_industrial_zone": false, "ghsl_2018": 1}, "geometry": {"type": "Polygon", "coordinates": [[[73.1621516, 22.2797707], [73.16214999999998, 22.279847699999998], [73.1619194, 22.27984349999999], [73.16192250000002, 22.279695799999995], [73.16202269999998, 22.2796976], [73.1620212, 22.279768399999995], [73.1621516, 22.2797707]]]}}, {"type": "Feature", "properties": {"layer": "building", "distance_m": 438.0, "source": "Google Open Buildings", "in_industrial_zone": false, "ghsl_2018": 1}, "geometry": {"type": "Polygon", "coordinates": [[[73.1621013, 22.2795129], [73.1621749, 22.279521400000004], [73.1621681, 22.279572100000006], [73.1620945, 22.279563500000002], [73.1621013, 22.2795129]]]}}, {"type": "Feature", "properties": {"layer": "building", "distance_m": 430.2, "source": "Microsoft ML Buildings", "in_industrial_zone": true, "ghsl_2018": 1}, "geometry": {"type": "Polygon", "coordinates": [[[73.162073, 22.2789099], [73.16201, 22.2790567], [73.1618881, 22.279011800000003], [73.1619433, 22.2788832], [73.1619865, 22.278899099999997], [73.1619943, 22.278881], [73.162073, 22.2789099]]]}}, {"type": "Feature", "properties": {"layer": "building", "distance_m": 440.6, "source": "Google Open Buildings", "in_industrial_zone": true, "ghsl_2018": 1}, "geometry": {"type": "Polygon", "coordinates": [[[73.1619156, 22.278832000000005], [73.1619593, 22.278852399999995], [73.1619412, 22.278886000000004], [73.1618975, 22.2788656], [73.1619156, 22.278832000000005]]]}}, {"type": "Feature", "properties": {"layer": "building", "distance_m": 424.2, "source": "Google Open Buildings", "in_industrial_zone": false, "ghsl_2018": 1}, "geometry": {"type": "Polygon", "coordinates": [[[73.162211, 22.2794193], [73.1622821, 22.2794304], [73.16227179999998, 22.27948749999999], [73.16223619999998, 22.279482], [73.1622402, 22.279459600000003], [73.16220479999998, 22.279454100000002], [73.162211, 22.2794193]]]}}, {"type": "Feature", "properties": {"layer": "building", "distance_m": 402.1, "source": "Google Open Buildings", "in_industrial_zone": false, "ghsl_2018": 1}, "geometry": {"type": "Polygon", "coordinates": [[[73.1622679, 22.277139599999998], [73.1623462, 22.277152800000003], [73.1623364, 22.277203299999996], [73.1622581, 22.2771901], [73.1622679, 22.277139599999998]]]}}, {"type": "Feature", "properties": {"layer": "building", "distance_m": 423.0, "source": "Microsoft ML Buildings", "in_industrial_zone": false, "ghsl_2018": 1}, "geometry": {"type": "Polygon", "coordinates": [[[73.1621424, 22.2772561], [73.16211819999998, 22.277368199999998], [73.1616942, 22.277289699999997], [73.1617233, 22.277154799999998], [73.1621061, 22.277225699999995], [73.1621012, 22.277248400000005], [73.1621424, 22.2772561]]]}}, {"type": "Feature", "properties": {"layer": "building", "distance_m": 425.9, "source": "Google Open Buildings", "in_industrial_zone": false, "ghsl_2018": 0}, "geometry": {"type": "Polygon", "coordinates": [[[73.1619801, 22.278194899999995], [73.1620405, 22.278201500000005], [73.1620347, 22.278248100000003], [73.1619742, 22.278241499999996], [73.1619801, 22.278194899999995]]]}}, {"type": "Feature", "properties": {"layer": "building", "distance_m": 475.7, "source": "Google Open Buildings", "in_industrial_zone": false, "ghsl_2018": 1}, "geometry": {"type": "Polygon", "coordinates": [[[73.1615767, 22.277563200000003], [73.1615832, 22.2775943], [73.1615457, 22.277601], [73.1615393, 22.277569899999992], [73.1615767, 22.277563200000003]]]}}, {"type": "Feature", "properties": {"layer": "building", "distance_m": 477.3, "source": "Microsoft ML Buildings", "in_industrial_zone": false, "ghsl_2018": 1}, "geometry": {"type": "Polygon", "coordinates": [[[73.1613588, 22.277445199999995], [73.1613762, 22.277410600000003], [73.1613489, 22.277398800000007], [73.1613849, 22.277327400000008], [73.1615598, 22.2774029], [73.16154540000001, 22.2774314], [73.1615873, 22.2774495], [73.1615692, 22.277485300000002], [73.1615142, 22.2774615], [73.1614932, 22.2775032], [73.1613588, 22.277445199999995]]]}}, {"type": "Feature", "properties": {"layer": "building", "distance_m": 472.0, "source": "Google Open Buildings", "in_industrial_zone": false, "ghsl_2018": 1}, "geometry": {"type": "Polygon", "coordinates": [[[73.16160829999998, 22.2774571], [73.1616373, 22.277465], [73.16162710000002, 22.2774972], [73.16159810000002, 22.277489200000005], [73.16160829999998, 22.2774571]]]}}, {"type": "Feature", "properties": {"layer": "building", "distance_m": 419.6, "source": "Google Open Buildings", "in_industrial_zone": false, "ghsl_2018": 1}, "geometry": {"type": "Polygon", "coordinates": [[[73.1618443, 22.277353700000003], [73.1620708, 22.2774244], [73.1620486, 22.277486000000003], [73.16211700000001, 22.2775074], [73.1620598, 22.2776661], [73.16212100000001, 22.2776852], [73.1620687, 22.2778304], [73.1620927, 22.27783790000001], [73.1620405, 22.277982899999998], [73.16161969999999, 22.2778515], [73.16168759999998, 22.277663099999998], [73.16172819999998, 22.277675699999996], [73.1618443, 22.277353700000003]]]}}, {"type": "Feature", "properties": {"layer": "building", "distance_m": 451.2, "source": "Google Open Buildings", "in_industrial_zone": false, "ghsl_2018": 1}, "geometry": {"type": "Polygon", "coordinates": [[[73.1615964, 22.276871299999996], [73.1618829, 22.2769055], [73.16186129999998, 22.277062], [73.1615748, 22.277027799999995], [73.1615964, 22.276871299999996]]]}}, {"type": "Feature", "properties": {"layer": "building", "distance_m": 453.5, "source": "Google Open Buildings", "in_industrial_zone": false, "ghsl_2018": 1}, "geometry": {"type": "Polygon", "coordinates": [[[73.161351, 22.276598699999997], [73.1618874, 22.276651800000003], [73.1618593, 22.276897499999997], [73.161323, 22.276844400000005], [73.161351, 22.276598699999997]]]}}, {"type": "Feature", "properties": {"layer": "building", "distance_m": 475.1, "source": "Microsoft ML Buildings", "in_industrial_zone": false, "ghsl_2018": 1}, "geometry": {"type": "Polygon", "coordinates": [[[73.16177109999998, 22.275782599999996], [73.1618878, 22.2757794], [73.1618895, 22.2758315], [73.16177270000001, 22.275834700000004], [73.16177109999998, 22.275782599999996]]]}}, {"type": "Feature", "properties": {"layer": "building", "distance_m": 453.0, "source": "Microsoft ML Buildings", "in_industrial_zone": false, "ghsl_2018": 1}, "geometry": {"type": "Polygon", "coordinates": [[[73.1619104, 22.276086299999996], [73.16197859999997, 22.276088699999995], [73.16197019999998, 22.276286999999996], [73.16190209999999, 22.2762845], [73.1619104, 22.276086299999996]]]}}, {"type": "Feature", "properties": {"layer": "building", "distance_m": 449.9, "source": "Microsoft ML Buildings", "in_industrial_zone": false, "ghsl_2018": 1}, "geometry": {"type": "Polygon", "coordinates": [[[73.161966, 22.276433300000004], [73.1618934, 22.276423999999995], [73.16190939999998, 22.2763168], [73.161982, 22.276326100000002], [73.161966, 22.276433300000004]]]}}, {"type": "Feature", "properties": {"layer": "building", "distance_m": 429.8, "source": "Google Open Buildings", "in_industrial_zone": false, "ghsl_2018": 1}, "geometry": {"type": "Polygon", "coordinates": [[[73.1619061, 22.2766983], [73.1619552, 22.276705099999997], [73.1619659, 22.276637500000003], [73.1621224, 22.276658900000005], [73.16209809999998, 22.276811599999995], [73.1618926, 22.2767833], [73.1619061, 22.2766983]]]}}, {"type": "Feature", "properties": {"layer": "building", "distance_m": 429.6, "source": "Microsoft ML Buildings", "in_industrial_zone": false, "ghsl_2018": 1}, "geometry": {"type": "Polygon", "coordinates": [[[73.1620542, 22.277048599999997], [73.1619898, 22.277036499999998], [73.16203479999999, 22.276831500000007], [73.1620992, 22.276843599999992], [73.1620542, 22.277048599999997]]]}}, {"type": "Feature", "properties": {"layer": "building", "distance_m": 412.8, "source": "Microsoft ML Buildings", "in_industrial_zone": false, "ghsl_2018": 1}, "geometry": {"type": "Polygon", "coordinates": [[[73.16228029999999, 22.276715100000004], [73.1622091, 22.276706700000002], [73.1622155, 22.2766603], [73.16228679999999, 22.2766687], [73.16228029999999, 22.276715100000004]]]}}, {"type": "Feature", "properties": {"layer": "building", "distance_m": 423.9, "source": "Google Open Buildings", "in_industrial_zone": false, "ghsl_2018": 1}, "geometry": {"type": "Polygon", "coordinates": [[[73.1621456, 22.276664800000006], [73.1621747, 22.2766658], [73.16217339999999, 22.276698600000003], [73.16214430000001, 22.2766976], [73.1621456, 22.276664800000006]]]}}, {"type": "Feature", "properties": {"layer": "building", "distance_m": 409.4, "source": "Google Open Buildings", "in_industrial_zone": false, "ghsl_2018": 1}, "geometry": {"type": "Polygon", "coordinates": [[[73.16228230000002, 22.2769893], [73.16225850000001, 22.2770811], [73.1622302, 22.277074699999996], [73.1622541, 22.2769829], [73.16228230000002, 22.2769893]]]}}, {"type": "Feature", "properties": {"layer": "building", "distance_m": 408.4, "source": "Google Open Buildings", "in_industrial_zone": false, "ghsl_2018": 1}, "geometry": {"type": "Polygon", "coordinates": [[[73.1622833, 22.276799099999998], [73.1623105, 22.276803400000002], [73.1622969, 22.2768775], [73.1622697, 22.2768732], [73.1622833, 22.276799099999998]]]}}, {"type": "Feature", "properties": {"layer": "building", "distance_m": 408.1, "source": "Google Open Buildings", "in_industrial_zone": false, "ghsl_2018": 1}, "geometry": {"type": "Polygon", "coordinates": [[[73.16229669999998, 22.2767256], [73.1623239, 22.2767299], [73.1623105, 22.276803400000002], [73.1622833, 22.276799099999998], [73.16229669999998, 22.2767256]]]}}, {"type": "Feature", "properties": {"layer": "building", "distance_m": 416.6, "source": "Google Open Buildings", "in_industrial_zone": false, "ghsl_2018": 1}, "geometry": {"type": "Polygon", "coordinates": [[[73.16226739999998, 22.276347399999995], [73.16231349999998, 22.276355900000002], [73.16230329999999, 22.276403499999997], [73.1622573, 22.276394999999997], [73.16226739999998, 22.276347399999995]]]}}, {"type": "Feature", "properties": {"layer": "building", "distance_m": 421.2, "source": "Google Open Buildings", "in_industrial_zone": false, "ghsl_2018": 1}, "geometry": {"type": "Polygon", "coordinates": [[[73.162227, 22.276292800000004], [73.1622797, 22.2762961], [73.1622777, 22.2763232], [73.1622251, 22.2763199], [73.162227, 22.276292800000004]]]}}, {"type": "Feature", "properties": {"layer": "building", "distance_m": 388.6, "source": "Google Open Buildings", "in_industrial_zone": false, "ghsl_2018": 1}, "geometry": {"type": "Polygon", "coordinates": [[[73.1622656, 22.275533199999998], [73.16277449999998, 22.275572099999994], [73.16274240000001, 22.275936], [73.1622336, 22.275897199999996], [73.1622656, 22.275533199999998]]]}}, {"type": "Feature", "properties": {"layer": "building", "distance_m": 390.6, "source": "Google Open Buildings", "in_industrial_zone": false, "ghsl_2018": 1}, "geometry": {"type": "Polygon", "coordinates": [[[73.16228940000002, 22.275982899999995], [73.16263739999998, 22.2760402], [73.1625818, 22.27633210000001], [73.16223390000002, 22.276274699999995], [73.16228940000002, 22.275982899999995]]]}}, {"type": "Feature", "properties": {"layer": "building", "distance_m": 389.3, "source": "Google Open Buildings", "in_industrial_zone": false, "ghsl_2018": 1}, "geometry": {"type": "Polygon", "coordinates": [[[73.16229269999998, 22.276289099999996], [73.162581, 22.2763366], [73.1625241, 22.27663559999999], [73.1622746, 22.27659450000001], [73.1623205, 22.2763533], [73.1622817, 22.276346900000004], [73.16229269999998, 22.276289099999996]]]}}, {"type": "Feature", "properties": {"layer": "building", "distance_m": 363.8, "source": "Google Open Buildings", "in_industrial_zone": false, "ghsl_2018": 1}, "geometry": {"type": "Polygon", "coordinates": [[[73.16272949999998, 22.276419199999996], [73.16281989999999, 22.276433099999995], [73.16281449999998, 22.276463899999996], [73.162724, 22.27645], [73.16272949999998, 22.276419199999996]]]}}, {"type": "Feature", "properties": {"layer": "building", "distance_m": 366.8, "source": "Google Open Buildings", "in_industrial_zone": false, "ghsl_2018": 1}, "geometry": {"type": "Polygon", "coordinates": [[[73.1628672, 22.276078599999998], [73.16290060000001, 22.276081400000002], [73.16289769999999, 22.276111699999998], [73.16286429999998, 22.276109], [73.1628672, 22.276078599999998]]]}}, {"type": "Feature", "properties": {"layer": "building", "distance_m": 369.7, "source": "Google Open Buildings", "in_industrial_zone": false, "ghsl_2018": 1}, "geometry": {"type": "Polygon", "coordinates": [[[73.16296330000002, 22.275816000000003], [73.16293919999998, 22.275939999999995], [73.16291269999999, 22.275935600000004], [73.1629368, 22.275811500000007], [73.16296330000002, 22.275816000000003]]]}}, {"type": "Feature", "properties": {"layer": "building", "distance_m": 375.1, "source": "Google Open Buildings", "in_industrial_zone": false, "ghsl_2018": 0}, "geometry": {"type": "Polygon", "coordinates": [[[73.16294909999999, 22.275695400000004], [73.16298439999998, 22.275698600000002], [73.1629803, 22.2757386], [73.16294499999997, 22.275735499999996], [73.16294909999999, 22.275695400000004]]]}}, {"type": "Feature", "properties": {"layer": "building", "distance_m": 326.1, "source": "Google Open Buildings", "in_industrial_zone": false, "ghsl_2018": 1}, "geometry": {"type": "Polygon", "coordinates": [[[73.16331850000002, 22.275935600000004], [73.1633751, 22.275945399999998], [73.16335779999999, 22.2760313], [73.1633013, 22.276021400000005], [73.16331850000002, 22.275935600000004]]]}}, {"type": "Feature", "properties": {"layer": "building", "distance_m": 331.8, "source": "Microsoft ML Buildings", "in_industrial_zone": false, "ghsl_2018": 1}, "geometry": {"type": "Polygon", "coordinates": [[[73.1633749, 22.275824299999996], [73.1633428, 22.2759382], [73.16330620000001, 22.275929399999995], [73.1633383, 22.2758155], [73.1633749, 22.275824299999996]]]}}, {"type": "Feature", "properties": {"layer": "building", "distance_m": 329.1, "source": "Google Open Buildings", "in_industrial_zone": false, "ghsl_2018": 1}, "geometry": {"type": "Polygon", "coordinates": [[[73.1634059, 22.2757685], [73.16345129999999, 22.275779899999996], [73.16344179999999, 22.275812299999995], [73.1633965, 22.2758008], [73.1634059, 22.2757685]]]}}, {"type": "Feature", "properties": {"layer": "building", "distance_m": 278.6, "source": "Google Open Buildings", "in_industrial_zone": false, "ghsl_2018": 1}, "geometry": {"type": "Polygon", "coordinates": [[[73.16356690000002, 22.276281800000003], [73.16371179999999, 22.2762929], [73.1637043, 22.27637710000001], [73.1635594, 22.276366000000007], [73.16356690000002, 22.276281800000003]]]}}, {"type": "Feature", "properties": {"layer": "building", "distance_m": 309.6, "source": "Microsoft ML Buildings", "in_industrial_zone": false, "ghsl_2018": 1}, "geometry": {"type": "Polygon", "coordinates": [[[73.16333540000001, 22.2763716], [73.1633527, 22.2763086], [73.1632997, 22.2762962], [73.1633441, 22.2761341], [73.16344599999998, 22.276158000000002], [73.16338440000001, 22.276383100000004], [73.16333540000001, 22.2763716]]]}}, {"type": "Feature", "properties": {"layer": "building", "distance_m": 326.8, "source": "Google Open Buildings", "in_industrial_zone": false, "ghsl_2018": 1}, "geometry": {"type": "Polygon", "coordinates": [[[73.1632753, 22.276082799999998], [73.1633151, 22.276093099999997], [73.1633024, 22.276135699999998], [73.1632625, 22.276125299999997], [73.1632753, 22.276082799999998]]]}}, {"type": "Feature", "properties": {"layer": "building", "distance_m": 300.3, "source": "Microsoft ML Buildings", "in_industrial_zone": false, "ghsl_2018": 1}, "geometry": {"type": "Polygon", "coordinates": [[[73.16341099999998, 22.276534], [73.1634032, 22.276637799999996], [73.1633311, 22.276633100000005], [73.16333900000001, 22.2765294], [73.16341099999998, 22.276534]]]}}, {"type": "Feature", "properties": {"layer": "building", "distance_m": 302.8, "source": "Google Open Buildings", "in_industrial_zone": false, "ghsl_2018": 1}, "geometry": {"type": "Polygon", "coordinates": [[[73.16328669999999, 22.276790299999995], [73.16333710000002, 22.276786999999995], [73.16334039999998, 22.2768317], [73.16329, 22.276835], [73.16328669999999, 22.276790299999995]]]}}, {"type": "Feature", "properties": {"layer": "building", "distance_m": 280.6, "source": "Google Open Buildings", "in_industrial_zone": false, "ghsl_2018": 1}, "geometry": {"type": "Polygon", "coordinates": [[[73.1635965, 22.2766107], [73.16359119999998, 22.276670399999997], [73.1634854, 22.2766623], [73.1634907, 22.2766026], [73.1635965, 22.2766107]]]}}, {"type": "Feature", "properties": {"layer": "building", "distance_m": 272.4, "source": "Google Open Buildings", "in_industrial_zone": false, "ghsl_2018": 1}, "geometry": {"type": "Polygon", "coordinates": [[[73.16361510000002, 22.2765561], [73.16368280000002, 22.276554200000003], [73.16368500000002, 22.276625000000003], [73.16361739999999, 22.2766269], [73.16361510000002, 22.2765561]]]}}, {"type": "Feature", "properties": {"layer": "building", "distance_m": 273.6, "source": "Google Open Buildings", "in_industrial_zone": false, "ghsl_2018": 1}, "geometry": {"type": "Polygon", "coordinates": [[[73.16359489999999, 22.276628499999998], [73.1636639, 22.276633800000006], [73.16366019999998, 22.2766758], [73.16359119999998, 22.276670399999997], [73.16359489999999, 22.276628499999998]]]}}, {"type": "Feature", "properties": {"layer": "building", "distance_m": 363.4, "source": "Google Open Buildings", "in_industrial_zone": false, "ghsl_2018": 1}, "geometry": {"type": "Polygon", "coordinates": [[[73.16274439999997, 22.276629200000002], [73.1627773, 22.2766322], [73.16277389999999, 22.2766645], [73.16274099999998, 22.276661600000004], [73.16274439999997, 22.276629200000002]]]}}, {"type": "Feature", "properties": {"layer": "building", "distance_m": 375.4, "source": "Google Open Buildings", "in_industrial_zone": false, "ghsl_2018": 1}, "geometry": {"type": "Polygon", "coordinates": [[[73.1625026, 22.276744200000003], [73.16263479999999, 22.276789500000003], [73.16250270000002, 22.277123600000003], [73.16231830000001, 22.277060500000005], [73.16243759999999, 22.2767587], [73.1624898, 22.2767765], [73.1625026, 22.276744200000003]]]}}, {"type": "Feature", "properties": {"layer": "building", "distance_m": 309.3, "source": "Microsoft ML Buildings", "in_industrial_zone": false, "ghsl_2018": 1}, "geometry": {"type": "Polygon", "coordinates": [[[73.1630623, 22.278187500000005], [73.1630649, 22.278143], [73.1631719, 22.278148400000003], [73.16316929999999, 22.278192899999997], [73.1630623, 22.278187500000005]]]}}, {"type": "Feature", "properties": {"layer": "building", "distance_m": 359.9, "source": "Google Open Buildings", "in_industrial_zone": false, "ghsl_2018": 1}, "geometry": {"type": "Polygon", "coordinates": [[[73.1626301, 22.2782516], [73.1626818, 22.2782561], [73.1626799, 22.278275299999997], [73.1626282, 22.278270799999998], [73.1626301, 22.2782516]]]}}, {"type": "Feature", "properties": {"layer": "building", "distance_m": 354.3, "source": "Google Open Buildings", "in_industrial_zone": false, "ghsl_2018": 1}, "geometry": {"type": "Polygon", "coordinates": [[[73.16268019999998, 22.278091699999997], [73.1627348, 22.278099499999993], [73.16272980000001, 22.278129300000003], [73.1626752, 22.2781215], [73.16268019999998, 22.278091699999997]]]}}, {"type": "Feature", "properties": {"layer": "building", "distance_m": 364.2, "source": "Microsoft ML Buildings", "in_industrial_zone": false, "ghsl_2018": 1}, "geometry": {"type": "Polygon", "coordinates": [[[73.1626489, 22.2784277], [73.162652, 22.2785057], [73.1625592, 22.278508800000004], [73.16255620000001, 22.2784308], [73.1626489, 22.2784277]]]}}, {"type": "Feature", "properties": {"layer": "building", "distance_m": 375.4, "source": "Google Open Buildings", "in_industrial_zone": false, "ghsl_2018": 1}, "geometry": {"type": "Polygon", "coordinates": [[[73.1625399, 22.278702400000004], [73.1625752, 22.278707199999992], [73.1625706, 22.2787371], [73.1625353, 22.27873230000001], [73.1625399, 22.278702400000004]]]}}, {"type": "Feature", "properties": {"layer": "building", "distance_m": 369.5, "source": "Google Open Buildings", "in_industrial_zone": false, "ghsl_2018": 1}, "geometry": {"type": "Polygon", "coordinates": [[[73.1626164, 22.2786261], [73.1626231, 22.278647599999996], [73.1625855, 22.278657800000005], [73.1625788, 22.278636299999995], [73.1626164, 22.2786261]]]}}, {"type": "Feature", "properties": {"layer": "building", "distance_m": 370.2, "source": "Microsoft ML Buildings", "in_industrial_zone": false, "ghsl_2018": 1}, "geometry": {"type": "Polygon", "coordinates": [[[73.1625432, 22.278557599999996], [73.1625455, 22.2785093], [73.162599, 22.278511399999996], [73.1625967, 22.278559800000004], [73.1625432, 22.278557599999996]]]}}, {"type": "Feature", "properties": {"layer": "building", "distance_m": 374.5, "source": "Microsoft ML Buildings", "in_industrial_zone": false, "ghsl_2018": 1}, "geometry": {"type": "Polygon", "coordinates": [[[73.1625003, 22.2785883], [73.1625567, 22.278572300000004], [73.162568, 22.278606300000003], [73.1625116, 22.278622299999995], [73.1625003, 22.2785883]]]}}, {"type": "Feature", "properties": {"layer": "building", "distance_m": 381.4, "source": "Google Open Buildings", "in_industrial_zone": false, "ghsl_2018": 1}, "geometry": {"type": "Polygon", "coordinates": [[[73.1624549, 22.278606099999998], [73.1625018, 22.2786118], [73.1624946, 22.278663300000005], [73.1624477, 22.278657699999997], [73.1624549, 22.278606099999998]]]}}, {"type": "Feature", "properties": {"layer": "building", "distance_m": 381.0, "source": "Google Open Buildings", "in_industrial_zone": false, "ghsl_2018": 1}, "geometry": {"type": "Polygon", "coordinates": [[[73.1624831, 22.2786738], [73.1625161, 22.2786832], [73.1625042, 22.278719499999998], [73.1624712, 22.2787101], [73.1624831, 22.2786738]]]}}, {"type": "Feature", "properties": {"layer": "building", "distance_m": 339.7, "source": "Google Open Buildings", "in_industrial_zone": false, "ghsl_2018": 1}, "geometry": {"type": "Polygon", "coordinates": [[[73.1629111, 22.278899999999997], [73.1629679, 22.278897400000005], [73.1629698, 22.2789322], [73.1629129, 22.278934800000002], [73.1629111, 22.278899999999997]]]}}, {"type": "Feature", "properties": {"layer": "building", "distance_m": 301.0, "source": "Microsoft ML Buildings", "in_industrial_zone": false, "ghsl_2018": 1}, "geometry": {"type": "Polygon", "coordinates": [[[73.1632478, 22.278642199999997], [73.1631354, 22.278637199999995], [73.1631488, 22.278382100000005], [73.1632611, 22.2783872], [73.1632478, 22.278642199999997]]]}}, {"type": "Feature", "properties": {"layer": "building", "distance_m": 278.2, "source": "Google Open Buildings", "in_industrial_zone": false, "ghsl_2018": 1}, "geometry": {"type": "Polygon", "coordinates": [[[73.1633619, 22.278338600000005], [73.1634798, 22.2783443], [73.1634764, 22.278405400000004], [73.1633585, 22.278399700000005], [73.1633619, 22.278338600000005]]]}}, {"type": "Feature", "properties": {"layer": "building", "distance_m": 283.5, "source": "Google Open Buildings", "in_industrial_zone": false, "ghsl_2018": 1}, "geometry": {"type": "Polygon", "coordinates": [[[73.1634388, 22.2787062], [73.16348, 22.278704199999996], [73.163482, 22.2787396], [73.1634408, 22.278741599999996], [73.1634388, 22.2787062]]]}}, {"type": "Feature", "properties": {"layer": "building", "distance_m": 289.8, "source": "Microsoft ML Buildings", "in_industrial_zone": false, "ghsl_2018": 1}, "geometry": {"type": "Polygon", "coordinates": [[[73.1634144, 22.278819799999997], [73.1633777, 22.278814700000005], [73.1633902, 22.2787382], [73.1634269, 22.278743399999993], [73.1634144, 22.278819799999997]]]}}, {"type": "Feature", "properties": {"layer": "building", "distance_m": 283.3, "source": "Google Open Buildings", "in_industrial_zone": false, "ghsl_2018": 1}, "geometry": {"type": "Polygon", "coordinates": [[[73.1634354, 22.278734600000003], [73.1634902, 22.278738199999996], [73.1634848, 22.278811599999994], [73.16342999999999, 22.278808100000003], [73.1634354, 22.278734600000003]]]}}, {"type": "Feature", "properties": {"layer": "building", "distance_m": 265.0, "source": "Microsoft ML Buildings", "in_industrial_zone": false, "ghsl_2018": 1}, "geometry": {"type": "Polygon", "coordinates": [[[73.1636126, 22.278780099999995], [73.1636849, 22.2787827], [73.1636836, 22.278814899999997], [73.1636113, 22.27881229999999], [73.1636126, 22.278780099999995]]]}}, {"type": "Feature", "properties": {"layer": "building", "distance_m": 250.8, "source": "Microsoft ML Buildings", "in_industrial_zone": false, "ghsl_2018": 1}, "geometry": {"type": "Polygon", "coordinates": [[[73.16382640000002, 22.278780899999997], [73.1638247, 22.278824199999995], [73.1637069, 22.2788202], [73.1637099, 22.278744600000003], [73.1637644, 22.2787465], [73.1637631, 22.2787787], [73.16382640000002, 22.278780899999997]]]}}, {"type": "Feature", "properties": {"layer": "building", "distance_m": 275.3, "source": "Google Open Buildings", "in_industrial_zone": false, "ghsl_2018": 1}, "geometry": {"type": "Polygon", "coordinates": [[[73.1633805, 22.2781452], [73.1635011, 22.278151699999995], [73.1634977, 22.278205100000005], [73.1633771, 22.278198499999995], [73.1633805, 22.2781452]]]}}, {"type": "Feature", "properties": {"layer": "building", "distance_m": 277.5, "source": "Google Open Buildings", "in_industrial_zone": false, "ghsl_2018": 1}, "geometry": {"type": "Polygon", "coordinates": [[[73.1633577, 22.278230900000004], [73.1634808, 22.278238799999997], [73.1634736, 22.2783356], [73.1633505, 22.278327599999997], [73.1633577, 22.278230900000004]]]}}, {"type": "Feature", "properties": {"layer": "building", "distance_m": 296.6, "source": "Google Open Buildings", "in_industrial_zone": false, "ghsl_2018": 1}, "geometry": {"type": "Polygon", "coordinates": [[[73.1632209, 22.278278300000004], [73.1632971, 22.278283800000008], [73.1632944, 22.2783153], [73.1632183, 22.278309799999995], [73.1632209, 22.278278300000004]]]}}, {"type": "Feature", "properties": {"layer": "building", "distance_m": 304.4, "source": "Google Open Buildings", "in_industrial_zone": false, "ghsl_2018": 1}, "geometry": {"type": "Polygon", "coordinates": [[[73.1632209, 22.278278300000004], [73.1632183, 22.278309799999995], [73.16318430000001, 22.278307299999994], [73.16318699999998, 22.2782759], [73.1632209, 22.278278300000004]]]}}, {"type": "Feature", "properties": {"layer": "building", "distance_m": 191.0, "source": "Google Open Buildings", "in_industrial_zone": false, "ghsl_2018": 1}, "geometry": {"type": "Polygon", "coordinates": [[[73.1640124, 22.279092299999995], [73.1646196, 22.2791214], [73.16461039999999, 22.2792894], [73.16404050000001, 22.279262199999998], [73.164039, 22.2792899], [73.1640016, 22.279288100000002], [73.1640124, 22.279092299999995]]]}}, {"type": "Feature", "properties": {"layer": "building", "distance_m": 178.6, "source": "Google Open Buildings", "in_industrial_zone": false, "ghsl_2018": 1}, "geometry": {"type": "Polygon", "coordinates": [[[73.1647693, 22.279178799999997], [73.1648089, 22.2791753], [73.164812, 22.279205000000005], [73.16477239999999, 22.279208499999996], [73.1647693, 22.279178799999997]]]}}, {"type": "Feature", "properties": {"layer": "building", "distance_m": 172.9, "source": "Google Open Buildings", "in_industrial_zone": false, "ghsl_2018": 1}, "geometry": {"type": "Polygon", "coordinates": [[[73.1647404, 22.279039300000004], [73.16477380000002, 22.2790422], [73.1647704, 22.2790764], [73.16473690000001, 22.279073499999996], [73.1647404, 22.279039300000004]]]}}, {"type": "Feature", "properties": {"layer": "building", "distance_m": 117.6, "source": "Microsoft ML Buildings", "in_industrial_zone": false, "ghsl_2018": 1}, "geometry": {"type": "Polygon", "coordinates": [[[73.1651566, 22.276818200000005], [73.1651491, 22.2769406], [73.1650288, 22.276934200000007], [73.1650438, 22.276690599999995], [73.1651439, 22.2766959], [73.1651364, 22.276817200000004], [73.1651566, 22.276818200000005]]]}}, {"type": "Feature", "properties": {"layer": "building", "distance_m": 145.5, "source": "Microsoft ML Buildings", "in_industrial_zone": false, "ghsl_2018": 1}, "geometry": {"type": "Polygon", "coordinates": [[[73.16487760000001, 22.276554400000002], [73.1648745, 22.2769217], [73.1647688, 22.276920999999998], [73.1647719, 22.276553599999996], [73.16487760000001, 22.276554400000002]]]}}, {"type": "Feature", "properties": {"layer": "building", "distance_m": 134.2, "source": "Microsoft ML Buildings", "in_industrial_zone": false, "ghsl_2018": 1}, "geometry": {"type": "Polygon", "coordinates": [[[73.1649065, 22.276643600000003], [73.1650122, 22.2766452], [73.1650084, 22.2768562], [73.1649027, 22.276854500000002], [73.1649065, 22.276643600000003]]]}}, {"type": "Feature", "properties": {"layer": "building", "distance_m": 133.4, "source": "Microsoft ML Buildings", "in_industrial_zone": false, "ghsl_2018": 1}, "geometry": {"type": "Polygon", "coordinates": [[[73.1649975, 22.276864799999995], [73.1649937, 22.276929100000007], [73.1648963, 22.2769242], [73.1649001, 22.2768599], [73.1649975, 22.276864799999995]]]}}, {"type": "Feature", "properties": {"layer": "building", "distance_m": 142.2, "source": "Google Open Buildings", "in_industrial_zone": false, "ghsl_2018": 1}, "geometry": {"type": "Polygon", "coordinates": [[[73.1648292, 22.2770297], [73.1648797, 22.277032399999996], [73.1648766, 22.277083200000003], [73.164826, 22.277080500000007], [73.1648292, 22.2770297]]]}}, {"type": "Feature", "properties": {"layer": "building", "distance_m": 112.0, "source": "Google Open Buildings", "in_industrial_zone": false, "ghsl_2018": 1}, "geometry": {"type": "Polygon", "coordinates": [[[73.16510049999998, 22.277044200000002], [73.1651727, 22.277045600000005], [73.1651718, 22.2770854], [73.16509960000002, 22.277083900000008], [73.16510049999998, 22.277044200000002]]]}}, {"type": "Feature", "properties": {"layer": "building", "distance_m": 149.0, "source": "Microsoft ML Buildings", "in_industrial_zone": false, "ghsl_2018": 1}, "geometry": {"type": "Polygon", "coordinates": [[[73.16481289999999, 22.277018300000005], [73.16481079999998, 22.277071699999993], [73.1647278, 22.277068899999993], [73.16472990000001, 22.2770155], [73.16481289999999, 22.277018300000005]]]}}, {"type": "Feature", "properties": {"layer": "building", "distance_m": 165.8, "source": "Google Open Buildings", "in_industrial_zone": false, "ghsl_2018": 1}, "geometry": {"type": "Polygon", "coordinates": [[[73.1645977, 22.277005700000004], [73.16465230000001, 22.277009299999996], [73.1646483, 22.277061700000004], [73.1645936, 22.2770581], [73.1645977, 22.277005700000004]]]}}, {"type": "Feature", "properties": {"layer": "building", "distance_m": 216.7, "source": "Google Open Buildings", "in_industrial_zone": false, "ghsl_2018": 1}, "geometry": {"type": "Polygon", "coordinates": [[[73.1641485, 22.2768726], [73.16417879999999, 22.2768791], [73.164166, 22.276930500000006], [73.16413569999999, 22.276924], [73.1641485, 22.2768726]]]}}, {"type": "Feature", "properties": {"layer": "building", "distance_m": 221.5, "source": "Microsoft ML Buildings", "in_industrial_zone": false, "ghsl_2018": 1}, "geometry": {"type": "Polygon", "coordinates": [[[73.16411300000001, 22.2767312], [73.1641063, 22.276629800000002], [73.1641597, 22.276626800000006], [73.16416649999998, 22.2767282], [73.16411300000001, 22.2767312]]]}}, {"type": "Feature", "properties": {"layer": "building", "distance_m": 186.5, "source": "Microsoft ML Buildings", "in_industrial_zone": false, "ghsl_2018": 1}, "geometry": {"type": "Polygon", "coordinates": [[[73.1644785, 22.276874699999997], [73.1643617, 22.276871299999996], [73.1643641, 22.276801899999995], [73.1644809, 22.2768053], [73.1644785, 22.276874699999997]]]}}, {"type": "Feature", "properties": {"layer": "building", "distance_m": 173.3, "source": "Microsoft ML Buildings", "in_industrial_zone": false, "ghsl_2018": 1}, "geometry": {"type": "Polygon", "coordinates": [[[73.16462849999999, 22.276555400000007], [73.16460459999999, 22.2768953], [73.16449769999998, 22.2768888], [73.16452159999999, 22.276548899999998], [73.16462849999999, 22.276555400000007]]]}}, {"type": "Feature", "properties": {"layer": "building", "distance_m": 160.4, "source": "Microsoft ML Buildings", "in_industrial_zone": false, "ghsl_2018": 1}, "geometry": {"type": "Polygon", "coordinates": [[[73.1647484, 22.2766796], [73.16473310000002, 22.2768934], [73.1646316, 22.276887200000004], [73.164647, 22.2766734], [73.1647484, 22.2766796]]]}}, {"type": "Feature", "properties": {"layer": "building", "distance_m": 157.6, "source": "Google Open Buildings", "in_industrial_zone": false, "ghsl_2018": 1}, "geometry": {"type": "Polygon", "coordinates": [[[73.1649789, 22.2762344], [73.1649738, 22.2764437], [73.1649318, 22.276442799999998], [73.16493309999998, 22.276388099999995], [73.1648879, 22.2763871], [73.1648865, 22.276441799999997], [73.1646223, 22.2764362], [73.16462359999998, 22.2763815], [73.16458549999999, 22.2763807], [73.1645841, 22.276435400000004], [73.1645324, 22.276434300000002], [73.1645375, 22.276225], [73.1649789, 22.2762344]]]}}, {"type": "Feature", "properties": {"layer": "building", "distance_m": 215.7, "source": "Google Open Buildings", "in_industrial_zone": false, "ghsl_2018": 1}, "geometry": {"type": "Polygon", "coordinates": [[[73.16438909999998, 22.2762126], [73.16442179999999, 22.276216600000005], [73.1644107, 22.276296600000002], [73.164378, 22.276292599999994], [73.16438909999998, 22.2762126]]]}}, {"type": "Feature", "properties": {"layer": "building", "distance_m": 197.5, "source": "Google Open Buildings", "in_industrial_zone": false, "ghsl_2018": 1}, "geometry": {"type": "Polygon", "coordinates": [[[73.16447039999998, 22.2761786], [73.16453859999999, 22.276180099999994], [73.1645324, 22.276434300000002], [73.1644642, 22.2764328], [73.16447039999998, 22.2761786]]]}}, {"type": "Feature", "properties": {"layer": "building", "distance_m": 213.9, "source": "Google Open Buildings", "in_industrial_zone": false, "ghsl_2018": 1}, "geometry": {"type": "Polygon", "coordinates": [[[73.1642614, 22.2763954], [73.1643345, 22.276399400000003], [73.16432860000002, 22.276493800000004], [73.1642555, 22.2764898], [73.1642614, 22.2763954]]]}}, {"type": "Feature", "properties": {"layer": "building", "distance_m": 212.6, "source": "Google Open Buildings", "in_industrial_zone": false, "ghsl_2018": 1}, "geometry": {"type": "Polygon", "coordinates": [[[73.1643719, 22.2763442], [73.16440049999999, 22.276345299999996], [73.164399, 22.2763791], [73.16437040000001, 22.276378], [73.1643719, 22.2763442]]]}}, {"type": "Feature", "properties": {"layer": "building", "distance_m": 224.6, "source": "Google Open Buildings", "in_industrial_zone": false, "ghsl_2018": 1}, "geometry": {"type": "Polygon", "coordinates": [[[73.16421569999999, 22.276321], [73.1642659, 22.276323700000006], [73.1642614, 22.2763954], [73.1642112, 22.2763927], [73.16421569999999, 22.276321]]]}}, {"type": "Feature", "properties": {"layer": "building", "distance_m": 234.7, "source": "Microsoft ML Buildings", "in_industrial_zone": false, "ghsl_2018": 1}, "geometry": {"type": "Polygon", "coordinates": [[[73.1642253, 22.276111500000003], [73.1642154, 22.2762736], [73.16416349999999, 22.2762709], [73.16417329999999, 22.276108800000003], [73.1642253, 22.276111500000003]]]}}, {"type": "Feature", "properties": {"layer": "building", "distance_m": 217.6, "source": "Google Open Buildings", "in_industrial_zone": false, "ghsl_2018": 1}, "geometry": {"type": "Polygon", "coordinates": [[[73.1642794, 22.276109700000003], [73.1643158, 22.276111699999998], [73.1643113, 22.276182500000004], [73.164348, 22.276184500000003], [73.1643345, 22.276399400000003], [73.1642614, 22.2763954], [73.1642794, 22.276109700000003]]]}}, {"type": "Feature", "properties": {"layer": "building", "distance_m": 227.5, "source": "Google Open Buildings", "in_industrial_zone": false, "ghsl_2018": 1}, "geometry": {"type": "Polygon", "coordinates": [[[73.1643158, 22.276111699999998], [73.1643525, 22.2761137], [73.164348, 22.276184500000003], [73.1643113, 22.276182500000004], [73.1643158, 22.276111699999998]]]}}, {"type": "Feature", "properties": {"layer": "building", "distance_m": 254.9, "source": "Microsoft ML Buildings", "in_industrial_zone": false, "ghsl_2018": 1}, "geometry": {"type": "Polygon", "coordinates": [[[73.16403279999999, 22.275995], [73.1641213, 22.275996599999996], [73.16411999999998, 22.276056099999995], [73.1640315, 22.2760545], [73.16403279999999, 22.275995]]]}}, {"type": "Feature", "properties": {"layer": "building", "distance_m": 258.8, "source": "Microsoft ML Buildings", "in_industrial_zone": false, "ghsl_2018": 1}, "geometry": {"type": "Polygon", "coordinates": [[[73.16402069999998, 22.2758183], [73.1641369, 22.275831799999995], [73.16413459999998, 22.275848900000003], [73.1641516, 22.2758509], [73.164136, 22.2759657], [73.1640028, 22.275950299999998], [73.16402069999998, 22.2758183]]]}}, {"type": "Feature", "properties": {"layer": "building", "distance_m": 265.0, "source": "Microsoft ML Buildings", "in_industrial_zone": false, "ghsl_2018": 1}, "geometry": {"type": "Polygon", "coordinates": [[[73.1640565, 22.275814200000003], [73.1640668, 22.275674599999995], [73.1640908, 22.275676100000002], [73.1640965, 22.2755996], [73.1641858, 22.275605200000005], [73.1641698, 22.275821400000005], [73.1640565, 22.275814200000003]]]}}, {"type": "Feature", "properties": {"layer": "building", "distance_m": 235.1, "source": "Google Open Buildings", "in_industrial_zone": false, "ghsl_2018": 1}, "geometry": {"type": "Polygon", "coordinates": [[[73.16441569999999, 22.2758203], [73.1644678, 22.2758238], [73.164461, 22.275911000000008], [73.16440889999998, 22.2759075], [73.16441569999999, 22.2758203]]]}}, {"type": "Feature", "properties": {"layer": "building", "distance_m": 229.4, "source": "Google Open Buildings", "in_industrial_zone": false, "ghsl_2018": 1}, "geometry": {"type": "Polygon", "coordinates": [[[73.164461, 22.275911000000008], [73.1644537, 22.27600410000001], [73.1644016, 22.276000600000003], [73.16440889999998, 22.2759075], [73.164461, 22.275911000000008]]]}}, {"type": "Feature", "properties": {"layer": "building", "distance_m": 219.9, "source": "Google Open Buildings", "in_industrial_zone": false, "ghsl_2018": 1}, "geometry": {"type": "Polygon", "coordinates": [[[73.16472479999999, 22.275779899999993], [73.1647481, 22.275781299999995], [73.1647454, 22.275821100000012], [73.1647221, 22.275819699999996], [73.16472479999999, 22.275779899999993]]]}}, {"type": "Feature", "properties": {"layer": "building", "distance_m": 181.8, "source": "Microsoft ML Buildings", "in_industrial_zone": false, "ghsl_2018": 1}, "geometry": {"type": "Polygon", "coordinates": [[[73.1650931, 22.2759127], [73.1650935, 22.275783600000004], [73.16519689999998, 22.275783899999997], [73.1651965, 22.275912900000005], [73.1650931, 22.2759127]]]}}, {"type": "Feature", "properties": {"layer": "building", "distance_m": 181.2, "source": "Microsoft ML Buildings", "in_industrial_zone": false, "ghsl_2018": 1}, "geometry": {"type": "Polygon", "coordinates": [[[73.16509989999999, 22.2759189], [73.1650986, 22.2759934], [73.16502079999998, 22.27599219999999], [73.16502219999998, 22.2759178], [73.16509989999999, 22.2759189]]]}}, {"type": "Feature", "properties": {"layer": "building", "distance_m": 129.1, "source": "Google Open Buildings", "in_industrial_zone": false, "ghsl_2018": 1}, "geometry": {"type": "Polygon", "coordinates": [[[73.1652512, 22.27643610000001], [73.1652938, 22.276431099999996], [73.165299, 22.2764691], [73.16525629999998, 22.2764741], [73.1652512, 22.27643610000001]]]}}, {"type": "Feature", "properties": {"layer": "building", "distance_m": 143.7, "source": "Microsoft ML Buildings", "in_industrial_zone": false, "ghsl_2018": 1}, "geometry": {"type": "Polygon", "coordinates": [[[73.1656894, 22.276029499999996], [73.1654481, 22.276025699999998], [73.16545209999998, 22.2758073], [73.1656934, 22.275811100000002], [73.1656894, 22.276029499999996]]]}}, {"type": "Feature", "properties": {"layer": "building", "distance_m": 165.9, "source": "Google Open Buildings", "in_industrial_zone": false, "ghsl_2018": 1}, "geometry": {"type": "Polygon", "coordinates": [[[73.16529749999998, 22.2759166], [73.165337, 22.275918299999997], [73.1653328, 22.275999200000005], [73.1652934, 22.275997399999998], [73.16529749999998, 22.2759166]]]}}, {"type": "Feature", "properties": {"layer": "building", "distance_m": 169.4, "source": "Microsoft ML Buildings", "in_industrial_zone": false, "ghsl_2018": 1}, "geometry": {"type": "Polygon", "coordinates": [[[73.1652813, 22.27599460000001], [73.16516869999998, 22.275996399999997], [73.1651674, 22.2759233], [73.16527999999998, 22.2759215], [73.1652813, 22.27599460000001]]]}}, {"type": "Feature", "properties": {"layer": "building", "distance_m": 162.3, "source": "Microsoft ML Buildings", "in_industrial_zone": false, "ghsl_2018": 1}, "geometry": {"type": "Polygon", "coordinates": [[[73.1652059, 22.275917299999996], [73.165204, 22.275802], [73.16541969999999, 22.275798900000005], [73.1654215, 22.2759068], [73.1653854, 22.275907299999997], [73.165387, 22.276004], [73.1653468, 22.276004599999997], [73.1653453, 22.2759153], [73.1652059, 22.275917299999996]]]}}, {"type": "Feature", "properties": {"layer": "building", "distance_m": 200.2, "source": "Microsoft ML Buildings", "in_industrial_zone": false, "ghsl_2018": 1}, "geometry": {"type": "Polygon", "coordinates": [[[73.1652201, 22.2756584], [73.165222, 22.2755566], [73.16528369999999, 22.275557699999993], [73.1652817, 22.2756594], [73.1652201, 22.2756584]]]}}, {"type": "Feature", "properties": {"layer": "building", "distance_m": 184.3, "source": "Microsoft ML Buildings", "in_industrial_zone": false, "ghsl_2018": 1}, "geometry": {"type": "Polygon", "coordinates": [[[73.16536509999999, 22.2757806], [73.165282, 22.275779600000003], [73.1652855, 22.275546299999995], [73.1654383, 22.2755483], [73.16543659999999, 22.275662399999995], [73.1653669, 22.275661500000002], [73.16536509999999, 22.2757806]]]}}, {"type": "Feature", "properties": {"layer": "building", "distance_m": 167.8, "source": "Microsoft ML Buildings", "in_industrial_zone": false, "ghsl_2018": 1}, "geometry": {"type": "Polygon", "coordinates": [[[73.1656947, 22.27567420000001], [73.1656922, 22.275788300000002], [73.16547229999999, 22.275784099999996], [73.1654749, 22.2756699], [73.1656947, 22.27567420000001]]]}}, {"type": "Feature", "properties": {"layer": "building", "distance_m": 181.2, "source": "Microsoft ML Buildings", "in_industrial_zone": false, "ghsl_2018": 1}, "geometry": {"type": "Polygon", "coordinates": [[[73.1654858, 22.275662999999998], [73.16548899999998, 22.275548999999998], [73.1656698, 22.2755534], [73.1656666, 22.2756675], [73.1654858, 22.275662999999998]]]}}, {"type": "Feature", "properties": {"layer": "building", "distance_m": 168.8, "source": "Google Open Buildings", "in_industrial_zone": false, "ghsl_2018": 1}, "geometry": {"type": "Polygon", "coordinates": [[[73.1657208, 22.27568139999999], [73.16575899999998, 22.2756826], [73.1657565, 22.275755100000005], [73.1657184, 22.275754], [73.1657208, 22.27568139999999]]]}}, {"type": "Feature", "properties": {"layer": "building", "distance_m": 146.5, "source": "Microsoft ML Buildings", "in_industrial_zone": false, "ghsl_2018": 1}, "geometry": {"type": "Polygon", "coordinates": [[[73.1657557, 22.275780300000008], [73.1658457, 22.275779400000005], [73.16584759999999, 22.2759382], [73.1657576, 22.275939100000002], [73.1657557, 22.275780300000008]]]}}, {"type": "Feature", "properties": {"layer": "building", "distance_m": 137.8, "source": "Google Open Buildings", "in_industrial_zone": false, "ghsl_2018": 1}, "geometry": {"type": "Polygon", "coordinates": [[[73.1658975, 22.275860200000004], [73.16624149999998, 22.275875200000005], [73.16623809999999, 22.275942099999998], [73.1658941, 22.275927099999993], [73.1658975, 22.275860200000004]]]}}, {"type": "Feature", "properties": {"layer": "building", "distance_m": 54.3, "source": "Google Open Buildings", "in_industrial_zone": false, "ghsl_2018": 1}, "geometry": {"type": "Polygon", "coordinates": [[[73.1656694, 22.277108499999997], [73.16573049999998, 22.277112499999998], [73.16572819999999, 22.2771427], [73.1656671, 22.2771387], [73.1656694, 22.277108499999997]]]}}, {"type": "Feature", "properties": {"layer": "building", "distance_m": 30.9, "source": "Microsoft ML Buildings", "in_industrial_zone": false, "ghsl_2018": 1}, "geometry": {"type": "Polygon", "coordinates": [[[73.1657489, 22.277239699999996], [73.165762, 22.277107899999997], [73.1659562, 22.2771244], [73.1659431, 22.277256300000005], [73.1657489, 22.277239699999996]]]}}, {"type": "Feature", "properties": {"layer": "building", "distance_m": 31.9, "source": "Microsoft ML Buildings", "in_industrial_zone": false, "ghsl_2018": 1}, "geometry": {"type": "Polygon", "coordinates": [[[73.16578839999998, 22.277384299999998], [73.16578840000001, 22.277362000000007], [73.1657347, 22.277362000000007], [73.1657347, 22.2772627], [73.1659386, 22.277262699999998], [73.1659386, 22.2773843], [73.16578839999998, 22.277384299999998]]]}}, {"type": "Feature", "properties": {"layer": "building", "distance_m": 41.2, "source": "Google Open Buildings", "in_industrial_zone": false, "ghsl_2018": 1}, "geometry": {"type": "Polygon", "coordinates": [[[73.1658748, 22.276993], [73.1659068, 22.276995800000005], [73.1659018, 22.2770442], [73.16586980000001, 22.27704130000001], [73.1658748, 22.276993]]]}}, {"type": "Feature", "properties": {"layer": "building", "distance_m": 33.3, "source": "Google Open Buildings", "in_industrial_zone": false, "ghsl_2018": 1}, "geometry": {"type": "Polygon", "coordinates": [[[73.1659499, 22.27701709999999], [73.1659855, 22.2770191], [73.165983, 22.277058300000004], [73.1659474, 22.2770564], [73.1659499, 22.27701709999999]]]}}, {"type": "Feature", "properties": {"layer": "building", "distance_m": 32.7, "source": "Google Open Buildings", "in_industrial_zone": false, "ghsl_2018": 1}, "geometry": {"type": "Polygon", "coordinates": [[[73.1659872, 22.2769923], [73.1660268, 22.276994500000004], [73.1660251, 22.277021299999998], [73.1659855, 22.2770191], [73.1659872, 22.2769923]]]}}, {"type": "Feature", "properties": {"layer": "building", "distance_m": 27.1, "source": "Google Open Buildings", "in_industrial_zone": false, "ghsl_2018": 1}, "geometry": {"type": "Polygon", "coordinates": [[[73.16607559999999, 22.2769914], [73.16610959999998, 22.276991799999998], [73.16610909999999, 22.2770234], [73.1660752, 22.27702299999999], [73.16607559999999, 22.2769914]]]}}, {"type": "Feature", "properties": {"layer": "building", "distance_m": 22.9, "source": "Microsoft ML Buildings", "in_industrial_zone": false, "ghsl_2018": 1}, "geometry": {"type": "Polygon", "coordinates": [[[73.1660312, 22.277288000000002], [73.16602580000001, 22.277378499999998], [73.1659734, 22.2773758], [73.1659788, 22.277285300000003], [73.1660312, 22.277288000000002]]]}}, {"type": "Feature", "properties": {"layer": "building", "distance_m": 66.2, "source": "Microsoft ML Buildings", "in_industrial_zone": false, "ghsl_2018": 1}, "geometry": {"type": "Polygon", "coordinates": [[[73.16655859999999, 22.276616599999997], [73.1665227, 22.276615099999997], [73.1665269, 22.2765235], [73.1663728, 22.276517300000002], [73.1663788, 22.276389500000004], [73.1665689, 22.276397100000004], [73.16655859999999, 22.276616599999997]]]}}, {"type": "Feature", "properties": {"layer": "building", "distance_m": 46.7, "source": "Microsoft ML Buildings", "in_industrial_zone": false, "ghsl_2018": 1}, "geometry": {"type": "Polygon", "coordinates": [[[73.1664546, 22.276761399999998], [73.1663339, 22.276762200000004], [73.16633299999998, 22.276655399999996], [73.1664537, 22.276654600000004], [73.1664546, 22.276761399999998]]]}}, {"type": "Feature", "properties": {"layer": "building", "distance_m": 49.5, "source": "Microsoft ML Buildings", "in_industrial_zone": false, "ghsl_2018": 1}, "geometry": {"type": "Polygon", "coordinates": [[[73.1665881, 22.276758600000004], [73.1664782, 22.2767604], [73.1664762, 22.276656200000005], [73.16658609999999, 22.2766544], [73.1665881, 22.276758600000004]]]}}, {"type": "Feature", "properties": {"layer": "building", "distance_m": 57.1, "source": "Microsoft ML Buildings", "in_industrial_zone": false, "ghsl_2018": 1}, "geometry": {"type": "Polygon", "coordinates": [[[73.1667144, 22.276666900000002], [73.1668201, 22.2766696], [73.16681689999999, 22.276775199999996], [73.1667113, 22.276772499999993], [73.1667144, 22.276666900000002]]]}}, {"type": "Feature", "properties": {"layer": "building", "distance_m": 39.9, "source": "Microsoft ML Buildings", "in_industrial_zone": false, "ghsl_2018": 1}, "geometry": {"type": "Polygon", "coordinates": [[[73.1667038, 22.276772499999996], [73.16670139999998, 22.276866800000004], [73.166503, 22.276862499999993], [73.16650540000002, 22.2767682], [73.1667038, 22.276772499999996]]]}}, {"type": "Feature", "properties": {"layer": "building", "distance_m": 37.8, "source": "Microsoft ML Buildings", "in_industrial_zone": false, "ghsl_2018": 1}, "geometry": {"type": "Polygon", "coordinates": [[[73.1664086, 22.276765299999997], [73.1664987, 22.276764400000005], [73.1664998, 22.276851199999996], [73.1664097, 22.2768522], [73.1664086, 22.276765299999997]]]}}, {"type": "Feature", "properties": {"layer": "building", "distance_m": 42.5, "source": "Microsoft ML Buildings", "in_industrial_zone": false, "ghsl_2018": 1}, "geometry": {"type": "Polygon", "coordinates": [[[73.1669315, 22.2770158], [73.1669302, 22.276918999999992], [73.1669543, 22.276918700000003], [73.1669557, 22.2770155], [73.1669315, 22.2770158]]]}}, {"type": "Feature", "properties": {"layer": "building", "distance_m": 33.4, "source": "Microsoft ML Buildings", "in_industrial_zone": false, "ghsl_2018": 1}, "geometry": {"type": "Polygon", "coordinates": [[[73.1670301, 22.276923699999998], [73.1670232, 22.277125999999992], [73.16692139999999, 22.27712309999999], [73.16692480000002, 22.277024900000008], [73.1669585, 22.277025899999998], [73.166962, 22.2769217], [73.1670301, 22.276923699999998]]]}}, {"type": "Feature", "properties": {"layer": "building", "distance_m": 51.9, "source": "Microsoft ML Buildings", "in_industrial_zone": false, "ghsl_2018": 1}, "geometry": {"type": "Polygon", "coordinates": [[[73.1670679, 22.2769298], [73.16711609999999, 22.276931800000003], [73.1671129, 22.2769962], [73.1670647, 22.276994199999997], [73.1670679, 22.2769298]]]}}, {"type": "Feature", "properties": {"layer": "building", "distance_m": 65.1, "source": "Microsoft ML Buildings", "in_industrial_zone": false, "ghsl_2018": 1}, "geometry": {"type": "Polygon", "coordinates": [[[73.1671107, 22.276803000000005], [73.1672125, 22.276805699999997], [73.1672101, 22.276885], [73.16710829999998, 22.2768824], [73.1671107, 22.276803000000005]]]}}, {"type": "Feature", "properties": {"layer": "building", "distance_m": 55.3, "source": "Microsoft ML Buildings", "in_industrial_zone": false, "ghsl_2018": 1}, "geometry": {"type": "Polygon", "coordinates": [[[73.1669306, 22.2768763], [73.1669346, 22.276787100000004], [73.16703359999998, 22.276790900000005], [73.1670296, 22.27688010000001], [73.1669306, 22.2768763]]]}}, {"type": "Feature", "properties": {"layer": "building", "distance_m": 60.6, "source": "Microsoft ML Buildings", "in_industrial_zone": false, "ghsl_2018": 1}, "geometry": {"type": "Polygon", "coordinates": [[[73.1670718, 22.2767842], [73.16706939999999, 22.27688489999999], [73.1670356, 22.2768842], [73.16703810000001, 22.276783499999993], [73.1670718, 22.2767842]]]}}, {"type": "Feature", "properties": {"layer": "building", "distance_m": 46.7, "source": "Microsoft ML Buildings", "in_industrial_zone": false, "ghsl_2018": 1}, "geometry": {"type": "Polygon", "coordinates": [[[73.16689540000002, 22.2768779], [73.16670629999999, 22.276871999999994], [73.16670969999998, 22.276777799999994], [73.1668988, 22.2767836], [73.16689540000002, 22.2768779]]]}}, {"type": "Feature", "properties": {"layer": "building", "distance_m": 64.8, "source": "Microsoft ML Buildings", "in_industrial_zone": false, "ghsl_2018": 1}, "geometry": {"type": "Polygon", "coordinates": [[[73.1668922, 22.2767581], [73.16683230000001, 22.276742900000002], [73.16685769999998, 22.276657499999995], [73.1669176, 22.276672800000004], [73.1668922, 22.2767581]]]}}, {"type": "Feature", "properties": {"layer": "building", "distance_m": 75.9, "source": "Microsoft ML Buildings", "in_industrial_zone": false, "ghsl_2018": 1}, "geometry": {"type": "Polygon", "coordinates": [[[73.1667646, 22.2765267], [73.1669226, 22.276533100000016], [73.1669182, 22.276624800000004], [73.16679079999999, 22.276619599999986], [73.166793, 22.276575], [73.1667624, 22.27657370000001], [73.1667646, 22.2765267]]]}}, {"type": "Feature", "properties": {"layer": "building", "distance_m": 85.8, "source": "Microsoft ML Buildings", "in_industrial_zone": false, "ghsl_2018": 1}, "geometry": {"type": "Polygon", "coordinates": [[[73.1670737, 22.276624999999996], [73.16702989999999, 22.2766145], [73.1670523, 22.2765344], [73.16709609999998, 22.276544899999998], [73.1670737, 22.276624999999996]]]}}, {"type": "Feature", "properties": {"layer": "building", "distance_m": 65.4, "source": "Microsoft ML Buildings", "in_industrial_zone": false, "ghsl_2018": 1}, "geometry": {"type": "Polygon", "coordinates": [[[73.1669281, 22.2766636], [73.1671237, 22.276669799999997], [73.1671197, 22.276777400000007], [73.16692409999999, 22.276771199999995], [73.1669281, 22.2766636]]]}}, {"type": "Feature", "properties": {"layer": "building", "distance_m": 130.6, "source": "Google Open Buildings", "in_industrial_zone": false, "ghsl_2018": 1}, "geometry": {"type": "Polygon", "coordinates": [[[73.1669545, 22.276126799999997], [73.16700429999999, 22.2761287], [73.1670034, 22.276150100000006], [73.1669536, 22.2761482], [73.1669545, 22.276126799999997]]]}}, {"type": "Feature", "properties": {"layer": "building", "distance_m": 90.8, "source": "Microsoft ML Buildings", "in_industrial_zone": false, "ghsl_2018": 1}, "geometry": {"type": "Polygon", "coordinates": [[[73.1667625, 22.2764634], [73.1667647, 22.276419899999997], [73.16681279999999, 22.276421899999992], [73.1668107, 22.276465400000003], [73.1667625, 22.2764634]]]}}, {"type": "Feature", "properties": {"layer": "building", "distance_m": 81.4, "source": "Microsoft ML Buildings", "in_industrial_zone": false, "ghsl_2018": 1}, "geometry": {"type": "Polygon", "coordinates": [[[73.1668129, 22.2765295], [73.166691, 22.276528099999997], [73.1666926, 22.276409], [73.1667543, 22.2764097], [73.1667535, 22.276469300000002], [73.1668137, 22.27647], [73.1668129, 22.2765295]]]}}, {"type": "Feature", "properties": {"layer": "building", "distance_m": 95.3, "source": "Microsoft ML Buildings", "in_industrial_zone": false, "ghsl_2018": 1}, "geometry": {"type": "Polygon", "coordinates": [[[73.1667711, 22.276276299999996], [73.1667686, 22.276375500000004], [73.1666346, 22.276372699999996], [73.16663729999999, 22.276265999999996], [73.1666962, 22.276267199999996], [73.166696, 22.2762747], [73.1667711, 22.276276299999996]]]}}, {"type": "Feature", "properties": {"layer": "building", "distance_m": 94.0, "source": "Microsoft ML Buildings", "in_industrial_zone": false, "ghsl_2018": 1}, "geometry": {"type": "Polygon", "coordinates": [[[73.1665709, 22.2763662], [73.166574, 22.27627199999999], [73.166633, 22.276273699999997], [73.16662980000001, 22.276367900000004], [73.1665709, 22.2763662]]]}}, {"type": "Feature", "properties": {"layer": "building", "distance_m": 78.4, "source": "Microsoft ML Buildings", "in_industrial_zone": false, "ghsl_2018": 1}, "geometry": {"type": "Polygon", "coordinates": [[[73.1665832, 22.276517999999996], [73.166591, 22.2763944], [73.16665249999998, 22.2763977], [73.1666447, 22.276521299999995], [73.1665832, 22.276517999999996]]]}}, {"type": "Feature", "properties": {"layer": "building", "distance_m": 104.4, "source": "Microsoft ML Buildings", "in_industrial_zone": false, "ghsl_2018": 1}, "geometry": {"type": "Polygon", "coordinates": [[[73.1666225, 22.276160300000008], [73.1666187, 22.276259500000005], [73.16650089999999, 22.276255599999992], [73.1665046, 22.276156500000003], [73.1666225, 22.276160300000008]]]}}, {"type": "Feature", "properties": {"layer": "building", "distance_m": 92.7, "source": "Microsoft ML Buildings", "in_industrial_zone": false, "ghsl_2018": 1}, "geometry": {"type": "Polygon", "coordinates": [[[73.1665691, 22.276260399999998], [73.166564, 22.276357000000004], [73.16639010000002, 22.27634910000001], [73.1664006, 22.2761486], [73.16648889999999, 22.276152600000003], [73.1664834, 22.276256599999996], [73.1665691, 22.276260399999998]]]}}, {"type": "Feature", "properties": {"layer": "building", "distance_m": 117.7, "source": "Microsoft ML Buildings", "in_industrial_zone": false, "ghsl_2018": 1}, "geometry": {"type": "Polygon", "coordinates": [[[73.16646839999999, 22.2760276], [73.16659709999999, 22.276029499999996], [73.1665955, 22.276126199999997], [73.16640389999999, 22.276123400000003], [73.16640589999999, 22.276006799999994], [73.1664688, 22.276007700000005], [73.16646839999999, 22.2760276]]]}}, {"type": "Feature", "properties": {"layer": "building", "distance_m": 106.0, "source": "Microsoft ML Buildings", "in_industrial_zone": false, "ghsl_2018": 1}, "geometry": {"type": "Polygon", "coordinates": [[[73.1668984, 22.276266699999997], [73.16662639999998, 22.276268999999996], [73.1666253, 22.276162299999992], [73.1668974, 22.27616], [73.1668984, 22.276266699999997]]]}}, {"type": "Feature", "properties": {"layer": "building", "distance_m": 134.4, "source": "Microsoft ML Buildings", "in_industrial_zone": false, "ghsl_2018": 1}, "geometry": {"type": "Polygon", "coordinates": [[[73.1668243, 22.276030999999993], [73.1667158, 22.276025999999998], [73.1667338, 22.2756942], [73.1667888, 22.275696800000006], [73.1667863, 22.275742800000007], [73.1668398, 22.275745300000008], [73.1668243, 22.276030999999993]]]}}, {"type": "Feature", "properties": {"layer": "building", "distance_m": 133.8, "source": "Microsoft ML Buildings", "in_industrial_zone": false, "ghsl_2018": 1}, "geometry": {"type": "Polygon", "coordinates": [[[73.166477, 22.275978400000003], [73.16637509999998, 22.275976899999993], [73.1663772, 22.275852899999997], [73.1664791, 22.275854400000004], [73.166477, 22.275978400000003]]]}}, {"type": "Feature", "properties": {"layer": "building", "distance_m": 129.8, "source": "Microsoft ML Buildings", "in_industrial_zone": false, "ghsl_2018": 1}, "geometry": {"type": "Polygon", "coordinates": [[[73.1665776, 22.2760238], [73.1664731, 22.2760201], [73.1664881, 22.275660700000007], [73.1665925, 22.275664400000004], [73.1665776, 22.2760238]]]}}, {"type": "Feature", "properties": {"layer": "building", "distance_m": 147.8, "source": "Microsoft ML Buildings", "in_industrial_zone": false, "ghsl_2018": 1}, "geometry": {"type": "Polygon", "coordinates": [[[73.1664754, 22.275849600000004], [73.1663923, 22.275851], [73.1663908, 22.275784100000003], [73.1663736, 22.275784400000003], [73.16637089999999, 22.275655300000004], [73.16647129999998, 22.275653500000004], [73.1664754, 22.275849600000004]]]}}, {"type": "Feature", "properties": {"layer": "building", "distance_m": 153.8, "source": "Microsoft ML Buildings", "in_industrial_zone": false, "ghsl_2018": 1}, "geometry": {"type": "Polygon", "coordinates": [[[73.1667202, 22.2756711], [73.16671620000001, 22.275823400000004], [73.1666129, 22.275821200000003], [73.16661679999999, 22.275668799999995], [73.1667202, 22.2756711]]]}}, {"type": "Feature", "properties": {"layer": "building", "distance_m": 138.4, "source": "Microsoft ML Buildings", "in_industrial_zone": false, "ghsl_2018": 1}, "geometry": {"type": "Polygon", "coordinates": [[[73.1668693, 22.275735600000004], [73.1669658, 22.275737199999995], [73.1669602, 22.276039899999997], [73.16686369999998, 22.276038399999997], [73.1668693, 22.275735600000004]]]}}, {"type": "Feature", "properties": {"layer": "building", "distance_m": 158.9, "source": "Microsoft ML Buildings", "in_industrial_zone": false, "ghsl_2018": 1}, "geometry": {"type": "Polygon", "coordinates": [[[73.16721149999998, 22.2757164], [73.1672062, 22.275934700000004], [73.167115, 22.275932800000007], [73.1671203, 22.2757145], [73.16721149999998, 22.2757164]]]}}, {"type": "Feature", "properties": {"layer": "building", "distance_m": 184.5, "source": "Microsoft ML Buildings", "in_industrial_zone": false, "ghsl_2018": 1}, "geometry": {"type": "Polygon", "coordinates": [[[73.1671246, 22.275650299999995], [73.1670173, 22.275647599999996], [73.1670205, 22.275539900000002], [73.1671277, 22.2755427], [73.1671246, 22.275650299999995]]]}}, {"type": "Feature", "properties": {"layer": "building", "distance_m": 169.5, "source": "Microsoft ML Buildings", "in_industrial_zone": false, "ghsl_2018": 1}, "geometry": {"type": "Polygon", "coordinates": [[[73.1673164, 22.2758673], [73.16721179999999, 22.275865799999995], [73.1672143, 22.2757144], [73.1673189, 22.2757159], [73.1673164, 22.2758673]]]}}, {"type": "Feature", "properties": {"layer": "building", "distance_m": 150.3, "source": "Microsoft ML Buildings", "in_industrial_zone": false, "ghsl_2018": 1}, "geometry": {"type": "Polygon", "coordinates": [[[73.1672257, 22.275934800000005], [73.1672165, 22.275934500000005], [73.1672185, 22.2758701], [73.1673269, 22.2758729], [73.16732119999999, 22.2760589], [73.1672221, 22.276056300000004], [73.1672257, 22.275934800000005]]]}}, {"type": "Feature", "properties": {"layer": "building", "distance_m": 217.3, "source": "Microsoft ML Buildings", "in_industrial_zone": false, "ghsl_2018": 1}, "geometry": {"type": "Polygon", "coordinates": [[[73.1679563, 22.275697900000004], [73.1678909, 22.2757008], [73.1678867, 22.275618999999992], [73.1679521, 22.2756162], [73.1679563, 22.275697900000004]]]}}, {"type": "Feature", "properties": {"layer": "building", "distance_m": 193.1, "source": "Microsoft ML Buildings", "in_industrial_zone": false, "ghsl_2018": 1}, "geometry": {"type": "Polygon", "coordinates": [[[73.1685259, 22.2762811], [73.1686454, 22.276281999999995], [73.1686434, 22.276502000000008], [73.1685239, 22.2765011], [73.1685259, 22.2762811]]]}}, {"type": "Feature", "properties": {"layer": "building", "distance_m": 186.2, "source": "Microsoft ML Buildings", "in_industrial_zone": false, "ghsl_2018": 0}, "geometry": {"type": "Polygon", "coordinates": [[[73.1681953, 22.2762348], [73.1681939, 22.276198599999997], [73.1683451, 22.2761936], [73.1683464, 22.276229899999997], [73.1681953, 22.2762348]]]}}, {"type": "Feature", "properties": {"layer": "building", "distance_m": 186.0, "source": "Microsoft ML Buildings", "in_industrial_zone": false, "ghsl_2018": 1}, "geometry": {"type": "Polygon", "coordinates": [[[73.1685428, 22.2765332], [73.1686579, 22.276538000000002], [73.1686524, 22.276649500000005], [73.1685373, 22.2766446], [73.1685428, 22.2765332]]]}}, {"type": "Feature", "properties": {"layer": "building", "distance_m": 181.2, "source": "Microsoft ML Buildings", "in_industrial_zone": false, "ghsl_2018": 1}, "geometry": {"type": "Polygon", "coordinates": [[[73.1686713, 22.276789699999995], [73.1685641, 22.2767925], [73.1685598, 22.276653699999997], [73.168667, 22.276650800000002], [73.1686713, 22.276789699999995]]]}}, {"type": "Feature", "properties": {"layer": "building", "distance_m": 90.6, "source": "Google Open Buildings", "in_industrial_zone": false, "ghsl_2018": 1}, "geometry": {"type": "Polygon", "coordinates": [[[73.16750979999999, 22.2767535], [73.1675314, 22.276754699999998], [73.16752739999998, 22.276821099999996], [73.1675057, 22.276820000000008], [73.16750979999999, 22.2767535]]]}}, {"type": "Feature", "properties": {"layer": "building", "distance_m": 87.1, "source": "Microsoft ML Buildings", "in_industrial_zone": false, "ghsl_2018": 1}, "geometry": {"type": "Polygon", "coordinates": [[[73.1673148, 22.276595900000004], [73.1673141, 22.276645499999997], [73.167113, 22.276643300000003], [73.1671141, 22.2765604], [73.16715429999999, 22.276560799999995], [73.1671545, 22.276545900000002], [73.1672445, 22.276546900000003], [73.1672439, 22.276595100000005], [73.1673148, 22.276595900000004]]]}}, {"type": "Feature", "properties": {"layer": "building", "distance_m": 68.8, "source": "Microsoft ML Buildings", "in_industrial_zone": false, "ghsl_2018": 1}, "geometry": {"type": "Polygon", "coordinates": [[[73.16721499999998, 22.276887200000004], [73.1672184, 22.2767969], [73.16714340000001, 22.2767945], [73.16714780000001, 22.276676500000004], [73.16727800000001, 22.276680699999996], [73.1672731, 22.2768096], [73.1673535, 22.27681219999999], [73.1673505, 22.276891499999998], [73.16721499999998, 22.276887200000004]]]}}, {"type": "Feature", "properties": {"layer": "building", "distance_m": 72.9, "source": "Google Open Buildings", "in_industrial_zone": false, "ghsl_2018": 1}, "geometry": {"type": "Polygon", "coordinates": [[[73.16751549999998, 22.276952800000004], [73.1675568, 22.2769557], [73.1675493, 22.277048800000003], [73.1675081, 22.2770459], [73.16751549999998, 22.276952800000004]]]}}, {"type": "Feature", "properties": {"layer": "building", "distance_m": 47.1, "source": "Microsoft ML Buildings", "in_industrial_zone": false, "ghsl_2018": 1}, "geometry": {"type": "Polygon", "coordinates": [[[73.1674565, 22.27703929999999], [73.16745200000001, 22.277226900000002], [73.1673394, 22.277224599999997], [73.1673439, 22.277036999999996], [73.1674565, 22.27703929999999]]]}}, {"type": "Feature", "properties": {"layer": "building", "distance_m": 100.6, "source": "Google Open Buildings", "in_industrial_zone": true, "ghsl_2018": 0}, "geometry": {"type": "Polygon", "coordinates": [[[73.16790640000002, 22.277762700000004], [73.16794230000002, 22.2777612], [73.16794550000002, 22.277828200000002], [73.1679096, 22.2778297], [73.16790640000002, 22.277762700000004]]]}}, {"type": "Feature", "properties": {"layer": "building", "distance_m": 94.8, "source": "Microsoft ML Buildings", "in_industrial_zone": true, "ghsl_2018": 0}, "geometry": {"type": "Polygon", "coordinates": [[[73.1678508, 22.277752500000002], [73.1678882, 22.2777505], [73.167892, 22.277812400000002], [73.1678545, 22.277814299999996], [73.1678508, 22.277752500000002]]]}}, {"type": "Feature", "properties": {"layer": "building", "distance_m": 117.9, "source": "Google Open Buildings", "in_industrial_zone": true, "ghsl_2018": 1}, "geometry": {"type": "Polygon", "coordinates": [[[73.1685938, 22.2783812], [73.16861770000001, 22.278379000000005], [73.1686238, 22.278436800000005], [73.1685999, 22.278439], [73.1685938, 22.2783812]]]}}, {"type": "Feature", "properties": {"layer": "building", "distance_m": 92.9, "source": "Google Open Buildings", "in_industrial_zone": true, "ghsl_2018": 1}, "geometry": {"type": "Polygon", "coordinates": [[[73.16846820000002, 22.278899899999992], [73.1685732, 22.278895800000004], [73.1685783, 22.2790061], [73.1684733, 22.2790103], [73.16846820000002, 22.278899899999992]]]}}, {"type": "Feature", "properties": {"layer": "building", "distance_m": 96.0, "source": "Google Open Buildings", "in_industrial_zone": true, "ghsl_2018": 1}, "geometry": {"type": "Polygon", "coordinates": [[[73.16850650000002, 22.2790762], [73.1685436, 22.279071099999996], [73.1685514, 22.2791207], [73.1685143, 22.279125800000006], [73.16850650000002, 22.2790762]]]}}, {"type": "Feature", "properties": {"layer": "building", "distance_m": 89.9, "source": "Microsoft ML Buildings", "in_industrial_zone": true, "ghsl_2018": 1}, "geometry": {"type": "Polygon", "coordinates": [[[73.16849189999999, 22.279114600000003], [73.16844890000002, 22.2791143], [73.1684493, 22.279072099999997], [73.16849219999999, 22.279072400000004], [73.16849189999999, 22.279114600000003]]]}}, {"type": "Feature", "properties": {"layer": "building", "distance_m": 22.5, "source": "Microsoft ML Buildings", "in_industrial_zone": false, "ghsl_2018": 1}, "geometry": {"type": "Polygon", "coordinates": [[[73.16602520000002, 22.277794399999998], [73.1660293, 22.277906000000005], [73.1659517, 22.277908400000005], [73.1659475, 22.277796900000006], [73.16602520000002, 22.277794399999998]]]}}, {"type": "Feature", "properties": {"layer": "building", "distance_m": 22.8, "source": "Microsoft ML Buildings", "in_industrial_zone": false, "ghsl_2018": 1}, "geometry": {"type": "Polygon", "coordinates": [[[73.1660656, 22.2777944], [73.1660185, 22.277792200000004], [73.16602479999999, 22.277678300000005], [73.1660719, 22.2776805], [73.1660656, 22.2777944]]]}}, {"type": "Feature", "properties": {"layer": "building", "distance_m": 40.9, "source": "Microsoft ML Buildings", "in_industrial_zone": false, "ghsl_2018": 1}, "geometry": {"type": "Polygon", "coordinates": [[[73.1658939, 22.277656099999998], [73.1658741, 22.277797700000004], [73.1656499, 22.277770900000004], [73.16568479999998, 22.277520799999998], [73.16588689999999, 22.277544900000006], [73.1658718, 22.277653400000002], [73.1658939, 22.277656099999998]]]}}, {"type": "Feature", "properties": {"layer": "building", "distance_m": 52.6, "source": "Microsoft ML Buildings", "in_industrial_zone": false, "ghsl_2018": 1}, "geometry": {"type": "Polygon", "coordinates": [[[73.1657081, 22.277789499999997], [73.1656916, 22.277899], [73.16563379999998, 22.277891599999997], [73.1656502, 22.277782000000002], [73.1657081, 22.277789499999997]]]}}, {"type": "Feature", "properties": {"layer": "building", "distance_m": 45.0, "source": "Microsoft ML Buildings", "in_industrial_zone": false, "ghsl_2018": 1}, "geometry": {"type": "Polygon", "coordinates": [[[73.16574290000001, 22.277911400000004], [73.1657373, 22.278022899999996], [73.1656276, 22.2780181], [73.1656332, 22.277906700000003], [73.16574290000001, 22.277911400000004]]]}}, {"type": "Feature", "properties": {"layer": "building", "distance_m": 32.2, "source": "Microsoft ML Buildings", "in_industrial_zone": false, "ghsl_2018": 1}, "geometry": {"type": "Polygon", "coordinates": [[[73.165777, 22.277923099999995], [73.1657776, 22.277908200000002], [73.1657027, 22.277905600000004], [73.16570740000002, 22.2777891], [73.1658708, 22.277794799999995], [73.16586119999998, 22.2780303], [73.1657434, 22.2780262], [73.16574760000002, 22.277922099999998], [73.165777, 22.277923099999995]]]}}, {"type": "Feature", "properties": {"layer": "building", "distance_m": 29.3, "source": "Microsoft ML Buildings", "in_industrial_zone": false, "ghsl_2018": 1}, "geometry": {"type": "Polygon", "coordinates": [[[73.165947, 22.277791500000003], [73.1659399, 22.277906700000003], [73.16588380000002, 22.2779037], [73.1658908, 22.2777885], [73.165947, 22.277791500000003]]]}}, {"type": "Feature", "properties": {"layer": "building", "distance_m": 22.4, "source": "Microsoft ML Buildings", "in_industrial_zone": false, "ghsl_2018": 1}, "geometry": {"type": "Polygon", "coordinates": [[[73.16595550000001, 22.2781864], [73.16595350000001, 22.278285600000004], [73.1658677, 22.2782842], [73.1658697, 22.278185000000008], [73.16595550000001, 22.2781864]]]}}, {"type": "Feature", "properties": {"layer": "building", "distance_m": 33.9, "source": "Microsoft ML Buildings", "in_industrial_zone": false, "ghsl_2018": 1}, "geometry": {"type": "Polygon", "coordinates": [[[73.1657912, 22.27829970000001], [73.1657945, 22.2781697], [73.1658444, 22.2781707], [73.1658411, 22.278300800000004], [73.1657912, 22.27829970000001]]]}}, {"type": "Feature", "properties": {"layer": "building", "distance_m": 33.5, "source": "Microsoft ML Buildings", "in_industrial_zone": false, "ghsl_2018": 1}, "geometry": {"type": "Polygon", "coordinates": [[[73.1658477, 22.2781633], [73.1657728, 22.278166500000008], [73.16577879999998, 22.2782903], [73.1656182, 22.278297000000002], [73.16560660000002, 22.2780592], [73.165695, 22.2780555], [73.1656946, 22.278048099999996], [73.1658418, 22.278042000000003], [73.1658477, 22.2781633]]]}}, {"type": "Feature", "properties": {"layer": "building", "distance_m": 38.0, "source": "Microsoft ML Buildings", "in_industrial_zone": false, "ghsl_2018": 1}, "geometry": {"type": "Polygon", "coordinates": [[[73.1655917, 22.278669000000004], [73.1656105, 22.278668600000003], [73.165602, 22.2782989], [73.1657495, 22.278295999999997], [73.1657498, 22.278308399999997], [73.1658302, 22.2783069], [73.16584130000001, 22.2787906], [73.1656858, 22.278793700000005], [73.1656887, 22.278922700000006], [73.1655976, 22.2789245], [73.1655917, 22.278669000000004]]]}}, {"type": "Feature", "properties": {"layer": "building", "distance_m": 29.2, "source": "Google Open Buildings", "in_industrial_zone": false, "ghsl_2018": 1}, "geometry": {"type": "Polygon", "coordinates": [[[73.1661021, 22.278442500000004], [73.1661608, 22.278444099999998], [73.1661593, 22.278491900000002], [73.1661006, 22.278490300000005], [73.1661021, 22.278442500000004]]]}}, {"type": "Feature", "properties": {"layer": "building", "distance_m": 56.6, "source": "Google Open Buildings", "in_industrial_zone": false, "ghsl_2018": 1}, "geometry": {"type": "Polygon", "coordinates": [[[73.16611300000001, 22.2786898], [73.1661564, 22.278691100000007], [73.1661525, 22.278801400000003], [73.1661092, 22.2788001], [73.16611300000001, 22.2786898]]]}}, {"type": "Feature", "properties": {"layer": "building", "distance_m": 35.9, "source": "Google Open Buildings", "in_industrial_zone": false, "ghsl_2018": 1}, "geometry": {"type": "Polygon", "coordinates": [[[73.1661073, 22.278508799999997], [73.166155, 22.278504300000005], [73.1661586, 22.2785385], [73.1661109, 22.2785429], [73.1661073, 22.278508799999997]]]}}, {"type": "Feature", "properties": {"layer": "building", "distance_m": 69.2, "source": "Microsoft ML Buildings", "in_industrial_zone": false, "ghsl_2018": 1}, "geometry": {"type": "Polygon", "coordinates": [[[73.1659183, 22.2787907], [73.16603629999999, 22.2787919], [73.1660347, 22.278930900000002], [73.1659167, 22.2789297], [73.1659183, 22.2787907]]]}}, {"type": "Feature", "properties": {"layer": "building", "distance_m": 76.5, "source": "Microsoft ML Buildings", "in_industrial_zone": false, "ghsl_2018": 1}, "geometry": {"type": "Polygon", "coordinates": [[[73.1657852, 22.2787992], [73.1658405, 22.278798100000007], [73.1658435, 22.2789296], [73.1657882, 22.278930699999997], [73.1657852, 22.2787992]]]}}, {"type": "Feature", "properties": {"layer": "building", "distance_m": 80.1, "source": "Microsoft ML Buildings", "in_industrial_zone": false, "ghsl_2018": 1}, "geometry": {"type": "Polygon", "coordinates": [[[73.1657828, 22.278929900000005], [73.165697, 22.2789308], [73.16569550000001, 22.278805599999995], [73.16578130000002, 22.278804699999995], [73.1657828, 22.278929900000005]]]}}, {"type": "Feature", "properties": {"layer": "building", "distance_m": 65.8, "source": "Google Open Buildings", "in_industrial_zone": false, "ghsl_2018": 1}, "geometry": {"type": "Polygon", "coordinates": [[[73.1666239, 22.2800916], [73.1666575, 22.2800943], [73.1666548, 22.280123199999995], [73.1666213, 22.280120500000002], [73.1666239, 22.2800916]]]}}, {"type": "Feature", "properties": {"layer": "building", "distance_m": 139.9, "source": "Google Open Buildings", "in_industrial_zone": false, "ghsl_2018": 0}, "geometry": {"type": "Polygon", "coordinates": [[[73.1664509, 22.280744799999997], [73.1664797, 22.280746199999996], [73.1664775, 22.280784999999998], [73.1664488, 22.280783599999992], [73.1664509, 22.280744799999997]]]}}, {"type": "Feature", "properties": {"layer": "building", "distance_m": 67.4, "source": "Google Open Buildings", "in_industrial_zone": false, "ghsl_2018": 1}, "geometry": {"type": "Polygon", "coordinates": [[[73.166939, 22.280154500000002], [73.166985, 22.280158900000004], [73.1669827, 22.2801791], [73.1669368, 22.280174600000002], [73.166939, 22.280154500000002]]]}}, {"type": "Feature", "properties": {"layer": "building", "distance_m": 67.4, "source": "Google Open Buildings", "in_industrial_zone": false, "ghsl_2018": 1}, "geometry": {"type": "Polygon", "coordinates": [[[73.1670236, 22.280150300000006], [73.1670761, 22.280166200000007], [73.1670684, 22.280188199999998], [73.1670159, 22.280172299999997], [73.1670236, 22.280150300000006]]]}}, {"type": "Feature", "properties": {"layer": "building", "distance_m": 66.8, "source": "Google Open Buildings", "in_industrial_zone": false, "ghsl_2018": 1}, "geometry": {"type": "Polygon", "coordinates": [[[73.1665471, 22.280066799999997], [73.16658219999998, 22.2800691], [73.16657789999998, 22.2801272], [73.16654279999999, 22.280125000000012], [73.1665471, 22.280066799999997]]]}}, {"type": "Feature", "properties": {"layer": "building", "distance_m": 39.7, "source": "Google Open Buildings", "in_industrial_zone": false, "ghsl_2018": 1}, "geometry": {"type": "Polygon", "coordinates": [[[73.1673817, 22.2798844], [73.1673683, 22.2799671], [73.1673391, 22.279963], [73.1673525, 22.2798803], [73.1673817, 22.2798844]]]}}, {"type": "Feature", "properties": {"layer": "building", "distance_m": 45.8, "source": "Microsoft ML Buildings", "in_industrial_zone": true, "ghsl_2018": 1}, "geometry": {"type": "Polygon", "coordinates": [[[73.1679174, 22.2799645], [73.1677888, 22.279968800000006], [73.1677854, 22.279879499999996], [73.167914, 22.279875300000008], [73.1679174, 22.2799645]]]}}, {"type": "Feature", "properties": {"layer": "building", "distance_m": 61.7, "source": "Google Open Buildings", "in_industrial_zone": true, "ghsl_2018": 1}, "geometry": {"type": "Polygon", "coordinates": [[[73.1678017, 22.280028999999995], [73.1678446, 22.280026200000002], [73.1678466, 22.280052799999996], [73.1678037, 22.280055599999997], [73.1678017, 22.280028999999995]]]}}, {"type": "Feature", "properties": {"layer": "building", "distance_m": 38.3, "source": "Microsoft ML Buildings", "in_industrial_zone": true, "ghsl_2018": 1}, "geometry": {"type": "Polygon", "coordinates": [[[73.1678159, 22.279783399999992], [73.1680276, 22.279776700000003], [73.168033, 22.279922899999995], [73.1679767, 22.2799247], [73.1679747, 22.279870200000005], [73.1678193, 22.279875099999998], [73.1678159, 22.279783399999992]]]}}, {"type": "Feature", "properties": {"layer": "building", "distance_m": 27.7, "source": "Microsoft ML Buildings", "in_industrial_zone": true, "ghsl_2018": 1}, "geometry": {"type": "Polygon", "coordinates": [[[73.16795639999998, 22.2793788], [73.1678563, 22.279375199999997], [73.1678594, 22.279300799999998], [73.16819150000002, 22.279312799999992], [73.1681889, 22.2793748], [73.1683094, 22.279379100000003], [73.1683081, 22.279411400000004], [73.1681527, 22.2794058], [73.1681512, 22.2794429], [73.1680976, 22.279441], [73.1680996, 22.279393899999995], [73.1680514, 22.279392200000004], [73.1680498, 22.2794293], [73.1679544, 22.2794259], [73.16795639999998, 22.2793788]]]}}, {"type": "Feature", "properties": {"layer": "building", "distance_m": 82.3, "source": "Microsoft ML Buildings", "in_industrial_zone": true, "ghsl_2018": 1}, "geometry": {"type": "Polygon", "coordinates": [[[73.1683103, 22.279928399999992], [73.1682738, 22.2799225], [73.1682811, 22.279884000000003], [73.1683175, 22.279889899999997], [73.1683103, 22.279928399999992]]]}}, {"type": "Feature", "properties": {"layer": "building", "distance_m": 87.7, "source": "Google Open Buildings", "in_industrial_zone": true, "ghsl_2018": 1}, "geometry": {"type": "Polygon", "coordinates": [[[73.1683371, 22.279891599999992], [73.1683726, 22.279895499999995], [73.1683675, 22.279934999999995], [73.1683321, 22.279931099999995], [73.1683371, 22.279891599999992]]]}}, {"type": "Feature", "properties": {"layer": "building", "distance_m": 62.8, "source": "Google Open Buildings", "in_industrial_zone": true, "ghsl_2018": 1}, "geometry": {"type": "Polygon", "coordinates": [[[73.1681, 22.279822599999996], [73.1681546, 22.279819499999995], [73.1681568, 22.279852699999992], [73.1681022, 22.279855900000005], [73.1681, 22.279822599999996]]]}}, {"type": "Feature", "properties": {"layer": "building", "distance_m": 62.8, "source": "Microsoft ML Buildings", "in_industrial_zone": true, "ghsl_2018": 1}, "geometry": {"type": "Polygon", "coordinates": [[[73.16803750000001, 22.279994799999997], [73.1680016, 22.279993800000003], [73.1680037, 22.27992529999999], [73.1680396, 22.2799263], [73.16803750000001, 22.279994799999997]]]}}, {"type": "Feature", "properties": {"layer": "building", "distance_m": 73.9, "source": "Microsoft ML Buildings", "in_industrial_zone": true, "ghsl_2018": 1}, "geometry": {"type": "Polygon", "coordinates": [[[73.1680786, 22.2800843], [73.168075, 22.2801462], [73.16796, 22.2801405], [73.1679636, 22.280078599999996], [73.1680786, 22.2800843]]]}}, {"type": "Feature", "properties": {"layer": "building", "distance_m": 86.8, "source": "Microsoft ML Buildings", "in_industrial_zone": true, "ghsl_2018": 1}, "geometry": {"type": "Polygon", "coordinates": [[[73.1680624, 22.2802191], [73.1680717, 22.2801517], [73.1681176, 22.280157100000007], [73.16810830000001, 22.280224500000003], [73.1680624, 22.2802191]]]}}, {"type": "Feature", "properties": {"layer": "building", "distance_m": 107.7, "source": "Google Open Buildings", "in_industrial_zone": true, "ghsl_2018": 1}, "geometry": {"type": "Polygon", "coordinates": [[[73.1682687, 22.280248500000003], [73.1683055, 22.2802517], [73.1683016, 22.2802911], [73.1682648, 22.280288000000006], [73.1682687, 22.280248500000003]]]}}, {"type": "Feature", "properties": {"layer": "building", "distance_m": 155.9, "source": "Google Open Buildings", "in_industrial_zone": true, "ghsl_2018": 1}, "geometry": {"type": "Polygon", "coordinates": [[[73.1685801, 22.280573399999998], [73.1686066, 22.2805753], [73.1686034, 22.2806144], [73.1685769, 22.280612599999998], [73.1685801, 22.280573399999998]]]}}, {"type": "Feature", "properties": {"layer": "building", "distance_m": 120.4, "source": "Microsoft ML Buildings", "in_industrial_zone": true, "ghsl_2018": 1}, "geometry": {"type": "Polygon", "coordinates": [[[73.1678756, 22.280841800000005], [73.1677766, 22.280823999999996], [73.1678297, 22.280571400000003], [73.1683821, 22.280670699999995], [73.1683167, 22.280701099999998], [73.1682476, 22.2806887], [73.1682366, 22.2807409], [73.1682258, 22.280721], [73.1682198, 22.280749799999995], [73.168295, 22.280763300000007], [73.1682358, 22.2807909], [73.1682032, 22.280785], [73.1681918, 22.280839199999996], [73.1682366, 22.280921599999996], [73.1680476, 22.280887600000003], [73.1680597, 22.280830000000005], [73.1680395, 22.280792800000004], [73.168014, 22.2808047], [73.1680005, 22.280869099999997], [73.16798690000002, 22.2808442], [73.1679974, 22.280794200000003], [73.1679833, 22.2807917], [73.1678756, 22.280841800000005]]]}}, {"type": "Feature", "properties": {"layer": "building", "distance_m": 72.2, "source": "Google Open Buildings", "in_industrial_zone": true, "ghsl_2018": 1}, "geometry": {"type": "Polygon", "coordinates": [[[73.1677932, 22.280130999999997], [73.167868, 22.280126299999996], [73.16787559999999, 22.280229600000002], [73.16780069999999, 22.280234300000014], [73.1677932, 22.280130999999997]]]}}, {"type": "Feature", "properties": {"layer": "building", "distance_m": 66.4, "source": "Microsoft ML Buildings", "in_industrial_zone": false, "ghsl_2018": 1}, "geometry": {"type": "Polygon", "coordinates": [[[73.16728579999999, 22.280140900000003], [73.1672763, 22.2802194], [73.1675254, 22.28024509999999], [73.16751350000001, 22.280343399999992], [73.1674477, 22.280368599999992], [73.1673641, 22.28036], [73.1672518, 22.28040299999999], [73.1672416, 22.280401900000005], [73.1670427, 22.2804782], [73.1670324, 22.280477100000002], [73.1670148, 22.280437799999998], [73.1672248, 22.2803573], [73.16723300000001, 22.280289400000004], [73.1671933, 22.2802853], [73.1671777, 22.280250399999993], [73.16719209999998, 22.280131300000004], [73.16728579999999, 22.280140900000003]]]}}, {"type": "Feature", "properties": {"layer": "building", "distance_m": 171.0, "source": "Google Open Buildings", "in_industrial_zone": false, "ghsl_2018": 1}, "geometry": {"type": "Polygon", "coordinates": [[[73.1674228, 22.2810636], [73.1675102, 22.281074999999994], [73.167503, 22.281122500000002], [73.1674157, 22.2811111], [73.1674228, 22.2810636]]]}}, {"type": "Feature", "properties": {"layer": "building", "distance_m": 212.5, "source": "Microsoft ML Buildings", "in_industrial_zone": true, "ghsl_2018": 1}, "geometry": {"type": "Polygon", "coordinates": [[[73.1676338, 22.281532400000003], [73.1676402, 22.2814335], [73.1677109, 22.2814374], [73.1677118, 22.2814226], [73.1677733, 22.281426000000003], [73.1677698, 22.281480399999992], [73.1678702, 22.281486000000005], [73.167863, 22.281594800000004], [73.1677733, 22.281589800000003], [73.1677766, 22.281540399999997], [73.1676338, 22.281532400000003]]]}}, {"type": "Feature", "properties": {"layer": "building", "distance_m": 230.7, "source": "Google Open Buildings", "in_industrial_zone": true, "ghsl_2018": 1}, "geometry": {"type": "Polygon", "coordinates": [[[73.1679161, 22.281567799999998], [73.1679303, 22.281596300000004], [73.1678947, 22.281611700000003], [73.16788040000002, 22.281583099999995], [73.1679161, 22.281567799999998]]]}}, {"type": "Feature", "properties": {"layer": "building", "distance_m": 203.9, "source": "Google Open Buildings", "in_industrial_zone": true, "ghsl_2018": 1}, "geometry": {"type": "Polygon", "coordinates": [[[73.1678186, 22.281349899999995], [73.1678457, 22.281333099999998], [73.1678788, 22.281379300000008], [73.1678517, 22.2813961], [73.1678186, 22.281349899999995]]]}}, {"type": "Feature", "properties": {"layer": "building", "distance_m": 179.9, "source": "Microsoft ML Buildings", "in_industrial_zone": true, "ghsl_2018": 1}, "geometry": {"type": "Polygon", "coordinates": [[[73.16821110000001, 22.2811657], [73.1680591, 22.2811315], [73.16807570000002, 22.281068199999993], [73.1682277, 22.281102399999998], [73.16821110000001, 22.2811657]]]}}, {"type": "Feature", "properties": {"layer": "building", "distance_m": 192.8, "source": "Microsoft ML Buildings", "in_industrial_zone": true, "ghsl_2018": 1}, "geometry": {"type": "Polygon", "coordinates": [[[73.1681636, 22.2813753], [73.1680102, 22.281338600000005], [73.1680506, 22.2811944], [73.1682039, 22.2812311], [73.1681636, 22.2813753]]]}}, {"type": "Feature", "properties": {"layer": "building", "distance_m": 197.9, "source": "Microsoft ML Buildings", "in_industrial_zone": true, "ghsl_2018": 1}, "geometry": {"type": "Polygon", "coordinates": [[[73.1683655, 22.281143], [73.1684674, 22.281158399999995], [73.168452, 22.2812454], [73.1683501, 22.28123], [73.1683655, 22.281143]]]}}, {"type": "Feature", "properties": {"layer": "building", "distance_m": 223.8, "source": "Microsoft ML Buildings", "in_industrial_zone": true, "ghsl_2018": 1}, "geometry": {"type": "Polygon", "coordinates": [[[73.1682557, 22.281465799999996], [73.1683171, 22.281481200000005], [73.1683394, 22.281404799999994], [73.168448, 22.281432], [73.1683764, 22.281677099999996], [73.1682489, 22.2816453], [73.1682685, 22.281578199999995], [73.16822600000002, 22.281567600000002], [73.1682557, 22.281465799999996]]]}}, {"type": "Feature", "properties": {"layer": "building", "distance_m": 277.0, "source": "Google Open Buildings", "in_industrial_zone": false, "ghsl_2018": 1}, "geometry": {"type": "Polygon", "coordinates": [[[73.1681104, 22.281961199999998], [73.1681487, 22.28197459999999], [73.1681381, 22.282000600000003], [73.1680999, 22.281987199999996], [73.1681104, 22.281961199999998]]]}}, {"type": "Feature", "properties": {"layer": "building", "distance_m": 287.6, "source": "Google Open Buildings", "in_industrial_zone": false, "ghsl_2018": 1}, "geometry": {"type": "Polygon", "coordinates": [[[73.1679546, 22.282081799999993], [73.1680975, 22.282120399999993], [73.1680784, 22.282181500000004], [73.1680551, 22.282175200000005], [73.1680474, 22.282199900000005], [73.1679608, 22.282176499999995], [73.1679685, 22.282151800000005], [73.1679356, 22.282142899999997], [73.1679546, 22.282081799999993]]]}}, {"type": "Feature", "properties": {"layer": "building", "distance_m": 329.3, "source": "Microsoft ML Buildings", "in_industrial_zone": false, "ghsl_2018": 1}, "geometry": {"type": "Polygon", "coordinates": [[[73.168771, 22.282517499999997], [73.16859690000001, 22.282462499999994], [73.1686523, 22.282312100000002], [73.1688264, 22.282367099999995], [73.168771, 22.282517499999997]]]}}, {"type": "Feature", "properties": {"layer": "building", "distance_m": 352.0, "source": "Google Open Buildings", "in_industrial_zone": false, "ghsl_2018": 1}, "geometry": {"type": "Polygon", "coordinates": [[[73.1687206, 22.2825072], [73.168783, 22.2825281], [73.1687521, 22.2826083], [73.1686896, 22.282587400000004], [73.1687206, 22.2825072]]]}}, {"type": "Feature", "properties": {"layer": "building", "distance_m": 349.8, "source": "Google Open Buildings", "in_industrial_zone": false, "ghsl_2018": 1}, "geometry": {"type": "Polygon", "coordinates": [[[73.1686748, 22.2825011], [73.168703, 22.282505799999992], [73.1686938, 22.282553800000006], [73.16866560000001, 22.282549099999994], [73.1686748, 22.2825011]]]}}, {"type": "Feature", "properties": {"layer": "building", "distance_m": 352.3, "source": "Google Open Buildings", "in_industrial_zone": false, "ghsl_2018": 1}, "geometry": {"type": "Polygon", "coordinates": [[[73.1686193, 22.282540899999997], [73.1686984, 22.282555399999996], [73.1686921, 22.282585299999997], [73.168613, 22.282570800000002], [73.1686193, 22.282540899999997]]]}}, {"type": "Feature", "properties": {"layer": "building", "distance_m": 348.7, "source": "Google Open Buildings", "in_industrial_zone": false, "ghsl_2018": 1}, "geometry": {"type": "Polygon", "coordinates": [[[73.1684551, 22.2825517], [73.1684849, 22.2825601], [73.1684711, 22.282602699999995], [73.1684413, 22.282594299999996], [73.1684551, 22.2825517]]]}}, {"type": "Feature", "properties": {"layer": "building", "distance_m": 338.7, "source": "Google Open Buildings", "in_industrial_zone": false, "ghsl_2018": 1}, "geometry": {"type": "Polygon", "coordinates": [[[73.1683206, 22.282500600000002], [73.1682916, 22.282590899999995], [73.1682679, 22.282584299999996], [73.1682968, 22.282494000000003], [73.1683206, 22.282500600000002]]]}}, {"type": "Feature", "properties": {"layer": "building", "distance_m": 322.6, "source": "Microsoft ML Buildings", "in_industrial_zone": false, "ghsl_2018": 1}, "geometry": {"type": "Polygon", "coordinates": [[[73.1682309, 22.282455800000005], [73.1682379, 22.282356999999994], [73.1683875, 22.282366], [73.1683805, 22.282464899999997], [73.1682309, 22.282455800000005]]]}}, {"type": "Feature", "properties": {"layer": "building", "distance_m": 345.1, "source": "Microsoft ML Buildings", "in_industrial_zone": false, "ghsl_2018": 1}, "geometry": {"type": "Polygon", "coordinates": [[[73.1679089, 22.2826754], [73.1679182, 22.282608500000002], [73.168058, 22.282625100000004], [73.1680488, 22.282692], [73.1679089, 22.2826754]]]}}, {"type": "Feature", "properties": {"layer": "building", "distance_m": 333.3, "source": "Google Open Buildings", "in_industrial_zone": false, "ghsl_2018": 1}, "geometry": {"type": "Polygon", "coordinates": [[[73.1679525, 22.282497500000005], [73.1680114, 22.282516], [73.1679942, 22.282563400000004], [73.1679352, 22.282544800000004], [73.1679525, 22.282497500000005]]]}}, {"type": "Feature", "properties": {"layer": "building", "distance_m": 274.5, "source": "Microsoft ML Buildings", "in_industrial_zone": false, "ghsl_2018": 1}, "geometry": {"type": "Polygon", "coordinates": [[[73.1678317, 22.282163599999993], [73.1675866, 22.2820982], [73.1676206, 22.2819891], [73.1678657, 22.2820545], [73.1678317, 22.282163599999993]]]}}, {"type": "Feature", "properties": {"layer": "building", "distance_m": 306.1, "source": "Google Open Buildings", "in_industrial_zone": false, "ghsl_2018": 1}, "geometry": {"type": "Polygon", "coordinates": [[[73.16772690000002, 22.2822687], [73.1677691, 22.282277800000003], [73.16776409999999, 22.282297800000002], [73.1677219, 22.282288699999995], [73.16772690000002, 22.2822687]]]}}, {"type": "Feature", "properties": {"layer": "building", "distance_m": 353.9, "source": "Microsoft ML Buildings", "in_industrial_zone": false, "ghsl_2018": 1}, "geometry": {"type": "Polygon", "coordinates": [[[73.1671917, 22.282780900000002], [73.1671694, 22.282822800000005], [73.1670756, 22.28278], [73.16709799999998, 22.282738100000003], [73.1671917, 22.282780900000002]]]}}, {"type": "Feature", "properties": {"layer": "building", "distance_m": 329.3, "source": "Google Open Buildings", "in_industrial_zone": false, "ghsl_2018": 1}, "geometry": {"type": "Polygon", "coordinates": [[[73.1670628, 22.282532599999996], [73.1670333, 22.282599900000005], [73.1669964, 22.282586000000002], [73.1670259, 22.2825186], [73.1670628, 22.282532599999996]]]}}, {"type": "Feature", "properties": {"layer": "building", "distance_m": 315.8, "source": "Google Open Buildings", "in_industrial_zone": false, "ghsl_2018": 1}, "geometry": {"type": "Polygon", "coordinates": [[[73.1669355, 22.282398499999996], [73.1669781, 22.2824118], [73.1669664, 22.282444299999998], [73.16692379999999, 22.282430999999995], [73.1669355, 22.282398499999996]]]}}, {"type": "Feature", "properties": {"layer": "building", "distance_m": 344.4, "source": "Google Open Buildings", "in_industrial_zone": false, "ghsl_2018": 1}, "geometry": {"type": "Polygon", "coordinates": [[[73.1668759, 22.282656799999998], [73.16691909999999, 22.282660199999995], [73.16691399999999, 22.282716200000003], [73.16687079999998, 22.2827129], [73.1668759, 22.282656799999998]]]}}, {"type": "Feature", "properties": {"layer": "building", "distance_m": 327.7, "source": "Google Open Buildings", "in_industrial_zone": false, "ghsl_2018": 1}, "geometry": {"type": "Polygon", "coordinates": [[[73.1664182, 22.282470999999997], [73.1664712, 22.2825093], [73.16644489999999, 22.2825408], [73.16639190000001, 22.282502499999996], [73.1664182, 22.282470999999997]]]}}, {"type": "Feature", "properties": {"layer": "building", "distance_m": 276.9, "source": "Microsoft ML Buildings", "in_industrial_zone": false, "ghsl_2018": 1}, "geometry": {"type": "Polygon", "coordinates": [[[73.1664379, 22.2821989], [73.166289, 22.282096], [73.1663687, 22.281997200000003], [73.16651759999999, 22.282100099999994], [73.1664379, 22.2821989]]]}}, {"type": "Feature", "properties": {"layer": "building", "distance_m": 236.5, "source": "Microsoft ML Buildings", "in_industrial_zone": false, "ghsl_2018": 1}, "geometry": {"type": "Polygon", "coordinates": [[[73.1663003, 22.281768500000005], [73.1662304, 22.281707199999996], [73.1663262, 22.281613600000004], [73.1663961, 22.281674800000005], [73.1663003, 22.281768500000005]]]}}, {"type": "Feature", "properties": {"layer": "building", "distance_m": 234.0, "source": "Microsoft ML Buildings", "in_industrial_zone": false, "ghsl_2018": 1}, "geometry": {"type": "Polygon", "coordinates": [[[73.1659911, 22.28163779999999], [73.1660867, 22.281517899999994], [73.1661962, 22.281592599999996], [73.16610059999998, 22.281712499999994], [73.1659911, 22.28163779999999]]]}}, {"type": "Feature", "properties": {"layer": "building", "distance_m": 223.0, "source": "Microsoft ML Buildings", "in_industrial_zone": false, "ghsl_2018": 1}, "geometry": {"type": "Polygon", "coordinates": [[[73.1661081, 22.2814332], [73.1660034, 22.281602500000005], [73.1658943, 22.281544599999993], [73.16599909999998, 22.28137540000001], [73.1661081, 22.2814332]]]}}, {"type": "Feature", "properties": {"layer": "building", "distance_m": 230.6, "source": "Microsoft ML Buildings", "in_industrial_zone": false, "ghsl_2018": 1}, "geometry": {"type": "Polygon", "coordinates": [[[73.1663658, 22.2815881], [73.1663261, 22.2816248], [73.1662966, 22.281597499999993], [73.1663363, 22.28156079999999], [73.1663658, 22.2815881]]]}}, {"type": "Feature", "properties": {"layer": "building", "distance_m": 204.0, "source": "Microsoft ML Buildings", "in_industrial_zone": false, "ghsl_2018": 1}, "geometry": {"type": "Polygon", "coordinates": [[[73.16619789999999, 22.281378300000004], [73.16604779999999, 22.281382300000004], [73.1660459, 22.2813217], [73.1660781, 22.281320800000003], [73.1660765, 22.2812688], [73.1661944, 22.2812656], [73.16619789999999, 22.281378300000004]]]}}, {"type": "Feature", "properties": {"layer": "building", "distance_m": 207.5, "source": "Microsoft ML Buildings", "in_industrial_zone": false, "ghsl_2018": 1}, "geometry": {"type": "Polygon", "coordinates": [[[73.16591669999998, 22.2813465], [73.165804, 22.2812746], [73.1658875, 22.281162699999996], [73.1660001, 22.2812346], [73.16591669999998, 22.2813465]]]}}, {"type": "Feature", "properties": {"layer": "building", "distance_m": 198.9, "source": "Microsoft ML Buildings", "in_industrial_zone": false, "ghsl_2018": 1}, "geometry": {"type": "Polygon", "coordinates": [[[73.1658027, 22.281221], [73.16568319999999, 22.2811425], [73.1657857, 22.28100879999999], [73.16590530000002, 22.281087299999992], [73.1658027, 22.281221]]]}}, {"type": "Feature", "properties": {"layer": "building", "distance_m": 218.6, "source": "Microsoft ML Buildings", "in_industrial_zone": false, "ghsl_2018": 1}, "geometry": {"type": "Polygon", "coordinates": [[[73.1656943, 22.2814116], [73.16555589999999, 22.2813631], [73.1656357, 22.281167700000005], [73.1657742, 22.281216200000003], [73.1656943, 22.2814116]]]}}, {"type": "Feature", "properties": {"layer": "building", "distance_m": 233.6, "source": "Google Open Buildings", "in_industrial_zone": false, "ghsl_2018": 1}, "geometry": {"type": "Polygon", "coordinates": [[[73.1657699, 22.281377299999996], [73.1657155, 22.281439800000005], [73.1656889, 22.281419699999997], [73.16574339999998, 22.281357199999995], [73.1657699, 22.281377299999996]]]}}, {"type": "Feature", "properties": {"layer": "building", "distance_m": 261.3, "source": "Google Open Buildings", "in_industrial_zone": false, "ghsl_2018": 1}, "geometry": {"type": "Polygon", "coordinates": [[[73.1656976, 22.281620699999994], [73.165749, 22.28164779999999], [73.1657268, 22.281684099999996], [73.1656755, 22.281657], [73.1656976, 22.281620699999994]]]}}, {"type": "Feature", "properties": {"layer": "building", "distance_m": 275.7, "source": "Google Open Buildings", "in_industrial_zone": false, "ghsl_2018": 1}, "geometry": {"type": "Polygon", "coordinates": [[[73.1654764, 22.281650600000003], [73.1658213, 22.2818836], [73.1657577, 22.281965099999997], [73.1654128, 22.2817321], [73.1654764, 22.281650600000003]]]}}, {"type": "Feature", "properties": {"layer": "building", "distance_m": 278.8, "source": "Google Open Buildings", "in_industrial_zone": false, "ghsl_2018": 1}, "geometry": {"type": "Polygon", "coordinates": [[[73.1659114, 22.28188859999999], [73.1660313, 22.281969899999993], [73.16596369999999, 22.2820564], [73.16584380000002, 22.281975099999993], [73.1659114, 22.28188859999999]]]}}, {"type": "Feature", "properties": {"layer": "building", "distance_m": 300.3, "source": "Microsoft ML Buildings", "in_industrial_zone": false, "ghsl_2018": 1}, "geometry": {"type": "Polygon", "coordinates": [[[73.1661676, 22.282380899999996], [73.1662473, 22.2821882], [73.1664836, 22.282271999999992], [73.1664307, 22.2823997], [73.16648219999999, 22.28241790000001], [73.16645529999998, 22.2824828], [73.1661676, 22.282380899999996]]]}}, {"type": "Feature", "properties": {"layer": "building", "distance_m": 354.0, "source": "OpenStreetMap", "in_industrial_zone": false, "ghsl_2018": 1}, "geometry": {"type": "Polygon", "coordinates": [[[73.16594389999999, 22.2826907], [73.1657092, 22.2828335], [73.1656427, 22.282739799999998], [73.16587739999999, 22.282597099999997], [73.16594389999999, 22.2826907]]]}}, {"type": "Feature", "properties": {"layer": "building", "distance_m": 343.8, "source": "Microsoft ML Buildings", "in_industrial_zone": false, "ghsl_2018": 1}, "geometry": {"type": "Polygon", "coordinates": [[[73.1655957, 22.28240179999999], [73.1657408, 22.282463599999993], [73.1656573, 22.282631599999995], [73.1655754, 22.2825967], [73.16560439999999, 22.2825382], [73.16554130000002, 22.282511299999992], [73.1655957, 22.28240179999999]]]}}, {"type": "Feature", "properties": {"layer": "building", "distance_m": 367.1, "source": "Google Open Buildings", "in_industrial_zone": false, "ghsl_2018": 1}, "geometry": {"type": "Polygon", "coordinates": [[[73.16560619999998, 22.282632999999997], [73.1656725, 22.282719599999993], [73.1655917, 22.2827732], [73.16552529999998, 22.2826866], [73.16560619999998, 22.282632999999997]]]}}, {"type": "Feature", "properties": {"layer": "building", "distance_m": 357.3, "source": "Google Open Buildings", "in_industrial_zone": false, "ghsl_2018": 1}, "geometry": {"type": "Polygon", "coordinates": [[[73.16544309999999, 22.282472400000003], [73.16557899999998, 22.283032799999997], [73.16541569999998, 22.283067099999997], [73.165338, 22.282747], [73.1653081, 22.282753299999996], [73.16525549999999, 22.282536300000004], [73.16533629999999, 22.282519400000005], [73.16533069999998, 22.282495999999995], [73.16544309999999, 22.282472400000003]]]}}, {"type": "Feature", "properties": {"layer": "building", "distance_m": 340.9, "source": "Microsoft ML Buildings", "in_industrial_zone": false, "ghsl_2018": 1}, "geometry": {"type": "Polygon", "coordinates": [[[73.16553769999999, 22.2823493], [73.16554019999998, 22.282398900000004], [73.1654106, 22.282404600000003], [73.16540799999999, 22.282355099999993], [73.16553769999999, 22.2823493]]]}}, {"type": "Feature", "properties": {"layer": "building", "distance_m": 361.5, "source": "Google Open Buildings", "in_industrial_zone": false, "ghsl_2018": 1}, "geometry": {"type": "Polygon", "coordinates": [[[73.1648707, 22.282228000000003], [73.164912, 22.282232099999998], [73.1649079, 22.2822673], [73.16486659999998, 22.2822632], [73.1648707, 22.282228000000003]]]}}, {"type": "Feature", "properties": {"layer": "building", "distance_m": 377.6, "source": "Google Open Buildings", "in_industrial_zone": false, "ghsl_2018": 1}, "geometry": {"type": "Polygon", "coordinates": [[[73.1647878, 22.282329299999997], [73.16478170000002, 22.282405099999995], [73.1647523, 22.282403000000002], [73.16475839999998, 22.2823272], [73.1647878, 22.282329299999997]]]}}, {"type": "Feature", "properties": {"layer": "building", "distance_m": 403.0, "source": "Microsoft ML Buildings", "in_industrial_zone": false, "ghsl_2018": 1}, "geometry": {"type": "Polygon", "coordinates": [[[73.1646004, 22.282563299999996], [73.16452559999999, 22.28255960000001], [73.16452989999999, 22.2824853], [73.1646048, 22.282489100000003], [73.1646004, 22.282563299999996]]]}}, {"type": "Feature", "properties": {"layer": "building", "distance_m": 424.3, "source": "Microsoft ML Buildings", "in_industrial_zone": false, "ghsl_2018": 1}, "geometry": {"type": "Polygon", "coordinates": [[[73.1643621, 22.282624599999995], [73.16428009999998, 22.2826336], [73.1642709, 22.2825613], [73.16435290000001, 22.282552300000006], [73.1643621, 22.282624599999995]]]}}, {"type": "Feature", "properties": {"layer": "building", "distance_m": 446.3, "source": "Microsoft ML Buildings", "in_industrial_zone": false, "ghsl_2018": 1}, "geometry": {"type": "Polygon", "coordinates": [[[73.1641526, 22.28272249999999], [73.16405290000002, 22.282745699999992], [73.16403029999998, 22.282662900000005], [73.16413009999998, 22.282639699999997], [73.1641526, 22.28272249999999]]]}}, {"type": "Feature", "properties": {"layer": "building", "distance_m": 404.7, "source": "Microsoft ML Buildings", "in_industrial_zone": false, "ghsl_2018": 1}, "geometry": {"type": "Polygon", "coordinates": [[[73.1643504, 22.282540799999996], [73.1643008, 22.28238689999999], [73.16439929999999, 22.282359700000004], [73.1644489, 22.28251360000001], [73.1643504, 22.282540799999996]]]}}, {"type": "Feature", "properties": {"layer": "building", "distance_m": 390.2, "source": "Microsoft ML Buildings", "in_industrial_zone": false, "ghsl_2018": 1}, "geometry": {"type": "Polygon", "coordinates": [[[73.16430290000001, 22.282219], [73.1642074, 22.2822365], [73.16417709999999, 22.282095700000003], [73.1642726, 22.282078100000003], [73.16430290000001, 22.282219]]]}}, {"type": "Feature", "properties": {"layer": "building", "distance_m": 407.5, "source": "Microsoft ML Buildings", "in_industrial_zone": false, "ghsl_2018": 1}, "geometry": {"type": "Polygon", "coordinates": [[[73.1639158, 22.282069699999997], [73.16400319999998, 22.2820453], [73.1640897, 22.282310199999998], [73.1640023, 22.282334699999996], [73.1639158, 22.282069699999997]]]}}, {"type": "Feature", "properties": {"layer": "building", "distance_m": 386.3, "source": "Microsoft ML Buildings", "in_industrial_zone": false, "ghsl_2018": 1}, "geometry": {"type": "Polygon", "coordinates": [[[73.1641456, 22.282009399999996], [73.1641399, 22.281970399999995], [73.16420160000001, 22.281962499999995], [73.1642074, 22.282001500000003], [73.1641456, 22.282009399999996]]]}}, {"type": "Feature", "properties": {"layer": "building", "distance_m": 347.6, "source": "Google Open Buildings", "in_industrial_zone": false, "ghsl_2018": 1}, "geometry": {"type": "Polygon", "coordinates": [[[73.1644184, 22.2816661], [73.16443160000001, 22.2816979], [73.1643181, 22.281738599999994], [73.16434949999999, 22.281814399999995], [73.16421419999999, 22.281863], [73.1641696, 22.2817554], [73.1644184, 22.2816661]]]}}, {"type": "Feature", "properties": {"layer": "building", "distance_m": 378.3, "source": "Google Open Buildings", "in_industrial_zone": false, "ghsl_2018": 1}, "geometry": {"type": "Polygon", "coordinates": [[[73.1640505, 22.281781800000005], [73.16409419999998, 22.2817672], [73.16409869999998, 22.281778900000003], [73.1641204, 22.281771599999995], [73.1641778, 22.281920400000004], [73.16411239999998, 22.2819423], [73.16410109999998, 22.2819129], [73.16405119999999, 22.2819296], [73.16401819999999, 22.281844199999995], [73.1640681, 22.281827499999995], [73.1640505, 22.281781800000005]]]}}, {"type": "Feature", "properties": {"layer": "building", "distance_m": 344.2, "source": "Microsoft ML Buildings", "in_industrial_zone": false, "ghsl_2018": 1}, "geometry": {"type": "Polygon", "coordinates": [[[73.1642811, 22.281492400000005], [73.1642444, 22.281502999999997], [73.16426789999998, 22.281573100000003], [73.16405739999999, 22.2816335], [73.1640279, 22.281545200000004], [73.1640572, 22.281536800000005], [73.1640329, 22.281464299999996], [73.16399129999999, 22.281476300000005], [73.1639549, 22.281367599999996], [73.1640234, 22.2813479], [73.16404319999998, 22.281406800000003], [73.1641435, 22.281378], [73.16415829999998, 22.281422199999998], [73.1641828, 22.281415200000005], [73.16420129999999, 22.2814706], [73.16426739999999, 22.281451700000005], [73.1642811, 22.281492400000005]]]}}, {"type": "Feature", "properties": {"layer": "building", "distance_m": 349.7, "source": "Microsoft ML Buildings", "in_industrial_zone": false, "ghsl_2018": 1}, "geometry": {"type": "Polygon", "coordinates": [[[73.16412119999998, 22.281381799999995], [73.16405019999999, 22.281397600000005], [73.16403769999998, 22.281349500000005], [73.1641087, 22.2813337], [73.16412119999998, 22.281381799999995]]]}}, {"type": "Feature", "properties": {"layer": "building", "distance_m": 350.2, "source": "Microsoft ML Buildings", "in_industrial_zone": false, "ghsl_2018": 1}, "geometry": {"type": "Polygon", "coordinates": [[[73.16408039999999, 22.2813411], [73.16400550000002, 22.281351499999996], [73.16399739999999, 22.281301699999997], [73.1640723, 22.281291300000003], [73.16408039999999, 22.2813411]]]}}, {"type": "Feature", "properties": {"layer": "building", "distance_m": 347.5, "source": "Microsoft ML Buildings", "in_industrial_zone": false, "ghsl_2018": 1}, "geometry": {"type": "Polygon", "coordinates": [[[73.16400090000002, 22.2812452], [73.1640675, 22.281239699999993], [73.16407229999999, 22.2812889], [73.1640057, 22.281294499999998], [73.16400090000002, 22.2812452]]]}}, {"type": "Feature", "properties": {"layer": "building", "distance_m": 278.8, "source": "Microsoft ML Buildings", "in_industrial_zone": false, "ghsl_2018": 1}, "geometry": {"type": "Polygon", "coordinates": [[[73.1648488, 22.281181900000004], [73.1647326, 22.2813437], [73.1645122, 22.281208200000002], [73.1646205, 22.2810575], [73.1647719, 22.281150699999998], [73.16477989999998, 22.281139600000007], [73.1648488, 22.281181900000004]]]}}, {"type": "Feature", "properties": {"layer": "building", "distance_m": 272.6, "source": "Microsoft ML Buildings", "in_industrial_zone": false, "ghsl_2018": 1}, "geometry": {"type": "Polygon", "coordinates": [[[73.16507639999999, 22.28132490000001], [73.16499459999999, 22.2814788], [73.16473659999998, 22.281361500000003], [73.1647785, 22.2812826], [73.16480969999999, 22.281296799999996], [73.16486169999999, 22.2811988], [73.1649309, 22.2812303], [73.1649187, 22.2812532], [73.16507639999999, 22.28132490000001]]]}}, {"type": "Feature", "properties": {"layer": "building", "distance_m": 269.5, "source": "Microsoft ML Buildings", "in_industrial_zone": false, "ghsl_2018": 1}, "geometry": {"type": "Polygon", "coordinates": [[[73.1650582, 22.2813761], [73.1652858, 22.281457200000006], [73.16521389999998, 22.2816301], [73.1649863, 22.2815491], [73.1650582, 22.2813761]]]}}, {"type": "Feature", "properties": {"layer": "building", "distance_m": 290.1, "source": "Google Open Buildings", "in_industrial_zone": false, "ghsl_2018": 1}, "geometry": {"type": "Polygon", "coordinates": [[[73.16553309999999, 22.2818361], [73.1655856, 22.281860099999996], [73.16557109999998, 22.2818876], [73.16551859999998, 22.2818636], [73.16553309999999, 22.2818361]]]}}, {"type": "Feature", "properties": {"layer": "building", "distance_m": 250.7, "source": "Microsoft ML Buildings", "in_industrial_zone": false, "ghsl_2018": 1}, "geometry": {"type": "Polygon", "coordinates": [[[73.1656057, 22.281465299999994], [73.1655102, 22.281587600000005], [73.16539309999999, 22.2815094], [73.1654886, 22.281387000000002], [73.1656057, 22.281465299999994]]]}}, {"type": "Feature", "properties": {"layer": "building", "distance_m": 251.9, "source": "Microsoft ML Buildings", "in_industrial_zone": false, "ghsl_2018": 1}, "geometry": {"type": "Polygon", "coordinates": [[[73.16532449999998, 22.281456500000008], [73.1652157, 22.2813833], [73.16530239999999, 22.281272799999996], [73.16541129999999, 22.281346000000003], [73.16532449999998, 22.281456500000008]]]}}, {"type": "Feature", "properties": {"layer": "building", "distance_m": 224.9, "source": "Microsoft ML Buildings", "in_industrial_zone": false, "ghsl_2018": 1}, "geometry": {"type": "Polygon", "coordinates": [[[73.1653229, 22.281135300000003], [73.16530949999999, 22.281159999999996], [73.1651638, 22.2810923], [73.1652385, 22.28095459999999], [73.1654334, 22.281045199999994], [73.1653721, 22.2811582], [73.1653229, 22.281135300000003]]]}}, {"type": "Feature", "properties": {"layer": "building", "distance_m": 211.9, "source": "Microsoft ML Buildings", "in_industrial_zone": false, "ghsl_2018": 1}, "geometry": {"type": "Polygon", "coordinates": [[[73.16550919999999, 22.280970600000003], [73.1656268, 22.281044299999998], [73.1654874, 22.2812349], [73.16543219999998, 22.281200300000002], [73.16544089999998, 22.28118840000001], [73.1654023, 22.2811642], [73.165505, 22.2810239], [73.16548109999998, 22.2810089], [73.16550919999999, 22.280970600000003]]]}}, {"type": "Feature", "properties": {"layer": "building", "distance_m": 230.6, "source": "Microsoft ML Buildings", "in_industrial_zone": false, "ghsl_2018": 1}, "geometry": {"type": "Polygon", "coordinates": [[[73.165124, 22.2810022], [73.16508769999999, 22.2810509], [73.1650078, 22.280999899999994], [73.1651157, 22.2808554], [73.1652355, 22.280931999999993], [73.165164, 22.2810278], [73.165124, 22.2810022]]]}}, {"type": "Feature", "properties": {"layer": "building", "distance_m": 238.2, "source": "Microsoft ML Buildings", "in_industrial_zone": false, "ghsl_2018": 1}, "geometry": {"type": "Polygon", "coordinates": [[[73.1649105, 22.280631300000003], [73.16484, 22.2807967], [73.16476339999998, 22.280768700000003], [73.1647575, 22.280782600000002], [73.164718, 22.2807681], [73.1647945, 22.280588899999998], [73.1649105, 22.280631300000003]]]}}, {"type": "Feature", "properties": {"layer": "building", "distance_m": 195.6, "source": "Google Open Buildings", "in_industrial_zone": false, "ghsl_2018": 1}, "geometry": {"type": "Polygon", "coordinates": [[[73.1650997, 22.280434999999997], [73.1652703, 22.280442600000004], [73.1652661, 22.280523300000002], [73.1652132, 22.2805209], [73.16521429999999, 22.280499100000007], [73.1651298, 22.280495300000002], [73.1651311, 22.2804704], [73.165098, 22.2804689], [73.1650997, 22.280434999999997]]]}}, {"type": "Feature", "properties": {"layer": "building", "distance_m": 193.2, "source": "Google Open Buildings", "in_industrial_zone": false, "ghsl_2018": 1}, "geometry": {"type": "Polygon", "coordinates": [[[73.1650805, 22.280316099999997], [73.1651762, 22.2803134], [73.16517899999998, 22.2803996], [73.165269, 22.280397000000004], [73.16527000000002, 22.280428699999995], [73.16508450000002, 22.280433999999993], [73.1650805, 22.280316099999997]]]}}, {"type": "Feature", "properties": {"layer": "building", "distance_m": 215.7, "source": "Google Open Buildings", "in_industrial_zone": false, "ghsl_2018": 1}, "geometry": {"type": "Polygon", "coordinates": [[[73.1647855, 22.280200599999993], [73.1649322, 22.280193900000008], [73.1649418, 22.280374900000005], [73.1648729, 22.2803781], [73.16487139999998, 22.280349499999996], [73.16482819999999, 22.280351500000002], [73.16482709999998, 22.2803306], [73.1647925, 22.280332200000004], [73.1647855, 22.280200599999993]]]}}, {"type": "Feature", "properties": {"layer": "building", "distance_m": 207.9, "source": "Google Open Buildings", "in_industrial_zone": false, "ghsl_2018": 1}, "geometry": {"type": "Polygon", "coordinates": [[[73.1649365, 22.280274200000004], [73.1650444, 22.280269199999996], [73.1650498, 22.280369999999998], [73.1649418, 22.280374900000005], [73.1649365, 22.280274200000004]]]}}, {"type": "Feature", "properties": {"layer": "building", "distance_m": 183.2, "source": "Google Open Buildings", "in_industrial_zone": false, "ghsl_2018": 1}, "geometry": {"type": "Polygon", "coordinates": [[[73.16525449999999, 22.280159000000005], [73.16526089999999, 22.280307], [73.16506489999999, 22.2803143], [73.16505860000001, 22.2801663], [73.16525449999999, 22.280159000000005]]]}}, {"type": "Feature", "properties": {"layer": "building", "distance_m": 189.0, "source": "Google Open Buildings", "in_industrial_zone": false, "ghsl_2018": 1}, "geometry": {"type": "Polygon", "coordinates": [[[73.1651762, 22.2803134], [73.1652661, 22.280310799999995], [73.165269, 22.280397000000004], [73.16517899999998, 22.2803996], [73.1651762, 22.2803134]]]}}, {"type": "Feature", "properties": {"layer": "building", "distance_m": 171.1, "source": "Google Open Buildings", "in_industrial_zone": false, "ghsl_2018": 1}, "geometry": {"type": "Polygon", "coordinates": [[[73.1653115, 22.279977000000002], [73.16531509999999, 22.2800279], [73.16519789999998, 22.280035000000005], [73.165196, 22.2800077], [73.16529260000001, 22.280001799999997], [73.16529099999997, 22.279978200000002], [73.1653115, 22.279977000000002]]]}}, {"type": "Feature", "properties": {"layer": "building", "distance_m": 289.1, "source": "Microsoft ML Buildings", "in_industrial_zone": false, "ghsl_2018": 1}, "geometry": {"type": "Polygon", "coordinates": [[[73.1640284, 22.2803131], [73.1642132, 22.280276900000004], [73.1642233, 22.280320900000003], [73.1640384, 22.2803571], [73.1640284, 22.2803131]]]}}, {"type": "Feature", "properties": {"layer": "building", "distance_m": 289.6, "source": "Google Open Buildings", "in_industrial_zone": false, "ghsl_2018": 1}, "geometry": {"type": "Polygon", "coordinates": [[[73.1642001, 22.280407499999995], [73.16428690000001, 22.280493199999995], [73.16421899999999, 22.2805529], [73.1641322, 22.2804671], [73.1642001, 22.280407499999995]]]}}, {"type": "Feature", "properties": {"layer": "building", "distance_m": 279.0, "source": "Microsoft ML Buildings", "in_industrial_zone": false, "ghsl_2018": 1}, "geometry": {"type": "Polygon", "coordinates": [[[73.1643075, 22.2804905], [73.16430389999998, 22.280383800000003], [73.1643521, 22.280382400000004], [73.1643557, 22.280489099999997], [73.1643075, 22.2804905]]]}}, {"type": "Feature", "properties": {"layer": "building", "distance_m": 237.3, "source": "Microsoft ML Buildings", "in_industrial_zone": false, "ghsl_2018": 1}, "geometry": {"type": "Polygon", "coordinates": [[[73.164714, 22.280268200000002], [73.1645479, 22.280273500000003], [73.1645452, 22.280199099999997], [73.1647113, 22.280193799999996], [73.164714, 22.280268200000002]]]}}, {"type": "Feature", "properties": {"layer": "building", "distance_m": 262.4, "source": "Google Open Buildings", "in_industrial_zone": false, "ghsl_2018": 1}, "geometry": {"type": "Polygon", "coordinates": [[[73.1645331, 22.2804857], [73.1645804, 22.280510799999995], [73.164549, 22.28056200000001], [73.16450169999999, 22.2805369], [73.1645331, 22.2804857]]]}}, {"type": "Feature", "properties": {"layer": "building", "distance_m": 263.3, "source": "Google Open Buildings", "in_industrial_zone": false, "ghsl_2018": 1}, "geometry": {"type": "Polygon", "coordinates": [[[73.16470900000002, 22.280759799999995], [73.1646462, 22.280845999999993], [73.1646122, 22.2808245], [73.164675, 22.280738399999997], [73.16470900000002, 22.280759799999995]]]}}, {"type": "Feature", "properties": {"layer": "building", "distance_m": 389.3, "source": "Google Open Buildings", "in_industrial_zone": false, "ghsl_2018": 1}, "geometry": {"type": "Polygon", "coordinates": [[[73.16328199999998, 22.280978099999995], [73.1634547, 22.2809744], [73.1634557, 22.281015100000005], [73.16328300000002, 22.281018799999995], [73.16328199999998, 22.280978099999995]]]}}, {"type": "Feature", "properties": {"layer": "building", "distance_m": 376.3, "source": "Google Open Buildings", "in_industrial_zone": false, "ghsl_2018": 1}, "geometry": {"type": "Polygon", "coordinates": [[[73.1634306, 22.280671999999996], [73.1634628, 22.2806762], [73.1634576, 22.2807103], [73.16342540000001, 22.280706199999994], [73.1634306, 22.280671999999996]]]}}, {"type": "Feature", "properties": {"layer": "building", "distance_m": 333.3, "source": "Microsoft ML Buildings", "in_industrial_zone": false, "ghsl_2018": 1}, "geometry": {"type": "Polygon", "coordinates": [[[73.1636338, 22.280168300000003], [73.16362250000002, 22.280124899999997], [73.1636909, 22.280109599999996], [73.1637022, 22.280153000000002], [73.1636338, 22.280168300000003]]]}}, {"type": "Feature", "properties": {"layer": "building", "distance_m": 326.9, "source": "Microsoft ML Buildings", "in_industrial_zone": false, "ghsl_2018": 1}, "geometry": {"type": "Polygon", "coordinates": [[[73.16374209999998, 22.2802121], [73.16381149999998, 22.28019649999999], [73.16382309999999, 22.2802411], [73.16375370000002, 22.280256599999994], [73.16374209999998, 22.2802121]]]}}, {"type": "Feature", "properties": {"layer": "building", "distance_m": 337.6, "source": "Microsoft ML Buildings", "in_industrial_zone": false, "ghsl_2018": 1}, "geometry": {"type": "Polygon", "coordinates": [[[73.16370470000001, 22.2801908], [73.1636986, 22.280269800000003], [73.1636186, 22.280264499999998], [73.1636247, 22.280185499999998], [73.16370470000001, 22.2801908]]]}}, {"type": "Feature", "properties": {"layer": "building", "distance_m": 326.9, "source": "Microsoft ML Buildings", "in_industrial_zone": false, "ghsl_2018": 1}, "geometry": {"type": "Polygon", "coordinates": [[[73.1637496, 22.2803396], [73.16384620000001, 22.280324900000004], [73.1638574, 22.2803877], [73.1637608, 22.2804025], [73.1637496, 22.2803396]]]}}, {"type": "Feature", "properties": {"layer": "building", "distance_m": 306.1, "source": "Microsoft ML Buildings", "in_industrial_zone": false, "ghsl_2018": 1}, "geometry": {"type": "Polygon", "coordinates": [[[73.164027, 22.280529699999995], [73.16381079999998, 22.280529], [73.1638113, 22.280394999999995], [73.1639213, 22.280395300000002], [73.16392109999998, 22.2804499], [73.1639559, 22.2804501], [73.1639568, 22.2802292], [73.1640282, 22.2802294], [73.164027, 22.280529699999995]]]}}, {"type": "Feature", "properties": {"layer": "building", "distance_m": 318.8, "source": "Microsoft ML Buildings", "in_industrial_zone": false, "ghsl_2018": 1}, "geometry": {"type": "Polygon", "coordinates": [[[73.1638891, 22.280235499999996], [73.1638372, 22.280237199999995], [73.1638347, 22.2801716], [73.1638866, 22.280169899999997], [73.1638891, 22.280235499999996]]]}}, {"type": "Feature", "properties": {"layer": "building", "distance_m": 312.5, "source": "Google Open Buildings", "in_industrial_zone": false, "ghsl_2018": 1}, "geometry": {"type": "Polygon", "coordinates": [[[73.1638884, 22.280162200000003], [73.1639463, 22.2801591], [73.16395210000002, 22.280251700000008], [73.16389419999999, 22.280254899999996], [73.1638884, 22.280162200000003]]]}}, {"type": "Feature", "properties": {"layer": "building", "distance_m": 375.6, "source": "Google Open Buildings", "in_industrial_zone": false, "ghsl_2018": 1}, "geometry": {"type": "Polygon", "coordinates": [[[73.1630902, 22.279988999999993], [73.16320120000002, 22.2801663], [73.163164, 22.280186399999998], [73.1630531, 22.280009200000002], [73.1630902, 22.279988999999993]]]}}, {"type": "Feature", "properties": {"layer": "building", "distance_m": 390.3, "source": "Google Open Buildings", "in_industrial_zone": false, "ghsl_2018": 0}, "geometry": {"type": "Polygon", "coordinates": [[[73.1625147, 22.279205600000004], [73.16256649999998, 22.279255099999997], [73.16253699999999, 22.279282], [73.1624851, 22.279232400000005], [73.1625147, 22.279205600000004]]]}}, {"type": "Feature", "properties": {"layer": "building", "distance_m": 415.1, "source": "Google Open Buildings", "in_industrial_zone": false, "ghsl_2018": 1}, "geometry": {"type": "Polygon", "coordinates": [[[73.1623998, 22.279585499999992], [73.162444, 22.279597599999995], [73.16243089999999, 22.2796389], [73.16238679999998, 22.2796268], [73.1623998, 22.279585499999992]]]}}, {"type": "Feature", "properties": {"layer": "building", "distance_m": 401.7, "source": "Microsoft ML Buildings", "in_industrial_zone": false, "ghsl_2018": 1}, "geometry": {"type": "Polygon", "coordinates": [[[73.1626993, 22.279890799999997], [73.16264040000002, 22.2798921], [73.1626387, 22.279823800000006], [73.1626977, 22.2798226], [73.1626993, 22.279890799999997]]]}}, {"type": "Feature", "properties": {"layer": "building", "distance_m": 428.4, "source": "Microsoft ML Buildings", "in_industrial_zone": false, "ghsl_2018": 1}, "geometry": {"type": "Polygon", "coordinates": [[[73.16235759999999, 22.279940100000008], [73.1624758, 22.279949399999992], [73.1624662, 22.2800529], [73.162348, 22.2800436], [73.16235759999999, 22.279940100000008]]]}}, {"type": "Feature", "properties": {"layer": "building", "distance_m": 449.4, "source": "Google Open Buildings", "in_industrial_zone": false, "ghsl_2018": 1}, "geometry": {"type": "Polygon", "coordinates": [[[73.1624923, 22.2803557], [73.16248539999998, 22.280424600000003], [73.16244909999999, 22.2804215], [73.162456, 22.280352500000006], [73.1624923, 22.2803557]]]}}, {"type": "Feature", "properties": {"layer": "building", "distance_m": 457.8, "source": "Google Open Buildings", "in_industrial_zone": false, "ghsl_2018": 1}, "geometry": {"type": "Polygon", "coordinates": [[[73.1624439, 22.2804742], [73.1624802, 22.2804774], [73.1624758, 22.280521500000003], [73.16243949999999, 22.280518399999995], [73.1624439, 22.2804742]]]}}, {"type": "Feature", "properties": {"layer": "building", "distance_m": 454.1, "source": "Google Open Buildings", "in_industrial_zone": false, "ghsl_2018": 1}, "geometry": {"type": "Polygon", "coordinates": [[[73.16244909999999, 22.2804215], [73.16248539999998, 22.280424600000003], [73.1624802, 22.2804774], [73.1624439, 22.2804742], [73.16244909999999, 22.2804215]]]}}, {"type": "Feature", "properties": {"layer": "building", "distance_m": 380.6, "source": "Google Open Buildings", "in_industrial_zone": false, "ghsl_2018": 1}, "geometry": {"type": "Polygon", "coordinates": [[[73.16302059999998, 22.280257799999998], [73.1632329, 22.2802604], [73.1632324, 22.280295], [73.1630201, 22.2802924], [73.16302059999998, 22.280257799999998]]]}}, {"type": "Feature", "properties": {"layer": "building", "distance_m": 388.0, "source": "Google Open Buildings", "in_industrial_zone": false, "ghsl_2018": 1}, "geometry": {"type": "Polygon", "coordinates": [[[73.16327749999999, 22.2804807], [73.16328379999999, 22.2806509], [73.16268939999999, 22.2806699], [73.1626855, 22.2805641], [73.1629491, 22.280555699999994], [73.1629468, 22.2804913], [73.1630452, 22.2804882], [73.16304629999999, 22.280518099999995], [73.163148, 22.280514899999996], [73.1631469, 22.280484900000005], [73.16327749999999, 22.2804807]]]}}, {"type": "Feature", "properties": {"layer": "building", "distance_m": 412.7, "source": "Microsoft ML Buildings", "in_industrial_zone": false, "ghsl_2018": 1}, "geometry": {"type": "Polygon", "coordinates": [[[73.16320689999999, 22.2810208], [73.1631561, 22.2810236], [73.16315239999999, 22.280968000000005], [73.1632032, 22.280965100000007], [73.16320689999999, 22.2810208]]]}}, {"type": "Feature", "properties": {"layer": "building", "distance_m": 459.5, "source": "Google Open Buildings", "in_industrial_zone": false, "ghsl_2018": 1}, "geometry": {"type": "Polygon", "coordinates": [[[73.16254439999999, 22.2805921], [73.1625393, 22.2806307], [73.16251629999998, 22.280628000000004], [73.1625214, 22.2805895], [73.16254439999999, 22.2805921]]]}}, {"type": "Feature", "properties": {"layer": "building", "distance_m": 461.4, "source": "Google Open Buildings", "in_industrial_zone": false, "ghsl_2018": 1}, "geometry": {"type": "Polygon", "coordinates": [[[73.16242859999998, 22.28052539999999], [73.16247320000001, 22.280525999999984], [73.1624717, 22.280626299999998], [73.1624271, 22.280625700000005], [73.16242859999998, 22.28052539999999]]]}}, {"type": "Feature", "properties": {"layer": "building", "distance_m": 468.7, "source": "Google Open Buildings", "in_industrial_zone": false, "ghsl_2018": 1}, "geometry": {"type": "Polygon", "coordinates": [[[73.1624285, 22.280628000000004], [73.16246479999998, 22.280631200000002], [73.1624605, 22.280674199999993], [73.1624242, 22.280671], [73.1624285, 22.280628000000004]]]}}, {"type": "Feature", "properties": {"layer": "building", "distance_m": 451.1, "source": "Google Open Buildings", "in_industrial_zone": false, "ghsl_2018": 1}, "geometry": {"type": "Polygon", "coordinates": [[[73.16280330000001, 22.2809667], [73.16289410000002, 22.281222099999997], [73.16273330000001, 22.281271600000004], [73.1626425, 22.2810162], [73.16280330000001, 22.2809667]]]}}, {"type": "Feature", "properties": {"layer": "building", "distance_m": 471.2, "source": "Google Open Buildings", "in_industrial_zone": false, "ghsl_2018": 1}, "geometry": {"type": "Polygon", "coordinates": [[[73.16271399999998, 22.281321300000002], [73.1627487, 22.2813161], [73.1627535, 22.281343600000007], [73.1627188, 22.281348800000007], [73.16271399999998, 22.281321300000002]]]}}, {"type": "Feature", "properties": {"layer": "building", "distance_m": 489.5, "source": "OpenStreetMap", "in_industrial_zone": false, "ghsl_2018": 1}, "geometry": {"type": "Polygon", "coordinates": [[[73.1625199, 22.281303599999998], [73.1624547, 22.281318299999995], [73.1624267, 22.281210599999994], [73.162499, 22.281195399999994], [73.1625199, 22.281303599999998]]]}}, {"type": "Feature", "properties": {"layer": "building", "distance_m": 456.5, "source": "Microsoft ML Buildings", "in_industrial_zone": false, "ghsl_2018": 1}, "geometry": {"type": "Polygon", "coordinates": [[[73.1627151, 22.281610100000005], [73.16282529999998, 22.281580400000003], [73.1628339, 22.281607899999997], [73.1630366, 22.2815532], [73.1631058, 22.2817728], [73.16279290000001, 22.281857199999997], [73.1627151, 22.281610100000005]]]}}, {"type": "Feature", "properties": {"layer": "building", "distance_m": 428.4, "source": "Google Open Buildings", "in_industrial_zone": false, "ghsl_2018": 1}, "geometry": {"type": "Polygon", "coordinates": [[[73.16309359999998, 22.281088099999998], [73.16313079999999, 22.281204400000004], [73.1630978, 22.2812135], [73.1630606, 22.281097199999994], [73.16309359999998, 22.281088099999998]]]}}, {"type": "Feature", "properties": {"layer": "building", "distance_m": 425.2, "source": "Google Open Buildings", "in_industrial_zone": false, "ghsl_2018": 1}, "geometry": {"type": "Polygon", "coordinates": [[[73.1631565, 22.2811471], [73.1631712, 22.281193199999997], [73.16313079999999, 22.281204400000004], [73.163116, 22.2811583], [73.1631565, 22.2811471]]]}}, {"type": "Feature", "properties": {"layer": "building", "distance_m": 359.0, "source": "Google Open Buildings", "in_industrial_zone": false, "ghsl_2018": 1}, "geometry": {"type": "Polygon", "coordinates": [[[73.16389349999999, 22.2811746], [73.1638965, 22.281205799999995], [73.16382699999997, 22.2812117], [73.1638239, 22.2811804], [73.16389349999999, 22.2811746]]]}}, {"type": "Feature", "properties": {"layer": "building", "distance_m": 471.4, "source": "Microsoft ML Buildings", "in_industrial_zone": false, "ghsl_2018": 1}, "geometry": {"type": "Polygon", "coordinates": [[[73.16334289999999, 22.282348399999997], [73.16331909999998, 22.282354099999992], [73.1632898, 22.282249400000005], [73.16335770000002, 22.282233099999996], [73.1633967, 22.282372700000003], [73.1633526, 22.282383299999996], [73.16334289999999, 22.282348399999997]]]}}, {"type": "Feature", "properties": {"layer": "building", "distance_m": 449.1, "source": "Microsoft ML Buildings", "in_industrial_zone": false, "ghsl_2018": 1}, "geometry": {"type": "Polygon", "coordinates": [[[73.163431, 22.2823274], [73.16340330000001, 22.282201100000005], [73.163581, 22.282167699999995], [73.16360869999998, 22.282293999999997], [73.163431, 22.2823274]]]}}, {"type": "Feature", "properties": {"layer": "building", "distance_m": 430.7, "source": "Microsoft ML Buildings", "in_industrial_zone": false, "ghsl_2018": 1}, "geometry": {"type": "Polygon", "coordinates": [[[73.1633776, 22.2822203], [73.1632809, 22.2822458], [73.16321470000001, 22.282031199999995], [73.16343790000002, 22.281972300000003], [73.16343399999998, 22.2819596], [73.1635183, 22.281937400000007], [73.16352829999998, 22.2819695], [73.16361750000002, 22.281945899999993], [73.16366990000002, 22.2821157], [73.16358559999999, 22.282138], [73.16358839999998, 22.2821472], [73.16337270000001, 22.282204199999992], [73.1633776, 22.2822203]]]}}, {"type": "Feature", "properties": {"layer": "building", "distance_m": 417.8, "source": "Microsoft ML Buildings", "in_industrial_zone": false, "ghsl_2018": 1}, "geometry": {"type": "Polygon", "coordinates": [[[73.16381729999999, 22.282209899999998], [73.16379639999998, 22.2820863], [73.16389479999998, 22.282072099999997], [73.16391559999998, 22.282195700000003], [73.16381729999999, 22.282209899999998]]]}}, {"type": "Feature", "properties": {"layer": "building", "distance_m": 422.8, "source": "Microsoft ML Buildings", "in_industrial_zone": false, "ghsl_2018": 1}, "geometry": {"type": "Polygon", "coordinates": [[[73.16398809999998, 22.2823489], [73.1638892, 22.2823708], [73.1638486, 22.282213499999997], [73.1639475, 22.282191599999994], [73.16398809999998, 22.2823489]]]}}, {"type": "Feature", "properties": {"layer": "building", "distance_m": 451.6, "source": "Microsoft ML Buildings", "in_industrial_zone": false, "ghsl_2018": 1}, "geometry": {"type": "Polygon", "coordinates": [[[73.1637092, 22.282433600000005], [73.1636108, 22.2824537], [73.16358040000001, 22.282325800000002], [73.16367879999999, 22.2823058], [73.1637092, 22.282433600000005]]]}}, {"type": "Feature", "properties": {"layer": "building", "distance_m": 455.7, "source": "Microsoft ML Buildings", "in_industrial_zone": false, "ghsl_2018": 1}, "geometry": {"type": "Polygon", "coordinates": [[[73.1636401, 22.282458299999995], [73.16374470000001, 22.282423599999998], [73.16377070000001, 22.282490599999996], [73.16366620000001, 22.282525399999997], [73.1636401, 22.282458299999995]]]}}, {"type": "Feature", "properties": {"layer": "building", "distance_m": 460.4, "source": "Microsoft ML Buildings", "in_industrial_zone": false, "ghsl_2018": 1}, "geometry": {"type": "Polygon", "coordinates": [[[73.1637831, 22.282557800000003], [73.1637108, 22.2825803], [73.1636897, 22.2825224], [73.163762, 22.282499800000004], [73.1637831, 22.282557800000003]]]}}, {"type": "Feature", "properties": {"layer": "building", "distance_m": 438.4, "source": "Microsoft ML Buildings", "in_industrial_zone": false, "ghsl_2018": 1}, "geometry": {"type": "Polygon", "coordinates": [[[73.16368560000001, 22.28229049999999], [73.1638079, 22.282259599999996], [73.16388559999999, 22.282523], [73.1637907, 22.2825469], [73.16375599999999, 22.282429099999998], [73.1637285, 22.282436099999998], [73.16368560000001, 22.28229049999999]]]}}, {"type": "Feature", "properties": {"layer": "building", "distance_m": 454.3, "source": "Microsoft ML Buildings", "in_industrial_zone": false, "ghsl_2018": 1}, "geometry": {"type": "Polygon", "coordinates": [[[73.1638929, 22.282765699999995], [73.1638333, 22.282603299999995], [73.1639295, 22.282573099999997], [73.16398909999998, 22.282735500000005], [73.1638929, 22.282765699999995]]]}}, {"type": "Feature", "properties": {"layer": "building", "distance_m": 463.8, "source": "Microsoft ML Buildings", "in_industrial_zone": false, "ghsl_2018": 1}, "geometry": {"type": "Polygon", "coordinates": [[[73.16345089999999, 22.282383400000004], [73.1635585, 22.282345299999992], [73.1636096, 22.2824687], [73.163502, 22.282506800000004], [73.16345089999999, 22.282383400000004]]]}}, {"type": "Feature", "properties": {"layer": "building", "distance_m": 493.6, "source": "OpenStreetMap", "in_industrial_zone": false, "ghsl_2018": 1}, "geometry": {"type": "Polygon", "coordinates": [[[73.1636439, 22.2830377], [73.163415, 22.2830629], [73.16338209999999, 22.282806299999997], [73.163611, 22.2827811], [73.1636439, 22.2830377]]]}}, {"type": "Feature", "properties": {"layer": "building", "distance_m": 472.2, "source": "OpenStreetMap", "in_industrial_zone": false, "ghsl_2018": 1}, "geometry": {"type": "Polygon", "coordinates": [[[73.16391749999998, 22.283009100000008], [73.16368849999999, 22.283034300000004], [73.1636556, 22.2827777], [73.1638846, 22.282752499999997], [73.16391749999998, 22.283009100000008]]]}}, {"type": "Feature", "properties": {"layer": "building", "distance_m": 456.2, "source": "Microsoft ML Buildings", "in_industrial_zone": false, "ghsl_2018": 1}, "geometry": {"type": "Polygon", "coordinates": [[[73.164337, 22.2833396], [73.16426910000001, 22.283349799999993], [73.1641889, 22.282892799999996], [73.16429860000001, 22.282876299999995], [73.1643733, 22.2833019], [73.16433149999999, 22.2833082], [73.164337, 22.2833396]]]}}, {"type": "Feature", "properties": {"layer": "building", "distance_m": 485.2, "source": "Microsoft ML Buildings", "in_industrial_zone": false, "ghsl_2018": 1}, "geometry": {"type": "Polygon", "coordinates": [[[73.1646073, 22.283699700000003], [73.1646048, 22.283781599999998], [73.1644198, 22.283776599999996], [73.16443189999998, 22.283392199999994], [73.1646624, 22.2833984], [73.1646529, 22.283700999999997], [73.1646073, 22.283699700000003]]]}}, {"type": "Feature", "properties": {"layer": "building", "distance_m": 457.0, "source": "Microsoft ML Buildings", "in_industrial_zone": false, "ghsl_2018": 1}, "geometry": {"type": "Polygon", "coordinates": [[[73.1644084, 22.2830085], [73.1644888, 22.2830062], [73.1644924, 22.283113999999998], [73.16441199999998, 22.2831163], [73.1644084, 22.2830085]]]}}, {"type": "Feature", "properties": {"layer": "building", "distance_m": 415.2, "source": "Google Open Buildings", "in_industrial_zone": false, "ghsl_2018": 1}, "geometry": {"type": "Polygon", "coordinates": [[[73.16475709999999, 22.2827178], [73.16471789999999, 22.2832858], [73.16465409999999, 22.283281999999993], [73.16465289999998, 22.2833002], [73.1645763, 22.283295599999995], [73.16461519999999, 22.282731299999995], [73.16465769999999, 22.2827339], [73.1646592, 22.282711999999997], [73.16475709999999, 22.2827178]]]}}, {"type": "Feature", "properties": {"layer": "building", "distance_m": 425.8, "source": "Microsoft ML Buildings", "in_industrial_zone": false, "ghsl_2018": 1}, "geometry": {"type": "Polygon", "coordinates": [[[73.16539490000001, 22.283170100000003], [73.16551679999999, 22.2831677], [73.16551909999998, 22.283269400000005], [73.16545619999998, 22.283270699999996], [73.16545579999999, 22.283255799999996], [73.16539679999998, 22.283256899999998], [73.16539490000001, 22.283170100000003]]]}}, {"type": "Feature", "properties": {"layer": "building", "distance_m": 467.2, "source": "Microsoft ML Buildings", "in_industrial_zone": false, "ghsl_2018": 0}, "geometry": {"type": "Polygon", "coordinates": [[[73.16525979999999, 22.283477899999998], [73.16525830000002, 22.283580700000005], [73.1652247, 22.2835803], [73.1652262, 22.2834775], [73.16525979999999, 22.283477899999998]]]}}, {"type": "Feature", "properties": {"layer": "building", "distance_m": 450.2, "source": "Google Open Buildings", "in_industrial_zone": false, "ghsl_2018": 1}, "geometry": {"type": "Polygon", "coordinates": [[[73.16712289999998, 22.283607599999993], [73.16717829999999, 22.283711399999998], [73.16695799999998, 22.2838133], [73.16690249999999, 22.2837096], [73.16712289999998, 22.283607599999993]]]}}, {"type": "Feature", "properties": {"layer": "building", "distance_m": 493.6, "source": "Google Open Buildings", "in_industrial_zone": false, "ghsl_2018": 1}, "geometry": {"type": "Polygon", "coordinates": [[[73.16683209999998, 22.284003500000004], [73.16687669999999, 22.284092199999993], [73.1667817, 22.284133600000004], [73.1667371, 22.2840449], [73.16683209999998, 22.284003500000004]]]}}, {"type": "Feature", "properties": {"layer": "building", "distance_m": 452.5, "source": "OpenStreetMap", "in_industrial_zone": false, "ghsl_2018": 1}, "geometry": {"type": "Polygon", "coordinates": [[[73.16653759999998, 22.283839499999996], [73.16647059999998, 22.283723799999997], [73.1666648, 22.2836275], [73.16673179999998, 22.283743299999998], [73.16653759999998, 22.283839499999996]]]}}, {"type": "Feature", "properties": {"layer": "building", "distance_m": 468.4, "source": "OpenStreetMap", "in_industrial_zone": false, "ghsl_2018": 1}, "geometry": {"type": "Polygon", "coordinates": [[[73.16661149999999, 22.283986400000003], [73.1665445, 22.283870599999997], [73.1667387, 22.2837744], [73.16680569999998, 22.2838902], [73.16661149999999, 22.283986400000003]]]}}, {"type": "Feature", "properties": {"layer": "building", "distance_m": 467.1, "source": "OpenStreetMap", "in_industrial_zone": false, "ghsl_2018": 1}, "geometry": {"type": "Polygon", "coordinates": [[[73.16645149999998, 22.2837434], [73.16658499999998, 22.2839767], [73.16642279999999, 22.284056199999995], [73.16628919999998, 22.283822900000004], [73.16645149999998, 22.2837434]]]}}, {"type": "Feature", "properties": {"layer": "building", "distance_m": 456.1, "source": "Microsoft ML Buildings", "in_industrial_zone": false, "ghsl_2018": 1}, "geometry": {"type": "Polygon", "coordinates": [[[73.1660459, 22.283632400000002], [73.1660837, 22.283618000000004], [73.16617039999998, 22.283813500000004], [73.16601309999999, 22.283873099999994], [73.16590479999999, 22.283628800000002], [73.1660242, 22.283583499999995], [73.1660459, 22.283632400000002]]]}}, {"type": "Feature", "properties": {"layer": "building", "distance_m": 493.0, "source": "Microsoft ML Buildings", "in_industrial_zone": false, "ghsl_2018": 1}, "geometry": {"type": "Polygon", "coordinates": [[[73.16633279999999, 22.284080300000003], [73.1661633, 22.2841562], [73.1661002, 22.284035500000005], [73.1662697, 22.2839596], [73.16633279999999, 22.284080300000003]]]}}, {"type": "Feature", "properties": {"layer": "building", "distance_m": 447.6, "source": "Google Open Buildings", "in_industrial_zone": false, "ghsl_2018": 1}, "geometry": {"type": "Polygon", "coordinates": [[[73.16628719999999, 22.283548], [73.16634329999998, 22.283654200000004], [73.16625469999998, 22.2836947], [73.1661986, 22.2835885], [73.16628719999999, 22.283548]]]}}, {"type": "Feature", "properties": {"layer": "building", "distance_m": 442.2, "source": "Google Open Buildings", "in_industrial_zone": false, "ghsl_2018": 1}, "geometry": {"type": "Polygon", "coordinates": [[[73.16625899999998, 22.2834947], [73.16628689999999, 22.283547699999996], [73.16619849999998, 22.283588000000005], [73.16617059999999, 22.283534899999992], [73.16625899999998, 22.2834947]]]}}, {"type": "Feature", "properties": {"layer": "building", "distance_m": 426.0, "source": "Google Open Buildings", "in_industrial_zone": false, "ghsl_2018": 1}, "geometry": {"type": "Polygon", "coordinates": [[[73.16618269999998, 22.2833349], [73.16623840000001, 22.283438299999997], [73.16614819999998, 22.2834804], [73.16609249999999, 22.283377], [73.16618269999998, 22.2833349]]]}}, {"type": "Feature", "properties": {"layer": "building", "distance_m": 460.2, "source": "Google Open Buildings", "in_industrial_zone": false, "ghsl_2018": 1}, "geometry": {"type": "Polygon", "coordinates": [[[73.1658529, 22.2835853], [73.1658641, 22.2836053], [73.16584709999998, 22.2836135], [73.16586809999998, 22.283651], [73.16582059999999, 22.283674099999995], [73.1657884, 22.283616600000002], [73.1658529, 22.2835853]]]}}, {"type": "Feature", "properties": {"layer": "building", "distance_m": 455.3, "source": "Google Open Buildings", "in_industrial_zone": false, "ghsl_2018": 1}, "geometry": {"type": "Polygon", "coordinates": [[[73.1655726, 22.2834914], [73.1656412, 22.2834862], [73.16564639999999, 22.28354570000001], [73.1655778, 22.283550900000005], [73.1655726, 22.2834914]]]}}, {"type": "Feature", "properties": {"layer": "building", "distance_m": 434.9, "source": "Google Open Buildings", "in_industrial_zone": false, "ghsl_2018": 1}, "geometry": {"type": "Polygon", "coordinates": [[[73.16577870000002, 22.283331299999997], [73.16581759999998, 22.2834014], [73.1657487, 22.283434600000003], [73.16570969999998, 22.2833644], [73.16577870000002, 22.283331299999997]]]}}, {"type": "Feature", "properties": {"layer": "building", "distance_m": 429.0, "source": "Google Open Buildings", "in_industrial_zone": false, "ghsl_2018": 1}, "geometry": {"type": "Polygon", "coordinates": [[[73.16574259999999, 22.283266199999996], [73.16577870000002, 22.283331299999997], [73.16570969999998, 22.2833644], [73.1656737, 22.283299399999997], [73.16574259999999, 22.283266199999996]]]}}, {"type": "Feature", "properties": {"layer": "building", "distance_m": 432.5, "source": "Google Open Buildings", "in_industrial_zone": false, "ghsl_2018": 1}, "geometry": {"type": "Polygon", "coordinates": [[[73.16594449999998, 22.283348999999998], [73.1660302, 22.283503399999997], [73.16590699999999, 22.283562600000003], [73.1658213, 22.283408200000004], [73.16594449999998, 22.283348999999998]]]}}, {"type": "Feature", "properties": {"layer": "building", "distance_m": 392.8, "source": "Google Open Buildings", "in_industrial_zone": false, "ghsl_2018": 1}, "geometry": {"type": "Polygon", "coordinates": [[[73.16597889999998, 22.2829878], [73.16603769999999, 22.283093899999997], [73.1659482, 22.283136799999998], [73.1658895, 22.2830307], [73.16597889999998, 22.2829878]]]}}, {"type": "Feature", "properties": {"layer": "building", "distance_m": 416.5, "source": "Google Open Buildings", "in_industrial_zone": false, "ghsl_2018": 1}, "geometry": {"type": "Polygon", "coordinates": [[[73.16584949999998, 22.2831777], [73.16586579999999, 22.283207], [73.1656737, 22.283299399999997], [73.1656574, 22.283270099999992], [73.16584949999998, 22.2831777]]]}}, {"type": "Feature", "properties": {"layer": "building", "distance_m": 404.0, "source": "Google Open Buildings", "in_industrial_zone": false, "ghsl_2018": 1}, "geometry": {"type": "Polygon", "coordinates": [[[73.1657609, 22.283036399999993], [73.16583549999999, 22.2831746], [73.16570639999999, 22.283234900000004], [73.16563179999999, 22.283096700000005], [73.1657609, 22.283036399999993]]]}}, {"type": "Feature", "properties": {"layer": "building", "distance_m": 384.9, "source": "Google Open Buildings", "in_industrial_zone": false, "ghsl_2018": 1}, "geometry": {"type": "Polygon", "coordinates": [[[73.16599579999999, 22.2829182], [73.16602399999998, 22.28297209999999], [73.16590319999999, 22.283026699999997], [73.16586549999998, 22.2829544], [73.1659158, 22.282931699999992], [73.1659253, 22.28295], [73.16599579999999, 22.2829182]]]}}, {"type": "Feature", "properties": {"layer": "building", "distance_m": 403.4, "source": "Google Open Buildings", "in_industrial_zone": false, "ghsl_2018": 1}, "geometry": {"type": "Polygon", "coordinates": [[[73.16603219999999, 22.2830977], [73.16606069999999, 22.2831508], [73.16597329999999, 22.283191500000004], [73.1659447, 22.283138299999997], [73.16603219999999, 22.2830977]]]}}, {"type": "Feature", "properties": {"layer": "building", "distance_m": 408.5, "source": "Google Open Buildings", "in_industrial_zone": false, "ghsl_2018": 1}, "geometry": {"type": "Polygon", "coordinates": [[[73.16606069999999, 22.2831508], [73.16609439999999, 22.283213600000003], [73.16599759999998, 22.283258599999996], [73.16596399999999, 22.283195799999998], [73.16606069999999, 22.2831508]]]}}, {"type": "Feature", "properties": {"layer": "building", "distance_m": 402.2, "source": "Google Open Buildings", "in_industrial_zone": false, "ghsl_2018": 1}, "geometry": {"type": "Polygon", "coordinates": [[[73.16615369999998, 22.2831105], [73.16618709999999, 22.283174500000005], [73.16610219999998, 22.2832129], [73.1660688, 22.283148900000008], [73.16615369999998, 22.2831105]]]}}, {"type": "Feature", "properties": {"layer": "building", "distance_m": 367.2, "source": "Microsoft ML Buildings", "in_industrial_zone": false, "ghsl_2018": 1}, "geometry": {"type": "Polygon", "coordinates": [[[73.16636289999998, 22.2831638], [73.1662277, 22.2832168], [73.16605789999998, 22.282846600000003], [73.16618979999998, 22.2827949], [73.16624419999998, 22.282913599999997], [73.16634069999999, 22.2828757], [73.16638369999998, 22.282969400000002], [73.16636099999998, 22.2829783], [73.16638129999998, 22.283022499999998], [73.16631079999999, 22.283050200000005], [73.16636289999998, 22.2831638]]]}}, {"type": "Feature", "properties": {"layer": "building", "distance_m": 384.4, "source": "Microsoft ML Buildings", "in_industrial_zone": false, "ghsl_2018": 1}, "geometry": {"type": "Polygon", "coordinates": [[[73.16646649999998, 22.2831177], [73.16641909999998, 22.2830254], [73.1664858, 22.282996099999995], [73.1665332, 22.283088399999997], [73.16646649999998, 22.2831177]]]}}, {"type": "Feature", "properties": {"layer": "building", "distance_m": 390.1, "source": "Microsoft ML Buildings", "in_industrial_zone": false, "ghsl_2018": 1}, "geometry": {"type": "Polygon", "coordinates": [[[73.16634419999998, 22.283068600000004], [73.16642629999998, 22.283041400000002], [73.16646069999999, 22.283130299999993], [73.16637859999999, 22.283157500000005], [73.16634419999998, 22.283068600000004]]]}}, {"type": "Feature", "properties": {"layer": "building", "distance_m": 422.6, "source": "Google Open Buildings", "in_industrial_zone": false, "ghsl_2018": 1}, "geometry": {"type": "Polygon", "coordinates": [[[73.16707829999999, 22.2833601], [73.167127, 22.2833871], [73.1671027, 22.283425099999995], [73.16705399999998, 22.2833981], [73.16707829999999, 22.2833601]]]}}, {"type": "Feature", "properties": {"layer": "building", "distance_m": 402.7, "source": "Google Open Buildings", "in_industrial_zone": false, "ghsl_2018": 1}, "geometry": {"type": "Polygon", "coordinates": [[[73.16686909999999, 22.283223099999997], [73.16681349999999, 22.2832506], [73.1667909, 22.283211], [73.16684649999999, 22.283183500000003], [73.16686909999999, 22.283223099999997]]]}}, {"type": "Feature", "properties": {"layer": "building", "distance_m": 384.0, "source": "Google Open Buildings", "in_industrial_zone": false, "ghsl_2018": 1}, "geometry": {"type": "Polygon", "coordinates": [[[73.16745989999998, 22.282988800000002], [73.1675118, 22.283013900000004], [73.16748579999998, 22.283060300000006], [73.1674339, 22.283035199999997], [73.16745989999998, 22.282988800000002]]]}}, {"type": "Feature", "properties": {"layer": "building", "distance_m": 362.2, "source": "Google Open Buildings", "in_industrial_zone": false, "ghsl_2018": 1}, "geometry": {"type": "Polygon", "coordinates": [[[73.16785590000002, 22.282768200000003], [73.16789850000002, 22.282774900000003], [73.1678844, 22.282852299999995], [73.1678419, 22.282845700000003], [73.16785590000002, 22.282768200000003]]]}}, {"type": "Feature", "properties": {"layer": "building", "distance_m": 407.4, "source": "Google Open Buildings", "in_industrial_zone": false, "ghsl_2018": 1}, "geometry": {"type": "Polygon", "coordinates": [[[73.1679292, 22.2831721], [73.1679967, 22.2831815], [73.1679879, 22.283235999999995], [73.1679205, 22.283226600000006], [73.1679292, 22.2831721]]]}}, {"type": "Feature", "properties": {"layer": "building", "distance_m": 401.7, "source": "Microsoft ML Buildings", "in_industrial_zone": false, "ghsl_2018": 1}, "geometry": {"type": "Polygon", "coordinates": [[[73.16781459999999, 22.28318210000001], [73.1678358, 22.283127000000004], [73.1679311, 22.283158300000004], [73.1679099, 22.283213400000005], [73.16781459999999, 22.28318210000001]]]}}, {"type": "Feature", "properties": {"layer": "building", "distance_m": 397.8, "source": "Google Open Buildings", "in_industrial_zone": false, "ghsl_2018": 1}, "geometry": {"type": "Polygon", "coordinates": [[[73.1676045, 22.283105600000006], [73.1676444, 22.283128799999997], [73.1676172, 22.283169300000004], [73.1675773, 22.283146199999997], [73.1676045, 22.283105600000006]]]}}, {"type": "Feature", "properties": {"layer": "building", "distance_m": 417.2, "source": "Google Open Buildings", "in_industrial_zone": false, "ghsl_2018": 1}, "geometry": {"type": "Polygon", "coordinates": [[[73.16789299999999, 22.28326350000001], [73.1679565, 22.2832659], [73.1679545, 22.283312099999996], [73.167891, 22.2833097], [73.16789299999999, 22.28326350000001]]]}}, {"type": "Feature", "properties": {"layer": "building", "distance_m": 426.0, "source": "Google Open Buildings", "in_industrial_zone": false, "ghsl_2018": 1}, "geometry": {"type": "Polygon", "coordinates": [[[73.1679398, 22.28334], [73.1680004, 22.2833467], [73.1679966, 22.2833763], [73.167936, 22.283369599999997], [73.1679398, 22.28334]]]}}, {"type": "Feature", "properties": {"layer": "building", "distance_m": 436.1, "source": "Microsoft ML Buildings", "in_industrial_zone": false, "ghsl_2018": 1}, "geometry": {"type": "Polygon", "coordinates": [[[73.16773259999998, 22.283532200000003], [73.1678056, 22.28344029999999], [73.16785439999998, 22.283473500000003], [73.16778139999998, 22.2835654], [73.16773259999998, 22.283532200000003]]]}}, {"type": "Feature", "properties": {"layer": "building", "distance_m": 452.9, "source": "Google Open Buildings", "in_industrial_zone": false, "ghsl_2018": 1}, "geometry": {"type": "Polygon", "coordinates": [[[73.16778389999999, 22.2835937], [73.16780959999998, 22.2836237], [73.1677546, 22.283664400000003], [73.167729, 22.283634400000004], [73.16778389999999, 22.2835937]]]}}, {"type": "Feature", "properties": {"layer": "building", "distance_m": 428.3, "source": "Google Open Buildings", "in_industrial_zone": false, "ghsl_2018": 1}, "geometry": {"type": "Polygon", "coordinates": [[[73.16753749999998, 22.283385400000007], [73.1675715, 22.2833912], [73.1675649, 22.2834246], [73.16753400000002, 22.28340279999999], [73.16753749999998, 22.283385400000007]]]}}, {"type": "Feature", "properties": {"layer": "building", "distance_m": 450.5, "source": "Google Open Buildings", "in_industrial_zone": false, "ghsl_2018": 1}, "geometry": {"type": "Polygon", "coordinates": [[[73.1673669, 22.283595999999996], [73.16737879999998, 22.2836285], [73.16734439999999, 22.283639400000002], [73.16733249999999, 22.283607000000007], [73.1673669, 22.283595999999996]]]}}, {"type": "Feature", "properties": {"layer": "building", "distance_m": 441.9, "source": "Google Open Buildings", "in_industrial_zone": false, "ghsl_2018": 1}, "geometry": {"type": "Polygon", "coordinates": [[[73.1672811, 22.2835234], [73.1673445, 22.283640799999993], [73.16722079999998, 22.283698599999997], [73.1671574, 22.283581200000004], [73.1672811, 22.2835234]]]}}, {"type": "Feature", "properties": {"layer": "building", "distance_m": 487.0, "source": "Google Open Buildings", "in_industrial_zone": false, "ghsl_2018": 1}, "geometry": {"type": "Polygon", "coordinates": [[[73.16749449999999, 22.283918800000002], [73.16753819999998, 22.2839988], [73.16734959999998, 22.284087800000002], [73.16730599999998, 22.2840078], [73.16749449999999, 22.283918800000002]]]}}, {"type": "Feature", "properties": {"layer": "building", "distance_m": 498.9, "source": "Google Open Buildings", "in_industrial_zone": false, "ghsl_2018": 1}, "geometry": {"type": "Polygon", "coordinates": [[[73.16755139999998, 22.284023100000002], [73.16759089999998, 22.284095499999996], [73.16742559999999, 22.2841735], [73.16738619999998, 22.284101100000004], [73.16755139999998, 22.284023100000002]]]}}, {"type": "Feature", "properties": {"layer": "building", "distance_m": 471.0, "source": "Microsoft ML Buildings", "in_industrial_zone": false, "ghsl_2018": 1}, "geometry": {"type": "Polygon", "coordinates": [[[73.168172, 22.283785799999993], [73.168125, 22.283784600000004], [73.1681267, 22.283731], [73.1681736, 22.283732199999992], [73.168172, 22.283785799999993]]]}}, {"type": "Feature", "properties": {"layer": "building", "distance_m": 474.3, "source": "Google Open Buildings", "in_industrial_zone": false, "ghsl_2018": 1}, "geometry": {"type": "Polygon", "coordinates": [[[73.1681811, 22.283754600000005], [73.1682344, 22.283762999999997], [73.1682281, 22.283797700000004], [73.1681748, 22.283789299999995], [73.1681811, 22.283754600000005]]]}}, {"type": "Feature", "properties": {"layer": "building", "distance_m": 490.6, "source": "Microsoft ML Buildings", "in_industrial_zone": false, "ghsl_2018": 1}, "geometry": {"type": "Polygon", "coordinates": [[[73.1681813, 22.283960399999998], [73.16818909999999, 22.283901700000005], [73.168234, 22.283906800000004], [73.1682262, 22.283965499999994], [73.1681813, 22.283960399999998]]]}}, {"type": "Feature", "properties": {"layer": "building", "distance_m": 493.3, "source": "Microsoft ML Buildings", "in_industrial_zone": false, "ghsl_2018": 1}, "geometry": {"type": "Polygon", "coordinates": [[[73.16805789999998, 22.284042600000006], [73.16792839999998, 22.284023499999996], [73.1679411, 22.283949400000004], [73.1680706, 22.283968399999992], [73.16805789999998, 22.284042600000006]]]}}, {"type": "Feature", "properties": {"layer": "building", "distance_m": 487.8, "source": "Microsoft ML Buildings", "in_industrial_zone": false, "ghsl_2018": 1}, "geometry": {"type": "Polygon", "coordinates": [[[73.1685916, 22.2839264], [73.1685012, 22.283904700000004], [73.1685235, 22.283825599999997], [73.1686139, 22.283847399999996], [73.1685916, 22.2839264]]]}}, {"type": "Feature", "properties": {"layer": "building", "distance_m": 484.8, "source": "Microsoft ML Buildings", "in_industrial_zone": false, "ghsl_2018": 1}, "geometry": {"type": "Polygon", "coordinates": [[[73.1684548, 22.283963699999997], [73.1683547, 22.283930899999998], [73.1683972, 22.283819800000003], [73.1684973, 22.2838526], [73.1684548, 22.283963699999997]]]}}, {"type": "Feature", "properties": {"layer": "building", "distance_m": 492.9, "source": "Google Open Buildings", "in_industrial_zone": false, "ghsl_2018": 1}, "geometry": {"type": "Polygon", "coordinates": [[[73.1686326, 22.283851099999993], [73.1686679, 22.283855799999998], [73.1686585, 22.2839176], [73.1686231, 22.283912899999997], [73.1686326, 22.283851099999993]]]}}, {"type": "Feature", "properties": {"layer": "building", "distance_m": 493.6, "source": "Google Open Buildings", "in_industrial_zone": false, "ghsl_2018": 1}, "geometry": {"type": "Polygon", "coordinates": [[[73.1687543, 22.283831499999998], [73.1687845, 22.283841800000005], [73.1687438, 22.283945699999997], [73.1687136, 22.283935399999997], [73.1687543, 22.283831499999998]]]}}, {"type": "Feature", "properties": {"layer": "building", "distance_m": 427.5, "source": "Google Open Buildings", "in_industrial_zone": true, "ghsl_2018": 1}, "geometry": {"type": "Polygon", "coordinates": [[[73.1681856, 22.2833271], [73.1682133, 22.283330100000008], [73.1682073, 22.283379399999998], [73.1681795, 22.2833765], [73.1681856, 22.2833271]]]}}, {"type": "Feature", "properties": {"layer": "building", "distance_m": 419.8, "source": "Google Open Buildings", "in_industrial_zone": true, "ghsl_2018": 1}, "geometry": {"type": "Polygon", "coordinates": [[[73.1682428, 22.283249299999998], [73.1683347, 22.2832669], [73.1682867, 22.2834851], [73.1681948, 22.2834675], [73.1682428, 22.283249299999998]]]}}, {"type": "Feature", "properties": {"layer": "building", "distance_m": 415.3, "source": "Google Open Buildings", "in_industrial_zone": false, "ghsl_2018": 1}, "geometry": {"type": "Polygon", "coordinates": [[[73.1683528, 22.283189800000006], [73.168386, 22.2831902], [73.1683857, 22.283217300000004], [73.1683524, 22.2832169], [73.1683528, 22.283189800000006]]]}}, {"type": "Feature", "properties": {"layer": "building", "distance_m": 380.4, "source": "Google Open Buildings", "in_industrial_zone": true, "ghsl_2018": 1}, "geometry": {"type": "Polygon", "coordinates": [[[73.16822600000002, 22.282899], [73.1682095, 22.282986800000003], [73.1681841, 22.282982599999997], [73.1682006, 22.282894899999995], [73.16822600000002, 22.282899]]]}}, {"type": "Feature", "properties": {"layer": "building", "distance_m": 374.9, "source": "Google Open Buildings", "in_industrial_zone": true, "ghsl_2018": 1}, "geometry": {"type": "Polygon", "coordinates": [[[73.16831240000002, 22.2828257], [73.1683618, 22.282834399999995], [73.1683563, 22.282861599999993], [73.1683069, 22.2828529], [73.16831240000002, 22.2828257]]]}}, {"type": "Feature", "properties": {"layer": "building", "distance_m": 389.3, "source": "Google Open Buildings", "in_industrial_zone": false, "ghsl_2018": 1}, "geometry": {"type": "Polygon", "coordinates": [[[73.1688924, 22.282830299999997], [73.1688743, 22.28288320000001], [73.1688383, 22.2828726], [73.1688563, 22.2828197], [73.1688924, 22.282830299999997]]]}}, {"type": "Feature", "properties": {"layer": "building", "distance_m": 391.8, "source": "Google Open Buildings", "in_industrial_zone": false, "ghsl_2018": 1}, "geometry": {"type": "Polygon", "coordinates": [[[73.1688935, 22.28283100000001], [73.1689423, 22.282846800000005], [73.1689225, 22.282899399999998], [73.1688737, 22.2828836], [73.1688935, 22.28283100000001]]]}}, {"type": "Feature", "properties": {"layer": "building", "distance_m": 412.2, "source": "Google Open Buildings", "in_industrial_zone": false, "ghsl_2018": 1}, "geometry": {"type": "Polygon", "coordinates": [[[73.1692504, 22.2828944], [73.1692954, 22.2829082], [73.1692816, 22.282947300000004], [73.1692366, 22.282933400000008], [73.1692504, 22.2828944]]]}}, {"type": "Feature", "properties": {"layer": "building", "distance_m": 442.2, "source": "Google Open Buildings", "in_industrial_zone": false, "ghsl_2018": 1}, "geometry": {"type": "Polygon", "coordinates": [[[73.1694397, 22.283111599999994], [73.1694817, 22.28313], [73.1694655, 22.283161999999994], [73.16942350000001, 22.2831436], [73.1694397, 22.283111599999994]]]}}, {"type": "Feature", "properties": {"layer": "building", "distance_m": 433.8, "source": "Google Open Buildings", "in_industrial_zone": false, "ghsl_2018": 1}, "geometry": {"type": "Polygon", "coordinates": [[[73.1694803, 22.283008299999995], [73.1695139, 22.283018099999996], [73.16949100000001, 22.2830865], [73.1694574, 22.283076700000002], [73.1694803, 22.283008299999995]]]}}, {"type": "Feature", "properties": {"layer": "building", "distance_m": 420.8, "source": "Google Open Buildings", "in_industrial_zone": false, "ghsl_2018": 1}, "geometry": {"type": "Polygon", "coordinates": [[[73.1692212, 22.282991099999997], [73.1692655, 22.282999200000003], [73.1692501, 22.283071999999994], [73.1692058, 22.283063900000002], [73.1692212, 22.282991099999997]]]}}, {"type": "Feature", "properties": {"layer": "building", "distance_m": 433.9, "source": "Google Open Buildings", "in_industrial_zone": false, "ghsl_2018": 0}, "geometry": {"type": "Polygon", "coordinates": [[[73.1692041, 22.283126500000005], [73.1692326, 22.283128000000005], [73.1692304, 22.2831635], [73.1692019, 22.283162], [73.1692041, 22.283126500000005]]]}}, {"type": "Feature", "properties": {"layer": "building", "distance_m": 443.9, "source": "Microsoft ML Buildings", "in_industrial_zone": false, "ghsl_2018": 1}, "geometry": {"type": "Polygon", "coordinates": [[[73.1697471, 22.2830288], [73.1697461, 22.283103300000008], [73.169651, 22.283102200000002], [73.169652, 22.2830277], [73.1697471, 22.2830288]]]}}, {"type": "Feature", "properties": {"layer": "building", "distance_m": 424.7, "source": "Microsoft ML Buildings", "in_industrial_zone": false, "ghsl_2018": 1}, "geometry": {"type": "Polygon", "coordinates": [[[73.1698053, 22.2828701], [73.1697193, 22.282840599999993], [73.1697447, 22.282777299999996], [73.1698307, 22.282806900000004], [73.1698053, 22.2828701]]]}}, {"type": "Feature", "properties": {"layer": "building", "distance_m": 418.6, "source": "Microsoft ML Buildings", "in_industrial_zone": false, "ghsl_2018": 1}, "geometry": {"type": "Polygon", "coordinates": [[[73.169755, 22.282777400000008], [73.1697897, 22.282686999999996], [73.16995880000002, 22.282742600000002], [73.1698438, 22.283042300000005], [73.1696604, 22.2829821], [73.1697103, 22.282852000000002], [73.1698068, 22.282883799999993], [73.1698373, 22.2828044], [73.169755, 22.282777400000008]]]}}, {"type": "Feature", "properties": {"layer": "building", "distance_m": 482.9, "source": "Microsoft ML Buildings", "in_industrial_zone": false, "ghsl_2018": 1}, "geometry": {"type": "Polygon", "coordinates": [[[73.1705648, 22.282972600000008], [73.1705532, 22.2830352], [73.170449, 22.2830186], [73.1704607, 22.282955900000008], [73.1705648, 22.282972600000008]]]}}, {"type": "Feature", "properties": {"layer": "building", "distance_m": 494.2, "source": "Microsoft ML Buildings", "in_industrial_zone": false, "ghsl_2018": 1}, "geometry": {"type": "Polygon", "coordinates": [[[73.1706862, 22.2830105], [73.1706482, 22.283131899999997], [73.170558, 22.283107700000002], [73.1705959, 22.2829863], [73.1706862, 22.2830105]]]}}, {"type": "Feature", "properties": {"layer": "building", "distance_m": 485.5, "source": "Microsoft ML Buildings", "in_industrial_zone": false, "ghsl_2018": 1}, "geometry": {"type": "Polygon", "coordinates": [[[73.1705268, 22.283038299999998], [73.1704091, 22.2834769], [73.170303, 22.283452500000003], [73.1704207, 22.28301390000001], [73.1705268, 22.283038299999998]]]}}, {"type": "Feature", "properties": {"layer": "building", "distance_m": 382.4, "source": "Microsoft ML Buildings", "in_industrial_zone": false, "ghsl_2018": 1}, "geometry": {"type": "Polygon", "coordinates": [[[73.1694857, 22.2825473], [73.16941590000002, 22.282728700000003], [73.1695039, 22.282757700000005], [73.169442, 22.282918499999997], [73.1693468, 22.2828871], [73.1693378, 22.282910500000003], [73.169264, 22.2828862], [73.1694048, 22.282520599999998], [73.1694857, 22.2825473]]]}}, {"type": "Feature", "properties": {"layer": "building", "distance_m": 391.2, "source": "Microsoft ML Buildings", "in_industrial_zone": false, "ghsl_2018": 1}, "geometry": {"type": "Polygon", "coordinates": [[[73.1694631, 22.2826472], [73.1694862, 22.282568700000002], [73.1695761, 22.2825913], [73.1695278, 22.282755399999996], [73.1694204, 22.28272829999999], [73.1694456, 22.282642799999998], [73.1694631, 22.2826472]]]}}, {"type": "Feature", "properties": {"layer": "building", "distance_m": 363.5, "source": "Microsoft ML Buildings", "in_industrial_zone": false, "ghsl_2018": 1}, "geometry": {"type": "Polygon", "coordinates": [[[73.1690416, 22.2828285], [73.169087, 22.2826629], [73.1690038, 22.282643399999998], [73.1690433, 22.282498799999995], [73.169129, 22.282518899999996], [73.169115, 22.2825702], [73.1692147, 22.282593500000008], [73.1691438, 22.282852399999996], [73.1690416, 22.2828285]]]}}, {"type": "Feature", "properties": {"layer": "building", "distance_m": 371.4, "source": "Microsoft ML Buildings", "in_industrial_zone": false, "ghsl_2018": 1}, "geometry": {"type": "Polygon", "coordinates": [[[73.1688197, 22.282728900000002], [73.1688394, 22.2826539], [73.1689559, 22.282680100000004], [73.1689362, 22.282755100000006], [73.1688197, 22.282728900000002]]]}}, {"type": "Feature", "properties": {"layer": "building", "distance_m": 355.6, "source": "Google Open Buildings", "in_industrial_zone": false, "ghsl_2018": 1}, "geometry": {"type": "Polygon", "coordinates": [[[73.16885530000002, 22.282495399999995], [73.1689528, 22.282528], [73.1689334, 22.282578299999997], [73.1688359, 22.282545800000005], [73.16885530000002, 22.282495399999995]]]}}, {"type": "Feature", "properties": {"layer": "building", "distance_m": 359.2, "source": "Microsoft ML Buildings", "in_industrial_zone": false, "ghsl_2018": 1}, "geometry": {"type": "Polygon", "coordinates": [[[73.1690541, 22.282484399999998], [73.1690676, 22.282446300000007], [73.1691668, 22.2824766], [73.1691532, 22.282514700000004], [73.1690541, 22.282484399999998]]]}}, {"type": "Feature", "properties": {"layer": "building", "distance_m": 278.2, "source": "Microsoft ML Buildings", "in_industrial_zone": true, "ghsl_2018": 1}, "geometry": {"type": "Polygon", "coordinates": [[[73.16936, 22.281515699999996], [73.1693498, 22.281414900000005], [73.1694242, 22.281408399999993], [73.1694345, 22.281509299999996], [73.16936, 22.281515699999996]]]}}, {"type": "Feature", "properties": {"layer": "building", "distance_m": 293.2, "source": "Microsoft ML Buildings", "in_industrial_zone": true, "ghsl_2018": 1}, "geometry": {"type": "Polygon", "coordinates": [[[73.1693898, 22.281705299999995], [73.1693462, 22.281759600000008], [73.1692494, 22.28169309999999], [73.1693085, 22.281619599999996], [73.1693741, 22.281664699999997], [73.1693587, 22.281683899999994], [73.1693898, 22.281705299999995]]]}}, {"type": "Feature", "properties": {"layer": "building", "distance_m": 308.6, "source": "Microsoft ML Buildings", "in_industrial_zone": true, "ghsl_2018": 1}, "geometry": {"type": "Polygon", "coordinates": [[[73.1692085, 22.281919899999995], [73.1692321, 22.2818389], [73.1693171, 22.2818601], [73.1692935, 22.281941100000004], [73.1692085, 22.281919899999995]]]}}, {"type": "Feature", "properties": {"layer": "building", "distance_m": 268.0, "source": "Microsoft ML Buildings", "in_industrial_zone": true, "ghsl_2018": 1}, "geometry": {"type": "Polygon", "coordinates": [[[73.1695854, 22.281148199999993], [73.1695732, 22.2812183], [73.1695026, 22.281207800000004], [73.1695149, 22.281137600000008], [73.1695854, 22.281148199999993]]]}}, {"type": "Feature", "properties": {"layer": "building", "distance_m": 223.0, "source": "Microsoft ML Buildings", "in_industrial_zone": true, "ghsl_2018": 1}, "geometry": {"type": "Polygon", "coordinates": [[[73.1696907, 22.280351], [73.1695864, 22.280345499999992], [73.1695902, 22.2802836], [73.1696945, 22.280289100000005], [73.1696907, 22.280351]]]}}, {"type": "Feature", "properties": {"layer": "building", "distance_m": 211.2, "source": "Google Open Buildings", "in_industrial_zone": true, "ghsl_2018": 1}, "geometry": {"type": "Polygon", "coordinates": [[[73.1691594, 22.280736900000004], [73.1691906, 22.2807405], [73.1691864, 22.2807716], [73.1691553, 22.280768000000005], [73.1691594, 22.280736900000004]]]}}, {"type": "Feature", "properties": {"layer": "building", "distance_m": 157.6, "source": "Google Open Buildings", "in_industrial_zone": true, "ghsl_2018": 1}, "geometry": {"type": "Polygon", "coordinates": [[[73.1688913, 22.280259199999993], [73.1689314, 22.2802665], [73.1689225, 22.280308399999996], [73.1688824, 22.280301], [73.1688913, 22.280259199999993]]]}}, {"type": "Feature", "properties": {"layer": "building", "distance_m": 178.6, "source": "Microsoft ML Buildings", "in_industrial_zone": true, "ghsl_2018": 1}, "geometry": {"type": "Polygon", "coordinates": [[[73.1694141, 22.2797108], [73.1694204, 22.279674499999995], [73.1697542, 22.279723699999995], [73.1696991, 22.280043199999998], [73.1695553, 22.280022], [73.1695503, 22.280051099999998], [73.1692599, 22.280008199999997], [73.1692887, 22.279841200000003], [73.1693803, 22.279854700000005], [73.1694053, 22.2797095], [73.1694141, 22.2797108]]]}}, {"type": "Feature", "properties": {"layer": "building", "distance_m": 159.0, "source": "Microsoft ML Buildings", "in_industrial_zone": true, "ghsl_2018": 1}, "geometry": {"type": "Polygon", "coordinates": [[[73.1690483, 22.2800122], [73.1691105, 22.279780799999997], [73.1692394, 22.2798104], [73.1691772, 22.2800418], [73.1690483, 22.2800122]]]}}, {"type": "Feature", "properties": {"layer": "building", "distance_m": 119.8, "source": "Google Open Buildings", "in_industrial_zone": true, "ghsl_2018": 1}, "geometry": {"type": "Polygon", "coordinates": [[[73.16874180000002, 22.2791771], [73.1688493, 22.279172300000003], [73.1688557, 22.279298], [73.1687482, 22.2793027], [73.16874180000002, 22.2791771]]]}}, {"type": "Feature", "properties": {"layer": "building", "distance_m": 132.2, "source": "Google Open Buildings", "in_industrial_zone": true, "ghsl_2018": 1}, "geometry": {"type": "Polygon", "coordinates": [[[73.1688977, 22.279261899999995], [73.1689068, 22.2792919], [73.1688759, 22.2793], [73.1688669, 22.27927], [73.1688977, 22.279261899999995]]]}}, {"type": "Feature", "properties": {"layer": "building", "distance_m": 155.2, "source": "Microsoft ML Buildings", "in_industrial_zone": true, "ghsl_2018": 1}, "geometry": {"type": "Polygon", "coordinates": [[[73.1691519, 22.279336300000004], [73.169093, 22.27933850000001], [73.1690914, 22.279302199999997], [73.1691503, 22.279299999999996], [73.1691519, 22.279336300000004]]]}}, {"type": "Feature", "properties": {"layer": "building", "distance_m": 203.1, "source": "Google Open Buildings", "in_industrial_zone": true, "ghsl_2018": 1}, "geometry": {"type": "Polygon", "coordinates": [[[73.1696513, 22.2790068], [73.1696619, 22.279123700000003], [73.1695541, 22.279132099999995], [73.1695435, 22.279015299999998], [73.1696513, 22.2790068]]]}}, {"type": "Feature", "properties": {"layer": "building", "distance_m": 181.7, "source": "Google Open Buildings", "in_industrial_zone": true, "ghsl_2018": 1}, "geometry": {"type": "Polygon", "coordinates": [[[73.1696388, 22.278853399999996], [73.1696563, 22.2790095], [73.169348, 22.279039599999997], [73.1693304, 22.2788835], [73.1696388, 22.278853399999996]]]}}, {"type": "Feature", "properties": {"layer": "building", "distance_m": 159.8, "source": "Microsoft ML Buildings", "in_industrial_zone": true, "ghsl_2018": 1}, "geometry": {"type": "Polygon", "coordinates": [[[73.1693571, 22.2790877], [73.1693616, 22.279235599999996], [73.1694125, 22.2792343], [73.1694144, 22.2792972], [73.1693099, 22.279299899999998], [73.169309, 22.2792692], [73.1691348, 22.279273799999995], [73.1691293, 22.2790936], [73.1693571, 22.2790877]]]}}, {"type": "Feature", "properties": {"layer": "building", "distance_m": 150.8, "source": "Google Open Buildings", "in_industrial_zone": true, "ghsl_2018": 1}, "geometry": {"type": "Polygon", "coordinates": [[[73.16904329999998, 22.279169900000003], [73.1691238, 22.279167000000005], [73.1691256, 22.2792091], [73.169045, 22.279211999999998], [73.16904329999998, 22.279169900000003]]]}}, {"type": "Feature", "properties": {"layer": "building", "distance_m": 150.8, "source": "Google Open Buildings", "in_industrial_zone": true, "ghsl_2018": 1}, "geometry": {"type": "Polygon", "coordinates": [[[73.16904159999999, 22.27913130000001], [73.1691222, 22.279128399999994], [73.1691238, 22.279167000000005], [73.16904329999998, 22.279169900000003], [73.16904159999999, 22.27913130000001]]]}}, {"type": "Feature", "properties": {"layer": "building", "distance_m": 139.0, "source": "Google Open Buildings", "in_industrial_zone": true, "ghsl_2018": 1}, "geometry": {"type": "Polygon", "coordinates": [[[73.1689269, 22.279140000000005], [73.168969, 22.27913759999999], [73.1689761, 22.2792442], [73.168934, 22.279246600000008], [73.1689269, 22.279140000000005]]]}}, {"type": "Feature", "properties": {"layer": "building", "distance_m": 148.1, "source": "Google Open Buildings", "in_industrial_zone": true, "ghsl_2018": 1}, "geometry": {"type": "Polygon", "coordinates": [[[73.16919879999999, 22.278821600000004], [73.1692109, 22.2788973], [73.1692401, 22.278893300000004], [73.1692532, 22.2789753], [73.1692241, 22.278979300000003], [73.1692326, 22.279032499999992], [73.1690359, 22.279059899999996], [73.16900209999999, 22.278849000000005], [73.16919879999999, 22.278821600000004]]]}}, {"type": "Feature", "properties": {"layer": "building", "distance_m": 142.4, "source": "Microsoft ML Buildings", "in_industrial_zone": true, "ghsl_2018": 1}, "geometry": {"type": "Polygon", "coordinates": [[[73.1690796, 22.278518], [73.1691436, 22.27853289999999], [73.1691103, 22.278655099999998], [73.1689127, 22.278608999999992], [73.1689549, 22.2784541], [73.1690885, 22.2784853], [73.1690796, 22.278518]]]}}, {"type": "Feature", "properties": {"layer": "building", "distance_m": 169.2, "source": "Microsoft ML Buildings", "in_industrial_zone": true, "ghsl_2018": 0}, "geometry": {"type": "Polygon", "coordinates": [[[73.168958, 22.278084700000004], [73.16895720000001, 22.278045000000002], [73.16903870000002, 22.278043600000004], [73.1690395, 22.278083300000002], [73.168958, 22.278084700000004]]]}}, {"type": "Feature", "properties": {"layer": "building", "distance_m": 347.8, "source": "Google Open Buildings", "in_industrial_zone": false, "ghsl_2018": 0}, "geometry": {"type": "Polygon", "coordinates": [[[73.1702281, 22.2766225], [73.1702698, 22.276623599999997], [73.1702684, 22.2766738], [73.1702267, 22.276672799999996], [73.1702281, 22.2766225]]]}}, {"type": "Feature", "properties": {"layer": "building", "distance_m": 347.1, "source": "Google Open Buildings", "in_industrial_zone": false, "ghsl_2018": 0}, "geometry": {"type": "Polygon", "coordinates": [[[73.1702364, 22.2766954], [73.1702671, 22.2766967], [73.1702654, 22.276732099999993], [73.1702347, 22.276730800000003], [73.1702364, 22.2766954]]]}}, {"type": "Feature", "properties": {"layer": "building", "distance_m": 290.5, "source": "Google Open Buildings", "in_industrial_zone": false, "ghsl_2018": 1}, "geometry": {"type": "Polygon", "coordinates": [[[73.1695932, 22.276487499999998], [73.1696215, 22.276487800000005], [73.169621, 22.276525699999993], [73.1695927, 22.276525399999997], [73.1695932, 22.276487499999998]]]}}, {"type": "Feature", "properties": {"layer": "building", "distance_m": 293.9, "source": "Google Open Buildings", "in_industrial_zone": false, "ghsl_2018": 1}, "geometry": {"type": "Polygon", "coordinates": [[[73.1697885, 22.2767567], [73.1698004, 22.276809499999995], [73.1697283, 22.276823600000004], [73.1697164, 22.276770800000005], [73.1697885, 22.2767567]]]}}, {"type": "Feature", "properties": {"layer": "building", "distance_m": 231.3, "source": "Google Open Buildings", "in_industrial_zone": false, "ghsl_2018": 1}, "geometry": {"type": "Polygon", "coordinates": [[[73.1689862, 22.2764843], [73.1690932, 22.2764751], [73.169103, 22.276574600000007], [73.168996, 22.2765838], [73.1689862, 22.2764843]]]}}, {"type": "Feature", "properties": {"layer": "building", "distance_m": 245.8, "source": "Google Open Buildings", "in_industrial_zone": false, "ghsl_2018": 1}, "geometry": {"type": "Polygon", "coordinates": [[[73.1691306, 22.2765017], [73.1691987, 22.276503400000003], [73.1691976, 22.276540900000004], [73.1691295, 22.276539199999995], [73.1691306, 22.2765017]]]}}, {"type": "Feature", "properties": {"layer": "building", "distance_m": 259.6, "source": "Microsoft ML Buildings", "in_industrial_zone": false, "ghsl_2018": 1}, "geometry": {"type": "Polygon", "coordinates": [[[73.1693288, 22.276555200000004], [73.1693771, 22.276553699999997], [73.1693815, 22.2766743], [73.1693333, 22.2766758], [73.1693288, 22.276555200000004]]]}}, {"type": "Feature", "properties": {"layer": "building", "distance_m": 242.4, "source": "Microsoft ML Buildings", "in_industrial_zone": false, "ghsl_2018": 1}, "geometry": {"type": "Polygon", "coordinates": [[[73.1691564, 22.276677899999996], [73.1691523, 22.276559799999998], [73.1693223, 22.2765548], [73.1693264, 22.2766729], [73.1691564, 22.276677899999996]]]}}, {"type": "Feature", "properties": {"layer": "building", "distance_m": 266.1, "source": "Microsoft ML Buildings", "in_industrial_zone": false, "ghsl_2018": 1}, "geometry": {"type": "Polygon", "coordinates": [[[73.1693954, 22.2765546], [73.1694877, 22.276552299999995], [73.16949100000001, 22.276671399999998], [73.1693988, 22.276673600000002], [73.1693954, 22.2765546]]]}}, {"type": "Feature", "properties": {"layer": "building", "distance_m": 277.6, "source": "Microsoft ML Buildings", "in_industrial_zone": false, "ghsl_2018": 1}, "geometry": {"type": "Polygon", "coordinates": [[[73.1695053, 22.276547699999995], [73.1695669, 22.2765448], [73.1695728, 22.2766547], [73.1695113, 22.276657499999995], [73.1695053, 22.276547699999995]]]}}, {"type": "Feature", "properties": {"layer": "building", "distance_m": 268.1, "source": "Microsoft ML Buildings", "in_industrial_zone": false, "ghsl_2018": 1}, "geometry": {"type": "Polygon", "coordinates": [[[73.1694096, 22.276407699999996], [73.1694108, 22.276531800000004], [73.1693625, 22.2765322], [73.1693613, 22.27640810000001], [73.1694096, 22.276407699999996]]]}}, {"type": "Feature", "properties": {"layer": "building", "distance_m": 237.5, "source": "Google Open Buildings", "in_industrial_zone": false, "ghsl_2018": 1}, "geometry": {"type": "Polygon", "coordinates": [[[73.16909080000002, 22.276348700000003], [73.1690955, 22.2764188], [73.1689775, 22.276425699999997], [73.1689727, 22.2763556], [73.16909080000002, 22.276348700000003]]]}}, {"type": "Feature", "properties": {"layer": "building", "distance_m": 212.1, "source": "Google Open Buildings", "in_industrial_zone": false, "ghsl_2018": 1}, "geometry": {"type": "Polygon", "coordinates": [[[73.1688446, 22.2764173], [73.1688466, 22.2764869], [73.1687331, 22.2764898], [73.168731, 22.276420199999997], [73.1688446, 22.2764173]]]}}, {"type": "Feature", "properties": {"layer": "building", "distance_m": 222.5, "source": "Microsoft ML Buildings", "in_industrial_zone": false, "ghsl_2018": 1}, "geometry": {"type": "Polygon", "coordinates": [[[73.1687732, 22.276286399999996], [73.16888300000001, 22.276282400000003], [73.1688867, 22.2763717], [73.1687769, 22.2763756], [73.1687732, 22.276286399999996]]]}}, {"type": "Feature", "properties": {"layer": "building", "distance_m": 301.8, "source": "Google Open Buildings", "in_industrial_zone": false, "ghsl_2018": 0}, "geometry": {"type": "Polygon", "coordinates": [[[73.1693658, 22.275813900000003], [73.1694403, 22.275814800000006], [73.1694391, 22.2759068], [73.1693646, 22.275905999999996], [73.1693658, 22.275813900000003]]]}}, {"type": "Feature", "properties": {"layer": "building", "distance_m": 284.6, "source": "Google Open Buildings", "in_industrial_zone": false, "ghsl_2018": 0}, "geometry": {"type": "Polygon", "coordinates": [[[73.1692846, 22.2759282], [73.1694277, 22.2759256], [73.1694302, 22.2760461], [73.1695113, 22.276044600000002], [73.1695134, 22.2761469], [73.16933510000001, 22.276150100000006], [73.169333, 22.276047800000004], [73.1692872, 22.2760486], [73.1692846, 22.2759282]]]}}, {"type": "Feature", "properties": {"layer": "building", "distance_m": 299.4, "source": "Google Open Buildings", "in_industrial_zone": false, "ghsl_2018": 1}, "geometry": {"type": "Polygon", "coordinates": [[[73.1696368, 22.27636689999999], [73.1696998, 22.276371299999994], [73.1696968, 22.276408600000003], [73.16963370000002, 22.27640420000001], [73.1696368, 22.27636689999999]]]}}, {"type": "Feature", "properties": {"layer": "building", "distance_m": 310.5, "source": "Google Open Buildings", "in_industrial_zone": false, "ghsl_2018": 0}, "geometry": {"type": "Polygon", "coordinates": [[[73.1697927, 22.276353599999997], [73.1698145, 22.276351799999997], [73.1698219, 22.276430099999995], [73.1697631, 22.2764349], [73.1697584, 22.276384600000004], [73.1697954, 22.276381599999997], [73.1697927, 22.276353599999997]]]}}, {"type": "Feature", "properties": {"layer": "building", "distance_m": 323.2, "source": "Google Open Buildings", "in_industrial_zone": false, "ghsl_2018": 1}, "geometry": {"type": "Polygon", "coordinates": [[[73.1698886, 22.276375800000007], [73.1699958, 22.2763839], [73.1699927, 22.2764192], [73.1698855, 22.276411100000004], [73.1698886, 22.276375800000007]]]}}, {"type": "Feature", "properties": {"layer": "building", "distance_m": 344.6, "source": "Microsoft ML Buildings", "in_industrial_zone": false, "ghsl_2018": 0}, "geometry": {"type": "Polygon", "coordinates": [[[73.1702548, 22.2764254], [73.1702504, 22.2765428], [73.170154, 22.276539699999997], [73.1701584, 22.276422200000003], [73.1702548, 22.2764254]]]}}, {"type": "Feature", "properties": {"layer": "flood_100yr"}, "geometry": {"type": "MultiPolygon", "coordinates": [[[[73.14541813646524, 22.27373333334036], [73.1445848031296, 22.27373333334036], [73.1445848031296, 22.272900000007024], [73.14375146979397, 22.272900000007024], [73.14375146979398, 22.271233333340373], [73.14289006924454, 22.27123333547606], [73.14252178186727, 22.272527915462042], [73.14214169057995, 22.274704206610423], [73.14209419664037, 22.275400000103158], [73.14541813646524, 22.275400000007025], [73.14541813646524, 22.276233333340357], [73.14625146980087, 22.276233333340357], [73.14625146980087, 22.27456666667369], [73.14541813646524, 22.274566666673696], [73.14541813646524, 22.27373333334036]]], [[[73.14541813646524, 22.27706666667369], [73.14541813646524, 22.276233333340357], [73.1445848031296, 22.276233333340357], [73.1445848031296, 22.277066666673687], [73.14541813646524, 22.27706666667369]]], [[[73.14458480312962, 22.28123333334035], [73.14458480312959, 22.282066666673686], [73.14625146980087, 22.282066666673682], [73.14625146980087, 22.27873333334036], [73.14541813646524, 22.27873333334036], [73.14541813646524, 22.281233333340353], [73.14458480312962, 22.28123333334035]]], [[[73.14375146979559, 22.286781288672664], [73.14380391744675, 22.286915577860487], [73.14430942998817, 22.287900000480143], [73.1445848031296, 22.287900000007014], [73.1445848031296, 22.286233333340352], [73.14375146979397, 22.286233333340352], [73.14375146979559, 22.286781288672664]]], [[[73.14708480313652, 22.26790000000704], [73.14708480313651, 22.268733333340368], [73.14875146980778, 22.268733333340364], [73.14875146980778, 22.265400000007027], [73.14791813647214, 22.265400000007034], [73.14791813647214, 22.26790000000704], [73.14708480313652, 22.26790000000704]]], [[[73.15375146982157, 22.271233333340362], [73.15375146982159, 22.270400000007033], [73.15291813648595, 22.270400000007033], [73.15291813648594, 22.271233333340355], [73.15375146982157, 22.271233333340362]]], [[[73.15125146981468, 22.27790000000703], [73.15125146981468, 22.276233333340357], [73.15041813647905, 22.276233333340357], [73.15041813647905, 22.277900000007026], [73.15125146981468, 22.27790000000703]]], [[[73.15708480316412, 22.281233333340353], [73.15625146982849, 22.281233333340353], [73.15625146982849, 22.28290000000702], [73.15875146983541, 22.282900000007015], [73.1587514698354, 22.282066666673686], [73.1612514698423, 22.282066666673686], [73.16125146984228, 22.28123333334035], [73.16291813651357, 22.28123333334035], [73.16291813651355, 22.28040000000702], [73.1637514698492, 22.28040000000702], [73.16375146984922, 22.281233333340353], [73.16541813652047, 22.281233333340353], [73.16541813652047, 22.28290000000702], [73.16708480319173, 22.28290000000702], [73.16708480319173, 22.284566666673687], [73.16791813652738, 22.28456666667368], [73.16791813652736, 22.286233333340352], [73.16958480319865, 22.286233333340345], [73.16958480319865, 22.287900000007006], [73.17041813653428, 22.287900000007014], [73.1704181365343, 22.288733333340346], [73.16958480319865, 22.288733333340335], [73.16958480319865, 22.289566666673675], [73.17125146986992, 22.289566666673675], [73.17125146986992, 22.290400000007008], [73.17208480320555, 22.29040000000701], [73.17208480320555, 22.29206666667368], [73.17625146988372, 22.292066666673676], [73.17625146988372, 22.294566666673674], [73.17375146987682, 22.29456666667368], [73.17375146987682, 22.29623333334034], [73.17458480321245, 22.29623333334034], [73.17458480321245, 22.297900000007], [73.17541813654809, 22.297900000007004], [73.17541813654809, 22.300400000007006], [73.17625146988372, 22.300400000007006], [73.17625146988365, 22.300584608357397], [73.1770848032192, 22.300254731930348], [73.17708480321936, 22.29873333334034], [73.17625146988372, 22.298733333340337], [73.17625146988372, 22.297066666673672], [73.17708480321936, 22.29706666667367], [73.17708480321936, 22.295400000007007], [73.17875146989063, 22.29540000000701], [73.17875146989063, 22.296233333340343], [73.17958480322626, 22.29623333334035], [73.17958480322626, 22.29706666667367], [73.18125146989753, 22.297066666673672], [73.1812514698968, 22.29813328242145], [73.18216470052975, 22.297556967285267], [73.18397183099857, 22.296161190131752], [73.18562543394277, 22.29460933837778], [73.1863934303128, 22.293733333642574], [73.18625146991134, 22.293733333340345], [73.18625146991134, 22.292900000007013], [73.18541813657569, 22.292900000007002], [73.1854181365757, 22.292066666673673], [73.18458480324007, 22.292066666673673], [73.18458480324006, 22.289566666673675], [73.1854181365757, 22.28956666667368], [73.1854181365757, 22.291233333340355], [73.18625146991133, 22.291233333340344], [73.18625146991135, 22.292066666673676], [73.18708480324699, 22.292066666673684], [73.18708480324698, 22.290400000007004], [73.18791813658261, 22.290400000007015], [73.18791813658261, 22.28956666667368], [73.18708480324698, 22.289566666673675], [73.18708480324699, 22.288733333340343], [73.18791813658261, 22.288733333340346], [73.18791813658261, 22.287900000007014], [73.18875146991826, 22.287900000007014], [73.18875146991826, 22.28706666667368], [73.1895848032539, 22.287066666673688], [73.18958480325388, 22.28540000000702], [73.18791813658261, 22.28540000000702], [73.18791813658262, 22.284566666673687], [73.18708480324698, 22.284566666673683], [73.18708480324698, 22.282066666673682], [73.1879181365826, 22.28206666667369], [73.18791813658261, 22.281233333340353], [73.18708480324699, 22.281233333340353], [73.18708480324698, 22.28040000000702], [73.18625146991134, 22.280400000007024], [73.18625146991134, 22.279566666673684], [73.18708480324698, 22.27956666667368], [73.18708480324698, 22.27873333334036], [73.18375146990444, 22.27873333334036], [73.18375146990444, 22.277900000007026], [73.18458480324007, 22.277900000007026], [73.18458480324007, 22.275400000007025], [73.18375146990444, 22.27540000000703], [73.18375146990444, 22.274566666673692], [73.17875146989063, 22.274566666673692], [73.17875146989061, 22.272900000007027], [73.17958480322626, 22.272900000007027], [73.17958480322626, 22.27123333334037], [73.1804181365619, 22.271233333340366], [73.1804181365619, 22.270400000007033], [73.177918136555, 22.270400000007033], [73.17791813655501, 22.272066666673695], [73.17625146988372, 22.27206666667369], [73.17625146988372, 22.270400000007033], [73.17541813654809, 22.270400000007033], [73.17541813654809, 22.26956666667369], [73.17625146988372, 22.2695666666737], [73.17625146988372, 22.268733333340364], [73.17541813654809, 22.268733333340364], [73.17541813654809, 22.26790000000704], [73.17625146988372, 22.267900000007035], [73.17625146988372, 22.266233333340363], [73.17708480321936, 22.266233333340363], [73.17708480321936, 22.263733333340372], [73.17625146988372, 22.26373333334037], [73.17625146988372, 22.2620666666737], [73.17375146987682, 22.262066666673704], [73.17375146987682, 22.26123333334037], [73.17541813654809, 22.26123333334037], [73.17541813654809, 22.260400000007035], [73.17458480321245, 22.26040000000704], [73.17458480321245, 22.258733333340377], [73.17375146987682, 22.258733333340373], [73.17375146987682, 22.25790000000704], [73.17291813654118, 22.257900000007037], [73.17291813654118, 22.256233333340376], [73.17458480321245, 22.25623333334038], [73.17458480321208, 22.255981832279517], [73.17315316420628, 22.25552037728109], [73.17088900730577, 22.255010682345556], [73.1685827758692, 22.254705492229245], [73.16625573350224, 22.254607620801323], [73.16392933541232, 22.254717970437483], [73.16162503087514, 22.255035523711722], [73.15936406575543, 22.255557352763937], [73.15716728688973, 22.25627864625734], [73.15505495012275, 22.257192753679245], [73.15304653375502, 22.25829124657917], [73.15296749353125, 22.25833937306429], [73.15105088123815, 22.259635001334466], [73.14958480314377, 22.26084598390025], [73.14958480314341, 22.26123333334037], [73.15125146981468, 22.261233333340375], [73.15125146981468, 22.262066666673707], [73.14875146980779, 22.262066666673707], [73.14875146980891, 22.26162854738371], [73.14766918528335, 22.26271577405968], [73.1475188424081, 22.262900004816604], [73.14875146980778, 22.26290000000704], [73.14875146980778, 22.263733333340365], [73.14708480313651, 22.26373333334037], [73.14708480313651, 22.26456666667371], [73.14958480314341, 22.264566666673698], [73.14958480314341, 22.265400000007034], [73.15125146981468, 22.26540000000703], [73.15125146981468, 22.266233333340367], [73.15208480315032, 22.266233333340356], [73.15208480315032, 22.26873333334037], [73.15041813647905, 22.268733333340364], [73.15041813647905, 22.271233333340362], [73.15125146981468, 22.271233333340362], [73.15125146981468, 22.272900000007024], [73.15208480315032, 22.272900000007024], [73.15208480315032, 22.272066666673695], [73.15291813648595, 22.27206666667369], [73.15291813648595, 22.276233333340357], [73.15375146982159, 22.276233333340357], [73.15375146982159, 22.27706666667369], [73.15458480315722, 22.277066666673687], [73.15458480315722, 22.277900000007026], [73.15375146982159, 22.277900000007026], [73.15375146982159, 22.279566666673684], [73.15041813647905, 22.279566666673684], [73.15041813647905, 22.277900000007026], [73.14958480314341, 22.277900000007026], [73.1495848031434, 22.276233333340357], [73.14875146980778, 22.276233333340357], [73.14875146980776, 22.27540000000702], [73.14791813647214, 22.27540000000702], [73.14791813647214, 22.277066666673687], [73.14541813646524, 22.27706666667369], [73.14541813646524, 22.277900000007026], [73.14708480313651, 22.27790000000703], [73.14708480313651, 22.27873333334036], [73.14875146980778, 22.27873333334036], [73.14875146980778, 22.279566666673688], [73.14791813647214, 22.279566666673688], [73.14791813647214, 22.281233333340346], [73.14958480314341, 22.281233333340353], [73.14958480314341, 22.280400000007017], [73.15458480315722, 22.28040000000702], [73.15458480315722, 22.27873333334036], [73.15541813649286, 22.27873333334036], [73.15541813649286, 22.279566666673684], [73.15625146982849, 22.279566666673684], [73.15625146982849, 22.280400000007017], [73.15708480316412, 22.280400000007017], [73.15708480316412, 22.281233333340353]], [[73.15291813648594, 22.271233333340355], [73.15208480315032, 22.271233333340366], [73.15208480315032, 22.270400000007033], [73.15291813648595, 22.270400000007033], [73.15291813648595, 22.269566666673697], [73.15375146982159, 22.269566666673697], [73.15375146982159, 22.268733333340354], [73.15291813648595, 22.268733333340364], [73.15291813648597, 22.267900000007046], [73.15458480315722, 22.267900000007035], [73.15458480315722, 22.268733333340364], [73.15541813649286, 22.268733333340364], [73.15541813649286, 22.269566666673693], [73.1545848031572, 22.269566666673693], [73.15458480315722, 22.272066666673695], [73.15291813648595, 22.27206666667369], [73.15291813648594, 22.271233333340355]], [[73.15541813649286, 22.277900000007026], [73.15625146982849, 22.27790000000703], [73.15625146982849, 22.27873333334035], [73.15541813649286, 22.27873333334036], [73.15541813649286, 22.277900000007026]], [[73.17541813654809, 22.28623333334035], [73.17625146988372, 22.286233333340352], [73.17625146988372, 22.28706666667368], [73.17541813654809, 22.287066666673688], [73.17541813654809, 22.28623333334035]], [[73.18458480324007, 22.28540000000702], [73.18458480324007, 22.286233333340352], [73.18375146990444, 22.286233333340345], [73.18375146990445, 22.284566666673683], [73.18458480324007, 22.284566666673683], [73.18458480324007, 22.28373333334035], [73.1854181365757, 22.28373333334035], [73.1854181365757, 22.284566666673687], [73.18625146991134, 22.28456666667368], [73.18625146991134, 22.28540000000702], [73.18458480324007, 22.28540000000702]], [[73.18375146990442, 22.28373333334035], [73.18375146990444, 22.282900000007015], [73.18458480324007, 22.282900000007015], [73.18458480324007, 22.28373333334035], [73.18375146990442, 22.28373333334035]], [[73.18458480324007, 22.282066666673682], [73.18541813657569, 22.282066666673682], [73.1854181365757, 22.28290000000702], [73.18458480324007, 22.282900000007015], [73.18458480324007, 22.282066666673682]], [[73.16791813652738, 22.280400000007017], [73.16875146986301, 22.28040000000702], [73.16875146986301, 22.281233333340353], [73.16791813652738, 22.281233333340353], [73.16791813652738, 22.280400000007017]], [[73.16625146985612, 22.277900000007026], [73.16708480319174, 22.27790000000703], [73.16708480319174, 22.279566666673688], [73.1662514698561, 22.279566666673688], [73.16625146985612, 22.277900000007026]], [[73.15708480316411, 22.27540000000702], [73.15625146982849, 22.27540000000702], [73.15625146982849, 22.274566666673692], [73.15541813649284, 22.27456666667369], [73.15541813649286, 22.275400000007018], [73.15375146982159, 22.27540000000703], [73.15375146982159, 22.273733333340363], [73.15458480315722, 22.27373333334036], [73.15458480315722, 22.27290000000702], [73.15541813649286, 22.27290000000702], [73.15541813649286, 22.271233333340362], [73.15625146982849, 22.271233333340366], [73.15625146982849, 22.27206666667369], [73.15875146983541, 22.272066666673695], [73.1587514698354, 22.27290000000702], [73.15791813649976, 22.272900000007024], [73.15791813649976, 22.27373333334036], [73.1587514698354, 22.27373333334036], [73.15875146983538, 22.27540000000702], [73.16041813650666, 22.275400000007018], [73.16041813650666, 22.276233333340357], [73.1612514698423, 22.276233333340357], [73.1612514698423, 22.27706666667368], [73.16208480317793, 22.27706666667369], [73.16208480317793, 22.27790000000703], [73.16125146984228, 22.27790000000703], [73.1612514698423, 22.27873333334036], [73.15958480317103, 22.27873333334036], [73.15958480317104, 22.277066666673694], [73.15791813649976, 22.27706666667369], [73.15791813649976, 22.276233333340357], [73.15708480316412, 22.276233333340357], [73.15708480316411, 22.27540000000702]], [[73.16041813650666, 22.272066666673695], [73.16125146984231, 22.2720666666737], [73.1612514698423, 22.271233333340362], [73.16041813650666, 22.271233333340362], [73.16041813650666, 22.26956666667369], [73.1612514698423, 22.269566666673693], [73.1612514698423, 22.268733333340368], [73.16208480317792, 22.268733333340364], [73.16208480317793, 22.269566666673697], [73.16458480318484, 22.269566666673693], [73.16458480318484, 22.27290000000702], [73.16375146984922, 22.272900000007027], [73.1637514698492, 22.273733333340356], [73.16291813651357, 22.273733333340363], [73.16291813651357, 22.27456666667369], [73.16375146984922, 22.274566666673696], [73.16375146984922, 22.275400000007025], [73.16208480317793, 22.275400000007025], [73.16208480317795, 22.2745666666737], [73.1612514698423, 22.27456666667369], [73.1612514698423, 22.27373333334036], [73.16041813650666, 22.273733333340363], [73.16041813650666, 22.272066666673695]], [[73.15625146982849, 22.26956666667369], [73.15791813649976, 22.2695666666737], [73.15791813649976, 22.270400000007033], [73.15625146982848, 22.270400000007033], [73.15625146982849, 22.26956666667369]], [[73.15208480315032, 22.26373333334037], [73.15291813648594, 22.26373333334037], [73.15291813648597, 22.26456666667371], [73.15208480315032, 22.264566666673694], [73.15208480315032, 22.26373333334037]], [[73.16291813651357, 22.257066666673705], [73.16375146984922, 22.25706666667371], [73.16375146984922, 22.257900000007044], [73.16291813651357, 22.257900000007037], [73.16291813651357, 22.257066666673705]]], [[[73.17958480322626, 22.29873333334034], [73.17958480322609, 22.29910627879222], [73.1802209782446, 22.29878358592275], [73.18030060747905, 22.298733335436335], [73.17958480322626, 22.29873333334034]]], [[[73.177918136555, 22.29956666667367], [73.17791813655485, 22.29992484966465], [73.17815888175146, 22.299829547492806], [73.1786771506653, 22.299566668795205], [73.177918136555, 22.29956666667367]]], [[[73.17708480321936, 22.297900000007004], [73.177918136555, 22.297900000007], [73.177918136555, 22.297066666673672], [73.17708480321936, 22.29706666667367], [73.17708480321936, 22.297900000007004]]]]}}, {"type": "Feature", "properties": {"layer": "permanent_water_jrc"}, "geometry": {"type": "MultiPolygon", "coordinates": [[[[73.1662514698561, 22.25623333334038], [73.16625146985614, 22.254607823072416], [73.16541813652054, 22.25464735497254], [73.16541813652047, 22.25623333334038], [73.1662514698561, 22.25623333334038]]], [[[73.16708480319174, 22.256233333340383], [73.1662514698561, 22.25623333334038], [73.1662514698561, 22.25956666667371], [73.16708480319174, 22.25956666667371], [73.16708480319174, 22.256233333340383]]], [[[73.16541813652047, 22.262066666673704], [73.1662514698561, 22.262066666673704], [73.1662514698561, 22.25956666667371], [73.16541813652047, 22.259566666673706], [73.16541813652047, 22.262066666673704]]], [[[73.1662514698561, 22.262066666673704], [73.1662514698561, 22.26290000000704], [73.16708480319174, 22.26290000000704], [73.16708480319174, 22.2620666666737], [73.1662514698561, 22.262066666673704]]], [[[73.16708480319174, 22.263733333340372], [73.16791813652738, 22.26373333334037], [73.16791813652738, 22.26290000000704], [73.16708480319174, 22.26290000000704], [73.16708480319174, 22.263733333340372]]], [[[73.16875146986301, 22.26373333334037], [73.16791813652738, 22.26373333334037], [73.16791813652738, 22.268733333340368], [73.168751469863, 22.268733333340364], [73.16875146986301, 22.26373333334037]]], [[[73.16791813652738, 22.268733333340368], [73.16708480319174, 22.268733333340368], [73.16708480319174, 22.271233333340362], [73.16791813652736, 22.271233333340366], [73.16791813652738, 22.268733333340368]]], [[[73.16958480319865, 22.270400000007033], [73.168751469863, 22.270400000007033], [73.168751469863, 22.27123333334036], [73.16958480319865, 22.271233333340366], [73.16958480319865, 22.270400000007033]]], [[[73.168751469863, 22.27123333334036], [73.16791813652736, 22.271233333340366], [73.16791813652736, 22.27206666667369], [73.16875146986301, 22.272066666673695], [73.168751469863, 22.27123333334036]]], [[[73.16958480319865, 22.272900000007024], [73.17041813653428, 22.272900000007027], [73.17041813653428, 22.271233333340366], [73.16958480319865, 22.271233333340366], [73.16958480319865, 22.272900000007024]]], [[[73.17125146986992, 22.272900000007027], [73.17041813653428, 22.272900000007027], [73.17041813653428, 22.27540000000702], [73.17125146986992, 22.27540000000702], [73.17125146986992, 22.272900000007027]]], [[[73.17208480320556, 22.27540000000702], [73.17125146986992, 22.27540000000702], [73.17125146986993, 22.277900000007026], [73.17208480320555, 22.277900000007026], [73.17208480320556, 22.27540000000702]]], [[[73.17208480320555, 22.282066666673686], [73.17125146986992, 22.282066666673693], [73.17125146986992, 22.282900000007015], [73.17208480320555, 22.282900000007018], [73.17208480320555, 22.282066666673686]]], [[[73.17041813653428, 22.282900000007018], [73.17041813653428, 22.28540000000702], [73.17125146986993, 22.285400000007012], [73.17125146986992, 22.282900000007015], [73.17041813653428, 22.282900000007018]]], [[[73.17125146986993, 22.285400000007012], [73.17125146986993, 22.28706666667368], [73.17208480320555, 22.287066666673688], [73.17208480320556, 22.285400000007012], [73.17125146986993, 22.285400000007012]]], [[[73.14375146979397, 22.286233333340352], [73.14375146979559, 22.286781288672664], [73.14380391744675, 22.286915577860487], [73.14430942998817, 22.287900000480143], [73.1445848031296, 22.287900000007014], [73.1445848031296, 22.286233333340352], [73.14375146979397, 22.286233333340352]]], [[[73.17291813654117, 22.277900000007026], [73.17208480320555, 22.277900000007026], [73.17208480320555, 22.282066666673686], [73.17291813654118, 22.282066666673682], [73.17291813654117, 22.277900000007026]]], [[[73.17291813654118, 22.287066666673677], [73.17208480320555, 22.287066666673688], [73.17208480320555, 22.287900000007014], [73.17291813654118, 22.28790000000701], [73.17291813654118, 22.287066666673677]]], [[[73.17291813654118, 22.28790000000701], [73.17291813654118, 22.289566666673675], [73.17375146987682, 22.28956666667368], [73.17375146987682, 22.287900000007014], [73.17291813654118, 22.28790000000701]]], [[[73.17375146987682, 22.29040000000701], [73.17458480321245, 22.290400000007008], [73.17458480321245, 22.289566666673675], [73.17375146987682, 22.28956666667368], [73.17375146987682, 22.29040000000701]]], [[[73.17625146988372, 22.29040000000702], [73.17458480321245, 22.290400000007008], [73.17458480321245, 22.291233333340347], [73.17625146988372, 22.291233333340347], [73.17625146988372, 22.29040000000702]]], [[[73.17625146988372, 22.291233333340347], [73.17625146988372, 22.292066666673676], [73.177918136555, 22.29206666667368], [73.177918136555, 22.29123333334035], [73.17625146988372, 22.291233333340347]]], [[[73.17958480322626, 22.292900000007013], [73.17958480322626, 22.292066666673673], [73.177918136555, 22.29206666667368], [73.177918136555, 22.292900000007013], [73.17958480322626, 22.292900000007013]]], [[[73.17958480322626, 22.292900000007013], [73.17958480322626, 22.29373333334034], [73.1804181365619, 22.29373333334034], [73.1804181365619, 22.292900000007013], [73.17958480322626, 22.292900000007013]]], [[[73.1804181365619, 22.29456666667367], [73.18125146989753, 22.29456666667368], [73.18125146989753, 22.29373333334035], [73.1804181365619, 22.29373333334034], [73.1804181365619, 22.29456666667367]]], [[[73.18208480323317, 22.29456666667368], [73.18125146989753, 22.29456666667368], [73.18125146989753, 22.297900000007], [73.18162113093973, 22.29790000053483], [73.18208480323207, 22.29760738870269], [73.18208480323317, 22.29456666667368]]]]}}, {"type": "Feature", "properties": {"layer": "airport", "name": "Vadodara Green Airport Harni", "icao": "VABO", "distance_m": 7165.8}, "geometry": {"type": "Polygon", "coordinates": [[[73.2181248, 22.3263243], [73.2182612, 22.326117299999996], [73.2182051, 22.325946900000005], [73.2197135, 22.325794], [73.22218180000002, 22.324554000000006], [73.2222157, 22.32429460000001], [73.2236361, 22.323952600000005], [73.2237532, 22.3249701], [73.2242585, 22.32534340000001], [73.2244957, 22.3253064], [73.2253954, 22.3257596], [73.2275644, 22.326489199999997], [73.2278633, 22.326571799999996], [73.2307194, 22.326785600000008], [73.2306886, 22.327025], [73.2321182, 22.3279484], [73.2321737, 22.3282847], [73.2322908, 22.328472800000004], [73.23278369999998, 22.328615299999992], [73.23290080000001, 22.32850420000001], [73.2333969, 22.328943099999996], [73.233381, 22.329254000000002], [73.2336471, 22.329809799999996], [73.233587, 22.331016599999998], [73.2333037, 22.332000999999998], [73.2328059, 22.3319058], [73.2328059, 22.332278900000002], [73.2322051, 22.3322313], [73.2320849, 22.3332396], [73.2319648, 22.33323959999999], [73.2319304, 22.3336842], [73.2321364, 22.3341605], [73.2316987, 22.334271700000002], [73.2317931, 22.334978299999996], [73.2314584, 22.335279899999996], [73.2315442, 22.335494300000004], [73.230746, 22.3354864], [73.2301537, 22.3362247], [73.2311408, 22.338487300000004], [73.2322223, 22.339654299999992], [73.234574, 22.3420677], [73.2356641, 22.3416708], [73.237106, 22.3425123], [73.238754, 22.3440683], [73.2378356, 22.344941500000004], [73.2380244, 22.344973300000007], [73.2382476, 22.345449600000002], [73.2390286, 22.3459021], [73.2391231, 22.346481599999997], [73.23833339999999, 22.347307199999996], [73.2388484, 22.347807299999992], [73.237312, 22.3485932], [73.2361619, 22.3489822], [73.2360675, 22.348648799999996], [73.2369086, 22.348458299999997], [73.2365481, 22.348013699999996], [73.2349517, 22.3469023], [73.2331321, 22.344830399999996], [73.2325828, 22.344346099999996], [73.23054, 22.342369400000003], [73.2304198, 22.3420201], [73.2310807, 22.3419804], [73.2302567, 22.3413612], [73.2292268, 22.3412103], [73.2292697, 22.3409484], [73.2291409, 22.340813399999995], [73.2286345, 22.340757799999995], [73.2286517, 22.3404244], [73.2281367, 22.340368800000004], [73.2258965, 22.338789], [73.2256734, 22.3384953], [73.2244975, 22.337836300000006], [73.2244718, 22.337280599999996], [73.2198181, 22.3335675], [73.2199663, 22.3334181], [73.2195853, 22.3330908], [73.2192566, 22.333381800000005], [73.2183588, 22.332692299999998], [73.2184377, 22.332604600000007], [73.2179904, 22.3322507], [73.2166779, 22.331027399999996], [73.2160447, 22.3316195], [73.2158113, 22.331821799999997], [73.2147333, 22.328663800000005], [73.214318, 22.327435900000008], [73.2144725, 22.3273327], [73.2148759, 22.327936099999995], [73.2150021, 22.327945700000004], [73.215348, 22.3277693], [73.2153308, 22.3272612], [73.21550239999999, 22.327086499999993], [73.21560910000001, 22.326981299999996], [73.2159229, 22.326941599999998], [73.2161696, 22.326753100000005], [73.21671359999999, 22.3266421], [73.2166581, 22.3264437], [73.2170241, 22.326304500000003], [73.2181248, 22.3263243]]]}}, {"type": "Feature", "properties": {"layer": "airport_reference_point", "name": "Vadodara Green Airport Harni", "icao": "VABO", "distance_m": 8718.2}, "geometry": {"type": "Point", "coordinates": [73.226303, 22.336201]}}]}