{"type": "FeatureCollection", "features": [{"type": "Feature", "properties": {"layer": "outline_2026", "site": "AHM-03"}, "geometry": {"type": "Polygon", "coordinates": [[[72.54555424046379, 22.96212938287168], [72.54533635017391, 22.96101996959542], [72.54521149329388, 22.96051022833337], [72.54498140130524, 22.959445354433104], [72.54636392922346, 22.959196062694975], [72.54769496237827, 22.95899587692916], [72.54828947291566, 22.961618474029326], [72.54555424046379, 22.96212938287168]]]}}, {"type": "Feature", "properties": {"layer": "union_2016_2026", "site": "AHM-03"}, "geometry": {"type": "Polygon", "coordinates": [[[72.54636392922346, 22.959196062694975], [72.54498140130524, 22.959445354433104], [72.54521149329388, 22.96051022833337], [72.54533635017391, 22.96101996959542], [72.54555424046379, 22.96212938287168], [72.54828947291566, 22.961618474029326], [72.54769496237827, 22.95899587692916], [72.54636392922346, 22.959196062694975]]]}}, {"type": "Feature", "properties": {"layer": "buffer_100m", "site": "AHM-03"}, "geometry": {"type": "Polygon", "coordinates": [[[72.54848229065827, 22.962503632368232], [72.54857551265215, 22.96248173846526], [72.54866595222174, 22.962451447348787], [72.54875272962718, 22.962413053672563], [72.54883500075387, 22.96236693090689], [72.54891196532385, 22.96231352770555], [72.54898287468063, 22.962253363541347], [72.54904703907162, 22.962187023652746], [72.54910383435775, 22.96211515335085], [72.54915270808434, 22.96203845174195], [72.54919318485489, 22.961957664926867], [72.5492248709549, 22.961873578743184], [72.54924745818123, 22.961787011120972], [72.54926072683948, 22.961698804126403], [72.54926454788033, 22.961609815770636], [72.54925888415413, 22.96152091166367], [72.54924379077164, 22.961432956594326], [72.54864926264449, 22.958810363010322], [72.5486258680357, 22.958727108317635], [72.54859402430509, 22.95864629306646], [72.54855402048842, 22.95856865075475], [72.54850621968255, 22.958494886080892], [72.54845105574947, 22.958425668547903], [72.54838902937801, 22.958361626387067], [72.54832070353952, 22.95830334085618], [72.54824669837787, 22.958251340964186], [72.54816768558105, 22.958206098669955], [72.5480843822848, 22.958168024598965], [72.54799754456404, 22.95813746431657], [72.54790796057075, 22.958114695191778], [72.5478164433811, 22.958099923879924], [72.54772382361608, 22.958093284447184], [72.54763094190322, 22.958094837153816], [72.5475386412474, 22.958104567907263], [72.54620761658441, 22.958304752383736], [72.54617755760975, 22.95830972160187], [72.5447950383589, 22.958559011743475], [72.54470181883408, 22.958580279261138], [72.54461130955977, 22.95860993285857], [72.54452438792809, 22.958647685075963], [72.54444189655477, 22.958693169945775], [72.5443646351111, 22.958745946540237], [72.54429335257221, 22.95880550324551], [72.54422873995671, 22.958871262720915], [72.54417142362787, 22.958942587495518], [72.54412195922154, 22.959018786147464], [72.54408082625953, 22.959099120006346], [72.54404842350085, 22.95918281031376], [72.54402506507553, 22.959269045772352], [72.54401097743883, 22.95935699041041], [72.54400629717549, 22.95944579168576], [72.54401106967484, 22.959534588750262], [72.54402524869009, 22.959622520794934], [72.54425533349247, 22.960687396058326], [72.54426053608024, 22.960709970654065], [72.54438073582756, 22.961200712751797], [72.54459485407666, 22.962290959229772], [72.54461689651588, 22.96237829862618], [72.54464818707787, 22.962463182178688], [72.54468841705709, 22.96254477239943], [72.5447371895468, 22.962622264292182], [72.54479402335461, 22.96269489329485], [72.54485835774973, 22.962761942823136], [72.54492955799502, 22.9628227513409], [72.54500692160931, 22.962876718887344], [72.54508968529842, 22.96292331299674], [72.54517703248617, 22.962962073952173], [72.54526810137124, 22.962992619321543], [72.54536199343048, 22.963014647730997], [72.54545778228444, 22.963027941838575], [72.54555452283796, 22.96303237047872], [72.54565126060547, 22.96302788995651], [72.54574704112882, 22.96301454447876], [72.54848229065827, 22.962503632368232]], [[72.54533635017391, 22.96101996959542], [72.54521149329388, 22.96051022833337], [72.54498140130524, 22.959445354433104], [72.54636392922346, 22.959196062694975], [72.54769496237827, 22.95899587692916], [72.54828947291566, 22.961618474029326], [72.54555424046379, 22.96212938287168], [72.54533635017391, 22.96101996959542]]]}}, {"type": "Feature", "properties": {"layer": "buffer_200m", "site": "AHM-03"}, "geometry": {"type": "Polygon", "coordinates": [[[72.54867511091108, 22.963388790373916], [72.5488615560202, 22.96334500229132], [72.54904243613977, 22.963284419687028], [72.54921599175202, 22.963207631882973], [72.54938053459668, 22.96311538583731], [72.54953446409486, 22.96300857887754], [72.54967628291965, 22.962888249970895], [72.5498046115616, 22.962755569616764], [72.54991820174794, 22.96261182845973], [72.55001594858437, 22.962458424733864], [72.55009690130179, 22.962296850660522], [72.55016027250319, 22.96212867793208], [72.55020544582105, 22.96195554242268], [72.55023198191058, 22.96177912827496], [72.5502396227208, 22.961601151517396], [72.55022829400177, 22.961423343371752], [72.5501981060242, 22.961247433413046], [72.54960356030757, 22.958624843345504], [72.54955677001429, 22.958458334233452], [72.5494930816106, 22.958296704092245], [72.54941307320222, 22.95814141990467], [72.54931747101094, 22.95799389105171], [72.54920714278163, 22.95785545652152], [72.54908308990527, 22.95772737275723], [72.54894643832924, 22.957610802254266], [72.5487984283377, 22.957506803010233], [72.54864040329458, 22.957416318923343], [72.54847379745145, 22.957340171226388], [72.54830012293095, 22.957279051033957], [72.54812095600377, 22.957233513070555], [72.54793792278379, 22.957203970636506], [72.54775268447105, 22.957190691857296], [72.5475669222765, 22.957193797250294], [72.5473823221653, 22.957213258631175], [72.54605130599381, 22.95741344181835], [72.54599118842482, 22.957423380190797], [72.54460867784103, 22.95767266873594], [72.54442223991882, 22.957715203502122], [72.54424122236009, 22.957774510332655], [72.54406737991083, 22.957850014321963], [72.54390239777088, 22.95794098355221], [72.54374787525946, 22.958046536187577], [72.54360531031226, 22.95816564902175], [72.54347608496147, 22.95829716739573], [72.5433614519382, 22.958439816389923], [72.54326252252834, 22.95859221318207], [72.54318025579863, 22.958752880451204], [72.54311544929817, 22.958920260697838], [72.54306873132508, 22.95909273134149], [72.54304055483334, 22.959268620449368], [72.54303119303951, 22.959446222943594], [72.54304073677127, 22.959623817130073], [72.54306909358412, 22.95979968138865], [72.54329917120013, 22.960864558015057], [72.54330957607351, 22.960909707268], [72.54342511894137, 22.961381450146334], [72.54363546541003, 22.96245252978128], [72.54367954913688, 22.962627208833144], [72.54374212924441, 22.962796976295564], [72.54382258836141, 22.962960157178777], [72.54392013270761, 22.9631151414729], [72.54403379992317, 22.96326040003371], [72.54416246856226, 22.963394499670798], [72.54430486915649, 22.963516117288997], [72.5444595967395, 22.963624052943782], [72.54462512470897, 22.963717241681557], [72.54479981988923, 22.96379476404807], [72.54498195864605, 22.9638558551612], [72.54516974389418, 22.963899912258466], [72.54536132283029, 22.96392650064502], [72.54555480521572, 22.963935357982997], [72.54574828202894, 22.963926396880257], [72.54593984430342, 22.96389970575275], [72.54867511091108, 22.963388790373916]], [[72.54533635017391, 22.96101996959542], [72.54521149329388, 22.96051022833337], [72.54498140130524, 22.959445354433104], [72.54636392922346, 22.959196062694975], [72.54769496237827, 22.95899587692916], [72.54828947291566, 22.961618474029326], [72.54555424046379, 22.96212938287168], [72.54533635017391, 22.96101996959542]]]}}, {"type": "Feature", "properties": {"layer": "river", "name": "", "osm": "way/142616342", "distance_m": 645.5}, "geometry": {"type": "MultiPolygon", "coordinates": [[[[72.5268717, 22.976380400000007], [72.5276763, 22.976578000000007], [72.52812699999998, 22.9765977], [72.5285454, 22.976617500000003], [72.5293822, 22.976814999999995], [72.5299294, 22.9770027], [72.5313134, 22.977467000000004], [72.53250429999999, 22.977842300000006], [72.5333626, 22.9778818], [72.5338347, 22.977852200000005], [72.5343604, 22.9779312], [72.5349505, 22.978069500000004], [72.5353475, 22.978276900000004], [72.5360234, 22.978474500000004], [72.5366778, 22.97867199999999], [72.5377829, 22.9788004], [72.5381799, 22.979076999999997], [72.538727, 22.979412800000002], [72.5397677, 22.97964], [72.5405188, 22.980064799999994], [72.5412912, 22.980538900000003], [72.5419672, 22.980973500000005], [72.5425572, 22.981506800000002], [72.5428737, 22.9817167], [72.5434853, 22.9820032], [72.544011, 22.982042700000004], [72.5444831, 22.982339], [72.5447942, 22.982536500000002], [72.5448371, 22.9829909], [72.5447406, 22.9833366], [72.5447191, 22.983800799999997], [72.5447298, 22.984107000000012], [72.54481570000002, 22.984433], [72.54489335529809, 22.984673468418553], [72.54556130089064, 22.984704042208776], [72.54798012871531, 22.98459201165096], [72.54998247322264, 22.98431301945503], [72.5496087, 22.984024299999998], [72.5490616, 22.983787299999996], [72.5482095, 22.983316000000006], [72.5465873, 22.982699700000005], [72.5446132, 22.9817752], [72.5424526, 22.9803895], [72.5418732, 22.979747500000002], [72.540221, 22.978670800000003], [72.5394271, 22.9782757], [72.5387619, 22.978206600000007], [72.53620840000002, 22.977199100000007], [72.5355325, 22.976912600000006], [72.5342021, 22.976211299999996], [72.5314126, 22.97504570000001], [72.53060800000002, 22.974690100000004], [72.5295458, 22.974532100000012], [72.52867680000001, 22.974472800000004], [72.5274859, 22.9738999], [72.5259731, 22.973317099999996], [72.5241277, 22.972793600000006], [72.52407227105982, 22.972775242940482], [72.5251261905735, 22.97445014614168], [72.52647179455057, 22.976170023816934], [72.5268717, 22.976380400000007]]], [[[72.5378782, 22.9386203], [72.5369076, 22.939456399999997], [72.5356402, 22.9399591], [72.534232, 22.940242600000005], [72.5334537, 22.941033299999997], [72.5327864, 22.942009200000005], [72.5327496, 22.943838999999997], [72.532634, 22.945130900000002], [72.5325086, 22.946017600000005], [72.5320321, 22.946741499999995], [72.5316004, 22.947008200000003], [72.5311471, 22.9470906], [72.5300786, 22.9477205], [72.52949029999999, 22.947765], [72.5284722, 22.947574], [72.5267776, 22.9476113], [72.52464959604211, 22.94700454895244], [72.52349696616106, 22.948779743655837], [72.52261820978808, 22.95049546615524], [72.5245479, 22.950146699999998], [72.5254801, 22.949992099999996], [72.5249188, 22.949550899999995], [72.5268651, 22.9494965], [72.52767879999999, 22.950472400000002], [72.528271, 22.951649999999994], [72.5302108, 22.952882999999996], [72.5330776, 22.9542345], [72.5346654, 22.955064300000004], [72.5351718, 22.955570199999997], [72.5355066, 22.9560523], [72.5361932, 22.9563842], [72.53675970000002, 22.95661340000001], [72.5376008, 22.956613400000002], [72.53840760000001, 22.956415799999995], [72.5400213, 22.955538599999997], [72.5443128, 22.9527803], [72.5462354, 22.951246999999995], [72.5470079, 22.950061400000003], [72.5476001, 22.948496500000008], [72.5479606, 22.9469948], [72.5480893, 22.945619500000003], [72.5483468, 22.94382530000001], [72.5484584, 22.9425685], [72.5483125, 22.941288000000004], [72.5477632, 22.9400629], [72.54722240000001, 22.9388377], [72.546244, 22.937802299999998], [72.54497029638854, 22.936588388723948], [72.54378754846826, 22.936713075148447], [72.54245672751658, 22.936913228695037], [72.5417053671961, 22.93703744000843], [72.54032305587016, 22.937286691850808], [72.53820927060872, 22.937768938617566], [72.5378782, 22.9386203]]]]}}, {"type": "Feature", "properties": {"layer": "river", "name": "Sabarmati River", "osm": "way/164775725", "distance_m": 1481.9}, "geometry": {"type": "MultiLineString", "coordinates": [[[72.54539826115159, 22.98469657967198], [72.5450161, 22.982479800000004], [72.5420516, 22.9807367], [72.5381309, 22.9784829], [72.534172, 22.977672899999998], [72.5296584, 22.9764756], [72.52553809186912, 22.97497662180266]], [[72.52421936447517, 22.94766716601878], [72.5245377, 22.9477108], [72.5306392, 22.9497055], [72.5346588, 22.9496041], [72.5409359, 22.946054700000012], [72.5429182, 22.94215030000001], [72.54269790000001, 22.9393107], [72.54202693668498, 22.936984280134098]]]}}, {"type": "Feature", "properties": {"layer": "pond_ignored", "name": "", "osm": "way/663649570", "distance_m": 0.0}, "geometry": {"type": "Polygon", "coordinates": [[[72.5482192, 22.961579100000005], [72.5476105, 22.958917000000007], [72.5449092, 22.959440700000002], [72.5455179, 22.9621028], [72.5482192, 22.961579100000005]]]}}, {"type": "Feature", "properties": {"layer": "highway", "name": "SH142", "osm": "way/29351360", "distance_m": 2062.4}, "geometry": {"type": "LineString", "coordinates": [[72.5615413, 22.9756278], [72.56154310000001, 22.9757756], [72.5624593, 22.9776227], [72.56328468734824, 22.979388911118047]]}}, {"type": "Feature", "properties": {"layer": "highway", "name": "Vishala Bridge", "osm": "way/29361224", "distance_m": 2062.3}, "geometry": {"type": "LineString", "coordinates": [[72.5438579, 22.9806852], [72.54125041761444, 22.98433073154877]]}}, {"type": "Feature", "properties": {"layer": "highway", "name": "Vishala Bridge", "osm": "way/29361229", "distance_m": 2079.4}, "geometry": {"type": "LineString", "coordinates": [[72.54156031915136, 22.98437374253873], [72.5440552, 22.980854599999997]]}}, {"type": "Feature", "properties": {"layer": "highway", "name": "Narol Sarkhej Road", "osm": "way/29372909", "distance_m": 1634.5}, "geometry": {"type": "LineString", "coordinates": [[72.5440552, 22.980854599999997], [72.5448904, 22.979692499999995], [72.5452126, 22.979284], [72.5453111, 22.979165499999997], [72.5454227, 22.979036600000004], [72.5455635, 22.978880400000005], [72.5457615, 22.978679400000004], [72.54640159999998, 22.9781037], [72.54696690000002, 22.97768700000001], [72.5470969, 22.977596199999997], [72.5475472, 22.9773347], [72.5476714, 22.977269200000002], [72.5482476, 22.9770047], [72.5483629, 22.976954900000003], [72.5495746, 22.976511500000008], [72.5499385, 22.976388099999998], [72.5500575, 22.976354600000008], [72.5501646, 22.976328799999997], [72.550286, 22.976302], [72.5509143, 22.976210900000005], [72.5586322, 22.975389600000003], [72.5613367, 22.975101799999997], [72.5661194, 22.9745928], [72.5683616, 22.974354500000004], [72.56840048888267, 22.974350362207275]]}}, {"type": "Feature", "properties": {"layer": "highway", "name": "Narol Sarkhej Road", "osm": "way/37577230", "distance_m": 1620.4}, "geometry": {"type": "LineString", "coordinates": [[72.56850233574285, 22.97422145842658], [72.5684668, 22.974225299999997], [72.5678718, 22.974289600000006], [72.5612923, 22.975000699999992], [72.553013, 22.975860100000002], [72.5508922, 22.976080300000003], [72.5506182, 22.976118200000005], [72.5503775, 22.976155100000003], [72.55026, 22.9761777], [72.5502028, 22.976188400000005], [72.5500817, 22.976217199999997], [72.5494244, 22.976396000000005], [72.549072, 22.9764884], [72.5487744, 22.976567500000005], [72.548615, 22.976616300000003], [72.5484835, 22.9766657], [72.5483329, 22.976723300000007], [72.5481835, 22.976783400000002], [72.5479882, 22.9768671], [72.5475518, 22.977060200000004], [72.5474227, 22.9771223], [72.54726180000002, 22.9772015], [72.54695760000001, 22.9773777], [72.5468087, 22.9774674], [72.5466958, 22.977542199999995], [72.5466164, 22.977598200000003], [72.54639749999998, 22.977760599999996], [72.5462728, 22.9778563], [72.5461822, 22.97793430000001], [72.5461136, 22.9779933], [72.5455249, 22.9785271], [72.5452148, 22.978856000000004], [72.5450436, 22.979062699999997], [72.5448632, 22.9792896], [72.5446663, 22.979565300000008], [72.5438579, 22.9806852]]}}, {"type": "Feature", "properties": {"layer": "highway", "name": "SH142", "osm": "way/62326575", "distance_m": 700.0}, "geometry": {"type": "LineString", "coordinates": [[72.55459840000002, 22.9585872], [72.554652, 22.958920399999997], [72.5550159, 22.960414800000002], [72.555179, 22.9609997], [72.5553678, 22.9615608], [72.5555661, 22.9620593], [72.5556928, 22.962377800000002], [72.55580100000002, 22.962629399999994], [72.5566361, 22.9645723], [72.55739339999998, 22.966334099999997], [72.5581475, 22.968058499999998], [72.5581885, 22.9681523], [72.5589575, 22.9699105], [72.5590228, 22.970059900000006], [72.55907409999999, 22.970177199999988], [72.5592123, 22.9704933], [72.5593599, 22.970830700000008], [72.55961779999998, 22.971388499999993], [72.5598073, 22.971798400000004], [72.5599694, 22.972148999999998], [72.5612923, 22.975000699999992]]}}, {"type": "Feature", "properties": {"layer": "highway", "name": "", "osm": "way/1258167327", "distance_m": 2496.1}, "geometry": {"type": "LineString", "coordinates": [[72.56847138362585, 22.974260633402164], [72.5684668, 22.974225299999997]]}}, {"type": "Feature", "properties": {"layer": "highway", "name": "", "osm": "way/1258167328", "distance_m": 1620.5}, "geometry": {"type": "LineString", "coordinates": [[72.550286, 22.976302], [72.55026, 22.9761777]]}}, {"type": "Feature", "properties": {"layer": "highway", "name": "SH142", "osm": "way/1289049185", "distance_m": 1739.1}, "geometry": {"type": "LineString", "coordinates": [[72.54882566007002, 22.93646037433588], [72.5499708, 22.93859760000001], [72.5500052, 22.9386618], [72.5502265, 22.9390749], [72.5511363, 22.9408138], [72.5513938, 22.9414461], [72.5514808, 22.941861900000006], [72.5514907, 22.9419091], [72.5515375, 22.942350400000002], [72.5515899, 22.943248499999992], [72.5516122, 22.94371629999999]]}}, {"type": "Feature", "properties": {"layer": "highway", "name": "SH142", "osm": "way/1289049186", "distance_m": 1633.6}, "geometry": {"type": "LineString", "coordinates": [[72.5514815, 22.944667300000003], [72.5515469, 22.944514800000004], [72.5516235, 22.9441607], [72.5516474, 22.944039], [72.5516505, 22.944000500000005], [72.5516488, 22.9439574], [72.5516122, 22.94371629999999]]}}, {"type": "Feature", "properties": {"layer": "highway", "name": "SH142", "osm": "way/1289049187", "distance_m": 1633.6}, "geometry": {"type": "LineString", "coordinates": [[72.5516122, 22.94371629999999], [72.551574, 22.9438655], [72.5514601, 22.9444955], [72.5514815, 22.944667300000003]]}}, {"type": "Feature", "properties": {"layer": "highway", "name": "SH142", "osm": "way/1289050483", "distance_m": 1556.2}, "geometry": {"type": "LineString", "coordinates": [[72.5514815, 22.944667300000003], [72.5514384, 22.944926099999996], [72.5514171, 22.945131599999996], [72.551398, 22.9453688]]}}, {"type": "Feature", "properties": {"layer": "highway", "name": "SH142", "osm": "way/1289050484", "distance_m": 884.2}, "geometry": {"type": "LineString", "coordinates": [[72.551398, 22.9453688], [72.5513846, 22.945456900000003], [72.5514453, 22.945677200000006], [72.5515092, 22.945907099999996], [72.5515717, 22.946096700000002], [72.5518655, 22.946908200000003], [72.5519179, 22.947081099999995], [72.5520324, 22.9474374], [72.552135, 22.947808100000007], [72.5521852, 22.948024200000003], [72.5522277, 22.9482069], [72.5522662, 22.9483725], [72.552444, 22.949168800000002], [72.5526414, 22.950017800000005], [72.5527336, 22.95040880000001], [72.5527616, 22.950548200000004], [72.5527739, 22.9506096], [72.5528453, 22.9509723], [72.5528699, 22.951097499999996], [72.5530142, 22.9517435], [72.5531247, 22.952238], [72.5531386, 22.952294], [72.5531442, 22.9523164], [72.5532675, 22.952812400000003], [72.5532811, 22.952867300000005], [72.5533341, 22.952956300000007]]}}, {"type": "Feature", "properties": {"layer": "highway", "name": "", "osm": "way/1289050485", "distance_m": 1299.4}, "geometry": {"type": "LineString", "coordinates": [[72.5521852, 22.948024200000003], [72.5522313, 22.948013700000004]]}}, {"type": "Feature", "properties": {"layer": "highway", "name": "", "osm": "way/1289050486", "distance_m": 970.9}, "geometry": {"type": "LineString", "coordinates": [[72.5530142, 22.9517435], [72.55307140000001, 22.951732]]}}, {"type": "Feature", "properties": {"layer": "highway", "name": "SH142", "osm": "way/1289050487", "distance_m": 884.2}, "geometry": {"type": "LineString", "coordinates": [[72.5533341, 22.952956300000007], [72.5533302, 22.952852400000005], [72.5531999, 22.952279999999995], [72.55307140000001, 22.951732], [72.5528936, 22.950956000000005], [72.5528089, 22.950536600000003], [72.5523712, 22.948644000000005], [72.5522725, 22.9481902], [72.5522313, 22.948013700000004], [72.5521668, 22.947738199999993], [72.552045, 22.947297100000004], [72.5520221, 22.9472156], [72.5516435, 22.946145500000004], [72.5515754, 22.9459355], [72.5515391, 22.9458134], [72.5514413, 22.945445599999996], [72.551398, 22.9453688]]}}, {"type": "Feature", "properties": {"layer": "highway", "name": "SH142", "osm": "way/1289050867", "distance_m": 699.5}, "geometry": {"type": "LineString", "coordinates": [[72.5535845, 22.954095999999996], [72.553578, 22.954193100000005], [72.5537306, 22.954826800000003], [72.5537678, 22.9549837], [72.5539192, 22.95562290000001], [72.5540227, 22.95608929999999], [72.5540561, 22.956239999999998], [72.55420339999999, 22.956914100000002], [72.554551, 22.958496800000002], [72.55459840000002, 22.9585872]]}}, {"type": "Feature", "properties": {"layer": "highway", "name": "SH142", "osm": "way/1289050868", "distance_m": 702.2}, "geometry": {"type": "LineString", "coordinates": [[72.55459840000002, 22.9585872], [72.5545953, 22.958475000000004], [72.5543884, 22.957493099999997], [72.5540969, 22.956177499999995], [72.5540735, 22.9560766], [72.5539984, 22.955751300000006], [72.5538134, 22.954976900000002], [72.5536226, 22.954178200000005], [72.5535845, 22.954095999999996]]}}, {"type": "Feature", "properties": {"layer": "highway", "name": "SH142", "osm": "way/1289050869", "distance_m": 812.0}, "geometry": {"type": "LineString", "coordinates": [[72.5533341, 22.952956300000007], [72.5533631, 22.953028200000002], [72.5533765, 22.953088500000003], [72.5535669, 22.953963400000003], [72.5535845, 22.954095999999996]]}}, {"type": "Feature", "properties": {"layer": "highway", "name": "", "osm": "way/1289050870", "distance_m": 765.1}, "geometry": {"type": "LineString", "coordinates": [[72.5537678, 22.9549837], [72.5538134, 22.954976900000002]]}}, {"type": "Feature", "properties": {"layer": "highway", "name": "", "osm": "way/1289050871", "distance_m": 724.4}, "geometry": {"type": "LineString", "coordinates": [[72.5540227, 22.95608929999999], [72.5540735, 22.9560766]]}}, {"type": "Feature", "properties": {"layer": "highway", "name": "SH142", "osm": "way/1304977323", "distance_m": 1993.6}, "geometry": {"type": "LineString", "coordinates": [[72.5612923, 22.975000699999992], [72.5613367, 22.975101799999997], [72.5615413, 22.9756278]]}}, {"type": "Feature", "properties": {"layer": "highway", "name": "SH142", "osm": "way/1304977324", "distance_m": 2062.4}, "geometry": {"type": "LineString", "coordinates": [[72.56339771179654, 22.97931048102094], [72.5632123, 22.97890699999999], [72.5625801, 22.977590299999992], [72.56166030000001, 22.97575030000001], [72.5615413, 22.9756278]]}}, {"type": "Feature", "properties": {"layer": "stream_canal", "name": "", "osm": "way/478207067", "distance_m": 2485.7}, "geometry": {"type": "LineString", "coordinates": [[72.53485655449583, 22.982384511356308], [72.5348271, 22.98232670000001], [72.5346876, 22.982193300000002], [72.5344892, 22.982104400000004], [72.53437110000002, 22.9820698], [72.53418756689754, 22.982087631000343]]}}, {"type": "Feature", "properties": {"layer": "nonresidential_zone"}, "geometry": {"type": "MultiPolygon", "coordinates": [[[[72.5483643, 22.941025899999996], [72.5486613, 22.942581], [72.5497871, 22.942494599999996], [72.5499747, 22.943416099999997], [72.5519292, 22.943963300000004], [72.5541025, 22.944582400000005], [72.5547123, 22.943776099999997], [72.5541494, 22.940464400000003], [72.556401, 22.940219599999995], [72.56088425179806, 22.940037029718884], [72.5595113962847, 22.939250974393108], [72.55742903863707, 22.938299256079397], [72.555258371845, 22.937535360682176], [72.5530190897059, 22.936966218384384], [72.5507315076191, 22.936596992463137], [72.54841637852225, 22.936431032513955], [72.54609470488712, 22.936469844106995], [72.5452558384459, 22.93655828524933], [72.5472541, 22.938621300000005], [72.5483643, 22.941025899999996]]], [[[72.54902560000001, 22.9538761], [72.5522778, 22.9533578], [72.55427920000001, 22.9584256], [72.5550297, 22.958425600000005], [72.5554362, 22.961017100000003], [72.5601113, 22.972246199999997], [72.5618312, 22.971900699999996], [72.5618468, 22.9705763], [72.5630508, 22.970676999999995], [72.56281619999999, 22.969295], [72.56658440000001, 22.970331500000004], [72.5681167, 22.9673228], [72.5686657, 22.963547], [72.56537100000001, 22.9626919], [72.56597, 22.959800899999994], [72.5621549, 22.959354600000005], [72.5612011, 22.958389999999994], [72.56174839999998, 22.9569359], [72.5640312, 22.9575549], [72.5644533, 22.955956800000003], [72.56270219999999, 22.955352100000002], [72.5626552, 22.953725200000004], [72.564641, 22.94963619999999], [72.563609, 22.94920430000001], [72.5614826, 22.949377099999996], [72.5599972, 22.949117900000008], [72.5570264, 22.9472317], [72.55460290000002, 22.946684599999998], [72.5540869, 22.945100800000002], [72.5524452, 22.9446256], [72.5505689, 22.9440641], [72.5487082, 22.944856000000005], [72.5511208, 22.950075], [72.5473057, 22.9516012], [72.5471806, 22.953127400000003], [72.54902560000001, 22.9538761]]], [[[72.554606, 22.965210800000005], [72.5551218, 22.9651197], [72.55508880000001, 22.964832600000005], [72.5543692, 22.964702899999995], [72.5514697, 22.965972799999996], [72.5525521, 22.968095800000004], [72.5553976, 22.966856200000002], [72.55533759999999, 22.9666243], [72.554606, 22.965210800000005]]], [[[72.5541772, 22.973482200000003], [72.5564914, 22.972619400000003], [72.5545788, 22.9684989], [72.5523029, 22.969344099999997], [72.5541772, 22.973482200000003]]], [[[72.5718128, 22.95976110000001], [72.5715939, 22.961258399999995], [72.56902, 22.961172600000005], [72.5694578, 22.9656355], [72.57199080000001, 22.965923399999998], [72.5708338, 22.969867999999998], [72.57095899940005, 22.969896587842975], [72.57167547656428, 22.967994434183385], [72.57223981669338, 22.965830164198742], [72.57257116501141, 22.963624941832023], [72.57266630957766, 22.961400219203828], [72.57255923066035, 22.959723910925227], [72.5718128, 22.95976110000001]]], [[[72.5595241, 22.9736044], [72.5603329, 22.973420600000004], [72.5599105, 22.97246440000001], [72.5584882, 22.9730271], [72.5586687, 22.973421700000003], [72.5590188, 22.973272100000003], [72.5591993, 22.973644300000004], [72.559488, 22.973528], [72.5595241, 22.9736044]]], [[[72.5652929, 22.974779599999998], [72.565188, 22.9752093], [72.56527130000002, 22.975423600000003], [72.565538, 22.975681599999987], [72.5649038, 22.976344700000002], [72.5654158, 22.9766894], [72.565282, 22.9770658], [72.5654431, 22.977363300000007], [72.5643405, 22.977784399999997], [72.56435112239112, 22.978571976843334], [72.56562645978005, 22.97748978680694], [72.56723052744549, 22.975831116493524], [72.56832467912699, 22.974446311591343], [72.5652929, 22.974779599999998]]]]}}, {"type": "Feature", "properties": {"layer": "building", "distance_m": 150.7, "source": "Google Open Buildings", "in_industrial_zone": false, "ghsl_2018": 1}, "geometry": {"type": "Polygon", "coordinates": [[[72.5476646, 22.963124200000006], [72.5476726, 22.963162599999993], [72.5476277, 22.96317070000001], [72.5476196, 22.963132200000008], [72.5476646, 22.963124200000006]]]}}, {"type": "Feature", "properties": {"layer": "building", "distance_m": 143.3, "source": "Google Open Buildings", "in_industrial_zone": false, "ghsl_2018": 1}, "geometry": {"type": "Polygon", "coordinates": [[[72.54765640000001, 22.9630567], [72.5477075, 22.963049500000007], [72.547725, 22.963157199999998], [72.5476739, 22.96316430000001], [72.54765640000001, 22.9630567]]]}}, {"type": "Feature", "properties": {"layer": "building", "distance_m": 136.9, "source": "Google Open Buildings", "in_industrial_zone": false, "ghsl_2018": 1}, "geometry": {"type": "Polygon", "coordinates": [[[72.5476983, 22.962993400000002], [72.5477075, 22.963049500000007], [72.5476334, 22.963059900000005], [72.5476243, 22.963003699999998], [72.5476983, 22.962993400000002]]]}}, {"type": "Feature", "properties": {"layer": "building", "distance_m": 115.6, "source": "Microsoft ML Buildings", "in_industrial_zone": false, "ghsl_2018": 1}, "geometry": {"type": "Polygon", "coordinates": [[[72.5476627, 22.962854699999998], [72.5476519, 22.962802199999995], [72.5477012, 22.962793699999995], [72.5477119, 22.962846200000005], [72.5476627, 22.962854699999998]]]}}, {"type": "Feature", "properties": {"layer": "building", "distance_m": 132.7, "source": "Microsoft ML Buildings", "in_industrial_zone": false, "ghsl_2018": 1}, "geometry": {"type": "Polygon", "coordinates": [[[72.5476083, 22.963017299999994], [72.547575, 22.9630239], [72.547564, 22.9629767], [72.5475973, 22.962970099999996], [72.5476083, 22.963017299999994]]]}}, {"type": "Feature", "properties": {"layer": "building", "distance_m": 107.2, "source": "Microsoft ML Buildings", "in_industrial_zone": false, "ghsl_2018": 1}, "geometry": {"type": "Polygon", "coordinates": [[[72.5474269, 22.962806200000003], [72.5473843, 22.962809600000007], [72.5473811, 22.962775300000004], [72.5474237, 22.962771899999996], [72.5474269, 22.962806200000003]]]}}, {"type": "Feature", "properties": {"layer": "building", "distance_m": 111.4, "source": "Microsoft ML Buildings", "in_industrial_zone": false, "ghsl_2018": 1}, "geometry": {"type": "Polygon", "coordinates": [[[72.547453, 22.9628419], [72.5474051, 22.962838], [72.5474078, 22.962809800000002], [72.5474557, 22.962813699999995], [72.547453, 22.9628419]]]}}, {"type": "Feature", "properties": {"layer": "building", "distance_m": 100.8, "source": "Microsoft ML Buildings", "in_industrial_zone": false, "ghsl_2018": 1}, "geometry": {"type": "Polygon", "coordinates": [[[72.5473513, 22.9627674], [72.5473504, 22.9628402], [72.5472137, 22.9628388], [72.5472145, 22.9627685], [72.5472708, 22.9627691], [72.5472712, 22.962737000000004], [72.547306, 22.962737300000004], [72.5473057, 22.9627669], [72.5473513, 22.9627674]]]}}, {"type": "Feature", "properties": {"layer": "building", "distance_m": 114.2, "source": "Google Open Buildings", "in_industrial_zone": false, "ghsl_2018": 1}, "geometry": {"type": "Polygon", "coordinates": [[[72.5471139, 22.9628904], [72.547179, 22.962881000000003], [72.547194, 22.962970499999997], [72.547146, 22.962977400000003], [72.5471414, 22.9629499], [72.5471243, 22.962952400000006], [72.5471139, 22.9628904]]]}}, {"type": "Feature", "properties": {"layer": "building", "distance_m": 109.0, "source": "Microsoft ML Buildings", "in_industrial_zone": false, "ghsl_2018": 1}, "geometry": {"type": "Polygon", "coordinates": [[[72.5471131, 22.9629038], [72.5470301, 22.962907199999997], [72.5470277, 22.962857900000003], [72.5471107, 22.9628545], [72.5471131, 22.9629038]]]}}, {"type": "Feature", "properties": {"layer": "building", "distance_m": 90.9, "source": "Microsoft ML Buildings", "in_industrial_zone": false, "ghsl_2018": 1}, "geometry": {"type": "Polygon", "coordinates": [[[72.54702830000001, 22.962744100000005], [72.5470055, 22.962714599999998], [72.5470455, 22.9626883], [72.5470683, 22.9627178], [72.54702830000001, 22.962744100000005]]]}}, {"type": "Feature", "properties": {"layer": "building", "distance_m": 106.0, "source": "Google Open Buildings", "in_industrial_zone": false, "ghsl_2018": 1}, "geometry": {"type": "Polygon", "coordinates": [[[72.5470039, 22.9628375], [72.5470144, 22.962904000000005], [72.5469736, 22.9629096], [72.546963, 22.962843], [72.5470039, 22.9628375]]]}}, {"type": "Feature", "properties": {"layer": "building", "distance_m": 94.4, "source": "Microsoft ML Buildings", "in_industrial_zone": false, "ghsl_2018": 1}, "geometry": {"type": "Polygon", "coordinates": [[[72.5469689, 22.962796900000004], [72.5469237, 22.962807700000003], [72.5469071, 22.9627488], [72.5469523, 22.962737999999998], [72.5469689, 22.962796900000004]]]}}, {"type": "Feature", "properties": {"layer": "building", "distance_m": 102.1, "source": "Microsoft ML Buildings", "in_industrial_zone": false, "ghsl_2018": 1}, "geometry": {"type": "Polygon", "coordinates": [[[72.5469657, 22.9628823], [72.5469294, 22.9628883], [72.5469152, 22.962815399999997], [72.5469516, 22.962809400000005], [72.5469657, 22.9628823]]]}}, {"type": "Feature", "properties": {"layer": "building", "distance_m": 112.9, "source": "Google Open Buildings", "in_industrial_zone": false, "ghsl_2018": 1}, "geometry": {"type": "Polygon", "coordinates": [[[72.5469354, 22.9629148], [72.5469412, 22.962951399999998], [72.5468782, 22.9629599], [72.54687240000001, 22.962923399999994], [72.5469354, 22.9629148]]]}}, {"type": "Feature", "properties": {"layer": "building", "distance_m": 144.4, "source": "Google Open Buildings", "in_industrial_zone": false, "ghsl_2018": 1}, "geometry": {"type": "Polygon", "coordinates": [[[72.5467641, 22.9632339], [72.5468143, 22.963228200000007], [72.5468186, 22.963261499999994], [72.5467685, 22.963267199999997], [72.5467641, 22.9632339]]]}}, {"type": "Feature", "properties": {"layer": "building", "distance_m": 102.9, "source": "Google Open Buildings", "in_industrial_zone": false, "ghsl_2018": 1}, "geometry": {"type": "Polygon", "coordinates": [[[72.5468581, 22.962833400000005], [72.5468985, 22.962827899999997], [72.5469128, 22.962917899999994], [72.54687240000001, 22.962923399999994], [72.5468581, 22.962833400000005]]]}}, {"type": "Feature", "properties": {"layer": "building", "distance_m": 95.0, "source": "Google Open Buildings", "in_industrial_zone": false, "ghsl_2018": 1}, "geometry": {"type": "Polygon", "coordinates": [[[72.5468911, 22.962757], [72.5469007, 22.962822], [72.54687, 22.962825899999995], [72.5468605, 22.962760900000003], [72.5468911, 22.962757]]]}}, {"type": "Feature", "properties": {"layer": "building", "distance_m": 93.4, "source": "Microsoft ML Buildings", "in_industrial_zone": false, "ghsl_2018": 1}, "geometry": {"type": "Polygon", "coordinates": [[[72.5467708, 22.962762299999998], [72.5468492, 22.9627507], [72.546858, 22.9628013], [72.5467795, 22.962812799999995], [72.5467708, 22.962762299999998]]]}}, {"type": "Feature", "properties": {"layer": "building", "distance_m": 83.1, "source": "Google Open Buildings", "in_industrial_zone": false, "ghsl_2018": 1}, "geometry": {"type": "Polygon", "coordinates": [[[72.5468094, 22.9626604], [72.5468492, 22.962655399999992], [72.5468591, 22.962724099999996], [72.5468193, 22.962728999999996], [72.5468094, 22.9626604]]]}}, {"type": "Feature", "properties": {"layer": "building", "distance_m": 103.0, "source": "Microsoft ML Buildings", "in_industrial_zone": false, "ghsl_2018": 1}, "geometry": {"type": "Polygon", "coordinates": [[[72.5468476, 22.962895999999997], [72.54677, 22.9629193], [72.5467502, 22.9628635], [72.54682780000002, 22.962840199999995], [72.5468476, 22.962895999999997]]]}}, {"type": "Feature", "properties": {"layer": "building", "distance_m": 91.9, "source": "Google Open Buildings", "in_industrial_zone": false, "ghsl_2018": 1}, "geometry": {"type": "Polygon", "coordinates": [[[72.5467086, 22.9627607], [72.5467569, 22.962754500000003], [72.5467661, 22.962815299999992], [72.5467178, 22.9628215], [72.5467086, 22.9627607]]]}}, {"type": "Feature", "properties": {"layer": "building", "distance_m": 103.1, "source": "Microsoft ML Buildings", "in_industrial_zone": false, "ghsl_2018": 1}, "geometry": {"type": "Polygon", "coordinates": [[[72.54674260000002, 22.962924300000008], [72.5466857, 22.9629344], [72.5466723, 22.9628701], [72.5467292, 22.962859999999992], [72.54674260000002, 22.962924300000008]]]}}, {"type": "Feature", "properties": {"layer": "building", "distance_m": 86.5, "source": "Microsoft ML Buildings", "in_industrial_zone": false, "ghsl_2018": 1}, "geometry": {"type": "Polygon", "coordinates": [[[72.5466479, 22.962724300000005], [72.5466829, 22.962715500000005], [72.54670200000001, 22.962779799999996], [72.5466671, 22.962788599999996], [72.5466479, 22.962724300000005]]]}}, {"type": "Feature", "properties": {"layer": "building", "distance_m": 85.0, "source": "Microsoft ML Buildings", "in_industrial_zone": false, "ghsl_2018": 1}, "geometry": {"type": "Polygon", "coordinates": [[[72.5467057, 22.962802799999995], [72.5467139, 22.962862200000004], [72.5466135, 22.962873900000005], [72.5466226, 22.9629395], [72.5465843, 22.962943999999997], [72.5465764, 22.962887], [72.5465685, 22.9628298], [72.5465277, 22.962834500000007], [72.546522, 22.962793199999997], [72.5465537, 22.962789500000003], [72.5465452, 22.962727599999997], [72.5465927, 22.962722100000008], [72.5466054, 22.962814500000004], [72.5467057, 22.962802799999995]]]}}, {"type": "Feature", "properties": {"layer": "building", "distance_m": 100.0, "source": "Google Open Buildings", "in_industrial_zone": false, "ghsl_2018": 1}, "geometry": {"type": "Polygon", "coordinates": [[[72.5465283, 22.96287], [72.5465572, 22.9628635], [72.5465749, 22.962931600000008], [72.546546, 22.9629381], [72.5465283, 22.96287]]]}}, {"type": "Feature", "properties": {"layer": "building", "distance_m": 79.8, "source": "Microsoft ML Buildings", "in_industrial_zone": false, "ghsl_2018": 1}, "geometry": {"type": "Polygon", "coordinates": [[[72.5465298, 22.9627137], [72.5464908, 22.9627251], [72.5464807, 22.962695899999996], [72.5465197, 22.962684500000005], [72.5465298, 22.9627137]]]}}, {"type": "Feature", "properties": {"layer": "building", "distance_m": 93.3, "source": "Microsoft ML Buildings", "in_industrial_zone": false, "ghsl_2018": 1}, "geometry": {"type": "Polygon", "coordinates": [[[72.5465012, 22.962886199999993], [72.5464479, 22.962895], [72.5464341, 22.962824299999998], [72.5464874, 22.962815499999998], [72.5465012, 22.962886199999993]]]}}, {"type": "Feature", "properties": {"layer": "building", "distance_m": 84.5, "source": "Microsoft ML Buildings", "in_industrial_zone": false, "ghsl_2018": 1}, "geometry": {"type": "Polygon", "coordinates": [[[72.5464808, 22.962808800000005], [72.5464347, 22.962814300000005], [72.5464248, 22.962745299999998], [72.5464709, 22.9627397], [72.5464808, 22.962808800000005]]]}}, {"type": "Feature", "properties": {"layer": "building", "distance_m": 92.4, "source": "Google Open Buildings", "in_industrial_zone": false, "ghsl_2018": 1}, "geometry": {"type": "Polygon", "coordinates": [[[72.5461276, 22.9628739], [72.546214, 22.962880400000003], [72.5462088, 22.962939700000007], [72.5461224, 22.962933200000005], [72.5461276, 22.9628739]]]}}, {"type": "Feature", "properties": {"layer": "building", "distance_m": 123.6, "source": "Google Open Buildings", "in_industrial_zone": false, "ghsl_2018": 1}, "geometry": {"type": "Polygon", "coordinates": [[[72.5460617, 22.963173599999998], [72.5460947, 22.9631758], [72.54609200000002, 22.963209500000005], [72.5460591, 22.963207200000006], [72.5460617, 22.963173599999998]]]}}, {"type": "Feature", "properties": {"layer": "building", "distance_m": 369.3, "source": "Microsoft ML Buildings", "in_industrial_zone": false, "ghsl_2018": 0}, "geometry": {"type": "Polygon", "coordinates": [[[72.5460975, 22.965501599999996], [72.5460763, 22.965438499999998], [72.5461462, 22.965418500000002], [72.5461674, 22.9654816], [72.5460975, 22.965501599999996]]]}}, {"type": "Feature", "properties": {"layer": "building", "distance_m": 132.4, "source": "Google Open Buildings", "in_industrial_zone": false, "ghsl_2018": 0}, "geometry": {"type": "Polygon", "coordinates": [[[72.5458962, 22.963285200000005], [72.5459365, 22.96328649999999], [72.5459339, 22.963353999999995], [72.5458937, 22.963352600000015], [72.5458962, 22.963285200000005]]]}}, {"type": "Feature", "properties": {"layer": "building", "distance_m": 123.8, "source": "Google Open Buildings", "in_industrial_zone": false, "ghsl_2018": 1}, "geometry": {"type": "Polygon", "coordinates": [[[72.54589230000002, 22.9632069], [72.5459537, 22.9632114], [72.5459499, 22.963255100000005], [72.5458885, 22.9632507], [72.54589230000002, 22.9632069]]]}}, {"type": "Feature", "properties": {"layer": "building", "distance_m": 108.1, "source": "Microsoft ML Buildings", "in_industrial_zone": false, "ghsl_2018": 1}, "geometry": {"type": "Polygon", "coordinates": [[[72.5460366, 22.9630915], [72.5459777, 22.9630936], [72.5459757, 22.963046700000003], [72.5460346, 22.9630446], [72.5460366, 22.9630915]]]}}, {"type": "Feature", "properties": {"layer": "building", "distance_m": 101.7, "source": "Microsoft ML Buildings", "in_industrial_zone": false, "ghsl_2018": 1}, "geometry": {"type": "Polygon", "coordinates": [[[72.5460267, 22.96299], [72.54602490000002, 22.96304079999999], [72.54597, 22.963039099999992], [72.5459718, 22.962988399999997], [72.5460267, 22.96299]]]}}, {"type": "Feature", "properties": {"layer": "building", "distance_m": 84.4, "source": "Microsoft ML Buildings", "in_industrial_zone": false, "ghsl_2018": 1}, "geometry": {"type": "Polygon", "coordinates": [[[72.5461023, 22.962841599999997], [72.5461044, 22.9628884], [72.545858, 22.9628978], [72.5458559, 22.962850899999996], [72.5461023, 22.962841599999997]]]}}, {"type": "Feature", "properties": {"layer": "building", "distance_m": 101.7, "source": "Google Open Buildings", "in_industrial_zone": false, "ghsl_2018": 1}, "geometry": {"type": "Polygon", "coordinates": [[[72.545801, 22.96301979999999], [72.54585850000001, 22.963034100000005], [72.54585090000002, 22.9630602], [72.54579340000001, 22.963045800000007], [72.545801, 22.96301979999999]]]}}, {"type": "Feature", "properties": {"layer": "building", "distance_m": 108.3, "source": "Microsoft ML Buildings", "in_industrial_zone": false, "ghsl_2018": 1}, "geometry": {"type": "Polygon", "coordinates": [[[72.5458087, 22.963125700000006], [72.545826, 22.9630766], [72.5458673, 22.9630889], [72.5458499, 22.963138100000002], [72.5458087, 22.963125700000006]]]}}, {"type": "Feature", "properties": {"layer": "building", "distance_m": 126.3, "source": "Google Open Buildings", "in_industrial_zone": false, "ghsl_2018": 1}, "geometry": {"type": "Polygon", "coordinates": [[[72.5456904, 22.963262700000005], [72.5457331, 22.963266], [72.54573, 22.963301100000002], [72.5456873, 22.9632978], [72.5456904, 22.963262700000005]]]}}, {"type": "Feature", "properties": {"layer": "building", "distance_m": 117.5, "source": "Google Open Buildings", "in_industrial_zone": false, "ghsl_2018": 1}, "geometry": {"type": "Polygon", "coordinates": [[[72.54573, 22.963178000000006], [72.5457787, 22.96318230000001], [72.5457753, 22.963215300000005], [72.5457265, 22.9632109], [72.54573, 22.963178000000006]]]}}, {"type": "Feature", "properties": {"layer": "building", "distance_m": 112.0, "source": "Google Open Buildings", "in_industrial_zone": false, "ghsl_2018": 1}, "geometry": {"type": "Polygon", "coordinates": [[[72.5457434, 22.963125799999997], [72.5457861, 22.9631236], [72.54578820000002, 22.963159399999995], [72.5457455, 22.9631616], [72.5457434, 22.963125799999997]]]}}, {"type": "Feature", "properties": {"layer": "building", "distance_m": 114.9, "source": "Google Open Buildings", "in_industrial_zone": false, "ghsl_2018": 1}, "geometry": {"type": "Polygon", "coordinates": [[[72.5458145, 22.963139299999995], [72.5458619, 22.963143200000005], [72.5458591, 22.963172900000004], [72.5458117, 22.9631691], [72.5458145, 22.963139299999995]]]}}, {"type": "Feature", "properties": {"layer": "building", "distance_m": 126.1, "source": "Microsoft ML Buildings", "in_industrial_zone": false, "ghsl_2018": 1}, "geometry": {"type": "Polygon", "coordinates": [[[72.5458743, 22.963312799999994], [72.5458288, 22.963314399999994], [72.5458256, 22.96324050000001], [72.5458711, 22.963238799999992], [72.5458743, 22.963312799999994]]]}}, {"type": "Feature", "properties": {"layer": "building", "distance_m": 214.6, "source": "Microsoft ML Buildings", "in_industrial_zone": false, "ghsl_2018": 0}, "geometry": {"type": "Polygon", "coordinates": [[[72.5450612, 22.9640456], [72.5450095, 22.964069199999997], [72.54498930000001, 22.964031500000004], [72.545041, 22.964007899999995], [72.5450612, 22.9640456]]]}}, {"type": "Feature", "properties": {"layer": "building", "distance_m": 163.6, "source": "Microsoft ML Buildings", "in_industrial_zone": false, "ghsl_2018": 0}, "geometry": {"type": "Polygon", "coordinates": [[[72.5450147, 22.963556400000005], [72.544944, 22.963585100000007], [72.5449228, 22.9635409], [72.5449935, 22.9635121], [72.5450147, 22.963556400000005]]]}}, {"type": "Feature", "properties": {"layer": "building", "distance_m": 160.1, "source": "Google Open Buildings", "in_industrial_zone": false, "ghsl_2018": 0}, "geometry": {"type": "Polygon", "coordinates": [[[72.5449334, 22.9634713], [72.5449632, 22.963467], [72.5449691, 22.9635014], [72.5449392, 22.963505700000006], [72.5449334, 22.9634713]]]}}, {"type": "Feature", "properties": {"layer": "building", "distance_m": 163.7, "source": "Microsoft ML Buildings", "in_industrial_zone": false, "ghsl_2018": 0}, "geometry": {"type": "Polygon", "coordinates": [[[72.5448649, 22.963524300000007], [72.5448554, 22.9634842], [72.5448963, 22.9634759], [72.5449059, 22.963516], [72.5448649, 22.963524300000007]]]}}, {"type": "Feature", "properties": {"layer": "building", "distance_m": 299.7, "source": "Google Open Buildings", "in_industrial_zone": false, "ghsl_2018": 0}, "geometry": {"type": "Polygon", "coordinates": [[[72.5446621, 22.964721699999995], [72.5447016, 22.964717800000003], [72.5447082, 22.9647735], [72.54466860000001, 22.964777399999996], [72.5446621, 22.964721699999995]]]}}, {"type": "Feature", "properties": {"layer": "building", "distance_m": 290.5, "source": "Microsoft ML Buildings", "in_industrial_zone": false, "ghsl_2018": 0}, "geometry": {"type": "Polygon", "coordinates": [[[72.5448104, 22.964694300000005], [72.544743, 22.9647058], [72.5447357, 22.96467], [72.5448032, 22.9646585], [72.5448104, 22.964694300000005]]]}}, {"type": "Feature", "properties": {"layer": "building", "distance_m": 399.5, "source": "Microsoft ML Buildings", "in_industrial_zone": false, "ghsl_2018": 0}, "geometry": {"type": "Polygon", "coordinates": [[[72.545064, 22.965708499999998], [72.5450658, 22.965799799999996], [72.5450122, 22.965800700000006], [72.5450104, 22.965709399999994], [72.545064, 22.965708499999998]]]}}, {"type": "Feature", "properties": {"layer": "building", "distance_m": 432.6, "source": "Microsoft ML Buildings", "in_industrial_zone": false, "ghsl_2018": 0}, "geometry": {"type": "Polygon", "coordinates": [[[72.544864, 22.9660313], [72.5447971, 22.9660289], [72.54479909999999, 22.965980600000005], [72.54486609999998, 22.965983000000005], [72.544864, 22.9660313]]]}}, {"type": "Feature", "properties": {"layer": "building", "distance_m": 450.2, "source": "Microsoft ML Buildings", "in_industrial_zone": false, "ghsl_2018": 0}, "geometry": {"type": "Polygon", "coordinates": [[[72.54447629999999, 22.966138799999996], [72.54446219999998, 22.966096900000007], [72.54452079999999, 22.966080100000003], [72.54453499999998, 22.966122], [72.54447629999999, 22.966138799999996]]]}}, {"type": "Feature", "properties": {"layer": "building", "distance_m": 342.4, "source": "Microsoft ML Buildings", "in_industrial_zone": false, "ghsl_2018": 1}, "geometry": {"type": "Polygon", "coordinates": [[[72.5437986, 22.9648232], [72.5437367, 22.9648375], [72.543716, 22.964761800000005], [72.5437779, 22.964747400000004], [72.5437986, 22.9648232]]]}}, {"type": "Feature", "properties": {"layer": "building", "distance_m": 320.9, "source": "Google Open Buildings", "in_industrial_zone": false, "ghsl_2018": 1}, "geometry": {"type": "Polygon", "coordinates": [[[72.5437043, 22.964487200000004], [72.5437392, 22.9644896], [72.5437367, 22.964520699999998], [72.5437019, 22.964518400000003], [72.5437043, 22.964487200000004]]]}}, {"type": "Feature", "properties": {"layer": "building", "distance_m": 332.8, "source": "Google Open Buildings", "in_industrial_zone": false, "ghsl_2018": 0}, "geometry": {"type": "Polygon", "coordinates": [[[72.5443478, 22.964919], [72.5443594, 22.964971400000007], [72.5443115, 22.9649805], [72.5442999, 22.96492810000001], [72.5443478, 22.964919]]]}}, {"type": "Feature", "properties": {"layer": "building", "distance_m": 288.1, "source": "Microsoft ML Buildings", "in_industrial_zone": false, "ghsl_2018": 1}, "geometry": {"type": "Polygon", "coordinates": [[[72.5438099, 22.964224500000007], [72.5438555, 22.964201799999998], [72.5438948, 22.964268700000005], [72.5438491, 22.964291399999997], [72.5438099, 22.964224500000007]]]}}, {"type": "Feature", "properties": {"layer": "building", "distance_m": 313.4, "source": "Microsoft ML Buildings", "in_industrial_zone": false, "ghsl_2018": 1}, "geometry": {"type": "Polygon", "coordinates": [[[72.5437162, 22.9644626], [72.5436769, 22.9644682], [72.5436632, 22.964386199999993], [72.5437025, 22.964380600000002], [72.5437162, 22.9644626]]]}}, {"type": "Feature", "properties": {"layer": "building", "distance_m": 426.6, "source": "Google Open Buildings", "in_industrial_zone": false, "ghsl_2018": 1}, "geometry": {"type": "Polygon", "coordinates": [[[72.5430865, 22.965230800000008], [72.54309469999998, 22.965266600000003], [72.54303569999999, 22.9652782], [72.54302749999998, 22.965242300000007], [72.5430865, 22.965230800000008]]]}}, {"type": "Feature", "properties": {"layer": "building", "distance_m": 382.2, "source": "Microsoft ML Buildings", "in_industrial_zone": false, "ghsl_2018": 1}, "geometry": {"type": "Polygon", "coordinates": [[[72.54315099999998, 22.964822099999996], [72.5431978, 22.964802700000003], [72.5432223, 22.964852599999993], [72.54317549999999, 22.964872100000004], [72.54315099999998, 22.964822099999996]]]}}, {"type": "Feature", "properties": {"layer": "building", "distance_m": 367.9, "source": "Microsoft ML Buildings", "in_industrial_zone": false, "ghsl_2018": 1}, "geometry": {"type": "Polygon", "coordinates": [[[72.54322129999998, 22.964781500000004], [72.54315169999998, 22.964784], [72.543146, 22.964650899999995], [72.54321559999998, 22.964648399999998], [72.54322129999998, 22.964781500000004]]]}}, {"type": "Feature", "properties": {"layer": "building", "distance_m": 386.7, "source": "Google Open Buildings", "in_industrial_zone": false, "ghsl_2018": 1}, "geometry": {"type": "Polygon", "coordinates": [[[72.54314689999998, 22.964817500000002], [72.5431353, 22.9648817], [72.54309099999999, 22.9648749], [72.54310249999999, 22.964810700000005], [72.54314689999998, 22.964817500000002]]]}}, {"type": "Feature", "properties": {"layer": "building", "distance_m": 362.9, "source": "Google Open Buildings", "in_industrial_zone": false, "ghsl_2018": 1}, "geometry": {"type": "Polygon", "coordinates": [[[72.54323789999998, 22.96465660000001], [72.54329069999999, 22.9646483], [72.54330819999998, 22.964744600000007], [72.54325539999999, 22.9647529], [72.54323789999998, 22.96465660000001]]]}}, {"type": "Feature", "properties": {"layer": "building", "distance_m": 447.0, "source": "Microsoft ML Buildings", "in_industrial_zone": false, "ghsl_2018": 1}, "geometry": {"type": "Polygon", "coordinates": [[[72.54232179999998, 22.9649396], [72.54242899999998, 22.9649435], [72.5424258, 22.965017400000004], [72.54231869999998, 22.9650136], [72.54232179999998, 22.9649396]]]}}, {"type": "Feature", "properties": {"layer": "building", "distance_m": 470.6, "source": "Microsoft ML Buildings", "in_industrial_zone": false, "ghsl_2018": 1}, "geometry": {"type": "Polygon", "coordinates": [[[72.5423065, 22.965131], [72.5423093, 22.965175300000002], [72.5422532, 22.9651783], [72.54225039999999, 22.9651339], [72.5423065, 22.965131]]]}}, {"type": "Feature", "properties": {"layer": "building", "distance_m": 469.1, "source": "Google Open Buildings", "in_industrial_zone": false, "ghsl_2018": 1}, "geometry": {"type": "Polygon", "coordinates": [[[72.5424712, 22.965258200000008], [72.5424741, 22.9652808], [72.54242629999999, 22.965286000000003], [72.54242349999998, 22.96526340000001], [72.5424712, 22.965258200000008]]]}}, {"type": "Feature", "properties": {"layer": "building", "distance_m": 461.7, "source": "Google Open Buildings", "in_industrial_zone": false, "ghsl_2018": 1}, "geometry": {"type": "Polygon", "coordinates": [[[72.54256779999999, 22.965249399999998], [72.5425713, 22.965275100000007], [72.54251479999999, 22.965281800000003], [72.5425113, 22.9652561], [72.54256779999999, 22.965249399999998]]]}}, {"type": "Feature", "properties": {"layer": "building", "distance_m": 439.8, "source": "Google Open Buildings", "in_industrial_zone": false, "ghsl_2018": 0}, "geometry": {"type": "Polygon", "coordinates": [[[72.54133450000002, 22.962838199999997], [72.54133869999998, 22.9628907], [72.5412201, 22.962898800000005], [72.54121589999998, 22.962846399999997], [72.54133450000002, 22.962838199999997]]]}}, {"type": "Feature", "properties": {"layer": "building", "distance_m": 487.4, "source": "Microsoft ML Buildings", "in_industrial_zone": false, "ghsl_2018": 1}, "geometry": {"type": "Polygon", "coordinates": [[[72.54148069999998, 22.964591400000003], [72.54148849999997, 22.9645305], [72.54157849999999, 22.964540299999992], [72.5415707, 22.9646012], [72.54148069999998, 22.964591400000003]]]}}, {"type": "Feature", "properties": {"layer": "building", "distance_m": 469.6, "source": "Microsoft ML Buildings", "in_industrial_zone": false, "ghsl_2018": 1}, "geometry": {"type": "Polygon", "coordinates": [[[72.54203069999998, 22.964907399999994], [72.54188489999999, 22.964913], [72.5418815, 22.9648391], [72.54202729999999, 22.964833399999996], [72.54203069999998, 22.964907399999994]]]}}, {"type": "Feature", "properties": {"layer": "building", "distance_m": 498.7, "source": "Google Open Buildings", "in_industrial_zone": false, "ghsl_2018": 1}, "geometry": {"type": "Polygon", "coordinates": [[[72.5420688, 22.965270100000005], [72.54207170000001, 22.965329799999992], [72.5418385, 22.9653397], [72.5418356, 22.965279999999996], [72.5420688, 22.965270100000005]]]}}, {"type": "Feature", "properties": {"layer": "building", "distance_m": 498.0, "source": "Microsoft ML Buildings", "in_industrial_zone": false, "ghsl_2018": 0}, "geometry": {"type": "Polygon", "coordinates": [[[72.54106280000002, 22.963839000000007], [72.54098629999999, 22.96387740000001], [72.54096100000001, 22.96383469999999], [72.54103759999998, 22.963796299999995], [72.54106280000002, 22.963839000000007]]]}}, {"type": "Feature", "properties": {"layer": "building", "distance_m": 479.8, "source": "Microsoft ML Buildings", "in_industrial_zone": false, "ghsl_2018": 0}, "geometry": {"type": "Polygon", "coordinates": [[[72.54095009999999, 22.96290129999999], [72.5408281, 22.96292180000001], [72.540818, 22.962870599999995], [72.54094, 22.962850199999995], [72.54095009999999, 22.96290129999999]]]}}, {"type": "Feature", "properties": {"layer": "building", "distance_m": 452.6, "source": "Microsoft ML Buildings", "in_industrial_zone": false, "ghsl_2018": 0}, "geometry": {"type": "Polygon", "coordinates": [[[72.5411488, 22.962868999999998], [72.5411461, 22.9628336], [72.5412063, 22.9628299], [72.54120889999999, 22.962865299999997], [72.5411488, 22.962868999999998]]]}}, {"type": "Feature", "properties": {"layer": "building", "distance_m": 484.2, "source": "Microsoft ML Buildings", "in_industrial_zone": false, "ghsl_2018": 0}, "geometry": {"type": "Polygon", "coordinates": [[[72.54025449999999, 22.959572400000003], [72.5401747, 22.9595658], [72.54018090000001, 22.959502099999998], [72.5402607, 22.959508599999996], [72.54025449999999, 22.959572400000003]]]}}, {"type": "Feature", "properties": {"layer": "building", "distance_m": 479.0, "source": "Google Open Buildings", "in_industrial_zone": false, "ghsl_2018": 0}, "geometry": {"type": "Polygon", "coordinates": [[[72.5401504, 22.9593185], [72.540308, 22.9593144], [72.5403108, 22.959407800000005], [72.5401532, 22.959411900000003], [72.5401504, 22.9593185]]]}}, {"type": "Feature", "properties": {"layer": "building", "distance_m": 467.3, "source": "Google Open Buildings", "in_industrial_zone": false, "ghsl_2018": 1}, "geometry": {"type": "Polygon", "coordinates": [[[72.5403757, 22.958436300000013], [72.5405275, 22.9584404], [72.54052329999999, 22.9585719], [72.54037149999999, 22.958567799999997], [72.5403757, 22.958436300000013]]]}}, {"type": "Feature", "properties": {"layer": "building", "distance_m": 472.1, "source": "Microsoft ML Buildings", "in_industrial_zone": false, "ghsl_2018": 0}, "geometry": {"type": "Polygon", "coordinates": [[[72.54058849999998, 22.9580621], [72.54060319999999, 22.9579865], [72.5406396, 22.9579925], [72.54062490000001, 22.9580681], [72.54058849999998, 22.9580621]]]}}, {"type": "Feature", "properties": {"layer": "building", "distance_m": 491.5, "source": "Google Open Buildings", "in_industrial_zone": false, "ghsl_2018": 0}, "geometry": {"type": "Polygon", "coordinates": [[[72.540388, 22.957998200000002], [72.5404362, 22.958002600000007], [72.54043099999998, 22.958050899999996], [72.5403828, 22.958046500000002], [72.540388, 22.957998200000002]]]}}, {"type": "Feature", "properties": {"layer": "building", "distance_m": 484.6, "source": "Google Open Buildings", "in_industrial_zone": false, "ghsl_2018": 0}, "geometry": {"type": "Polygon", "coordinates": [[[72.540461, 22.958004900000006], [72.5405053, 22.958009000000004], [72.54050009999999, 22.958057300000004], [72.5404558, 22.958053199999995], [72.540461, 22.958004900000006]]]}}, {"type": "Feature", "properties": {"layer": "building", "distance_m": 485.9, "source": "Google Open Buildings", "in_industrial_zone": false, "ghsl_2018": 0}, "geometry": {"type": "Polygon", "coordinates": [[[72.5404174, 22.957811699999993], [72.54055449999998, 22.957826799999996], [72.54054429999998, 22.9579068], [72.54040709999998, 22.9578917], [72.5404174, 22.957811699999993]]]}}, {"type": "Feature", "properties": {"layer": "building", "distance_m": 489.1, "source": "Google Open Buildings", "in_industrial_zone": false, "ghsl_2018": 1}, "geometry": {"type": "Polygon", "coordinates": [[[72.54014159999998, 22.958384899999995], [72.54029979999999, 22.9583965], [72.5402883, 22.958530800000002], [72.5403105, 22.958532400000003], [72.5403074, 22.958568300000003], [72.54012709999999, 22.9585551], [72.54014159999998, 22.958384899999995]]]}}, {"type": "Feature", "properties": {"layer": "building", "distance_m": 476.5, "source": "Microsoft ML Buildings", "in_industrial_zone": false, "ghsl_2018": 1}, "geometry": {"type": "Polygon", "coordinates": [[[72.5403488, 22.958658200000006], [72.5404024, 22.95865600000001], [72.5404047, 22.9587053], [72.5403512, 22.9587075], [72.5403488, 22.958658200000006]]]}}, {"type": "Feature", "properties": {"layer": "building", "distance_m": 459.7, "source": "Google Open Buildings", "in_industrial_zone": false, "ghsl_2018": 0}, "geometry": {"type": "Polygon", "coordinates": [[[72.54188539999998, 22.956322500000002], [72.5418955, 22.9564346], [72.5417415, 22.956446599999996], [72.5417377, 22.956404600000006], [72.54170899999998, 22.956406900000005], [72.54170259999998, 22.956336799999995], [72.54188539999998, 22.956322500000002]]]}}, {"type": "Feature", "properties": {"layer": "building", "distance_m": 437.9, "source": "Microsoft ML Buildings", "in_industrial_zone": false, "ghsl_2018": 0}, "geometry": {"type": "Polygon", "coordinates": [[[72.5417756, 22.956645200000004], [72.54177769999998, 22.95668460000001], [72.54179379999998, 22.956683899999998], [72.54180049999998, 22.9568071], [72.5417523, 22.956809300000007], [72.5417463, 22.9566984], [72.54173559999998, 22.956698899999992], [72.54173279999999, 22.956647200000003], [72.5417756, 22.956645200000004]]]}}, {"type": "Feature", "properties": {"layer": "building", "distance_m": 438.4, "source": "Google Open Buildings", "in_industrial_zone": false, "ghsl_2018": 0}, "geometry": {"type": "Polygon", "coordinates": [[[72.54172709999999, 22.95681399999999], [72.54175989999999, 22.956817799999993], [72.54175579999999, 22.956848199999992], [72.541723, 22.9568444], [72.54172709999999, 22.95681399999999]]]}}, {"type": "Feature", "properties": {"layer": "building", "distance_m": 423.1, "source": "Microsoft ML Buildings", "in_industrial_zone": false, "ghsl_2018": 0}, "geometry": {"type": "Polygon", "coordinates": [[[72.54188619999998, 22.956775500000003], [72.54192849999998, 22.956770500000005], [72.5419412, 22.956862900000008], [72.541899, 22.956867800000012], [72.54188619999998, 22.956775500000003]]]}}, {"type": "Feature", "properties": {"layer": "building", "distance_m": 444.0, "source": "Google Open Buildings", "in_industrial_zone": false, "ghsl_2018": 0}, "geometry": {"type": "Polygon", "coordinates": [[[72.5419224, 22.95652899999999], [72.5419298, 22.956601200000005], [72.54187669999999, 22.956605899999996], [72.5418693, 22.95653370000001], [72.5419224, 22.95652899999999]]]}}, {"type": "Feature", "properties": {"layer": "building", "distance_m": 450.2, "source": "Google Open Buildings", "in_industrial_zone": false, "ghsl_2018": 0}, "geometry": {"type": "Polygon", "coordinates": [[[72.5418603, 22.9564463], [72.54191339999998, 22.956441600000005], [72.5419224, 22.95652899999999], [72.5418693, 22.95653370000001], [72.5418603, 22.9564463]]]}}, {"type": "Feature", "properties": {"layer": "building", "distance_m": 443.7, "source": "Google Open Buildings", "in_industrial_zone": false, "ghsl_2018": 0}, "geometry": {"type": "Polygon", "coordinates": [[[72.54198269999999, 22.956435499999998], [72.54201569999998, 22.9564326], [72.5420247, 22.956519999999998], [72.54199160000002, 22.956522900000003], [72.54198269999999, 22.956435499999998]]]}}, {"type": "Feature", "properties": {"layer": "building", "distance_m": 410.8, "source": "Google Open Buildings", "in_industrial_zone": false, "ghsl_2018": 0}, "geometry": {"type": "Polygon", "coordinates": [[[72.542161, 22.956625600000002], [72.5422594, 22.9566224], [72.5422631, 22.956721300000005], [72.54216469999999, 22.9567245], [72.542161, 22.956625600000002]]]}}, {"type": "Feature", "properties": {"layer": "building", "distance_m": 404.7, "source": "Microsoft ML Buildings", "in_industrial_zone": false, "ghsl_2018": 0}, "geometry": {"type": "Polygon", "coordinates": [[[72.54205579999999, 22.956750799999995], [72.54218179999998, 22.956747899999996], [72.54218499999999, 22.956866299999998], [72.54205899999998, 22.956869199999996], [72.54205579999999, 22.956750799999995]]]}}, {"type": "Feature", "properties": {"layer": "building", "distance_m": 433.3, "source": "Google Open Buildings", "in_industrial_zone": false, "ghsl_2018": 0}, "geometry": {"type": "Polygon", "coordinates": [[[72.54201849999998, 22.956459200000005], [72.54208279999999, 22.9564536], [72.54209650000001, 22.9565866], [72.541999, 22.956595199999995], [72.54199160000002, 22.956522900000003], [72.5420247, 22.956519999999998], [72.54201849999998, 22.956459200000005]]]}}, {"type": "Feature", "properties": {"layer": "building", "distance_m": 396.5, "source": "Google Open Buildings", "in_industrial_zone": false, "ghsl_2018": 0}, "geometry": {"type": "Polygon", "coordinates": [[[72.54217329999999, 22.9568669], [72.54224309999998, 22.956870399999993], [72.5422403, 22.956920300000007], [72.5421704, 22.956916900000007], [72.54217329999999, 22.9568669]]]}}, {"type": "Feature", "properties": {"layer": "building", "distance_m": 369.0, "source": "Microsoft ML Buildings", "in_industrial_zone": false, "ghsl_2018": 0}, "geometry": {"type": "Polygon", "coordinates": [[[72.542153, 22.957360300000005], [72.5421492, 22.957389500000005], [72.54210159999998, 22.9573843], [72.54210539999998, 22.9573551], [72.542153, 22.957360300000005]]]}}, {"type": "Feature", "properties": {"layer": "building", "distance_m": 421.4, "source": "Microsoft ML Buildings", "in_industrial_zone": false, "ghsl_2018": 0}, "geometry": {"type": "Polygon", "coordinates": [[[72.54135119999998, 22.962184899999997], [72.5413878, 22.9621794], [72.54139720000002, 22.962232299999993], [72.5413606, 22.962237799999993], [72.54135119999998, 22.962184899999997]]]}}, {"type": "Feature", "properties": {"layer": "building", "distance_m": 424.9, "source": "Google Open Buildings", "in_industrial_zone": false, "ghsl_2018": 0}, "geometry": {"type": "Polygon", "coordinates": [[[72.5412865, 22.962142700000005], [72.54134499999999, 22.962137899999995], [72.54135069999998, 22.9621975], [72.5412922, 22.96220230000001], [72.5412865, 22.962142700000005]]]}}, {"type": "Feature", "properties": {"layer": "building", "distance_m": 414.9, "source": "Google Open Buildings", "in_industrial_zone": false, "ghsl_2018": 0}, "geometry": {"type": "Polygon", "coordinates": [[[72.5414384, 22.962313], [72.5414781, 22.962313599999998], [72.5414773, 22.962358700000003], [72.54143749999999, 22.962358100000003], [72.5414384, 22.962313]]]}}, {"type": "Feature", "properties": {"layer": "building", "distance_m": 205.5, "source": "Google Open Buildings", "in_industrial_zone": false, "ghsl_2018": 0}, "geometry": {"type": "Polygon", "coordinates": [[[72.54294699999998, 22.959270299999996], [72.5429862, 22.959273099999997], [72.5429824, 22.959318200000002], [72.5429432, 22.959315400000005], [72.54294699999998, 22.959270299999996]]]}}, {"type": "Feature", "properties": {"layer": "building", "distance_m": 339.1, "source": "Microsoft ML Buildings", "in_industrial_zone": false, "ghsl_2018": 1}, "geometry": {"type": "Polygon", "coordinates": [[[72.544246, 22.95644679999999], [72.5441907, 22.956471800000003], [72.5441303, 22.956358199999993], [72.5441856, 22.9563333], [72.544246, 22.95644679999999]]]}}, {"type": "Feature", "properties": {"layer": "building", "distance_m": 308.5, "source": "Microsoft ML Buildings", "in_industrial_zone": false, "ghsl_2018": 1}, "geometry": {"type": "Polygon", "coordinates": [[[72.5440839, 22.956544500000003], [72.5440848, 22.956579100000006], [72.5443019, 22.956574400000004], [72.5443054, 22.956712600000003], [72.54419019999999, 22.956715100000004], [72.5441912, 22.956757099999997], [72.5440706, 22.9567597], [72.5440664, 22.956594300000006], [72.5440396, 22.956594800000005], [72.54403829999998, 22.9565455], [72.5440839, 22.956544500000003]]]}}, {"type": "Feature", "properties": {"layer": "building", "distance_m": 398.9, "source": "Google Open Buildings", "in_industrial_zone": false, "ghsl_2018": 1}, "geometry": {"type": "Polygon", "coordinates": [[[72.5441806, 22.955863400000002], [72.5441931, 22.9559182], [72.5441356, 22.955929400000006], [72.54412309999998, 22.955874699999995], [72.5441806, 22.955863400000002]]]}}, {"type": "Feature", "properties": {"layer": "building", "distance_m": 345.2, "source": "Microsoft ML Buildings", "in_industrial_zone": false, "ghsl_2018": 0}, "geometry": {"type": "Polygon", "coordinates": [[[72.5460331, 22.9559688], [72.5461027, 22.9559657], [72.5461085, 22.956076599999992], [72.5460389, 22.9560797], [72.5460331, 22.9559688]]]}}, {"type": "Feature", "properties": {"layer": "building", "distance_m": 242.8, "source": "Microsoft ML Buildings", "in_industrial_zone": false, "ghsl_2018": 1}, "geometry": {"type": "Polygon", "coordinates": [[[72.5453348, 22.957147599999992], [72.5452238, 22.9571452], [72.5452271, 22.957015400000003], [72.545338, 22.957017800000003], [72.5453348, 22.957147599999992]]]}}, {"type": "Feature", "properties": {"layer": "building", "distance_m": 69.3, "source": "Microsoft ML Buildings", "in_industrial_zone": false, "ghsl_2018": 1}, "geometry": {"type": "Polygon", "coordinates": [[[72.5464343, 22.9626036], [72.5464727, 22.962596000000005], [72.5464917, 22.9626774], [72.5464532, 22.962685000000004], [72.5464343, 22.9626036]]]}}, {"type": "Feature", "properties": {"layer": "building", "distance_m": 70.4, "source": "Google Open Buildings", "in_industrial_zone": false, "ghsl_2018": 1}, "geometry": {"type": "Polygon", "coordinates": [[[72.5465459, 22.9625923], [72.5465779, 22.962611399999997], [72.5465579, 22.962640199999996], [72.5465259, 22.9626211], [72.5465459, 22.9625923]]]}}, {"type": "Feature", "properties": {"layer": "building", "distance_m": 75.8, "source": "Google Open Buildings", "in_industrial_zone": false, "ghsl_2018": 1}, "geometry": {"type": "Polygon", "coordinates": [[[72.5465518, 22.962641400000003], [72.5465832, 22.9626456], [72.5465782, 22.9626779], [72.5465469, 22.9626738], [72.5465518, 22.962641400000003]]]}}, {"type": "Feature", "properties": {"layer": "building", "distance_m": 77.2, "source": "Microsoft ML Buildings", "in_industrial_zone": false, "ghsl_2018": 1}, "geometry": {"type": "Polygon", "coordinates": [[[72.5466541, 22.962672800000004], [72.5466053, 22.962679199999993], [72.5466001, 22.962645299999995], [72.5466489, 22.9626389], [72.5466541, 22.962672800000004]]]}}, {"type": "Feature", "properties": {"layer": "building", "distance_m": 70.9, "source": "Microsoft ML Buildings", "in_industrial_zone": false, "ghsl_2018": 1}, "geometry": {"type": "Polygon", "coordinates": [[[72.5467546, 22.962627600000005], [72.5467364, 22.9625628], [72.546764, 22.9625562], [72.5467823, 22.962620999999995], [72.5467546, 22.962627600000005]]]}}, {"type": "Feature", "properties": {"layer": "building", "distance_m": 81.3, "source": "Microsoft ML Buildings", "in_industrial_zone": false, "ghsl_2018": 1}, "geometry": {"type": "Polygon", "coordinates": [[[72.5468593, 22.962634499999997], [72.5468994, 22.9626325], [72.546902, 22.962674299999996], [72.5468619, 22.9626764], [72.5468593, 22.962634499999997]]]}}, {"type": "Feature", "properties": {"layer": "building", "distance_m": 69.6, "source": "Google Open Buildings", "in_industrial_zone": false, "ghsl_2018": 1}, "geometry": {"type": "Polygon", "coordinates": [[[72.5468822, 22.962525800000005], [72.546889, 22.962568000000005], [72.5468307, 22.962575999999995], [72.5468239, 22.962533799999992], [72.5468822, 22.962525800000005]]]}}, {"type": "Feature", "properties": {"layer": "building", "distance_m": 90.8, "source": "Microsoft ML Buildings", "in_industrial_zone": false, "ghsl_2018": 1}, "geometry": {"type": "Polygon", "coordinates": [[[72.5472983, 22.962708899999996], [72.54724170000001, 22.962724499999997], [72.5472207, 22.962659799999997], [72.5472773, 22.9626442], [72.5472983, 22.962708899999996]]]}}, {"type": "Feature", "properties": {"layer": "building", "distance_m": 63.7, "source": "Microsoft ML Buildings", "in_industrial_zone": false, "ghsl_2018": 1}, "geometry": {"type": "Polygon", "coordinates": [[[72.5472573, 22.962467500000002], [72.5471745, 22.9624721], [72.5471707, 22.962414299999995], [72.5472535, 22.962409700000006], [72.5472573, 22.962467500000002]]]}}, {"type": "Feature", "properties": {"layer": "building", "distance_m": 50.4, "source": "Microsoft ML Buildings", "in_industrial_zone": false, "ghsl_2018": 1}, "geometry": {"type": "Polygon", "coordinates": [[[72.5473291, 22.962336799999996], [72.5471262, 22.962356399999997], [72.54712, 22.9623013], [72.5473229, 22.9622818], [72.5473291, 22.962336799999996]]]}}, {"type": "Feature", "properties": {"layer": "building", "distance_m": 52.4, "source": "Microsoft ML Buildings", "in_industrial_zone": false, "ghsl_2018": 1}, "geometry": {"type": "Polygon", "coordinates": [[[72.5474036, 22.962341899999995], [72.5473459, 22.962343100000002], [72.5473443, 22.962277600000004], [72.5474021, 22.962276399999997], [72.5474036, 22.962341899999995]]]}}, {"type": "Feature", "properties": {"layer": "building", "distance_m": 60.7, "source": "Google Open Buildings", "in_industrial_zone": false, "ghsl_2018": 1}, "geometry": {"type": "Polygon", "coordinates": [[[72.5474087, 22.962342799999995], [72.5474127, 22.962362400000007], [72.5473578, 22.962372], [72.5473538, 22.962352400000004], [72.5474087, 22.962342799999995]]]}}, {"type": "Feature", "properties": {"layer": "building", "distance_m": 75.1, "source": "Google Open Buildings", "in_industrial_zone": false, "ghsl_2018": 1}, "geometry": {"type": "Polygon", "coordinates": [[[72.5473951, 22.9624775], [72.5474312, 22.9624793], [72.5474282, 22.9625327], [72.54739200000002, 22.962530900000004], [72.5473951, 22.9624775]]]}}, {"type": "Feature", "properties": {"layer": "building", "distance_m": 94.1, "source": "Microsoft ML Buildings", "in_industrial_zone": false, "ghsl_2018": 1}, "geometry": {"type": "Polygon", "coordinates": [[[72.547462, 22.962702599999993], [72.547456, 22.962641299999998], [72.5475291, 22.962635300000006], [72.5475351, 22.962696500000003], [72.547462, 22.962702599999993]]]}}, {"type": "Feature", "properties": {"layer": "building", "distance_m": 50.7, "source": "Google Open Buildings", "in_industrial_zone": false, "ghsl_2018": 1}, "geometry": {"type": "Polygon", "coordinates": [[[72.5474936, 22.962234199999997], [72.5475606, 22.962222199999996], [72.5475681, 22.962257999999995], [72.547501, 22.962269900000003], [72.5474936, 22.962234199999997]]]}}, {"type": "Feature", "properties": {"layer": "building", "distance_m": 50.8, "source": "Google Open Buildings", "in_industrial_zone": false, "ghsl_2018": 1}, "geometry": {"type": "Polygon", "coordinates": [[[72.5475606, 22.962222199999996], [72.5476021, 22.9622148], [72.5476141, 22.962272199999997], [72.5475726, 22.962279600000002], [72.5475606, 22.962222199999996]]]}}, {"type": "Feature", "properties": {"layer": "building", "distance_m": 67.5, "source": "Google Open Buildings", "in_industrial_zone": false, "ghsl_2018": 1}, "geometry": {"type": "Polygon", "coordinates": [[[72.5476089, 22.96236730000001], [72.5476206, 22.962407199999998], [72.5475732, 22.9624191], [72.5475615, 22.9623792], [72.5476089, 22.96236730000001]]]}}, {"type": "Feature", "properties": {"layer": "building", "distance_m": 64.2, "source": "Google Open Buildings", "in_industrial_zone": false, "ghsl_2018": 1}, "geometry": {"type": "Polygon", "coordinates": [[[72.5476382, 22.962333199999996], [72.5476669, 22.9623266], [72.5476805, 22.9623775], [72.5476518, 22.962384099999998], [72.5476382, 22.962333199999996]]]}}, {"type": "Feature", "properties": {"layer": "building", "distance_m": 53.3, "source": "Google Open Buildings", "in_industrial_zone": false, "ghsl_2018": 1}, "geometry": {"type": "Polygon", "coordinates": [[[72.5476809, 22.9622235], [72.547715, 22.962224], [72.5477145, 22.96225220000001], [72.5476804, 22.9622517], [72.5476809, 22.9622235]]]}}, {"type": "Feature", "properties": {"layer": "building", "distance_m": 50.0, "source": "Google Open Buildings", "in_industrial_zone": false, "ghsl_2018": 1}, "geometry": {"type": "Polygon", "coordinates": [[[72.5476658, 22.962195400000002], [72.5477102, 22.9621902], [72.5477146, 22.962222699999998], [72.5476702, 22.962227900000002], [72.5476658, 22.962195400000002]]]}}, {"type": "Feature", "properties": {"layer": "building", "distance_m": 49.8, "source": "Google Open Buildings", "in_industrial_zone": false, "ghsl_2018": 1}, "geometry": {"type": "Polygon", "coordinates": [[[72.5476362, 22.962198800000003], [72.5476658, 22.962195400000002], [72.5476737, 22.962253399999998], [72.5476441, 22.962256800000002], [72.5476362, 22.962198800000003]]]}}, {"type": "Feature", "properties": {"layer": "building", "distance_m": 205.4, "source": "Microsoft ML Buildings", "in_industrial_zone": false, "ghsl_2018": 0}, "geometry": {"type": "Polygon", "coordinates": [[[72.5464958, 22.9572798], [72.5464975, 22.95723430000001], [72.5465939, 22.9572373], [72.54659230000001, 22.9572828], [72.5464958, 22.9572798]]]}}, {"type": "Feature", "properties": {"layer": "building", "distance_m": 343.0, "source": "Google Open Buildings", "in_industrial_zone": false, "ghsl_2018": 0}, "geometry": {"type": "Polygon", "coordinates": [[[72.5465556, 22.9559124], [72.5465934, 22.9560094], [72.5465167, 22.9560351], [72.5464789, 22.955938100000004], [72.5465556, 22.9559124]]]}}, {"type": "Feature", "properties": {"layer": "building", "distance_m": 252.2, "source": "Microsoft ML Buildings", "in_industrial_zone": false, "ghsl_2018": 0}, "geometry": {"type": "Polygon", "coordinates": [[[72.5475992, 22.956719899999996], [72.5475977, 22.956671900000003], [72.5476583, 22.9566703], [72.5476597, 22.9567184], [72.5475992, 22.956719899999996]]]}}, {"type": "Feature", "properties": {"layer": "building", "distance_m": 474.8, "source": "Microsoft ML Buildings", "in_industrial_zone": false, "ghsl_2018": 1}, "geometry": {"type": "Polygon", "coordinates": [[[72.5457746, 22.9548126], [72.5458656, 22.954809400000002], [72.5458706, 22.954926700000005], [72.5457795, 22.954929899999996], [72.5457746, 22.9548126]]]}}, {"type": "Feature", "properties": {"layer": "building", "distance_m": 474.5, "source": "Google Open Buildings", "in_industrial_zone": false, "ghsl_2018": 1}, "geometry": {"type": "Polygon", "coordinates": [[[72.5456679, 22.9548607], [72.5457035, 22.9548576], [72.5457133, 22.954953499999995], [72.5456778, 22.954956700000007], [72.5456679, 22.9548607]]]}}, {"type": "Feature", "properties": {"layer": "building", "distance_m": 484.9, "source": "Google Open Buildings", "in_industrial_zone": false, "ghsl_2018": 1}, "geometry": {"type": "Polygon", "coordinates": [[[72.5456627, 22.9548147], [72.5457356, 22.9548075], [72.5457409, 22.9548536], [72.545668, 22.95486079999999], [72.5456627, 22.9548147]]]}}, {"type": "Feature", "properties": {"layer": "building", "distance_m": 490.9, "source": "Google Open Buildings", "in_industrial_zone": false, "ghsl_2018": 1}, "geometry": {"type": "Polygon", "coordinates": [[[72.5458942, 22.954705199999996], [72.54595740000002, 22.954699200000007], [72.5459646, 22.9547651], [72.5459015, 22.954771099999988], [72.5458942, 22.954705199999996]]]}}, {"type": "Feature", "properties": {"layer": "building", "distance_m": 433.3, "source": "Google Open Buildings", "in_industrial_zone": false, "ghsl_2018": 0}, "geometry": {"type": "Polygon", "coordinates": [[[72.5479708, 22.955049500000005], [72.5480044, 22.9550463], [72.5480092, 22.9550886], [72.5479755, 22.955091799999995], [72.5479708, 22.955049500000005]]]}}, {"type": "Feature", "properties": {"layer": "building", "distance_m": 217.1, "source": "Google Open Buildings", "in_industrial_zone": false, "ghsl_2018": 1}, "geometry": {"type": "Polygon", "coordinates": [[[72.5482685, 22.957030500000002], [72.5483905, 22.9570707], [72.5483652, 22.957136699999996], [72.5482432, 22.957096600000003], [72.5482685, 22.957030500000002]]]}}, {"type": "Feature", "properties": {"layer": "building", "distance_m": 220.3, "source": "Google Open Buildings", "in_industrial_zone": false, "ghsl_2018": 1}, "geometry": {"type": "Polygon", "coordinates": [[[72.5484646, 22.9571032], [72.54852160000002, 22.9571184], [72.5485117, 22.9571502], [72.5484547, 22.957135000000005], [72.5484646, 22.9571032]]]}}, {"type": "Feature", "properties": {"layer": "building", "distance_m": 428.1, "source": "Google Open Buildings", "in_industrial_zone": false, "ghsl_2018": 1}, "geometry": {"type": "Polygon", "coordinates": [[[72.54943950000002, 22.955252200000007], [72.54957140000002, 22.955431300000004], [72.54946860000001, 22.9554962], [72.54933670000001, 22.955317], [72.54943950000002, 22.955252200000007]]]}}, {"type": "Feature", "properties": {"layer": "building", "distance_m": 426.8, "source": "Microsoft ML Buildings", "in_industrial_zone": false, "ghsl_2018": 1}, "geometry": {"type": "Polygon", "coordinates": [[[72.5498264, 22.9556339], [72.54979640000002, 22.955669100000005], [72.54975320000001, 22.955637899999992], [72.5497832, 22.9556027], [72.5498264, 22.9556339]]]}}, {"type": "Feature", "properties": {"layer": "building", "distance_m": 430.5, "source": "Microsoft ML Buildings", "in_industrial_zone": false, "ghsl_2018": 1}, "geometry": {"type": "Polygon", "coordinates": [[[72.54984760000002, 22.9556372], [72.54987570000002, 22.95560920000001], [72.54995250000002, 22.955674400000003], [72.54992440000001, 22.9557025], [72.54984760000002, 22.9556372]]]}}, {"type": "Feature", "properties": {"layer": "building", "distance_m": 392.1, "source": "Microsoft ML Buildings", "in_industrial_zone": false, "ghsl_2018": 1}, "geometry": {"type": "Polygon", "coordinates": [[[72.54989230000001, 22.9560983], [72.5497503, 22.9559852], [72.54987040000002, 22.955857500000004], [72.55001230000002, 22.955970600000008], [72.54989230000001, 22.9560983]]]}}, {"type": "Feature", "properties": {"layer": "building", "distance_m": 399.8, "source": "Google Open Buildings", "in_industrial_zone": false, "ghsl_2018": 1}, "geometry": {"type": "Polygon", "coordinates": [[[72.54975860000002, 22.955652600000004], [72.54990270000002, 22.9557602], [72.5497543, 22.955930700000003], [72.5496102, 22.955823200000008], [72.54975860000002, 22.955652600000004]]]}}, {"type": "Feature", "properties": {"layer": "building", "distance_m": 481.3, "source": "Google Open Buildings", "in_industrial_zone": false, "ghsl_2018": 0}, "geometry": {"type": "Polygon", "coordinates": [[[72.54965180000002, 22.9550096], [72.54968250000002, 22.955005399999994], [72.5496886, 22.9550442], [72.54965790000001, 22.955048299999994], [72.54965180000002, 22.9550096]]]}}, {"type": "Feature", "properties": {"layer": "building", "distance_m": 420.8, "source": "Microsoft ML Buildings", "in_industrial_zone": false, "ghsl_2018": 1}, "geometry": {"type": "Polygon", "coordinates": [[[72.54948510000001, 22.955544000000003], [72.5495315, 22.955512000000006], [72.5495739, 22.955564200000005], [72.54952750000001, 22.955596200000006], [72.54948510000001, 22.955544000000003]]]}}, {"type": "Feature", "properties": {"layer": "building", "distance_m": 446.0, "source": "Google Open Buildings", "in_industrial_zone": false, "ghsl_2018": 1}, "geometry": {"type": "Polygon", "coordinates": [[[72.54954020000001, 22.955317], [72.54957330000002, 22.955335599999994], [72.54955890000001, 22.9553576], [72.54952570000002, 22.955339], [72.54954020000001, 22.955317]]]}}, {"type": "Feature", "properties": {"layer": "building", "distance_m": 210.8, "source": "Microsoft ML Buildings", "in_industrial_zone": false, "ghsl_2018": 0}, "geometry": {"type": "Polygon", "coordinates": [[[72.5494796, 22.9579947], [72.5495428, 22.958002699999998], [72.54953590000001, 22.958048799999993], [72.5494727, 22.95804070000001], [72.5494796, 22.9579947]]]}}, {"type": "Feature", "properties": {"layer": "building", "distance_m": 221.5, "source": "Google Open Buildings", "in_industrial_zone": false, "ghsl_2018": 1}, "geometry": {"type": "Polygon", "coordinates": [[[72.54963960000002, 22.958070200000005], [72.5496979, 22.958077100000004], [72.54969180000002, 22.9581216], [72.5496334, 22.9581147], [72.54963960000002, 22.958070200000005]]]}}, {"type": "Feature", "properties": {"layer": "building", "distance_m": 226.1, "source": "Google Open Buildings", "in_industrial_zone": false, "ghsl_2018": 1}, "geometry": {"type": "Polygon", "coordinates": [[[72.5497056, 22.958087100000004], [72.5497531, 22.958101599999996], [72.5497385, 22.9581425], [72.54969100000001, 22.958128], [72.5497056, 22.958087100000004]]]}}, {"type": "Feature", "properties": {"layer": "building", "distance_m": 240.2, "source": "Google Open Buildings", "in_industrial_zone": false, "ghsl_2018": 1}, "geometry": {"type": "Polygon", "coordinates": [[[72.54988690000002, 22.958120100000002], [72.54997159999999, 22.958166100000003], [72.5499432, 22.958210900000005], [72.5498585, 22.9581649], [72.54988690000002, 22.958120100000002]]]}}, {"type": "Feature", "properties": {"layer": "building", "distance_m": 246.9, "source": "Microsoft ML Buildings", "in_industrial_zone": false, "ghsl_2018": 1}, "geometry": {"type": "Polygon", "coordinates": [[[72.5500632, 22.958280000000002], [72.5499531, 22.9582238], [72.549977, 22.958184100000004], [72.550087, 22.958240300000014], [72.5500632, 22.958280000000002]]]}}, {"type": "Feature", "properties": {"layer": "building", "distance_m": 262.4, "source": "Google Open Buildings", "in_industrial_zone": false, "ghsl_2018": 1}, "geometry": {"type": "Polygon", "coordinates": [[[72.5501605, 22.958222700000004], [72.5502065, 22.958246600000006], [72.550177, 22.9582955], [72.5501309, 22.9582717], [72.5501605, 22.958222700000004]]]}}, {"type": "Feature", "properties": {"layer": "building", "distance_m": 393.1, "source": "Google Open Buildings", "in_industrial_zone": false, "ghsl_2018": 0}, "geometry": {"type": "Polygon", "coordinates": [[[72.5503367, 22.956360500000002], [72.55040240000001, 22.9563948], [72.5503769, 22.956436599999996], [72.5503113, 22.9564023], [72.5503367, 22.956360500000002]]]}}, {"type": "Feature", "properties": {"layer": "building", "distance_m": 399.3, "source": "Google Open Buildings", "in_industrial_zone": false, "ghsl_2018": 1}, "geometry": {"type": "Polygon", "coordinates": [[[72.55028620000002, 22.9562674], [72.55032940000001, 22.9562791], [72.5503337, 22.956304600000003], [72.55029330000002, 22.956310399999996], [72.55028620000002, 22.9562674]]]}}, {"type": "Feature", "properties": {"layer": "building", "distance_m": 434.2, "source": "Google Open Buildings", "in_industrial_zone": false, "ghsl_2018": 1}, "geometry": {"type": "Polygon", "coordinates": [[[72.55042220000001, 22.95556240000001], [72.55053660000002, 22.955718299999997], [72.55027170000001, 22.955885], [72.55017870000002, 22.955758300000003], [72.5503142, 22.955673], [72.55029280000001, 22.955643800000004], [72.55042220000001, 22.95556240000001]]]}}, {"type": "Feature", "properties": {"layer": "building", "distance_m": 481.6, "source": "Google Open Buildings", "in_industrial_zone": false, "ghsl_2018": 0}, "geometry": {"type": "Polygon", "coordinates": [[[72.5503358, 22.955370400000003], [72.55037420000001, 22.955361], [72.5503845, 22.955396700000005], [72.55034610000001, 22.955406200000002], [72.5503358, 22.955370400000003]]]}}, {"type": "Feature", "properties": {"layer": "building", "distance_m": 494.1, "source": "Google Open Buildings", "in_industrial_zone": false, "ghsl_2018": 1}, "geometry": {"type": "Polygon", "coordinates": [[[72.55018590000002, 22.955121900000005], [72.5501942, 22.955156899999995], [72.55016210000001, 22.9551634], [72.55015380000002, 22.955128400000003], [72.55018590000002, 22.955121900000005]]]}}, {"type": "Feature", "properties": {"layer": "building", "distance_m": 436.9, "source": "Google Open Buildings", "in_industrial_zone": false, "ghsl_2018": 1}, "geometry": {"type": "Polygon", "coordinates": [[[72.55018170000001, 22.955545499999996], [72.55028030000001, 22.955686199999995], [72.55014470000002, 22.9557677], [72.55010980000002, 22.9557179], [72.55013220000001, 22.955704400000002], [72.55006860000002, 22.955613599999996], [72.55018170000001, 22.955545499999996]]]}}, {"type": "Feature", "properties": {"layer": "building", "distance_m": 436.8, "source": "Google Open Buildings", "in_industrial_zone": false, "ghsl_2018": 1}, "geometry": {"type": "Polygon", "coordinates": [[[72.55003580000002, 22.955601499999993], [72.55007230000001, 22.9556508], [72.55001390000001, 22.955687900000004], [72.54997740000002, 22.955638600000004], [72.55003580000002, 22.955601499999993]]]}}, {"type": "Feature", "properties": {"layer": "building", "distance_m": 298.5, "source": "Google Open Buildings", "in_industrial_zone": false, "ghsl_2018": 0}, "geometry": {"type": "Polygon", "coordinates": [[[72.55111440000002, 22.9580959], [72.5508612, 22.958359200000004], [72.5507247, 22.958246700000004], [72.55062910000001, 22.958346100000004], [72.550485, 22.9582273], [72.5508337, 22.957864500000003], [72.55111440000002, 22.9580959]]]}}, {"type": "Feature", "properties": {"layer": "building", "distance_m": 328.2, "source": "Google Open Buildings", "in_industrial_zone": false, "ghsl_2018": 1}, "geometry": {"type": "Polygon", "coordinates": [[[72.5509512, 22.958448800000003], [72.55098170000001, 22.9584922], [72.5508852, 22.9585506], [72.5508546, 22.958507300000004], [72.5509512, 22.958448800000003]]]}}, {"type": "Feature", "properties": {"layer": "building", "distance_m": 351.9, "source": "Google Open Buildings", "in_industrial_zone": false, "ghsl_2018": 0}, "geometry": {"type": "Polygon", "coordinates": [[[72.5511254, 22.958588299999995], [72.5511714, 22.9585974], [72.551163, 22.958633499999998], [72.551117, 22.9586244], [72.5511254, 22.958588299999995]]]}}, {"type": "Feature", "properties": {"layer": "building", "distance_m": 384.4, "source": "Google Open Buildings", "in_industrial_zone": false, "ghsl_2018": 0}, "geometry": {"type": "Polygon", "coordinates": [[[72.55134030000002, 22.957996900000005], [72.55137420000001, 22.958026899999997], [72.5513314, 22.9580684], [72.5512975, 22.958038400000003], [72.55134030000002, 22.957996900000005]]]}}, {"type": "Feature", "properties": {"layer": "building", "distance_m": 368.1, "source": "Google Open Buildings", "in_industrial_zone": false, "ghsl_2018": 0}, "geometry": {"type": "Polygon", "coordinates": [[[72.55135880000002, 22.9586361], [72.5513186, 22.958680299999997], [72.55128520000001, 22.9586542], [72.5513254, 22.958610000000004], [72.55135880000002, 22.9586361]]]}}, {"type": "Feature", "properties": {"layer": "building", "distance_m": 364.8, "source": "Google Open Buildings", "in_industrial_zone": false, "ghsl_2018": 0}, "geometry": {"type": "Polygon", "coordinates": [[[72.55129150000002, 22.958607999999995], [72.55130290000001, 22.9586349], [72.55125700000002, 22.958651599999996], [72.5512456, 22.958624699999998], [72.55129150000002, 22.958607999999995]]]}}, {"type": "Feature", "properties": {"layer": "building", "distance_m": 369.5, "source": "Microsoft ML Buildings", "in_industrial_zone": false, "ghsl_2018": 0}, "geometry": {"type": "Polygon", "coordinates": [[[72.551431, 22.959063300000008], [72.5513801, 22.9590136], [72.5514389, 22.958962599999992], [72.5514898, 22.959012299999998], [72.551431, 22.959063300000008]]]}}, {"type": "Feature", "properties": {"layer": "building", "distance_m": 380.8, "source": "Google Open Buildings", "in_industrial_zone": false, "ghsl_2018": 0}, "geometry": {"type": "Polygon", "coordinates": [[[72.55144430000001, 22.9586025], [72.5514938, 22.958649899999994], [72.55145650000001, 22.9586833], [72.551407, 22.958635899999994], [72.55144430000001, 22.9586025]]]}}, {"type": "Feature", "properties": {"layer": "building", "distance_m": 376.3, "source": "Microsoft ML Buildings", "in_industrial_zone": false, "ghsl_2018": 0}, "geometry": {"type": "Polygon", "coordinates": [[[72.5514804, 22.958719000000013], [72.55144780000002, 22.9587519], [72.55137480000002, 22.958690400000002], [72.5514074, 22.958657500000005], [72.5514804, 22.958719000000013]]]}}, {"type": "Feature", "properties": {"layer": "building", "distance_m": 370.9, "source": "Google Open Buildings", "in_industrial_zone": false, "ghsl_2018": 0}, "geometry": {"type": "Polygon", "coordinates": [[[72.55135880000002, 22.9586361], [72.55139530000001, 22.9586646], [72.55135519999999, 22.9587088], [72.5513186, 22.958680299999997], [72.55135880000002, 22.9586361]]]}}, {"type": "Feature", "properties": {"layer": "building", "distance_m": 374.5, "source": "Google Open Buildings", "in_industrial_zone": false, "ghsl_2018": 0}, "geometry": {"type": "Polygon", "coordinates": [[[72.5513167, 22.9585114], [72.5513595, 22.958490400000002], [72.5513905, 22.9585447], [72.5513477, 22.9585656], [72.5513167, 22.9585114]]]}}, {"type": "Feature", "properties": {"layer": "building", "distance_m": 377.0, "source": "Google Open Buildings", "in_industrial_zone": false, "ghsl_2018": 0}, "geometry": {"type": "Polygon", "coordinates": [[[72.5513537, 22.958564099999997], [72.55138, 22.9585444], [72.55142210000001, 22.958592499999995], [72.5513958, 22.9586122], [72.5513537, 22.958564099999997]]]}}, {"type": "Feature", "properties": {"layer": "building", "distance_m": 405.9, "source": "Google Open Buildings", "in_industrial_zone": false, "ghsl_2018": 0}, "geometry": {"type": "Polygon", "coordinates": [[[72.55158660000001, 22.95811040000001], [72.55160470000001, 22.9581495], [72.5515585, 22.958167699999997], [72.5515405, 22.9581286], [72.55158660000001, 22.95811040000001]]]}}, {"type": "Feature", "properties": {"layer": "building", "distance_m": 400.4, "source": "Google Open Buildings", "in_industrial_zone": false, "ghsl_2018": 0}, "geometry": {"type": "Polygon", "coordinates": [[[72.5515669, 22.958267099999997], [72.5515826, 22.958293800000003], [72.55154020000002, 22.958315300000002], [72.55152450000003, 22.958288599999992], [72.5515669, 22.958267099999997]]]}}, {"type": "Feature", "properties": {"layer": "building", "distance_m": 389.0, "source": "Google Open Buildings", "in_industrial_zone": false, "ghsl_2018": 0}, "geometry": {"type": "Polygon", "coordinates": [[[72.5515936, 22.958729300000012], [72.5515657, 22.958763000000005], [72.551585, 22.958776800000003], [72.55156830000001, 22.958796900000003], [72.5515181, 22.9587613], [72.5515627, 22.958707399999998], [72.5515936, 22.958729300000012]]]}}, {"type": "Feature", "properties": {"layer": "building", "distance_m": 401.1, "source": "Google Open Buildings", "in_industrial_zone": false, "ghsl_2018": 0}, "geometry": {"type": "Polygon", "coordinates": [[[72.55162720000001, 22.9584808], [72.5517147, 22.958572700000005], [72.5516706, 22.958608699999996], [72.55158300000001, 22.958516799999998], [72.55162720000001, 22.9584808]]]}}, {"type": "Feature", "properties": {"layer": "building", "distance_m": 401.1, "source": "Google Open Buildings", "in_industrial_zone": false, "ghsl_2018": 0}, "geometry": {"type": "Polygon", "coordinates": [[[72.5516014, 22.958400500000003], [72.55161230000002, 22.9584433], [72.5515692, 22.958452700000002], [72.55155840000002, 22.9584099], [72.5516014, 22.958400500000003]]]}}, {"type": "Feature", "properties": {"layer": "building", "distance_m": 441.5, "source": "Google Open Buildings", "in_industrial_zone": false, "ghsl_2018": 0}, "geometry": {"type": "Polygon", "coordinates": [[[72.5518697, 22.9579752], [72.55190390000001, 22.957982299999998], [72.55189790000001, 22.9580072], [72.5518637, 22.958000200000004], [72.5518697, 22.9579752]]]}}, {"type": "Feature", "properties": {"layer": "building", "distance_m": 411.8, "source": "Google Open Buildings", "in_industrial_zone": false, "ghsl_2018": 0}, "geometry": {"type": "Polygon", "coordinates": [[[72.5517519, 22.958330099999998], [72.55179070000001, 22.958385200000006], [72.5517346, 22.9584191], [72.55174580000002, 22.9584349], [72.5517094, 22.958456900000005], [72.5516595, 22.958386], [72.5517519, 22.958330099999998]]]}}, {"type": "Feature", "properties": {"layer": "building", "distance_m": 422.1, "source": "Microsoft ML Buildings", "in_industrial_zone": false, "ghsl_2018": 0}, "geometry": {"type": "Polygon", "coordinates": [[[72.5517464, 22.958076100000003], [72.5517152, 22.958095600000004], [72.55168200000001, 22.9580506], [72.5517133, 22.9580311], [72.5517464, 22.958076100000003]]]}}, {"type": "Feature", "properties": {"layer": "building", "distance_m": 425.3, "source": "Microsoft ML Buildings", "in_industrial_zone": false, "ghsl_2018": 0}, "geometry": {"type": "Polygon", "coordinates": [[[72.5517814, 22.958170900000006], [72.5517331, 22.958119399999998], [72.55177610000001, 22.958085199999996], [72.5518244, 22.9581366], [72.5517814, 22.958170900000006]]]}}, {"type": "Feature", "properties": {"layer": "building", "distance_m": 423.0, "source": "Google Open Buildings", "in_industrial_zone": false, "ghsl_2018": 0}, "geometry": {"type": "Polygon", "coordinates": [[[72.5518131, 22.9582992], [72.55185249999998, 22.958373100000003], [72.55179660000002, 22.958398699999996], [72.55175720000001, 22.958324799999993], [72.5518131, 22.9582992]]]}}, {"type": "Feature", "properties": {"layer": "building", "distance_m": 444.0, "source": "Google Open Buildings", "in_industrial_zone": false, "ghsl_2018": 0}, "geometry": {"type": "Polygon", "coordinates": [[[72.55190490000001, 22.9580612], [72.55193960000001, 22.958030199999993], [72.5519787, 22.958067600000003], [72.551944, 22.9580987], [72.55190490000001, 22.9580612]]]}}, {"type": "Feature", "properties": {"layer": "building", "distance_m": 443.3, "source": "Microsoft ML Buildings", "in_industrial_zone": false, "ghsl_2018": 1}, "geometry": {"type": "Polygon", "coordinates": [[[72.55204140000001, 22.9583641], [72.5520004, 22.958389100000005], [72.55196210000001, 22.9583359], [72.55200310000001, 22.958310899999997], [72.55204140000001, 22.9583641]]]}}, {"type": "Feature", "properties": {"layer": "building", "distance_m": 443.1, "source": "Google Open Buildings", "in_industrial_zone": false, "ghsl_2018": 0}, "geometry": {"type": "Polygon", "coordinates": [[[72.55194370000001, 22.9582636], [72.5519808, 22.958248599999997], [72.55200470000001, 22.9582991], [72.5519676, 22.958314200000004], [72.55194370000001, 22.9582636]]]}}, {"type": "Feature", "properties": {"layer": "building", "distance_m": 398.2, "source": "Google Open Buildings", "in_industrial_zone": false, "ghsl_2018": 1}, "geometry": {"type": "Polygon", "coordinates": [[[72.55213630000002, 22.958429499999994], [72.5522561, 22.958563300000005], [72.5517428, 22.958957399999996], [72.551623, 22.958823600000002], [72.55213630000002, 22.958429499999994]]]}}, {"type": "Feature", "properties": {"layer": "building", "distance_m": 422.2, "source": "Google Open Buildings", "in_industrial_zone": false, "ghsl_2018": 1}, "geometry": {"type": "Polygon", "coordinates": [[[72.5519747, 22.958912100000003], [72.55205190000001, 22.9589972], [72.55203590000002, 22.959009599999998], [72.55204750000001, 22.9590224], [72.55198540000002, 22.959070700000005], [72.55189660000002, 22.9589728], [72.5519747, 22.958912100000003]]]}}, {"type": "Feature", "properties": {"layer": "building", "distance_m": 457.5, "source": "Google Open Buildings", "in_industrial_zone": false, "ghsl_2018": 0}, "geometry": {"type": "Polygon", "coordinates": [[[72.5521294, 22.958162400000003], [72.55214950000001, 22.958217699999995], [72.5520889, 22.9582365], [72.55206890000001, 22.9581812], [72.5521294, 22.958162400000003]]]}}, {"type": "Feature", "properties": {"layer": "building", "distance_m": 456.6, "source": "Google Open Buildings", "in_industrial_zone": false, "ghsl_2018": 1}, "geometry": {"type": "Polygon", "coordinates": [[[72.55213610000001, 22.958319499999995], [72.55217700000001, 22.95835290000001], [72.5521405, 22.958391099999993], [72.55209960000002, 22.95835770000001], [72.55213610000001, 22.958319499999995]]]}}, {"type": "Feature", "properties": {"layer": "building", "distance_m": 433.4, "source": "Google Open Buildings", "in_industrial_zone": false, "ghsl_2018": 1}, "geometry": {"type": "Polygon", "coordinates": [[[72.5524495, 22.958536099999996], [72.552655, 22.958752500000003], [72.55219910000001, 22.959123799999997], [72.5519936, 22.958907400000005], [72.5524495, 22.958536099999996]]]}}, {"type": "Feature", "properties": {"layer": "building", "distance_m": 475.3, "source": "Google Open Buildings", "in_industrial_zone": false, "ghsl_2018": 1}, "geometry": {"type": "Polygon", "coordinates": [[[72.55228570000001, 22.958222300000003], [72.55232810000001, 22.958268799999995], [72.55230260000002, 22.9582887], [72.55226020000002, 22.958242100000007], [72.55228570000001, 22.958222300000003]]]}}, {"type": "Feature", "properties": {"layer": "building", "distance_m": 473.7, "source": "Google Open Buildings", "in_industrial_zone": false, "ghsl_2018": 0}, "geometry": {"type": "Polygon", "coordinates": [[[72.5522652, 22.958076900000002], [72.5522797, 22.958120500000003], [72.5522249, 22.958136099999994], [72.55221030000001, 22.9580925], [72.5522652, 22.958076900000002]]]}}, {"type": "Feature", "properties": {"layer": "building", "distance_m": 458.7, "source": "Google Open Buildings", "in_industrial_zone": false, "ghsl_2018": 1}, "geometry": {"type": "Polygon", "coordinates": [[[72.55235990000001, 22.958260999999993], [72.5524791, 22.95839590000001], [72.5522565, 22.9585646], [72.5521373, 22.958429700000003], [72.55235990000001, 22.958260999999993]]]}}, {"type": "Feature", "properties": {"layer": "building", "distance_m": 481.2, "source": "Google Open Buildings", "in_industrial_zone": false, "ghsl_2018": 1}, "geometry": {"type": "Polygon", "coordinates": [[[72.55235, 22.958226600000003], [72.5523618, 22.958258700000002], [72.552329, 22.958269099999992], [72.5523172, 22.958237000000004], [72.55235, 22.958226600000003]]]}}, {"type": "Feature", "properties": {"layer": "building", "distance_m": 488.7, "source": "Google Open Buildings", "in_industrial_zone": false, "ghsl_2018": 1}, "geometry": {"type": "Polygon", "coordinates": [[[72.5524766, 22.958405799999998], [72.5524982, 22.958437500000002], [72.5524572, 22.9584613], [72.55243570000002, 22.958429599999995], [72.5524766, 22.958405799999998]]]}}, {"type": "Feature", "properties": {"layer": "building", "distance_m": 469.2, "source": "Google Open Buildings", "in_industrial_zone": false, "ghsl_2018": 1}, "geometry": {"type": "Polygon", "coordinates": [[[72.55365869999999, 22.957252299999997], [72.5521876, 22.9579128], [72.55217430000002, 22.957887400000004], [72.55215590000002, 22.957895599999997], [72.5520446, 22.957683], [72.55353400000001, 22.957014299999997], [72.55365869999999, 22.957252299999997]]]}}, {"type": "Feature", "properties": {"layer": "building", "distance_m": 47.8, "source": "Microsoft ML Buildings", "in_industrial_zone": false, "ghsl_2018": 1}, "geometry": {"type": "Polygon", "coordinates": [[[72.5480709, 22.9621492], [72.5480672, 22.962099999999996], [72.5481274, 22.962096199999994], [72.54813100000001, 22.9621454], [72.5480709, 22.9621492]]]}}, {"type": "Feature", "properties": {"layer": "building", "distance_m": 46.2, "source": "Google Open Buildings", "in_industrial_zone": false, "ghsl_2018": 1}, "geometry": {"type": "Polygon", "coordinates": [[[72.5480077, 22.9620967], [72.5480237, 22.9621471], [72.5479903, 22.962156200000003], [72.5479743, 22.962105800000003], [72.5480077, 22.9620967]]]}}, {"type": "Feature", "properties": {"layer": "building", "distance_m": 50.5, "source": "Google Open Buildings", "in_industrial_zone": false, "ghsl_2018": 1}, "geometry": {"type": "Polygon", "coordinates": [[[72.5477244, 22.9621893], [72.5477555, 22.962190700000004], [72.547753, 22.9622377], [72.5477219, 22.9622363], [72.5477244, 22.9621893]]]}}, {"type": "Feature", "properties": {"layer": "building", "distance_m": 48.9, "source": "Google Open Buildings", "in_industrial_zone": false, "ghsl_2018": 1}, "geometry": {"type": "Polygon", "coordinates": [[[72.5477988, 22.962161000000002], [72.5478317, 22.962157199999993], [72.5478422, 22.962233600000005], [72.5478092, 22.9622375], [72.5478057, 22.962212000000005], [72.5477663, 22.9622166], [72.5477619, 22.9621841], [72.5478013, 22.9621795], [72.5477988, 22.962161000000002]]]}}, {"type": "Feature", "properties": {"layer": "building", "distance_m": 50.4, "source": "Google Open Buildings", "in_industrial_zone": false, "ghsl_2018": 1}, "geometry": {"type": "Polygon", "coordinates": [[[72.5478423, 22.9621666], [72.5478982, 22.9621628], [72.5479036, 22.962231299999996], [72.5478477, 22.962235100000004], [72.5478423, 22.9621666]]]}}, {"type": "Feature", "properties": {"layer": "building", "distance_m": 61.7, "source": "Google Open Buildings", "in_industrial_zone": false, "ghsl_2018": 1}, "geometry": {"type": "Polygon", "coordinates": [[[72.5477968, 22.962278500000004], [72.5478251, 22.9622755], [72.54783, 22.9623152], [72.5478017, 22.9623181], [72.5477968, 22.962278500000004]]]}}, {"type": "Feature", "properties": {"layer": "building", "distance_m": 81.4, "source": "Microsoft ML Buildings", "in_industrial_zone": false, "ghsl_2018": 1}, "geometry": {"type": "Polygon", "coordinates": [[[72.548162, 22.9624329], [72.5481564, 22.962392800000003], [72.5482012, 22.962387599999996], [72.5482068, 22.962427600000005], [72.548162, 22.9624329]]]}}, {"type": "Feature", "properties": {"layer": "building", "distance_m": 59.4, "source": "Google Open Buildings", "in_industrial_zone": false, "ghsl_2018": 1}, "geometry": {"type": "Polygon", "coordinates": [[[72.5481728, 22.962188999999995], [72.5481852, 22.962256100000005], [72.5481345, 22.9622641], [72.5481221, 22.962197], [72.5481728, 22.962188999999995]]]}}, {"type": "Feature", "properties": {"layer": "building", "distance_m": 59.9, "source": "Google Open Buildings", "in_industrial_zone": false, "ghsl_2018": 1}, "geometry": {"type": "Polygon", "coordinates": [[[72.5480171, 22.962221500000002], [72.5480517, 22.962215100000005], [72.5480578, 22.962243000000008], [72.5480231, 22.9622494], [72.5480171, 22.962221500000002]]]}}, {"type": "Feature", "properties": {"layer": "building", "distance_m": 52.2, "source": "Google Open Buildings", "in_industrial_zone": false, "ghsl_2018": 1}, "geometry": {"type": "Polygon", "coordinates": [[[72.548016, 22.96215], [72.5480255, 22.96218800000001], [72.5479938, 22.962194800000006], [72.5479843, 22.9621567], [72.548016, 22.96215]]]}}, {"type": "Feature", "properties": {"layer": "building", "distance_m": 55.6, "source": "Google Open Buildings", "in_industrial_zone": false, "ghsl_2018": 1}, "geometry": {"type": "Polygon", "coordinates": [[[72.5481672, 22.962153699999995], [72.5482048, 22.962148600000003], [72.5482156, 22.9622166], [72.5481781, 22.962221699999994], [72.5481672, 22.962153699999995]]]}}, {"type": "Feature", "properties": {"layer": "building", "distance_m": 62.0, "source": "Google Open Buildings", "in_industrial_zone": false, "ghsl_2018": 1}, "geometry": {"type": "Polygon", "coordinates": [[[72.54841260000002, 22.962166200000002], [72.5484544, 22.9621593], [72.5484715, 22.962247800000004], [72.5484297, 22.9622547], [72.54841260000002, 22.962166200000002]]]}}, {"type": "Feature", "properties": {"layer": "building", "distance_m": 64.6, "source": "Microsoft ML Buildings", "in_industrial_zone": false, "ghsl_2018": 1}, "geometry": {"type": "Polygon", "coordinates": [[[72.548336, 22.9622585], [72.5483188, 22.962212000000005], [72.5483525, 22.962201500000003], [72.5483696, 22.962247999999995], [72.548336, 22.9622585]]]}}, {"type": "Feature", "properties": {"layer": "building", "distance_m": 74.6, "source": "Google Open Buildings", "in_industrial_zone": false, "ghsl_2018": 1}, "geometry": {"type": "Polygon", "coordinates": [[[72.548353, 22.9622942], [72.5483881, 22.962291299999993], [72.5483907, 22.962318], [72.5483556, 22.962320899999998], [72.548353, 22.9622942]]]}}, {"type": "Feature", "properties": {"layer": "building", "distance_m": 70.7, "source": "Google Open Buildings", "in_industrial_zone": false, "ghsl_2018": 1}, "geometry": {"type": "Polygon", "coordinates": [[[72.5483681, 22.962255200000005], [72.5483766, 22.962280100000005], [72.5483341, 22.962292600000005], [72.5483256, 22.962267699999998], [72.5483681, 22.962255200000005]]]}}, {"type": "Feature", "properties": {"layer": "building", "distance_m": 74.2, "source": "Microsoft ML Buildings", "in_industrial_zone": false, "ghsl_2018": 1}, "geometry": {"type": "Polygon", "coordinates": [[[72.5482819, 22.962303099999996], [72.5483382, 22.962304400000004], [72.5483371, 22.962345100000004], [72.54828079999999, 22.962343799999996], [72.5482819, 22.962303099999996]]]}}, {"type": "Feature", "properties": {"layer": "building", "distance_m": 90.0, "source": "Google Open Buildings", "in_industrial_zone": false, "ghsl_2018": 1}, "geometry": {"type": "Polygon", "coordinates": [[[72.5482014, 22.9624641], [72.5482606, 22.962457300000004], [72.5482684, 22.962515300000003], [72.5482092, 22.9625221], [72.5482014, 22.9624641]]]}}, {"type": "Feature", "properties": {"layer": "building", "distance_m": 92.0, "source": "Google Open Buildings", "in_industrial_zone": false, "ghsl_2018": 1}, "geometry": {"type": "Polygon", "coordinates": [[[72.5484778, 22.962438000000002], [72.54848180000002, 22.962484100000008], [72.5484205, 22.962488700000005], [72.5484164, 22.962442599999996], [72.5484778, 22.962438000000002]]]}}, {"type": "Feature", "properties": {"layer": "building", "distance_m": 83.0, "source": "Google Open Buildings", "in_industrial_zone": false, "ghsl_2018": 1}, "geometry": {"type": "Polygon", "coordinates": [[[72.5484064, 22.9623667], [72.548412, 22.962416299999997], [72.5483533, 22.962421999999997], [72.54834760000001, 22.962372500000008], [72.5484064, 22.9623667]]]}}, {"type": "Feature", "properties": {"layer": "building", "distance_m": 81.2, "source": "Google Open Buildings", "in_industrial_zone": false, "ghsl_2018": 1}, "geometry": {"type": "Polygon", "coordinates": [[[72.548545, 22.9623127], [72.5485657, 22.962310300000006], [72.5485734, 22.9623666], [72.5485528, 22.962369000000002], [72.548545, 22.9623127]]]}}, {"type": "Feature", "properties": {"layer": "building", "distance_m": 84.1, "source": "Google Open Buildings", "in_industrial_zone": false, "ghsl_2018": 1}, "geometry": {"type": "Polygon", "coordinates": [[[72.5484424, 22.962365000000002], [72.5484771, 22.962361399999995], [72.5484838, 22.9624168], [72.5485082, 22.962414299999995], [72.5485104, 22.9624327], [72.5484514, 22.962438799999994], [72.5484424, 22.962365000000002]]]}}, {"type": "Feature", "properties": {"layer": "building", "distance_m": 94.0, "source": "Google Open Buildings", "in_industrial_zone": false, "ghsl_2018": 1}, "geometry": {"type": "Polygon", "coordinates": [[[72.548571, 22.962426200000007], [72.5486006, 22.9624232], [72.5486075, 22.962483200000005], [72.5485779, 22.962486099999996], [72.548571, 22.962426200000007]]]}}, {"type": "Feature", "properties": {"layer": "building", "distance_m": 47.0, "source": "Google Open Buildings", "in_industrial_zone": false, "ghsl_2018": 1}, "geometry": {"type": "Polygon", "coordinates": [[[72.54845850000001, 22.9620126], [72.5484822, 22.962005400000002], [72.54850370000001, 22.9620661], [72.54848, 22.962073300000004], [72.54845850000001, 22.9620126]]]}}, {"type": "Feature", "properties": {"layer": "building", "distance_m": 50.8, "source": "Google Open Buildings", "in_industrial_zone": false, "ghsl_2018": 1}, "geometry": {"type": "Polygon", "coordinates": [[[72.54832740000002, 22.962079000000003], [72.5483856, 22.962075499999997], [72.5483895, 22.962130799999997], [72.5483313, 22.962134299999995], [72.54832740000002, 22.962079000000003]]]}}, {"type": "Feature", "properties": {"layer": "building", "distance_m": 44.8, "source": "Microsoft ML Buildings", "in_industrial_zone": false, "ghsl_2018": 1}, "geometry": {"type": "Polygon", "coordinates": [[[72.54823910000002, 22.962079800000005], [72.54819620000002, 22.962079000000003], [72.54819690000001, 22.962048100000008], [72.5482398, 22.9620489], [72.54823910000002, 22.962079800000005]]]}}, {"type": "Feature", "properties": {"layer": "building", "distance_m": 47.5, "source": "Google Open Buildings", "in_industrial_zone": false, "ghsl_2018": 1}, "geometry": {"type": "Polygon", "coordinates": [[[72.5483039, 22.96205429999999], [72.5483114, 22.962094899999997], [72.54827, 22.962101499999996], [72.54826249999999, 22.962060800000003], [72.5483039, 22.96205429999999]]]}}, {"type": "Feature", "properties": {"layer": "building", "distance_m": 71.5, "source": "Microsoft ML Buildings", "in_industrial_zone": false, "ghsl_2018": 1}, "geometry": {"type": "Polygon", "coordinates": [[[72.5488425, 22.962011899999993], [72.54890550000002, 22.962009], [72.5489121, 22.9621284], [72.5488491, 22.962131399999993], [72.5488425, 22.962011899999993]]]}}, {"type": "Feature", "properties": {"layer": "building", "distance_m": 90.7, "source": "Microsoft ML Buildings", "in_industrial_zone": false, "ghsl_2018": 1}, "geometry": {"type": "Polygon", "coordinates": [[[72.54886940000002, 22.962237300000016], [72.5489162, 22.962229799999996], [72.5489317, 22.962311200000006], [72.5488848, 22.962318799999995], [72.54886940000002, 22.962237300000016]]]}}, {"type": "Feature", "properties": {"layer": "building", "distance_m": 88.3, "source": "Google Open Buildings", "in_industrial_zone": false, "ghsl_2018": 1}, "geometry": {"type": "Polygon", "coordinates": [[[72.54881260000002, 22.962252], [72.54886669999999, 22.962245199999995], [72.54888000000001, 22.962335200000005], [72.54882590000001, 22.962342], [72.54881260000002, 22.962252]]]}}, {"type": "Feature", "properties": {"layer": "building", "distance_m": 493.6, "source": "Google Open Buildings", "in_industrial_zone": false, "ghsl_2018": 0}, "geometry": {"type": "Polygon", "coordinates": [[[72.5529534, 22.960252799999992], [72.5529628, 22.9602718], [72.5529122, 22.960293400000005], [72.5529028, 22.960274299999995], [72.5529534, 22.960252799999992]]]}}, {"type": "Feature", "properties": {"layer": "building", "distance_m": 463.6, "source": "Google Open Buildings", "in_industrial_zone": false, "ghsl_2018": 1}, "geometry": {"type": "Polygon", "coordinates": [[[72.553138, 22.9618862], [72.553247, 22.962231400000007], [72.55290260000001, 22.962324600000002], [72.5527936, 22.961979400000008], [72.553138, 22.9618862]]]}}, {"type": "Feature", "properties": {"layer": "building", "distance_m": 497.3, "source": "Google Open Buildings", "in_industrial_zone": false, "ghsl_2018": 1}, "geometry": {"type": "Polygon", "coordinates": [[[72.5534586, 22.9617865], [72.5535211, 22.961978600000002], [72.5531929, 22.9620702], [72.55313039999999, 22.961878100000003], [72.5534586, 22.9617865]]]}}, {"type": "Feature", "properties": {"layer": "building", "distance_m": 457.7, "source": "Microsoft ML Buildings", "in_industrial_zone": false, "ghsl_2018": 0}, "geometry": {"type": "Polygon", "coordinates": [[[72.55262660000001, 22.962594199999998], [72.5527007, 22.962572100000003], [72.55272510000002, 22.962641300000005], [72.552651, 22.9626635], [72.55262660000001, 22.962594199999998]]]}}, {"type": "Feature", "properties": {"layer": "building", "distance_m": 441.0, "source": "Microsoft ML Buildings", "in_industrial_zone": false, "ghsl_2018": 0}, "geometry": {"type": "Polygon", "coordinates": [[[72.552439, 22.962817200000007], [72.5524226, 22.962718299999995], [72.55247639999999, 22.962710699999995], [72.5524928, 22.962809699999998], [72.552439, 22.962817200000007]]]}}, {"type": "Feature", "properties": {"layer": "building", "distance_m": 421.2, "source": "Microsoft ML Buildings", "in_industrial_zone": false, "ghsl_2018": 0}, "geometry": {"type": "Polygon", "coordinates": [[[72.5522194, 22.9627239], [72.55229640000002, 22.9627087], [72.55231169999999, 22.962774799999995], [72.5522348, 22.962789999999995], [72.5522194, 22.9627239]]]}}, {"type": "Feature", "properties": {"layer": "building", "distance_m": 456.5, "source": "Google Open Buildings", "in_industrial_zone": false, "ghsl_2018": 0}, "geometry": {"type": "Polygon", "coordinates": [[[72.5524634, 22.963198299999995], [72.5524726, 22.96323170000001], [72.55240220000003, 22.963248199999995], [72.55239310000002, 22.963214799999996], [72.5524634, 22.963198299999995]]]}}, {"type": "Feature", "properties": {"layer": "building", "distance_m": 480.0, "source": "Microsoft ML Buildings", "in_industrial_zone": false, "ghsl_2018": 0}, "geometry": {"type": "Polygon", "coordinates": [[[72.55258350000001, 22.963342599999994], [72.55263480000002, 22.9633358], [72.552645, 22.963401199999996], [72.5525937, 22.963407999999998], [72.55258350000001, 22.963342599999994]]]}}, {"type": "Feature", "properties": {"layer": "building", "distance_m": 490.0, "source": "Microsoft ML Buildings", "in_industrial_zone": false, "ghsl_2018": 0}, "geometry": {"type": "Polygon", "coordinates": [[[72.55267370000001, 22.963481799999997], [72.55266410000002, 22.963397800000003], [72.55277820000002, 22.963386800000002], [72.5527878, 22.963470699999995], [72.55267370000001, 22.963481799999997]]]}}, {"type": "Feature", "properties": {"layer": "building", "distance_m": 493.1, "source": "Google Open Buildings", "in_industrial_zone": false, "ghsl_2018": 0}, "geometry": {"type": "Polygon", "coordinates": [[[72.5529276, 22.9628829], [72.5529359, 22.962910300000008], [72.55290590000001, 22.9629182], [72.55289759999998, 22.962890800000004], [72.5529276, 22.9628829]]]}}, {"type": "Feature", "properties": {"layer": "building", "distance_m": 463.4, "source": "Google Open Buildings", "in_industrial_zone": false, "ghsl_2018": 0}, "geometry": {"type": "Polygon", "coordinates": [[[72.55102270000002, 22.96497219999999], [72.5510289, 22.965039399999995], [72.5509934, 22.965042200000006], [72.55098710000001, 22.964975], [72.55102270000002, 22.96497219999999]]]}}, {"type": "Feature", "properties": {"layer": "building", "distance_m": 454.1, "source": "Google Open Buildings", "in_industrial_zone": false, "ghsl_2018": 0}, "geometry": {"type": "Polygon", "coordinates": [[[72.5509542, 22.9648932], [72.55099620000001, 22.96489390000001], [72.5509952, 22.964950499999997], [72.55095320000001, 22.964949900000004], [72.5509542, 22.9648932]]]}}, {"type": "Feature", "properties": {"layer": "building", "distance_m": 437.7, "source": "Microsoft ML Buildings", "in_industrial_zone": false, "ghsl_2018": 0}, "geometry": {"type": "Polygon", "coordinates": [[[72.5509397, 22.964716400000004], [72.55097160000001, 22.964713600000007], [72.55097679999999, 22.964765], [72.55094489999999, 22.964767799999997], [72.5509397, 22.964716400000004]]]}}, {"type": "Feature", "properties": {"layer": "building", "distance_m": 450.7, "source": "Google Open Buildings", "in_industrial_zone": false, "ghsl_2018": 0}, "geometry": {"type": "Polygon", "coordinates": [[[72.55088100000002, 22.964905699999996], [72.5509131, 22.964906199999994], [72.5509122, 22.9649558], [72.55088010000001, 22.964955300000003], [72.55088100000002, 22.964905699999996]]]}}, {"type": "Feature", "properties": {"layer": "building", "distance_m": 491.8, "source": "Google Open Buildings", "in_industrial_zone": false, "ghsl_2018": 0}, "geometry": {"type": "Polygon", "coordinates": [[[72.55099180000002, 22.965307], [72.5509996, 22.965342700000004], [72.55095500000002, 22.965351199999997], [72.55094720000001, 22.965315400000005], [72.55099180000002, 22.965307]]]}}, {"type": "Feature", "properties": {"layer": "building", "distance_m": 424.2, "source": "Google Open Buildings", "in_industrial_zone": false, "ghsl_2018": 0}, "geometry": {"type": "Polygon", "coordinates": [[[72.55040230000002, 22.9649114], [72.55043300000001, 22.964912700000003], [72.55043100000002, 22.9649532], [72.55040030000002, 22.964951899999996], [72.55040230000002, 22.9649114]]]}}, {"type": "Feature", "properties": {"layer": "building", "distance_m": 420.4, "source": "Google Open Buildings", "in_industrial_zone": false, "ghsl_2018": 0}, "geometry": {"type": "Polygon", "coordinates": [[[72.55032390000001, 22.964914699999998], [72.55035270000002, 22.964916], [72.55035030000002, 22.964960399999995], [72.55032140000002, 22.964959], [72.55032390000001, 22.964914699999998]]]}}, {"type": "Feature", "properties": {"layer": "building", "distance_m": 423.5, "source": "Google Open Buildings", "in_industrial_zone": false, "ghsl_2018": 0}, "geometry": {"type": "Polygon", "coordinates": [[[72.55093660000001, 22.9645541], [72.55096890000002, 22.9645554], [72.5509656, 22.964626699999997], [72.5509332, 22.964625400000006], [72.55093660000001, 22.9645541]]]}}, {"type": "Feature", "properties": {"layer": "building", "distance_m": 430.2, "source": "Google Open Buildings", "in_industrial_zone": false, "ghsl_2018": 0}, "geometry": {"type": "Polygon", "coordinates": [[[72.5509409, 22.964628300000008], [72.5509857, 22.964629399999993], [72.5509832, 22.9647114], [72.55093840000002, 22.964710299999997], [72.5509409, 22.964628300000008]]]}}, {"type": "Feature", "properties": {"layer": "building", "distance_m": 273.9, "source": "Google Open Buildings", "in_industrial_zone": false, "ghsl_2018": 0}, "geometry": {"type": "Polygon", "coordinates": [[[72.54955740000001, 22.963795100000002], [72.54962830000001, 22.963792], [72.5496305, 22.963834399999996], [72.5495596, 22.963837500000004], [72.54955740000001, 22.963795100000002]]]}}, {"type": "Feature", "properties": {"layer": "building", "distance_m": 261.0, "source": "Microsoft ML Buildings", "in_industrial_zone": false, "ghsl_2018": 0}, "geometry": {"type": "Polygon", "coordinates": [[[72.54929640000002, 22.963852700000004], [72.54929340000001, 22.963783700000008], [72.5494219, 22.9637789], [72.549425, 22.9638479], [72.54929640000002, 22.963852700000004]]]}}, {"type": "Feature", "properties": {"layer": "building", "distance_m": 204.3, "source": "Google Open Buildings", "in_industrial_zone": false, "ghsl_2018": 0}, "geometry": {"type": "Polygon", "coordinates": [[[72.5488445, 22.9633903], [72.5490833, 22.963398], [72.5490826, 22.96341689999999], [72.5488438, 22.963409200000008], [72.5488445, 22.9633903]]]}}, {"type": "Feature", "properties": {"layer": "building", "distance_m": 204.9, "source": "Google Open Buildings", "in_industrial_zone": false, "ghsl_2018": 1}, "geometry": {"type": "Polygon", "coordinates": [[[72.5489668, 22.963359400000005], [72.5490253, 22.963360300000005], [72.54902470000002, 22.9633919], [72.54896620000001, 22.963390999999998], [72.5489668, 22.963359400000005]]]}}, {"type": "Feature", "properties": {"layer": "building", "distance_m": 200.2, "source": "Google Open Buildings", "in_industrial_zone": false, "ghsl_2018": 1}, "geometry": {"type": "Polygon", "coordinates": [[[72.5489832, 22.9633086], [72.5490708, 22.9633152], [72.5490687, 22.963339100000002], [72.54898110000002, 22.963332500000007], [72.5489832, 22.9633086]]]}}, {"type": "Feature", "properties": {"layer": "building", "distance_m": 211.7, "source": "Microsoft ML Buildings", "in_industrial_zone": false, "ghsl_2018": 0}, "geometry": {"type": "Polygon", "coordinates": [[[72.549405, 22.9633654], [72.5492792, 22.963360000000005], [72.54928250000002, 22.96329460000001], [72.5494083, 22.963300000000007], [72.549405, 22.9633654]]]}}, {"type": "Feature", "properties": {"layer": "building", "distance_m": 137.1, "source": "Google Open Buildings", "in_industrial_zone": false, "ghsl_2018": 1}, "geometry": {"type": "Polygon", "coordinates": [[[72.5491542, 22.962666300000006], [72.5491683, 22.962762900000005], [72.5490073, 22.962783099999996], [72.5490018, 22.9627453], [72.5489656, 22.962749800000005], [72.548957, 22.962691000000003], [72.5491542, 22.962666300000006]]]}}, {"type": "Feature", "properties": {"layer": "building", "distance_m": 136.3, "source": "Google Open Buildings", "in_industrial_zone": false, "ghsl_2018": 1}, "geometry": {"type": "Polygon", "coordinates": [[[72.549094, 22.9626161], [72.5490984, 22.962643899999996], [72.5490657, 22.962648300000005], [72.5490613, 22.962620499999996], [72.549094, 22.9626161]]]}}, {"type": "Feature", "properties": {"layer": "building", "distance_m": 124.5, "source": "Google Open Buildings", "in_industrial_zone": false, "ghsl_2018": 1}, "geometry": {"type": "Polygon", "coordinates": [[[72.54908220000002, 22.962539400000008], [72.54908679999998, 22.962588799999992], [72.54897570000001, 22.96259770000001], [72.5489711, 22.962548300000005], [72.54908220000002, 22.962539400000008]]]}}, {"type": "Feature", "properties": {"layer": "building", "distance_m": 114.9, "source": "Microsoft ML Buildings", "in_industrial_zone": false, "ghsl_2018": 1}, "geometry": {"type": "Polygon", "coordinates": [[[72.5489602, 22.962530699999995], [72.5488991, 22.962536199999988], [72.5488944, 22.9624922], [72.5489555, 22.962486699999996], [72.5489602, 22.962530699999995]]]}}, {"type": "Feature", "properties": {"layer": "building", "distance_m": 154.4, "source": "Google Open Buildings", "in_industrial_zone": false, "ghsl_2018": 1}, "geometry": {"type": "Polygon", "coordinates": [[[72.5489389, 22.9628768], [72.54906490000002, 22.962882], [72.54905970000002, 22.9629893], [72.5489337, 22.962983999999995], [72.5489389, 22.9628768]]]}}, {"type": "Feature", "properties": {"layer": "building", "distance_m": 148.4, "source": "Google Open Buildings", "in_industrial_zone": false, "ghsl_2018": 1}, "geometry": {"type": "Polygon", "coordinates": [[[72.5483454, 22.9629752], [72.5483999, 22.962976700000002], [72.5483979, 22.9630376], [72.5483434, 22.963036100000004], [72.5483454, 22.9629752]]]}}, {"type": "Feature", "properties": {"layer": "building", "distance_m": 142.8, "source": "Google Open Buildings", "in_industrial_zone": false, "ghsl_2018": 1}, "geometry": {"type": "Polygon", "coordinates": [[[72.5481831, 22.962953599999995], [72.5482262, 22.962950099999997], [72.5482286, 22.962975200000002], [72.5481855, 22.96297870000001], [72.5481831, 22.962953599999995]]]}}, {"type": "Feature", "properties": {"layer": "building", "distance_m": 144.4, "source": "Google Open Buildings", "in_industrial_zone": false, "ghsl_2018": 1}, "geometry": {"type": "Polygon", "coordinates": [[[72.548252, 22.9629553], [72.54832650000002, 22.962949500000008], [72.5483328, 22.9630194], [72.5482584, 22.963025199999997], [72.548252, 22.9629553]]]}}, {"type": "Feature", "properties": {"layer": "building", "distance_m": 137.0, "source": "Google Open Buildings", "in_industrial_zone": false, "ghsl_2018": 1}, "geometry": {"type": "Polygon", "coordinates": [[[72.548266, 22.962884600000002], [72.5483159, 22.9628812], [72.5483197, 22.96292860000001], [72.54826980000001, 22.962932000000006], [72.548266, 22.962884600000002]]]}}, {"type": "Feature", "properties": {"layer": "building", "distance_m": 133.2, "source": "Google Open Buildings", "in_industrial_zone": false, "ghsl_2018": 1}, "geometry": {"type": "Polygon", "coordinates": [[[72.5483513, 22.9628463], [72.5483528, 22.962876500000004], [72.548267, 22.96288030000001], [72.5482654, 22.962850099999997], [72.5483513, 22.9628463]]]}}, {"type": "Feature", "properties": {"layer": "building", "distance_m": 137.9, "source": "Google Open Buildings", "in_industrial_zone": false, "ghsl_2018": 1}, "geometry": {"type": "Polygon", "coordinates": [[[72.5483528, 22.962876500000004], [72.5484019, 22.9628744], [72.548404, 22.9629168], [72.548355, 22.962918900000002], [72.5483528, 22.962876500000004]]]}}, {"type": "Feature", "properties": {"layer": "building", "distance_m": 142.5, "source": "Google Open Buildings", "in_industrial_zone": false, "ghsl_2018": 1}, "geometry": {"type": "Polygon", "coordinates": [[[72.548404, 22.9629168], [72.5484061, 22.9629562], [72.5483571, 22.9629584], [72.548355, 22.962918900000002], [72.548404, 22.9629168]]]}}, {"type": "Feature", "properties": {"layer": "building", "distance_m": 121.7, "source": "Google Open Buildings", "in_industrial_zone": false, "ghsl_2018": 1}, "geometry": {"type": "Polygon", "coordinates": [[[72.5485052, 22.9626995], [72.5485809, 22.962689899999997], [72.5486036, 22.9628434], [72.5485561, 22.9628494], [72.54855, 22.9628085], [72.5485219, 22.9628121], [72.5485052, 22.9626995]]]}}, {"type": "Feature", "properties": {"layer": "building", "distance_m": 119.8, "source": "Google Open Buildings", "in_industrial_zone": false, "ghsl_2018": 1}, "geometry": {"type": "Polygon", "coordinates": [[[72.5484726, 22.962687800000005], [72.5485008, 22.962689200000003], [72.5484988, 22.962724500000004], [72.5484706, 22.962723100000005], [72.5484726, 22.962687800000005]]]}}, {"type": "Feature", "properties": {"layer": "building", "distance_m": 97.6, "source": "Google Open Buildings", "in_industrial_zone": false, "ghsl_2018": 1}, "geometry": {"type": "Polygon", "coordinates": [[[72.54854260000002, 22.962479500000004], [72.548547, 22.9625292], [72.5484671, 22.962535199999998], [72.5484628, 22.962485600000004], [72.54854260000002, 22.962479500000004]]]}}, {"type": "Feature", "properties": {"layer": "building", "distance_m": 107.2, "source": "Google Open Buildings", "in_industrial_zone": false, "ghsl_2018": 1}, "geometry": {"type": "Polygon", "coordinates": [[[72.5484986, 22.962567099999998], [72.5485541, 22.962559400000004], [72.5485624, 22.962610799999997], [72.5485069, 22.962618500000005], [72.5484986, 22.962567099999998]]]}}, {"type": "Feature", "properties": {"layer": "building", "distance_m": 105.1, "source": "Google Open Buildings", "in_industrial_zone": false, "ghsl_2018": 1}, "geometry": {"type": "Polygon", "coordinates": [[[72.5483081, 22.962584], [72.54835070000001, 22.962575100000002], [72.5483773, 22.962684600000003], [72.5483347, 22.9626935], [72.5483081, 22.962584]]]}}, {"type": "Feature", "properties": {"layer": "building", "distance_m": 96.8, "source": "Google Open Buildings", "in_industrial_zone": false, "ghsl_2018": 1}, "geometry": {"type": "Polygon", "coordinates": [[[72.5483907, 22.962491], [72.5484628, 22.962485600000004], [72.5484671, 22.962535199999998], [72.5483951, 22.962540599999997], [72.5483907, 22.962491]]]}}, {"type": "Feature", "properties": {"layer": "building", "distance_m": 98.8, "source": "Microsoft ML Buildings", "in_industrial_zone": false, "ghsl_2018": 1}, "geometry": {"type": "Polygon", "coordinates": [[[72.54819, 22.962546999999997], [72.548254, 22.9625421], [72.5482637, 22.9626501], [72.5481997, 22.962654899999997], [72.54819, 22.962546999999997]]]}}, {"type": "Feature", "properties": {"layer": "building", "distance_m": 113.6, "source": "Google Open Buildings", "in_industrial_zone": false, "ghsl_2018": 1}, "geometry": {"type": "Polygon", "coordinates": [[[72.5482837, 22.962666200000005], [72.5482909, 22.9626962], [72.5482168, 22.962711399999993], [72.5482096, 22.9626814], [72.5482837, 22.962666200000005]]]}}, {"type": "Feature", "properties": {"layer": "building", "distance_m": 127.4, "source": "Google Open Buildings", "in_industrial_zone": false, "ghsl_2018": 1}, "geometry": {"type": "Polygon", "coordinates": [[[72.54834, 22.962782400000002], [72.5483928, 22.962775600000004], [72.5484011, 22.962831200000004], [72.5483482, 22.9628379], [72.54834, 22.962782400000002]]]}}, {"type": "Feature", "properties": {"layer": "building", "distance_m": 125.0, "source": "Google Open Buildings", "in_industrial_zone": false, "ghsl_2018": 1}, "geometry": {"type": "Polygon", "coordinates": [[[72.5482717, 22.9627734], [72.5483443, 22.9627765], [72.548341, 22.962841100000002], [72.5482684, 22.962837900000007], [72.5482717, 22.9627734]]]}}, {"type": "Feature", "properties": {"layer": "building", "distance_m": 119.0, "source": "Microsoft ML Buildings", "in_industrial_zone": false, "ghsl_2018": 1}, "geometry": {"type": "Polygon", "coordinates": [[[72.5481558, 22.9628022], [72.5481333, 22.9627575], [72.5481908, 22.962732999999997], [72.5482133, 22.9627777], [72.5481558, 22.9628022]]]}}, {"type": "Feature", "properties": {"layer": "building", "distance_m": 119.2, "source": "Google Open Buildings", "in_industrial_zone": false, "ghsl_2018": 1}, "geometry": {"type": "Polygon", "coordinates": [[[72.54797390000002, 22.962775900000008], [72.5480611, 22.9627783], [72.5480588, 22.962849399999996], [72.5479716, 22.962847000000007], [72.54797390000002, 22.962775900000008]]]}}, {"type": "Feature", "properties": {"layer": "building", "distance_m": 107.2, "source": "Google Open Buildings", "in_industrial_zone": false, "ghsl_2018": 1}, "geometry": {"type": "Polygon", "coordinates": [[[72.5479743, 22.962665], [72.5479909, 22.962716400000005], [72.5479386, 22.962730899999997], [72.547922, 22.9626795], [72.5479743, 22.962665]]]}}, {"type": "Feature", "properties": {"layer": "building", "distance_m": 104.6, "source": "Google Open Buildings", "in_industrial_zone": false, "ghsl_2018": 1}, "geometry": {"type": "Polygon", "coordinates": [[[72.5481026, 22.962617299999998], [72.5481719, 22.962613800000007], [72.5481771, 22.962701299999996], [72.5481078, 22.962704900000002], [72.5481026, 22.962617299999998]]]}}, {"type": "Feature", "properties": {"layer": "building", "distance_m": 101.3, "source": "Google Open Buildings", "in_industrial_zone": false, "ghsl_2018": 1}, "geometry": {"type": "Polygon", "coordinates": [[[72.548166, 22.9626218], [72.5481076, 22.962623799999996], [72.5481061, 22.962586100000003], [72.5481645, 22.9625841], [72.548166, 22.9626218]]]}}, {"type": "Feature", "properties": {"layer": "building", "distance_m": 89.9, "source": "Google Open Buildings", "in_industrial_zone": false, "ghsl_2018": 1}, "geometry": {"type": "Polygon", "coordinates": [[[72.54811700000002, 22.962484800000002], [72.5481542, 22.962472000000005], [72.5481712, 22.962514099999996], [72.548134, 22.962527000000005], [72.54811700000002, 22.962484800000002]]]}}, {"type": "Feature", "properties": {"layer": "building", "distance_m": 94.8, "source": "Google Open Buildings", "in_industrial_zone": false, "ghsl_2018": 1}, "geometry": {"type": "Polygon", "coordinates": [[[72.5480493, 22.962536400000005], [72.548167, 22.962530399999988], [72.5481696, 22.9625744], [72.548052, 22.962580400000004], [72.5480493, 22.962536400000005]]]}}, {"type": "Feature", "properties": {"layer": "building", "distance_m": 93.6, "source": "Microsoft ML Buildings", "in_industrial_zone": false, "ghsl_2018": 1}, "geometry": {"type": "Polygon", "coordinates": [[[72.5480459, 22.9625657], [72.5479954, 22.962574800000006], [72.5479874, 22.962536700000005], [72.5480378, 22.9625277], [72.5480459, 22.9625657]]]}}, {"type": "Feature", "properties": {"layer": "building", "distance_m": 103.9, "source": "Google Open Buildings", "in_industrial_zone": false, "ghsl_2018": 1}, "geometry": {"type": "Polygon", "coordinates": [[[72.5480543, 22.9626198], [72.5481026, 22.962617299999998], [72.5481064, 22.9626803], [72.548058, 22.962682800000003], [72.5480543, 22.9626198]]]}}, {"type": "Feature", "properties": {"layer": "building", "distance_m": 105.2, "source": "Google Open Buildings", "in_industrial_zone": false, "ghsl_2018": 1}, "geometry": {"type": "Polygon", "coordinates": [[[72.5480335, 22.962634999999995], [72.5480538, 22.96269330000001], [72.5479962, 22.962710500000004], [72.5479759, 22.9626522], [72.5480335, 22.962634999999995]]]}}, {"type": "Feature", "properties": {"layer": "building", "distance_m": 98.2, "source": "Google Open Buildings", "in_industrial_zone": false, "ghsl_2018": 1}, "geometry": {"type": "Polygon", "coordinates": [[[72.5479108, 22.9625942], [72.54793370000002, 22.962620899999997], [72.5478787, 22.9626616], [72.5478557, 22.9626349], [72.5479108, 22.9625942]]]}}, {"type": "Feature", "properties": {"layer": "building", "distance_m": 108.3, "source": "Google Open Buildings", "in_industrial_zone": false, "ghsl_2018": 1}, "geometry": {"type": "Polygon", "coordinates": [[[72.5477204, 22.962722699999997], [72.5477568, 22.9627213], [72.5477592, 22.962774700000004], [72.5477228, 22.962776199999997], [72.5477204, 22.962722699999997]]]}}, {"type": "Feature", "properties": {"layer": "building", "distance_m": 116.4, "source": "Google Open Buildings", "in_industrial_zone": false, "ghsl_2018": 1}, "geometry": {"type": "Polygon", "coordinates": [[[72.5477815, 22.962785800000002], [72.5478318, 22.9627798], [72.5478488, 22.962901600000002], [72.5477985, 22.9629076], [72.5477815, 22.962785800000002]]]}}, {"type": "Feature", "properties": {"layer": "building", "distance_m": 114.9, "source": "Google Open Buildings", "in_industrial_zone": false, "ghsl_2018": 1}, "geometry": {"type": "Polygon", "coordinates": [[[72.5477194, 22.962783600000005], [72.5477707, 22.962775600000004], [72.5477845, 22.9628522], [72.5477332, 22.962860099999997], [72.5477194, 22.962783600000005]]]}}, {"type": "Feature", "properties": {"layer": "building", "distance_m": 123.4, "source": "Google Open Buildings", "in_industrial_zone": false, "ghsl_2018": 1}, "geometry": {"type": "Polygon", "coordinates": [[[72.5476956, 22.9628662], [72.5477368, 22.9628596], [72.5477435, 22.9628952], [72.5477023, 22.962901799999994], [72.5476956, 22.9628662]]]}}, {"type": "Feature", "properties": {"layer": "building", "distance_m": 123.5, "source": "Google Open Buildings", "in_industrial_zone": false, "ghsl_2018": 1}, "geometry": {"type": "Polygon", "coordinates": [[[72.547773, 22.9628538], [72.5477797, 22.962889399999998], [72.5477435, 22.9628952], [72.5477368, 22.9628596], [72.547773, 22.9628538]]]}}, {"type": "Feature", "properties": {"layer": "building", "distance_m": 127.5, "source": "Google Open Buildings", "in_industrial_zone": false, "ghsl_2018": 1}, "geometry": {"type": "Polygon", "coordinates": [[[72.5477179, 22.9628993], [72.5477891, 22.962887900000005], [72.5478022, 22.9629576], [72.54775650000002, 22.9629649], [72.5477513, 22.9629369], [72.5477258, 22.962941000000004], [72.5477179, 22.9628993]]]}}, {"type": "Feature", "properties": {"layer": "building", "distance_m": 140.9, "source": "Google Open Buildings", "in_industrial_zone": false, "ghsl_2018": 1}, "geometry": {"type": "Polygon", "coordinates": [[[72.5478115, 22.963007399999995], [72.5478197, 22.963051300000004], [72.5477485, 22.96306269999999], [72.5477403, 22.9630188], [72.5478115, 22.963007399999995]]]}}, {"type": "Feature", "properties": {"layer": "building", "distance_m": 135.8, "source": "Google Open Buildings", "in_industrial_zone": false, "ghsl_2018": 1}, "geometry": {"type": "Polygon", "coordinates": [[[72.54780790000001, 22.9629592], [72.5478195, 22.9630044], [72.5477405, 22.963021800000003], [72.5477289, 22.962976700000002], [72.54780790000001, 22.9629592]]]}}, {"type": "Feature", "properties": {"layer": "building", "distance_m": 132.3, "source": "Google Open Buildings", "in_industrial_zone": false, "ghsl_2018": 1}, "geometry": {"type": "Polygon", "coordinates": [[[72.5478455, 22.9629218], [72.5478601, 22.9629996], [72.5478115, 22.963007399999995], [72.547797, 22.962929600000002], [72.5478455, 22.9629218]]]}}, {"type": "Feature", "properties": {"layer": "building", "distance_m": 127.4, "source": "Google Open Buildings", "in_industrial_zone": false, "ghsl_2018": 1}, "geometry": {"type": "Polygon", "coordinates": [[[72.5479409, 22.9628773], [72.547939, 22.962857399999997], [72.5480629, 22.9628468], [72.5480725, 22.962943599999992], [72.5479934, 22.962950300000003], [72.5479903, 22.962919000000003], [72.5479323, 22.962923999999994], [72.5479278, 22.9628784], [72.5479409, 22.9628773]]]}}, {"type": "Feature", "properties": {"layer": "building", "distance_m": 129.9, "source": "Google Open Buildings", "in_industrial_zone": false, "ghsl_2018": 1}, "geometry": {"type": "Polygon", "coordinates": [[[72.5481376, 22.9628475], [72.548147, 22.962905], [72.5480715, 22.962915499999998], [72.5480621, 22.962858], [72.5481376, 22.9628475]]]}}, {"type": "Feature", "properties": {"layer": "building", "distance_m": 136.3, "source": "Google Open Buildings", "in_industrial_zone": false, "ghsl_2018": 1}, "geometry": {"type": "Polygon", "coordinates": [[[72.54814, 22.962906500000003], [72.5481488, 22.962967799999998], [72.5480792, 22.9629763], [72.5480704, 22.96291499999999], [72.54814, 22.962906500000003]]]}}, {"type": "Feature", "properties": {"layer": "building", "distance_m": 143.0, "source": "Google Open Buildings", "in_industrial_zone": false, "ghsl_2018": 1}, "geometry": {"type": "Polygon", "coordinates": [[[72.5481435, 22.962963400000003], [72.5481573, 22.9630165], [72.5481079, 22.9630275], [72.5480941, 22.9629744], [72.5481435, 22.962963400000003]]]}}, {"type": "Feature", "properties": {"layer": "building", "distance_m": 144.7, "source": "Google Open Buildings", "in_industrial_zone": false, "ghsl_2018": 1}, "geometry": {"type": "Polygon", "coordinates": [[[72.5480898, 22.96298880000001], [72.5481224, 22.9630533], [72.5480695, 22.9630763], [72.5480369, 22.963011700000006], [72.5480898, 22.96298880000001]]]}}, {"type": "Feature", "properties": {"layer": "building", "distance_m": 139.1, "source": "Google Open Buildings", "in_industrial_zone": false, "ghsl_2018": 1}, "geometry": {"type": "Polygon", "coordinates": [[[72.5480747, 22.962944900000004], [72.5480792, 22.9629763], [72.5480043, 22.962985500000006], [72.5479998, 22.9629541], [72.5480747, 22.962944900000004]]]}}, {"type": "Feature", "properties": {"layer": "building", "distance_m": 141.6, "source": "Google Open Buildings", "in_industrial_zone": false, "ghsl_2018": 1}, "geometry": {"type": "Polygon", "coordinates": [[[72.5479309, 22.9629894], [72.547992, 22.962986], [72.5479957, 22.963043700000004], [72.5479347, 22.9630471], [72.5479309, 22.9629894]]]}}, {"type": "Feature", "properties": {"layer": "building", "distance_m": 149.9, "source": "Google Open Buildings", "in_industrial_zone": false, "ghsl_2018": 1}, "geometry": {"type": "Polygon", "coordinates": [[[72.5480016, 22.9630639], [72.5480033, 22.963089500000002], [72.5479612, 22.963091800000008], [72.5479631, 22.963122200000004], [72.5479263, 22.9631242], [72.5479227, 22.963068200000002], [72.5480016, 22.9630639]]]}}, {"type": "Feature", "properties": {"layer": "building", "distance_m": 151.1, "source": "Google Open Buildings", "in_industrial_zone": false, "ghsl_2018": 1}, "geometry": {"type": "Polygon", "coordinates": [[[72.5480016, 22.9630639], [72.5480338, 22.9630621], [72.5480374, 22.9631182], [72.5480052, 22.963119899999995], [72.5480016, 22.9630639]]]}}, {"type": "Feature", "properties": {"layer": "building", "distance_m": 152.5, "source": "Google Open Buildings", "in_industrial_zone": false, "ghsl_2018": 1}, "geometry": {"type": "Polygon", "coordinates": [[[72.5480881, 22.9630606], [72.5481391, 22.963056800000004], [72.5481411, 22.963079299999997], [72.5480901, 22.963083200000003], [72.5480881, 22.9630606]]]}}, {"type": "Feature", "properties": {"layer": "building", "distance_m": 150.0, "source": "Google Open Buildings", "in_industrial_zone": false, "ghsl_2018": 1}, "geometry": {"type": "Polygon", "coordinates": [[[72.548129, 22.963030200000002], [72.5481572, 22.963026700000007], [72.5481646, 22.963078500000005], [72.5481364, 22.963081900000006], [72.548129, 22.963030200000002]]]}}, {"type": "Feature", "properties": {"layer": "building", "distance_m": 145.8, "source": "Google Open Buildings", "in_industrial_zone": false, "ghsl_2018": 1}, "geometry": {"type": "Polygon", "coordinates": [[[72.5478197, 22.963051300000004], [72.5478268, 22.963089299999996], [72.5477556, 22.963100700000002], [72.5477485, 22.96306269999999], [72.5478197, 22.963051300000004]]]}}, {"type": "Feature", "properties": {"layer": "building", "distance_m": 214.3, "source": "Google Open Buildings", "in_industrial_zone": false, "ghsl_2018": 0}, "geometry": {"type": "Polygon", "coordinates": [[[72.5483241, 22.963586], [72.5483577, 22.963582900000006], [72.5483634, 22.9636364], [72.5483298, 22.963639499999992], [72.5483241, 22.963586]]]}}, {"type": "Feature", "properties": {"layer": "building", "distance_m": 290.5, "source": "Microsoft ML Buildings", "in_industrial_zone": false, "ghsl_2018": 0}, "geometry": {"type": "Polygon", "coordinates": [[[72.5486428, 22.9642654], [72.5486418, 22.964228399999996], [72.5487303, 22.9642265], [72.5487313, 22.9642635], [72.5486428, 22.9642654]]]}}, {"type": "Feature", "properties": {"layer": "building", "distance_m": 283.0, "source": "Microsoft ML Buildings", "in_industrial_zone": false, "ghsl_2018": 0}, "geometry": {"type": "Polygon", "coordinates": [[[72.5485818, 22.964217699999995], [72.5486368, 22.964219099999998], [72.5486351, 22.9642722], [72.5484877, 22.964268299999997], [72.5484902, 22.964188199999995], [72.5485826, 22.964190600000002], [72.5485818, 22.964217699999995]]]}}, {"type": "Feature", "properties": {"layer": "building", "distance_m": 272.4, "source": "Microsoft ML Buildings", "in_industrial_zone": false, "ghsl_2018": 0}, "geometry": {"type": "Polygon", "coordinates": [[[72.5486075, 22.964108399999997], [72.5485252, 22.9641162], [72.5485217, 22.964084399999994], [72.548604, 22.964076600000002], [72.5486075, 22.964108399999997]]]}}, {"type": "Feature", "properties": {"layer": "building", "distance_m": 265.6, "source": "Microsoft ML Buildings", "in_industrial_zone": false, "ghsl_2018": 0}, "geometry": {"type": "Polygon", "coordinates": [[[72.5487806, 22.9640492], [72.5486961, 22.964032300000003], [72.5487067, 22.963987500000005], [72.5487912, 22.9640044], [72.5487806, 22.9640492]]]}}, {"type": "Feature", "properties": {"layer": "building", "distance_m": 279.3, "source": "Microsoft ML Buildings", "in_industrial_zone": false, "ghsl_2018": 0}, "geometry": {"type": "Polygon", "coordinates": [[[72.5488093, 22.9640945], [72.5489379, 22.964091600000003], [72.5489475, 22.964444500000003], [72.5487626, 22.964448800000007], [72.5487564, 22.96422170000001], [72.5488127, 22.9642204], [72.5488093, 22.9640945]]]}}, {"type": "Feature", "properties": {"layer": "building", "distance_m": 271.8, "source": "Google Open Buildings", "in_industrial_zone": false, "ghsl_2018": 0}, "geometry": {"type": "Polygon", "coordinates": [[[72.5492131, 22.963988400000012], [72.54922250000001, 22.964291400000004], [72.5489589, 22.964298500000012], [72.5489495, 22.963995500000003], [72.5492131, 22.963988400000012]]]}}, {"type": "Feature", "properties": {"layer": "building", "distance_m": 300.0, "source": "Microsoft ML Buildings", "in_industrial_zone": false, "ghsl_2018": 0}, "geometry": {"type": "Polygon", "coordinates": [[[72.54965390000001, 22.9640291], [72.5497262, 22.96402739999999], [72.54973030000001, 22.964175500000007], [72.54961500000002, 22.964178200000003], [72.5496145, 22.964159600000002], [72.5495623, 22.96416079999999], [72.5495595, 22.9640585], [72.5496546, 22.964056200000005], [72.54965390000001, 22.9640291]]]}}, {"type": "Feature", "properties": {"layer": "building", "distance_m": 279.0, "source": "Google Open Buildings", "in_industrial_zone": false, "ghsl_2018": 0}, "geometry": {"type": "Polygon", "coordinates": [[[72.5494872, 22.963981100000005], [72.5494966, 22.9642841], [72.54922250000001, 22.964291400000004], [72.5492131, 22.963988400000012], [72.5494872, 22.963981100000005]]]}}, {"type": "Feature", "properties": {"layer": "building", "distance_m": 320.0, "source": "Google Open Buildings", "in_industrial_zone": false, "ghsl_2018": 0}, "geometry": {"type": "Polygon", "coordinates": [[[72.54932070000001, 22.964345900000005], [72.5493533, 22.964344899999997], [72.549357, 22.964452499999993], [72.5493243, 22.9644535], [72.54932070000001, 22.964345900000005]]]}}, {"type": "Feature", "properties": {"layer": "building", "distance_m": 351.0, "source": "Google Open Buildings", "in_industrial_zone": false, "ghsl_2018": 0}, "geometry": {"type": "Polygon", "coordinates": [[[72.54941090000001, 22.964613400000008], [72.5494505, 22.964611600000005], [72.5494548, 22.964692699999997], [72.5494152, 22.9646945], [72.54941090000001, 22.964613400000008]]]}}, {"type": "Feature", "properties": {"layer": "building", "distance_m": 299.3, "source": "Google Open Buildings", "in_industrial_zone": false, "ghsl_2018": 0}, "geometry": {"type": "Polygon", "coordinates": [[[72.5486716, 22.964303799999996], [72.5487448, 22.9643034], [72.548745, 22.9643254], [72.5486718, 22.964325799999994], [72.5486716, 22.964303799999996]]]}}, {"type": "Feature", "properties": {"layer": "building", "distance_m": 342.2, "source": "Microsoft ML Buildings", "in_industrial_zone": false, "ghsl_2018": 0}, "geometry": {"type": "Polygon", "coordinates": [[[72.5486771, 22.964774499999997], [72.5486748, 22.964699200000002], [72.54924570000001, 22.964684800000004], [72.54925720000001, 22.965071000000005], [72.5488632, 22.965080900000004], [72.5488623, 22.9650489], [72.5487417, 22.965051900000002], [72.548742, 22.965061799999997], [72.54868840000002, 22.965063099999995], [72.54867970000001, 22.9647744], [72.5486771, 22.964774499999997]]]}}, {"type": "Feature", "properties": {"layer": "building", "distance_m": 393.8, "source": "Microsoft ML Buildings", "in_industrial_zone": false, "ghsl_2018": 0}, "geometry": {"type": "Polygon", "coordinates": [[[72.54953000000002, 22.965065200000012], [72.5495272, 22.964984999999995], [72.5496826, 22.9649804], [72.54968540000002, 22.9650607], [72.54953000000002, 22.965065200000012]]]}}, {"type": "Feature", "properties": {"layer": "building", "distance_m": 391.2, "source": "Microsoft ML Buildings", "in_industrial_zone": false, "ghsl_2018": 0}, "geometry": {"type": "Polygon", "coordinates": [[[72.54933650000001, 22.965015000000005], [72.5493709, 22.965011399999998], [72.5493757, 22.965050400000003], [72.5493412, 22.965054], [72.54933650000001, 22.965015000000005]]]}}, {"type": "Feature", "properties": {"layer": "building", "distance_m": 378.0, "source": "Microsoft ML Buildings", "in_industrial_zone": false, "ghsl_2018": 0}, "geometry": {"type": "Polygon", "coordinates": [[[72.54934060000001, 22.964994399999995], [72.54934650000001, 22.9648885], [72.5494, 22.964890999999998], [72.5493975, 22.964935399999998], [72.54944690000002, 22.964937699999997], [72.5494435, 22.964999300000002], [72.54934060000001, 22.964994399999995]]]}}, {"type": "Feature", "properties": {"layer": "building", "distance_m": 395.4, "source": "Google Open Buildings", "in_industrial_zone": false, "ghsl_2018": 0}, "geometry": {"type": "Polygon", "coordinates": [[[72.54942580000001, 22.9650381], [72.54942970000002, 22.9650697], [72.54938650000001, 22.965074000000005], [72.54938260000002, 22.965042400000005], [72.54942580000001, 22.9650381]]]}}, {"type": "Feature", "properties": {"layer": "building", "distance_m": 396.8, "source": "Google Open Buildings", "in_industrial_zone": false, "ghsl_2018": 0}, "geometry": {"type": "Polygon", "coordinates": [[[72.5494377, 22.96504059999999], [72.54946810000001, 22.96504180000001], [72.54946580000001, 22.965091700000006], [72.54943550000002, 22.965090600000007], [72.5494377, 22.96504059999999]]]}}, {"type": "Feature", "properties": {"layer": "building", "distance_m": 416.9, "source": "Google Open Buildings", "in_industrial_zone": false, "ghsl_2018": 0}, "geometry": {"type": "Polygon", "coordinates": [[[72.54978760000002, 22.9651861], [72.54979320000001, 22.9652373], [72.54950160000001, 22.9652645], [72.54949600000002, 22.9652134], [72.54978760000002, 22.9651861]]]}}, {"type": "Feature", "properties": {"layer": "building", "distance_m": 425.5, "source": "Google Open Buildings", "in_industrial_zone": false, "ghsl_2018": 0}, "geometry": {"type": "Polygon", "coordinates": [[[72.54979490000001, 22.965271400000002], [72.54979950000002, 22.965326800000003], [72.54950770000002, 22.965347599999998], [72.54950310000001, 22.965292199999997], [72.54979490000001, 22.965271400000002]]]}}, {"type": "Feature", "properties": {"layer": "building", "distance_m": 427.7, "source": "Google Open Buildings", "in_industrial_zone": false, "ghsl_2018": 0}, "geometry": {"type": "Polygon", "coordinates": [[[72.54942360000001, 22.965335000000003], [72.54944980000002, 22.965333400000006], [72.54945520000001, 22.9654107], [72.54942900000002, 22.965412300000008], [72.54942360000001, 22.965335000000003]]]}}, {"type": "Feature", "properties": {"layer": "building", "distance_m": 421.7, "source": "Google Open Buildings", "in_industrial_zone": false, "ghsl_2018": 0}, "geometry": {"type": "Polygon", "coordinates": [[[72.54941870000002, 22.965279900000002], [72.54944910000002, 22.96528109999999], [72.5494468, 22.965330699999992], [72.54941640000001, 22.9653295], [72.54941870000002, 22.965279900000002]]]}}, {"type": "Feature", "properties": {"layer": "building", "distance_m": 474.1, "source": "Google Open Buildings", "in_industrial_zone": false, "ghsl_2018": 0}, "geometry": {"type": "Polygon", "coordinates": [[[72.54988290000001, 22.965647400000005], [72.54989430000002, 22.9657235], [72.54984350000001, 22.9657301], [72.54983210000002, 22.9656539], [72.54988290000001, 22.965647400000005]]]}}, {"type": "Feature", "properties": {"layer": "flood_100yr"}, "geometry": {"type": "MultiPolygon", "coordinates": [[[[72.54875146815078, 22.953733333339745], [72.54875146815077, 22.952900000006405], [72.54791813481515, 22.952900000006405], [72.54791813481513, 22.953733333339745], [72.54875146815078, 22.953733333339745]]], [[[72.54041813479444, 22.958733333339737], [72.54041813479444, 22.959566666673066], [72.54125146813006, 22.95956666667307], [72.54125146813006, 22.958733333339733], [72.54041813479444, 22.958733333339737]]], [[[72.5712514682129, 22.96790000000639], [72.57041813487729, 22.967900000006395], [72.57041813487727, 22.967066666673066], [72.5712514682129, 22.967066666673066], [72.5712514682129, 22.9654000000064], [72.57230445166266, 22.965400004809876], [72.57257116501141, 22.963624941832023], [72.5726021687547, 22.962900003240065], [72.57208480154854, 22.962900000006403], [72.57208480154854, 22.962066666673067], [72.5712514682129, 22.962066666673067], [72.5712514682129, 22.96123333333974], [72.57208480154854, 22.96123333333974], [72.57208480154854, 22.960400000006402], [72.5712514682129, 22.960400000006402], [72.5712514682129, 22.95956666667307], [72.5725491864744, 22.959566668182415], [72.5725243364586, 22.959177637094676], [72.57244801617034, 22.958733333878023], [72.57208480154854, 22.958733333339733], [72.57208480154854, 22.957900000006404], [72.57230487149998, 22.957900000431856], [72.5721466381692, 22.956978814424602], [72.57155168798677, 22.954356305315084], [72.5709665001373, 22.952275020056025], [72.57017012424402, 22.950254747161466], [72.56916979643314, 22.948313820152933], [72.56797460253685, 22.946469851752767], [72.56659539539031, 22.944739574159982], [72.5650446961509, 22.943138687335917], [72.56333658054184, 22.94168171667133], [72.56148655105648, 22.940381881320775], [72.5595113962847, 22.939250974393108], [72.5579181348426, 22.938522795702262], [72.55791813484275, 22.93873333333976], [72.55625146817148, 22.938733333339755], [72.55625146817148, 22.93956666667309], [72.55541813483585, 22.939566666673084], [72.55541813483585, 22.937900000006422], [72.55375146816458, 22.937900000006422], [72.55375146816458, 22.939566666673084], [72.55125146815767, 22.939566666673088], [72.55125146815767, 22.941233333339753], [72.55041813482204, 22.941233333339753], [72.55041813482204, 22.942900000006414], [72.54875146815077, 22.942900000006418], [72.54875146815077, 22.941233333339753], [72.54791813481513, 22.941233333339753], [72.54791813481513, 22.93956666667309], [72.5470848014795, 22.939566666673084], [72.5470848014795, 22.93873333333976], [72.54791813481513, 22.93873333333976], [72.54791813481508, 22.936439364557017], [72.5470848014795, 22.936453296745935], [72.5470848014795, 22.937066666673086], [72.54625146814386, 22.93706666667309], [72.54625146814386, 22.936467224554235], [72.54609470488712, 22.936469844106995], [72.54378754846826, 22.936713075148447], [72.54245672751658, 22.936913228695037], [72.5417053671961, 22.93703744000843], [72.54032305587016, 22.937286691850808], [72.53799290585131, 22.937818299087805], [72.5357304708627, 22.938559529761857], [72.53355767422717, 22.939503201600896], [72.53149557189361, 22.940640170581105], [72.52956414860343, 22.941959419414502], [72.52778212436894, 22.943448164173446], [72.52750189634718, 22.943733333886996], [72.5279181347599, 22.943733333339765], [72.52791813475991, 22.94456666667309], [72.52875146809554, 22.944566666673083], [72.52875146809554, 22.945400000006416], [72.5279181347599, 22.94540000000642], [72.5279181347599, 22.946233333339745], [72.52708480142427, 22.946233333339748], [72.52708480142427, 22.947066666673077], [72.525418134753, 22.947066666673088], [72.525418134753, 22.94623333333974], [72.52524943365674, 22.946233333693176], [72.52473375535355, 22.946874930889283], [72.52349696616106, 22.948779743655837], [72.52246840051781, 22.950787955504484], [72.52165803673556, 22.952880102682343], [72.52107373946217, 22.95503590703116], [72.52072118309727, 22.957234472436653], [72.52060379639136, 22.959454487301556], [72.52072272878068, 22.961674431083125], [72.52078590923534, 22.96206666721284], [72.52125146807482, 22.96206666667307], [72.52125146807482, 22.96123333333974], [72.52208480141046, 22.961233333339738], [72.52208480141046, 22.957900000006404], [72.5229181347461, 22.957900000006408], [72.52291813474609, 22.957066666673075], [72.52375146808171, 22.957066666673068], [72.52375146808173, 22.956233333339735], [72.525418134753, 22.956233333339735], [72.52541813475301, 22.955400000006406], [72.52625146808865, 22.955400000006403], [72.52625146808863, 22.957066666673075], [72.52541813475301, 22.95706666667307], [72.525418134753, 22.958733333339744], [72.52625146808863, 22.958733333339733], [72.52625146808863, 22.960400000006402], [72.52708480142427, 22.960400000006405], [72.52708480142427, 22.959566666673066], [72.52875146809554, 22.959566666673073], [72.52875146809554, 22.960400000006402], [72.52958480143117, 22.9604000000064], [72.52958480143117, 22.961233333339738], [72.5279181347599, 22.96123333333974], [72.5279181347599, 22.962066666673067], [72.52875146809554, 22.962066666673067], [72.52875146809554, 22.96456666667307], [72.52958480143117, 22.96456666667307], [72.52958480143117, 22.96373333333973], [72.5304181347668, 22.963733333339732], [72.5304181347668, 22.9654000000064], [72.53125146810244, 22.9654000000064], [72.53125146810244, 22.96623333333973], [72.53208480143807, 22.96623333333973], [72.53208480143807, 22.969566666673057], [72.53125146810243, 22.96956666667307], [72.53125146810243, 22.971233333339725], [72.53208480143807, 22.971233333339725], [72.53208480143807, 22.972066666673054], [72.52958480143117, 22.972066666673054], [72.52958480143117, 22.971233333339722], [72.52708480142427, 22.971233333339722], [72.52708480142427, 22.97206666667306], [72.52541813475301, 22.972066666673058], [72.525418134753, 22.969566666673064], [72.52375146808173, 22.969566666673064], [72.52375146808171, 22.968733333339728], [72.52291813474609, 22.96873333333972], [72.52291813474609, 22.96790000000639], [72.52208480141046, 22.967900000006388], [72.52208480141047, 22.967066666673066], [72.52375146808174, 22.967066666673066], [72.52375146808173, 22.965400000006397], [72.5229181347461, 22.965400000006397], [72.52291813474609, 22.964566666673072], [72.52208480141046, 22.964566666673072], [72.52208480141046, 22.96623333333973], [72.52158561429161, 22.96623333386558], [72.52211961249279, 22.96835061227373], [72.52290157148671, 22.970472808259096], [72.52390706841966, 22.972512696255478], [72.5251261905735, 22.97445014614168], [72.52654691563072, 22.97626603785854], [72.52815523005869, 22.977942450236796], [72.52993526722453, 22.97946283801375], [72.53186946388361, 22.98081219528383], [72.53393873349978, 22.98197720376252], [72.53612265468631, 22.982946364392287], [72.5383996729029, 22.98371011098395], [72.54074731341065, 22.984260904764938], [72.54314240337199, 22.984593308895004], [72.54556130089064, 22.984704042208776], [72.54798012871531, 22.98459201165096], [72.55037501028355, 22.984258323081704], [72.5531106698554, 22.983747332498947], [72.55544155623953, 22.983199901892522], [72.55770283969623, 22.982442512537162], [72.55987251530617, 22.981482535105332], [72.56192947087004, 22.980329311618398], [72.56385369255457, 22.978994064414994], [72.56562645978005, 22.97748978680694], [72.56723052744549, 22.975831116493524], [72.56865029371419, 22.974034192973004], [72.56987195172586, 22.97211650034639], [72.57088362376199, 22.97009669705037], [72.57125146820901, 22.969120128072227], [72.5712514682129, 22.96790000000639]], [[72.55125146815767, 22.982900000006378], [72.55208480149331, 22.98290000000638], [72.55208480149331, 22.983733333339718], [72.55125146815767, 22.98373333333972], [72.55125146815767, 22.982900000006378]], [[72.54125146813007, 22.95623333333974], [72.54291813480133, 22.956233333339735], [72.54291813480133, 22.957066666673075], [72.54625146814386, 22.957066666673075], [72.54625146814386, 22.958733333339733], [72.54875146815077, 22.958733333339737], [72.54875146815077, 22.957900000006397], [72.5495848014864, 22.957900000006408], [72.5495848014864, 22.958733333339733], [72.55291813482894, 22.958733333339737], [72.55291813482894, 22.96123333333974], [72.55208480149331, 22.961233333339738], [72.55208480149331, 22.960400000006405], [72.55125146815767, 22.960400000006402], [72.55125146815769, 22.96206666667307], [72.55291813482894, 22.962066666673067], [72.55291813482896, 22.963733333339732], [72.55458480150023, 22.963733333339736], [72.55458480150021, 22.967066666673073], [72.55541813483585, 22.967066666673066], [72.55541813483583, 22.967900000006388], [72.55625146817147, 22.967900000006388], [72.55625146817148, 22.96873333333973], [72.5570848015071, 22.968733333339724], [72.55708480150712, 22.969566666673064], [72.5587514681784, 22.969566666673074], [72.55875146817839, 22.970400000006396], [72.55958480151403, 22.970400000006396], [72.55958480151403, 22.971233333339722], [72.56041813484967, 22.97123333333973], [72.56041813484966, 22.972900000006394], [72.55958480151403, 22.972900000006394], [72.55958480151403, 22.97456666667306], [72.55791813484275, 22.974566666673066], [72.55791813484275, 22.973733333339727], [72.55625146817148, 22.97373333333973], [72.55625146817148, 22.97290000000639], [72.55458480150021, 22.97290000000639], [72.55458480150021, 22.97373333333973], [72.55541813483585, 22.973733333339723], [72.55541813483585, 22.97456666667306], [72.55708480150712, 22.97456666667306], [72.55708480150712, 22.975400000006392], [72.55875146817839, 22.975400000006392], [72.55875146817839, 22.976233333339735], [72.55541813483585, 22.976233333339728], [72.55541813483585, 22.97706666667306], [72.55291813482894, 22.977066666673053], [72.55291813482894, 22.976233333339735], [72.55125146815767, 22.976233333339724], [72.55125146815767, 22.97540000000639], [72.55041813482204, 22.9754000000064], [72.55041813482204, 22.97456666667306], [72.5495848014864, 22.97456666667306], [72.5495848014864, 22.97623333333972], [72.55041813482204, 22.976233333339724], [72.55041813482204, 22.977066666673057], [72.54791813481513, 22.977066666673057], [72.54791813481513, 22.977900000006382], [72.5470848014795, 22.97790000000639], [72.5470848014795, 22.97873333333972], [72.54625146814386, 22.97873333333972], [72.54625146814386, 22.97956666667305], [72.5470848014795, 22.97956666667305], [72.5470848014795, 22.980400000006377], [72.54791813481513, 22.980400000006384], [72.54791813481513, 22.982066666673045], [72.54541813480823, 22.982066666673045], [72.54541813480823, 22.981233333339723], [72.5445848014726, 22.981233333339723], [72.5445848014726, 22.980400000006377], [72.54291813480133, 22.980400000006377], [72.54291813480133, 22.97873333333972], [72.54208480146569, 22.97873333333972], [72.54208480146569, 22.977900000006393], [72.54125146813006, 22.977900000006386], [72.54125146813006, 22.97706666667305], [72.54041813479442, 22.977066666673053], [72.54041813479442, 22.976233333339728], [72.53875146812315, 22.976233333339724], [72.53875146812315, 22.975400000006392], [72.53958480145879, 22.975400000006385], [72.53958480145879, 22.97456666667306], [72.53875146812315, 22.97456666667306], [72.53875146812315, 22.973733333339734], [72.54208480146569, 22.97373333333973], [72.54208480146569, 22.972900000006387], [72.54291813480133, 22.972900000006394], [72.54291813480133, 22.9704000000064], [72.54208480146569, 22.970400000006393], [72.54208480146569, 22.97206666667306], [72.54125146813006, 22.972066666673058], [72.54125146813006, 22.970400000006393], [72.53958480145879, 22.970400000006393], [72.53958480145879, 22.968733333339724], [72.54125146813006, 22.96873333333973], [72.54125146813006, 22.967066666673063], [72.54208480146569, 22.967066666673066], [72.54208480146569, 22.966233333339733], [72.54125146813006, 22.96623333333973], [72.54125146813007, 22.96540000000639], [72.5379181347875, 22.965400000006397], [72.53791813478753, 22.966233333339737], [72.53625146811626, 22.96623333333973], [72.53625146811625, 22.96456666667307], [72.53458480144499, 22.964566666673072], [72.53458480144499, 22.963733333339732], [72.53375146810934, 22.963733333339732], [72.53375146810933, 22.9629000000064], [72.53458480144499, 22.9629000000064], [72.53458480144499, 22.96123333333974], [72.53541813478061, 22.96123333333974], [72.53541813478061, 22.95956666667307], [72.53625146811625, 22.95956666667307], [72.53625146811625, 22.96123333333974], [72.53708480145188, 22.961233333339738], [72.53708480145188, 22.96206666667307], [72.53791813478752, 22.96206666667307], [72.53791813478752, 22.961233333339738], [72.53875146812315, 22.961233333339738], [72.53875146812315, 22.960400000006402], [72.53791813478752, 22.960400000006402], [72.53791813478753, 22.959566666673066], [72.53958480145879, 22.95956666667307], [72.53958480145877, 22.958733333339733], [72.54041813479444, 22.958733333339737], [72.54041813479442, 22.9579000000064], [72.53958480145879, 22.957900000006404], [72.53958480145879, 22.95706666667308], [72.53875146812315, 22.957066666673075], [72.53875146812315, 22.95623333333974], [72.54041813479444, 22.95623333333974], [72.54041813479441, 22.955400000006403], [72.54125146813006, 22.955400000006403], [72.54125146813007, 22.95623333333974]], [[72.53875146812315, 22.958733333339733], [72.53625146811625, 22.958733333339733], [72.53625146811625, 22.957900000006408], [72.53708480145187, 22.957900000006408], [72.53708480145188, 22.957066666673068], [72.53875146812315, 22.957066666673075], [72.53875146812315, 22.958733333339733]], [[72.54875146815077, 22.98123333333972], [72.5495848014864, 22.98123333333972], [72.5495848014864, 22.982066666673045], [72.54875146815077, 22.982066666673045], [72.54875146815077, 22.98123333333972]], [[72.53458480144499, 22.97206666667305], [72.53541813478061, 22.97206666667305], [72.53541813478061, 22.97290000000639], [72.53458480144499, 22.972900000006387], [72.53458480144499, 22.97206666667305]], [[72.53375146810933, 22.96873333333972], [72.53541813478063, 22.968733333339728], [72.53541813478063, 22.96956666667306], [72.53375146810934, 22.969566666673064], [72.53375146810933, 22.96873333333972]], [[72.53875146812315, 22.966233333339733], [72.53958480145879, 22.96623333333973], [72.53958480145879, 22.967066666673073], [72.53875146812315, 22.967066666673063], [72.53875146812315, 22.966233333339733]], [[72.53458480144499, 22.9654000000064], [72.53541813478061, 22.9654000000064], [72.53541813478061, 22.96623333333973], [72.53458480144499, 22.96623333333973], [72.53458480144499, 22.9654000000064]], [[72.5662514681991, 22.96623333333973], [72.56458480152784, 22.966233333339737], [72.56458480152781, 22.9654000000064], [72.5662514681991, 22.9654000000064], [72.5662514681991, 22.96623333333973]], [[72.5662514681991, 22.963733333339732], [72.56708480153473, 22.963733333339732], [72.56708480153473, 22.9654000000064], [72.5662514681991, 22.9654000000064], [72.5662514681991, 22.963733333339732]], [[72.56541813486346, 22.96373333333973], [72.56541813486345, 22.962900000006396], [72.56458480152783, 22.962900000006403], [72.56458480152783, 22.962066666673064], [72.5662514681991, 22.96206666667307], [72.5662514681991, 22.963733333339732], [72.56541813486346, 22.96373333333973]], [[72.56458480152783, 22.963733333339732], [72.5637514681922, 22.96373333333973], [72.5637514681922, 22.9629000000064], [72.56458480152783, 22.962900000006403], [72.56458480152783, 22.963733333339732]], [[72.56208480152092, 22.960400000006402], [72.56291813485656, 22.9604000000064], [72.56291813485656, 22.961233333339734], [72.56208480152092, 22.961233333339738], [72.56208480152092, 22.960400000006402]], [[72.53375146810934, 22.957900000006404], [72.53458480144499, 22.957900000006404], [72.53458480144499, 22.96040000000641], [72.53291813477371, 22.9604000000064], [72.53291813477371, 22.95956666667307], [72.53208480143807, 22.959566666673066], [72.53208480143807, 22.957066666673075], [72.53375146810934, 22.957066666673075], [72.53375146810934, 22.957900000006404]], [[72.56708480153473, 22.959566666673062], [72.56791813487037, 22.95956666667307], [72.56791813487037, 22.9604000000064], [72.56708480153473, 22.9604000000064], [72.56708480153473, 22.959566666673062]], [[72.56958480154164, 22.958733333339733], [72.57041813487727, 22.958733333339733], [72.57041813487727, 22.959566666673066], [72.56958480154164, 22.95956666667307], [72.56958480154164, 22.958733333339733]], [[72.56291813485655, 22.957900000006408], [72.5637514681922, 22.957900000006408], [72.5637514681922, 22.958733333339737], [72.56291813485656, 22.958733333339737], [72.56291813485655, 22.957900000006408]], [[72.5495848014864, 22.952066666673083], [72.54875146815077, 22.95206666667308], [72.54875146815077, 22.952900000006405], [72.5495848014864, 22.952900000006412], [72.5495848014864, 22.95373333333974], [72.54875146815078, 22.953733333339745], [72.54875146815078, 22.955400000006403], [72.54791813481513, 22.955400000006406], [72.54791813481513, 22.954566666673074], [72.5470848014795, 22.95456666667308], [72.5470848014795, 22.955400000006406], [72.54541813480823, 22.955400000006406], [72.54541813480822, 22.952066666673083], [72.5470848014795, 22.95206666667308], [72.5470848014795, 22.951233333339744], [72.5495848014864, 22.95123333333975], [72.5495848014864, 22.952066666673083]], [[72.54375146813696, 22.953733333339738], [72.54458480147258, 22.953733333339745], [72.54458480147258, 22.95456666667307], [72.54375146813695, 22.954566666673077], [72.54375146813696, 22.953733333339738]], [[72.52208480141046, 22.952900000006405], [72.52291813474609, 22.9529000000064], [72.5229181347461, 22.953733333339745], [72.52208480141046, 22.953733333339745], [72.52208480141046, 22.952900000006405]], [[72.55875146817837, 22.95123333333975], [72.55958480151403, 22.951233333339747], [72.55958480151403, 22.950400000006415], [72.56041813484966, 22.950400000006415], [72.56041813484966, 22.95373333333974], [72.55958480151403, 22.953733333339738], [72.55958480151403, 22.952900000006405], [72.55708480150712, 22.952900000006405], [72.55708480150712, 22.950400000006415], [72.55875146817839, 22.950400000006415], [72.55875146817837, 22.95123333333975]], [[72.525418134753, 22.952066666673083], [72.52625146808863, 22.952066666673076], [72.52625146808863, 22.95290000000641], [72.525418134753, 22.95290000000641], [72.525418134753, 22.952066666673083]], [[72.52375146808171, 22.950400000006415], [72.52458480141736, 22.950400000006415], [72.52458480141738, 22.95123333333975], [72.52375146808174, 22.95123333333975], [72.52375146808171, 22.950400000006415]], [[72.5304181347668, 22.945400000006412], [72.53125146810244, 22.94540000000641], [72.53125146810244, 22.946233333339748], [72.5304181347668, 22.946233333339745], [72.5304181347668, 22.945400000006412]], [[72.53541813478061, 22.94540000000642], [72.53541813478061, 22.94623333333975], [72.53375146810934, 22.94623333333975], [72.53375146810934, 22.94540000000641], [72.53541813478061, 22.94540000000642]], [[72.53291813477371, 22.94540000000642], [72.53291813477371, 22.94290000000642], [72.53375146810934, 22.942900000006414], [72.53375146810934, 22.94540000000641], [72.53291813477371, 22.94540000000642]], [[72.54875146815077, 22.945400000006416], [72.5495848014864, 22.945400000006416], [72.5495848014864, 22.946233333339748], [72.54875146815077, 22.946233333339748], [72.54875146815077, 22.945400000006416]], [[72.53625146811625, 22.943733333339758], [72.53708480145188, 22.94373333333975], [72.53708480145188, 22.944566666673087], [72.53625146811625, 22.944566666673087], [72.53625146811625, 22.943733333339758]], [[72.53458480144499, 22.942900000006414], [72.53541813478061, 22.942900000006414], [72.53541813478061, 22.943733333339754], [72.53458480144499, 22.943733333339754], [72.53458480144499, 22.942900000006414]], [[72.53875146812315, 22.941233333339753], [72.53791813478752, 22.941233333339756], [72.53791813478752, 22.940400000006413], [72.53708480145188, 22.940400000006417], [72.53708480145188, 22.939566666673088], [72.53875146812315, 22.93956666667309], [72.53875146812315, 22.941233333339753]]], [[[72.53458480144499, 22.963733333339732], [72.53541813478061, 22.963733333339732], [72.53541813478061, 22.962900000006407], [72.53458480144499, 22.9629000000064], [72.53458480144499, 22.963733333339732]]]]}}, {"type": "Feature", "properties": {"layer": "permanent_water_jrc"}, "geometry": {"type": "MultiPolygon", "coordinates": [[[[72.53041813476682, 22.950400000006415], [72.5304181347668, 22.95206666667308], [72.53125146810244, 22.95206666667308], [72.53125146810243, 22.951233333339747], [72.53208480143807, 22.951233333339747], [72.53208480143807, 22.950400000006415], [72.53375146810934, 22.950400000006415], [72.53375146810933, 22.94956666667308], [72.53291813477371, 22.949566666673082], [72.53291813477371, 22.948733333339746], [72.53458480144499, 22.948733333339746], [72.53458480144499, 22.94706666667308], [72.53541813478061, 22.94706666667308], [72.53541813478061, 22.94623333333975], [72.53375146810934, 22.94623333333975], [72.53375146810934, 22.947066666673084], [72.52958480143117, 22.947066666673084], [72.52958480143117, 22.948733333339746], [72.52625146808863, 22.948733333339746], [72.52625146808863, 22.947066666673084], [72.52460926086863, 22.94706667111347], [72.52349696616106, 22.948779743655837], [72.52266710222378, 22.950400007693805], [72.52375146808171, 22.950400000006415], [72.52375146808173, 22.949566666673082], [72.52625146808863, 22.949566666673082], [72.52625146808865, 22.950400000006415], [72.52708480142425, 22.950400000006407], [72.52708480142427, 22.951233333339747], [72.52875146809554, 22.95123333333975], [72.52875146809554, 22.952066666673083], [72.52958480143114, 22.95206666667308], [72.52958480143117, 22.950400000006415], [72.52875146809555, 22.950400000006415], [72.52875146809554, 22.949566666673082], [72.53125146810245, 22.949566666673086], [72.53125146810244, 22.95040000000641], [72.53041813476682, 22.950400000006415]]], [[[72.53458480144499, 22.94956666667308], [72.53458480144499, 22.950400000006418], [72.5354181347806, 22.95040000000641], [72.53541813478061, 22.949566666673082], [72.53458480144499, 22.94956666667308]]], [[[72.5354181347806, 22.95040000000641], [72.53541813478061, 22.951233333339744], [72.53625146811625, 22.951233333339747], [72.53625146811625, 22.950400000006415], [72.5354181347806, 22.95040000000641]]], [[[72.53375146810934, 22.951233333339747], [72.53458480144499, 22.95123333333975], [72.53458480144499, 22.950400000006418], [72.53375146810934, 22.950400000006415], [72.53375146810934, 22.951233333339747]]], [[[72.53541813478061, 22.951233333339744], [72.53458480144499, 22.95123333333975], [72.53458480144499, 22.952066666673076], [72.53541813478063, 22.952066666673083], [72.53541813478061, 22.951233333339744]]], [[[72.52958480143114, 22.95206666667308], [72.52958480143116, 22.952900000006405], [72.5304181347668, 22.9529000000064], [72.5304181347668, 22.95206666667308], [72.52958480143114, 22.95206666667308]]], [[[72.52541813475298, 22.972900000006394], [72.52541813475301, 22.972066666673058], [72.52375146808173, 22.972066666673054], [72.52375146808171, 22.970400000006393], [72.52287474442849, 22.970400002189795], [72.52290157148671, 22.970472808259096], [72.52390706841966, 22.972512696255478], [72.52415077340079, 22.972900001601854], [72.52541813475298, 22.972900000006394]]], [[[72.5279181347599, 22.976233333339724], [72.52875146809554, 22.976233333339724], [72.52875146809554, 22.97540000000639], [72.52958480143117, 22.975400000006385], [72.52958480143117, 22.973733333339727], [72.52791813475991, 22.97373333333972], [72.5279181347599, 22.97290000000639], [72.52541813475298, 22.972900000006394], [72.525418134753, 22.973733333339723], [72.524675139439, 22.973733335503375], [72.5251261905735, 22.97445014614168], [72.52586933724757, 22.9754000025579], [72.52625146808865, 22.97540000000638], [72.52625146808897, 22.975888418325322], [72.52652132807937, 22.976233333819128], [72.52708480142427, 22.976233333339735], [72.52708480142454, 22.976826704832522], [72.5273150153889, 22.977066667110805], [72.5279181347599, 22.977066666673053], [72.5279181347599, 22.976233333339724]]], [[[72.5304181347668, 22.97706666667305], [72.5304181347668, 22.977900000006386], [72.53208480143807, 22.977900000006382], [72.53208480143807, 22.97706666667305], [72.53125146810244, 22.97706666667305], [72.53125146810244, 22.975400000006395], [72.53041813476679, 22.975400000006395], [72.53041813476679, 22.976233333339735], [72.52875146809554, 22.976233333339724], [72.52875146809554, 22.977066666673057], [72.5304181347668, 22.97706666667305]]], [[[72.53291813477371, 22.977066666673053], [72.53291813477371, 22.977900000006386], [72.53375146810934, 22.97790000000639], [72.53375146810934, 22.976233333339728], [72.53208480143807, 22.976233333339728], [72.53208480143807, 22.97706666667305], [72.53291813477371, 22.977066666673053]]], [[[72.53791813478752, 22.938733333339755], [72.53791813478752, 22.939566666673088], [72.53875146812315, 22.93956666667309], [72.53875146812315, 22.938733333339762], [72.53791813478752, 22.938733333339755]]], [[[72.54154328169219, 22.937066667171177], [72.5412514681302, 22.937119286371658], [72.54125146813006, 22.942066666673085], [72.54208480146569, 22.94206666667309], [72.54208480146569, 22.937066666673083], [72.54154328169219, 22.937066667171177]]], [[[72.54208480146569, 22.942900000006418], [72.54291813480133, 22.942900000006418], [72.54291813480133, 22.94206666667309], [72.54208480146569, 22.94206666667309], [72.54208480146569, 22.942900000006418]]], [[[72.54375146813696, 22.942900000006418], [72.54291813480133, 22.942900000006418], [72.54291813480133, 22.943733333339754], [72.54375146813696, 22.943733333339754], [72.54375146813696, 22.942900000006418]]], [[[72.54208480146569, 22.943733333339754], [72.54208480146569, 22.94456666667309], [72.54291813480133, 22.94456666667309], [72.54291813480133, 22.943733333339754], [72.54208480146569, 22.943733333339754]]], [[[72.54125146813006, 22.945400000006412], [72.54125146813006, 22.946233333339748], [72.54291813480133, 22.946233333339755], [72.54291813480133, 22.94540000000642], [72.54125146813006, 22.945400000006412]]], [[[72.54041813479442, 22.946233333339755], [72.54041813479442, 22.948733333339746], [72.54125146813006, 22.948733333339742], [72.54125146813006, 22.946233333339748], [72.54041813479442, 22.946233333339755]]], [[[72.54041813479442, 22.949566666673082], [72.54041813479442, 22.948733333339746], [72.53958480145879, 22.94873333333974], [72.53958480145879, 22.94956666667308], [72.54041813479442, 22.949566666673082]]], [[[72.54375146813696, 22.948733333339746], [72.54291813480133, 22.94873333333975], [72.54291813480133, 22.94956666667308], [72.54375146813696, 22.94956666667308], [72.54375146813696, 22.948733333339746]]], [[[72.54041813479442, 22.949566666673082], [72.54041813479442, 22.950400000006415], [72.54125146813006, 22.950400000006415], [72.54125146813006, 22.949566666673082], [72.54041813479442, 22.949566666673082]]], [[[72.54041813479442, 22.951233333339744], [72.54041813479442, 22.950400000006415], [72.53875146812315, 22.950400000006415], [72.53875146812315, 22.951233333339744], [72.54041813479442, 22.951233333339744]]], [[[72.53958480145879, 22.952900000006405], [72.53958480145879, 22.952066666673083], [72.53875146812315, 22.95206666667308], [72.53875146812315, 22.951233333339744], [72.53791813478752, 22.951233333339744], [72.53791813478752, 22.95290000000641], [72.53958480145879, 22.952900000006405]]], [[[72.53541813478063, 22.952066666673083], [72.53541813478061, 22.95290000000641], [72.53625146811625, 22.952900000006405], [72.53625146811625, 22.95206666667308], [72.53541813478063, 22.952066666673083]]], [[[72.53625146811625, 22.952900000006405], [72.53625146811625, 22.953733333339745], [72.53791813478753, 22.95373333333975], [72.53791813478752, 22.95290000000641], [72.53625146811625, 22.952900000006405]]], [[[72.53375146810934, 22.97790000000639], [72.53375146810934, 22.97873333333972], [72.53791813478752, 22.97873333333972], [72.53791813478752, 22.977900000006382], [72.53541813478061, 22.977900000006386], [72.53541813478061, 22.977066666673053], [72.53458480144499, 22.977066666673057], [72.53458480144499, 22.97790000000639], [72.53375146810934, 22.97790000000639]]], [[[72.53791813478752, 22.979566666673048], [72.54041813479442, 22.97956666667305], [72.54041813479442, 22.97873333333972], [72.53958480145879, 22.97873333333972], [72.53958480145879, 22.977900000006393], [72.53875146812315, 22.977900000006386], [72.53875146812315, 22.97873333333972], [72.53791813478752, 22.97873333333972], [72.53791813478752, 22.979566666673048]]], [[[72.54125146813006, 22.979566666673055], [72.54041813479442, 22.97956666667305], [72.54041813479442, 22.980400000006377], [72.54125146813006, 22.980400000006384], [72.54125146813006, 22.979566666673055]]], [[[72.54125146813006, 22.981233333339723], [72.54208480146569, 22.981233333339716], [72.54208480146569, 22.980400000006377], [72.54125146813006, 22.980400000006384], [72.54125146813006, 22.981233333339723]]], [[[72.54375146813696, 22.981233333339723], [72.54208480146569, 22.981233333339716], [72.54208480146569, 22.98206666667305], [72.54375146813696, 22.982066666673045], [72.54375146813696, 22.981233333339723]]], [[[72.54291813480133, 22.94456666667309], [72.54291813480133, 22.94540000000642], [72.54375146813696, 22.945400000006416], [72.54375146813696, 22.944566666673083], [72.54291813480133, 22.94456666667309]]], [[[72.55708480150712, 22.9629000000064], [72.55708480150712, 22.96456666667307], [72.55875146817839, 22.96456666667307], [72.55875146817839, 22.962900000006407], [72.55708480150712, 22.9629000000064]]], [[[72.54375146813696, 22.98290000000638], [72.5445848014726, 22.982900000006378], [72.5445848014726, 22.982066666673045], [72.54375146813696, 22.982066666673045], [72.54375146813696, 22.98290000000638]]], [[[72.54625146814386, 22.982900000006378], [72.5445848014726, 22.982900000006378], [72.5445848014726, 22.98373333333971], [72.54625146814386, 22.983733333339718], [72.54625146814386, 22.982900000006378]]], [[[72.54791813481513, 22.983733333339714], [72.54791813481513, 22.98456666667305], [72.54816203119645, 22.984566667767147], [72.54958480148638, 22.984368430261355], [72.5495848014864, 22.983733333339714], [72.54791813481513, 22.983733333339714]]], [[[72.54625146814386, 22.983733333339718], [72.54625146814386, 22.984566666673047], [72.5470848014795, 22.984566666673043], [72.5470848014795, 22.983733333339718], [72.54625146814386, 22.983733333339718]]], [[[72.5470848014795, 22.984566666673043], [72.5470848014795, 22.9846334839971], [72.54791813481513, 22.984594883426727], [72.54791813481513, 22.98456666667305], [72.5470848014795, 22.984566666673043]]]]}}, {"type": "Feature", "properties": {"layer": "airport", "name": "Sardar Vallabhbhai Patel International Airport", "icao": "VAAH", "distance_m": 13348.9}, "geometry": {"type": "Polygon", "coordinates": [[[72.6181892, 23.066132700000004], [72.6183405, 23.065940199999996], [72.6171844, 23.0641023], [72.6197909, 23.062439299999998], [72.6199697, 23.0625277], [72.620325, 23.0626345], [72.620451, 23.0625978], [72.620591, 23.062298600000002], [72.6202882, 23.0621649], [72.6202971, 23.0621127], [72.6205151, 23.062001399999996], [72.6205527, 23.061961], [72.6207457, 23.061841300000005], [72.6217429, 23.061223199999997], [72.6221107, 23.060982800000005], [72.6222067, 23.0608808], [72.6233767, 23.060098000000004], [72.6236861, 23.05990720000001], [72.6244789, 23.0601362], [72.6245147, 23.060146600000003], [72.6245489, 23.060156399999997], [72.6246508, 23.0601859], [72.6254295, 23.06039], [72.6260272, 23.060528900000005], [72.6262398, 23.0605686], [72.6263199, 23.0605913], [72.6263815, 23.0606423], [72.6264462, 23.060721699999995], [72.6266126, 23.0609002], [72.6267759, 23.061059], [72.6269823, 23.061220600000002], [72.6271548, 23.061362300000003], [72.6272565, 23.0614672], [72.6273661, 23.06162640000001], [72.6274782, 23.0618112], [72.6276089, 23.061991700000007], [72.6280369, 23.0624731], [72.6284922, 23.062996800000008], [72.6286792, 23.0632231], [72.6288865, 23.06343460000001], [72.6285426, 23.063900700000005], [72.62895429999999, 23.064016899999995], [72.6287424, 23.064850999999994], [72.6282044, 23.065317700000005], [72.6287839, 23.065936099999995], [72.6305115, 23.067960399999997], [72.6316712, 23.066897099999995], [72.6318432, 23.0669435], [72.6318676, 23.066955599999996], [72.631892, 23.066974600000005], [72.6318995, 23.066988400000003], [72.6319108, 23.0670333], [72.6318995, 23.067085199999994], [72.6318939, 23.067136999999995], [72.6319033, 23.067169800000002], [72.63191260000002, 23.0671888], [72.63196520000001, 23.0672216], [72.6320347, 23.067263100000005], [72.63204600000002, 23.067323600000005], [72.632017, 23.067452100000004], [72.6319761, 23.067626599999997], [72.6319369, 23.0677695], [72.631945, 23.067847699999994], [72.63200220000002, 23.067877699999997], [72.6320954, 23.067888300000007], [72.6311722, 23.0687288], [72.63194270000001, 23.0696247], [72.63193299999999, 23.069690399999995], [72.6324551, 23.070310299999992], [72.6325078, 23.071708899999997], [72.6332358, 23.072749699999996], [72.6347442, 23.074814800000006], [72.6358398, 23.076305000000005], [72.6368864, 23.077754], [72.6374842, 23.0773308], [72.6404868, 23.080152], [72.6403514, 23.080439799999997], [72.6421612, 23.082118800000003], [72.6426173, 23.082538700000004], [72.6430624, 23.0829501], [72.6433674, 23.0832306], [72.6438471, 23.083668199999998], [72.6443248, 23.084074000000005], [72.6446277, 23.0843077], [72.6450533, 23.084636100000004], [72.645344, 23.084871000000003], [72.6458737, 23.085542599999997], [72.6460802, 23.085744999999996], [72.6461473, 23.085880700000004], [72.6469198, 23.086690000000008], [72.6470512, 23.0865592], [72.6477781, 23.087203200000012], [72.6483861, 23.087852500000004], [72.6490188, 23.088501900000004], [72.6479704, 23.089558700000005], [72.6499967, 23.09146949999999], [72.6496216, 23.0917996], [72.6495537, 23.091859299999996], [72.6475653, 23.089974000000005], [72.6466399, 23.09085830000001], [72.6457606, 23.0901091], [72.6449223, 23.089343899999996], [72.6440202, 23.088524000000003], [72.6434487, 23.087996800000006], [72.6427607, 23.087357900000004], [72.6416027, 23.086278000000004], [72.6407298, 23.085468199999994], [72.6403244, 23.085088900000006], [72.6398641, 23.0846582], [72.6386072, 23.0834806], [72.6380709, 23.082962200000004], [72.6376793, 23.0825847], [72.6370409, 23.0819777], [72.636703, 23.0816545], [72.6351349, 23.080159500000008], [72.6351207, 23.0801725], [72.6350597, 23.080116299999997], [72.6350721, 23.0801025], [72.634765, 23.07981109999999], [72.6346692, 23.0798982], [72.6344361, 23.080113600000004], [72.6337354, 23.079525100000005], [72.6334218, 23.079512300000005], [72.6325429, 23.079505499999996], [72.6309991, 23.079516299999998], [72.6299063, 23.079551399999996], [72.6295032, 23.079473600000004], [72.6294831, 23.079410400000004], [72.6295016, 23.079329899999998], [72.6295067, 23.079204500000003], [72.6297317, 23.0785398], [72.628935, 23.0783611], [72.6288618, 23.078644700000005], [72.62834010000002, 23.078527100000002], [72.6280648, 23.079028], [72.6279822, 23.0790021], [72.6279735, 23.0790534], [72.6272198, 23.078957], [72.6264761, 23.078810100000005], [72.6264508, 23.078972800000003], [72.6256973, 23.0787822], [72.6257353, 23.077577200000004], [72.6264755, 23.077575599999992], [72.62675760000002, 23.0775727], [72.6267582, 23.077434500000003], [72.626718, 23.0770076], [72.625439, 23.075805400000007], [72.6250912, 23.0761211], [72.6244348, 23.0755134], [72.6241363, 23.0752323], [72.6237601, 23.074878000000002], [72.6234293, 23.074566499999996], [72.6231942, 23.074345200000003], [72.6229678, 23.074132], [72.622662, 23.0738441], [72.6227972, 23.073723599999997], [72.62264, 23.0735586], [72.6228104, 23.073415000000004], [72.6228996, 23.0733396], [72.6229842, 23.0732156], [72.6230265, 23.0731335], [72.6230594, 23.072978], [72.6230675, 23.072797800000004], [72.62305410000002, 23.072635000000002], [72.6229414, 23.072482000000004], [72.622869, 23.072388200000002], [72.6224372, 23.0720107], [72.6224211, 23.07143320000001], [72.6235503, 23.070382], [72.6224533, 23.069364099999998], [72.6222709, 23.069517100000002], [72.621945, 23.0698206], [72.6219052, 23.0698535], [72.6219679, 23.069912900000002], [72.6218568, 23.0700138], [72.6213764, 23.0705412], [72.6212007, 23.0703894], [72.6211645, 23.07042270000001], [72.6211229, 23.070461], [72.6213294, 23.070641100000007], [72.6212972, 23.070685500000003], [72.6213241, 23.0707176], [72.620675, 23.0713074], [72.6205704, 23.0712432], [72.620337, 23.071455400000005], [72.6206937, 23.07179350000001], [72.6195699, 23.0728052], [72.6194251, 23.072672000000004], [72.6193982, 23.0726991], [72.6194304, 23.0727312], [72.6192829, 23.072876800000003], [72.6194918, 23.073074], [72.6182848, 23.074239599999995], [72.6180384, 23.073999600000004], [72.6179877, 23.074044799999996], [72.6179472, 23.074081000000003], [72.61753140000002, 23.0744832], [72.6172944, 23.0747068], [72.6154348, 23.0764518], [72.6150839, 23.076141899999996], [72.6140824, 23.077069700000006], [72.6127301, 23.076046000000005], [72.6137633, 23.0750607], [72.6128593, 23.074301300000002], [72.6128259, 23.074244700000005], [72.6124208, 23.0739105], [72.61714640000001, 23.0686904], [72.6182197, 23.067527599999995], [72.6181892, 23.066132700000004]]]}}, {"type": "Feature", "properties": {"layer": "airport_reference_point", "name": "Sardar Vallabhbhai Patel International Airport", "icao": "VAAH", "distance_m": 15565.8}, "geometry": {"type": "Point", "coordinates": [72.634697, 23.0772]}}]}