{"type": "FeatureCollection", "features": [{"type": "Feature", "properties": {"layer": "outline_2026", "site": "AHM-02"}, "geometry": {"type": "Polygon", "coordinates": [[[72.55230265633311, 22.972135178510698], [72.55207143516134, 22.972536430054678], [72.55234993189238, 22.973064957012216], [72.5510971941096, 22.973500018849883], [72.55056860345559, 22.971886033867843], [72.54996774447345, 22.97003648229723], [72.55066444448954, 22.969826484449996], [72.55213752392613, 22.9694231772473], [72.55266028239912, 22.970622562018985], [72.55255910858351, 22.970641059397565], [72.55240144086378, 22.970688861479264], [72.5521785150621, 22.970774929163092], [72.5518591650548, 22.97084275568163], [72.55194004353025, 22.97118873372548], [72.55227243077857, 22.97109401391233], [72.55237603561727, 22.971228384456612], [72.55287046486373, 22.971112610459823], [72.55320873125136, 22.971844371138854], [72.55230265633311, 22.972135178510698]]]}}, {"type": "Feature", "properties": {"layer": "union_2016_2026", "site": "AHM-02"}, "geometry": {"type": "MultiPolygon", "coordinates": [[[[72.55322930358409, 22.972154915625655], [72.55322923318198, 22.972153852888827], [72.55330812520275, 22.97212497441834], [72.55320873125136, 22.971844371138854], [72.55287046486373, 22.971112610459823], [72.55273652231801, 22.970931323105038], [72.55279825559684, 22.970737084238745], [72.55274102218146, 22.970562369984965], [72.55224360722053, 22.969479736992252], [72.55216783988092, 22.969492732855482], [72.55213752392613, 22.9694231772473], [72.55066444448954, 22.969826484449996], [72.54996774447345, 22.97003648229723], [72.55056860345559, 22.971886033867843], [72.5510971941096, 22.973500018849883], [72.55238824113717, 22.973065941532166], [72.5524021346738, 22.97304772515771], [72.55353289511365, 22.97267446181482], [72.55336805295286, 22.972341791916886], [72.55328507103314, 22.972370523618075], [72.55328057162522, 22.97235872590271], [72.55279494675774, 22.97253269069753], [72.55281770801828, 22.97250284717224], [72.55246443275595, 22.972651089174636], [72.55218466139969, 22.972751309628023], [72.55214060197065, 22.972667694185], [72.55211033530999, 22.97256342036445], [72.55322930358409, 22.972154915625655]]], [[[72.55403158037635, 22.96979015601796], [72.55384317655468, 22.969905154120294], [72.55346801957155, 22.970055050788144], [72.55349358459232, 22.970118537225314], [72.55348227341318, 22.97012544129044], [72.55388285690212, 22.97113696886777], [72.55345631291381, 22.971306801873336], [72.55346001515913, 22.971315254300116], [72.55332739175836, 22.971371172799653], [72.55425343951072, 22.97347634993464], [72.55425748850533, 22.973474688799108], [72.55426116913581, 22.97348301282522], [72.55646561829462, 22.972620322230526], [72.55644641810851, 22.97257663933553], [72.55645835972037, 22.972571739945128], [72.5562104534858, 22.97201576700493], [72.55606227156221, 22.9716028505136], [72.5551036296064, 22.969463258304923], [72.555081467503, 22.969471132021877], [72.5546838177012, 22.96856638185032], [72.55417201147132, 22.968719164423852], [72.55436836283518, 22.969323914184447], [72.55412903186517, 22.969512570184058], [72.55403158037635, 22.96979015601796]]]]}}, {"type": "Feature", "properties": {"layer": "buffer_100m", "site": "AHM-02"}, "geometry": {"type": "Polygon", "coordinates": [[[72.55363148816245, 22.970541080217735], [72.55361826406164, 22.97045370446601], [72.55359589416442, 22.97036794081828], [72.5535645920518, 22.970284608054524], [72.55304182690017, 22.969085226213323], [72.5530016368315, 22.969004667555858], [72.5529531015925, 22.968928150702475], [72.55289668992545, 22.96885641461418], [72.55283294663671, 22.968790152080686], [72.55276248733486, 22.968730003029982], [72.5526859924854, 22.96867654834855], [72.55260420083906, 22.968630304271688], [72.55251790229757, 22.968591717398244], [72.55242793028535, 22.968561160377842], [72.55233515370107, 22.96853892831222], [72.5522404685268, 22.968525235905457], [72.55214478917554, 22.968520215390658], [72.5520490396609, 22.968523915252945], [72.551954144674, 22.96853629976126], [72.55186102065397, 22.968557249313417], [72.55038794977993, 22.968960553991433], [72.55036259742766, 22.96896784384561], [72.54966590134569, 22.969177840389364], [72.54957772115465, 22.969208861962034], [72.54949319031347, 22.969247627468174], [72.54941309975972, 22.969293774188476], [72.5493381988864, 22.969346870338974], [72.54926918853029, 22.969406419111035], [72.54920671441444, 22.96947186331963], [72.54915136110617, 22.96954259061654], [72.54910364654731, 22.969617939219813], [72.54906401720764, 22.969697204105678], [72.54903284390697, 22.969779643605168], [72.54901041834505, 22.96986448634359], [72.5489969503715, 22.969950938458062], [72.54899256602191, 22.970038191025473], [72.54899730633765, 22.970125427631423], [72.54901112698147, 22.970211832009326], [72.54903389865143, 22.970296595678168], [72.54963474607744, 22.972146150726683], [72.54963537541148, 22.97214808013426], [72.55016395600363, 22.973762068173954], [72.55019544921929, 22.973843846458447], [72.5502352789291, 22.97392244614795], [72.55028307692723, 22.973997140599785], [72.5503384013401, 22.97406723927348], [72.55040074071104, 22.974132094114914], [72.55046951872839, 22.974191105547717], [72.55054409955339, 22.974243728016514], [72.55062379369828, 22.97428947503072], [72.5507078644008, 22.974327923662344], [72.55079553443552, 22.974358718456116], [72.55088599329957, 22.974381574715824], [72.55097840470604, 22.974396281136443], [72.5510719143158, 22.974402701757782], [72.55116565763629, 22.97440077722146], [72.55125876801414, 22.974390525319734], [72.55135038464789, 22.974372040830993], [72.55143966054646, 22.974345494643476], [72.55269240502521, 22.9739104301463], [72.55278009649477, 22.973875348550926], [72.55286366040887, 22.973832491109327], [72.5529422949519, 22.973782269050904], [72.55301524560936, 22.973725164270185], [72.55308181240775, 22.97366172470266], [72.55314135663106, 22.973592559067], [72.55319330694924, 22.973518331023993], [72.55323716490005, 22.97343975280833], [72.55327250967167, 22.973357578394324], [72.55329900213987, 22.973272596261207], [72.55331638812157, 22.97318562182733], [72.55332450081316, 22.973097489625964], [72.55332326239026, 22.97300904529774], [72.55331268475392, 22.972921137476586], [72.55329286941554, 22.97283460964693], [72.55327388597061, 22.97277915304114], [72.55352811397724, 22.97269755712336], [72.55361546280523, 22.97266506969412], [72.55369902195423, 22.97262493558848], [72.55377801287463, 22.972577528751533], [72.55385169958288, 22.972523290890795], [72.55391939551924, 22.97246272736048], [72.55398046994465, 22.972396402452727], [72.5540343538175, 22.97232493413963], [72.55408054509547, 22.972248988315155], [72.55411861341297, 22.972169272590648], [72.55414820409048, 22.97208652970152], [72.55416904143888, 22.97200153058686], [72.55418093132756, 22.971915067206172], [72.55418376299258, 22.97182794516048], [72.554177510068, 22.971740976186197], [72.55416223083104, 22.971654970592027], [72.55413806765829, 22.97157072970915], [72.55410524569866, 22.971489038425116], [72.55376697536938, 22.970757279626046], [72.55372371279266, 22.970675386765283], [72.55367175315031, 22.970597950530436], [72.55363189218531, 22.970550092310898], [72.55363148816245, 22.970541080217735]], [[72.55207143516134, 22.972536430054678], [72.55234993189238, 22.973064957012216], [72.5510971941096, 22.973500018849883], [72.55056860345559, 22.971886033867843], [72.54996774447345, 22.97003648229723], [72.55066444448954, 22.969826484449996], [72.55213752392613, 22.9694231772473], [72.55266028239912, 22.970622562018985], [72.55255910858351, 22.970641059397565], [72.55240144086378, 22.970688861479264], [72.5521785150621, 22.970774929163092], [72.5518591650548, 22.97084275568163], [72.55194004353025, 22.97118873372548], [72.55227243077857, 22.97109401391233], [72.55237603561727, 22.971228384456612], [72.55287046486373, 22.971112610459823], [72.55320873125136, 22.971844371138854], [72.55230265633311, 22.972135178510698], [72.55207143516134, 22.972536430054678]]]}}, {"type": "Feature", "properties": {"layer": "buffer_200m", "site": "AHM-02"}, "geometry": {"type": "Polygon", "coordinates": [[[72.55453150242495, 22.97011331408836], [72.55446889720831, 22.969946648917876], [72.55394612537829, 22.968747270007245], [72.55386574441671, 22.968586153132897], [72.55376867331947, 22.968433119931497], [72.55365584959507, 22.968289648305603], [72.5535283628712, 22.968157123813366], [72.55338744437066, 22.968036826288664], [72.55323445502044, 22.967929917482223], [72.55307087230867, 22.967837429843197], [72.55289827601632, 22.967760256549457], [72.5527183329618, 22.96769914288278], [72.5525327809051, 22.9676546790322], [72.55234341176748, 22.96762729439512], [72.55215205432827, 22.967617253430905], [72.551960556566, 22.96762465310728], [72.55177076781413, 22.967649421964005], [72.55158452090383, 22.96769132080288], [72.55011145859207, 22.968094622956286], [72.55006075417812, 22.96810920257377], [72.54936406203018, 22.968319197814083], [72.54918770258399, 22.968381240581273], [72.54901864166023, 22.968458771140554], [72.5488584611057, 22.96855106407021], [72.54870865968576, 22.9686572558214], [72.54857063906178, 22.968776352797395], [72.54844569067653, 22.968907240649305], [72.5483349836704, 22.969048694701844], [72.5482395539416, 22.969199391411298], [72.5481602944525, 22.969357920748703], [72.54809794687299, 22.96952279939232], [72.54805309463899, 22.969692484606053], [72.54802615749134, 22.96986538867395], [72.54801738754588, 22.9700398937558], [72.54802686693206, 22.970214367024806], [72.5480545070217, 22.970387175945632], [72.54810004925584, 22.970556703550123], [72.54870088512536, 22.972406262076355], [72.54870214376939, 22.972410120898786], [72.5492307142994, 22.974024111996], [72.54929369976705, 22.97418766892319], [72.54937335839129, 22.97434486873763], [72.54946895378987, 22.974494258137906], [72.5495796022376, 22.974634456024727], [72.54970428083509, 22.974764166269985], [72.5498418369644, 22.97488218970018], [72.54999099894445, 22.974987435183706], [72.55015038778765, 22.975078929719274], [72.55031852994897, 22.975155827432182], [72.55049387094967, 22.97521741739531], [72.55067478974965, 22.975263130202357], [72.55085961373557, 22.975292543232683], [72.5510466341859, 22.975305384558904], [72.55123412207004, 22.975301535461195], [72.55142034403545, 22.97528103152498], [72.55160357843455, 22.975244062311944], [72.55178213124347, 22.97519096960728], [72.55303488241836, 22.97475590245051], [72.55321026622633, 22.974685738839728], [72.55337739472698, 22.97460002346757], [72.55353466426334, 22.974499578811532], [72.5536805657892, 22.974385368681315], [72.55381369934945, 22.974258488969685], [72.55393278751346, 22.974120157136078], [72.55403668763198, 22.973971700523585], [72.5541244028004, 22.973814543621724], [72.55419509142305, 22.97365019439718], [72.5542480752868, 22.973480229823576], [72.55427305945425, 22.97335524064526], [72.55434730063877, 22.97331068425231], [72.55449467433705, 22.973202207977078], [72.55463006625268, 22.973081080348397], [72.55475221490602, 22.972948429971627], [72.55485998222117, 22.972805492811847], [72.55495236412958, 22.97265360067687], [72.55502849992398, 22.972494168807405], [72.55508768027673, 22.972328682689934], [72.55512935384682, 22.97215868421521], [72.55515313241493, 22.97198575731143], [72.55515879449811, 22.971811513185894], [72.5551462874109, 22.971637575312702], [72.55511572775372, 22.971465564306456], [72.55506740032378, 22.97129708282274], [72.55500175545917, 22.971133700626194], [72.55466348118838, 22.970401943707138], [72.55457695523316, 22.970238158454894], [72.55455587041087, 22.970206735745144], [72.55453150242495, 22.97011331408836]], [[72.55207143516134, 22.972536430054678], [72.55234993189238, 22.973064957012216], [72.5510971941096, 22.973500018849883], [72.55056860345559, 22.971886033867843], [72.54996774447345, 22.97003648229723], [72.55066444448954, 22.969826484449996], [72.55213752392613, 22.9694231772473], [72.55266028239912, 22.970622562018985], [72.55255910858351, 22.970641059397565], [72.55240144086378, 22.970688861479264], [72.5521785150621, 22.970774929163092], [72.5518591650548, 22.97084275568163], [72.55194004353025, 22.97118873372548], [72.55227243077857, 22.97109401391233], [72.55237603561727, 22.971228384456612], [72.55287046486373, 22.971112610459823], [72.55320873125136, 22.971844371138854], [72.55230265633311, 22.972135178510698], [72.55207143516134, 22.972536430054678]]]}}, {"type": "Feature", "properties": {"layer": "river", "name": "", "osm": "way/29350057", "distance_m": 1770.4}, "geometry": {"type": "Polygon", "coordinates": [[[72.5612366, 22.9916813], [72.5583204, 22.988760199999998], [72.5576763, 22.988372300000005], [72.557602, 22.988315400000005], [72.5545426, 22.991707700000003], [72.5543046, 22.9919721], [72.5541915, 22.992111], [72.5540321, 22.992271799999997], [72.5537781, 22.9925494], [72.5539884, 22.992688599999994], [72.5552711, 22.9937746], [72.5554744, 22.993739999999995], [72.5557193, 22.9937063], [72.555936, 22.993675100000004], [72.5561319, 22.993661599999992], [72.5563233, 22.993648300000004], [72.5563143, 22.9937129], [72.5568607, 22.9937103], [72.5574325, 22.993749500000007], [72.558065, 22.993851100000004], [72.5584875, 22.99395120000001], [72.5595923, 22.994358000000005], [72.55990685507696, 22.99455098039594], [72.56091303882235, 22.994201536303205], [72.5629982854708, 22.993367298856967], [72.5612366, 22.9916813]]]}}, {"type": "Feature", "properties": {"layer": "river", "name": "", "osm": "way/142616342", "distance_m": 1117.9}, "geometry": {"type": "MultiPolygon", "coordinates": [[[[72.5268717, 22.97638040000001], [72.52767630000001, 22.976578000000003], [72.52812700000001, 22.9765977], [72.5285454, 22.976617500000003], [72.5293822, 22.976815], [72.5299294, 22.977002700000003], [72.5313134, 22.977467000000004], [72.5325043, 22.977842300000002], [72.5333626, 22.977881800000002], [72.5338347, 22.977852200000008], [72.5343604, 22.977931200000004], [72.5349505, 22.97806950000001], [72.53534750000001, 22.978276899999994], [72.5360234, 22.97847450000001], [72.53667780000002, 22.978671999999996], [72.5377829, 22.978800399999997], [72.5381799, 22.979077000000004], [72.538727, 22.979412800000002], [72.5397677, 22.979640000000003], [72.54051879999999, 22.980064800000008], [72.5412912, 22.980538900000003], [72.5419672, 22.9809735], [72.5425572, 22.981506800000005], [72.5428737, 22.981716700000003], [72.5434853, 22.982003199999998], [72.544011, 22.9820427], [72.5444831, 22.982339000000007], [72.5447942, 22.9825365], [72.5448371, 22.982990900000004], [72.5447406, 22.983336600000005], [72.5447191, 22.983800799999997], [72.5447298, 22.984107000000012], [72.54481570000002, 22.984433], [72.5449337, 22.9847984], [72.5451268, 22.9852824], [72.5453736, 22.985746600000006], [72.5459529, 22.986260200000004], [72.5461675, 22.986576300000003], [72.5464572, 22.986892300000004], [72.54726180000002, 22.987563999999995], [72.54726180000002, 22.987791100000003], [72.5475944, 22.9879294], [72.5476266, 22.9881664], [72.5481201, 22.988521999999996], [72.5487424, 22.988887500000004], [72.54959, 22.9895097], [72.5508617, 22.990237699999994], [72.55299889999999, 22.991636300000007], [72.5537781, 22.9925494], [72.5540321, 22.992271799999997], [72.5541915, 22.992111], [72.5543046, 22.9919721], [72.5545426, 22.991707700000003], [72.557602, 22.988315400000005], [72.5573254, 22.988103600000002], [72.5562089, 22.987195700000004], [72.554721, 22.987268900000007], [72.5543938, 22.986868899999997], [72.55315460000001, 22.98629600000001], [72.5523231, 22.985896000000007], [72.55209250000001, 22.9858565], [72.5517008, 22.9856837], [72.5514112, 22.985471300000007], [72.5506011, 22.985017], [72.5502793, 22.9848343], [72.5501559, 22.984641600000007], [72.5500754, 22.984384800000004], [72.5496087, 22.9840243], [72.5490616, 22.9837873], [72.5482095, 22.983316000000002], [72.5465873, 22.982699699999998], [72.5446132, 22.981775200000012], [72.5424526, 22.9803895], [72.5418732, 22.9797475], [72.54022099999999, 22.978670800000003], [72.53942709999998, 22.978275700000005], [72.5387619, 22.978206600000004], [72.53620840000002, 22.977199100000004], [72.53553249999999, 22.976912599999995], [72.5342021, 22.9762113], [72.5314126, 22.975045700000003], [72.530608, 22.974690100000004], [72.5295458, 22.974532100000012], [72.52867680000001, 22.974472800000004], [72.5274859, 22.973899900000003], [72.5259731, 22.9733171], [72.52587095186922, 22.97328812345606], [72.52605156696563, 22.974418492216973], [72.52653004859386, 22.976200669322747], [72.5268717, 22.97638040000001]]], [[[72.5330776, 22.954234500000002], [72.5346654, 22.955064300000004], [72.5351718, 22.9555702], [72.53550660000002, 22.9560523], [72.53619319999999, 22.956384199999995], [72.5367597, 22.956613399999995], [72.5376008, 22.9566134], [72.5384076, 22.9564158], [72.5400213, 22.955538599999997], [72.5443128, 22.9527803], [72.5462354, 22.951246999999995], [72.5470079, 22.950061400000003], [72.5476001, 22.948496500000008], [72.54791022909997, 22.947204627248176], [72.5475537600021, 22.947251146766405], [72.54522599829247, 22.94777480596671], [72.54375313283776, 22.948178050078635], [72.54311941117717, 22.948360269179986], [72.54242280947844, 22.94857023445353], [72.54021858538266, 22.949345660368913], [72.53810554188259, 22.95031466216811], [72.53610344392173, 22.95146817693749], [72.5342310201302, 22.952795415797222], [72.53274490030999, 22.954077658912563], [72.5330776, 22.954234500000002]]]]}}, {"type": "Feature", "properties": {"layer": "river", "name": "Sabarmati River", "osm": "way/164775725", "distance_m": 1173.8}, "geometry": {"type": "LineString", "coordinates": [[72.56171464896937, 22.993880843359868], [72.5588538, 22.9933848], [72.5557971, 22.9928548], [72.5543046, 22.9919721], [72.5528617, 22.990819700000003], [72.5491854, 22.988360600000004], [72.5455898, 22.985807600000005], [72.5450161, 22.982479800000007], [72.5420516, 22.980736700000005], [72.5381309, 22.978482900000007], [72.534172, 22.9776729], [72.5296584, 22.976475600000004], [72.52627321852765, 22.975244072974387]]}}, {"type": "Feature", "properties": {"layer": "pond", "name": "", "osm": "way/177104260", "distance_m": 2490.8}, "geometry": {"type": "Polygon", "coordinates": [[[72.5768212, 22.9771215], [72.57686118375719, 22.977224667211694], [72.57691073484256, 22.977022402464343], [72.5768212, 22.9771215]]]}}, {"type": "Feature", "properties": {"layer": "pond", "name": "", "osm": "way/663649570", "distance_m": 947.0}, "geometry": {"type": "Polygon", "coordinates": [[[72.5482192, 22.961579100000005], [72.5476105, 22.958917000000007], [72.5449092, 22.959440700000002], [72.5455179, 22.9621028], [72.5482192, 22.961579100000005]]]}}, {"type": "Feature", "properties": {"layer": "pond", "name": "", "osm": "way/697465540", "distance_m": 2448.3}, "geometry": {"type": "Polygon", "coordinates": [[[72.5648028, 22.99192790000001], [72.56481350713976, 22.992448396617696], [72.56519488590922, 22.992252787588317], [72.56574126361325, 22.991903812628454], [72.5648028, 22.99192790000001]]]}}, {"type": "Feature", "properties": {"layer": "highway", "name": "SH142", "osm": "way/29351360", "distance_m": 951.6}, "geometry": {"type": "LineString", "coordinates": [[72.5615413, 22.975627800000005], [72.5615431, 22.9757756], [72.5624593, 22.9776227], [72.5632973, 22.979415900000003], [72.5639349, 22.9807354], [72.5646969, 22.982373500000005], [72.5648047, 22.9825915], [72.5649341, 22.9828551], [72.5652835, 22.983550100000002], [72.5657936, 22.9845653], [72.5661213, 22.9852386], [72.56638, 22.985672300000008], [72.5667971, 22.986336900000005], [72.5676944, 22.987757500000004], [72.5677812, 22.987896100000004], [72.56784320000001, 22.987994999999998], [72.5679681, 22.9881701], [72.5681957, 22.9885316], [72.5684033, 22.988875500000002], [72.5686225, 22.989225600000005], [72.5687756, 22.989470200000003], [72.5688668, 22.989615800000003], [72.5688852486494, 22.989647152370356]]}}, {"type": "Feature", "properties": {"layer": "highway", "name": "Narol-Sarkhej Road", "osm": "way/29361198", "distance_m": 1637.9}, "geometry": {"type": "LineString", "coordinates": [[72.53646819902517, 22.99152778310104], [72.5365876, 22.991360199999992], [72.5393755, 22.9874332], [72.5396959, 22.986983300000006], [72.5399269, 22.986658900000002], [72.5410942, 22.985031199999998]]}}, {"type": "Feature", "properties": {"layer": "highway", "name": "Vishala Bridge", "osm": "way/29361224", "distance_m": 1088.2}, "geometry": {"type": "LineString", "coordinates": [[72.5438579, 22.98068520000001], [72.54086240000001, 22.984873199999996]]}}, {"type": "Feature", "properties": {"layer": "highway", "name": "Vishala Bridge", "osm": "way/29361229", "distance_m": 1088.5}, "geometry": {"type": "LineString", "coordinates": [[72.5410942, 22.985031199999998], [72.54405520000002, 22.980854599999994]]}}, {"type": "Feature", "properties": {"layer": "highway", "name": "Narol-Sarkhej Road", "osm": "way/29361231", "distance_m": 1639.4}, "geometry": {"type": "LineString", "coordinates": [[72.54086240000001, 22.984873199999996], [72.5395063, 22.98687110000001], [72.5391094, 22.9874686], [72.5377725, 22.989448100000004], [72.5364498, 22.991287399999997], [72.53634203258744, 22.991438756803532]]}}, {"type": "Feature", "properties": {"layer": "highway", "name": "Narol Sarkhej Road", "osm": "way/29372909", "distance_m": 296.1}, "geometry": {"type": "LineString", "coordinates": [[72.54405520000002, 22.980854599999994], [72.5448904, 22.9796925], [72.5452126, 22.979284000000007], [72.5453111, 22.979165500000004], [72.5454227, 22.979036600000008], [72.5455635, 22.97888040000001], [72.54576150000001, 22.978679399999994], [72.5464016, 22.978103700000002], [72.5469669, 22.97768700000001], [72.5470969, 22.9775962], [72.5475472, 22.977334700000004], [72.5476714, 22.977269200000002], [72.5482476, 22.9770047], [72.5483629, 22.9769549], [72.5495746, 22.976511500000004], [72.5499385, 22.976388099999998], [72.55005749999998, 22.9763546], [72.55016459999999, 22.976328799999997], [72.55028599999999, 22.976302000000008], [72.5509143, 22.976210899999998], [72.5586322, 22.9753896], [72.5613367, 22.975101799999994], [72.5661194, 22.9745928], [72.56836160000002, 22.974354500000004], [72.5684819, 22.9743417], [72.570083, 22.9741715], [72.57215849999999, 22.9739509], [72.57752142952015, 22.973381310921994]]}}, {"type": "Feature", "properties": {"layer": "highway", "name": "Narol Sarkhej Road", "osm": "way/37577230", "distance_m": 281.6}, "geometry": {"type": "LineString", "coordinates": [[72.5775251626158, 22.97326584518734], [72.5721839, 22.97382350000001], [72.5707265, 22.973981], [72.5684668, 22.974225300000004], [72.5678718, 22.974289600000002], [72.5612923, 22.9750007], [72.553013, 22.975860100000002], [72.5508922, 22.9760803], [72.55061819999999, 22.976118200000005], [72.55037749999998, 22.976155100000007], [72.55026, 22.976177700000004], [72.55020279999998, 22.9761884], [72.5500817, 22.9762172], [72.54942439999999, 22.976395999999998], [72.549072, 22.9764884], [72.5487744, 22.97656750000001], [72.548615, 22.9766163], [72.5484835, 22.976665699999998], [72.5483329, 22.976723300000007], [72.5481835, 22.976783400000006], [72.5479882, 22.976867100000007], [72.5475518, 22.977060200000004], [72.5474227, 22.977122299999998], [72.54726180000002, 22.9772015], [72.54695760000001, 22.977377699999995], [72.5468087, 22.9774674], [72.5466958, 22.977542200000002], [72.54661640000002, 22.977598200000003], [72.54639749999998, 22.97776060000001], [72.5462728, 22.9778563], [72.5461822, 22.9779343], [72.5461136, 22.9779933], [72.5455249, 22.9785271], [72.5452148, 22.978856000000004], [72.5450436, 22.979062700000007], [72.5448632, 22.979289600000005], [72.5446663, 22.979565300000008], [72.5438579, 22.98068520000001]]}}, {"type": "Feature", "properties": {"layer": "highway", "name": "SH142", "osm": "way/62326575", "distance_m": 626.8}, "geometry": {"type": "LineString", "coordinates": [[72.5545984, 22.9585872], [72.554652, 22.958920399999997], [72.5550159, 22.960414800000006], [72.555179, 22.9609997], [72.5553678, 22.9615608], [72.5555661, 22.9620593], [72.5556928, 22.962377800000006], [72.555801, 22.962629399999997], [72.5566361, 22.9645723], [72.55739340000001, 22.966334100000005], [72.55814750000002, 22.968058499999998], [72.5581885, 22.9681523], [72.55895749999999, 22.969910499999997], [72.5590228, 22.970059899999995], [72.55907409999999, 22.970177200000006], [72.55921229999998, 22.970493300000005], [72.5593599, 22.970830700000008], [72.5596178, 22.971388499999993], [72.5598073, 22.971798400000004], [72.5599694, 22.972148999999998], [72.5612923, 22.9750007]]}}, {"type": "Feature", "properties": {"layer": "highway", "name": "", "osm": "way/1258167327", "distance_m": 1586.7}, "geometry": {"type": "LineString", "coordinates": [[72.5684819, 22.9743417], [72.5684668, 22.974225300000004]]}}, {"type": "Feature", "properties": {"layer": "highway", "name": "", "osm": "way/1258167328", "distance_m": 308.7}, "geometry": {"type": "LineString", "coordinates": [[72.55028599999999, 22.976302000000008], [72.55026, 22.976177700000004]]}}, {"type": "Feature", "properties": {"layer": "highway", "name": "SH142", "osm": "way/1289050484", "distance_m": 1827.7}, "geometry": {"type": "LineString", "coordinates": [[72.55185065781967, 22.94686720491249], [72.5518655, 22.946908200000006], [72.5519179, 22.947081100000002], [72.5520324, 22.947437400000005], [72.552135, 22.947808100000003], [72.5521852, 22.948024200000003], [72.5522277, 22.9482069], [72.5522662, 22.9483725], [72.552444, 22.949168800000006], [72.5526414, 22.950017800000005], [72.5527336, 22.950408800000005], [72.5527616, 22.9505482], [72.5527739, 22.950609600000003], [72.5528453, 22.9509723], [72.5528699, 22.951097499999996], [72.55301419999999, 22.951743500000003], [72.5531247, 22.952238], [72.5531386, 22.952294], [72.5531442, 22.952316400000004], [72.5532675, 22.95281240000001], [72.5532811, 22.952867299999994], [72.5533341, 22.952956300000007]]}}, {"type": "Feature", "properties": {"layer": "highway", "name": "", "osm": "way/1289050485", "distance_m": 2369.8}, "geometry": {"type": "LineString", "coordinates": [[72.5521852, 22.948024200000003], [72.5522313, 22.948013700000004]]}}, {"type": "Feature", "properties": {"layer": "highway", "name": "", "osm": "way/1289050486", "distance_m": 1960.0}, "geometry": {"type": "LineString", "coordinates": [[72.55301419999999, 22.951743500000003], [72.55307140000001, 22.951732000000003]]}}, {"type": "Feature", "properties": {"layer": "highway", "name": "SH142", "osm": "way/1289050487", "distance_m": 1827.7}, "geometry": {"type": "LineString", "coordinates": [[72.5533341, 22.952956300000007], [72.5533302, 22.95285240000001], [72.5531999, 22.952279999999995], [72.55307140000001, 22.951732000000003], [72.5528936, 22.95095600000001], [72.5528089, 22.950536600000003], [72.5523712, 22.948644], [72.5522725, 22.948190199999996], [72.5522313, 22.948013700000004], [72.5521668, 22.947738199999996], [72.552045, 22.9472971], [72.5520221, 22.947215600000003], [72.5518981877009, 22.946865368076953]]}}, {"type": "Feature", "properties": {"layer": "highway", "name": "SH142", "osm": "way/1289050867", "distance_m": 1226.3}, "geometry": {"type": "LineString", "coordinates": [[72.55358450000001, 22.954095999999993], [72.55357800000002, 22.9541931], [72.5537306, 22.954826800000003], [72.5537678, 22.954983699999993], [72.5539192, 22.95562290000001], [72.5540227, 22.956089299999995], [72.5540561, 22.95624000000001], [72.5542034, 22.95691410000001], [72.554551, 22.958496800000002], [72.5545984, 22.9585872]]}}, {"type": "Feature", "properties": {"layer": "highway", "name": "SH142", "osm": "way/1289050868", "distance_m": 1226.3}, "geometry": {"type": "LineString", "coordinates": [[72.5545984, 22.9585872], [72.5545953, 22.958475000000007], [72.5543884, 22.9574931], [72.5540969, 22.9561775], [72.5540735, 22.9560766], [72.5539984, 22.955751300000003], [72.5538134, 22.9549769], [72.5536226, 22.954178200000005], [72.55358450000001, 22.954095999999993]]}}, {"type": "Feature", "properties": {"layer": "highway", "name": "SH142", "osm": "way/1289050869", "distance_m": 1703.9}, "geometry": {"type": "LineString", "coordinates": [[72.5533341, 22.952956300000007], [72.5533631, 22.953028200000002], [72.55337650000001, 22.953088500000003], [72.55356690000002, 22.953963400000003], [72.55358450000001, 22.954095999999993]]}}, {"type": "Feature", "properties": {"layer": "highway", "name": "", "osm": "way/1289050870", "distance_m": 1607.8}, "geometry": {"type": "LineString", "coordinates": [[72.5537678, 22.954983699999993], [72.5538134, 22.9549769]]}}, {"type": "Feature", "properties": {"layer": "highway", "name": "", "osm": "way/1289050871", "distance_m": 1489.2}, "geometry": {"type": "LineString", "coordinates": [[72.5540227, 22.956089299999995], [72.5540735, 22.9560766]]}}, {"type": "Feature", "properties": {"layer": "highway", "name": "SH142", "osm": "way/1304977323", "distance_m": 899.6}, "geometry": {"type": "LineString", "coordinates": [[72.5612923, 22.9750007], [72.5613367, 22.975101799999994], [72.5615413, 22.975627800000005]]}}, {"type": "Feature", "properties": {"layer": "highway", "name": "SH142", "osm": "way/1304977324", "distance_m": 951.6}, "geometry": {"type": "LineString", "coordinates": [[72.56895257878075, 22.989594441909915], [72.5687359, 22.989231500000002], [72.5682691, 22.98847120000001], [72.5681841, 22.988332700000008], [72.5678696, 22.9878388], [72.5677853, 22.987706399999997], [72.567481, 22.987228399999996], [72.5672019, 22.9867901], [72.5670254, 22.986512900000005], [72.5668839, 22.9862848], [72.5665551, 22.98575480000001], [72.5664915, 22.985648500000007], [72.5663331, 22.9853841], [72.5662273, 22.9851879], [72.5660792, 22.984913300000006], [72.56515800000001, 22.983055500000003], [72.5648177, 22.9823332], [72.564494, 22.9816459], [72.5638301, 22.9802513], [72.5634218, 22.979362900000005], [72.5632123, 22.97890699999999], [72.5625801, 22.977590300000006], [72.5616603, 22.975750300000005], [72.5615413, 22.975627800000005]]}}, {"type": "Feature", "properties": {"layer": "highway", "name": "", "osm": "way/1304977325", "distance_m": 2280.6}, "geometry": {"type": "LineString", "coordinates": [[72.5677812, 22.987896100000004], [72.5678696, 22.9878388]]}}, {"type": "Feature", "properties": {"layer": "residential", "name": "", "osm": "way/730859586", "distance_m": 1937.5}, "geometry": {"type": "Polygon", "coordinates": [[[72.57397804039863, 22.98364830167069], [72.57500563450677, 22.981958355888786], [72.57595709015814, 22.979965336676614], [72.57669655631167, 22.97789666273276], [72.57719356184482, 22.975867906623005], [72.5764239, 22.975917500000005], [72.5760537, 22.9760385], [72.5755763, 22.97602860000001], [72.5756326, 22.975507600000004], [72.574431, 22.975310000000004], [72.5743827, 22.975505100000007], [72.5738436, 22.975352], [72.5739965, 22.9747643], [72.5727975, 22.974416100000003], [72.57262049999999, 22.9752458], [72.5720707, 22.975159400000003], [72.5718641, 22.975169300000008], [72.5718909, 22.976307700000003], [72.5723496, 22.9763003], [72.57233620000001, 22.976969500000003], [72.57231739999999, 22.9771102], [72.5715637, 22.9783351], [72.5713357, 22.978236300000003], [72.5711614, 22.978870900000004], [72.5709468, 22.979233900000004], [72.5703433, 22.9792191], [72.5703272, 22.9796488], [72.5700161, 22.980132800000003], [72.5708824, 22.980382200000005], [72.57078049999998, 22.980834], [72.5718802, 22.981063700000004], [72.57141309999999, 22.9819702], [72.5712228, 22.9826307], [72.57246719999999, 22.98312930000001], [72.5736719, 22.983335500000003], [72.5736331, 22.9835521], [72.57397804039863, 22.98364830167069]]]}}, {"type": "Feature", "properties": {"layer": "residential", "name": "", "osm": "way/1303108207", "distance_m": 2378.1}, "geometry": {"type": "Polygon", "coordinates": [[[72.5379354, 22.991181600000008], [72.5373704, 22.9911718], [72.53723764471033, 22.992070719132407], [72.53726801376895, 22.992092147971984], [72.53791287133966, 22.99246234033146], [72.5379354, 22.991181600000008]]]}}, {"type": "Feature", "properties": {"layer": "residential", "name": "", "osm": "way/1303108208", "distance_m": 2422.9}, "geometry": {"type": "Polygon", "coordinates": [[[72.5400744, 22.992852100000004], [72.5391719, 22.992848300000002], [72.53911666509381, 22.99315338783466], [72.53926053341743, 22.99323597551922], [72.53997334299257, 22.993561984843513], [72.5400744, 22.992852100000004]]]}}, {"type": "Feature", "properties": {"layer": "residential", "name": "", "osm": "way/1303693728", "distance_m": 2437.6}, "geometry": {"type": "MultiPolygon", "coordinates": [[[[72.53372410000001, 22.988524700000003], [72.53258458760176, 22.98815713493843], [72.5335348925361, 22.989145912979556], [72.53372410000001, 22.988524700000003]]], [[[72.5343919, 22.989792999999995], [72.53407131177424, 22.989633389835962], [72.53435640853769, 22.989878028099845], [72.5343919, 22.989792999999995]]]]}}, {"type": "Feature", "properties": {"layer": "residential", "name": "", "osm": "way/1303693729", "distance_m": 2252.8}, "geometry": {"type": "Polygon", "coordinates": [[[72.5402551, 22.9927178], [72.5403185, 22.991226700000002], [72.5383231, 22.9911549], [72.5382955, 22.991805400000004], [72.5391472, 22.991836], [72.5391114, 22.9926765], [72.5402551, 22.9927178]]]}}, {"type": "Feature", "properties": {"layer": "residential", "name": "", "osm": "way/1303693730", "distance_m": 2287.5}, "geometry": {"type": "Polygon", "coordinates": [[[72.5435938, 22.9945067], [72.5436646, 22.992975500000007], [72.5418242, 22.9929625], [72.54176001346661, 22.994336951743215], [72.54245977314716, 22.994582754501643], [72.5435938, 22.9945067]]]}}, {"type": "Feature", "properties": {"layer": "residential", "name": "", "osm": "way/1303693731", "distance_m": 2160.7}, "geometry": {"type": "Polygon", "coordinates": [[[72.5421691, 22.992128099999995], [72.5422985, 22.991228400000004], [72.5409854, 22.991056800000003], [72.5408589, 22.991997000000005], [72.5421691, 22.992128099999995]]]}}, {"type": "Feature", "properties": {"layer": "residential", "name": "", "osm": "way/1304610115", "distance_m": 2483.2}, "geometry": {"type": "Polygon", "coordinates": [[[72.55696, 22.9952558], [72.55690519483167, 22.99540588904007], [72.55720682473203, 22.995345030566824], [72.55696, 22.9952558]]]}}, {"type": "Feature", "properties": {"layer": "residential", "name": "", "osm": "way/1304610118", "distance_m": 2108.6}, "geometry": {"type": "Polygon", "coordinates": [[[72.5550794, 22.9956367], [72.5550686, 22.995044099999994], [72.55337350000002, 22.9946145], [72.5520646, 22.994367599999997], [72.5517856, 22.994160200000003], [72.5521021, 22.992886100000003], [72.5510721, 22.9925405], [72.5508361, 22.993720700000004], [72.5492563, 22.993676599999993], [72.5491034, 22.995592299999995], [72.5498651, 22.995705800000007], [72.54975471216218, 22.996018286251335], [72.5504650983852, 22.996067059505098], [72.5528090545151, 22.996018938573993], [72.55473290544464, 22.995807115938867], [72.5550794, 22.9956367]]]}}, {"type": "Feature", "properties": {"layer": "residential", "name": "", "osm": "way/1304610120", "distance_m": 2313.4}, "geometry": {"type": "MultiPolygon", "coordinates": [[[[72.5462147, 22.995343100000003], [72.5463048271434, 22.99561654113441], [72.5477731296074, 22.995850207690676], [72.5485809, 22.994259699999994], [72.5470096, 22.994225600000004], [72.5466768, 22.994038500000002], [72.5436143, 22.994503599999998], [72.54377195289028, 22.99502224005992], [72.54572711087566, 22.995516253679476], [72.5462147, 22.995343100000003]]], [[[72.5432384, 22.9947418], [72.54300976388659, 22.994775945517212], [72.54327326446275, 22.994868502464914], [72.5432384, 22.9947418]]]]}}, {"type": "Feature", "properties": {"layer": "residential", "name": "", "osm": "way/1304610121", "distance_m": 2024.2}, "geometry": {"type": "Polygon", "coordinates": [[[72.5451759, 22.991761700000005], [72.5452319, 22.992024000000004], [72.5459651, 22.99209280000001], [72.5460725, 22.9915855], [72.5470673, 22.991753099999993], [72.5486084, 22.991744500000003], [72.5465022, 22.9912759], [72.5445221, 22.990884700000006], [72.544438, 22.991641400000006], [72.5451759, 22.991761700000005]]]}}, {"type": "Feature", "properties": {"layer": "stream_canal", "name": "", "osm": "way/478207067", "distance_m": 1933.6}, "geometry": {"type": "LineString", "coordinates": [[72.5349022, 22.9828255], [72.5349183, 22.9826477], [72.5349076, 22.982484700000008], [72.53482709999999, 22.98232670000001], [72.5346876, 22.982193300000002], [72.5344892, 22.982104400000008], [72.53437110000002, 22.9820698], [72.5341673, 22.982089600000005], [72.5340117, 22.982124200000005], [72.53382399999998, 22.98219330000001], [72.5336201, 22.9822476], [72.5333787, 22.982267400000005], [72.5323702, 22.9819661], [72.5310613, 22.981536500000004], [72.53025130000002, 22.981240199999995], [72.5284435, 22.9805092], [72.52780748015714, 22.980159536287758]]}}, {"type": "Feature", "properties": {"layer": "stream_canal", "name": "", "osm": "way/973458072", "distance_m": 1879.3}, "geometry": {"type": "LineString", "coordinates": [[72.549828, 22.9916583], [72.5403218, 22.9875803], [72.5395557, 22.987245600000005]]}}, {"type": "Feature", "properties": {"layer": "stream_canal", "name": "", "osm": "way/973458074", "distance_m": 1934.9}, "geometry": {"type": "LineString", "coordinates": [[72.539292, 22.987130300000004], [72.5350325, 22.9852691], [72.52930425461834, 22.98357871944268]]}}, {"type": "Feature", "properties": {"layer": "stream_canal", "name": "", "osm": "way/973458075", "distance_m": 1933.0}, "geometry": {"type": "LineString", "coordinates": [[72.5393629, 22.9871613], [72.539292, 22.987130300000004]]}}, {"type": "Feature", "properties": {"layer": "stream_canal", "name": "", "osm": "way/973458076", "distance_m": 1929.9}, "geometry": {"type": "LineString", "coordinates": [[72.53948470000002, 22.9872145], [72.5393629, 22.9871613]]}}, {"type": "Feature", "properties": {"layer": "stream_canal", "name": "", "osm": "way/973458077", "distance_m": 1928.1}, "geometry": {"type": "LineString", "coordinates": [[72.5395557, 22.987245600000005], [72.53948470000002, 22.9872145]]}}, {"type": "Feature", "properties": {"layer": "stream_canal", "name": "", "osm": "way/973458078", "distance_m": 2019.5}, "geometry": {"type": "LineString", "coordinates": [[72.5539052, 22.992759000000003], [72.5536036, 22.993014399999996], [72.5534432, 22.993140800000006], [72.5532173, 22.993211900000002], [72.55297059999998, 22.993221800000008], [72.5527243, 22.993150700000008], [72.5525307, 22.9929749], [72.5524776, 22.99275559999999], [72.5522303, 22.9926588], [72.5506639, 22.992016900000007], [72.5499345, 22.991704000000002]]}}, {"type": "Feature", "properties": {"layer": "stream_canal", "name": "", "osm": "way/973458079", "distance_m": 2015.1}, "geometry": {"type": "LineString", "coordinates": [[72.5499345, 22.991704000000002], [72.549828, 22.9916583]]}}, {"type": "Feature", "properties": {"layer": "stream_canal", "name": "", "osm": "way/973458080", "distance_m": 2145.6}, "geometry": {"type": "LineString", "coordinates": [[72.5539884, 22.992688599999994], [72.5539052, 22.992759000000003]]}}, {"type": "Feature", "properties": {"layer": "nonresidential_zone"}, "geometry": {"type": "MultiPolygon", "coordinates": [[[[72.5490256, 22.9538761], [72.5522778, 22.953357800000003], [72.5542792, 22.9584256], [72.5550297, 22.9584256], [72.5554362, 22.96101710000001], [72.5601113, 22.972246200000004], [72.5618312, 22.9719007], [72.5618468, 22.9705763], [72.5630508, 22.970677], [72.5628162, 22.969295], [72.5665844, 22.9703315], [72.56811669999999, 22.967322800000005], [72.5686657, 22.963546999999995], [72.56537100000001, 22.9626919], [72.56597, 22.959800899999998], [72.5621549, 22.959354600000008], [72.5612011, 22.958389999999998], [72.5617484, 22.9569359], [72.5640312, 22.9575549], [72.5644533, 22.9559568], [72.5627022, 22.955352099999995], [72.5626552, 22.953725200000004], [72.5644738852265, 22.94998031983974], [72.56380281435936, 22.94960091715658], [72.56302237732285, 22.94925197426111], [72.5614826, 22.949377100000007], [72.5599972, 22.949117900000008], [72.55721083393753, 22.947348802689444], [72.5570774973571, 22.947316850428958], [72.55471073112189, 22.946974593166942], [72.55231912617005, 22.946849099902607], [72.549925768249, 22.94694158200904], [72.5496867059923, 22.946972783087737], [72.5511208, 22.950075], [72.5473057, 22.9516012], [72.5471806, 22.953127399999993], [72.5490256, 22.9538761]]], [[[72.554606, 22.965210800000005], [72.55512180000001, 22.9651197], [72.55508880000001, 22.964832600000005], [72.5543692, 22.964702900000002], [72.55146969999998, 22.965972799999996], [72.5525521, 22.968095800000004], [72.5553976, 22.96685620000001], [72.55533760000002, 22.9666243], [72.554606, 22.965210800000005]]], [[[72.5541772, 22.9734822], [72.5564914, 22.9726194], [72.5545788, 22.968498899999997], [72.5523029, 22.9693441], [72.5541772, 22.9734822]]], [[[72.55090669999998, 22.973447000000014], [72.5497783, 22.9701189], [72.5467565, 22.97103460000001], [72.54782749999998, 22.974239299999997], [72.55090669999998, 22.973447000000014]]], [[[72.5584882, 22.973027100000003], [72.5586687, 22.973421699999996], [72.55901880000002, 22.973272100000003], [72.55919930000002, 22.9736443], [72.559488, 22.973528000000005], [72.5595241, 22.973604400000006], [72.56033290000002, 22.9734206], [72.5599105, 22.9724644], [72.5595794, 22.971714900000002], [72.5587589, 22.971902899999996], [72.55889240000002, 22.9721821], [72.5582247, 22.972451300000003], [72.5584882, 22.973027100000003]]], [[[72.57754813351404, 22.97092796887378], [72.577427759372, 22.9692577211597], [72.57704542353017, 22.967107636003057], [72.57644101896432, 22.965001698604553], [72.57562018648491, 22.962959528003548], [72.57531207545149, 22.962293238604197], [72.5752666749328, 22.962172161503588], [72.57474374956834, 22.960972850020394], [72.57408258410132, 22.959648002633884], [72.5718128, 22.95976110000001], [72.5715939, 22.961258400000006], [72.56902, 22.961172599999998], [72.5694578, 22.96563550000001], [72.5719908, 22.965923399999998], [72.5708338, 22.969868], [72.5747427, 22.970760500000008], [72.57754813351404, 22.97092796887378]]], [[[72.5703272, 22.9796488], [72.5703433, 22.9792191], [72.5709468, 22.979233900000004], [72.5711614, 22.978870900000004], [72.5713357, 22.978236300000003], [72.5715637, 22.9783351], [72.57231739999999, 22.9771102], [72.57233620000001, 22.976969500000003], [72.5716791, 22.9770016], [72.5714886, 22.9758706], [72.57146979999999, 22.975127300000004], [72.5713894, 22.974633399999995], [72.5720707, 22.975159400000003], [72.57262049999999, 22.9752458], [72.5727975, 22.974416100000003], [72.5722155, 22.974018500000003], [72.5652929, 22.9747796], [72.565188, 22.9752093], [72.5652713, 22.9754236], [72.565538, 22.975681599999998], [72.56490380000001, 22.976344700000006], [72.5654158, 22.97668940000001], [72.56528200000001, 22.977065800000013], [72.5654431, 22.977363300000004], [72.5643405, 22.9777844], [72.5643566, 22.9789781], [72.5643193, 22.977200300000007], [72.5639674, 22.977124000000003], [72.563926, 22.975637199999998], [72.5636672, 22.975589600000003], [72.5635119, 22.975046300000002], [72.5623835, 22.975189300000004], [72.5624353, 22.9756658], [72.5618452, 22.975866], [72.56351130000002, 22.9792815], [72.5649166, 22.98221450000001], [72.5660878, 22.9846476], [72.5689728, 22.9894031], [72.56919675178078, 22.989367187530107], [72.57064887314482, 22.987983121955853], [72.57087905513146, 22.987715708650494], [72.5699527, 22.9843376], [72.5698576, 22.98383889999999], [72.57218899999998, 22.9839919], [72.57246719999999, 22.98312930000001], [72.5712228, 22.9826307], [72.57141309999999, 22.9819702], [72.5718802, 22.981063700000004], [72.57078049999998, 22.980834], [72.5708824, 22.980382200000005], [72.5700161, 22.980132800000003], [72.5703272, 22.9796488]]], [[[72.5736331, 22.9835521], [72.57339203119085, 22.98446607765854], [72.5738510469568, 22.98385714729542], [72.57397804039863, 22.98364830167069], [72.5736331, 22.9835521]]], [[[72.5766706, 22.9735172], [72.5765848, 22.975008800000005], [72.5761127, 22.9750927], [72.5764239, 22.975917500000005], [72.57719356184482, 22.975867906623005], [72.57721715192929, 22.975771611314983], [72.57751403632099, 22.973609984144723], [72.57751948159985, 22.97344156058585], [72.5766706, 22.9735172]]], [[[72.5620687, 22.9844713], [72.5621974, 22.984886200000002], [72.5592363, 22.9838985], [72.5585919, 22.983701700000005], [72.5583887, 22.984362699999995], [72.5582396, 22.9851412], [72.5590898, 22.985502300000004], [72.5590463, 22.9855897], [72.5584013, 22.9869524], [72.559951, 22.988673200000004], [72.561784, 22.9865687], [72.5632419, 22.987254600000004], [72.5649571, 22.990579500000006], [72.5629851, 22.991068700000007], [72.56408014626444, 22.992824532964004], [72.56519488590922, 22.992252787588317], [72.56716088456672, 22.990997074325605], [72.56880368407677, 22.989711006395215], [72.5661999, 22.9855628], [72.5637567, 22.98057780000001], [72.5593982, 22.9820244], [72.5598478, 22.9834441], [72.5612426, 22.983898499999995], [72.5612104, 22.984194800000004], [72.5620687, 22.9844713]]]]}}, {"type": "Feature", "properties": {"layer": "building", "distance_m": 375.4, "source": "Google Open Buildings", "in_industrial_zone": false, "ghsl_2018": 0}, "geometry": {"type": "Polygon", "coordinates": [[[72.5475122, 22.97510820000001], [72.54752529999999, 22.9748867], [72.54773889999998, 22.9748975], [72.54773689999999, 22.974931400000006], [72.5477795, 22.974933500000006], [72.5477667, 22.975150099999997], [72.5475718, 22.9751402], [72.5475735, 22.975111300000002], [72.5475122, 22.97510820000001]]]}}, {"type": "Feature", "properties": {"layer": "building", "distance_m": 394.7, "source": "Microsoft ML Buildings", "in_industrial_zone": false, "ghsl_2018": 1}, "geometry": {"type": "Polygon", "coordinates": [[[72.5473944, 22.974476100000004], [72.5473556, 22.974514400000007], [72.5473141, 22.974478600000005], [72.54735289999999, 22.974440400000006], [72.5473944, 22.974476100000004]]]}}, {"type": "Feature", "properties": {"layer": "building", "distance_m": 372.4, "source": "Google Open Buildings", "in_industrial_zone": false, "ghsl_2018": 1}, "geometry": {"type": "Polygon", "coordinates": [[[72.54759779999999, 22.9745647], [72.5476774, 22.974630999999995], [72.5476015, 22.974709100000002], [72.54752189999998, 22.97464280000001], [72.54759779999999, 22.9745647]]]}}, {"type": "Feature", "properties": {"layer": "building", "distance_m": 353.4, "source": "Microsoft ML Buildings", "in_industrial_zone": false, "ghsl_2018": 1}, "geometry": {"type": "Polygon", "coordinates": [[[72.5476415, 22.974403500000005], [72.54754230000002, 22.974336299999997], [72.54761529999999, 22.974244999999996], [72.5476309, 22.9742556], [72.54766420000001, 22.974213900000002], [72.54774779999998, 22.9742705], [72.5476415, 22.974403500000005]]]}}, {"type": "Feature", "properties": {"layer": "building", "distance_m": 411.7, "source": "Google Open Buildings", "in_industrial_zone": false, "ghsl_2018": 0}, "geometry": {"type": "Polygon", "coordinates": [[[72.5472172, 22.974584], [72.5472695, 22.974623099999995], [72.5472288, 22.9746698], [72.54717649999999, 22.9746307], [72.5472172, 22.974584]]]}}, {"type": "Feature", "properties": {"layer": "building", "distance_m": 422.1, "source": "Microsoft ML Buildings", "in_industrial_zone": false, "ghsl_2018": 0}, "geometry": {"type": "Polygon", "coordinates": [[[72.5471453, 22.9747418], [72.5470946, 22.974697400000004], [72.5471388, 22.974654600000008], [72.5471895, 22.974699], [72.5471453, 22.9747418]]]}}, {"type": "Feature", "properties": {"layer": "building", "distance_m": 459.9, "source": "Google Open Buildings", "in_industrial_zone": false, "ghsl_2018": 0}, "geometry": {"type": "Polygon", "coordinates": [[[72.54663030000002, 22.974389900000002], [72.54672959999999, 22.974474300000008], [72.54669369999999, 22.974510500000004], [72.5465944, 22.974426], [72.54663030000002, 22.974389900000002]]]}}, {"type": "Feature", "properties": {"layer": "building", "distance_m": 465.9, "source": "Google Open Buildings", "in_industrial_zone": false, "ghsl_2018": 0}, "geometry": {"type": "Polygon", "coordinates": [[[72.546537, 22.974291699999995], [72.546638, 22.974381400000002], [72.5465946, 22.9744233], [72.5464937, 22.97433360000001], [72.546537, 22.974291699999995]]]}}, {"type": "Feature", "properties": {"layer": "building", "distance_m": 471.3, "source": "Google Open Buildings", "in_industrial_zone": false, "ghsl_2018": 0}, "geometry": {"type": "Polygon", "coordinates": [[[72.5463345, 22.974237200000005], [72.54643350000002, 22.974140800000004], [72.5465333, 22.9742288], [72.5464343, 22.9743251], [72.5463345, 22.974237200000005]]]}}, {"type": "Feature", "properties": {"layer": "building", "distance_m": 388.0, "source": "Google Open Buildings", "in_industrial_zone": false, "ghsl_2018": 0}, "geometry": {"type": "Polygon", "coordinates": [[[72.5467413, 22.972374], [72.5467806, 22.972388700000003], [72.546768, 22.972417300000004], [72.5467288, 22.97240259999999], [72.5467413, 22.972374]]]}}, {"type": "Feature", "properties": {"layer": "building", "distance_m": 396.3, "source": "Google Open Buildings", "in_industrial_zone": false, "ghsl_2018": 0}, "geometry": {"type": "Polygon", "coordinates": [[[72.54694539999998, 22.973286400000003], [72.547006, 22.973339400000004], [72.54694289999999, 22.9734012], [72.5468823, 22.973348200000007], [72.54694539999998, 22.973286400000003]]]}}, {"type": "Feature", "properties": {"layer": "building", "distance_m": 378.3, "source": "Google Open Buildings", "in_industrial_zone": false, "ghsl_2018": 0}, "geometry": {"type": "Polygon", "coordinates": [[[72.5471446, 22.9732036], [72.54703869999999, 22.973307300000005], [72.5469781, 22.9732543], [72.54708399999998, 22.9731506], [72.5471446, 22.9732036]]]}}, {"type": "Feature", "properties": {"layer": "building", "distance_m": 297.0, "source": "Google Open Buildings", "in_industrial_zone": true, "ghsl_2018": 1}, "geometry": {"type": "Polygon", "coordinates": [[[72.54769249999998, 22.972342499999996], [72.547701, 22.9723764], [72.5476364, 22.972390400000002], [72.54762789999998, 22.972356400000006], [72.54769249999998, 22.972342499999996]]]}}, {"type": "Feature", "properties": {"layer": "building", "distance_m": 266.2, "source": "Microsoft ML Buildings", "in_industrial_zone": true, "ghsl_2018": 1}, "geometry": {"type": "Polygon", "coordinates": [[[72.5476149, 22.971297499999995], [72.5475929, 22.971232200000006], [72.5476405, 22.9712186], [72.5476625, 22.971284000000004], [72.5476149, 22.971297499999995]]]}}, {"type": "Feature", "properties": {"layer": "building", "distance_m": 226.9, "source": "Google Open Buildings", "in_industrial_zone": true, "ghsl_2018": 1}, "geometry": {"type": "Polygon", "coordinates": [[[72.5479164, 22.970835300000005], [72.5479459, 22.970930400000007], [72.5474581, 22.9710604], [72.5474286, 22.9709653], [72.5479164, 22.970835300000005]]]}}, {"type": "Feature", "properties": {"layer": "building", "distance_m": 286.6, "source": "Google Open Buildings", "in_industrial_zone": true, "ghsl_2018": 1}, "geometry": {"type": "Polygon", "coordinates": [[[72.5474476, 22.97127280000001], [72.54748040000001, 22.971365200000005], [72.5473997, 22.971389800000004], [72.5473669, 22.971297400000005], [72.5474476, 22.97127280000001]]]}}, {"type": "Feature", "properties": {"layer": "building", "distance_m": 286.0, "source": "Google Open Buildings", "in_industrial_zone": true, "ghsl_2018": 1}, "geometry": {"type": "Polygon", "coordinates": [[[72.5474574, 22.971431600000003], [72.5474746, 22.9714797], [72.5475148, 22.9714674], [72.5475759, 22.9716388], [72.5475028, 22.971661100000002], [72.5475134, 22.971691000000003], [72.5473903, 22.9717287], [72.54737960000001, 22.9716988], [72.5473132, 22.9717191], [72.54723490000002, 22.9714996], [72.5474574, 22.971431600000003]]]}}, {"type": "Feature", "properties": {"layer": "building", "distance_m": 473.6, "source": "Microsoft ML Buildings", "in_industrial_zone": false, "ghsl_2018": 0}, "geometry": {"type": "Polygon", "coordinates": [[[72.54536790000002, 22.9696483], [72.5453307, 22.969651700000004], [72.545322, 22.969571000000002], [72.54535909999998, 22.9695676], [72.54536790000002, 22.9696483]]]}}, {"type": "Feature", "properties": {"layer": "building", "distance_m": 495.0, "source": "Microsoft ML Buildings", "in_industrial_zone": false, "ghsl_2018": 0}, "geometry": {"type": "Polygon", "coordinates": [[[72.5451547, 22.9696971], [72.5450691, 22.969701000000004], [72.5450666, 22.969654200000004], [72.5451522, 22.969650300000005], [72.5451547, 22.9696971]]]}}, {"type": "Feature", "properties": {"layer": "building", "distance_m": 490.4, "source": "Microsoft ML Buildings", "in_industrial_zone": false, "ghsl_2018": 0}, "geometry": {"type": "Polygon", "coordinates": [[[72.5451922, 22.9698023], [72.54510119999999, 22.969806199999997], [72.54509669999999, 22.969716], [72.5451877, 22.969712100000002], [72.5451922, 22.9698023]]]}}, {"type": "Feature", "properties": {"layer": "building", "distance_m": 498.6, "source": "Google Open Buildings", "in_industrial_zone": false, "ghsl_2018": 0}, "geometry": {"type": "Polygon", "coordinates": [[[72.55102269999999, 22.9649722], [72.55102889999999, 22.965039400000006], [72.5509934, 22.965042200000003], [72.55098709999999, 22.964975000000003], [72.55102269999999, 22.9649722]]]}}, {"type": "Feature", "properties": {"layer": "building", "distance_m": 466.7, "source": "Google Open Buildings", "in_industrial_zone": false, "ghsl_2018": 0}, "geometry": {"type": "Polygon", "coordinates": [[[72.5509918, 22.965306999999996], [72.55099959999998, 22.9653427], [72.55095499999999, 22.9653512], [72.5509472, 22.9653154], [72.5509918, 22.965306999999996]]]}}, {"type": "Feature", "properties": {"layer": "building", "distance_m": 458.1, "source": "Google Open Buildings", "in_industrial_zone": false, "ghsl_2018": 0}, "geometry": {"type": "Polygon", "coordinates": [[[72.54988289999999, 22.965647400000005], [72.54989429999999, 22.965723500000003], [72.54984349999998, 22.965730100000002], [72.5498321, 22.965653900000007], [72.54988289999999, 22.965647400000005]]]}}, {"type": "Feature", "properties": {"layer": "building", "distance_m": 233.8, "source": "Google Open Buildings", "in_industrial_zone": false, "ghsl_2018": 1}, "geometry": {"type": "Polygon", "coordinates": [[[72.5515778, 22.967296100000002], [72.5516028, 22.96736689999999], [72.5515501, 22.967382900000008], [72.55152510000002, 22.9673121], [72.5515778, 22.967296100000002]]]}}, {"type": "Feature", "properties": {"layer": "building", "distance_m": 357.9, "source": "Google Open Buildings", "in_industrial_zone": false, "ghsl_2018": 0}, "geometry": {"type": "Polygon", "coordinates": [[[72.54823139999999, 22.967182400000006], [72.54824699999999, 22.9672245], [72.5481981, 22.9672401], [72.5481824, 22.967198], [72.54823139999999, 22.967182400000006]]]}}, {"type": "Feature", "properties": {"layer": "building", "distance_m": 333.7, "source": "Google Open Buildings", "in_industrial_zone": false, "ghsl_2018": 0}, "geometry": {"type": "Polygon", "coordinates": [[[72.5481281, 22.967429000000003], [72.54817120000001, 22.967524300000008], [72.54805469999998, 22.967569499999996], [72.54801149999999, 22.9674742], [72.5481281, 22.967429000000003]]]}}, {"type": "Feature", "properties": {"layer": "building", "distance_m": 268.7, "source": "Google Open Buildings", "in_industrial_zone": false, "ghsl_2018": 0}, "geometry": {"type": "Polygon", "coordinates": [[[72.547948, 22.9683914], [72.5479911, 22.968444299999998], [72.5478317, 22.96855560000001], [72.5477886, 22.9685027], [72.547948, 22.9683914]]]}}, {"type": "Feature", "properties": {"layer": "building", "distance_m": 279.5, "source": "Google Open Buildings", "in_industrial_zone": false, "ghsl_2018": 0}, "geometry": {"type": "Polygon", "coordinates": [[[72.54788929999998, 22.968312900000008], [72.5479244, 22.9683663], [72.5478754, 22.968393900000002], [72.5478404, 22.9683404], [72.54788929999998, 22.968312900000008]]]}}, {"type": "Feature", "properties": {"layer": "building", "distance_m": 241.8, "source": "Google Open Buildings", "in_industrial_zone": false, "ghsl_2018": 0}, "geometry": {"type": "Polygon", "coordinates": [[[72.5481226, 22.968624700000003], [72.5481422, 22.96865400000001], [72.5480829, 22.968688], [72.5480633, 22.968658600000005], [72.5481226, 22.968624700000003]]]}}, {"type": "Feature", "properties": {"layer": "building", "distance_m": 258.0, "source": "Google Open Buildings", "in_industrial_zone": false, "ghsl_2018": 0}, "geometry": {"type": "Polygon", "coordinates": [[[72.5480131, 22.968471199999996], [72.5480522, 22.968526400000005], [72.54784490000002, 22.9686522], [72.5478058, 22.968597099999997], [72.5480131, 22.968471199999996]]]}}, {"type": "Feature", "properties": {"layer": "building", "distance_m": 253.4, "source": "Google Open Buildings", "in_industrial_zone": false, "ghsl_2018": 0}, "geometry": {"type": "Polygon", "coordinates": [[[72.54797479999999, 22.968635599999995], [72.54798639999998, 22.968669100000003], [72.5479447, 22.9686816], [72.54793299999999, 22.968648100000003], [72.54797479999999, 22.968635599999995]]]}}, {"type": "Feature", "properties": {"layer": "building", "distance_m": 185.0, "source": "Google Open Buildings", "in_industrial_zone": false, "ghsl_2018": 0}, "geometry": {"type": "Polygon", "coordinates": [[[72.5486604, 22.968823900000004], [72.5487, 22.968814300000002], [72.54870740000001, 22.96884060000001], [72.5486678, 22.968850200000002], [72.5486604, 22.968823900000004]]]}}, {"type": "Feature", "properties": {"layer": "building", "distance_m": 231.4, "source": "Google Open Buildings", "in_industrial_zone": false, "ghsl_2018": 0}, "geometry": {"type": "Polygon", "coordinates": [[[72.5482341, 22.968618699999997], [72.5482581, 22.968672200000004], [72.5481947, 22.968696500000007], [72.54817069999999, 22.968643], [72.5482341, 22.968618699999997]]]}}, {"type": "Feature", "properties": {"layer": "building", "distance_m": 165.7, "source": "Google Open Buildings", "in_industrial_zone": false, "ghsl_2018": 1}, "geometry": {"type": "Polygon", "coordinates": [[[72.5492499, 22.968639400000008], [72.5492668, 22.9686885], [72.5492226, 22.96870150000001], [72.5492057, 22.968652400000007], [72.5492499, 22.968639400000008]]]}}, {"type": "Feature", "properties": {"layer": "building", "distance_m": 140.2, "source": "Google Open Buildings", "in_industrial_zone": false, "ghsl_2018": 0}, "geometry": {"type": "Polygon", "coordinates": [[[72.5492175, 22.968911900000002], [72.5492553, 22.968904000000006], [72.5492666, 22.968950099999997], [72.5492289, 22.96895809999999], [72.5492175, 22.968911900000002]]]}}, {"type": "Feature", "properties": {"layer": "building", "distance_m": 149.9, "source": "Google Open Buildings", "in_industrial_zone": false, "ghsl_2018": 0}, "geometry": {"type": "Polygon", "coordinates": [[[72.5490955, 22.968817199999993], [72.5491378, 22.968921900000005], [72.5490522, 22.968951600000008], [72.5490099, 22.968846800000012], [72.5490955, 22.968817199999993]]]}}, {"type": "Feature", "properties": {"layer": "building", "distance_m": 152.9, "source": "Google Open Buildings", "in_industrial_zone": false, "ghsl_2018": 0}, "geometry": {"type": "Polygon", "coordinates": [[[72.5492055, 22.9688142], [72.5492147, 22.968845], [72.5491811, 22.968853600000006], [72.54917189999999, 22.9688228], [72.5492055, 22.9688142]]]}}, {"type": "Feature", "properties": {"layer": "building", "distance_m": 166.4, "source": "Google Open Buildings", "in_industrial_zone": false, "ghsl_2018": 1}, "geometry": {"type": "Polygon", "coordinates": [[[72.5492138, 22.9686759], [72.5492226, 22.96870150000001], [72.5491597, 22.968720000000005], [72.5491509, 22.968694400000004], [72.5492138, 22.9686759]]]}}, {"type": "Feature", "properties": {"layer": "building", "distance_m": 121.4, "source": "Google Open Buildings", "in_industrial_zone": false, "ghsl_2018": 0}, "geometry": {"type": "Polygon", "coordinates": [[[72.54885649999999, 22.969432900000005], [72.548912, 22.9695397], [72.5488113, 22.9695845], [72.5487558, 22.9694778], [72.54885649999999, 22.969432900000005]]]}}, {"type": "Feature", "properties": {"layer": "building", "distance_m": 229.5, "source": "Google Open Buildings", "in_industrial_zone": true, "ghsl_2018": 1}, "geometry": {"type": "Polygon", "coordinates": [[[72.5479297, 22.970955800000002], [72.5479566, 22.9710446], [72.5477723, 22.9710926], [72.5477453, 22.9710039], [72.5479297, 22.970955800000002]]]}}, {"type": "Feature", "properties": {"layer": "building", "distance_m": 183.6, "source": "Google Open Buildings", "in_industrial_zone": true, "ghsl_2018": 1}, "geometry": {"type": "Polygon", "coordinates": [[[72.5482798, 22.970762499999992], [72.5482782, 22.97078670000001], [72.5483431, 22.9707902], [72.5483303, 22.970993500000002], [72.5482351, 22.970988400000007], [72.5482332, 22.971019700000003], [72.54812669999998, 22.971013900000003], [72.5481287, 22.9709826], [72.5480503, 22.970978300000006], [72.54806470000001, 22.9707508], [72.5482798, 22.970762499999992]]]}}, {"type": "Feature", "properties": {"layer": "building", "distance_m": 186.6, "source": "Google Open Buildings", "in_industrial_zone": true, "ghsl_2018": 1}, "geometry": {"type": "Polygon", "coordinates": [[[72.548384, 22.971015300000005], [72.54841470000001, 22.9711049], [72.5483336, 22.97112870000001], [72.548303, 22.971039100000002], [72.548384, 22.971015300000005]]]}}, {"type": "Feature", "properties": {"layer": "building", "distance_m": 162.3, "source": "Microsoft ML Buildings", "in_industrial_zone": true, "ghsl_2018": 1}, "geometry": {"type": "Polygon", "coordinates": [[[72.54858799999998, 22.971159200000006], [72.5486725, 22.971137299999995], [72.5486938, 22.971207100000008], [72.54860929999998, 22.971229000000005], [72.54858799999998, 22.971159200000006]]]}}, {"type": "Feature", "properties": {"layer": "building", "distance_m": 161.0, "source": "Microsoft ML Buildings", "in_industrial_zone": true, "ghsl_2018": 1}, "geometry": {"type": "Polygon", "coordinates": [[[72.54857539999999, 22.970983800000006], [72.54863119999999, 22.970968800000005], [72.5486524, 22.9710359], [72.548556, 22.97106180000001], [72.5485139, 22.9709287], [72.54855450000001, 22.970917799999995], [72.54857539999999, 22.970983800000006]]]}}, {"type": "Feature", "properties": {"layer": "building", "distance_m": 162.8, "source": "Google Open Buildings", "in_industrial_zone": true, "ghsl_2018": 1}, "geometry": {"type": "Polygon", "coordinates": [[[72.54843120000001, 22.9707577], [72.5484323, 22.970739600000005], [72.5485401, 22.9707454], [72.5485317, 22.9708785], [72.5483771, 22.970870100000006], [72.5483843, 22.970755200000003], [72.54843120000001, 22.9707577]]]}}, {"type": "Feature", "properties": {"layer": "building", "distance_m": 154.2, "source": "Google Open Buildings", "in_industrial_zone": true, "ghsl_2018": 1}, "geometry": {"type": "Polygon", "coordinates": [[[72.54855460000002, 22.9706197], [72.5485856, 22.970614699999995], [72.5485935, 22.9706567], [72.5485625, 22.970661700000004], [72.54855460000002, 22.9706197]]]}}, {"type": "Feature", "properties": {"layer": "building", "distance_m": 136.7, "source": "Google Open Buildings", "in_industrial_zone": true, "ghsl_2018": 0}, "geometry": {"type": "Polygon", "coordinates": [[[72.5487516, 22.970579400000002], [72.54874269999999, 22.9706118], [72.5487155, 22.9706055], [72.5487244, 22.970573000000005], [72.5487516, 22.970579400000002]]]}}, {"type": "Feature", "properties": {"layer": "building", "distance_m": 96.3, "source": "Google Open Buildings", "in_industrial_zone": true, "ghsl_2018": 1}, "geometry": {"type": "Polygon", "coordinates": [[[72.5489593, 22.9705077], [72.54897920000002, 22.970529000000006], [72.54904030000002, 22.9704798], [72.5491792, 22.970627700000005], [72.5491589, 22.9706441], [72.54919000000001, 22.970677199999997], [72.54905190000001, 22.9707885], [72.5490323, 22.970767600000006], [72.5489845, 22.9708061], [72.5488341, 22.97064590000001], [72.5488888, 22.970601800000004], [72.54886880000001, 22.970580599999998], [72.5489593, 22.9705077]]]}}, {"type": "Feature", "properties": {"layer": "building", "distance_m": 98.2, "source": "Google Open Buildings", "in_industrial_zone": true, "ghsl_2018": 1}, "geometry": {"type": "Polygon", "coordinates": [[[72.5492074, 22.9707758], [72.5492343, 22.970869899999993], [72.54914890000002, 22.970890900000004], [72.549122, 22.970796700000008], [72.5492074, 22.9707758]]]}}, {"type": "Feature", "properties": {"layer": "building", "distance_m": 131.3, "source": "Google Open Buildings", "in_industrial_zone": true, "ghsl_2018": 1}, "geometry": {"type": "Polygon", "coordinates": [[[72.5489188, 22.971057399999996], [72.5489161, 22.971077400000002], [72.5489707, 22.971083800000002], [72.5489443, 22.971278699999996], [72.5488748, 22.9712707], [72.5488741, 22.971275700000003], [72.5487374, 22.971259900000007], [72.5487479, 22.9711825], [72.548721, 22.9711793], [72.5487332, 22.971088800000004], [72.5487601, 22.9710919], [72.5487672, 22.9710398], [72.5489188, 22.971057399999996]]]}}, {"type": "Feature", "properties": {"layer": "building", "distance_m": 96.5, "source": "Google Open Buildings", "in_industrial_zone": true, "ghsl_2018": 1}, "geometry": {"type": "Polygon", "coordinates": [[[72.54927140000001, 22.970945400000005], [72.5492737, 22.971005400000006], [72.5492991, 22.971004499999996], [72.5493061, 22.9711805], [72.5492066, 22.971183800000002], [72.5492075, 22.9712054], [72.5491206, 22.9712083], [72.5491198, 22.971186800000005], [72.5490305, 22.971189799999998], [72.54902110000002, 22.970953800000004], [72.54927140000001, 22.970945400000005]]]}}, {"type": "Feature", "properties": {"layer": "building", "distance_m": 75.9, "source": "Microsoft ML Buildings", "in_industrial_zone": true, "ghsl_2018": 1}, "geometry": {"type": "Polygon", "coordinates": [[[72.5494323, 22.9709959], [72.5494079, 22.970930899999995], [72.54947500000002, 22.970909600000002], [72.5494994, 22.9709746], [72.5494323, 22.9709959]]]}}, {"type": "Feature", "properties": {"layer": "building", "distance_m": 75.3, "source": "Microsoft ML Buildings", "in_industrial_zone": true, "ghsl_2018": 1}, "geometry": {"type": "Polygon", "coordinates": [[[72.5495313, 22.9711024], [72.5494621, 22.971108], [72.54945550000001, 22.971039400000006], [72.5495247, 22.9710338], [72.5495313, 22.9711024]]]}}, {"type": "Feature", "properties": {"layer": "building", "distance_m": 44.1, "source": "Microsoft ML Buildings", "in_industrial_zone": true, "ghsl_2018": 1}, "geometry": {"type": "Polygon", "coordinates": [[[72.5495495, 22.971023500000005], [72.5495435, 22.970793900000004], [72.54976340000002, 22.9707891], [72.54976930000001, 22.971018700000005], [72.5495495, 22.971023500000005]]]}}, {"type": "Feature", "properties": {"layer": "building", "distance_m": 63.4, "source": "Google Open Buildings", "in_industrial_zone": true, "ghsl_2018": 1}, "geometry": {"type": "Polygon", "coordinates": [[[72.549304, 22.9704608], [72.5494616, 22.9704652], [72.54945640000001, 22.970626299999996], [72.5492988, 22.9706219], [72.5493003, 22.9705751], [72.5492768, 22.970574400000004], [72.5492788, 22.970513000000004], [72.54930229999998, 22.9705137], [72.549304, 22.9704608]]]}}, {"type": "Feature", "properties": {"layer": "building", "distance_m": 45.5, "source": "Google Open Buildings", "in_industrial_zone": false, "ghsl_2018": 0}, "geometry": {"type": "Polygon", "coordinates": [[[72.55022350000002, 22.969236400000003], [72.5503432, 22.969476399999994], [72.5502276, 22.969525799999996], [72.55010790000001, 22.96928580000001], [72.55022350000002, 22.969236400000003]]]}}, {"type": "Feature", "properties": {"layer": "building", "distance_m": 156.5, "source": "Google Open Buildings", "in_industrial_zone": false, "ghsl_2018": 0}, "geometry": {"type": "Polygon", "coordinates": [[[72.5497782, 22.968555799999997], [72.54979249999998, 22.968602699999998], [72.5497478, 22.968614400000003], [72.5497335, 22.9685675], [72.5497782, 22.968555799999997]]]}}, {"type": "Feature", "properties": {"layer": "building", "distance_m": 56.2, "source": "Google Open Buildings", "in_industrial_zone": false, "ghsl_2018": 1}, "geometry": {"type": "Polygon", "coordinates": [[[72.55255020000001, 22.9689882], [72.5525627, 22.9690454], [72.5525137, 22.969054600000003], [72.5525011, 22.9689974], [72.55255020000001, 22.9689882]]]}}, {"type": "Feature", "properties": {"layer": "building", "distance_m": 136.6, "source": "Google Open Buildings", "in_industrial_zone": false, "ghsl_2018": 0}, "geometry": {"type": "Polygon", "coordinates": [[[72.5532182, 22.9685106], [72.5532376, 22.9685547], [72.5532137, 22.968563700000008], [72.5533071, 22.968776], [72.5532785, 22.968786800000007], [72.5531657, 22.9685304], [72.5532182, 22.9685106]]]}}, {"type": "Feature", "properties": {"layer": "building", "distance_m": 136.5, "source": "Google Open Buildings", "in_industrial_zone": false, "ghsl_2018": 1}, "geometry": {"type": "Polygon", "coordinates": [[[72.5531779, 22.968612399999998], [72.5532072, 22.968601600000003], [72.5532456, 22.968690400000003], [72.5532163, 22.968701299999996], [72.5531779, 22.968612399999998]]]}}, {"type": "Feature", "properties": {"layer": "building", "distance_m": 134.2, "source": "Google Open Buildings", "in_industrial_zone": false, "ghsl_2018": 1}, "geometry": {"type": "Polygon", "coordinates": [[[72.553215, 22.968699399999995], [72.5532426, 22.968689000000005], [72.55328480000001, 22.968784600000003], [72.5532572, 22.968795], [72.553215, 22.968699399999995]]]}}, {"type": "Feature", "properties": {"layer": "building", "distance_m": 133.1, "source": "Google Open Buildings", "in_industrial_zone": false, "ghsl_2018": 1}, "geometry": {"type": "Polygon", "coordinates": [[[72.5532651, 22.968814000000005], [72.5532944, 22.9688032], [72.5533178, 22.9688571], [72.5532885, 22.968868000000008], [72.5532651, 22.968814000000005]]]}}, {"type": "Feature", "properties": {"layer": "building", "distance_m": 135.5, "source": "Google Open Buildings", "in_industrial_zone": false, "ghsl_2018": 1}, "geometry": {"type": "Polygon", "coordinates": [[[72.5533153, 22.9687946], [72.553339, 22.968848500000004], [72.5533103, 22.9688593], [72.5532867, 22.968805400000004], [72.5533153, 22.9687946]]]}}, {"type": "Feature", "properties": {"layer": "building", "distance_m": 129.9, "source": "Microsoft ML Buildings", "in_industrial_zone": true, "ghsl_2018": 1}, "geometry": {"type": "Polygon", "coordinates": [[[72.5533241, 22.968980300000002], [72.55339450000001, 22.968975599999997], [72.5533975, 22.9690141], [72.5533271, 22.969018700000003], [72.5533241, 22.968980300000002]]]}}, {"type": "Feature", "properties": {"layer": "building", "distance_m": 134.9, "source": "Google Open Buildings", "in_industrial_zone": false, "ghsl_2018": 1}, "geometry": {"type": "Polygon", "coordinates": [[[72.553339, 22.968848500000004], [72.5533842, 22.9689512], [72.5533555, 22.968962], [72.5533103, 22.9688593], [72.553339, 22.968848500000004]]]}}, {"type": "Feature", "properties": {"layer": "building", "distance_m": 121.2, "source": "Microsoft ML Buildings", "in_industrial_zone": false, "ghsl_2018": 1}, "geometry": {"type": "Polygon", "coordinates": [[[72.5532178, 22.9689801], [72.553184, 22.96882490000001], [72.5532553, 22.968811800000005], [72.553289, 22.968967], [72.5532178, 22.9689801]]]}}, {"type": "Feature", "properties": {"layer": "building", "distance_m": 114.6, "source": "Google Open Buildings", "in_industrial_zone": false, "ghsl_2018": 1}, "geometry": {"type": "Polygon", "coordinates": [[[72.5531404, 22.968860399999997], [72.5531554, 22.9688557], [72.5532146, 22.969018000000002], [72.5531718, 22.969031399999995], [72.553116, 22.968878600000004], [72.5531438, 22.968869899999998], [72.5531404, 22.968860399999997]]]}}, {"type": "Feature", "properties": {"layer": "building", "distance_m": 120.2, "source": "Google Open Buildings", "in_industrial_zone": false, "ghsl_2018": 0}, "geometry": {"type": "Polygon", "coordinates": [[[72.5530545, 22.968606599999998], [72.5531115, 22.968764000000004], [72.5530771, 22.968774699999994], [72.5530201, 22.968617200000004], [72.5530545, 22.968606599999998]]]}}, {"type": "Feature", "properties": {"layer": "building", "distance_m": 86.9, "source": "Google Open Buildings", "in_industrial_zone": false, "ghsl_2018": 0}, "geometry": {"type": "Polygon", "coordinates": [[[72.5527, 22.968782700000002], [72.5527227, 22.968779800000004], [72.5527316, 22.968840400000005], [72.5527089, 22.968843300000003], [72.5527, 22.968782700000002]]]}}, {"type": "Feature", "properties": {"layer": "building", "distance_m": 71.0, "source": "Google Open Buildings", "in_industrial_zone": true, "ghsl_2018": 1}, "geometry": {"type": "Polygon", "coordinates": [[[72.5527957, 22.96920559999999], [72.5528267, 22.969199500000002], [72.5528342, 22.9692323], [72.5528032, 22.969238400000002], [72.5527957, 22.96920559999999]]]}}, {"type": "Feature", "properties": {"layer": "building", "distance_m": 84.5, "source": "Google Open Buildings", "in_industrial_zone": true, "ghsl_2018": 1}, "geometry": {"type": "Polygon", "coordinates": [[[72.5530197, 22.969165200000003], [72.5530392, 22.969213900000003], [72.5529484, 22.9692449], [72.5529289, 22.969196200000006], [72.5530197, 22.969165200000003]]]}}, {"type": "Feature", "properties": {"layer": "building", "distance_m": 99.9, "source": "Microsoft ML Buildings", "in_industrial_zone": true, "ghsl_2018": 1}, "geometry": {"type": "Polygon", "coordinates": [[[72.553056, 22.9691139], [72.5531061, 22.96909760000001], [72.5531272, 22.969152399999995], [72.5530771, 22.9691688], [72.553056, 22.9691139]]]}}, {"type": "Feature", "properties": {"layer": "building", "distance_m": 118.6, "source": "Google Open Buildings", "in_industrial_zone": true, "ghsl_2018": 1}, "geometry": {"type": "Polygon", "coordinates": [[[72.5533099, 22.969054999999997], [72.5533236, 22.9690924], [72.5532502, 22.9691154], [72.5532365, 22.969077900000006], [72.5533099, 22.969054999999997]]]}}, {"type": "Feature", "properties": {"layer": "building", "distance_m": 127.4, "source": "Google Open Buildings", "in_industrial_zone": true, "ghsl_2018": 1}, "geometry": {"type": "Polygon", "coordinates": [[[72.5533864, 22.969027700000005], [72.5534003, 22.969057400000004], [72.5533307, 22.969085300000003], [72.5533168, 22.9690557], [72.5533864, 22.969027700000005]]]}}, {"type": "Feature", "properties": {"layer": "building", "distance_m": 154.1, "source": "Microsoft ML Buildings", "in_industrial_zone": true, "ghsl_2018": 2}, "geometry": {"type": "Polygon", "coordinates": [[[72.5537154, 22.969046100000003], [72.5536259, 22.969093999999995], [72.5535902, 22.969037400000005], [72.5536797, 22.968989500000003], [72.5537154, 22.969046100000003]]]}}, {"type": "Feature", "properties": {"layer": "building", "distance_m": 91.6, "source": "Microsoft ML Buildings", "in_industrial_zone": true, "ghsl_2018": 2}, "geometry": {"type": "Polygon", "coordinates": [[[72.5532567, 22.969592500000005], [72.5531862, 22.969618199999996], [72.5531358, 22.969500700000005], [72.5532062, 22.9694751], [72.5532567, 22.969592500000005]]]}}, {"type": "Feature", "properties": {"layer": "building", "distance_m": 33.7, "source": "Google Open Buildings", "in_industrial_zone": true, "ghsl_2018": 1}, "geometry": {"type": "Polygon", "coordinates": [[[72.5525712, 22.9694706], [72.5525879, 22.9695178], [72.5525399, 22.969532299999997], [72.55252330000002, 22.969485100000007], [72.5525712, 22.9694706]]]}}, {"type": "Feature", "properties": {"layer": "building", "distance_m": 39.8, "source": "Google Open Buildings", "in_industrial_zone": true, "ghsl_2018": 1}, "geometry": {"type": "Polygon", "coordinates": [[[72.5525984, 22.969218099999996], [72.5526327, 22.969314300000008], [72.5525234, 22.969347700000004], [72.552489, 22.969251600000003], [72.5525984, 22.969218099999996]]]}}, {"type": "Feature", "properties": {"layer": "building", "distance_m": 34.4, "source": "Google Open Buildings", "in_industrial_zone": false, "ghsl_2018": 1}, "geometry": {"type": "Polygon", "coordinates": [[[72.5524761, 22.969231500000003], [72.5524922, 22.96930380000001], [72.5524512, 22.969311700000006], [72.552435, 22.969239299999998], [72.5524761, 22.969231500000003]]]}}, {"type": "Feature", "properties": {"layer": "building", "distance_m": 52.6, "source": "Google Open Buildings", "in_industrial_zone": true, "ghsl_2018": 1}, "geometry": {"type": "Polygon", "coordinates": [[[72.5526969, 22.9692449], [72.552714, 22.969288100000004], [72.5526423, 22.9693124], [72.5526252, 22.9692692], [72.5526969, 22.9692449]]]}}, {"type": "Feature", "properties": {"layer": "building", "distance_m": 52.5, "source": "Google Open Buildings", "in_industrial_zone": false, "ghsl_2018": 1}, "geometry": {"type": "Polygon", "coordinates": [[[72.5525073, 22.969016900000003], [72.552517, 22.9690506], [72.5524693, 22.969062300000004], [72.5524597, 22.969028699999996], [72.5525073, 22.969016900000003]]]}}, {"type": "Feature", "properties": {"layer": "building", "distance_m": 33.2, "source": "Google Open Buildings", "in_industrial_zone": true, "ghsl_2018": 1}, "geometry": {"type": "Polygon", "coordinates": [[[72.552622, 22.9697326], [72.5526677, 22.9697151], [72.5527311, 22.9698571], [72.5526854, 22.9698746], [72.552622, 22.9697326]]]}}, {"type": "Feature", "properties": {"layer": "building", "distance_m": 34.1, "source": "Google Open Buildings", "in_industrial_zone": true, "ghsl_2018": 1}, "geometry": {"type": "Polygon", "coordinates": [[[72.5530323, 22.970601900000005], [72.5530415, 22.970630600000003], [72.5530017, 22.9706415], [72.5529925, 22.970612800000005], [72.5530323, 22.970601900000005]]]}}, {"type": "Feature", "properties": {"layer": "building", "distance_m": 33.9, "source": "Google Open Buildings", "in_industrial_zone": true, "ghsl_2018": 1}, "geometry": {"type": "Polygon", "coordinates": [[[72.552794, 22.9701105], [72.5528261, 22.970098400000005], [72.5528642, 22.970185799999996], [72.5528322, 22.970197799999998], [72.552794, 22.9701105]]]}}, {"type": "Feature", "properties": {"layer": "building", "distance_m": 33.0, "source": "Google Open Buildings", "in_industrial_zone": true, "ghsl_2018": 1}, "geometry": {"type": "Polygon", "coordinates": [[[72.5527739, 22.9700657], [72.5528224, 22.970056100000008], [72.5528323, 22.970099000000005], [72.5527838, 22.9701086], [72.5527739, 22.9700657]]]}}, {"type": "Feature", "properties": {"layer": "building", "distance_m": 33.3, "source": "Google Open Buildings", "in_industrial_zone": true, "ghsl_2018": 1}, "geometry": {"type": "Polygon", "coordinates": [[[72.5527611, 22.969926000000005], [72.5528021, 22.970018099999997], [72.5527554, 22.9700359], [72.5527145, 22.9699438], [72.5527611, 22.969926000000005]]]}}, {"type": "Feature", "properties": {"layer": "building", "distance_m": 33.3, "source": "Google Open Buildings", "in_industrial_zone": true, "ghsl_2018": 1}, "geometry": {"type": "Polygon", "coordinates": [[[72.5527484, 22.969897400000004], [72.5527611, 22.969926000000005], [72.5527145, 22.9699438], [72.5527017, 22.969915200000003], [72.5527484, 22.969897400000004]]]}}, {"type": "Feature", "properties": {"layer": "building", "distance_m": 306.2, "source": "Google Open Buildings", "in_industrial_zone": false, "ghsl_2018": 1}, "geometry": {"type": "Polygon", "coordinates": [[[72.5556577, 22.970094400000008], [72.5556994, 22.970084900000003], [72.55571339999999, 22.970137500000003], [72.5556717, 22.970147], [72.5556577, 22.970094400000008]]]}}, {"type": "Feature", "properties": {"layer": "building", "distance_m": 302.3, "source": "Google Open Buildings", "in_industrial_zone": false, "ghsl_2018": 1}, "geometry": {"type": "Polygon", "coordinates": [[[72.55562630000001, 22.9701015], [72.5556577, 22.970094400000008], [72.5556797, 22.9701771], [72.5556483, 22.970184300000003], [72.55562630000001, 22.9701015]]]}}, {"type": "Feature", "properties": {"layer": "building", "distance_m": 307.4, "source": "Microsoft ML Buildings", "in_industrial_zone": false, "ghsl_2018": 1}, "geometry": {"type": "Polygon", "coordinates": [[[72.55551739999999, 22.969781999999995], [72.5555552, 22.969769199999998], [72.55557949999998, 22.969830099999996], [72.55554169999999, 22.969842900000007], [72.55551739999999, 22.969781999999995]]]}}, {"type": "Feature", "properties": {"layer": "building", "distance_m": 308.9, "source": "Microsoft ML Buildings", "in_industrial_zone": false, "ghsl_2018": 1}, "geometry": {"type": "Polygon", "coordinates": [[[72.5555074, 22.969712700000006], [72.55549540000001, 22.9696531], [72.5555706, 22.969640200000008], [72.5555826, 22.969699900000002], [72.5555074, 22.969712700000006]]]}}, {"type": "Feature", "properties": {"layer": "building", "distance_m": 309.5, "source": "Google Open Buildings", "in_industrial_zone": false, "ghsl_2018": 1}, "geometry": {"type": "Polygon", "coordinates": [[[72.5555243, 22.9697286], [72.5555694, 22.96972010000001], [72.55557620000002, 22.969751400000003], [72.5555311, 22.969759800000002], [72.5555243, 22.9697286]]]}}, {"type": "Feature", "properties": {"layer": "building", "distance_m": 304.1, "source": "Microsoft ML Buildings", "in_industrial_zone": false, "ghsl_2018": 1}, "geometry": {"type": "Polygon", "coordinates": [[[72.555435, 22.9694714], [72.5553573, 22.9694729], [72.5553558, 22.969412200000004], [72.5554336, 22.969410700000005], [72.555435, 22.9694714]]]}}, {"type": "Feature", "properties": {"layer": "building", "distance_m": 317.1, "source": "Microsoft ML Buildings", "in_industrial_zone": false, "ghsl_2018": 1}, "geometry": {"type": "Polygon", "coordinates": [[[72.55545129999999, 22.969374400000007], [72.5554489, 22.9693192], [72.5555346, 22.969316099999997], [72.555537, 22.969371300000002], [72.55545129999999, 22.969374400000007]]]}}, {"type": "Feature", "properties": {"layer": "building", "distance_m": 329.9, "source": "Google Open Buildings", "in_industrial_zone": false, "ghsl_2018": 1}, "geometry": {"type": "Polygon", "coordinates": [[[72.5554813, 22.969113800000002], [72.5555091, 22.969109400000004], [72.55551609999999, 22.969147400000004], [72.5554883, 22.969151800000006], [72.5554813, 22.969113800000002]]]}}, {"type": "Feature", "properties": {"layer": "building", "distance_m": 331.5, "source": "Google Open Buildings", "in_industrial_zone": false, "ghsl_2018": 1}, "geometry": {"type": "Polygon", "coordinates": [[[72.5555126, 22.969125400000003], [72.5555492, 22.969127200000006], [72.555547, 22.9691649], [72.5555104, 22.969163100000003], [72.5555126, 22.969125400000003]]]}}, {"type": "Feature", "properties": {"layer": "building", "distance_m": 312.9, "source": "Google Open Buildings", "in_industrial_zone": false, "ghsl_2018": 1}, "geometry": {"type": "Polygon", "coordinates": [[[72.5554061, 22.969130800000002], [72.5554206, 22.9691709], [72.55533, 22.969199000000003], [72.5553155, 22.969158800000006], [72.5554061, 22.969130800000002]]]}}, {"type": "Feature", "properties": {"layer": "building", "distance_m": 312.3, "source": "Google Open Buildings", "in_industrial_zone": false, "ghsl_2018": 1}, "geometry": {"type": "Polygon", "coordinates": [[[72.5553049, 22.969051399999998], [72.5553077, 22.9690776], [72.5552728, 22.969080800000004], [72.55527, 22.969054600000003], [72.5553049, 22.969051399999998]]]}}, {"type": "Feature", "properties": {"layer": "building", "distance_m": 314.1, "source": "Google Open Buildings", "in_industrial_zone": false, "ghsl_2018": 1}, "geometry": {"type": "Polygon", "coordinates": [[[72.5553132, 22.969031100000002], [72.5553199, 22.969054300000003], [72.5552841, 22.969063200000004], [72.5552774, 22.96904], [72.5553132, 22.969031100000002]]]}}, {"type": "Feature", "properties": {"layer": "building", "distance_m": 301.6, "source": "Microsoft ML Buildings", "in_industrial_zone": false, "ghsl_2018": 1}, "geometry": {"type": "Polygon", "coordinates": [[[72.555193, 22.969155700000012], [72.5551702, 22.96910340000001], [72.55521170000002, 22.969088000000003], [72.5552346, 22.969140300000003], [72.555193, 22.969155700000012]]]}}, {"type": "Feature", "properties": {"layer": "building", "distance_m": 300.1, "source": "Google Open Buildings", "in_industrial_zone": false, "ghsl_2018": 1}, "geometry": {"type": "Polygon", "coordinates": [[[72.5553201, 22.969163699999996], [72.5553344, 22.9692128], [72.5552146, 22.969242699999995], [72.5552003, 22.969193600000004], [72.5553201, 22.969163699999996]]]}}, {"type": "Feature", "properties": {"layer": "building", "distance_m": 311.8, "source": "Google Open Buildings", "in_industrial_zone": false, "ghsl_2018": 1}, "geometry": {"type": "Polygon", "coordinates": [[[72.5553349, 22.9692212], [72.555371, 22.9692118], [72.555385, 22.9692581], [72.55534889999998, 22.969267500000008], [72.5553349, 22.9692212]]]}}, {"type": "Feature", "properties": {"layer": "building", "distance_m": 318.2, "source": "Google Open Buildings", "in_industrial_zone": false, "ghsl_2018": 1}, "geometry": {"type": "Polygon", "coordinates": [[[72.5553966, 22.96919919999999], [72.5554284, 22.969193199999996], [72.5554386, 22.969240199999998], [72.5554069, 22.9692461], [72.5553966, 22.96919919999999]]]}}, {"type": "Feature", "properties": {"layer": "building", "distance_m": 313.1, "source": "Microsoft ML Buildings", "in_industrial_zone": false, "ghsl_2018": 1}, "geometry": {"type": "Polygon", "coordinates": [[[72.5553812, 22.969285399999997], [72.55545680000002, 22.969273499999996], [72.5554648, 22.9693167], [72.5553893, 22.969328600000004], [72.5553812, 22.969285399999997]]]}}, {"type": "Feature", "properties": {"layer": "building", "distance_m": 311.9, "source": "Google Open Buildings", "in_industrial_zone": false, "ghsl_2018": 1}, "geometry": {"type": "Polygon", "coordinates": [[[72.55538650000001, 22.9693327], [72.5554333, 22.969323200000005], [72.5554437, 22.969367], [72.5553969, 22.9693766], [72.55538650000001, 22.9693327]]]}}, {"type": "Feature", "properties": {"layer": "building", "distance_m": 303.7, "source": "Google Open Buildings", "in_industrial_zone": false, "ghsl_2018": 1}, "geometry": {"type": "Polygon", "coordinates": [[[72.555306, 22.969275300000003], [72.5553249, 22.9693156], [72.555292, 22.96932890000001], [72.5552731, 22.969288600000006], [72.555306, 22.969275300000003]]]}}, {"type": "Feature", "properties": {"layer": "building", "distance_m": 149.8, "source": "Google Open Buildings", "in_industrial_zone": true, "ghsl_2018": 2}, "geometry": {"type": "Polygon", "coordinates": [[[72.5537709, 22.969486400000005], [72.5538256, 22.96948859999999], [72.5538226, 22.9695514], [72.553768, 22.9695492], [72.5537709, 22.969486400000005]]]}}, {"type": "Feature", "properties": {"layer": "building", "distance_m": 180.1, "source": "Google Open Buildings", "in_industrial_zone": true, "ghsl_2018": 1}, "geometry": {"type": "Polygon", "coordinates": [[[72.5539994, 22.969252100000002], [72.5540107, 22.969288700000003], [72.5539766, 22.969297799999996], [72.5539653, 22.969261200000005], [72.5539994, 22.969252100000002]]]}}, {"type": "Feature", "properties": {"layer": "building", "distance_m": 183.6, "source": "Google Open Buildings", "in_industrial_zone": true, "ghsl_2018": 2}, "geometry": {"type": "Polygon", "coordinates": [[[72.5539612, 22.969024600000004], [72.5539813, 22.969051799999995], [72.5539293, 22.9690846], [72.5539092, 22.969057400000004], [72.5539612, 22.969024600000004]]]}}, {"type": "Feature", "properties": {"layer": "building", "distance_m": 345.9, "source": "Google Open Buildings", "in_industrial_zone": false, "ghsl_2018": 1}, "geometry": {"type": "Polygon", "coordinates": [[[72.5553803, 22.968333399999995], [72.5553844, 22.9683837], [72.5553237, 22.968387899999996], [72.5553196, 22.968337600000005], [72.5553803, 22.968333399999995]]]}}, {"type": "Feature", "properties": {"layer": "building", "distance_m": 367.5, "source": "Google Open Buildings", "in_industrial_zone": false, "ghsl_2018": 1}, "geometry": {"type": "Polygon", "coordinates": [[[72.5555256, 22.9683187], [72.5555703, 22.968310199999998], [72.5555756, 22.968334], [72.5555309, 22.9683425], [72.5555256, 22.9683187]]]}}, {"type": "Feature", "properties": {"layer": "building", "distance_m": 340.3, "source": "Google Open Buildings", "in_industrial_zone": false, "ghsl_2018": 1}, "geometry": {"type": "Polygon", "coordinates": [[[72.5553371, 22.968146399999995], [72.5553498, 22.968205599999997], [72.5551971, 22.968233600000005], [72.5551863, 22.968182999999996], [72.5553136, 22.968159600000003], [72.5553117, 22.968151100000004], [72.5553371, 22.968146399999995]]]}}, {"type": "Feature", "properties": {"layer": "building", "distance_m": 340.4, "source": "Google Open Buildings", "in_industrial_zone": false, "ghsl_2018": 1}, "geometry": {"type": "Polygon", "coordinates": [[[72.5553446, 22.968200399999997], [72.5553521, 22.9682354], [72.5552112, 22.968261200000004], [72.5552037, 22.968226200000004], [72.5553446, 22.968200399999997]]]}}, {"type": "Feature", "properties": {"layer": "building", "distance_m": 343.0, "source": "Google Open Buildings", "in_industrial_zone": false, "ghsl_2018": 1}, "geometry": {"type": "Polygon", "coordinates": [[[72.555045, 22.9675193], [72.5552028, 22.967489600000004], [72.5553386, 22.9681087], [72.5551808, 22.968138400000008], [72.555045, 22.9675193]]]}}, {"type": "Feature", "properties": {"layer": "building", "distance_m": 338.0, "source": "Google Open Buildings", "in_industrial_zone": false, "ghsl_2018": 0}, "geometry": {"type": "Polygon", "coordinates": [[[72.5549653, 22.967738800000003], [72.5549742, 22.967758900000003], [72.5549154, 22.9677812], [72.5549065, 22.96776120000001], [72.5549653, 22.967738800000003]]]}}, {"type": "Feature", "properties": {"layer": "building", "distance_m": 436.2, "source": "Microsoft ML Buildings", "in_industrial_zone": false, "ghsl_2018": 1}, "geometry": {"type": "Polygon", "coordinates": [[[72.5556466, 22.966932600000007], [72.5554646, 22.9669688], [72.5554403, 22.966865], [72.55562220000002, 22.966828799999995], [72.5556466, 22.966932600000007]]]}}, {"type": "Feature", "properties": {"layer": "building", "distance_m": 386.3, "source": "Microsoft ML Buildings", "in_industrial_zone": true, "ghsl_2018": 1}, "geometry": {"type": "Polygon", "coordinates": [[[72.5548114, 22.966965600000005], [72.5547919, 22.966920900000005], [72.5548828, 22.966887199999995], [72.5549023, 22.966931900000002], [72.5548114, 22.966965600000005]]]}}, {"type": "Feature", "properties": {"layer": "building", "distance_m": 178.8, "source": "Microsoft ML Buildings", "in_industrial_zone": true, "ghsl_2018": 1}, "geometry": {"type": "Polygon", "coordinates": [[[72.5528196, 22.967699200000002], [72.55280500000002, 22.967701700000006], [72.5528298, 22.9678275], [72.5527337, 22.967843500000004], [72.5527414, 22.9678827], [72.5526884, 22.967891500000004], [72.5526767, 22.9678317], [72.5526637, 22.967833899999995], [72.5526501, 22.967764499999998], [72.5527384, 22.967749799999996], [72.5527248, 22.967680500000004], [72.5528131, 22.9676658], [72.5528196, 22.967699200000002]]]}}, {"type": "Feature", "properties": {"layer": "building", "distance_m": 157.5, "source": "Microsoft ML Buildings", "in_industrial_zone": true, "ghsl_2018": 1}, "geometry": {"type": "Polygon", "coordinates": [[[72.5526576, 22.968065900000003], [72.5526219, 22.9680734], [72.5526114, 22.968031100000005], [72.5526471, 22.9680236], [72.5526576, 22.968065900000003]]]}}, {"type": "Feature", "properties": {"layer": "building", "distance_m": 159.1, "source": "Google Open Buildings", "in_industrial_zone": false, "ghsl_2018": 1}, "geometry": {"type": "Polygon", "coordinates": [[[72.5526546, 22.968032200000003], [72.5526893, 22.9680239], [72.55270050000001, 22.9680642], [72.5526659, 22.9680725], [72.5526546, 22.968032200000003]]]}}, {"type": "Feature", "properties": {"layer": "building", "distance_m": 284.6, "source": "Google Open Buildings", "in_industrial_zone": true, "ghsl_2018": 1}, "geometry": {"type": "Polygon", "coordinates": [[[72.5530463, 22.966962300000006], [72.5530767, 22.9669606], [72.5530788, 22.9669941], [72.5530484, 22.966995800000003], [72.5530463, 22.966962300000006]]]}}, {"type": "Feature", "properties": {"layer": "building", "distance_m": 313.0, "source": "Google Open Buildings", "in_industrial_zone": true, "ghsl_2018": 1}, "geometry": {"type": "Polygon", "coordinates": [[[72.553512, 22.9667497], [72.5535463, 22.966819399999995], [72.5534364, 22.966865800000004], [72.553402, 22.966796100000007], [72.553512, 22.9667497]]]}}, {"type": "Feature", "properties": {"layer": "building", "distance_m": 328.9, "source": "Google Open Buildings", "in_industrial_zone": true, "ghsl_2018": 1}, "geometry": {"type": "Polygon", "coordinates": [[[72.5526422, 22.966362600000004], [72.5526894, 22.9664569], [72.5526202, 22.966486700000008], [72.5525729, 22.9663924], [72.5526422, 22.966362600000004]]]}}, {"type": "Feature", "properties": {"layer": "building", "distance_m": 354.5, "source": "Google Open Buildings", "in_industrial_zone": true, "ghsl_2018": 1}, "geometry": {"type": "Polygon", "coordinates": [[[72.5524394, 22.965967300000003], [72.552519, 22.96612650000001], [72.55247830000002, 22.9661439], [72.55247, 22.966127199999995], [72.5522453, 22.96622350000001], [72.552204, 22.9661409], [72.5521791, 22.966151600000003], [72.5521639, 22.9661212], [72.5522125, 22.966100300000008], [72.5521977, 22.9660708], [72.5524394, 22.965967300000003]]]}}, {"type": "Feature", "properties": {"layer": "building", "distance_m": 469.7, "source": "Microsoft ML Buildings", "in_industrial_zone": true, "ghsl_2018": 1}, "geometry": {"type": "Polygon", "coordinates": [[[72.5540388, 22.9654159], [72.5540381, 22.96534430000001], [72.5542139, 22.965342800000002], [72.5542132, 22.965267800000003], [72.5543431, 22.965266700000008], [72.5543431, 22.965265200000005], [72.554425, 22.9652645], [72.5544269, 22.965453699999994], [72.5542955, 22.9654548], [72.5542965, 22.9655545], [72.5540202, 22.9655568], [72.5540199, 22.965521399999997], [72.5539877, 22.965521600000006], [72.5539867, 22.9654164], [72.5540388, 22.9654159]]]}}, {"type": "Feature", "properties": {"layer": "building", "distance_m": 339.6, "source": "Microsoft ML Buildings", "in_industrial_zone": true, "ghsl_2018": 1}, "geometry": {"type": "Polygon", "coordinates": [[[72.5537551, 22.9666559], [72.5537371, 22.9666254], [72.55391490000001, 22.966536200000007], [72.5539623, 22.9666161], [72.5537286, 22.966733399999995], [72.5536993, 22.966683899999996], [72.5537551, 22.9666559]]]}}, {"type": "Feature", "properties": {"layer": "building", "distance_m": 353.8, "source": "Google Open Buildings", "in_industrial_zone": true, "ghsl_2018": 1}, "geometry": {"type": "Polygon", "coordinates": [[[72.5541593, 22.966769900000003], [72.5541718, 22.9668074], [72.5541346, 22.96681810000001], [72.5541221, 22.966780499999995], [72.5541593, 22.966769900000003]]]}}, {"type": "Feature", "properties": {"layer": "building", "distance_m": 363.9, "source": "Google Open Buildings", "in_industrial_zone": true, "ghsl_2018": 1}, "geometry": {"type": "Polygon", "coordinates": [[[72.5542825, 22.966702999999995], [72.5543016, 22.966752499999995], [72.55423720000002, 22.96677379999999], [72.5542253, 22.966742999999997], [72.5542437, 22.966736900000008], [72.5542365, 22.966718300000004], [72.5542825, 22.966702999999995]]]}}, {"type": "Feature", "properties": {"layer": "building", "distance_m": 405.8, "source": "Google Open Buildings", "in_industrial_zone": true, "ghsl_2018": 1}, "geometry": {"type": "Polygon", "coordinates": [[[72.55506, 22.9664554], [72.5551288, 22.9665914], [72.5549059, 22.966688000000005], [72.5549202, 22.966716199999997], [72.5548432, 22.966749500000006], [72.5547602, 22.966585400000007], [72.55506, 22.9664554]]]}}, {"type": "Feature", "properties": {"layer": "building", "distance_m": 472.9, "source": "Google Open Buildings", "in_industrial_zone": false, "ghsl_2018": 1}, "geometry": {"type": "Polygon", "coordinates": [[[72.5556605, 22.9666343], [72.55568810000001, 22.966631600000003], [72.5556924, 22.966670000000004], [72.55566480000002, 22.966672700000007], [72.5556605, 22.9666343]]]}}, {"type": "Feature", "properties": {"layer": "building", "distance_m": 477.8, "source": "Google Open Buildings", "in_industrial_zone": false, "ghsl_2018": 1}, "geometry": {"type": "Polygon", "coordinates": [[[72.55565870000001, 22.966329100000003], [72.55573300000002, 22.9664798], [72.5555995, 22.9665363], [72.55552510000001, 22.96638559999999], [72.55565870000001, 22.966329100000003]]]}}, {"type": "Feature", "properties": {"layer": "building", "distance_m": 494.4, "source": "Google Open Buildings", "in_industrial_zone": false, "ghsl_2018": 1}, "geometry": {"type": "Polygon", "coordinates": [[[72.55558540000001, 22.966239700000006], [72.55559510000002, 22.9662691], [72.5555599, 22.9662791], [72.55555020000001, 22.966249700000006], [72.55558540000001, 22.966239700000006]]]}}, {"type": "Feature", "properties": {"layer": "building", "distance_m": 477.0, "source": "Google Open Buildings", "in_industrial_zone": false, "ghsl_2018": 1}, "geometry": {"type": "Polygon", "coordinates": [[[72.55511630000001, 22.966083000000005], [72.5551558, 22.966069300000004], [72.55517480000002, 22.9661159], [72.5551353, 22.966129700000003], [72.55511630000001, 22.966083000000005]]]}}, {"type": "Feature", "properties": {"layer": "building", "distance_m": 492.0, "source": "Google Open Buildings", "in_industrial_zone": false, "ghsl_2018": 1}, "geometry": {"type": "Polygon", "coordinates": [[[72.55586840000001, 22.9664777], [72.55589460000002, 22.966575099999996], [72.5558323, 22.96658950000001], [72.555806, 22.966492100000007], [72.55586840000001, 22.9664777]]]}}, {"type": "Feature", "properties": {"layer": "building", "distance_m": 469.3, "source": "Google Open Buildings", "in_industrial_zone": false, "ghsl_2018": 1}, "geometry": {"type": "Polygon", "coordinates": [[[72.5557245, 22.96672760000001], [72.55578340000001, 22.966713800000004], [72.55580930000002, 22.966808899999997], [72.5557504, 22.96682270000001], [72.5557245, 22.96672760000001]]]}}, {"type": "Feature", "properties": {"layer": "building", "distance_m": 482.8, "source": "Google Open Buildings", "in_industrial_zone": false, "ghsl_2018": 1}, "geometry": {"type": "Polygon", "coordinates": [[[72.55605080000001, 22.9666513], [72.55608120000001, 22.966762900000003], [72.55590180000002, 22.9668048], [72.55587140000002, 22.966693299999996], [72.55605080000001, 22.9666513]]]}}, {"type": "Feature", "properties": {"layer": "building", "distance_m": 490.2, "source": "Google Open Buildings", "in_industrial_zone": false, "ghsl_2018": 1}, "geometry": {"type": "Polygon", "coordinates": [[[72.5568191, 22.967905100000003], [72.55690190000001, 22.968235300000003], [72.55678610000001, 22.9682602], [72.55670320000002, 22.96793], [72.5568191, 22.967905100000003]]]}}, {"type": "Feature", "properties": {"layer": "building", "distance_m": 496.9, "source": "Microsoft ML Buildings", "in_industrial_zone": false, "ghsl_2018": 1}, "geometry": {"type": "Polygon", "coordinates": [[[72.55631620000001, 22.9668258], [72.55632480000001, 22.966861000000005], [72.55614360000001, 22.9668987], [72.55612370000001, 22.966817499999994], [72.55620540000001, 22.966800499999998], [72.5562166, 22.9668465], [72.55631620000001, 22.9668258]]]}}, {"type": "Feature", "properties": {"layer": "building", "distance_m": 486.9, "source": "Microsoft ML Buildings", "in_industrial_zone": false, "ghsl_2018": 1}, "geometry": {"type": "Polygon", "coordinates": [[[72.55611700000001, 22.966877099999998], [72.556027, 22.966902100000006], [72.55600920000002, 22.966847800000004], [72.5560992, 22.966822800000003], [72.55611700000001, 22.966877099999998]]]}}, {"type": "Feature", "properties": {"layer": "building", "distance_m": 463.6, "source": "Google Open Buildings", "in_industrial_zone": false, "ghsl_2018": 1}, "geometry": {"type": "Polygon", "coordinates": [[[72.5558867, 22.966875100000003], [72.5559189, 22.96699350000001], [72.55583420000002, 22.967013299999998], [72.55580200000001, 22.966894899999993], [72.5558867, 22.966875100000003]]]}}, {"type": "Feature", "properties": {"layer": "building", "distance_m": 433.5, "source": "Google Open Buildings", "in_industrial_zone": false, "ghsl_2018": 1}, "geometry": {"type": "Polygon", "coordinates": [[[72.5558825, 22.9675676], [72.55593590000001, 22.9675567], [72.5559526, 22.9676267], [72.5558992, 22.967637599999993], [72.5558825, 22.9675676]]]}}, {"type": "Feature", "properties": {"layer": "building", "distance_m": 404.6, "source": "Google Open Buildings", "in_industrial_zone": false, "ghsl_2018": 1}, "geometry": {"type": "Polygon", "coordinates": [[[72.5557157, 22.9677315], [72.5557302, 22.96783050000001], [72.555691, 22.967835499999996], [72.5556764, 22.967736400000003], [72.5557157, 22.9677315]]]}}, {"type": "Feature", "properties": {"layer": "building", "distance_m": 400.5, "source": "Google Open Buildings", "in_industrial_zone": false, "ghsl_2018": 1}, "geometry": {"type": "Polygon", "coordinates": [[[72.5559601, 22.967689500000002], [72.5560447, 22.968020700000004], [72.5559211, 22.9680477], [72.5558734, 22.9678611], [72.555681, 22.9679032], [72.5556705, 22.967862300000004], [72.5559384, 22.9678036], [72.5559119, 22.9677], [72.5559601, 22.967689500000002]]]}}, {"type": "Feature", "properties": {"layer": "building", "distance_m": 433.0, "source": "Google Open Buildings", "in_industrial_zone": false, "ghsl_2018": 1}, "geometry": {"type": "Polygon", "coordinates": [[[72.55609780000002, 22.96771190000001], [72.55612410000002, 22.967820899999996], [72.55600180000002, 22.9678463], [72.5559754, 22.967737300000003], [72.55609780000002, 22.96771190000001]]]}}, {"type": "Feature", "properties": {"layer": "building", "distance_m": 446.2, "source": "Google Open Buildings", "in_industrial_zone": false, "ghsl_2018": 1}, "geometry": {"type": "Polygon", "coordinates": [[[72.5562238, 22.9676732], [72.5562476, 22.967766500000003], [72.55611810000002, 22.967794899999998], [72.5560942, 22.967701500000004], [72.5562238, 22.9676732]]]}}, {"type": "Feature", "properties": {"layer": "building", "distance_m": 473.0, "source": "Google Open Buildings", "in_industrial_zone": false, "ghsl_2018": 1}, "geometry": {"type": "Polygon", "coordinates": [[[72.55665140000002, 22.967728100000002], [72.5568126, 22.968359500000002], [72.5566625, 22.968392299999998], [72.5565012, 22.9677609], [72.55665140000002, 22.967728100000002]]]}}, {"type": "Feature", "properties": {"layer": "building", "distance_m": 452.3, "source": "Google Open Buildings", "in_industrial_zone": false, "ghsl_2018": 1}, "geometry": {"type": "Polygon", "coordinates": [[[72.5565251, 22.967776600000008], [72.55653060000002, 22.967799800000005], [72.5564832, 22.967809600000002], [72.55662140000001, 22.968387599999996], [72.556457, 22.968421300000003], [72.55631320000002, 22.967820100000008], [72.5565251, 22.967776600000008]]]}}, {"type": "Feature", "properties": {"layer": "building", "distance_m": 438.3, "source": "Google Open Buildings", "in_industrial_zone": false, "ghsl_2018": 1}, "geometry": {"type": "Polygon", "coordinates": [[[72.55629940000001, 22.9678157], [72.55644540000002, 22.968419300000008], [72.5563202, 22.968445200000005], [72.55617410000002, 22.967841700000008], [72.55629940000001, 22.9678157]]]}}, {"type": "Feature", "properties": {"layer": "building", "distance_m": 412.5, "source": "Google Open Buildings", "in_industrial_zone": false, "ghsl_2018": 1}, "geometry": {"type": "Polygon", "coordinates": [[[72.5559633, 22.968213100000003], [72.5560388, 22.9681966], [72.5560599, 22.9682794], [72.5559845, 22.9682959], [72.5559633, 22.968213100000003]]]}}, {"type": "Feature", "properties": {"layer": "building", "distance_m": 479.6, "source": "Google Open Buildings", "in_industrial_zone": false, "ghsl_2018": 1}, "geometry": {"type": "Polygon", "coordinates": [[[72.5567668, 22.968442200000005], [72.55680480000001, 22.9684329], [72.5568306, 22.9685235], [72.5567926, 22.9685327], [72.5567668, 22.968442200000005]]]}}, {"type": "Feature", "properties": {"layer": "building", "distance_m": 492.8, "source": "Google Open Buildings", "in_industrial_zone": false, "ghsl_2018": 1}, "geometry": {"type": "Polygon", "coordinates": [[[72.5571934, 22.968980500000008], [72.5572053, 22.969028600000005], [72.55715129999999, 22.96904000000001], [72.5571394, 22.9689919], [72.5571934, 22.968980500000008]]]}}, {"type": "Feature", "properties": {"layer": "building", "distance_m": 489.7, "source": "Google Open Buildings", "in_industrial_zone": false, "ghsl_2018": 1}, "geometry": {"type": "Polygon", "coordinates": [[[72.557111, 22.968996], [72.5571496, 22.9689898], [72.5571577, 22.969033499999995], [72.55711900000001, 22.9690396], [72.557111, 22.968996]]]}}, {"type": "Feature", "properties": {"layer": "building", "distance_m": 489.0, "source": "Google Open Buildings", "in_industrial_zone": false, "ghsl_2018": 1}, "geometry": {"type": "Polygon", "coordinates": [[[72.55716080000002, 22.9688681], [72.5571797, 22.968934400000006], [72.5570773, 22.968959400000006], [72.5570584, 22.968893199999997], [72.55716080000002, 22.9688681]]]}}, {"type": "Feature", "properties": {"layer": "building", "distance_m": 499.9, "source": "Google Open Buildings", "in_industrial_zone": false, "ghsl_2018": 1}, "geometry": {"type": "Polygon", "coordinates": [[[72.5571895, 22.968855399999995], [72.5571922, 22.9688989], [72.5571671, 22.968900300000005], [72.5571644, 22.968856699999996], [72.5571895, 22.968855399999995]]]}}, {"type": "Feature", "properties": {"layer": "building", "distance_m": 480.4, "source": "Microsoft ML Buildings", "in_industrial_zone": false, "ghsl_2018": 1}, "geometry": {"type": "Polygon", "coordinates": [[[72.5569105, 22.968734200000007], [72.55703650000001, 22.968710100000006], [72.55705890000002, 22.968809500000003], [72.5569329, 22.96883370000001], [72.5569105, 22.968734200000007]]]}}, {"type": "Feature", "properties": {"layer": "building", "distance_m": 477.7, "source": "Google Open Buildings", "in_industrial_zone": false, "ghsl_2018": 1}, "geometry": {"type": "Polygon", "coordinates": [[[72.55718710000001, 22.969236799999997], [72.5571993, 22.969283400000002], [72.5571005, 22.9693057], [72.55708819999998, 22.969259100000002], [72.55718710000001, 22.969236799999997]]]}}, {"type": "Feature", "properties": {"layer": "building", "distance_m": 487.5, "source": "Microsoft ML Buildings", "in_industrial_zone": false, "ghsl_2018": 1}, "geometry": {"type": "Polygon", "coordinates": [[[72.55721670000001, 22.9691635], [72.5571527, 22.969181199999998], [72.5571405, 22.969143700000004], [72.5572044, 22.969126], [72.55721670000001, 22.9691635]]]}}, {"type": "Feature", "properties": {"layer": "building", "distance_m": 471.0, "source": "Microsoft ML Buildings", "in_industrial_zone": false, "ghsl_2018": 1}, "geometry": {"type": "Polygon", "coordinates": [[[72.55700770000001, 22.9691295], [72.5569622, 22.969131999999995], [72.5569522, 22.968974500000005], [72.5569976, 22.968972], [72.55700770000001, 22.9691295]]]}}, {"type": "Feature", "properties": {"layer": "building", "distance_m": 486.2, "source": "Google Open Buildings", "in_industrial_zone": false, "ghsl_2018": 1}, "geometry": {"type": "Polygon", "coordinates": [[[72.5572053, 22.969028600000005], [72.557218, 22.96908], [72.55710830000001, 22.969103200000003], [72.5570956, 22.969051799999995], [72.5572053, 22.969028600000005]]]}}, {"type": "Feature", "properties": {"layer": "building", "distance_m": 493.6, "source": "Google Open Buildings", "in_industrial_zone": false, "ghsl_2018": 1}, "geometry": {"type": "Polygon", "coordinates": [[[72.5572445, 22.9692225], [72.55728819999999, 22.969213500000006], [72.5573024, 22.969273000000005], [72.5572587, 22.969281900000002], [72.5572445, 22.9692225]]]}}, {"type": "Feature", "properties": {"layer": "building", "distance_m": 476.4, "source": "Microsoft ML Buildings", "in_industrial_zone": false, "ghsl_2018": 1}, "geometry": {"type": "Polygon", "coordinates": [[[72.5573057, 22.9694869], [72.55718440000001, 22.969512599999998], [72.5571682, 22.969448000000003], [72.5572895, 22.96942230000001], [72.5573057, 22.9694869]]]}}, {"type": "Feature", "properties": {"layer": "building", "distance_m": 462.0, "source": "Google Open Buildings", "in_industrial_zone": false, "ghsl_2018": 1}, "geometry": {"type": "Polygon", "coordinates": [[[72.5571723, 22.969669100000004], [72.55718499999999, 22.969718200000003], [72.5571321, 22.969730000000002], [72.55711940000002, 22.969680799999992], [72.5571723, 22.969669100000004]]]}}, {"type": "Feature", "properties": {"layer": "building", "distance_m": 445.5, "source": "Google Open Buildings", "in_industrial_zone": false, "ghsl_2018": 1}, "geometry": {"type": "Polygon", "coordinates": [[[72.5568906, 22.969555400000004], [72.5569254, 22.969545900000007], [72.5569407, 22.969593900000003], [72.5569979, 22.969578200000004], [72.5570153, 22.9696327], [72.55692320000001, 22.969657899999998], [72.5568906, 22.969555400000004]]]}}, {"type": "Feature", "properties": {"layer": "building", "distance_m": 474.6, "source": "Microsoft ML Buildings", "in_industrial_zone": false, "ghsl_2018": 1}, "geometry": {"type": "Polygon", "coordinates": [[[72.55713269999998, 22.969441500000013], [72.5571286, 22.969392400000004], [72.5571899, 22.969388000000006], [72.557194, 22.9694372], [72.55713269999998, 22.969441500000013]]]}}, {"type": "Feature", "properties": {"layer": "building", "distance_m": 434.1, "source": "Microsoft ML Buildings", "in_industrial_zone": false, "ghsl_2018": 1}, "geometry": {"type": "Polygon", "coordinates": [[[72.5568501, 22.969655500000002], [72.5568079, 22.969668899999995], [72.5567889, 22.9696182], [72.55683099999999, 22.969604800000006], [72.5568501, 22.969655500000002]]]}}, {"type": "Feature", "properties": {"layer": "building", "distance_m": 377.6, "source": "Microsoft ML Buildings", "in_industrial_zone": false, "ghsl_2018": 1}, "geometry": {"type": "Polygon", "coordinates": [[[72.5563008, 22.9697642], [72.556258, 22.969776000000003], [72.55624110000002, 22.969723799999997], [72.5562839, 22.9697121], [72.5563008, 22.9697642]]]}}, {"type": "Feature", "properties": {"layer": "building", "distance_m": 392.1, "source": "Google Open Buildings", "in_industrial_zone": false, "ghsl_2018": 1}, "geometry": {"type": "Polygon", "coordinates": [[[72.55632989999998, 22.969594500000003], [72.5563636, 22.969583100000005], [72.5563828, 22.969631800000005], [72.55634900000001, 22.969643200000004], [72.55632989999998, 22.969594500000003]]]}}, {"type": "Feature", "properties": {"layer": "building", "distance_m": 400.0, "source": "Google Open Buildings", "in_industrial_zone": false, "ghsl_2018": 1}, "geometry": {"type": "Polygon", "coordinates": [[[72.5563796, 22.969390500000006], [72.55637790000002, 22.9694237], [72.5563396, 22.9694221], [72.5563413, 22.969388900000006], [72.5563796, 22.969390500000006]]]}}, {"type": "Feature", "properties": {"layer": "building", "distance_m": 415.0, "source": "Microsoft ML Buildings", "in_industrial_zone": false, "ghsl_2018": 1}, "geometry": {"type": "Polygon", "coordinates": [[[72.5565297, 22.9694871], [72.5565846, 22.96947520000001], [72.55659739999999, 22.96952530000001], [72.5565425, 22.9695372], [72.5565297, 22.9694871]]]}}, {"type": "Feature", "properties": {"layer": "building", "distance_m": 418.1, "source": "Microsoft ML Buildings", "in_industrial_zone": false, "ghsl_2018": 1}, "geometry": {"type": "Polygon", "coordinates": [[[72.5566466, 22.9695793], [72.5565988, 22.969583599999996], [72.5565852, 22.969456500000003], [72.55666220000002, 22.9694495], [72.5566689, 22.969512000000005], [72.55663970000002, 22.9695147], [72.5566466, 22.9695793]]]}}, {"type": "Feature", "properties": {"layer": "building", "distance_m": 410.5, "source": "Google Open Buildings", "in_industrial_zone": false, "ghsl_2018": 1}, "geometry": {"type": "Polygon", "coordinates": [[[72.55643259999998, 22.9693501], [72.5564689, 22.9693457], [72.5564759, 22.9693959], [72.55643959999999, 22.969400300000004], [72.55643259999998, 22.9693501]]]}}, {"type": "Feature", "properties": {"layer": "building", "distance_m": 406.5, "source": "Microsoft ML Buildings", "in_industrial_zone": false, "ghsl_2018": 1}, "geometry": {"type": "Polygon", "coordinates": [[[72.556412, 22.969311200000003], [72.5563669, 22.969322200000004], [72.5563393, 22.9692263], [72.5563844, 22.9692153], [72.556412, 22.969311200000003]]]}}, {"type": "Feature", "properties": {"layer": "building", "distance_m": 405.0, "source": "Google Open Buildings", "in_industrial_zone": false, "ghsl_2018": 1}, "geometry": {"type": "Polygon", "coordinates": [[[72.5564633, 22.969301700000003], [72.55647410000002, 22.9693414], [72.5563694, 22.969366000000008], [72.5563585, 22.969326200000005], [72.5564633, 22.969301700000003]]]}}, {"type": "Feature", "properties": {"layer": "building", "distance_m": 403.9, "source": "Google Open Buildings", "in_industrial_zone": false, "ghsl_2018": 1}, "geometry": {"type": "Polygon", "coordinates": [[[72.5563701, 22.9693587], [72.55639820000002, 22.969356399999995], [72.556403, 22.969407600000004], [72.5563749, 22.9694099], [72.5563701, 22.9693587]]]}}, {"type": "Feature", "properties": {"layer": "building", "distance_m": 362.5, "source": "Google Open Buildings", "in_industrial_zone": false, "ghsl_2018": 1}, "geometry": {"type": "Polygon", "coordinates": [[[72.5560187, 22.969327599999993], [72.5560429, 22.9693964], [72.5559503, 22.96942419999999], [72.5559261, 22.969355500000002], [72.5560187, 22.969327599999993]]]}}, {"type": "Feature", "properties": {"layer": "building", "distance_m": 347.7, "source": "Google Open Buildings", "in_industrial_zone": false, "ghsl_2018": 1}, "geometry": {"type": "Polygon", "coordinates": [[[72.5557314, 22.969238], [72.5557782, 22.9692421], [72.555772, 22.969301700000003], [72.5557443, 22.9692992], [72.5557469, 22.9692743], [72.55572779999999, 22.9692726], [72.5557314, 22.969238]]]}}, {"type": "Feature", "properties": {"layer": "building", "distance_m": 350.2, "source": "Google Open Buildings", "in_industrial_zone": false, "ghsl_2018": 1}, "geometry": {"type": "Polygon", "coordinates": [[[72.55579410000001, 22.969268899999996], [72.5558026, 22.969302199999998], [72.555771, 22.969309000000003], [72.5557626, 22.9692757], [72.55579410000001, 22.969268899999996]]]}}, {"type": "Feature", "properties": {"layer": "building", "distance_m": 331.5, "source": "Microsoft ML Buildings", "in_industrial_zone": false, "ghsl_2018": 1}, "geometry": {"type": "Polygon", "coordinates": [[[72.5557335, 22.969311800000003], [72.555742, 22.969349700000002], [72.5559015, 22.969319299999995], [72.5559137, 22.96937369999999], [72.55578, 22.969399200000005], [72.5557837, 22.969415799999997], [72.5557246, 22.969427100000004], [72.5557118, 22.9693702], [72.55567060000001, 22.969378099999993], [72.55569780000002, 22.969498899999998], [72.5556747, 22.969503300000003], [72.5556592, 22.9694346], [72.5556309, 22.96944], [72.5556075, 22.969335800000003], [72.5557335, 22.969311800000003]]]}}, {"type": "Feature", "properties": {"layer": "building", "distance_m": 342.1, "source": "Microsoft ML Buildings", "in_industrial_zone": false, "ghsl_2018": 1}, "geometry": {"type": "Polygon", "coordinates": [[[72.55578510000001, 22.969423699999997], [72.5558252, 22.96941590000001], [72.5558481, 22.9695151], [72.5557797, 22.969528400000005], [72.5557675, 22.9694751], [72.55579569999999, 22.96946960000001], [72.55578510000001, 22.969423699999997]]]}}, {"type": "Feature", "properties": {"layer": "building", "distance_m": 330.8, "source": "Microsoft ML Buildings", "in_industrial_zone": false, "ghsl_2018": 1}, "geometry": {"type": "Polygon", "coordinates": [[[72.5556731, 22.9695555], [72.5556699, 22.969503800000002], [72.55573410000001, 22.9695004], [72.5557373, 22.96955210000001], [72.5556731, 22.9695555]]]}}, {"type": "Feature", "properties": {"layer": "building", "distance_m": 354.8, "source": "Microsoft ML Buildings", "in_industrial_zone": false, "ghsl_2018": 1}, "geometry": {"type": "Polygon", "coordinates": [[[72.5559586, 22.969503000000007], [72.55590079999999, 22.969500000000004], [72.5559038, 22.9694508], [72.5559616, 22.969453800000004], [72.5559586, 22.969503000000007]]]}}, {"type": "Feature", "properties": {"layer": "building", "distance_m": 362.4, "source": "Google Open Buildings", "in_industrial_zone": false, "ghsl_2018": 1}, "geometry": {"type": "Polygon", "coordinates": [[[72.556038, 22.9694086], [72.5560527, 22.969460800000004], [72.55597190000002, 22.969480199999992], [72.55595730000002, 22.969428], [72.556038, 22.9694086]]]}}, {"type": "Feature", "properties": {"layer": "building", "distance_m": 375.4, "source": "Google Open Buildings", "in_industrial_zone": false, "ghsl_2018": 1}, "geometry": {"type": "Polygon", "coordinates": [[[72.55611649999999, 22.969372000000007], [72.5561369, 22.969421900000004], [72.5560903, 22.9694382], [72.5560699, 22.9693884], [72.55611649999999, 22.969372000000007]]]}}, {"type": "Feature", "properties": {"layer": "building", "distance_m": 372.8, "source": "Google Open Buildings", "in_industrial_zone": false, "ghsl_2018": 1}, "geometry": {"type": "Polygon", "coordinates": [[[72.5561036, 22.96945180000001], [72.5561291, 22.9694844], [72.5561015, 22.969502900000005], [72.55607599999999, 22.969470300000005], [72.5561036, 22.96945180000001]]]}}, {"type": "Feature", "properties": {"layer": "building", "distance_m": 375.3, "source": "Google Open Buildings", "in_industrial_zone": false, "ghsl_2018": 1}, "geometry": {"type": "Polygon", "coordinates": [[[72.5561142, 22.969463299999997], [72.55615360000002, 22.969459699999998], [72.556159, 22.969511600000004], [72.5561196, 22.969515100000002], [72.5561142, 22.969463299999997]]]}}, {"type": "Feature", "properties": {"layer": "building", "distance_m": 364.5, "source": "Google Open Buildings", "in_industrial_zone": false, "ghsl_2018": 1}, "geometry": {"type": "Polygon", "coordinates": [[[72.55599739999998, 22.9694741], [72.5560306, 22.9694661], [72.55604509999999, 22.969517900000003], [72.556012, 22.969525899999994], [72.55599739999998, 22.9694741]]]}}, {"type": "Feature", "properties": {"layer": "building", "distance_m": 363.6, "source": "Microsoft ML Buildings", "in_industrial_zone": false, "ghsl_2018": 1}, "geometry": {"type": "Polygon", "coordinates": [[[72.5560551, 22.96962830000001], [72.5561106, 22.96962220000001], [72.5561176, 22.969675700000003], [72.5560621, 22.96968190000001], [72.5560551, 22.96962830000001]]]}}, {"type": "Feature", "properties": {"layer": "building", "distance_m": 355.3, "source": "Microsoft ML Buildings", "in_industrial_zone": false, "ghsl_2018": 1}, "geometry": {"type": "Polygon", "coordinates": [[[72.5560534, 22.9696832], [72.5559808, 22.969698], [72.5559686, 22.969647200000008], [72.5560412, 22.969632399999995], [72.5560534, 22.9696832]]]}}, {"type": "Feature", "properties": {"layer": "building", "distance_m": 344.1, "source": "Microsoft ML Buildings", "in_industrial_zone": false, "ghsl_2018": 1}, "geometry": {"type": "Polygon", "coordinates": [[[72.5559501, 22.969651700000007], [72.5559682, 22.9697058], [72.5558762, 22.969732000000004], [72.555858, 22.969677900000004], [72.5559501, 22.969651700000007]]]}}, {"type": "Feature", "properties": {"layer": "building", "distance_m": 344.6, "source": "Google Open Buildings", "in_industrial_zone": false, "ghsl_2018": 1}, "geometry": {"type": "Polygon", "coordinates": [[[72.5559291, 22.969573], [72.55594630000002, 22.969648700000004], [72.5558578, 22.9696659], [72.55584069999999, 22.969590100000016], [72.5559291, 22.969573]]]}}, {"type": "Feature", "properties": {"layer": "building", "distance_m": 339.8, "source": "Google Open Buildings", "in_industrial_zone": false, "ghsl_2018": 1}, "geometry": {"type": "Polygon", "coordinates": [[[72.555793, 22.969602200000004], [72.55583740000002, 22.969593099999997], [72.5558504, 22.9696474], [72.5558059, 22.969656500000003], [72.555793, 22.969602200000004]]]}}, {"type": "Feature", "properties": {"layer": "building", "distance_m": 326.3, "source": "Microsoft ML Buildings", "in_industrial_zone": false, "ghsl_2018": 1}, "geometry": {"type": "Polygon", "coordinates": [[[72.5558356, 22.969843400000002], [72.5557473, 22.969852900000003], [72.5557271, 22.969694599999997], [72.5558155, 22.969685], [72.5558356, 22.969843400000002]]]}}, {"type": "Feature", "properties": {"layer": "building", "distance_m": 338.4, "source": "Microsoft ML Buildings", "in_industrial_zone": false, "ghsl_2018": 1}, "geometry": {"type": "Polygon", "coordinates": [[[72.55589499999999, 22.969848000000006], [72.5558495, 22.969797300000003], [72.5558877, 22.969768199999994], [72.5559333, 22.9698189], [72.55589499999999, 22.969848000000006]]]}}, {"type": "Feature", "properties": {"layer": "building", "distance_m": 326.3, "source": "Microsoft ML Buildings", "in_industrial_zone": false, "ghsl_2018": 1}, "geometry": {"type": "Polygon", "coordinates": [[[72.55577659999999, 22.9698645], [72.5559275, 22.9698483], [72.5559358, 22.969914], [72.555785, 22.969930299999998], [72.55577659999999, 22.9698645]]]}}, {"type": "Feature", "properties": {"layer": "building", "distance_m": 323.0, "source": "Google Open Buildings", "in_industrial_zone": false, "ghsl_2018": 1}, "geometry": {"type": "Polygon", "coordinates": [[[72.5559204, 22.970018000000007], [72.55592959999998, 22.970056], [72.555819, 22.97007890000001], [72.5558099, 22.970040900000008], [72.5559204, 22.970018000000007]]]}}, {"type": "Feature", "properties": {"layer": "building", "distance_m": 340.8, "source": "Google Open Buildings", "in_industrial_zone": false, "ghsl_2018": 1}, "geometry": {"type": "Polygon", "coordinates": [[[72.555964, 22.969954399999992], [72.55599130000002, 22.969951200000008], [72.5559969, 22.9699924], [72.5559695, 22.969995600000008], [72.555964, 22.969954399999992]]]}}, {"type": "Feature", "properties": {"layer": "building", "distance_m": 359.2, "source": "Microsoft ML Buildings", "in_industrial_zone": false, "ghsl_2018": 1}, "geometry": {"type": "Polygon", "coordinates": [[[72.5561518, 22.969967600000007], [72.55613619999998, 22.969899], [72.55618860000001, 22.9698889], [72.5562042, 22.969957500000003], [72.5561518, 22.969967600000007]]]}}, {"type": "Feature", "properties": {"layer": "building", "distance_m": 361.8, "source": "Microsoft ML Buildings", "in_industrial_zone": false, "ghsl_2018": 1}, "geometry": {"type": "Polygon", "coordinates": [[[72.55623129999998, 22.9698792], [72.55614040000002, 22.9698835], [72.5561375, 22.969833200000004], [72.5562285, 22.9698289], [72.55623129999998, 22.9698792]]]}}, {"type": "Feature", "properties": {"layer": "building", "distance_m": 347.8, "source": "Microsoft ML Buildings", "in_industrial_zone": false, "ghsl_2018": 1}, "geometry": {"type": "Polygon", "coordinates": [[[72.5560427, 22.969842900000003], [72.5559821, 22.969863200000002], [72.5559583, 22.9698031], [72.55601889999998, 22.969782800000004], [72.5560427, 22.969842900000003]]]}}, {"type": "Feature", "properties": {"layer": "building", "distance_m": 357.3, "source": "Google Open Buildings", "in_industrial_zone": false, "ghsl_2018": 1}, "geometry": {"type": "Polygon", "coordinates": [[[72.5561127, 22.969737399999996], [72.5561313, 22.969812400000002], [72.5560655, 22.9698263], [72.55604699999999, 22.969751400000003], [72.5561127, 22.969737399999996]]]}}, {"type": "Feature", "properties": {"layer": "building", "distance_m": 365.8, "source": "Microsoft ML Buildings", "in_industrial_zone": false, "ghsl_2018": 1}, "geometry": {"type": "Polygon", "coordinates": [[[72.5561991, 22.969786200000005], [72.55614350000002, 22.9697988], [72.55612599999999, 22.969733600000012], [72.55618159999999, 22.969721000000003], [72.5561991, 22.969786200000005]]]}}, {"type": "Feature", "properties": {"layer": "building", "distance_m": 387.8, "source": "Google Open Buildings", "in_industrial_zone": false, "ghsl_2018": 1}, "geometry": {"type": "Polygon", "coordinates": [[[72.5564179, 22.969847200000007], [72.5564479, 22.969850999999995], [72.5564435, 22.969880900000003], [72.5564135, 22.969877200000003], [72.5564179, 22.969847200000007]]]}}, {"type": "Feature", "properties": {"layer": "building", "distance_m": 379.9, "source": "Google Open Buildings", "in_industrial_zone": false, "ghsl_2018": 1}, "geometry": {"type": "Polygon", "coordinates": [[[72.5562968, 22.969783900000007], [72.5563488, 22.969773700000008], [72.55635909999998, 22.969818600000007], [72.55630720000002, 22.9698289], [72.5562968, 22.969783900000007]]]}}, {"type": "Feature", "properties": {"layer": "building", "distance_m": 391.7, "source": "Microsoft ML Buildings", "in_industrial_zone": false, "ghsl_2018": 1}, "geometry": {"type": "Polygon", "coordinates": [[[72.55645309999998, 22.969875400000006], [72.55643019999998, 22.969766899999996], [72.5564783, 22.96975830000001], [72.5565012, 22.969866699999997], [72.55645309999998, 22.969875400000006]]]}}, {"type": "Feature", "properties": {"layer": "building", "distance_m": 397.7, "source": "Microsoft ML Buildings", "in_industrial_zone": false, "ghsl_2018": 1}, "geometry": {"type": "Polygon", "coordinates": [[[72.5564937, 22.9697909], [72.5565347, 22.969782700000007], [72.55655089999999, 22.969850999999995], [72.55651, 22.969859300000003], [72.5564937, 22.9697909]]]}}, {"type": "Feature", "properties": {"layer": "building", "distance_m": 403.1, "source": "Microsoft ML Buildings", "in_industrial_zone": false, "ghsl_2018": 1}, "geometry": {"type": "Polygon", "coordinates": [[[72.55659579999998, 22.9699222], [72.5565851, 22.969859600000003], [72.5566793, 22.9698459], [72.5566901, 22.969908500000006], [72.55659579999998, 22.9699222]]]}}, {"type": "Feature", "properties": {"layer": "building", "distance_m": 395.9, "source": "Google Open Buildings", "in_industrial_zone": false, "ghsl_2018": 1}, "geometry": {"type": "Polygon", "coordinates": [[[72.55652010000001, 22.969922299999997], [72.55655530000001, 22.969903900000002], [72.5566158, 22.970002800000003], [72.55658059999999, 22.970021199999998], [72.55652010000001, 22.969922299999997]]]}}, {"type": "Feature", "properties": {"layer": "building", "distance_m": 396.0, "source": "Microsoft ML Buildings", "in_industrial_zone": false, "ghsl_2018": 1}, "geometry": {"type": "Polygon", "coordinates": [[[72.5566599, 22.970105100000005], [72.55660629999998, 22.970106700000002], [72.5566034, 22.970020300000012], [72.556657, 22.9700188], [72.5566599, 22.970105100000005]]]}}, {"type": "Feature", "properties": {"layer": "building", "distance_m": 375.5, "source": "Microsoft ML Buildings", "in_industrial_zone": false, "ghsl_2018": 1}, "geometry": {"type": "Polygon", "coordinates": [[[72.5563313, 22.9699721], [72.5564636, 22.969927300000002], [72.5564954, 22.9700068], [72.55636310000001, 22.970051599999994], [72.5563313, 22.9699721]]]}}, {"type": "Feature", "properties": {"layer": "building", "distance_m": 360.3, "source": "Microsoft ML Buildings", "in_industrial_zone": false, "ghsl_2018": 1}, "geometry": {"type": "Polygon", "coordinates": [[[72.5562625, 22.970136300000004], [72.55632300000002, 22.970137599999997], [72.5563219, 22.970181999999998], [72.5562613, 22.970180700000004], [72.5562625, 22.970136300000004]]]}}, {"type": "Feature", "properties": {"layer": "building", "distance_m": 351.6, "source": "Google Open Buildings", "in_industrial_zone": false, "ghsl_2018": 1}, "geometry": {"type": "Polygon", "coordinates": [[[72.55621719999999, 22.9702607], [72.5562485, 22.970254000000004], [72.5562614, 22.9703058], [72.55623009999998, 22.970312500000006], [72.55621719999999, 22.9702607]]]}}, {"type": "Feature", "properties": {"layer": "building", "distance_m": 378.6, "source": "Microsoft ML Buildings", "in_industrial_zone": false, "ghsl_2018": 1}, "geometry": {"type": "Polygon", "coordinates": [[[72.5564269, 22.970088000000004], [72.55650489999998, 22.970065400000003], [72.5565434, 22.9701777], [72.55646529999999, 22.970200400000003], [72.5564269, 22.970088000000004]]]}}, {"type": "Feature", "properties": {"layer": "building", "distance_m": 393.3, "source": "Google Open Buildings", "in_industrial_zone": false, "ghsl_2018": 1}, "geometry": {"type": "Polygon", "coordinates": [[[72.5566696, 22.970170400000004], [72.5566755, 22.970228100000003], [72.5566357, 22.97023160000001], [72.55662980000001, 22.970173800000005], [72.5566696, 22.970170400000004]]]}}, {"type": "Feature", "properties": {"layer": "building", "distance_m": 377.0, "source": "Microsoft ML Buildings", "in_industrial_zone": false, "ghsl_2018": 1}, "geometry": {"type": "Polygon", "coordinates": [[[72.5566687, 22.970495399999997], [72.55659520000002, 22.9705198], [72.5565609, 22.97043250000001], [72.55663439999998, 22.970408], [72.5566687, 22.970495399999997]]]}}, {"type": "Feature", "properties": {"layer": "building", "distance_m": 335.3, "source": "Google Open Buildings", "in_industrial_zone": false, "ghsl_2018": 1}, "geometry": {"type": "Polygon", "coordinates": [[[72.556117, 22.970409599999996], [72.55615430000002, 22.970400500000004], [72.5561772, 22.970481100000004], [72.5561399, 22.9704902], [72.556117, 22.970409599999996]]]}}, {"type": "Feature", "properties": {"layer": "building", "distance_m": 329.6, "source": "Google Open Buildings", "in_industrial_zone": false, "ghsl_2018": 1}, "geometry": {"type": "Polygon", "coordinates": [[[72.5560067, 22.9703002], [72.55604179999999, 22.970296800000003], [72.55604659999999, 22.970339700000007], [72.55601140000002, 22.970343], [72.5560067, 22.9703002]]]}}, {"type": "Feature", "properties": {"layer": "building", "distance_m": 332.6, "source": "Google Open Buildings", "in_industrial_zone": false, "ghsl_2018": 1}, "geometry": {"type": "Polygon", "coordinates": [[[72.5560981, 22.9702836], [72.5561124, 22.9703449], [72.55604939999999, 22.970357600000003], [72.556035, 22.9702962], [72.5560981, 22.9702836]]]}}, {"type": "Feature", "properties": {"layer": "building", "distance_m": 343.7, "source": "Microsoft ML Buildings", "in_industrial_zone": false, "ghsl_2018": 1}, "geometry": {"type": "Polygon", "coordinates": [[[72.5560801, 22.9701444], [72.5561297, 22.970136899999996], [72.5561366, 22.970175300000008], [72.556087, 22.970182900000005], [72.5560801, 22.9701444]]]}}, {"type": "Feature", "properties": {"layer": "building", "distance_m": 333.4, "source": "Google Open Buildings", "in_industrial_zone": false, "ghsl_2018": 1}, "geometry": {"type": "Polygon", "coordinates": [[[72.5560445, 22.970177400000008], [72.55605949999999, 22.970234400000006], [72.5560069, 22.970246300000003], [72.555992, 22.970189299999998], [72.5560445, 22.970177400000008]]]}}, {"type": "Feature", "properties": {"layer": "building", "distance_m": 302.7, "source": "Google Open Buildings", "in_industrial_zone": false, "ghsl_2018": 1}, "geometry": {"type": "Polygon", "coordinates": [[[72.55580010000001, 22.9703904], [72.5558148, 22.9704404], [72.5557757, 22.970450200000002], [72.555761, 22.97040020000001], [72.55580010000001, 22.9703904]]]}}, {"type": "Feature", "properties": {"layer": "building", "distance_m": 315.7, "source": "Microsoft ML Buildings", "in_industrial_zone": false, "ghsl_2018": 1}, "geometry": {"type": "Polygon", "coordinates": [[[72.5559992, 22.97063560000001], [72.55599559999999, 22.9705221], [72.55608789999998, 22.970519700000004], [72.55608919999999, 22.9705641], [72.55616049999999, 22.970562200000003], [72.5561621, 22.970614], [72.556071, 22.970616400000004], [72.5560715, 22.970633699999997], [72.5559992, 22.97063560000001]]]}}, {"type": "Feature", "properties": {"layer": "building", "distance_m": 318.7, "source": "Google Open Buildings", "in_industrial_zone": false, "ghsl_2018": 1}, "geometry": {"type": "Polygon", "coordinates": [[[72.55605640000002, 22.970679000000008], [72.55610150000001, 22.9706683], [72.55611070000002, 22.970701699999992], [72.5560656, 22.97071230000001], [72.55605640000002, 22.970679000000008]]]}}, {"type": "Feature", "properties": {"layer": "building", "distance_m": 307.4, "source": "Google Open Buildings", "in_industrial_zone": false, "ghsl_2018": 1}, "geometry": {"type": "Polygon", "coordinates": [[[72.5560986, 22.9709498], [72.5561026, 22.9709844], [72.55606080000001, 22.9709885], [72.55605679999998, 22.970953800000007], [72.5560986, 22.9709498]]]}}, {"type": "Feature", "properties": {"layer": "building", "distance_m": 331.9, "source": "Google Open Buildings", "in_industrial_zone": false, "ghsl_2018": 1}, "geometry": {"type": "Polygon", "coordinates": [[[72.5563502, 22.970896600000007], [72.5562857, 22.970914000000004], [72.5562754, 22.970881300000002], [72.55633979999999, 22.970863800000007], [72.5563502, 22.970896600000007]]]}}, {"type": "Feature", "properties": {"layer": "building", "distance_m": 334.4, "source": "Microsoft ML Buildings", "in_industrial_zone": false, "ghsl_2018": 1}, "geometry": {"type": "Polygon", "coordinates": [[[72.5563393, 22.970859300000004], [72.5562945, 22.970868600000003], [72.55628499999999, 22.97083], [72.5563299, 22.970820700000004], [72.5563393, 22.970859300000004]]]}}, {"type": "Feature", "properties": {"layer": "building", "distance_m": 340.6, "source": "Google Open Buildings", "in_industrial_zone": false, "ghsl_2018": 1}, "geometry": {"type": "Polygon", "coordinates": [[[72.5564517, 22.9709813], [72.5564636, 22.9710487], [72.5564187, 22.9710554], [72.5564069, 22.970988100000003], [72.5564517, 22.9709813]]]}}, {"type": "Feature", "properties": {"layer": "building", "distance_m": 333.1, "source": "Microsoft ML Buildings", "in_industrial_zone": false, "ghsl_2018": 1}, "geometry": {"type": "Polygon", "coordinates": [[[72.5563553, 22.971099100000007], [72.5563291, 22.970912000000002], [72.55639500000001, 22.970904200000003], [72.5564213, 22.9710912], [72.5563553, 22.971099100000007]]]}}, {"type": "Feature", "properties": {"layer": "building", "distance_m": 322.8, "source": "Google Open Buildings", "in_industrial_zone": false, "ghsl_2018": 1}, "geometry": {"type": "Polygon", "coordinates": [[[72.5563016, 22.9710678], [72.5563108, 22.9711116], [72.55625779999998, 22.971121200000002], [72.5562486, 22.9710774], [72.5563016, 22.9710678]]]}}, {"type": "Feature", "properties": {"layer": "building", "distance_m": 353.5, "source": "Google Open Buildings", "in_industrial_zone": false, "ghsl_2018": 1}, "geometry": {"type": "Polygon", "coordinates": [[[72.55661249999999, 22.971125699999998], [72.5566241, 22.971180000000004], [72.5565824, 22.971187700000005], [72.5565707, 22.971133400000003], [72.55661249999999, 22.971125699999998]]]}}, {"type": "Feature", "properties": {"layer": "building", "distance_m": 359.5, "source": "Google Open Buildings", "in_industrial_zone": false, "ghsl_2018": 1}, "geometry": {"type": "Polygon", "coordinates": [[[72.55662380000001, 22.9711119], [72.55666729999999, 22.971100899999996], [72.5566815, 22.9711488], [72.556638, 22.971159800000002], [72.55662380000001, 22.9711119]]]}}, {"type": "Feature", "properties": {"layer": "building", "distance_m": 353.0, "source": "Google Open Buildings", "in_industrial_zone": false, "ghsl_2018": 1}, "geometry": {"type": "Polygon", "coordinates": [[[72.5565925, 22.971044799999998], [72.5566148, 22.971109200000004], [72.5565674, 22.971123400000003], [72.556545, 22.971059], [72.5565925, 22.971044799999998]]]}}, {"type": "Feature", "properties": {"layer": "building", "distance_m": 355.2, "source": "Google Open Buildings", "in_industrial_zone": false, "ghsl_2018": 1}, "geometry": {"type": "Polygon", "coordinates": [[[72.5565644, 22.971013799999998], [72.5566221, 22.9710122], [72.55662340000002, 22.971053000000005], [72.5565657, 22.971054500000005], [72.5565644, 22.971013799999998]]]}}, {"type": "Feature", "properties": {"layer": "building", "distance_m": 356.9, "source": "Microsoft ML Buildings", "in_industrial_zone": false, "ghsl_2018": 1}, "geometry": {"type": "Polygon", "coordinates": [[[72.5566348, 22.970997600000008], [72.55656780000001, 22.971000000000004], [72.5565629, 22.970884100000003], [72.5566299, 22.9708817], [72.5566348, 22.970997600000008]]]}}, {"type": "Feature", "properties": {"layer": "building", "distance_m": 369.7, "source": "Google Open Buildings", "in_industrial_zone": false, "ghsl_2018": 1}, "geometry": {"type": "Polygon", "coordinates": [[[72.55671170000001, 22.97080640000001], [72.55672930000001, 22.9708612], [72.55666019999998, 22.9708803], [72.5566426, 22.970825400000006], [72.55671170000001, 22.97080640000001]]]}}, {"type": "Feature", "properties": {"layer": "building", "distance_m": 371.9, "source": "Google Open Buildings", "in_industrial_zone": false, "ghsl_2018": 1}, "geometry": {"type": "Polygon", "coordinates": [[[72.5566997, 22.970768900000003], [72.55671170000001, 22.97080640000001], [72.55666240000001, 22.970819999999993], [72.5566503, 22.970782499999995], [72.5566997, 22.970768900000003]]]}}, {"type": "Feature", "properties": {"layer": "building", "distance_m": 339.9, "source": "Google Open Buildings", "in_industrial_zone": false, "ghsl_2018": 1}, "geometry": {"type": "Polygon", "coordinates": [[[72.55631200000002, 22.970753399999996], [72.5563613, 22.970744099999997], [72.5563668, 22.970769100000002], [72.5563175, 22.9707784], [72.55631200000002, 22.970753399999996]]]}}, {"type": "Feature", "properties": {"layer": "building", "distance_m": 332.0, "source": "Google Open Buildings", "in_industrial_zone": false, "ghsl_2018": 1}, "geometry": {"type": "Polygon", "coordinates": [[[72.556338, 22.970776900000008], [72.55634550000002, 22.970813200000002], [72.5562556, 22.970829200000004], [72.55624799999998, 22.970793], [72.556338, 22.970776900000008]]]}}, {"type": "Feature", "properties": {"layer": "building", "distance_m": 344.5, "source": "Google Open Buildings", "in_industrial_zone": false, "ghsl_2018": 1}, "geometry": {"type": "Polygon", "coordinates": [[[72.5563035, 22.970602600000003], [72.5563376, 22.9705995], [72.55634210000001, 22.970641200000003], [72.556308, 22.970644299999996], [72.5563035, 22.970602600000003]]]}}, {"type": "Feature", "properties": {"layer": "building", "distance_m": 338.4, "source": "Microsoft ML Buildings", "in_industrial_zone": false, "ghsl_2018": 1}, "geometry": {"type": "Polygon", "coordinates": [[[72.5562798, 22.9705482], [72.5562076, 22.97056660000001], [72.55618479999998, 22.97049090000001], [72.5562571, 22.9704725], [72.5562798, 22.9705482]]]}}, {"type": "Feature", "properties": {"layer": "building", "distance_m": 363.4, "source": "Microsoft ML Buildings", "in_industrial_zone": false, "ghsl_2018": 1}, "geometry": {"type": "Polygon", "coordinates": [[[72.5564608, 22.970496600000004], [72.5565153, 22.970490900000005], [72.5565225, 22.970549399999996], [72.55646799999998, 22.9705551], [72.5564608, 22.970496600000004]]]}}, {"type": "Feature", "properties": {"layer": "building", "distance_m": 403.6, "source": "Microsoft ML Buildings", "in_industrial_zone": false, "ghsl_2018": 1}, "geometry": {"type": "Polygon", "coordinates": [[[72.5570208, 22.9705955], [72.55691830000002, 22.9706252], [72.55687839999999, 22.970508200000012], [72.556981, 22.970478599999996], [72.5570208, 22.9705955]]]}}, {"type": "Feature", "properties": {"layer": "building", "distance_m": 424.4, "source": "Microsoft ML Buildings", "in_industrial_zone": false, "ghsl_2018": 1}, "geometry": {"type": "Polygon", "coordinates": [[[72.557079, 22.970460400000004], [72.5571286, 22.970452799999997], [72.5571373, 22.970500900000005], [72.5570877, 22.970508500000005], [72.557079, 22.970460400000004]]]}}, {"type": "Feature", "properties": {"layer": "building", "distance_m": 424.8, "source": "Microsoft ML Buildings", "in_industrial_zone": false, "ghsl_2018": 1}, "geometry": {"type": "Polygon", "coordinates": [[[72.55712900000002, 22.970606], [72.5571733, 22.9705825], [72.5572232, 22.970662200000003], [72.557179, 22.970685700000004], [72.55712900000002, 22.970606]]]}}, {"type": "Feature", "properties": {"layer": "building", "distance_m": 410.7, "source": "Microsoft ML Buildings", "in_industrial_zone": false, "ghsl_2018": 1}, "geometry": {"type": "Polygon", "coordinates": [[[72.5570571, 22.9708159], [72.55703530000001, 22.9707463], [72.5570962, 22.9707301], [72.55711800000002, 22.970799800000005], [72.5570571, 22.9708159]]]}}, {"type": "Feature", "properties": {"layer": "building", "distance_m": 400.5, "source": "Google Open Buildings", "in_industrial_zone": false, "ghsl_2018": 1}, "geometry": {"type": "Polygon", "coordinates": [[[72.5569824, 22.970691200000005], [72.5570211, 22.970811800000007], [72.5569577, 22.970829200000004], [72.556919, 22.9707086], [72.5569824, 22.970691200000005]]]}}, {"type": "Feature", "properties": {"layer": "building", "distance_m": 371.8, "source": "Google Open Buildings", "in_industrial_zone": false, "ghsl_2018": 1}, "geometry": {"type": "Polygon", "coordinates": [[[72.55668, 22.9708748], [72.55672930000001, 22.9708612], [72.55674219999999, 22.970901399999995], [72.55669279999998, 22.970915], [72.55668, 22.9708748]]]}}, {"type": "Feature", "properties": {"layer": "building", "distance_m": 377.1, "source": "Google Open Buildings", "in_industrial_zone": false, "ghsl_2018": 1}, "geometry": {"type": "Polygon", "coordinates": [[[72.55677879999999, 22.970811499999996], [72.5568023, 22.9708848], [72.55674219999999, 22.970901399999995], [72.5567187, 22.970828], [72.55677879999999, 22.970811499999996]]]}}, {"type": "Feature", "properties": {"layer": "building", "distance_m": 383.5, "source": "Google Open Buildings", "in_industrial_zone": false, "ghsl_2018": 1}, "geometry": {"type": "Polygon", "coordinates": [[[72.5568428, 22.9707939], [72.5568807, 22.970912200000008], [72.55681670000001, 22.970929800000004], [72.5567895, 22.970844699999997], [72.556814, 22.970838000000004], [72.55680329999998, 22.970804700000006], [72.5568428, 22.9707939]]]}}, {"type": "Feature", "properties": {"layer": "building", "distance_m": 392.3, "source": "Google Open Buildings", "in_industrial_zone": false, "ghsl_2018": 1}, "geometry": {"type": "Polygon", "coordinates": [[[72.55688229999998, 22.970831800000006], [72.5569356, 22.970824900000004], [72.55694279999999, 22.970873399999995], [72.5568895, 22.970880200000003], [72.55688229999998, 22.970831800000006]]]}}, {"type": "Feature", "properties": {"layer": "building", "distance_m": 371.9, "source": "Google Open Buildings", "in_industrial_zone": false, "ghsl_2018": 1}, "geometry": {"type": "Polygon", "coordinates": [[[72.55677530000001, 22.970941100000005], [72.5567916, 22.970992100000004], [72.5567236, 22.971010800000002], [72.5567072, 22.970959900000004], [72.55677530000001, 22.970941100000005]]]}}, {"type": "Feature", "properties": {"layer": "building", "distance_m": 372.1, "source": "Google Open Buildings", "in_industrial_zone": false, "ghsl_2018": 1}, "geometry": {"type": "Polygon", "coordinates": [[[72.5567916, 22.970992100000004], [72.5568085, 22.9710448], [72.5567405, 22.971063500000003], [72.5567236, 22.971010800000002], [72.5567916, 22.970992100000004]]]}}, {"type": "Feature", "properties": {"layer": "building", "distance_m": 374.5, "source": "Google Open Buildings", "in_industrial_zone": false, "ghsl_2018": 1}, "geometry": {"type": "Polygon", "coordinates": [[[72.5568085, 22.9710448], [72.5568216, 22.971085400000003], [72.55677410000001, 22.971098499999997], [72.5567611, 22.9710578], [72.5568085, 22.9710448]]]}}, {"type": "Feature", "properties": {"layer": "building", "distance_m": 368.5, "source": "Microsoft ML Buildings", "in_industrial_zone": false, "ghsl_2018": 1}, "geometry": {"type": "Polygon", "coordinates": [[[72.5567264, 22.971162899999996], [72.55679740000001, 22.971139100000006], [72.5568207, 22.971197900000004], [72.5567497, 22.9712218], [72.5567264, 22.971162899999996]]]}}, {"type": "Feature", "properties": {"layer": "building", "distance_m": 384.3, "source": "Microsoft ML Buildings", "in_industrial_zone": false, "ghsl_2018": 1}, "geometry": {"type": "Polygon", "coordinates": [[[72.5569154, 22.971122200000007], [72.5568792, 22.9711309], [72.5568576, 22.9710546], [72.55689380000001, 22.97104590000001], [72.5569154, 22.971122200000007]]]}}, {"type": "Feature", "properties": {"layer": "building", "distance_m": 399.1, "source": "Microsoft ML Buildings", "in_industrial_zone": false, "ghsl_2018": 1}, "geometry": {"type": "Polygon", "coordinates": [[[72.557032, 22.971162100000004], [72.5570854, 22.971154300000002], [72.5570971, 22.971221700000005], [72.5570436, 22.97122960000001], [72.557032, 22.971162100000004]]]}}, {"type": "Feature", "properties": {"layer": "building", "distance_m": 418.6, "source": "Google Open Buildings", "in_industrial_zone": false, "ghsl_2018": 1}, "geometry": {"type": "Polygon", "coordinates": [[[72.5572128, 22.9708592], [72.5572302, 22.970909000000002], [72.5571722, 22.970926300000006], [72.5571549, 22.9708765], [72.5572128, 22.9708592]]]}}, {"type": "Feature", "properties": {"layer": "building", "distance_m": 419.2, "source": "Google Open Buildings", "in_industrial_zone": false, "ghsl_2018": 1}, "geometry": {"type": "Polygon", "coordinates": [[[72.5572422, 22.970943700000003], [72.5572644, 22.971007100000005], [72.55720640000001, 22.971024499999995], [72.5571843, 22.970961], [72.5572422, 22.970943700000003]]]}}, {"type": "Feature", "properties": {"layer": "building", "distance_m": 420.6, "source": "Google Open Buildings", "in_industrial_zone": false, "ghsl_2018": 1}, "geometry": {"type": "Polygon", "coordinates": [[[72.5572845, 22.9710115], [72.5572975, 22.971048200000002], [72.55722829999999, 22.97106910000001], [72.5572153, 22.971032400000002], [72.5572845, 22.9710115]]]}}, {"type": "Feature", "properties": {"layer": "building", "distance_m": 436.1, "source": "Microsoft ML Buildings", "in_industrial_zone": false, "ghsl_2018": 1}, "geometry": {"type": "Polygon", "coordinates": [[[72.5573605, 22.970989700000004], [72.5574072, 22.9709714], [72.5574628, 22.971091500000007], [72.5574161, 22.971109800000004], [72.5573605, 22.970989700000004]]]}}, {"type": "Feature", "properties": {"layer": "building", "distance_m": 460.3, "source": "Google Open Buildings", "in_industrial_zone": false, "ghsl_2018": 1}, "geometry": {"type": "Polygon", "coordinates": [[[72.5576899, 22.971132600000004], [72.5577093, 22.9711998], [72.55765330000001, 22.971213700000003], [72.5576339, 22.9711465], [72.5576899, 22.971132600000004]]]}}, {"type": "Feature", "properties": {"layer": "building", "distance_m": 456.0, "source": "Google Open Buildings", "in_industrial_zone": false, "ghsl_2018": 1}, "geometry": {"type": "Polygon", "coordinates": [[[72.5575325, 22.9708805], [72.5575862, 22.9708638], [72.5576519, 22.971044799999998], [72.55759830000001, 22.971061500000005], [72.5575325, 22.9708805]]]}}, {"type": "Feature", "properties": {"layer": "building", "distance_m": 432.7, "source": "Microsoft ML Buildings", "in_industrial_zone": false, "ghsl_2018": 1}, "geometry": {"type": "Polygon", "coordinates": [[[72.5572283, 22.9706174], [72.5572818, 22.9706145], [72.5572859, 22.9706785], [72.55732329999998, 22.970676500000007], [72.5573264, 22.970725700000003], [72.5572703, 22.9707287], [72.557266, 22.9706623], [72.5572313, 22.970664199999998], [72.5572283, 22.9706174]]]}}, {"type": "Feature", "properties": {"layer": "building", "distance_m": 430.9, "source": "Microsoft ML Buildings", "in_industrial_zone": false, "ghsl_2018": 1}, "geometry": {"type": "Polygon", "coordinates": [[[72.55731190000002, 22.970589900000004], [72.55721899999999, 22.970629300000002], [72.557144, 22.970479499999996], [72.557237, 22.970440099999998], [72.55731190000002, 22.970589900000004]]]}}, {"type": "Feature", "properties": {"layer": "building", "distance_m": 456.6, "source": "Microsoft ML Buildings", "in_industrial_zone": false, "ghsl_2018": 1}, "geometry": {"type": "Polygon", "coordinates": [[[72.5574309, 22.9705339], [72.5574236, 22.970484100000007], [72.55750259999999, 22.970474200000005], [72.55750990000001, 22.970524000000005], [72.5574309, 22.9705339]]]}}, {"type": "Feature", "properties": {"layer": "building", "distance_m": 456.2, "source": "Google Open Buildings", "in_industrial_zone": false, "ghsl_2018": 1}, "geometry": {"type": "Polygon", "coordinates": [[[72.5575041, 22.970552500000007], [72.5575136, 22.9705889], [72.55745099999999, 22.970602900000006], [72.55744149999998, 22.970566500000004], [72.5575041, 22.970552500000007]]]}}, {"type": "Feature", "properties": {"layer": "building", "distance_m": 465.2, "source": "Google Open Buildings", "in_industrial_zone": false, "ghsl_2018": 1}, "geometry": {"type": "Polygon", "coordinates": [[[72.5576044, 22.97056890000001], [72.5576197, 22.970630700000005], [72.5575563, 22.9706441], [72.5575498, 22.970617800000003], [72.5575698, 22.970613600000004], [72.55756099999999, 22.9705781], [72.5576044, 22.97056890000001]]]}}, {"type": "Feature", "properties": {"layer": "building", "distance_m": 467.8, "source": "Google Open Buildings", "in_industrial_zone": false, "ghsl_2018": 1}, "geometry": {"type": "Polygon", "coordinates": [[[72.55759879999998, 22.9705462], [72.5576044, 22.97056890000001], [72.55756099999999, 22.9705781], [72.5575554, 22.970555500000003], [72.55759879999998, 22.9705462]]]}}, {"type": "Feature", "properties": {"layer": "building", "distance_m": 479.9, "source": "Google Open Buildings", "in_industrial_zone": false, "ghsl_2018": 1}, "geometry": {"type": "Polygon", "coordinates": [[[72.5576034, 22.970333300000007], [72.5576434, 22.970321999999996], [72.55773530000002, 22.9706014], [72.55769529999999, 22.970612700000004], [72.5576034, 22.970333300000007]]]}}, {"type": "Feature", "properties": {"layer": "building", "distance_m": 461.1, "source": "Google Open Buildings", "in_industrial_zone": false, "ghsl_2018": 1}, "geometry": {"type": "Polygon", "coordinates": [[[72.5574984, 22.970447300000004], [72.5575033, 22.970470800000008], [72.5574565, 22.970479100000006], [72.5574516, 22.970455700000002], [72.5574984, 22.970447300000004]]]}}, {"type": "Feature", "properties": {"layer": "building", "distance_m": 457.9, "source": "Google Open Buildings", "in_industrial_zone": false, "ghsl_2018": 1}, "geometry": {"type": "Polygon", "coordinates": [[[72.5574713, 22.970406800000006], [72.55749039999999, 22.970448999999995], [72.5574245, 22.970474500000005], [72.5574055, 22.970432199999998], [72.5574713, 22.970406800000006]]]}}, {"type": "Feature", "properties": {"layer": "building", "distance_m": 459.7, "source": "Google Open Buildings", "in_industrial_zone": false, "ghsl_2018": 1}, "geometry": {"type": "Polygon", "coordinates": [[[72.55741019999999, 22.970156900000003], [72.5574432, 22.970273], [72.5573666, 22.9702916], [72.5573336, 22.970175499999996], [72.55741019999999, 22.970156900000003]]]}}, {"type": "Feature", "properties": {"layer": "building", "distance_m": 468.1, "source": "Google Open Buildings", "in_industrial_zone": false, "ghsl_2018": 1}, "geometry": {"type": "Polygon", "coordinates": [[[72.55746789999999, 22.970150500000003], [72.5574864, 22.970211499999994], [72.5574258, 22.970227200000004], [72.5574074, 22.970166300000002], [72.55746789999999, 22.970150500000003]]]}}, {"type": "Feature", "properties": {"layer": "building", "distance_m": 391.1, "source": "Microsoft ML Buildings", "in_industrial_zone": false, "ghsl_2018": 1}, "geometry": {"type": "Polygon", "coordinates": [[[72.5568297, 22.970458499999996], [72.55672590000002, 22.970479600000008], [72.55671289999998, 22.9704254], [72.55681670000001, 22.9704043], [72.5568297, 22.970458499999996]]]}}, {"type": "Feature", "properties": {"layer": "building", "distance_m": 396.0, "source": "Microsoft ML Buildings", "in_industrial_zone": false, "ghsl_2018": 1}, "geometry": {"type": "Polygon", "coordinates": [[[72.5569296, 22.97031670000001], [72.5569296, 22.97037600000001], [72.55685179999999, 22.970376], [72.55673109999998, 22.970376], [72.55673109999998, 22.970324100000003], [72.5568464, 22.970324099999996], [72.5568464, 22.97031670000001], [72.5569296, 22.97031670000001]]]}}, {"type": "Feature", "properties": {"layer": "building", "distance_m": 403.4, "source": "Microsoft ML Buildings", "in_industrial_zone": false, "ghsl_2018": 1}, "geometry": {"type": "Polygon", "coordinates": [[[72.5568157, 22.970274], [72.55676209999999, 22.9702753], [72.55676069999998, 22.970225900000006], [72.55681430000001, 22.9702246], [72.5568157, 22.970274]]]}}, {"type": "Feature", "properties": {"layer": "building", "distance_m": 416.1, "source": "Google Open Buildings", "in_industrial_zone": false, "ghsl_2018": 1}, "geometry": {"type": "Polygon", "coordinates": [[[72.5570419, 22.9701667], [72.55708689999999, 22.970331100000003], [72.55697359999999, 22.970357699999997], [72.55694910000001, 22.9702685], [72.5568997, 22.9702801], [72.55687909999999, 22.970204899999995], [72.5570419, 22.9701667]]]}}, {"type": "Feature", "properties": {"layer": "building", "distance_m": 434.0, "source": "Google Open Buildings", "in_industrial_zone": false, "ghsl_2018": 1}, "geometry": {"type": "Polygon", "coordinates": [[[72.55707839999998, 22.9702116], [72.5571077, 22.970207600000002], [72.5571184, 22.970275800000003], [72.5570891, 22.970279800000004], [72.55707839999998, 22.9702116]]]}}, {"type": "Feature", "properties": {"layer": "building", "distance_m": 436.8, "source": "Google Open Buildings", "in_industrial_zone": false, "ghsl_2018": 1}, "geometry": {"type": "Polygon", "coordinates": [[[72.557105, 22.970211600000003], [72.5571529, 22.970200600000002], [72.55717660000002, 22.9702886], [72.5571286, 22.970299700000005], [72.557105, 22.970211600000003]]]}}, {"type": "Feature", "properties": {"layer": "building", "distance_m": 427.2, "source": "Microsoft ML Buildings", "in_industrial_zone": false, "ghsl_2018": 1}, "geometry": {"type": "Polygon", "coordinates": [[[72.5569762, 22.969950900000004], [72.55697010000002, 22.96989579999999], [72.5569993, 22.9698931], [72.55701020000001, 22.9699908], [72.5569438, 22.9699971], [72.5569461, 22.970018000000003], [72.55689830000001, 22.9700225], [72.5568913, 22.969958900000005], [72.5569762, 22.969950900000004]]]}}, {"type": "Feature", "properties": {"layer": "building", "distance_m": 406.2, "source": "Microsoft ML Buildings", "in_industrial_zone": false, "ghsl_2018": 1}, "geometry": {"type": "Polygon", "coordinates": [[[72.5567092, 22.970078500000003], [72.5566644, 22.969998500000003], [72.5567089, 22.969977400000005], [72.5567537, 22.970057400000005], [72.5567092, 22.970078500000003]]]}}, {"type": "Feature", "properties": {"layer": "building", "distance_m": 414.2, "source": "Microsoft ML Buildings", "in_industrial_zone": false, "ghsl_2018": 1}, "geometry": {"type": "Polygon", "coordinates": [[[72.55694170000001, 22.969803699999996], [72.5569497, 22.969899500000007], [72.556803, 22.9699098], [72.5568044, 22.969927000000002], [72.5567351, 22.9699319], [72.5567323, 22.969897500000002], [72.5567029, 22.9698996], [72.55669619999999, 22.969818600000007], [72.55677619999999, 22.969812900000008], [72.5567776, 22.969830099999996], [72.5568229, 22.969826900000005], [72.55682170000001, 22.969812199999996], [72.55694170000001, 22.969803699999996]]]}}, {"type": "Feature", "properties": {"layer": "building", "distance_m": 443.8, "source": "Microsoft ML Buildings", "in_industrial_zone": false, "ghsl_2018": 1}, "geometry": {"type": "Polygon", "coordinates": [[[72.55707479999998, 22.969851700000007], [72.55700369999998, 22.969869100000015], [72.5569724, 22.9697606], [72.5570436, 22.9697433], [72.55707479999998, 22.969851700000007]]]}}, {"type": "Feature", "properties": {"layer": "building", "distance_m": 463.7, "source": "Google Open Buildings", "in_industrial_zone": false, "ghsl_2018": 1}, "geometry": {"type": "Polygon", "coordinates": [[[72.5572424, 22.969778500000004], [72.5573588, 22.969750500000007], [72.5573692, 22.9697875], [72.55739929999999, 22.969780300000007], [72.5574091, 22.969815100000005], [72.5573589, 22.96982720000001], [72.55744739999999, 22.970142100000007], [72.55735099999998, 22.9701653], [72.5572424, 22.969778500000004]]]}}, {"type": "Feature", "properties": {"layer": "building", "distance_m": 488.9, "source": "Google Open Buildings", "in_industrial_zone": false, "ghsl_2018": 1}, "geometry": {"type": "Polygon", "coordinates": [[[72.5576136, 22.970024400000014], [72.5576158, 22.9700475], [72.55756630000002, 22.970051500000007], [72.5575641, 22.9700284], [72.5576136, 22.970024400000014]]]}}, {"type": "Feature", "properties": {"layer": "building", "distance_m": 496.7, "source": "Google Open Buildings", "in_industrial_zone": false, "ghsl_2018": 1}, "geometry": {"type": "Polygon", "coordinates": [[[72.5576044, 22.969841900000006], [72.55761070000001, 22.969874699999995], [72.55756990000002, 22.969881400000002], [72.5575636, 22.969848699999996], [72.5576044, 22.969841900000006]]]}}, {"type": "Feature", "properties": {"layer": "building", "distance_m": 493.4, "source": "Microsoft ML Buildings", "in_industrial_zone": false, "ghsl_2018": 1}, "geometry": {"type": "Polygon", "coordinates": [[[72.5577759, 22.9703247], [72.55773499999998, 22.970333], [72.5577172, 22.9702587], [72.5577582, 22.9702504], [72.5577759, 22.9703247]]]}}, {"type": "Feature", "properties": {"layer": "building", "distance_m": 499.3, "source": "Microsoft ML Buildings", "in_industrial_zone": false, "ghsl_2018": 1}, "geometry": {"type": "Polygon", "coordinates": [[[72.5578031, 22.9703493], [72.5577677, 22.9702599], [72.55782219999999, 22.9702416], [72.5578576, 22.970331], [72.5578031, 22.9703493]]]}}, {"type": "Feature", "properties": {"layer": "building", "distance_m": 491.6, "source": "Google Open Buildings", "in_industrial_zone": false, "ghsl_2018": 1}, "geometry": {"type": "Polygon", "coordinates": [[[72.557818, 22.970466700000003], [72.55783129999999, 22.9705047], [72.5577842, 22.9705188], [72.557771, 22.970480800000008], [72.557818, 22.970466700000003]]]}}, {"type": "Feature", "properties": {"layer": "building", "distance_m": 495.1, "source": "Google Open Buildings", "in_industrial_zone": false, "ghsl_2018": 1}, "geometry": {"type": "Polygon", "coordinates": [[[72.5578178, 22.970512700000004], [72.55786140000001, 22.9704998], [72.55787440000002, 22.970537200000003], [72.55783079999999, 22.970550199999998], [72.5578178, 22.970512700000004]]]}}, {"type": "Feature", "properties": {"layer": "building", "distance_m": 495.9, "source": "Google Open Buildings", "in_industrial_zone": false, "ghsl_2018": 1}, "geometry": {"type": "Polygon", "coordinates": [[[72.55781720000002, 22.970470800000008], [72.55785430000002, 22.970465400000002], [72.5578605, 22.9705013], [72.55782340000002, 22.970506799999995], [72.55781720000002, 22.970470800000008]]]}}, {"type": "Feature", "properties": {"layer": "building", "distance_m": 500.0, "source": "Google Open Buildings", "in_industrial_zone": false, "ghsl_2018": 1}, "geometry": {"type": "Polygon", "coordinates": [[[72.55785350000001, 22.9704709], [72.55788949999999, 22.970458700000002], [72.557921, 22.970538], [72.55788499999998, 22.9705503], [72.55785350000001, 22.9704709]]]}}, {"type": "Feature", "properties": {"layer": "building", "distance_m": 497.2, "source": "Microsoft ML Buildings", "in_industrial_zone": false, "ghsl_2018": 1}, "geometry": {"type": "Polygon", "coordinates": [[[72.5579169, 22.97077], [72.5579691, 22.9707565], [72.5579467, 22.970683299999997], [72.5579939, 22.970671], [72.5580282, 22.970783100000002], [72.5580382, 22.970780499999993], [72.5580655, 22.97086970000001], [72.5579562, 22.9708981], [72.5579169, 22.97077]]]}}, {"type": "Feature", "properties": {"layer": "building", "distance_m": 496.3, "source": "Microsoft ML Buildings", "in_industrial_zone": false, "ghsl_2018": 1}, "geometry": {"type": "Polygon", "coordinates": [[[72.5579032, 22.970754500000005], [72.557891, 22.9706935], [72.5579351, 22.970686100000005], [72.5579473, 22.970747100000004], [72.5579032, 22.970754500000005]]]}}, {"type": "Feature", "properties": {"layer": "building", "distance_m": 464.1, "source": "Microsoft ML Buildings", "in_industrial_zone": false, "ghsl_2018": 1}, "geometry": {"type": "Polygon", "coordinates": [[[72.55765810000001, 22.9708505], [72.55771330000002, 22.970835199999996], [72.5577628, 22.970987000000008], [72.55765099999999, 22.971017899999996], [72.5576355, 22.9709703], [72.5576921, 22.9709547], [72.55765810000001, 22.9708505]]]}}, {"type": "Feature", "properties": {"layer": "building", "distance_m": 484.2, "source": "Microsoft ML Buildings", "in_industrial_zone": false, "ghsl_2018": 1}, "geometry": {"type": "Polygon", "coordinates": [[[72.5579231, 22.9711543], [72.5578737, 22.971162200000002], [72.55786329999998, 22.971106999999996], [72.5579128, 22.971099100000007], [72.5579231, 22.9711543]]]}}, {"type": "Feature", "properties": {"layer": "building", "distance_m": 491.1, "source": "Google Open Buildings", "in_industrial_zone": false, "ghsl_2018": 1}, "geometry": {"type": "Polygon", "coordinates": [[[72.5579772, 22.9711049], [72.55798830000002, 22.9711412], [72.5579438, 22.971153000000005], [72.55793259999999, 22.971116700000003], [72.5579772, 22.9711049]]]}}, {"type": "Feature", "properties": {"layer": "building", "distance_m": 492.2, "source": "Google Open Buildings", "in_industrial_zone": false, "ghsl_2018": 1}, "geometry": {"type": "Polygon", "coordinates": [[[72.5580391, 22.971125300000004], [72.5580657, 22.971203600000003], [72.55803100000001, 22.9712137], [72.5580414, 22.971244200000008], [72.5579868, 22.971260100000002], [72.5579498, 22.971151400000004], [72.5580391, 22.971125300000004]]]}}, {"type": "Feature", "properties": {"layer": "building", "distance_m": 499.0, "source": "Microsoft ML Buildings", "in_industrial_zone": false, "ghsl_2018": 1}, "geometry": {"type": "Polygon", "coordinates": [[[72.5579867, 22.970988700000003], [72.5580225, 22.9709771], [72.5580418, 22.9710277], [72.55800590000001, 22.9710393], [72.5579867, 22.970988700000003]]]}}, {"type": "Feature", "properties": {"layer": "building", "distance_m": 496.0, "source": "Microsoft ML Buildings", "in_industrial_zone": false, "ghsl_2018": 1}, "geometry": {"type": "Polygon", "coordinates": [[[72.5580351, 22.9715415], [72.5580853, 22.971536100000005], [72.5580909, 22.9715799], [72.55804060000001, 22.9715853], [72.5580351, 22.9715415]]]}}, {"type": "Feature", "properties": {"layer": "building", "distance_m": 493.1, "source": "Google Open Buildings", "in_industrial_zone": false, "ghsl_2018": 1}, "geometry": {"type": "Polygon", "coordinates": [[[72.5580877, 22.971465999999996], [72.5581038, 22.9715123], [72.5580185, 22.971537800000004], [72.5580024, 22.9714914], [72.5580877, 22.971465999999996]]]}}, {"type": "Feature", "properties": {"layer": "building", "distance_m": 491.4, "source": "Google Open Buildings", "in_industrial_zone": false, "ghsl_2018": 1}, "geometry": {"type": "Polygon", "coordinates": [[[72.5580358, 22.971406700000003], [72.5580447, 22.971432299999996], [72.55798770000001, 22.9714493], [72.5579788, 22.9714237], [72.5580358, 22.971406700000003]]]}}, {"type": "Feature", "properties": {"layer": "building", "distance_m": 492.0, "source": "Google Open Buildings", "in_industrial_zone": false, "ghsl_2018": 1}, "geometry": {"type": "Polygon", "coordinates": [[[72.5580447, 22.971432299999996], [72.5580594, 22.9714744], [72.5580024, 22.9714914], [72.55798770000001, 22.9714493], [72.5580447, 22.971432299999996]]]}}, {"type": "Feature", "properties": {"layer": "building", "distance_m": 494.4, "source": "Google Open Buildings", "in_industrial_zone": false, "ghsl_2018": 1}, "geometry": {"type": "Polygon", "coordinates": [[[72.5580453, 22.9712603], [72.5580595, 22.9713035], [72.55800460000002, 22.971318900000004], [72.5579904, 22.971275800000004], [72.5580453, 22.9712603]]]}}, {"type": "Feature", "properties": {"layer": "building", "distance_m": 489.9, "source": "Google Open Buildings", "in_industrial_zone": false, "ghsl_2018": 1}, "geometry": {"type": "Polygon", "coordinates": [[[72.5580025, 22.9713333], [72.5580263, 22.9714018], [72.5579794, 22.971415800000003], [72.5579556, 22.9713472], [72.5580025, 22.9713333]]]}}, {"type": "Feature", "properties": {"layer": "building", "distance_m": 482.7, "source": "Microsoft ML Buildings", "in_industrial_zone": false, "ghsl_2018": 1}, "geometry": {"type": "Polygon", "coordinates": [[[72.5579674, 22.971388499999996], [72.5579183, 22.971408800000006], [72.5578842, 22.971338799999998], [72.5579334, 22.971318600000007], [72.5579674, 22.971388499999996]]]}}, {"type": "Feature", "properties": {"layer": "building", "distance_m": 475.0, "source": "Google Open Buildings", "in_industrial_zone": false, "ghsl_2018": 1}, "geometry": {"type": "Polygon", "coordinates": [[[72.5578677, 22.971233], [72.5578639, 22.971266700000005], [72.5577978, 22.971260299999997], [72.5578016, 22.9712266], [72.5578677, 22.971233]]]}}, {"type": "Feature", "properties": {"layer": "building", "distance_m": 468.6, "source": "Google Open Buildings", "in_industrial_zone": false, "ghsl_2018": 1}, "geometry": {"type": "Polygon", "coordinates": [[[72.5577707, 22.97124], [72.5577777, 22.9712763], [72.5577395, 22.971282400000003], [72.5577325, 22.971246100000002], [72.5577707, 22.97124]]]}}, {"type": "Feature", "properties": {"layer": "building", "distance_m": 461.3, "source": "Google Open Buildings", "in_industrial_zone": false, "ghsl_2018": 1}, "geometry": {"type": "Polygon", "coordinates": [[[72.5577148, 22.971200600000007], [72.5577284, 22.9712472], [72.5576694, 22.971261900000002], [72.5576559, 22.971215299999997], [72.5577148, 22.971200600000007]]]}}, {"type": "Feature", "properties": {"layer": "building", "distance_m": 462.1, "source": "Google Open Buildings", "in_industrial_zone": false, "ghsl_2018": 1}, "geometry": {"type": "Polygon", "coordinates": [[[72.55772260000002, 22.971251600000002], [72.5577339, 22.9712867], [72.5576829, 22.9713008], [72.5576716, 22.971265800000005], [72.55772260000002, 22.971251600000002]]]}}, {"type": "Feature", "properties": {"layer": "building", "distance_m": 469.0, "source": "Google Open Buildings", "in_industrial_zone": false, "ghsl_2018": 1}, "geometry": {"type": "Polygon", "coordinates": [[[72.5578263, 22.971344099999996], [72.5577585, 22.9713629], [72.5577484, 22.971331400000004], [72.55781620000002, 22.9713126], [72.5578263, 22.971344099999996]]]}}, {"type": "Feature", "properties": {"layer": "building", "distance_m": 469.2, "source": "Google Open Buildings", "in_industrial_zone": false, "ghsl_2018": 1}, "geometry": {"type": "Polygon", "coordinates": [[[72.5577937, 22.971360300000004], [72.5577988, 22.971386799999998], [72.5577606, 22.971393000000003], [72.5577555, 22.9713666], [72.5577937, 22.971360300000004]]]}}, {"type": "Feature", "properties": {"layer": "building", "distance_m": 469.7, "source": "Microsoft ML Buildings", "in_industrial_zone": false, "ghsl_2018": 1}, "geometry": {"type": "Polygon", "coordinates": [[[72.5578457, 22.971427500000004], [72.5577786, 22.971446800000002], [72.5577649, 22.971406300000005], [72.557832, 22.971387], [72.5578457, 22.971427500000004]]]}}, {"type": "Feature", "properties": {"layer": "building", "distance_m": 478.6, "source": "Microsoft ML Buildings", "in_industrial_zone": false, "ghsl_2018": 1}, "geometry": {"type": "Polygon", "coordinates": [[[72.5578553, 22.971441000000002], [72.5579398, 22.9714098], [72.5579588, 22.9714534], [72.5578743, 22.971484599999997], [72.5578553, 22.971441000000002]]]}}, {"type": "Feature", "properties": {"layer": "building", "distance_m": 473.4, "source": "Microsoft ML Buildings", "in_industrial_zone": false, "ghsl_2018": 1}, "geometry": {"type": "Polygon", "coordinates": [[[72.5578172, 22.971588899999997], [72.557894, 22.971564700000005], [72.5579506, 22.971717300000005], [72.5578738, 22.9717415], [72.5578172, 22.971588899999997]]]}}, {"type": "Feature", "properties": {"layer": "building", "distance_m": 487.4, "source": "Microsoft ML Buildings", "in_industrial_zone": false, "ghsl_2018": 1}, "geometry": {"type": "Polygon", "coordinates": [[[72.5579805, 22.9716377], [72.5579514, 22.9715578], [72.5579889, 22.971546200000002], [72.558018, 22.9716261], [72.5579805, 22.9716377]]]}}, {"type": "Feature", "properties": {"layer": "building", "distance_m": 492.8, "source": "Microsoft ML Buildings", "in_industrial_zone": false, "ghsl_2018": 1}, "geometry": {"type": "Polygon", "coordinates": [[[72.5581376, 22.971761099999995], [72.5580849, 22.9717908], [72.5580109, 22.971679299999998], [72.5580636, 22.9716496], [72.5581376, 22.971761099999995]]]}}, {"type": "Feature", "properties": {"layer": "building", "distance_m": 482.0, "source": "Google Open Buildings", "in_industrial_zone": false, "ghsl_2018": 1}, "geometry": {"type": "Polygon", "coordinates": [[[72.55796389999999, 22.971794500000005], [72.5579796, 22.971830000000004], [72.5579252, 22.9718505], [72.5579095, 22.971815], [72.55796389999999, 22.971794500000005]]]}}, {"type": "Feature", "properties": {"layer": "building", "distance_m": 488.9, "source": "Microsoft ML Buildings", "in_industrial_zone": false, "ghsl_2018": 1}, "geometry": {"type": "Polygon", "coordinates": [[[72.5580658, 22.971810800000004], [72.55800199999999, 22.9718383], [72.5579758, 22.971786800000004], [72.5580395, 22.971759300000002], [72.5580658, 22.971810800000004]]]}}, {"type": "Feature", "properties": {"layer": "building", "distance_m": 498.0, "source": "Google Open Buildings", "in_industrial_zone": false, "ghsl_2018": 1}, "geometry": {"type": "Polygon", "coordinates": [[[72.558137, 22.971795999999998], [72.55813400000001, 22.971818100000004], [72.5580871, 22.97183740000001], [72.5580655, 22.971834900000005], [72.5580688, 22.971810999999995], [72.558137, 22.971795999999998]]]}}, {"type": "Feature", "properties": {"layer": "building", "distance_m": 485.5, "source": "Google Open Buildings", "in_industrial_zone": false, "ghsl_2018": 1}, "geometry": {"type": "Polygon", "coordinates": [[[72.55799040000001, 22.971858], [72.5579971, 22.971884600000003], [72.5579497, 22.971894700000004], [72.5579431, 22.971868099999995], [72.55799040000001, 22.971858]]]}}, {"type": "Feature", "properties": {"layer": "building", "distance_m": 481.9, "source": "Google Open Buildings", "in_industrial_zone": false, "ghsl_2018": 1}, "geometry": {"type": "Polygon", "coordinates": [[[72.5579796, 22.971830000000004], [72.55799090000001, 22.971855599999998], [72.5579365, 22.97187620000001], [72.5579486, 22.971903700000002], [72.5579315, 22.971910200000007], [72.5579081, 22.971857000000004], [72.5579796, 22.971830000000004]]]}}, {"type": "Feature", "properties": {"layer": "building", "distance_m": 464.8, "source": "Google Open Buildings", "in_industrial_zone": false, "ghsl_2018": 1}, "geometry": {"type": "Polygon", "coordinates": [[[72.5577855, 22.9718941], [72.5577999, 22.971935499999997], [72.5577552, 22.9719489], [72.5577408, 22.971907500000007], [72.5577855, 22.9718941]]]}}, {"type": "Feature", "properties": {"layer": "building", "distance_m": 465.1, "source": "Microsoft ML Buildings", "in_industrial_zone": false, "ghsl_2018": 1}, "geometry": {"type": "Polygon", "coordinates": [[[72.5578904, 22.9720208], [72.5577565, 22.9720486], [72.55774180000002, 22.9719886], [72.5578757, 22.9719608], [72.5578904, 22.9720208]]]}}, {"type": "Feature", "properties": {"layer": "building", "distance_m": 408.8, "source": "Google Open Buildings", "in_industrial_zone": false, "ghsl_2018": 1}, "geometry": {"type": "Polygon", "coordinates": [[[72.5572362, 22.971942200000004], [72.55727750000001, 22.972056700000007], [72.55723520000001, 22.972069800000003], [72.55719389999999, 22.9719553], [72.5572362, 22.971942200000004]]]}}, {"type": "Feature", "properties": {"layer": "building", "distance_m": 432.1, "source": "Google Open Buildings", "in_industrial_zone": false, "ghsl_2018": 1}, "geometry": {"type": "Polygon", "coordinates": [[[72.5574432, 22.971971100000005], [72.5574626, 22.97202000000001], [72.55743960000001, 22.9720278], [72.55742030000002, 22.9719789], [72.5574432, 22.971971100000005]]]}}, {"type": "Feature", "properties": {"layer": "building", "distance_m": 409.3, "source": "Google Open Buildings", "in_industrial_zone": false, "ghsl_2018": 1}, "geometry": {"type": "Polygon", "coordinates": [[[72.5571962, 22.972013200000003], [72.5572221, 22.972009600000003], [72.55722889999998, 22.97205200000001], [72.557203, 22.972055599999997], [72.5571962, 22.972013200000003]]]}}, {"type": "Feature", "properties": {"layer": "building", "distance_m": 456.5, "source": "Google Open Buildings", "in_industrial_zone": false, "ghsl_2018": 1}, "geometry": {"type": "Polygon", "coordinates": [[[72.55770080000002, 22.971754000000008], [72.55770830000002, 22.9717818], [72.5576674, 22.971791300000003], [72.55766, 22.9717634], [72.55770080000002, 22.971754000000008]]]}}, {"type": "Feature", "properties": {"layer": "building", "distance_m": 444.0, "source": "Google Open Buildings", "in_industrial_zone": false, "ghsl_2018": 1}, "geometry": {"type": "Polygon", "coordinates": [[[72.5575894, 22.971752199999997], [72.5576135, 22.971813900000004], [72.5575616, 22.9718312], [72.5575376, 22.971769600000002], [72.5575894, 22.971752199999997]]]}}, {"type": "Feature", "properties": {"layer": "building", "distance_m": 415.9, "source": "Microsoft ML Buildings", "in_industrial_zone": false, "ghsl_2018": 1}, "geometry": {"type": "Polygon", "coordinates": [[[72.5573566, 22.971882200000003], [72.5572716, 22.971895300000003], [72.5572647, 22.971856800000005], [72.5573496, 22.9718438], [72.5573566, 22.971882200000003]]]}}, {"type": "Feature", "properties": {"layer": "building", "distance_m": 407.6, "source": "Google Open Buildings", "in_industrial_zone": false, "ghsl_2018": 1}, "geometry": {"type": "Polygon", "coordinates": [[[72.5572219, 22.9716163], [72.5572325, 22.9716523], [72.55718760000002, 22.9716637], [72.557177, 22.971627699999996], [72.5572219, 22.9716163]]]}}, {"type": "Feature", "properties": {"layer": "building", "distance_m": 442.9, "source": "Google Open Buildings", "in_industrial_zone": false, "ghsl_2018": 1}, "geometry": {"type": "Polygon", "coordinates": [[[72.5575676, 22.971719099999994], [72.5575756, 22.971750600000007], [72.55753389999998, 22.971759700000003], [72.5575259, 22.9717281], [72.5575676, 22.971719099999994]]]}}, {"type": "Feature", "properties": {"layer": "building", "distance_m": 441.2, "source": "Google Open Buildings", "in_industrial_zone": false, "ghsl_2018": 1}, "geometry": {"type": "Polygon", "coordinates": [[[72.5575596, 22.971675800000007], [72.5575724, 22.971708600000003], [72.5575206, 22.971726], [72.5575078, 22.971693100000003], [72.5575596, 22.971675800000007]]]}}, {"type": "Feature", "properties": {"layer": "building", "distance_m": 439.6, "source": "Google Open Buildings", "in_industrial_zone": false, "ghsl_2018": 1}, "geometry": {"type": "Polygon", "coordinates": [[[72.5575425, 22.971631800000008], [72.5575596, 22.971675800000007], [72.5575078, 22.971693100000003], [72.55749060000001, 22.9716492], [72.5575425, 22.971631800000008]]]}}, {"type": "Feature", "properties": {"layer": "building", "distance_m": 448.0, "source": "Google Open Buildings", "in_industrial_zone": false, "ghsl_2018": 1}, "geometry": {"type": "Polygon", "coordinates": [[[72.55756730000002, 22.971561900000005], [72.5576056, 22.971557800000003], [72.5576087, 22.9715827], [72.5575704, 22.97158680000001], [72.55756730000002, 22.971561900000005]]]}}, {"type": "Feature", "properties": {"layer": "building", "distance_m": 451.1, "source": "Google Open Buildings", "in_industrial_zone": false, "ghsl_2018": 1}, "geometry": {"type": "Polygon", "coordinates": [[[72.557631, 22.971527499999997], [72.5576404, 22.971560800000006], [72.5576046, 22.971569500000005], [72.5575952, 22.971536200000003], [72.557631, 22.971527499999997]]]}}, {"type": "Feature", "properties": {"layer": "building", "distance_m": 440.1, "source": "Google Open Buildings", "in_industrial_zone": false, "ghsl_2018": 1}, "geometry": {"type": "Polygon", "coordinates": [[[72.557588, 22.971482299999995], [72.5574895, 22.971502400000002], [72.55748180000002, 22.9714699], [72.5575803, 22.971449800000002], [72.557588, 22.971482299999995]]]}}, {"type": "Feature", "properties": {"layer": "building", "distance_m": 439.0, "source": "Google Open Buildings", "in_industrial_zone": false, "ghsl_2018": 1}, "geometry": {"type": "Polygon", "coordinates": [[[72.5575128, 22.971377400000005], [72.557524, 22.97142270000001], [72.557473, 22.971433499999996], [72.5574618, 22.9713883], [72.5575128, 22.971377400000005]]]}}, {"type": "Feature", "properties": {"layer": "building", "distance_m": 420.8, "source": "Google Open Buildings", "in_industrial_zone": false, "ghsl_2018": 1}, "geometry": {"type": "Polygon", "coordinates": [[[72.55735379999999, 22.971393399999993], [72.5572984, 22.971419800000003], [72.5572833, 22.97139270000001], [72.5573387, 22.971366399999997], [72.55735379999999, 22.971393399999993]]]}}, {"type": "Feature", "properties": {"layer": "building", "distance_m": 386.0, "source": "Microsoft ML Buildings", "in_industrial_zone": false, "ghsl_2018": 1}, "geometry": {"type": "Polygon", "coordinates": [[[72.5569395, 22.9712733], [72.5569033, 22.971176099999997], [72.5569632, 22.971157100000006], [72.5569995, 22.971254300000002], [72.5569395, 22.9712733]]]}}, {"type": "Feature", "properties": {"layer": "building", "distance_m": 374.2, "source": "Google Open Buildings", "in_industrial_zone": false, "ghsl_2018": 1}, "geometry": {"type": "Polygon", "coordinates": [[[72.55692000000002, 22.9712441], [72.5569464, 22.971311100000005], [72.55683360000002, 22.971349199999995], [72.5568072, 22.971282199999997], [72.55692000000002, 22.9712441]]]}}, {"type": "Feature", "properties": {"layer": "building", "distance_m": 355.6, "source": "Microsoft ML Buildings", "in_industrial_zone": false, "ghsl_2018": 1}, "geometry": {"type": "Polygon", "coordinates": [[[72.5567973, 22.9712662], [72.5567597, 22.971279199999994], [72.5567826, 22.9713355], [72.5566509, 22.971380999999997], [72.5566324, 22.971335500000002], [72.5566983, 22.9713128], [72.5566612, 22.971221900000007], [72.55672939999998, 22.9711983], [72.5567453, 22.9712373], [72.5567806, 22.9712251], [72.5567973, 22.9712662]]]}}, {"type": "Feature", "properties": {"layer": "building", "distance_m": 370.6, "source": "Google Open Buildings", "in_industrial_zone": false, "ghsl_2018": 1}, "geometry": {"type": "Polygon", "coordinates": [[[72.5568122, 22.971287000000007], [72.5568339, 22.971354800000007], [72.5567959, 22.971365200000008], [72.5567742, 22.971297499999995], [72.5568122, 22.971287000000007]]]}}, {"type": "Feature", "properties": {"layer": "building", "distance_m": 402.5, "source": "Google Open Buildings", "in_industrial_zone": false, "ghsl_2018": 1}, "geometry": {"type": "Polygon", "coordinates": [[[72.5571645, 22.971827000000008], [72.557173, 22.9718628], [72.55714189999999, 22.97186910000001], [72.5571334, 22.9718333], [72.5571645, 22.971827000000008]]]}}, {"type": "Feature", "properties": {"layer": "building", "distance_m": 342.4, "source": "Google Open Buildings", "in_industrial_zone": false, "ghsl_2018": 1}, "geometry": {"type": "Polygon", "coordinates": [[[72.5565473, 22.971786000000005], [72.5565901, 22.9717709], [72.5566213, 22.971846500000005], [72.5565785, 22.971861600000008], [72.5565473, 22.971786000000005]]]}}, {"type": "Feature", "properties": {"layer": "building", "distance_m": 353.5, "source": "Google Open Buildings", "in_industrial_zone": false, "ghsl_2018": 1}, "geometry": {"type": "Polygon", "coordinates": [[[72.5566445, 22.971176300000003], [72.5566672, 22.9712824], [72.5566051, 22.9712938], [72.5565824, 22.971187700000005], [72.5566445, 22.971176300000003]]]}}, {"type": "Feature", "properties": {"layer": "building", "distance_m": 332.0, "source": "Google Open Buildings", "in_industrial_zone": false, "ghsl_2018": 1}, "geometry": {"type": "Polygon", "coordinates": [[[72.5564163, 22.971229800000003], [72.5564378, 22.971282000000002], [72.55640160000002, 22.9712948], [72.5563801, 22.971242600000007], [72.5564163, 22.971229800000003]]]}}, {"type": "Feature", "properties": {"layer": "building", "distance_m": 325.7, "source": "Google Open Buildings", "in_industrial_zone": false, "ghsl_2018": 1}, "geometry": {"type": "Polygon", "coordinates": [[[72.5563471, 22.97118190000001], [72.55635849999999, 22.971225600000004], [72.556317, 22.9712349], [72.5563055, 22.971191200000007], [72.5563471, 22.97118190000001]]]}}, {"type": "Feature", "properties": {"layer": "building", "distance_m": 324.4, "source": "Google Open Buildings", "in_industrial_zone": false, "ghsl_2018": 1}, "geometry": {"type": "Polygon", "coordinates": [[[72.5563363, 22.971228399999998], [72.5563469, 22.9712655], [72.5563138, 22.9712736], [72.5563033, 22.971236400000002], [72.5563363, 22.971228399999998]]]}}, {"type": "Feature", "properties": {"layer": "building", "distance_m": 327.5, "source": "Google Open Buildings", "in_industrial_zone": false, "ghsl_2018": 1}, "geometry": {"type": "Polygon", "coordinates": [[[72.5563812, 22.971249500000003], [72.556386, 22.9712781], [72.556345, 22.971284099999995], [72.55634010000001, 22.9712555], [72.5563812, 22.971249500000003]]]}}, {"type": "Feature", "properties": {"layer": "building", "distance_m": 381.7, "source": "Google Open Buildings", "in_industrial_zone": false, "ghsl_2018": 1}, "geometry": {"type": "Polygon", "coordinates": [[[72.5564669, 22.973646800000008], [72.55652340000002, 22.973834900000007], [72.55642000000002, 22.973861500000005], [72.5563635, 22.973673399999992], [72.5564669, 22.973646800000008]]]}}, {"type": "Feature", "properties": {"layer": "building", "distance_m": 364.9, "source": "Google Open Buildings", "in_industrial_zone": false, "ghsl_2018": 1}, "geometry": {"type": "Polygon", "coordinates": [[[72.5563865, 22.9734258], [72.5563921, 22.97345140000001], [72.55632940000001, 22.973463200000005], [72.55632380000002, 22.973437600000008], [72.5563865, 22.9734258]]]}}, {"type": "Feature", "properties": {"layer": "building", "distance_m": 352.0, "source": "Microsoft ML Buildings", "in_industrial_zone": false, "ghsl_2018": 1}, "geometry": {"type": "Polygon", "coordinates": [[[72.5561702, 22.973451800000003], [72.5562889, 22.9734374], [72.5562971, 22.973494700000003], [72.55617840000001, 22.973509000000007], [72.5561702, 22.973451800000003]]]}}, {"type": "Feature", "properties": {"layer": "building", "distance_m": 372.1, "source": "Google Open Buildings", "in_industrial_zone": false, "ghsl_2018": 1}, "geometry": {"type": "Polygon", "coordinates": [[[72.5564361, 22.9735237], [72.55647230000001, 22.973640300000003], [72.5563717, 22.973667100000004], [72.55633540000001, 22.97355050000001], [72.5564361, 22.9735237]]]}}, {"type": "Feature", "properties": {"layer": "building", "distance_m": 351.2, "source": "Google Open Buildings", "in_industrial_zone": false, "ghsl_2018": 1}, "geometry": {"type": "Polygon", "coordinates": [[[72.556247, 22.9735727], [72.5562839, 22.973715600000002], [72.5560854, 22.973759600000005], [72.5560485, 22.9736166], [72.556247, 22.9735727]]]}}, {"type": "Feature", "properties": {"layer": "building", "distance_m": 330.3, "source": "Microsoft ML Buildings", "in_industrial_zone": false, "ghsl_2018": 1}, "geometry": {"type": "Polygon", "coordinates": [[[72.5557589, 22.973666000000005], [72.55584680000001, 22.973644900000004], [72.5558691, 22.973723499999995], [72.5557812, 22.9737446], [72.5557589, 22.973666000000005]]]}}, {"type": "Feature", "properties": {"layer": "building", "distance_m": 337.8, "source": "Google Open Buildings", "in_industrial_zone": false, "ghsl_2018": 1}, "geometry": {"type": "Polygon", "coordinates": [[[72.555805, 22.973766400000006], [72.5558114, 22.973820700000008], [72.55577, 22.973824799999996], [72.5557637, 22.9737705], [72.555805, 22.973766400000006]]]}}, {"type": "Feature", "properties": {"layer": "building", "distance_m": 344.3, "source": "Google Open Buildings", "in_industrial_zone": false, "ghsl_2018": 1}, "geometry": {"type": "Polygon", "coordinates": [[[72.5557826, 22.9738415], [72.5558154, 22.973834], [72.5558278, 22.973881100000007], [72.55579510000001, 22.973888500000008], [72.5557826, 22.9738415]]]}}, {"type": "Feature", "properties": {"layer": "building", "distance_m": 406.4, "source": "Google Open Buildings", "in_industrial_zone": false, "ghsl_2018": 1}, "geometry": {"type": "Polygon", "coordinates": [[[72.5562402, 22.97424010000001], [72.55625080000002, 22.974279300000003], [72.5562133, 22.974288000000005], [72.5562027, 22.9742488], [72.5562402, 22.97424010000001]]]}}, {"type": "Feature", "properties": {"layer": "building", "distance_m": 429.5, "source": "Google Open Buildings", "in_industrial_zone": false, "ghsl_2018": 1}, "geometry": {"type": "Polygon", "coordinates": [[[72.5563519, 22.9744079], [72.55640960000001, 22.974400500000005], [72.55641300000002, 22.974423099999996], [72.55635520000001, 22.9744305], [72.5563519, 22.9744079]]]}}, {"type": "Feature", "properties": {"layer": "building", "distance_m": 413.0, "source": "Google Open Buildings", "in_industrial_zone": false, "ghsl_2018": 1}, "geometry": {"type": "Polygon", "coordinates": [[[72.5562325, 22.9743621], [72.5562362, 22.974392500000004], [72.5561779, 22.974398599999997], [72.5561742, 22.974368300000002], [72.5562325, 22.9743621]]]}}, {"type": "Feature", "properties": {"layer": "building", "distance_m": 419.0, "source": "Google Open Buildings", "in_industrial_zone": false, "ghsl_2018": 1}, "geometry": {"type": "Polygon", "coordinates": [[[72.55633280000002, 22.9743678], [72.5563407, 22.9743993], [72.5562394, 22.974421], [72.5562316, 22.9743894], [72.55633280000002, 22.9743678]]]}}, {"type": "Feature", "properties": {"layer": "building", "distance_m": 434.7, "source": "Google Open Buildings", "in_industrial_zone": false, "ghsl_2018": 1}, "geometry": {"type": "Polygon", "coordinates": [[[72.55627800000002, 22.974551400000003], [72.5563161, 22.974548300000006], [72.55631970000002, 22.974585700000006], [72.5562816, 22.974588799999996], [72.55627800000002, 22.974551400000003]]]}}, {"type": "Feature", "properties": {"layer": "building", "distance_m": 440.0, "source": "Google Open Buildings", "in_industrial_zone": false, "ghsl_2018": 1}, "geometry": {"type": "Polygon", "coordinates": [[[72.5563637, 22.974536700000005], [72.55640240000001, 22.974532200000006], [72.5564101, 22.974589400000006], [72.55637140000002, 22.974593900000002], [72.5563637, 22.974536700000005]]]}}, {"type": "Feature", "properties": {"layer": "building", "distance_m": 436.0, "source": "Google Open Buildings", "in_industrial_zone": false, "ghsl_2018": 1}, "geometry": {"type": "Polygon", "coordinates": [[[72.55645990000001, 22.974456000000004], [72.5564693, 22.9744982], [72.55638390000001, 22.9745145], [72.5563745, 22.9744723], [72.55645990000001, 22.974456000000004]]]}}, {"type": "Feature", "properties": {"layer": "building", "distance_m": 443.7, "source": "Google Open Buildings", "in_industrial_zone": false, "ghsl_2018": 1}, "geometry": {"type": "Polygon", "coordinates": [[[72.55644020000001, 22.974509399999995], [72.55647570000001, 22.974504700000004], [72.55648560000002, 22.974568900000005], [72.55645010000002, 22.97457360000001], [72.55644020000001, 22.974509399999995]]]}}, {"type": "Feature", "properties": {"layer": "building", "distance_m": 461.7, "source": "Google Open Buildings", "in_industrial_zone": false, "ghsl_2018": 1}, "geometry": {"type": "Polygon", "coordinates": [[[72.55651050000002, 22.974769599999995], [72.5565174, 22.9748016], [72.5564609, 22.974812100000005], [72.556454, 22.9747801], [72.55651050000002, 22.974769599999995]]]}}, {"type": "Feature", "properties": {"layer": "building", "distance_m": 440.3, "source": "Google Open Buildings", "in_industrial_zone": false, "ghsl_2018": 1}, "geometry": {"type": "Polygon", "coordinates": [[[72.55652280000001, 22.974643399999998], [72.55654860000001, 22.974762500000004], [72.5562948, 22.974809600000004], [72.55626900000001, 22.974690500000005], [72.55652280000001, 22.974643399999998]]]}}, {"type": "Feature", "properties": {"layer": "building", "distance_m": 407.5, "source": "Google Open Buildings", "in_industrial_zone": false, "ghsl_2018": 1}, "geometry": {"type": "Polygon", "coordinates": [[[72.556166, 22.974538300000003], [72.55619460000001, 22.9746618], [72.5560021, 22.974700000000002], [72.5559735, 22.97457650000001], [72.556166, 22.974538300000003]]]}}, {"type": "Feature", "properties": {"layer": "building", "distance_m": 400.6, "source": "Google Open Buildings", "in_industrial_zone": false, "ghsl_2018": 1}, "geometry": {"type": "Polygon", "coordinates": [[[72.55592420000002, 22.974525500000002], [72.55595920000002, 22.974518900000003], [72.55597440000001, 22.974588599999997], [72.5559394, 22.974595100000002], [72.55592420000002, 22.974525500000002]]]}}, {"type": "Feature", "properties": {"layer": "building", "distance_m": 396.6, "source": "Google Open Buildings", "in_industrial_zone": false, "ghsl_2018": 1}, "geometry": {"type": "Polygon", "coordinates": [[[72.55586670000001, 22.974555099999996], [72.5558955, 22.974551000000005], [72.5559155, 22.974669500000005], [72.55588680000001, 22.974673700000007], [72.55586670000001, 22.974555099999996]]]}}, {"type": "Feature", "properties": {"layer": "building", "distance_m": 388.5, "source": "Google Open Buildings", "in_industrial_zone": false, "ghsl_2018": 1}, "geometry": {"type": "Polygon", "coordinates": [[[72.5558668, 22.974555199999998], [72.5558743, 22.974599899999994], [72.555781, 22.974613400000003], [72.5557734, 22.9745687], [72.55581300000001, 22.974563], [72.5558668, 22.974555199999998]]]}}, {"type": "Feature", "properties": {"layer": "building", "distance_m": 395.1, "source": "Google Open Buildings", "in_industrial_zone": false, "ghsl_2018": 1}, "geometry": {"type": "Polygon", "coordinates": [[[72.55588990000001, 22.974474100000005], [72.5559322, 22.974482200000004], [72.5559167, 22.974551700000006], [72.5558744, 22.97454360000001], [72.55588990000001, 22.974474100000005]]]}}, {"type": "Feature", "properties": {"layer": "building", "distance_m": 385.7, "source": "Google Open Buildings", "in_industrial_zone": false, "ghsl_2018": 1}, "geometry": {"type": "Polygon", "coordinates": [[[72.5558288, 22.97451190000001], [72.55583540000002, 22.974542099999997], [72.55577220000002, 22.974553900000004], [72.55576560000002, 22.974523800000004], [72.5558288, 22.97451190000001]]]}}, {"type": "Feature", "properties": {"layer": "building", "distance_m": 384.5, "source": "Google Open Buildings", "in_industrial_zone": false, "ghsl_2018": 1}, "geometry": {"type": "Polygon", "coordinates": [[[72.5558359, 22.9744648], [72.55583330000002, 22.9744945], [72.5557756, 22.974490100000004], [72.55577700000002, 22.974473900000003], [72.5558359, 22.9744648]]]}}, {"type": "Feature", "properties": {"layer": "building", "distance_m": 378.6, "source": "Google Open Buildings", "in_industrial_zone": false, "ghsl_2018": 1}, "geometry": {"type": "Polygon", "coordinates": [[[72.5557209, 22.974458700000003], [72.5557509, 22.9744532], [72.5557624, 22.9745073], [72.5557324, 22.974512700000002], [72.5557209, 22.974458700000003]]]}}, {"type": "Feature", "properties": {"layer": "building", "distance_m": 375.5, "source": "Google Open Buildings", "in_industrial_zone": false, "ghsl_2018": 1}, "geometry": {"type": "Polygon", "coordinates": [[[72.5556852, 22.974465200000004], [72.5557209, 22.974458700000003], [72.5557324, 22.974512700000002], [72.5556967, 22.9745193], [72.5556852, 22.974465200000004]]]}}, {"type": "Feature", "properties": {"layer": "building", "distance_m": 387.5, "source": "Google Open Buildings", "in_industrial_zone": false, "ghsl_2018": 1}, "geometry": {"type": "Polygon", "coordinates": [[[72.5557738, 22.974545199999998], [72.555823, 22.974538300000003], [72.5558273, 22.9745648], [72.5557781, 22.974571599999997], [72.5557738, 22.974545199999998]]]}}, {"type": "Feature", "properties": {"layer": "building", "distance_m": 385.6, "source": "Google Open Buildings", "in_industrial_zone": false, "ghsl_2018": 1}, "geometry": {"type": "Polygon", "coordinates": [[[72.55573980000001, 22.974571400000002], [72.5557684, 22.974567000000004], [72.555781, 22.974637600000005], [72.5557524, 22.974641999999996], [72.55573980000001, 22.974571400000002]]]}}, {"type": "Feature", "properties": {"layer": "building", "distance_m": 378.9, "source": "Google Open Buildings", "in_industrial_zone": false, "ghsl_2018": 1}, "geometry": {"type": "Polygon", "coordinates": [[[72.5557463, 22.974592900000005], [72.55575140000002, 22.974629900000004], [72.5556553, 22.97464140000001], [72.55565010000001, 22.974604400000004], [72.5557463, 22.974592900000005]]]}}, {"type": "Feature", "properties": {"layer": "building", "distance_m": 383.9, "source": "Microsoft ML Buildings", "in_industrial_zone": false, "ghsl_2018": 1}, "geometry": {"type": "Polygon", "coordinates": [[[72.5558098, 22.974807300000002], [72.55565180000002, 22.974812799999995], [72.5556474, 22.974706799999996], [72.5558055, 22.9747013], [72.5558098, 22.974807300000002]]]}}, {"type": "Feature", "properties": {"layer": "building", "distance_m": 398.8, "source": "Google Open Buildings", "in_industrial_zone": false, "ghsl_2018": 1}, "geometry": {"type": "Polygon", "coordinates": [[[72.55585910000002, 22.974818500000005], [72.5558649, 22.9748546], [72.5557426, 22.974871600000004], [72.5557368, 22.9748355], [72.55585910000002, 22.974818500000005]]]}}, {"type": "Feature", "properties": {"layer": "building", "distance_m": 409.6, "source": "Google Open Buildings", "in_industrial_zone": false, "ghsl_2018": 1}, "geometry": {"type": "Polygon", "coordinates": [[[72.5558072, 22.97491799999999], [72.5558316, 22.9749137], [72.5558391, 22.9749504], [72.5558146, 22.97495470000001], [72.5558072, 22.97491799999999]]]}}, {"type": "Feature", "properties": {"layer": "building", "distance_m": 408.3, "source": "Google Open Buildings", "in_industrial_zone": false, "ghsl_2018": 1}, "geometry": {"type": "Polygon", "coordinates": [[[72.5559206, 22.974879400000003], [72.5559258, 22.974911600000006], [72.55581120000001, 22.974927300000004], [72.55580610000001, 22.974895100000005], [72.5559206, 22.974879400000003]]]}}, {"type": "Feature", "properties": {"layer": "building", "distance_m": 411.3, "source": "Google Open Buildings", "in_industrial_zone": false, "ghsl_2018": 1}, "geometry": {"type": "Polygon", "coordinates": [[[72.5559582, 22.974848500000004], [72.55596270000001, 22.974870700000007], [72.55586220000002, 22.9748882], [72.55585770000002, 22.974866], [72.5559582, 22.974848500000004]]]}}, {"type": "Feature", "properties": {"layer": "building", "distance_m": 434.2, "source": "Google Open Buildings", "in_industrial_zone": false, "ghsl_2018": 1}, "geometry": {"type": "Polygon", "coordinates": [[[72.5560615, 22.9749521], [72.55609270000001, 22.974947200000006], [72.556109, 22.975036499999998], [72.5560778, 22.9750413], [72.5560615, 22.9749521]]]}}, {"type": "Feature", "properties": {"layer": "building", "distance_m": 417.9, "source": "Google Open Buildings", "in_industrial_zone": false, "ghsl_2018": 1}, "geometry": {"type": "Polygon", "coordinates": [[[72.55601970000001, 22.974898700000004], [72.556024, 22.9749259], [72.5559067, 22.974942], [72.5559023, 22.9749148], [72.55601970000001, 22.974898700000004]]]}}, {"type": "Feature", "properties": {"layer": "building", "distance_m": 422.2, "source": "Microsoft ML Buildings", "in_industrial_zone": false, "ghsl_2018": 1}, "geometry": {"type": "Polygon", "coordinates": [[[72.5559271, 22.975025300000002], [72.5559194, 22.974964400000005], [72.5560094, 22.974954700000005], [72.5560171, 22.975015700000007], [72.5559271, 22.975025300000002]]]}}, {"type": "Feature", "properties": {"layer": "building", "distance_m": 444.7, "source": "Google Open Buildings", "in_industrial_zone": false, "ghsl_2018": 1}, "geometry": {"type": "Polygon", "coordinates": [[[72.55618, 22.9750573], [72.5561867, 22.975102300000003], [72.55611610000001, 22.975111300000002], [72.5561094, 22.975066299999998], [72.55618, 22.9750573]]]}}, {"type": "Feature", "properties": {"layer": "building", "distance_m": 447.8, "source": "Google Open Buildings", "in_industrial_zone": false, "ghsl_2018": 1}, "geometry": {"type": "Polygon", "coordinates": [[[72.5561867, 22.975102300000003], [72.5561919, 22.9751369], [72.5561212, 22.9751459], [72.55611610000001, 22.975111300000002], [72.5561867, 22.975102300000003]]]}}, {"type": "Feature", "properties": {"layer": "building", "distance_m": 400.0, "source": "Google Open Buildings", "in_industrial_zone": false, "ghsl_2018": 1}, "geometry": {"type": "Polygon", "coordinates": [[[72.5559104, 22.974990499999993], [72.5559207, 22.975053900000002], [72.555633, 22.975093900000008], [72.5556227, 22.97503060000001], [72.5559104, 22.974990499999993]]]}}, {"type": "Feature", "properties": {"layer": "building", "distance_m": 423.9, "source": "Google Open Buildings", "in_industrial_zone": false, "ghsl_2018": 1}, "geometry": {"type": "Polygon", "coordinates": [[[72.55576220000002, 22.97522580000001], [72.55579370000001, 22.975214900000008], [72.5558226, 22.9752861], [72.5557911, 22.975297100000002], [72.55576220000002, 22.97522580000001]]]}}, {"type": "Feature", "properties": {"layer": "building", "distance_m": 425.5, "source": "Microsoft ML Buildings", "in_industrial_zone": false, "ghsl_2018": 1}, "geometry": {"type": "Polygon", "coordinates": [[[72.5558307, 22.975380100000002], [72.55572610000002, 22.975381600000006], [72.5557248, 22.9753001], [72.5558293, 22.975298600000002], [72.5558307, 22.975380100000002]]]}}, {"type": "Feature", "properties": {"layer": "building", "distance_m": 433.1, "source": "Google Open Buildings", "in_industrial_zone": false, "ghsl_2018": 1}, "geometry": {"type": "Polygon", "coordinates": [[[72.55568070000001, 22.975469700000005], [72.5557295, 22.975471000000002], [72.555728, 22.9755202], [72.55567930000001, 22.975518900000008], [72.55568070000001, 22.975469700000005]]]}}, {"type": "Feature", "properties": {"layer": "building", "distance_m": 456.3, "source": "Google Open Buildings", "in_industrial_zone": false, "ghsl_2018": 1}, "geometry": {"type": "Polygon", "coordinates": [[[72.55619870000001, 22.9752521], [72.556206, 22.975324199999996], [72.55615370000001, 22.975328700000006], [72.556151, 22.975301400000003], [72.55612030000002, 22.9753041], [72.55611580000001, 22.975259200000004], [72.55619870000001, 22.9752521]]]}}, {"type": "Feature", "properties": {"layer": "building", "distance_m": 450.4, "source": "Google Open Buildings", "in_industrial_zone": false, "ghsl_2018": 1}, "geometry": {"type": "Polygon", "coordinates": [[[72.5560051, 22.975320400000005], [72.5560286, 22.9753169], [72.5560362, 22.9753598], [72.5560127, 22.975363399999992], [72.5560051, 22.975320400000005]]]}}, {"type": "Feature", "properties": {"layer": "building", "distance_m": 444.7, "source": "Microsoft ML Buildings", "in_industrial_zone": false, "ghsl_2018": 1}, "geometry": {"type": "Polygon", "coordinates": [[[72.5561105, 22.975246000000002], [72.55603550000001, 22.9752473], [72.5560342, 22.975183100000002], [72.55610930000002, 22.975181800000005], [72.5561105, 22.975246000000002]]]}}, {"type": "Feature", "properties": {"layer": "building", "distance_m": 454.1, "source": "Google Open Buildings", "in_industrial_zone": false, "ghsl_2018": 1}, "geometry": {"type": "Polygon", "coordinates": [[[72.55613940000002, 22.9751871], [72.5561819, 22.975183599999998], [72.55618810000001, 22.975248100000005], [72.55614560000001, 22.975251599999996], [72.55613940000002, 22.9751871]]]}}, {"type": "Feature", "properties": {"layer": "building", "distance_m": 461.3, "source": "Google Open Buildings", "in_industrial_zone": false, "ghsl_2018": 1}, "geometry": {"type": "Polygon", "coordinates": [[[72.55622500000001, 22.975180099999996], [72.55627250000002, 22.97517620000001], [72.55627860000001, 22.975240700000008], [72.55623120000001, 22.975244600000007], [72.55622500000001, 22.975180099999996]]]}}, {"type": "Feature", "properties": {"layer": "building", "distance_m": 458.9, "source": "Google Open Buildings", "in_industrial_zone": false, "ghsl_2018": 1}, "geometry": {"type": "Polygon", "coordinates": [[[72.5561973, 22.975182399999998], [72.55622500000001, 22.975180099999996], [72.55623120000001, 22.975244600000007], [72.5562034, 22.9752469], [72.5561973, 22.975182399999998]]]}}, {"type": "Feature", "properties": {"layer": "building", "distance_m": 464.1, "source": "Google Open Buildings", "in_industrial_zone": false, "ghsl_2018": 1}, "geometry": {"type": "Polygon", "coordinates": [[[72.55627940000001, 22.975237900000003], [72.55627890000001, 22.975267100000003], [72.55622060000002, 22.975266200000007], [72.5562211, 22.975236999999996], [72.55627940000001, 22.975237900000003]]]}}, {"type": "Feature", "properties": {"layer": "building", "distance_m": 479.3, "source": "Google Open Buildings", "in_industrial_zone": false, "ghsl_2018": 1}, "geometry": {"type": "Polygon", "coordinates": [[[72.5564538, 22.9752038], [72.55645580000001, 22.9752456], [72.5564142, 22.97524719999999], [72.5564123, 22.975205500000005], [72.5564538, 22.9752038]]]}}, {"type": "Feature", "properties": {"layer": "building", "distance_m": 467.6, "source": "Microsoft ML Buildings", "in_industrial_zone": false, "ghsl_2018": 1}, "geometry": {"type": "Polygon", "coordinates": [[[72.55623980000001, 22.975317], [72.5562357, 22.975275400000005], [72.55629690000002, 22.975270200000004], [72.55630100000002, 22.975311900000012], [72.55623980000001, 22.975317]]]}}, {"type": "Feature", "properties": {"layer": "building", "distance_m": 497.1, "source": "Google Open Buildings", "in_industrial_zone": false, "ghsl_2018": 1}, "geometry": {"type": "Polygon", "coordinates": [[[72.55658680000002, 22.97524710000001], [72.55662840000001, 22.975243100000007], [72.55663690000002, 22.975318200000004], [72.55659530000001, 22.97532220000001], [72.55658680000002, 22.97524710000001]]]}}, {"type": "Feature", "properties": {"layer": "building", "distance_m": 496.1, "source": "Google Open Buildings", "in_industrial_zone": false, "ghsl_2018": 1}, "geometry": {"type": "Polygon", "coordinates": [[[72.55657900000001, 22.97533990000001], [72.55658410000001, 22.975364800000005], [72.5565148, 22.975376899999997], [72.5565098, 22.975352], [72.55657900000001, 22.97533990000001]]]}}, {"type": "Feature", "properties": {"layer": "building", "distance_m": 489.3, "source": "Google Open Buildings", "in_industrial_zone": false, "ghsl_2018": 1}, "geometry": {"type": "Polygon", "coordinates": [[[72.55650790000001, 22.975315500000008], [72.5565113, 22.975355000000004], [72.5564571, 22.975359], [72.55645370000002, 22.97531950000001], [72.55650790000001, 22.975315500000008]]]}}, {"type": "Feature", "properties": {"layer": "building", "distance_m": 491.6, "source": "Google Open Buildings", "in_industrial_zone": false, "ghsl_2018": 1}, "geometry": {"type": "Polygon", "coordinates": [[[72.5565841, 22.975261100000004], [72.55658690000001, 22.9752875], [72.5565153, 22.9752942], [72.55651240000002, 22.975267900000002], [72.5565841, 22.975261100000004]]]}}, {"type": "Feature", "properties": {"layer": "building", "distance_m": 487.6, "source": "Google Open Buildings", "in_industrial_zone": false, "ghsl_2018": 1}, "geometry": {"type": "Polygon", "coordinates": [[[72.5565861, 22.975176400000002], [72.5565912, 22.9752124], [72.55652250000001, 22.9752208], [72.5565174, 22.9751848], [72.5565861, 22.975176400000002]]]}}, {"type": "Feature", "properties": {"layer": "building", "distance_m": 499.4, "source": "Google Open Buildings", "in_industrial_zone": false, "ghsl_2018": 1}, "geometry": {"type": "Polygon", "coordinates": [[[72.55662700000002, 22.97522190000001], [72.5566671, 22.9752182], [72.55667380000001, 22.9752794], [72.55663370000002, 22.97528310000001], [72.55662700000002, 22.97522190000001]]]}}, {"type": "Feature", "properties": {"layer": "building", "distance_m": 494.4, "source": "Microsoft ML Buildings", "in_industrial_zone": false, "ghsl_2018": 1}, "geometry": {"type": "Polygon", "coordinates": [[[72.5566174, 22.9751429], [72.55664410000001, 22.975141400000002], [72.55664770000001, 22.97519690000001], [72.55662100000002, 22.975198400000004], [72.5566174, 22.9751429]]]}}, {"type": "Feature", "properties": {"layer": "building", "distance_m": 454.2, "source": "Google Open Buildings", "in_industrial_zone": false, "ghsl_2018": 1}, "geometry": {"type": "Polygon", "coordinates": [[[72.5565667, 22.974843200000002], [72.55660720000002, 22.9750133], [72.55661490000001, 22.9750117], [72.556644, 22.975133800000002], [72.5563836, 22.9751869], [72.556314, 22.974894699999997], [72.5565667, 22.974843200000002]]]}}, {"type": "Feature", "properties": {"layer": "building", "distance_m": 454.4, "source": "Google Open Buildings", "in_industrial_zone": false, "ghsl_2018": 1}, "geometry": {"type": "Polygon", "coordinates": [[[72.55618540000002, 22.975119600000003], [72.55621100000002, 22.975117], [72.55621930000001, 22.975184800000008], [72.55619370000001, 22.9751874], [72.55618540000002, 22.975119600000003]]]}}, {"type": "Feature", "properties": {"layer": "building", "distance_m": 458.0, "source": "Google Open Buildings", "in_industrial_zone": false, "ghsl_2018": 1}, "geometry": {"type": "Polygon", "coordinates": [[[72.5562138, 22.9751393], [72.5562445, 22.975136], [72.55625010000001, 22.975181500000005], [72.55621930000001, 22.975184800000008], [72.5562138, 22.9751393]]]}}, {"type": "Feature", "properties": {"layer": "building", "distance_m": 493.6, "source": "Google Open Buildings", "in_industrial_zone": false, "ghsl_2018": 1}, "geometry": {"type": "Polygon", "coordinates": [[[72.5569591, 22.974638300000006], [72.55699690000002, 22.974630000000005], [72.5570094, 22.974679], [72.5569716, 22.9746872], [72.5569591, 22.974638300000006]]]}}, {"type": "Feature", "properties": {"layer": "building", "distance_m": 496.1, "source": "Google Open Buildings", "in_industrial_zone": false, "ghsl_2018": 1}, "geometry": {"type": "Polygon", "coordinates": [[[72.55696280000001, 22.9747099], [72.5569651, 22.9747363], [72.55692690000001, 22.974739200000002], [72.5569245, 22.974712800000002], [72.55696280000001, 22.9747099]]]}}, {"type": "Feature", "properties": {"layer": "building", "distance_m": 499.7, "source": "Google Open Buildings", "in_industrial_zone": false, "ghsl_2018": 1}, "geometry": {"type": "Polygon", "coordinates": [[[72.5569365, 22.974750399999998], [72.5569821, 22.974739999999997], [72.55699830000002, 22.974801100000004], [72.55695270000001, 22.974811500000005], [72.5569365, 22.974750399999998]]]}}, {"type": "Feature", "properties": {"layer": "building", "distance_m": 496.6, "source": "Google Open Buildings", "in_industrial_zone": false, "ghsl_2018": 1}, "geometry": {"type": "Polygon", "coordinates": [[[72.5569365, 22.974750399999998], [72.55695270000001, 22.974811500000005], [72.5569035, 22.9748227], [72.55688730000001, 22.9747616], [72.5569365, 22.974750399999998]]]}}, {"type": "Feature", "properties": {"layer": "building", "distance_m": 494.5, "source": "Google Open Buildings", "in_industrial_zone": false, "ghsl_2018": 1}, "geometry": {"type": "Polygon", "coordinates": [[[72.5568519, 22.9747697], [72.55688730000001, 22.9747616], [72.5569138, 22.974861500000006], [72.55687840000002, 22.97486950000001], [72.5568519, 22.9747697]]]}}, {"type": "Feature", "properties": {"layer": "building", "distance_m": 483.3, "source": "Google Open Buildings", "in_industrial_zone": false, "ghsl_2018": 1}, "geometry": {"type": "Polygon", "coordinates": [[[72.55687880000002, 22.9746451], [72.55689050000001, 22.974699600000005], [72.5568244, 22.974711700000004], [72.5568128, 22.974657200000003], [72.55687880000002, 22.9746451]]]}}, {"type": "Feature", "properties": {"layer": "building", "distance_m": 488.6, "source": "Google Open Buildings", "in_industrial_zone": false, "ghsl_2018": 1}, "geometry": {"type": "Polygon", "coordinates": [[[72.5569528, 22.9746412], [72.5569592, 22.974683], [72.5568918, 22.974692], [72.5568853, 22.9746502], [72.5569528, 22.9746412]]]}}, {"type": "Feature", "properties": {"layer": "building", "distance_m": 474.7, "source": "Google Open Buildings", "in_industrial_zone": false, "ghsl_2018": 1}, "geometry": {"type": "Polygon", "coordinates": [[[72.556902, 22.9745433], [72.5569112, 22.974581699999995], [72.55679260000001, 22.974606100000003], [72.55678330000002, 22.9745677], [72.556902, 22.9745433]]]}}, {"type": "Feature", "properties": {"layer": "building", "distance_m": 465.4, "source": "Google Open Buildings", "in_industrial_zone": false, "ghsl_2018": 1}, "geometry": {"type": "Polygon", "coordinates": [[[72.55680940000002, 22.97445660000001], [72.55681730000002, 22.974506500000007], [72.5567655, 22.974513400000006], [72.5567577, 22.9744635], [72.55680940000002, 22.97445660000001]]]}}, {"type": "Feature", "properties": {"layer": "building", "distance_m": 469.1, "source": "Google Open Buildings", "in_industrial_zone": false, "ghsl_2018": 1}, "geometry": {"type": "Polygon", "coordinates": [[[72.55680940000002, 22.97445660000001], [72.55684860000001, 22.974451300000005], [72.55685640000002, 22.974501200000006], [72.55681730000002, 22.974506500000007], [72.55680940000002, 22.97445660000001]]]}}, {"type": "Feature", "properties": {"layer": "building", "distance_m": 473.0, "source": "Google Open Buildings", "in_industrial_zone": false, "ghsl_2018": 1}, "geometry": {"type": "Polygon", "coordinates": [[[72.55685810000001, 22.974456999999994], [72.55689080000002, 22.974451800000004], [72.5569006, 22.974504800000002], [72.55686790000001, 22.97451], [72.55685810000001, 22.974456999999994]]]}}, {"type": "Feature", "properties": {"layer": "building", "distance_m": 479.2, "source": "Google Open Buildings", "in_industrial_zone": false, "ghsl_2018": 1}, "geometry": {"type": "Polygon", "coordinates": [[[72.5569176, 22.9744766], [72.5569524, 22.97447109999999], [72.55696580000001, 22.974543200000003], [72.556931, 22.974548800000004], [72.5569176, 22.9744766]]]}}, {"type": "Feature", "properties": {"layer": "building", "distance_m": 475.1, "source": "Google Open Buildings", "in_industrial_zone": false, "ghsl_2018": 1}, "geometry": {"type": "Polygon", "coordinates": [[[72.55689010000002, 22.974449400000005], [72.55691540000001, 22.974451500000004], [72.55693090000001, 22.9744975], [72.55692920000001, 22.974515299999997], [72.55690290000001, 22.974513100000003], [72.5568882, 22.974469299999996], [72.55689010000002, 22.974449400000005]]]}}, {"type": "Feature", "properties": {"layer": "building", "distance_m": 485.8, "source": "Google Open Buildings", "in_industrial_zone": false, "ghsl_2018": 1}, "geometry": {"type": "Polygon", "coordinates": [[[72.55692800000001, 22.974561500000004], [72.55698149999999, 22.974558600000005], [72.55698340000001, 22.9745889], [72.55692990000001, 22.9745918], [72.55692800000001, 22.974561500000004]]]}}, {"type": "Feature", "properties": {"layer": "building", "distance_m": 488.0, "source": "Google Open Buildings", "in_industrial_zone": false, "ghsl_2018": 1}, "geometry": {"type": "Polygon", "coordinates": [[[72.55698340000001, 22.9745889], [72.55698560000002, 22.974624000000006], [72.5569321, 22.9746269], [72.55692990000001, 22.9745918], [72.55698340000001, 22.9745889]]]}}, {"type": "Feature", "properties": {"layer": "building", "distance_m": 476.9, "source": "Google Open Buildings", "in_industrial_zone": false, "ghsl_2018": 1}, "geometry": {"type": "Polygon", "coordinates": [[[72.55691240000002, 22.9744483], [72.5569471, 22.9744428], [72.5569524, 22.97447109999999], [72.5569176, 22.9744766], [72.55691240000002, 22.9744483]]]}}, {"type": "Feature", "properties": {"layer": "building", "distance_m": 469.8, "source": "Google Open Buildings", "in_industrial_zone": false, "ghsl_2018": 1}, "geometry": {"type": "Polygon", "coordinates": [[[72.55690310000001, 22.974353399999995], [72.556935, 22.974347000000005], [72.5569525, 22.974421599999996], [72.5569206, 22.974428099999997], [72.55690310000001, 22.974353399999995]]]}}, {"type": "Feature", "properties": {"layer": "building", "distance_m": 469.9, "source": "Google Open Buildings", "in_industrial_zone": false, "ghsl_2018": 1}, "geometry": {"type": "Polygon", "coordinates": [[[72.5569112, 22.974387899999996], [72.5569206, 22.974428099999997], [72.5568787, 22.9744365], [72.55686930000002, 22.974396300000002], [72.5569112, 22.974387899999996]]]}}, {"type": "Feature", "properties": {"layer": "building", "distance_m": 461.4, "source": "Google Open Buildings", "in_industrial_zone": false, "ghsl_2018": 1}, "geometry": {"type": "Polygon", "coordinates": [[[72.5568321, 22.974403800000005], [72.5568416, 22.974444000000002], [72.5567541, 22.974461499999993], [72.55674470000001, 22.9744214], [72.5568321, 22.974403800000005]]]}}, {"type": "Feature", "properties": {"layer": "building", "distance_m": 458.4, "source": "Google Open Buildings", "in_industrial_zone": false, "ghsl_2018": 1}, "geometry": {"type": "Polygon", "coordinates": [[[72.55686120000001, 22.974361800000008], [72.55686930000002, 22.974396300000002], [72.55674470000001, 22.9744214], [72.55673660000001, 22.974386900000002], [72.55686120000001, 22.974361800000008]]]}}, {"type": "Feature", "properties": {"layer": "building", "distance_m": 454.9, "source": "Google Open Buildings", "in_industrial_zone": false, "ghsl_2018": 1}, "geometry": {"type": "Polygon", "coordinates": [[[72.55675590000001, 22.97431140000001], [72.5567853, 22.9743054], [72.55679710000001, 22.97435570000001], [72.55676770000001, 22.97436160000001], [72.55675590000001, 22.97431140000001]]]}}, {"type": "Feature", "properties": {"layer": "building", "distance_m": 461.0, "source": "Google Open Buildings", "in_industrial_zone": false, "ghsl_2018": 1}, "geometry": {"type": "Polygon", "coordinates": [[[72.556806, 22.974341], [72.55685420000002, 22.9743352], [72.55685800000002, 22.9743627], [72.55680980000001, 22.9743685], [72.556806, 22.974341]]]}}, {"type": "Feature", "properties": {"layer": "building", "distance_m": 466.5, "source": "Google Open Buildings", "in_industrial_zone": false, "ghsl_2018": 1}, "geometry": {"type": "Polygon", "coordinates": [[[72.5568693, 22.974346000000004], [72.5568963, 22.9743488], [72.5568921, 22.974382899999995], [72.5568652, 22.974380099999998], [72.5568693, 22.974346000000004]]]}}, {"type": "Feature", "properties": {"layer": "building", "distance_m": 464.0, "source": "Google Open Buildings", "in_industrial_zone": false, "ghsl_2018": 1}, "geometry": {"type": "Polygon", "coordinates": [[[72.556887, 22.974285000000002], [72.55691890000001, 22.974278600000005], [72.556935, 22.974347000000005], [72.55690310000001, 22.974353399999995], [72.556887, 22.974285000000002]]]}}, {"type": "Feature", "properties": {"layer": "building", "distance_m": 456.7, "source": "Microsoft ML Buildings", "in_industrial_zone": false, "ghsl_2018": 1}, "geometry": {"type": "Polygon", "coordinates": [[[72.5568763, 22.974236400000002], [72.5568674, 22.974196099999997], [72.5569886, 22.9741736], [72.55699740000001, 22.974214000000003], [72.5568763, 22.974236400000002]]]}}, {"type": "Feature", "properties": {"layer": "building", "distance_m": 446.7, "source": "Google Open Buildings", "in_industrial_zone": false, "ghsl_2018": 1}, "geometry": {"type": "Polygon", "coordinates": [[[72.5567258, 22.9742658], [72.55672710000002, 22.9742917], [72.55669230000001, 22.974293100000004], [72.556691, 22.974267300000005], [72.5567258, 22.9742658]]]}}, {"type": "Feature", "properties": {"layer": "building", "distance_m": 449.1, "source": "Google Open Buildings", "in_industrial_zone": false, "ghsl_2018": 1}, "geometry": {"type": "Polygon", "coordinates": [[[72.55689030000002, 22.974126], [72.55689290000001, 22.974145200000002], [72.5568269, 22.974152699999998], [72.5568244, 22.974133500000004], [72.55689030000002, 22.974126]]]}}, {"type": "Feature", "properties": {"layer": "building", "distance_m": 469.2, "source": "Google Open Buildings", "in_industrial_zone": false, "ghsl_2018": 1}, "geometry": {"type": "Polygon", "coordinates": [[[72.55579840000001, 22.975849999999994], [72.5558866, 22.9758413], [72.55589560000001, 22.975918800000006], [72.55580730000001, 22.975927500000004], [72.55579840000001, 22.975849999999994]]]}}, {"type": "Feature", "properties": {"layer": "building", "distance_m": 461.8, "source": "Google Open Buildings", "in_industrial_zone": false, "ghsl_2018": 1}, "geometry": {"type": "Polygon", "coordinates": [[[72.55569670000001, 22.97585550000001], [72.55572590000001, 22.975851700000007], [72.55573190000001, 22.975891600000008], [72.55570270000001, 22.9758954], [72.55569670000001, 22.97585550000001]]]}}, {"type": "Feature", "properties": {"layer": "building", "distance_m": 457.2, "source": "Google Open Buildings", "in_industrial_zone": false, "ghsl_2018": 1}, "geometry": {"type": "Polygon", "coordinates": [[[72.5556396, 22.9762779], [72.5556597, 22.976343699999997], [72.55511040000002, 22.976487], [72.5550656, 22.976339800000005], [72.55553290000002, 22.97621780000001], [72.55555770000001, 22.976299200000003], [72.5556396, 22.9762779]]]}}, {"type": "Feature", "properties": {"layer": "building", "distance_m": 432.9, "source": "Google Open Buildings", "in_industrial_zone": false, "ghsl_2018": 1}, "geometry": {"type": "Polygon", "coordinates": [[[72.5551758, 22.9759688], [72.555298, 22.9759608], [72.5553012, 22.976003299999995], [72.555179, 22.976011300000003], [72.5551758, 22.9759688]]]}}, {"type": "Feature", "properties": {"layer": "building", "distance_m": 429.7, "source": "Google Open Buildings", "in_industrial_zone": false, "ghsl_2018": 1}, "geometry": {"type": "Polygon", "coordinates": [[[72.5553047, 22.9759059], [72.555306, 22.975934099999996], [72.55520020000002, 22.975938200000005], [72.5551989, 22.975909999999995], [72.5553047, 22.9759059]]]}}, {"type": "Feature", "properties": {"layer": "building", "distance_m": 458.5, "source": "Google Open Buildings", "in_industrial_zone": false, "ghsl_2018": 1}, "geometry": {"type": "Polygon", "coordinates": [[[72.55563820000002, 22.97587070000001], [72.55568570000001, 22.975866000000003], [72.5556894, 22.975898000000004], [72.55564190000001, 22.975902700000002], [72.55563820000002, 22.97587070000001]]]}}, {"type": "Feature", "properties": {"layer": "building", "distance_m": 413.0, "source": "Google Open Buildings", "in_industrial_zone": false, "ghsl_2018": 1}, "geometry": {"type": "Polygon", "coordinates": [[[72.5549257, 22.975932400000005], [72.5549784, 22.975925000000004], [72.5549845, 22.975962800000005], [72.5549319, 22.9759702], [72.5549257, 22.975932400000005]]]}}, {"type": "Feature", "properties": {"layer": "building", "distance_m": 420.3, "source": "Google Open Buildings", "in_industrial_zone": false, "ghsl_2018": 1}, "geometry": {"type": "Polygon", "coordinates": [[[72.5551145, 22.9759218], [72.5551168, 22.975952500000002], [72.5550446, 22.975957300000005], [72.5550422, 22.975926600000005], [72.5551145, 22.9759218]]]}}, {"type": "Feature", "properties": {"layer": "building", "distance_m": 431.4, "source": "Google Open Buildings", "in_industrial_zone": false, "ghsl_2018": 1}, "geometry": {"type": "Polygon", "coordinates": [[[72.5550947, 22.97601690000001], [72.55520670000001, 22.9760095], [72.5552092, 22.9760432], [72.5550973, 22.9760505], [72.5550947, 22.97601690000001]]]}}, {"type": "Feature", "properties": {"layer": "building", "distance_m": 430.9, "source": "Google Open Buildings", "in_industrial_zone": false, "ghsl_2018": 1}, "geometry": {"type": "Polygon", "coordinates": [[[72.5551567, 22.9760466], [72.55515940000001, 22.9760814], [72.5550419, 22.976089100000003], [72.5550392, 22.9760544], [72.5551567, 22.9760466]]]}}, {"type": "Feature", "properties": {"layer": "building", "distance_m": 421.8, "source": "Microsoft ML Buildings", "in_industrial_zone": false, "ghsl_2018": 1}, "geometry": {"type": "Polygon", "coordinates": [[[72.5549977, 22.9759796], [72.5550378, 22.975977599999997], [72.55504130000001, 22.976035100000004], [72.5550012, 22.9760372], [72.5549977, 22.9759796]]]}}, {"type": "Feature", "properties": {"layer": "building", "distance_m": 426.8, "source": "Google Open Buildings", "in_industrial_zone": false, "ghsl_2018": 1}, "geometry": {"type": "Polygon", "coordinates": [[[72.5549483, 22.97607530000001], [72.5549842, 22.976076100000004], [72.554983, 22.976121900000003], [72.5549471, 22.9761211], [72.5549483, 22.97607530000001]]]}}, {"type": "Feature", "properties": {"layer": "building", "distance_m": 431.9, "source": "Google Open Buildings", "in_industrial_zone": false, "ghsl_2018": 1}, "geometry": {"type": "Polygon", "coordinates": [[[72.5549531, 22.9761313], [72.5549916, 22.976132999999997], [72.55498970000001, 22.976168600000005], [72.5549513, 22.976166799999998], [72.5549531, 22.9761313]]]}}, {"type": "Feature", "properties": {"layer": "building", "distance_m": 433.7, "source": "Google Open Buildings", "in_industrial_zone": false, "ghsl_2018": 1}, "geometry": {"type": "Polygon", "coordinates": [[[72.5551585, 22.9760736], [72.5551623, 22.976108400000008], [72.55504730000001, 22.976119200000003], [72.5550435, 22.9760844], [72.5551585, 22.9760736]]]}}, {"type": "Feature", "properties": {"layer": "building", "distance_m": 438.4, "source": "Google Open Buildings", "in_industrial_zone": false, "ghsl_2018": 1}, "geometry": {"type": "Polygon", "coordinates": [[[72.55518700000002, 22.9761061], [72.5551912, 22.976145500000005], [72.5550769, 22.9761562], [72.55507260000002, 22.976116900000008], [72.55518700000002, 22.9761061]]]}}, {"type": "Feature", "properties": {"layer": "building", "distance_m": 444.7, "source": "Google Open Buildings", "in_industrial_zone": false, "ghsl_2018": 1}, "geometry": {"type": "Polygon", "coordinates": [[[72.5551289, 22.9762305], [72.5551312, 22.976254], [72.5550048, 22.976265000000012], [72.5550024, 22.976241499999997], [72.5551289, 22.9762305]]]}}, {"type": "Feature", "properties": {"layer": "building", "distance_m": 400.6, "source": "Google Open Buildings", "in_industrial_zone": false, "ghsl_2018": 1}, "geometry": {"type": "Polygon", "coordinates": [[[72.5545375, 22.9760702], [72.5545772, 22.976168500000004], [72.5545468, 22.97617899999999], [72.5545071, 22.9760808], [72.5545375, 22.9760702]]]}}, {"type": "Feature", "properties": {"layer": "building", "distance_m": 397.6, "source": "Google Open Buildings", "in_industrial_zone": false, "ghsl_2018": 1}, "geometry": {"type": "Polygon", "coordinates": [[[72.5544469, 22.9760844], [72.5544836, 22.976077899999996], [72.5544998, 22.9761556], [72.5544631, 22.976162200000005], [72.5544469, 22.9760844]]]}}, {"type": "Feature", "properties": {"layer": "building", "distance_m": 391.6, "source": "Google Open Buildings", "in_industrial_zone": false, "ghsl_2018": 1}, "geometry": {"type": "Polygon", "coordinates": [[[72.554409, 22.976042699999994], [72.5544454, 22.976036900000004], [72.5544661, 22.9761487], [72.5544297, 22.976154499999996], [72.554409, 22.976042699999994]]]}}, {"type": "Feature", "properties": {"layer": "building", "distance_m": 386.5, "source": "Microsoft ML Buildings", "in_industrial_zone": false, "ghsl_2018": 1}, "geometry": {"type": "Polygon", "coordinates": [[[72.5537283, 22.976379199999997], [72.5537197, 22.976316], [72.5538597, 22.976299900000004], [72.5538683, 22.976363200000005], [72.5537283, 22.976379199999997]]]}}, {"type": "Feature", "properties": {"layer": "building", "distance_m": 429.4, "source": "Google Open Buildings", "in_industrial_zone": false, "ghsl_2018": 1}, "geometry": {"type": "Polygon", "coordinates": [[[72.5541171, 22.976580700000003], [72.5541399, 22.976572299999997], [72.5541837, 22.976674200000005], [72.5541608, 22.976682600000007], [72.5541171, 22.976580700000003]]]}}, {"type": "Feature", "properties": {"layer": "building", "distance_m": 432.4, "source": "Google Open Buildings", "in_industrial_zone": false, "ghsl_2018": 1}, "geometry": {"type": "Polygon", "coordinates": [[[72.5542274, 22.976565200000003], [72.5542643, 22.976662199999996], [72.5542356, 22.976671599999992], [72.5541986, 22.976574600000003], [72.5542274, 22.976565200000003]]]}}, {"type": "Feature", "properties": {"layer": "building", "distance_m": 432.1, "source": "Google Open Buildings", "in_industrial_zone": false, "ghsl_2018": 1}, "geometry": {"type": "Polygon", "coordinates": [[[72.5541691, 22.9765842], [72.5541986, 22.976574600000003], [72.5542356, 22.976671599999992], [72.5542061, 22.976681300000006], [72.5541691, 22.9765842]]]}}, {"type": "Feature", "properties": {"layer": "building", "distance_m": 401.1, "source": "Google Open Buildings", "in_industrial_zone": false, "ghsl_2018": 0}, "geometry": {"type": "Polygon", "coordinates": [[[72.5532833, 22.976609], [72.5533339, 22.976605199999998], [72.5533385, 22.976658500000006], [72.5532879, 22.9766622], [72.5532833, 22.976609]]]}}, {"type": "Feature", "properties": {"layer": "building", "distance_m": 346.8, "source": "Google Open Buildings", "in_industrial_zone": false, "ghsl_2018": 1}, "geometry": {"type": "Polygon", "coordinates": [[[72.554663, 22.975349399999992], [72.5546889, 22.9753501], [72.5546875, 22.975391599999995], [72.5546616, 22.9753909], [72.554663, 22.975349399999992]]]}}, {"type": "Feature", "properties": {"layer": "building", "distance_m": 325.6, "source": "Google Open Buildings", "in_industrial_zone": false, "ghsl_2018": 0}, "geometry": {"type": "Polygon", "coordinates": [[[72.5545488, 22.9751857], [72.5545886, 22.9751785], [72.5545988, 22.975227000000004], [72.554559, 22.9752342], [72.5545488, 22.9751857]]]}}, {"type": "Feature", "properties": {"layer": "building", "distance_m": 327.7, "source": "Google Open Buildings", "in_industrial_zone": false, "ghsl_2018": 1}, "geometry": {"type": "Polygon", "coordinates": [[[72.5546426, 22.975126100000008], [72.5546762, 22.9751246], [72.5546814, 22.975227800000003], [72.5546478, 22.975229300000006], [72.5546426, 22.975126100000008]]]}}, {"type": "Feature", "properties": {"layer": "building", "distance_m": 321.4, "source": "Google Open Buildings", "in_industrial_zone": false, "ghsl_2018": 1}, "geometry": {"type": "Polygon", "coordinates": [[[72.5546672, 22.9750668], [72.5546697, 22.9750936], [72.554617, 22.9750978], [72.5546145, 22.975071100000005], [72.5546672, 22.9750668]]]}}, {"type": "Feature", "properties": {"layer": "building", "distance_m": 309.3, "source": "Google Open Buildings", "in_industrial_zone": false, "ghsl_2018": 1}, "geometry": {"type": "Polygon", "coordinates": [[[72.554572, 22.974954299999997], [72.5546032, 22.974947500000006], [72.554631, 22.9750567], [72.5545998, 22.975063599999995], [72.554572, 22.974954299999997]]]}}, {"type": "Feature", "properties": {"layer": "building", "distance_m": 307.3, "source": "Google Open Buildings", "in_industrial_zone": false, "ghsl_2018": 1}, "geometry": {"type": "Polygon", "coordinates": [[[72.5545377, 22.974961800000006], [72.554572, 22.974954299999997], [72.5545998, 22.975063599999995], [72.55456550000001, 22.9750711], [72.5545377, 22.974961800000006]]]}}, {"type": "Feature", "properties": {"layer": "building", "distance_m": 305.6, "source": "Google Open Buildings", "in_industrial_zone": false, "ghsl_2018": 1}, "geometry": {"type": "Polygon", "coordinates": [[[72.554508, 22.9749683], [72.5545377, 22.974961800000006], [72.55456550000001, 22.9750711], [72.5545359, 22.9750775], [72.554508, 22.9749683]]]}}, {"type": "Feature", "properties": {"layer": "building", "distance_m": 325.9, "source": "Google Open Buildings", "in_industrial_zone": false, "ghsl_2018": 1}, "geometry": {"type": "Polygon", "coordinates": [[[72.5549644, 22.974951600000004], [72.5549807, 22.975108699999996], [72.5547898, 22.975125700000003], [72.5547734, 22.9749686], [72.5549644, 22.974951600000004]]]}}, {"type": "Feature", "properties": {"layer": "building", "distance_m": 327.7, "source": "Google Open Buildings", "in_industrial_zone": false, "ghsl_2018": 1}, "geometry": {"type": "Polygon", "coordinates": [[[72.554728, 22.975042299999995], [72.55475640000002, 22.975040300000007], [72.5547632, 22.975123099999998], [72.5547348, 22.975125200000008], [72.554728, 22.975042299999995]]]}}, {"type": "Feature", "properties": {"layer": "building", "distance_m": 344.1, "source": "Google Open Buildings", "in_industrial_zone": false, "ghsl_2018": 1}, "geometry": {"type": "Polygon", "coordinates": [[[72.554759, 22.975227699999998], [72.554813, 22.9752186], [72.5548217, 22.9752625], [72.5547678, 22.975271699999993], [72.554759, 22.975227699999998]]]}}, {"type": "Feature", "properties": {"layer": "building", "distance_m": 355.5, "source": "Google Open Buildings", "in_industrial_zone": false, "ghsl_2018": 1}, "geometry": {"type": "Polygon", "coordinates": [[[72.5549234, 22.975216400000004], [72.55495820000002, 22.97521340000001], [72.5549646, 22.9752774], [72.5549298, 22.975280400000013], [72.5549234, 22.975216400000004]]]}}, {"type": "Feature", "properties": {"layer": "building", "distance_m": 354.5, "source": "Google Open Buildings", "in_industrial_zone": false, "ghsl_2018": 1}, "geometry": {"type": "Polygon", "coordinates": [[[72.5548901, 22.975236600000006], [72.5549193, 22.975237000000007], [72.5549186, 22.975277700000003], [72.5548893, 22.97527720000001], [72.5548901, 22.975236600000006]]]}}, {"type": "Feature", "properties": {"layer": "building", "distance_m": 361.3, "source": "Google Open Buildings", "in_industrial_zone": false, "ghsl_2018": 1}, "geometry": {"type": "Polygon", "coordinates": [[[72.55488860000001, 22.975327599999996], [72.5549231, 22.9753248], [72.5549284, 22.9753806], [72.5548939, 22.9753834], [72.55488860000001, 22.975327599999996]]]}}, {"type": "Feature", "properties": {"layer": "building", "distance_m": 354.7, "source": "Google Open Buildings", "in_industrial_zone": false, "ghsl_2018": 1}, "geometry": {"type": "Polygon", "coordinates": [[[72.5547633, 22.975378400000004], [72.5547661, 22.975421900000004], [72.554744, 22.9754231], [72.5547412, 22.975379600000004], [72.5547633, 22.975378400000004]]]}}, {"type": "Feature", "properties": {"layer": "building", "distance_m": 353.6, "source": "Google Open Buildings", "in_industrial_zone": false, "ghsl_2018": 1}, "geometry": {"type": "Polygon", "coordinates": [[[72.5547548, 22.975352900000004], [72.5547939, 22.9753499], [72.5548001, 22.9754193], [72.554761, 22.97542230000001], [72.5547548, 22.975352900000004]]]}}, {"type": "Feature", "properties": {"layer": "building", "distance_m": 359.6, "source": "Google Open Buildings", "in_industrial_zone": false, "ghsl_2018": 1}, "geometry": {"type": "Polygon", "coordinates": [[[72.554761, 22.97542230000001], [72.5548001, 22.9754193], [72.55480460000001, 22.97546940000001], [72.5547655, 22.975472399999997], [72.554761, 22.97542230000001]]]}}, {"type": "Feature", "properties": {"layer": "building", "distance_m": 365.8, "source": "Google Open Buildings", "in_industrial_zone": false, "ghsl_2018": 1}, "geometry": {"type": "Polygon", "coordinates": [[[72.5548862, 22.975388100000004], [72.5549264, 22.9753859], [72.554932, 22.975474200000008], [72.55489180000001, 22.9754764], [72.5548862, 22.975388100000004]]]}}, {"type": "Feature", "properties": {"layer": "building", "distance_m": 365.0, "source": "Google Open Buildings", "in_industrial_zone": false, "ghsl_2018": 1}, "geometry": {"type": "Polygon", "coordinates": [[[72.5548249, 22.975433300000002], [72.5548531, 22.9754354], [72.55485, 22.975469800000003], [72.5548218, 22.9754676], [72.5548249, 22.975433300000002]]]}}, {"type": "Feature", "properties": {"layer": "building", "distance_m": 361.4, "source": "Google Open Buildings", "in_industrial_zone": false, "ghsl_2018": 1}, "geometry": {"type": "Polygon", "coordinates": [[[72.5548148, 22.975397200000003], [72.5548483, 22.9753992], [72.5548461, 22.9754302], [72.5548126, 22.975428200000007], [72.5548148, 22.975397200000003]]]}}, {"type": "Feature", "properties": {"layer": "building", "distance_m": 356.1, "source": "Google Open Buildings", "in_industrial_zone": false, "ghsl_2018": 1}, "geometry": {"type": "Polygon", "coordinates": [[[72.5547939, 22.9753499], [72.5548853, 22.97534290000001], [72.5548894, 22.975389100000005], [72.554798, 22.9753961], [72.5547939, 22.9753499]]]}}, {"type": "Feature", "properties": {"layer": "building", "distance_m": 374.7, "source": "Google Open Buildings", "in_industrial_zone": false, "ghsl_2018": 1}, "geometry": {"type": "Polygon", "coordinates": [[[72.5549979, 22.975396300000007], [72.5550265, 22.9753919], [72.5550396, 22.9754667], [72.555011, 22.975471000000002], [72.5549979, 22.975396300000007]]]}}, {"type": "Feature", "properties": {"layer": "building", "distance_m": 370.8, "source": "Google Open Buildings", "in_industrial_zone": false, "ghsl_2018": 1}, "geometry": {"type": "Polygon", "coordinates": [[[72.5549281, 22.975413000000003], [72.5549968, 22.975409199999998], [72.5549992, 22.9754479], [72.5549306, 22.975451600000003], [72.5549281, 22.975413000000003]]]}}, {"type": "Feature", "properties": {"layer": "building", "distance_m": 384.4, "source": "Google Open Buildings", "in_industrial_zone": false, "ghsl_2018": 1}, "geometry": {"type": "Polygon", "coordinates": [[[72.555126, 22.9753982], [72.5551969, 22.975399299999996], [72.5551961, 22.975444399999997], [72.5551252, 22.975443299999995], [72.555126, 22.9753982]]]}}, {"type": "Feature", "properties": {"layer": "building", "distance_m": 380.9, "source": "Google Open Buildings", "in_industrial_zone": false, "ghsl_2018": 1}, "geometry": {"type": "Polygon", "coordinates": [[[72.5550625, 22.9754143], [72.555113, 22.975410300000004], [72.55511490000002, 22.975431000000007], [72.5550644, 22.975435000000008], [72.5550625, 22.9754143]]]}}, {"type": "Feature", "properties": {"layer": "building", "distance_m": 379.5, "source": "Microsoft ML Buildings", "in_industrial_zone": false, "ghsl_2018": 1}, "geometry": {"type": "Polygon", "coordinates": [[[72.5551333, 22.975323400000008], [72.5552138, 22.975322399999996], [72.55521460000001, 22.975374300000002], [72.5551341, 22.975375300000003], [72.5551333, 22.975323400000008]]]}}, {"type": "Feature", "properties": {"layer": "building", "distance_m": 371.4, "source": "Google Open Buildings", "in_industrial_zone": false, "ghsl_2018": 1}, "geometry": {"type": "Polygon", "coordinates": [[[72.55512620000002, 22.97529220000001], [72.5551287, 22.9753194], [72.5550544, 22.9753252], [72.5550519, 22.975298000000002], [72.55512620000002, 22.97529220000001]]]}}, {"type": "Feature", "properties": {"layer": "building", "distance_m": 370.6, "source": "Google Open Buildings", "in_industrial_zone": false, "ghsl_2018": 1}, "geometry": {"type": "Polygon", "coordinates": [[[72.55502600000001, 22.975313900000003], [72.5550498, 22.9753414], [72.5550465, 22.97537070000001], [72.5550199, 22.975368200000002], [72.55502600000001, 22.975313900000003]]]}}, {"type": "Feature", "properties": {"layer": "building", "distance_m": 368.7, "source": "Google Open Buildings", "in_industrial_zone": false, "ghsl_2018": 1}, "geometry": {"type": "Polygon", "coordinates": [[[72.5549848, 22.9753307], [72.5550214, 22.9753278], [72.5550275, 22.9753939], [72.5549908, 22.975396799999995], [72.5549848, 22.9753307]]]}}, {"type": "Feature", "properties": {"layer": "building", "distance_m": 365.8, "source": "Google Open Buildings", "in_industrial_zone": false, "ghsl_2018": 1}, "geometry": {"type": "Polygon", "coordinates": [[[72.554942, 22.975333999999997], [72.5549848, 22.9753307], [72.5549908, 22.975396799999995], [72.55494810000002, 22.9754001], [72.554942, 22.975333999999997]]]}}, {"type": "Feature", "properties": {"layer": "building", "distance_m": 363.1, "source": "Google Open Buildings", "in_industrial_zone": false, "ghsl_2018": 1}, "geometry": {"type": "Polygon", "coordinates": [[[72.5550115, 22.975227], [72.5550451, 22.975224100000005], [72.5550526, 22.975298200000005], [72.5550189, 22.975301], [72.5550115, 22.975227]]]}}, {"type": "Feature", "properties": {"layer": "building", "distance_m": 374.5, "source": "Google Open Buildings", "in_industrial_zone": false, "ghsl_2018": 1}, "geometry": {"type": "Polygon", "coordinates": [[[72.5552296, 22.975257], [72.5552321, 22.97528390000001], [72.55512620000002, 22.97529220000001], [72.5551237, 22.975265299999993], [72.5552296, 22.975257]]]}}, {"type": "Feature", "properties": {"layer": "building", "distance_m": 392.0, "source": "Google Open Buildings", "in_industrial_zone": false, "ghsl_2018": 1}, "geometry": {"type": "Polygon", "coordinates": [[[72.5554193, 22.9751752], [72.5554542, 22.975171199999995], [72.555465, 22.975250700000007], [72.55543, 22.975254800000002], [72.5554193, 22.9751752]]]}}, {"type": "Feature", "properties": {"layer": "building", "distance_m": 388.1, "source": "Google Open Buildings", "in_industrial_zone": false, "ghsl_2018": 1}, "geometry": {"type": "Polygon", "coordinates": [[[72.5553304, 22.975224900000004], [72.5553564, 22.975226200000005], [72.55535340000002, 22.975276200000007], [72.5553274, 22.975274800000005], [72.5553304, 22.975224900000004]]]}}, {"type": "Feature", "properties": {"layer": "building", "distance_m": 391.6, "source": "Google Open Buildings", "in_industrial_zone": false, "ghsl_2018": 1}, "geometry": {"type": "Polygon", "coordinates": [[[72.5553636, 22.9752831], [72.55537180000002, 22.975322200000008], [72.5553246, 22.975330699999997], [72.5553163, 22.9752916], [72.5553636, 22.9752831]]]}}, {"type": "Feature", "properties": {"layer": "building", "distance_m": 393.2, "source": "Google Open Buildings", "in_industrial_zone": false, "ghsl_2018": 1}, "geometry": {"type": "Polygon", "coordinates": [[[72.55537260000001, 22.97524990000001], [72.5553968, 22.975248300000004], [72.5554012, 22.9753065], [72.555377, 22.975308000000005], [72.55537260000001, 22.97524990000001]]]}}, {"type": "Feature", "properties": {"layer": "building", "distance_m": 389.3, "source": "Google Open Buildings", "in_industrial_zone": false, "ghsl_2018": 1}, "geometry": {"type": "Polygon", "coordinates": [[[72.55527170000002, 22.975374800000004], [72.5552757, 22.9754185], [72.5552108, 22.97542350000001], [72.5552068, 22.9753799], [72.55527170000002, 22.975374800000004]]]}}, {"type": "Feature", "properties": {"layer": "building", "distance_m": 397.2, "source": "Google Open Buildings", "in_industrial_zone": false, "ghsl_2018": 1}, "geometry": {"type": "Polygon", "coordinates": [[[72.5553399, 22.9753457], [72.5553818, 22.975341200000006], [72.5553905, 22.975411300000005], [72.5553486, 22.975415800000004], [72.5553399, 22.9753457]]]}}, {"type": "Feature", "properties": {"layer": "building", "distance_m": 404.1, "source": "Google Open Buildings", "in_industrial_zone": false, "ghsl_2018": 1}, "geometry": {"type": "Polygon", "coordinates": [[[72.5554011, 22.975374500000004], [72.5554455, 22.975369300000008], [72.55545330000001, 22.97542700000001], [72.55540890000002, 22.975432100000006], [72.5554011, 22.975374500000004]]]}}, {"type": "Feature", "properties": {"layer": "building", "distance_m": 408.9, "source": "Google Open Buildings", "in_industrial_zone": false, "ghsl_2018": 1}, "geometry": {"type": "Polygon", "coordinates": [[[72.5554523, 22.975384200000004], [72.5554835, 22.9753815], [72.5554879, 22.9754247], [72.5554567, 22.975427400000004], [72.5554523, 22.975384200000004]]]}}, {"type": "Feature", "properties": {"layer": "building", "distance_m": 411.1, "source": "Google Open Buildings", "in_industrial_zone": false, "ghsl_2018": 1}, "geometry": {"type": "Polygon", "coordinates": [[[72.5555095, 22.975464300000002], [72.5555149, 22.9754937], [72.5553973, 22.9755121], [72.555392, 22.975482699999997], [72.5555095, 22.975464300000002]]]}}, {"type": "Feature", "properties": {"layer": "building", "distance_m": 407.1, "source": "Google Open Buildings", "in_industrial_zone": false, "ghsl_2018": 1}, "geometry": {"type": "Polygon", "coordinates": [[[72.5554943, 22.975308799999997], [72.5555218, 22.9753098], [72.5555193, 22.975368400000004], [72.55549190000002, 22.9753675], [72.5554943, 22.975308799999997]]]}}, {"type": "Feature", "properties": {"layer": "building", "distance_m": 400.9, "source": "Google Open Buildings", "in_industrial_zone": false, "ghsl_2018": 1}, "geometry": {"type": "Polygon", "coordinates": [[[72.55546760000001, 22.975281500000012], [72.5554742, 22.975346499999997], [72.5554459, 22.975348900000007], [72.5554393, 22.975283900000008], [72.55546760000001, 22.975281500000012]]]}}, {"type": "Feature", "properties": {"layer": "building", "distance_m": 408.3, "source": "Google Open Buildings", "in_industrial_zone": false, "ghsl_2018": 1}, "geometry": {"type": "Polygon", "coordinates": [[[72.55552900000002, 22.975284500000004], [72.5555619, 22.9752827], [72.5555659, 22.9753443], [72.55553300000001, 22.9753461], [72.55552900000002, 22.975284500000004]]]}}, {"type": "Feature", "properties": {"layer": "building", "distance_m": 363.2, "source": "Microsoft ML Buildings", "in_industrial_zone": false, "ghsl_2018": 1}, "geometry": {"type": "Polygon", "coordinates": [[[72.5552848, 22.974900900000005], [72.5554216, 22.974898100000008], [72.5554263, 22.975090599999994], [72.5553486, 22.975092199999995], [72.5553466, 22.9750132], [72.5552876, 22.97501450000001], [72.5552848, 22.974900900000005]]]}}, {"type": "Feature", "properties": {"layer": "building", "distance_m": 354.0, "source": "Microsoft ML Buildings", "in_industrial_zone": false, "ghsl_2018": 1}, "geometry": {"type": "Polygon", "coordinates": [[[72.55521850000001, 22.974898100000008], [72.555214, 22.974849000000006], [72.5552753, 22.974844299999994], [72.5552798, 22.974893299999994], [72.55521850000001, 22.974898100000008]]]}}, {"type": "Feature", "properties": {"layer": "building", "distance_m": 361.8, "source": "Microsoft ML Buildings", "in_industrial_zone": false, "ghsl_2018": 1}, "geometry": {"type": "Polygon", "coordinates": [[[72.5552983, 22.974887200000005], [72.5553003, 22.974856200000005], [72.5553591, 22.974859400000003], [72.5553571, 22.9748904], [72.5552983, 22.974887200000005]]]}}, {"type": "Feature", "properties": {"layer": "building", "distance_m": 396.6, "source": "Google Open Buildings", "in_industrial_zone": false, "ghsl_2018": 1}, "geometry": {"type": "Polygon", "coordinates": [[[72.5557138, 22.974969300000005], [72.5557224, 22.974990400000006], [72.5556064, 22.975030800000003], [72.5555978, 22.975009800000002], [72.5557138, 22.974969300000005]]]}}, {"type": "Feature", "properties": {"layer": "building", "distance_m": 393.9, "source": "Google Open Buildings", "in_industrial_zone": false, "ghsl_2018": 1}, "geometry": {"type": "Polygon", "coordinates": [[[72.55568590000001, 22.974862800000004], [72.555691, 22.9749866], [72.5556688, 22.974987300000002], [72.5556637, 22.974863600000003], [72.55568590000001, 22.974862800000004]]]}}, {"type": "Feature", "properties": {"layer": "building", "distance_m": 384.1, "source": "Microsoft ML Buildings", "in_industrial_zone": false, "ghsl_2018": 1}, "geometry": {"type": "Polygon", "coordinates": [[[72.5555938, 22.974927600000004], [72.55558890000002, 22.9748067], [72.5556345, 22.9748052], [72.5556393, 22.974926000000007], [72.5555938, 22.974927600000004]]]}}, {"type": "Feature", "properties": {"layer": "building", "distance_m": 359.9, "source": "Google Open Buildings", "in_industrial_zone": false, "ghsl_2018": 1}, "geometry": {"type": "Polygon", "coordinates": [[[72.5554185, 22.97464150000001], [72.5554822, 22.9746329], [72.5554905, 22.974685699999995], [72.5554268, 22.974694300000003], [72.5554185, 22.97464150000001]]]}}, {"type": "Feature", "properties": {"layer": "building", "distance_m": 375.1, "source": "Google Open Buildings", "in_industrial_zone": false, "ghsl_2018": 1}, "geometry": {"type": "Polygon", "coordinates": [[[72.55560560000002, 22.974608700000005], [72.5556476, 22.974602600000004], [72.5556552, 22.974647700000002], [72.5556132, 22.974653799999995], [72.55560560000002, 22.974608700000005]]]}}, {"type": "Feature", "properties": {"layer": "building", "distance_m": 371.5, "source": "Google Open Buildings", "in_industrial_zone": false, "ghsl_2018": 1}, "geometry": {"type": "Polygon", "coordinates": [[[72.5556357, 22.9744788], [72.55567300000001, 22.974467800000006], [72.5556849, 22.974502200000003], [72.55564760000001, 22.9745133], [72.5556357, 22.9744788]]]}}, {"type": "Feature", "properties": {"layer": "building", "distance_m": 366.4, "source": "Google Open Buildings", "in_industrial_zone": false, "ghsl_2018": 1}, "geometry": {"type": "Polygon", "coordinates": [[[72.5555705, 22.9744981], [72.5556042, 22.9744882], [72.5556243, 22.974546299999997], [72.5555905, 22.974556299999996], [72.5555705, 22.9744981]]]}}, {"type": "Feature", "properties": {"layer": "building", "distance_m": 369.1, "source": "Google Open Buildings", "in_industrial_zone": false, "ghsl_2018": 1}, "geometry": {"type": "Polygon", "coordinates": [[[72.5556042, 22.9744882], [72.5556357, 22.9744788], [72.5556558, 22.9745369], [72.5556243, 22.974546299999997], [72.5556042, 22.9744882]]]}}, {"type": "Feature", "properties": {"layer": "building", "distance_m": 362.0, "source": "Google Open Buildings", "in_industrial_zone": false, "ghsl_2018": 1}, "geometry": {"type": "Polygon", "coordinates": [[[72.55555980000001, 22.974522900000007], [72.5555683, 22.974565600000002], [72.5555128, 22.974575000000012], [72.55550430000001, 22.974532300000007], [72.55555980000001, 22.974522900000007]]]}}, {"type": "Feature", "properties": {"layer": "building", "distance_m": 357.2, "source": "Microsoft ML Buildings", "in_industrial_zone": false, "ghsl_2018": 1}, "geometry": {"type": "Polygon", "coordinates": [[[72.55553360000002, 22.9745079], [72.5554808, 22.9745247], [72.55547090000002, 22.974498200000006], [72.5555236, 22.9744814], [72.55553360000002, 22.9745079]]]}}, {"type": "Feature", "properties": {"layer": "building", "distance_m": 340.3, "source": "Microsoft ML Buildings", "in_industrial_zone": false, "ghsl_2018": 1}, "geometry": {"type": "Polygon", "coordinates": [[[72.5554121, 22.974619500000003], [72.5553934, 22.974521200000005], [72.5553388, 22.9745301], [72.5553205, 22.9744342], [72.5553986, 22.974421599999996], [72.55539630000001, 22.974409700000002], [72.5554666, 22.974398300000004], [72.5554825, 22.9744822], [72.5554643, 22.974485099999995], [72.5554876, 22.9746073], [72.5554121, 22.974619500000003]]]}}, {"type": "Feature", "properties": {"layer": "building", "distance_m": 339.2, "source": "Google Open Buildings", "in_industrial_zone": false, "ghsl_2018": 1}, "geometry": {"type": "Polygon", "coordinates": [[[72.5552427, 22.974549700000004], [72.555288, 22.9745442], [72.5552899, 22.974557500000007], [72.5553488, 22.974550300000004], [72.5553535, 22.974584], [72.5552494, 22.9745967], [72.5552427, 22.974549700000004]]]}}, {"type": "Feature", "properties": {"layer": "building", "distance_m": 355.6, "source": "Google Open Buildings", "in_industrial_zone": false, "ghsl_2018": 1}, "geometry": {"type": "Polygon", "coordinates": [[[72.5553561, 22.974786400000003], [72.5553597, 22.974818500000005], [72.5552759, 22.974826700000005], [72.5552722, 22.9747946], [72.5553561, 22.974786400000003]]]}}, {"type": "Feature", "properties": {"layer": "building", "distance_m": 351.0, "source": "Google Open Buildings", "in_industrial_zone": false, "ghsl_2018": 1}, "geometry": {"type": "Polygon", "coordinates": [[[72.5553562, 22.974758000000005], [72.5553594, 22.97478600000001], [72.5552382, 22.974798099999997], [72.5552349, 22.974770100000008], [72.5553562, 22.974758000000005]]]}}, {"type": "Feature", "properties": {"layer": "building", "distance_m": 349.2, "source": "Google Open Buildings", "in_industrial_zone": false, "ghsl_2018": 1}, "geometry": {"type": "Polygon", "coordinates": [[[72.5552119, 22.974774500000006], [72.5552441, 22.9747719], [72.5552477, 22.9748109], [72.5552155, 22.974813400000002], [72.5552119, 22.974774500000006]]]}}, {"type": "Feature", "properties": {"layer": "building", "distance_m": 304.9, "source": "Google Open Buildings", "in_industrial_zone": false, "ghsl_2018": 1}, "geometry": {"type": "Polygon", "coordinates": [[[72.55508150000001, 22.974670900000007], [72.5550934, 22.974789700000002], [72.5551451, 22.974785199999996], [72.5551567, 22.974900500000004], [72.5547653, 22.9749342], [72.5547417, 22.974700200000004], [72.55508150000001, 22.974670900000007]]]}}, {"type": "Feature", "properties": {"layer": "building", "distance_m": 327.0, "source": "Google Open Buildings", "in_industrial_zone": false, "ghsl_2018": 1}, "geometry": {"type": "Polygon", "coordinates": [[[72.5550802, 22.97458990000001], [72.5551396, 22.974582700000006], [72.5551435, 22.9746109], [72.5550842, 22.9746181], [72.5550802, 22.97458990000001]]]}}, {"type": "Feature", "properties": {"layer": "building", "distance_m": 303.5, "source": "Google Open Buildings", "in_industrial_zone": false, "ghsl_2018": 0}, "geometry": {"type": "Polygon", "coordinates": [[[72.5552012, 22.9743397], [72.55500740000001, 22.974328600000003], [72.5550117, 22.9742632], [72.5552056, 22.97427430000001], [72.5552012, 22.9743397]]]}}, {"type": "Feature", "properties": {"layer": "building", "distance_m": 282.5, "source": "Microsoft ML Buildings", "in_industrial_zone": false, "ghsl_2018": 0}, "geometry": {"type": "Polygon", "coordinates": [[[72.55481, 22.974212700000002], [72.5549753, 22.9741657], [72.5550053, 22.974255000000007], [72.5548399, 22.974302], [72.55481, 22.974212700000002]]]}}, {"type": "Feature", "properties": {"layer": "building", "distance_m": 297.2, "source": "Microsoft ML Buildings", "in_industrial_zone": false, "ghsl_2018": 0}, "geometry": {"type": "Polygon", "coordinates": [[[72.5549953, 22.974162500000006], [72.5551669, 22.97415899999999], [72.5551683, 22.974218200000003], [72.5549968, 22.97422170000001], [72.5549953, 22.974162500000006]]]}}, {"type": "Feature", "properties": {"layer": "building", "distance_m": 262.9, "source": "Google Open Buildings", "in_industrial_zone": false, "ghsl_2018": 0}, "geometry": {"type": "Polygon", "coordinates": [[[72.5548597, 22.973938000000004], [72.5548819, 22.97397010000001], [72.55471, 22.974072000000003], [72.5546878, 22.974039900000005], [72.5548597, 22.973938000000004]]]}}, {"type": "Feature", "properties": {"layer": "building", "distance_m": 119.6, "source": "Microsoft ML Buildings", "in_industrial_zone": false, "ghsl_2018": 0}, "geometry": {"type": "Polygon", "coordinates": [[[72.5535064, 22.972925699999998], [72.5535817, 22.9729168], [72.5535874, 22.9729581], [72.5535122, 22.972966999999997], [72.5535064, 22.972925699999998]]]}}, {"type": "Feature", "properties": {"layer": "building", "distance_m": 112.5, "source": "Google Open Buildings", "in_industrial_zone": false, "ghsl_2018": 0}, "geometry": {"type": "Polygon", "coordinates": [[[72.5534434, 22.972986500000008], [72.5534853, 22.972982500000004], [72.5534901, 22.97302530000001], [72.5534482, 22.9730293], [72.5534434, 22.972986500000008]]]}}, {"type": "Feature", "properties": {"layer": "building", "distance_m": 93.1, "source": "Microsoft ML Buildings", "in_industrial_zone": false, "ghsl_2018": 0}, "geometry": {"type": "Polygon", "coordinates": [[[72.5532536, 22.972980200000002], [72.5533758, 22.9729691], [72.5533803, 22.973010700000003], [72.5532581, 22.973021800000005], [72.5532536, 22.972980200000002]]]}}, {"type": "Feature", "properties": {"layer": "building", "distance_m": 85.5, "source": "Google Open Buildings", "in_industrial_zone": false, "ghsl_2018": 0}, "geometry": {"type": "Polygon", "coordinates": [[[72.5532528, 22.973025899999996], [72.5532607, 22.973065100000017], [72.5531911, 22.973077200000002], [72.5531831, 22.973038], [72.5532528, 22.973025899999996]]]}}, {"type": "Feature", "properties": {"layer": "building", "distance_m": 107.1, "source": "Google Open Buildings", "in_industrial_zone": false, "ghsl_2018": 0}, "geometry": {"type": "Polygon", "coordinates": [[[72.5533916, 22.972991500000003], [72.5534434, 22.972986500000008], [72.5534482, 22.9730293], [72.5533964, 22.9730343], [72.5533916, 22.972991500000003]]]}}, {"type": "Feature", "properties": {"layer": "building", "distance_m": 77.1, "source": "Microsoft ML Buildings", "in_industrial_zone": false, "ghsl_2018": 1}, "geometry": {"type": "Polygon", "coordinates": [[[72.553186, 22.973054500000003], [72.5531218, 22.973075700000006], [72.5531006, 22.973021], [72.5531648, 22.972999800000014], [72.553186, 22.973054500000003]]]}}, {"type": "Feature", "properties": {"layer": "building", "distance_m": 95.7, "source": "Google Open Buildings", "in_industrial_zone": false, "ghsl_2018": 1}, "geometry": {"type": "Polygon", "coordinates": [[[72.55033189999999, 22.974070900000005], [72.55039030000002, 22.9740636], [72.5503934, 22.974084700000002], [72.550335, 22.974092], [72.55033189999999, 22.974070900000005]]]}}, {"type": "Feature", "properties": {"layer": "building", "distance_m": 99.2, "source": "Google Open Buildings", "in_industrial_zone": false, "ghsl_2018": 1}, "geometry": {"type": "Polygon", "coordinates": [[[72.5503072, 22.97401779999999], [72.5503106, 22.974038299999997], [72.5502791, 22.974065400000004], [72.550272, 22.9740228], [72.5503072, 22.97401779999999]]]}}, {"type": "Feature", "properties": {"layer": "building", "distance_m": 117.0, "source": "Google Open Buildings", "in_industrial_zone": false, "ghsl_2018": 1}, "geometry": {"type": "Polygon", "coordinates": [[[72.5500143, 22.9739335], [72.55005649999998, 22.973934200000006], [72.5500556, 22.973983800000003], [72.55001339999998, 22.97398310000001], [72.5500143, 22.9739335]]]}}, {"type": "Feature", "properties": {"layer": "building", "distance_m": 123.0, "source": "Google Open Buildings", "in_industrial_zone": false, "ghsl_2018": 1}, "geometry": {"type": "Polygon", "coordinates": [[[72.5499645, 22.973954600000003], [72.5500007, 22.973949600000008], [72.5500077, 22.973992699999997], [72.5499714, 22.9739977], [72.5499645, 22.973954600000003]]]}}, {"type": "Feature", "properties": {"layer": "building", "distance_m": 115.8, "source": "Google Open Buildings", "in_industrial_zone": false, "ghsl_2018": 1}, "geometry": {"type": "Polygon", "coordinates": [[[72.550107, 22.9740021], [72.5501164, 22.974040299999995], [72.5500345, 22.974057600000002], [72.5500251, 22.974019399999996], [72.550107, 22.9740021]]]}}, {"type": "Feature", "properties": {"layer": "building", "distance_m": 118.5, "source": "Google Open Buildings", "in_industrial_zone": false, "ghsl_2018": 1}, "geometry": {"type": "Polygon", "coordinates": [[[72.55007609999998, 22.974000300000007], [72.55008489999999, 22.97403870000001], [72.5500496, 22.9740455], [72.5500408, 22.974007199999996], [72.55007609999998, 22.974000300000007]]]}}, {"type": "Feature", "properties": {"layer": "building", "distance_m": 137.9, "source": "Microsoft ML Buildings", "in_industrial_zone": false, "ghsl_2018": 1}, "geometry": {"type": "Polygon", "coordinates": [[[72.54984619999999, 22.973958000000007], [72.5498414, 22.9740056], [72.5497988, 22.9740019], [72.5498037, 22.973954300000003], [72.54984619999999, 22.973958000000007]]]}}, {"type": "Feature", "properties": {"layer": "building", "distance_m": 127.5, "source": "Microsoft ML Buildings", "in_industrial_zone": false, "ghsl_2018": 1}, "geometry": {"type": "Polygon", "coordinates": [[[72.54985689999998, 22.973925800000007], [72.54994269999999, 22.973928200000003], [72.5499402, 22.9740022], [72.5498545, 22.973999900000006], [72.54985689999998, 22.973925800000007]]]}}, {"type": "Feature", "properties": {"layer": "building", "distance_m": 113.5, "source": "Google Open Buildings", "in_industrial_zone": false, "ghsl_2018": 1}, "geometry": {"type": "Polygon", "coordinates": [[[72.5500437, 22.9738132], [72.55004669999998, 22.973843600000006], [72.55, 22.973847600000006], [72.54999699999999, 22.973817200000003], [72.5500437, 22.9738132]]]}}, {"type": "Feature", "properties": {"layer": "building", "distance_m": 46.6, "source": "Microsoft ML Buildings", "in_industrial_zone": true, "ghsl_2018": 1}, "geometry": {"type": "Polygon", "coordinates": [[[72.55026109999999, 22.9729868], [72.5502617, 22.972989100000003], [72.5504418, 22.9729494], [72.5504722, 22.973066200000005], [72.5503898, 22.9730844], [72.55042830000001, 22.973232599999996], [72.5503356, 22.973253], [72.5503041, 22.9731315], [72.5501988, 22.973154700000002], [72.5501609, 22.973008799999995], [72.55026109999999, 22.9729868]]]}}, {"type": "Feature", "properties": {"layer": "building", "distance_m": 35.7, "source": "Microsoft ML Buildings", "in_industrial_zone": true, "ghsl_2018": 1}, "geometry": {"type": "Polygon", "coordinates": [[[72.5501047, 22.971812200000006], [72.5500633, 22.971682599999998], [72.5501325, 22.971663900000003], [72.55017389999999, 22.971793400000003], [72.5501047, 22.971812200000006]]]}}, {"type": "Feature", "properties": {"layer": "building", "distance_m": 48.6, "source": "Google Open Buildings", "in_industrial_zone": true, "ghsl_2018": 1}, "geometry": {"type": "Polygon", "coordinates": [[[72.5500255, 22.9717385], [72.5500771, 22.971901100000004], [72.54981210000001, 22.971973199999997], [72.5497605, 22.9718106], [72.5500255, 22.9717385]]]}}, {"type": "Feature", "properties": {"layer": "building", "distance_m": 76.6, "source": "Google Open Buildings", "in_industrial_zone": true, "ghsl_2018": 1}, "geometry": {"type": "Polygon", "coordinates": [[[72.5498188, 22.9719812], [72.5498581, 22.972100900000004], [72.54960479999998, 22.972172200000003], [72.54956549999999, 22.972052400000003], [72.5498188, 22.9719812]]]}}, {"type": "Feature", "properties": {"layer": "building", "distance_m": 76.6, "source": "Google Open Buildings", "in_industrial_zone": true, "ghsl_2018": 1}, "geometry": {"type": "Polygon", "coordinates": [[[72.5498581, 22.972100900000004], [72.54993539999998, 22.972336600000002], [72.54968209999998, 22.972407900000004], [72.54960479999998, 22.972172200000003], [72.5498581, 22.972100900000004]]]}}, {"type": "Feature", "properties": {"layer": "building", "distance_m": 48.9, "source": "Google Open Buildings", "in_industrial_zone": true, "ghsl_2018": 1}, "geometry": {"type": "Polygon", "coordinates": [[[72.55013609999999, 22.9720883], [72.5501938, 22.972263899999998], [72.54993539999998, 22.972336600000002], [72.5498778, 22.972160900000002], [72.55013609999999, 22.9720883]]]}}, {"type": "Feature", "properties": {"layer": "building", "distance_m": 48.6, "source": "Google Open Buildings", "in_industrial_zone": true, "ghsl_2018": 1}, "geometry": {"type": "Polygon", "coordinates": [[[72.5501192, 22.9720248], [72.55013899999999, 22.972085200000006], [72.5498793, 22.972158100000005], [72.5498596, 22.9720976], [72.5501192, 22.9720248]]]}}, {"type": "Feature", "properties": {"layer": "building", "distance_m": 48.6, "source": "Google Open Buildings", "in_industrial_zone": true, "ghsl_2018": 1}, "geometry": {"type": "Polygon", "coordinates": [[[72.55009949999999, 22.9719646], [72.5501192, 22.9720248], [72.5498596, 22.9720976], [72.5498399, 22.972037399999998], [72.55009949999999, 22.9719646]]]}}, {"type": "Feature", "properties": {"layer": "building", "distance_m": 34.0, "source": "Google Open Buildings", "in_industrial_zone": true, "ghsl_2018": 1}, "geometry": {"type": "Polygon", "coordinates": [[[72.55027459999998, 22.9720519], [72.55033449999999, 22.9722294], [72.55025530000002, 22.9722524], [72.5501953, 22.972074900000003], [72.55027459999998, 22.9720519]]]}}, {"type": "Feature", "properties": {"layer": "building", "distance_m": 58.5, "source": "Google Open Buildings", "in_industrial_zone": true, "ghsl_2018": 1}, "geometry": {"type": "Polygon", "coordinates": [[[72.550127, 22.972556300000008], [72.5501864, 22.97253990000001], [72.5502388, 22.972702200000004], [72.5501795, 22.972718600000004], [72.550127, 22.972556300000008]]]}}, {"type": "Feature", "properties": {"layer": "building", "distance_m": 46.8, "source": "Google Open Buildings", "in_industrial_zone": true, "ghsl_2018": 1}, "geometry": {"type": "Polygon", "coordinates": [[[72.55022270000002, 22.972287300000005], [72.5502375, 22.972344700000004], [72.5501529, 22.9723633], [72.55013809999998, 22.972305900000006], [72.55022270000002, 22.972287300000005]]]}}, {"type": "Feature", "properties": {"layer": "building", "distance_m": 69.1, "source": "Google Open Buildings", "in_industrial_zone": true, "ghsl_2018": 1}, "geometry": {"type": "Polygon", "coordinates": [[[72.54992619999999, 22.9723994], [72.55008619999998, 22.97256340000001], [72.5500551, 22.9725894], [72.5501095, 22.9726451], [72.5499805, 22.9727529], [72.5499634, 22.9727354], [72.5498532, 22.972827500000005], [72.54968959999998, 22.9726597], [72.54970449999999, 22.9725283], [72.5498313, 22.972422300000005], [72.54986160000001, 22.9724534], [72.54992619999999, 22.9723994]]]}}, {"type": "Feature", "properties": {"layer": "building", "distance_m": 121.8, "source": "Google Open Buildings", "in_industrial_zone": true, "ghsl_2018": 1}, "geometry": {"type": "Polygon", "coordinates": [[[72.54945780000001, 22.9722833], [72.54951589999999, 22.97246130000001], [72.54943529999998, 22.972483800000006], [72.5493773, 22.972305800000004], [72.54945780000001, 22.9722833]]]}}, {"type": "Feature", "properties": {"layer": "building", "distance_m": 163.8, "source": "Google Open Buildings", "in_industrial_zone": true, "ghsl_2018": 1}, "geometry": {"type": "Polygon", "coordinates": [[[72.5490069, 22.972214900000004], [72.5491229, 22.972567700000003], [72.5488739, 22.972637900000002], [72.54875790000001, 22.972285100000004], [72.5490069, 22.972214900000004]]]}}, {"type": "Feature", "properties": {"layer": "building", "distance_m": 136.0, "source": "Google Open Buildings", "in_industrial_zone": true, "ghsl_2018": 1}, "geometry": {"type": "Polygon", "coordinates": [[[72.5492114, 22.971982600000004], [72.5493254, 22.972322199999997], [72.5490689, 22.972396000000003], [72.5489549, 22.9720565], [72.5492114, 22.971982600000004]]]}}, {"type": "Feature", "properties": {"layer": "building", "distance_m": 163.8, "source": "Google Open Buildings", "in_industrial_zone": true, "ghsl_2018": 1}, "geometry": {"type": "Polygon", "coordinates": [[[72.54895509999999, 22.9720569], [72.54900709999998, 22.972214099999995], [72.5487538, 22.972286000000004], [72.5487018, 22.9721288], [72.54895509999999, 22.9720569]]]}}, {"type": "Feature", "properties": {"layer": "building", "distance_m": 124.1, "source": "Google Open Buildings", "in_industrial_zone": true, "ghsl_2018": 1}, "geometry": {"type": "Polygon", "coordinates": [[[72.5492631, 22.9719628], [72.5493246, 22.971946200000005], [72.5493585, 22.972053700000007], [72.54929699999998, 22.972070300000002], [72.5492631, 22.9719628]]]}}, {"type": "Feature", "properties": {"layer": "building", "distance_m": 76.7, "source": "Google Open Buildings", "in_industrial_zone": true, "ghsl_2018": 1}, "geometry": {"type": "Polygon", "coordinates": [[[72.54979889999998, 22.971920400000002], [72.5498188, 22.9719812], [72.54956549999999, 22.972052400000003], [72.5495456, 22.9719917], [72.54979889999998, 22.971920400000002]]]}}, {"type": "Feature", "properties": {"layer": "building", "distance_m": 76.7, "source": "Google Open Buildings", "in_industrial_zone": true, "ghsl_2018": 1}, "geometry": {"type": "Polygon", "coordinates": [[[72.5497794, 22.9718609], [72.54979889999998, 22.971920400000002], [72.5495456, 22.9719917], [72.5495261, 22.971932200000005], [72.5497794, 22.9718609]]]}}, {"type": "Feature", "properties": {"layer": "building", "distance_m": 76.7, "source": "Google Open Buildings", "in_industrial_zone": true, "ghsl_2018": 1}, "geometry": {"type": "Polygon", "coordinates": [[[72.5497651, 22.97181730000001], [72.5497794, 22.9718609], [72.5495261, 22.971932200000005], [72.54951180000002, 22.9718886], [72.5497651, 22.97181730000001]]]}}, {"type": "Feature", "properties": {"layer": "building", "distance_m": 163.5, "source": "Microsoft ML Buildings", "in_industrial_zone": true, "ghsl_2018": 1}, "geometry": {"type": "Polygon", "coordinates": [[[72.548642, 22.971342999999997], [72.5486361, 22.9712742], [72.5487028, 22.971269400000004], [72.5487086, 22.971338099999997], [72.548642, 22.971342999999997]]]}}, {"type": "Feature", "properties": {"layer": "building", "distance_m": 261.5, "source": "Microsoft ML Buildings", "in_industrial_zone": true, "ghsl_2018": 1}, "geometry": {"type": "Polygon", "coordinates": [[[72.5476772, 22.9714816], [72.5476534, 22.971403800000004], [72.5477415, 22.971381], [72.54776530000001, 22.9714588], [72.5476772, 22.9714816]]]}}, {"type": "Feature", "properties": {"layer": "building", "distance_m": 226.9, "source": "Google Open Buildings", "in_industrial_zone": true, "ghsl_2018": 1}, "geometry": {"type": "Polygon", "coordinates": [[[72.5480725, 22.971316199999997], [72.5480638, 22.97146130000001], [72.5480316, 22.971459600000006], [72.5480273, 22.971531300000002], [72.5479911, 22.971529500000003], [72.5479911, 22.971528000000003], [72.5478481, 22.9715207], [72.5478521, 22.971454500000004], [72.5478261, 22.9714531], [72.547831, 22.9713693], [72.547857, 22.9713707], [72.5478609, 22.971305400000006], [72.5480725, 22.971316199999997]]]}}, {"type": "Feature", "properties": {"layer": "building", "distance_m": 263.7, "source": "Microsoft ML Buildings", "in_industrial_zone": true, "ghsl_2018": 1}, "geometry": {"type": "Polygon", "coordinates": [[[72.547775, 22.971592200000003], [72.5477066, 22.9715957], [72.5477037, 22.971546399999998], [72.5477721, 22.97154300000001], [72.547775, 22.971592200000003]]]}}, {"type": "Feature", "properties": {"layer": "building", "distance_m": 213.4, "source": "Google Open Buildings", "in_industrial_zone": true, "ghsl_2018": 1}, "geometry": {"type": "Polygon", "coordinates": [[[72.5484928, 22.972188000000003], [72.5485265, 22.972290199999996], [72.548489, 22.9723008], [72.54845530000001, 22.9721986], [72.5484928, 22.972188000000003]]]}}, {"type": "Feature", "properties": {"layer": "building", "distance_m": 223.0, "source": "Google Open Buildings", "in_industrial_zone": true, "ghsl_2018": 1}, "geometry": {"type": "Polygon", "coordinates": [[[72.5484028, 22.972210800000003], [72.54843600000001, 22.9723134], [72.5481759, 22.972385600000003], [72.5481468, 22.972295800000005], [72.5483749, 22.9722324], [72.5483708, 22.972219700000004], [72.5484028, 22.972210800000003]]]}}, {"type": "Feature", "properties": {"layer": "building", "distance_m": 223.1, "source": "Google Open Buildings", "in_industrial_zone": true, "ghsl_2018": 1}, "geometry": {"type": "Polygon", "coordinates": [[[72.5484555, 22.9723736], [72.5484748, 22.9724331], [72.5482147, 22.972505300000005], [72.5481954, 22.972445799999996], [72.5484555, 22.9723736]]]}}, {"type": "Feature", "properties": {"layer": "building", "distance_m": 209.0, "source": "Google Open Buildings", "in_industrial_zone": true, "ghsl_2018": 1}, "geometry": {"type": "Polygon", "coordinates": [[[72.54864580000002, 22.972518199999993], [72.5487025, 22.972695900000005], [72.5486231, 22.9727176], [72.5485664, 22.97254], [72.54864580000002, 22.972518199999993]]]}}, {"type": "Feature", "properties": {"layer": "building", "distance_m": 223.4, "source": "Google Open Buildings", "in_industrial_zone": true, "ghsl_2018": 1}, "geometry": {"type": "Polygon", "coordinates": [[[72.5484711, 22.9724334], [72.5485099, 22.972552600000004], [72.5482525, 22.972624400000004], [72.54823430000002, 22.972568400000004], [72.5483197, 22.972544600000003], [72.54829920000002, 22.972481300000002], [72.5484711, 22.9724334]]]}}, {"type": "Feature", "properties": {"layer": "building", "distance_m": 223.0, "source": "Google Open Buildings", "in_industrial_zone": true, "ghsl_2018": 1}, "geometry": {"type": "Polygon", "coordinates": [[[72.5478968, 22.97236819999999], [72.5481138, 22.972308000000005], [72.548122, 22.972333300000006], [72.5481534, 22.972324599999997], [72.5482518, 22.972629199999997], [72.5485152, 22.972556200000007], [72.54857069999998, 22.9727278], [72.548059, 22.972869700000004], [72.5478968, 22.97236819999999]]]}}, {"type": "Feature", "properties": {"layer": "building", "distance_m": 284.0, "source": "Google Open Buildings", "in_industrial_zone": true, "ghsl_2018": 1}, "geometry": {"type": "Polygon", "coordinates": [[[72.5478326, 22.972372899999996], [72.5478791, 22.9725106], [72.54759679999998, 22.972592399999996], [72.5475503, 22.97245480000001], [72.5478326, 22.972372899999996]]]}}, {"type": "Feature", "properties": {"layer": "building", "distance_m": 283.7, "source": "Google Open Buildings", "in_industrial_zone": true, "ghsl_2018": 1}, "geometry": {"type": "Polygon", "coordinates": [[[72.5478791, 22.9725106], [72.5479779, 22.972802600000005], [72.54769549999999, 22.972884399999998], [72.54759679999998, 22.972592399999996], [72.5478791, 22.9725106]]]}}, {"type": "Feature", "properties": {"layer": "building", "distance_m": 272.5, "source": "Google Open Buildings", "in_industrial_zone": true, "ghsl_2018": 1}, "geometry": {"type": "Polygon", "coordinates": [[[72.54807979999998, 22.9729822], [72.5480764, 22.973005199999996], [72.5481623, 22.9730163], [72.54814949999998, 22.9731012], [72.5481722, 22.9731042], [72.548148, 22.973264900000007], [72.5481253, 22.973262000000002], [72.54811659999999, 22.97331960000001], [72.54798779999999, 22.973302900000004], [72.5479848, 22.9733228], [72.5478925, 22.973310800000007], [72.5477917, 22.973201500000002], [72.54781839999998, 22.973024500000005], [72.5478593, 22.9730298], [72.54787060000001, 22.9729552], [72.54807979999998, 22.9729822]]]}}, {"type": "Feature", "properties": {"layer": "building", "distance_m": 261.8, "source": "Google Open Buildings", "in_industrial_zone": true, "ghsl_2018": 1}, "geometry": {"type": "Polygon", "coordinates": [[[72.5482891, 22.973073399999997], [72.5483443, 22.973242699999997], [72.5482852, 22.973259200000005], [72.54823009999998, 22.973089900000005], [72.5482891, 22.973073399999997]]]}}, {"type": "Feature", "properties": {"layer": "building", "distance_m": 217.2, "source": "Google Open Buildings", "in_industrial_zone": true, "ghsl_2018": 1}, "geometry": {"type": "Polygon", "coordinates": [[[72.54855790000002, 22.972834499999998], [72.5485553, 22.9728653], [72.54867879999999, 22.972874000000008], [72.5486599, 22.973102600000004], [72.54861389999999, 22.9730993], [72.5486076, 22.973175700000002], [72.5483667, 22.973158600000005], [72.54836950000002, 22.973123899999997], [72.54830060000002, 22.973119000000008], [72.5483197, 22.972888499999996], [72.54837269999999, 22.972892200000004], [72.5483785, 22.9728218], [72.54855790000002, 22.972834499999998]]]}}, {"type": "Feature", "properties": {"layer": "building", "distance_m": 171.2, "source": "Google Open Buildings", "in_industrial_zone": true, "ghsl_2018": 1}, "geometry": {"type": "Polygon", "coordinates": [[[72.5488724, 22.972736699999995], [72.5488739, 22.972715400000002], [72.5490971, 22.972728400000005], [72.54909079999999, 22.972821200000006], [72.5491314, 22.972823500000008], [72.5491168, 22.973039], [72.5490239, 22.9730336], [72.54902169999998, 22.97306710000001], [72.5488137, 22.973055], [72.5488176, 22.97299719999999], [72.5487733, 22.9729946], [72.5487911, 22.972731999999997], [72.5488724, 22.972736699999995]]]}}, {"type": "Feature", "properties": {"layer": "building", "distance_m": 115.4, "source": "Google Open Buildings", "in_industrial_zone": true, "ghsl_2018": 1}, "geometry": {"type": "Polygon", "coordinates": [[[72.5494162, 22.9725596], [72.5494291, 22.9725285], [72.54959700000002, 22.972588099999992], [72.5496627, 22.9727119], [72.5495943, 22.9728771], [72.549558, 22.9728642], [72.5495294, 22.972933200000007], [72.5492898, 22.972848], [72.5493043, 22.972812900000005], [72.549254, 22.972795000000005], [72.54935979999999, 22.972539599999998], [72.5494162, 22.9725596]]]}}, {"type": "Feature", "properties": {"layer": "building", "distance_m": 159.9, "source": "Google Open Buildings", "in_industrial_zone": true, "ghsl_2018": 1}, "geometry": {"type": "Polygon", "coordinates": [[[72.54917909999999, 22.972824199999994], [72.5492399, 22.972806900000002], [72.54929520000002, 22.972973], [72.5492344, 22.972990400000004], [72.54917909999999, 22.972824199999994]]]}}, {"type": "Feature", "properties": {"layer": "building", "distance_m": 147.8, "source": "Microsoft ML Buildings", "in_industrial_zone": true, "ghsl_2018": 1}, "geometry": {"type": "Polygon", "coordinates": [[[72.54928059999999, 22.973077599999996], [72.5493257, 22.973066399999997], [72.54937479999998, 22.973234500000004], [72.5494948, 22.973204799999998], [72.54953249999998, 22.973333800000002], [72.549485, 22.97334559999999], [72.549528, 22.973493], [72.54940789999999, 22.973522700000004], [72.54937030000002, 22.973393699999992], [72.54925519999999, 22.97342220000001], [72.5492135, 22.973279400000006], [72.54933109999999, 22.973250300000004], [72.54928059999999, 22.973077599999996]]]}}, {"type": "Feature", "properties": {"layer": "building", "distance_m": 193.0, "source": "Google Open Buildings", "in_industrial_zone": true, "ghsl_2018": 1}, "geometry": {"type": "Polygon", "coordinates": [[[72.5491218, 22.973472900000004], [72.5491661, 22.973615200000005], [72.548971, 22.973667200000005], [72.5489268, 22.9735249], [72.5491218, 22.973472900000004]]]}}, {"type": "Feature", "properties": {"layer": "building", "distance_m": 168.4, "source": "Google Open Buildings", "in_industrial_zone": true, "ghsl_2018": 1}, "geometry": {"type": "Polygon", "coordinates": [[[72.5493742, 22.9734795], [72.54938149999998, 22.973504400000003], [72.5492707, 22.973532], [72.5492905, 22.973600299999998], [72.5492558, 22.973609000000003], [72.54922870000001, 22.973515799999994], [72.5493742, 22.9734795]]]}}, {"type": "Feature", "properties": {"layer": "building", "distance_m": 167.8, "source": "Microsoft ML Buildings", "in_industrial_zone": true, "ghsl_2018": 1}, "geometry": {"type": "Polygon", "coordinates": [[[72.5493123, 22.9736766], [72.5494366, 22.9736521], [72.54946629999999, 22.973779600000004], [72.54934189999999, 22.973804100000002], [72.5493123, 22.9736766]]]}}, {"type": "Feature", "properties": {"layer": "building", "distance_m": 248.6, "source": "Microsoft ML Buildings", "in_industrial_zone": true, "ghsl_2018": 1}, "geometry": {"type": "Polygon", "coordinates": [[[72.5485531, 22.973468699999998], [72.54859239999999, 22.973599400000005], [72.54849779999999, 22.9736236], [72.54854130000001, 22.973768], [72.54844909999998, 22.973791500000004], [72.5484077, 22.973654], [72.5483105, 22.973678700000004], [72.5482691, 22.9735411], [72.5483787, 22.973513199999996], [72.54835729999999, 22.9734421], [72.5484084, 22.973429], [72.5484298, 22.973500099999995], [72.5485531, 22.973468699999998]]]}}, {"type": "Feature", "properties": {"layer": "building", "distance_m": 297.8, "source": "Microsoft ML Buildings", "in_industrial_zone": true, "ghsl_2018": 1}, "geometry": {"type": "Polygon", "coordinates": [[[72.54795039999999, 22.973551600000004], [72.5480021, 22.973542400000003], [72.54801219999999, 22.973589900000004], [72.5480871, 22.9735765], [72.54810899999998, 22.97368], [72.54798239999998, 22.973702700000008], [72.54795039999999, 22.973551600000004]]]}}, {"type": "Feature", "properties": {"layer": "building", "distance_m": 299.0, "source": "Microsoft ML Buildings", "in_industrial_zone": true, "ghsl_2018": 1}, "geometry": {"type": "Polygon", "coordinates": [[[72.5480301, 22.973830700000004], [72.5481482, 22.973798099999996], [72.54817259999999, 22.973872900000007], [72.54805439999998, 22.9739055], [72.5480301, 22.973830700000004]]]}}, {"type": "Feature", "properties": {"layer": "building", "distance_m": 334.6, "source": "Microsoft ML Buildings", "in_industrial_zone": false, "ghsl_2018": 1}, "geometry": {"type": "Polygon", "coordinates": [[[72.5476823, 22.974179999999997], [72.547812, 22.974068500000005], [72.54790359999997, 22.9741588], [72.54777389999998, 22.974270299999997], [72.5476823, 22.974179999999997]]]}}, {"type": "Feature", "properties": {"layer": "building", "distance_m": 352.9, "source": "Google Open Buildings", "in_industrial_zone": false, "ghsl_2018": 1}, "geometry": {"type": "Polygon", "coordinates": [[[72.54777969999999, 22.9744346], [72.5478165, 22.97446160000001], [72.54780239999998, 22.9744781], [72.5477656, 22.9744511], [72.54777969999999, 22.9744346]]]}}, {"type": "Feature", "properties": {"layer": "building", "distance_m": 338.1, "source": "Microsoft ML Buildings", "in_industrial_zone": false, "ghsl_2018": 1}, "geometry": {"type": "Polygon", "coordinates": [[[72.5479374, 22.974370700000005], [72.54785429999998, 22.97444140000001], [72.54774730000001, 22.974334900000006], [72.5478305, 22.9742642], [72.5479374, 22.974370700000005]]]}}, {"type": "Feature", "properties": {"layer": "building", "distance_m": 299.8, "source": "Google Open Buildings", "in_industrial_zone": false, "ghsl_2018": 1}, "geometry": {"type": "Polygon", "coordinates": [[[72.54839069999998, 22.974577299999993], [72.5484237, 22.9745957], [72.5484037, 22.974626400000002], [72.54837079999999, 22.97460790000001], [72.54839069999998, 22.974577299999993]]]}}, {"type": "Feature", "properties": {"layer": "building", "distance_m": 273.1, "source": "Google Open Buildings", "in_industrial_zone": false, "ghsl_2018": 1}, "geometry": {"type": "Polygon", "coordinates": [[[72.5486564, 22.9745562], [72.54869409999999, 22.974564], [72.54868729999998, 22.974591800000006], [72.54864969999998, 22.974584], [72.5486564, 22.9745562]]]}}, {"type": "Feature", "properties": {"layer": "building", "distance_m": 304.8, "source": "Google Open Buildings", "in_industrial_zone": false, "ghsl_2018": 1}, "geometry": {"type": "Polygon", "coordinates": [[[72.54835179999999, 22.974707699999996], [72.54849699999998, 22.974833499999995], [72.54839639999999, 22.9749331], [72.54825119999998, 22.974807300000002], [72.54835179999999, 22.974707699999996]]]}}, {"type": "Feature", "properties": {"layer": "building", "distance_m": 343.9, "source": "Google Open Buildings", "in_industrial_zone": false, "ghsl_2018": 1}, "geometry": {"type": "Polygon", "coordinates": [[[72.5478497, 22.974636699999994], [72.5480217, 22.974739500000005], [72.54798749999999, 22.97478850000001], [72.54801909999999, 22.974807399999996], [72.5479347, 22.974928499999997], [72.5478295, 22.97493920000001], [72.54769479999997, 22.97485870000001], [72.54774409999999, 22.974788000000004], [72.5477219, 22.974774699999998], [72.5477647, 22.97471340000001], [72.5477869, 22.974726699999998], [72.5478497, 22.974636699999994]]]}}, {"type": "Feature", "properties": {"layer": "building", "distance_m": 340.4, "source": "Google Open Buildings", "in_industrial_zone": false, "ghsl_2018": 1}, "geometry": {"type": "Polygon", "coordinates": [[[72.54806299999998, 22.974840400000005], [72.5481501, 22.974914600000005], [72.54810639999998, 22.974958500000007], [72.5480194, 22.97488420000001], [72.54806299999998, 22.974840400000005]]]}}, {"type": "Feature", "properties": {"layer": "building", "distance_m": 365.4, "source": "Google Open Buildings", "in_industrial_zone": false, "ghsl_2018": 0}, "geometry": {"type": "Polygon", "coordinates": [[[72.54787869999998, 22.9749728], [72.54794619999998, 22.975040399999997], [72.54790759999999, 22.9750734], [72.54784009999999, 22.975005799999995], [72.54787869999998, 22.9749728]]]}}, {"type": "Feature", "properties": {"layer": "building", "distance_m": 371.3, "source": "Google Open Buildings", "in_industrial_zone": false, "ghsl_2018": 0}, "geometry": {"type": "Polygon", "coordinates": [[[72.548208, 22.975521699999998], [72.5481432, 22.975603400000008], [72.54807480000001, 22.975556899999997], [72.54813959999998, 22.97547520000001], [72.548208, 22.975521699999998]]]}}, {"type": "Feature", "properties": {"layer": "building", "distance_m": 362.4, "source": "Google Open Buildings", "in_industrial_zone": false, "ghsl_2018": 0}, "geometry": {"type": "Polygon", "coordinates": [[[72.54808619999999, 22.975212900000002], [72.5481356, 22.9753063], [72.5481288, 22.975410500000002], [72.54804920000001, 22.975463800000004], [72.54793149999999, 22.9754572], [72.54793339999998, 22.975428300000004], [72.5478754, 22.975425000000005], [72.5478798, 22.975357399999996], [72.5478593, 22.975356200000004], [72.54786529999998, 22.9752656], [72.54788579999999, 22.975266800000004], [72.5478901, 22.975201800000008], [72.54808619999999, 22.975212900000002]]]}}, {"type": "Feature", "properties": {"layer": "building", "distance_m": 327.9, "source": "Microsoft ML Buildings", "in_industrial_zone": false, "ghsl_2018": 0}, "geometry": {"type": "Polygon", "coordinates": [[[72.5483843, 22.975254100000004], [72.54838619999997, 22.975175100000012], [72.5484612, 22.975176600000005], [72.5484593, 22.975255600000008], [72.5483843, 22.975254100000004]]]}}, {"type": "Feature", "properties": {"layer": "building", "distance_m": 344.1, "source": "Microsoft ML Buildings", "in_industrial_zone": false, "ghsl_2018": 0}, "geometry": {"type": "Polygon", "coordinates": [[[72.5482939, 22.975294000000005], [72.5483243, 22.9752674], [72.54837519999998, 22.9753167], [72.54834479999998, 22.9753433], [72.5482939, 22.975294000000005]]]}}, {"type": "Feature", "properties": {"layer": "building", "distance_m": 354.9, "source": "Google Open Buildings", "in_industrial_zone": false, "ghsl_2018": 0}, "geometry": {"type": "Polygon", "coordinates": [[[72.54832140000002, 22.975413900000003], [72.5482773, 22.975457200000005], [72.54825119999998, 22.9754345], [72.54829529999999, 22.975391100000003], [72.54832140000002, 22.975413900000003]]]}}, {"type": "Feature", "properties": {"layer": "building", "distance_m": 285.2, "source": "Microsoft ML Buildings", "in_industrial_zone": false, "ghsl_2018": 0}, "geometry": {"type": "Polygon", "coordinates": [[[72.5487647, 22.975079399999995], [72.54869329999998, 22.9751516], [72.5485561, 22.975036600000003], [72.54871029999998, 22.974880700000003], [72.5488071, 22.974961800000006], [72.54872429999999, 22.9750455], [72.5487647, 22.975079399999995]]]}}, {"type": "Feature", "properties": {"layer": "building", "distance_m": 296.2, "source": "Microsoft ML Buildings", "in_industrial_zone": false, "ghsl_2018": 0}, "geometry": {"type": "Polygon", "coordinates": [[[72.5485963, 22.974838500000008], [72.5485254, 22.974908200000005], [72.5484753, 22.9748651], [72.54854619999999, 22.974795300000007], [72.5485963, 22.974838500000008]]]}}, {"type": "Feature", "properties": {"layer": "building", "distance_m": 305.3, "source": "Google Open Buildings", "in_industrial_zone": false, "ghsl_2018": 0}, "geometry": {"type": "Polygon", "coordinates": [[[72.54872809999999, 22.975219499999998], [72.5487626, 22.975211400000003], [72.54877179999998, 22.975244800000006], [72.54873729999998, 22.975252900000005], [72.54872809999999, 22.975219499999998]]]}}, {"type": "Feature", "properties": {"layer": "building", "distance_m": 281.1, "source": "Google Open Buildings", "in_industrial_zone": false, "ghsl_2018": 1}, "geometry": {"type": "Polygon", "coordinates": [[[72.5493924, 22.975487900000008], [72.54940709999998, 22.9755567], [72.54938709999999, 22.975560400000006], [72.5493922, 22.975584100000006], [72.54933629999998, 22.9755943], [72.54932509999999, 22.975541600000007], [72.54935379999999, 22.975536400000003], [72.5493453, 22.9754965], [72.5493924, 22.975487900000008]]]}}, {"type": "Feature", "properties": {"layer": "building", "distance_m": 275.4, "source": "Google Open Buildings", "in_industrial_zone": false, "ghsl_2018": 1}, "geometry": {"type": "Polygon", "coordinates": [[[72.5493944, 22.975500700000005], [72.54947069999999, 22.975478400000004], [72.5494977, 22.9755577], [72.54942139999999, 22.97558], [72.5493944, 22.975500700000005]]]}}, {"type": "Feature", "properties": {"layer": "building", "distance_m": 262.8, "source": "Google Open Buildings", "in_industrial_zone": false, "ghsl_2018": 1}, "geometry": {"type": "Polygon", "coordinates": [[[72.5493277, 22.9753038], [72.5494053, 22.975282199999995], [72.54946609999999, 22.975469600000004], [72.5493884, 22.975491200000004], [72.5493277, 22.9753038]]]}}, {"type": "Feature", "properties": {"layer": "building", "distance_m": 239.2, "source": "Google Open Buildings", "in_industrial_zone": false, "ghsl_2018": 1}, "geometry": {"type": "Polygon", "coordinates": [[[72.54956369999998, 22.975127800000003], [72.54974, 22.975657299999998], [72.549613, 22.975693500000006], [72.5495563, 22.9755234], [72.54957789999999, 22.975517200000006], [72.5494582, 22.975157899999992], [72.54956369999998, 22.975127800000003]]]}}, {"type": "Feature", "properties": {"layer": "building", "distance_m": 209.9, "source": "Microsoft ML Buildings", "in_industrial_zone": false, "ghsl_2018": 1}, "geometry": {"type": "Polygon", "coordinates": [[[72.54934829999999, 22.974648399999996], [72.54920499999999, 22.97468470000001], [72.54908289999999, 22.974276000000007], [72.5491414, 22.974261200000004], [72.54916269999998, 22.974332400000005], [72.54924749999999, 22.974310900000003], [72.54934829999999, 22.974648399999996]]]}}, {"type": "Feature", "properties": {"layer": "building", "distance_m": 231.5, "source": "Google Open Buildings", "in_industrial_zone": false, "ghsl_2018": 1}, "geometry": {"type": "Polygon", "coordinates": [[[72.5490601, 22.9745372], [72.5491264, 22.97452060000001], [72.5491591, 22.9746326], [72.5490928, 22.974649200000005], [72.5490601, 22.9745372]]]}}, {"type": "Feature", "properties": {"layer": "building", "distance_m": 184.1, "source": "Microsoft ML Buildings", "in_industrial_zone": false, "ghsl_2018": 1}, "geometry": {"type": "Polygon", "coordinates": [[[72.5494645, 22.974406099999996], [72.5494547, 22.974368799999997], [72.54955219999998, 22.9743471], [72.54956200000001, 22.9743844], [72.5494645, 22.974406099999996]]]}}, {"type": "Feature", "properties": {"layer": "building", "distance_m": 177.8, "source": "Microsoft ML Buildings", "in_industrial_zone": false, "ghsl_2018": 1}, "geometry": {"type": "Polygon", "coordinates": [[[72.54962359999999, 22.974360599999997], [72.54959479999998, 22.97436970000001], [72.54958299999998, 22.974337600000002], [72.5496118, 22.974328599999996], [72.54962359999999, 22.974360599999997]]]}}, {"type": "Feature", "properties": {"layer": "building", "distance_m": 130.6, "source": "Google Open Buildings", "in_industrial_zone": false, "ghsl_2018": 1}, "geometry": {"type": "Polygon", "coordinates": [[[72.5500028, 22.974103700000004], [72.55000889999998, 22.9741311], [72.54992909999999, 22.974146200000007], [72.54992309999999, 22.974118800000007], [72.5500028, 22.974103700000004]]]}}, {"type": "Feature", "properties": {"layer": "building", "distance_m": 111.3, "source": "Google Open Buildings", "in_industrial_zone": false, "ghsl_2018": 1}, "geometry": {"type": "Polygon", "coordinates": [[[72.550167, 22.974108000000005], [72.55022809999998, 22.974102200000008], [72.5502302, 22.974121], [72.5501691, 22.974126899999998], [72.550167, 22.974108000000005]]]}}, {"type": "Feature", "properties": {"layer": "building", "distance_m": 119.6, "source": "Google Open Buildings", "in_industrial_zone": false, "ghsl_2018": 1}, "geometry": {"type": "Polygon", "coordinates": [[[72.55011769999999, 22.97414460000001], [72.5501616, 22.974145200000002], [72.55016120000002, 22.974165999999993], [72.5501173, 22.9741653], [72.55011769999999, 22.97414460000001]]]}}, {"type": "Feature", "properties": {"layer": "building", "distance_m": 126.3, "source": "Google Open Buildings", "in_industrial_zone": false, "ghsl_2018": 1}, "geometry": {"type": "Polygon", "coordinates": [[[72.55006009999998, 22.974182300000006], [72.5501203, 22.9741948], [72.5501143, 22.974219599999994], [72.5500541, 22.974207200000002], [72.55006009999998, 22.974182300000006]]]}}, {"type": "Feature", "properties": {"layer": "building", "distance_m": 147.4, "source": "Google Open Buildings", "in_industrial_zone": false, "ghsl_2018": 1}, "geometry": {"type": "Polygon", "coordinates": [[[72.550071, 22.9744323], [72.5500752, 22.97445490000001], [72.54998889999999, 22.9744687], [72.5499847, 22.974446100000005], [72.550071, 22.9744323]]]}}, {"type": "Feature", "properties": {"layer": "building", "distance_m": 161.7, "source": "Google Open Buildings", "in_industrial_zone": false, "ghsl_2018": 1}, "geometry": {"type": "Polygon", "coordinates": [[[72.5498177, 22.974353500000003], [72.5498226, 22.9743806], [72.5497554, 22.974391000000004], [72.54975050000002, 22.974363899999993], [72.5498177, 22.974353500000003]]]}}, {"type": "Feature", "properties": {"layer": "building", "distance_m": 161.1, "source": "Google Open Buildings", "in_industrial_zone": false, "ghsl_2018": 1}, "geometry": {"type": "Polygon", "coordinates": [[[72.5497763, 22.974287399999994], [72.5497873, 22.9743547], [72.5497593, 22.9743586], [72.54974829999999, 22.9742913], [72.5497763, 22.974287399999994]]]}}, {"type": "Feature", "properties": {"layer": "building", "distance_m": 159.3, "source": "Google Open Buildings", "in_industrial_zone": false, "ghsl_2018": 1}, "geometry": {"type": "Polygon", "coordinates": [[[72.549855, 22.974363700000005], [72.5498752, 22.974418000000004], [72.5497776, 22.974449099999998], [72.5497574, 22.9743948], [72.549855, 22.974363700000005]]]}}, {"type": "Feature", "properties": {"layer": "building", "distance_m": 165.6, "source": "Google Open Buildings", "in_industrial_zone": false, "ghsl_2018": 1}, "geometry": {"type": "Polygon", "coordinates": [[[72.54989459999999, 22.97453550000001], [72.5499269, 22.974530100000003], [72.54993459999999, 22.974569600000006], [72.54990219999999, 22.974574900000004], [72.54989459999999, 22.97453550000001]]]}}, {"type": "Feature", "properties": {"layer": "building", "distance_m": 168.4, "source": "Google Open Buildings", "in_industrial_zone": false, "ghsl_2018": 1}, "geometry": {"type": "Polygon", "coordinates": [[[72.5498666, 22.974540099999995], [72.54989459999999, 22.97453550000001], [72.5499098, 22.9746142], [72.54988190000002, 22.9746189], [72.5498666, 22.974540099999995]]]}}, {"type": "Feature", "properties": {"layer": "building", "distance_m": 139.0, "source": "Google Open Buildings", "in_industrial_zone": false, "ghsl_2018": 1}, "geometry": {"type": "Polygon", "coordinates": [[[72.55052909999999, 22.9747135], [72.55076509999999, 22.974717100000007], [72.5507641, 22.974775600000005], [72.55052809999998, 22.974772000000005], [72.55052909999999, 22.9747135]]]}}, {"type": "Feature", "properties": {"layer": "building", "distance_m": 115.5, "source": "Google Open Buildings", "in_industrial_zone": false, "ghsl_2018": 1}, "geometry": {"type": "Polygon", "coordinates": [[[72.5505224, 22.974478999999995], [72.5507159, 22.974481700000002], [72.5507128, 22.9746754], [72.5505193, 22.974672700000003], [72.5505224, 22.974478999999995]]]}}, {"type": "Feature", "properties": {"layer": "building", "distance_m": 116.9, "source": "Google Open Buildings", "in_industrial_zone": false, "ghsl_2018": 1}, "geometry": {"type": "Polygon", "coordinates": [[[72.5501798, 22.974187499999996], [72.5502261, 22.974181600000012], [72.55022909999998, 22.974201800000003], [72.5501828, 22.974207700000004], [72.5501798, 22.974187499999996]]]}}, {"type": "Feature", "properties": {"layer": "building", "distance_m": 104.6, "source": "Google Open Buildings", "in_industrial_zone": false, "ghsl_2018": 1}, "geometry": {"type": "Polygon", "coordinates": [[[72.5502938, 22.97414059999999], [72.5503503, 22.974143700000003], [72.5503489, 22.974165699999997], [72.55029239999999, 22.974162700000004], [72.5502938, 22.97414059999999]]]}}, {"type": "Feature", "properties": {"layer": "building", "distance_m": 113.3, "source": "Google Open Buildings", "in_industrial_zone": false, "ghsl_2018": 1}, "geometry": {"type": "Polygon", "coordinates": [[[72.550186, 22.974147300000006], [72.5502387, 22.974144099999997], [72.5502402, 22.974164899999998], [72.5501875, 22.974168099999996], [72.550186, 22.974147300000006]]]}}, {"type": "Feature", "properties": {"layer": "building", "distance_m": 102.3, "source": "Google Open Buildings", "in_industrial_zone": false, "ghsl_2018": 1}, "geometry": {"type": "Polygon", "coordinates": [[[72.5503008, 22.974102300000002], [72.5503432, 22.974105100000006], [72.5503414, 22.974128799999995], [72.5502989, 22.974125900000004], [72.5503008, 22.974102300000002]]]}}, {"type": "Feature", "properties": {"layer": "building", "distance_m": 101.6, "source": "Google Open Buildings", "in_industrial_zone": false, "ghsl_2018": 1}, "geometry": {"type": "Polygon", "coordinates": [[[72.5503414, 22.974140900000002], [72.5503832, 22.974135800000006], [72.5503863, 22.974157199999997], [72.5503445, 22.974162299999996], [72.5503414, 22.974140900000002]]]}}, {"type": "Feature", "properties": {"layer": "building", "distance_m": 82.5, "source": "Microsoft ML Buildings", "in_industrial_zone": false, "ghsl_2018": 1}, "geometry": {"type": "Polygon", "coordinates": [[[72.5510675, 22.974244400000003], [72.5510661, 22.9744073], [72.5507094, 22.974404900000003], [72.5507089, 22.974465500000004], [72.55054, 22.9744643], [72.5505418, 22.9742407], [72.5510675, 22.974244400000003]]]}}, {"type": "Feature", "properties": {"layer": "building", "distance_m": 107.8, "source": "Google Open Buildings", "in_industrial_zone": false, "ghsl_2018": 1}, "geometry": {"type": "Polygon", "coordinates": [[[72.5510486, 22.974472899999995], [72.5510825, 22.974473800000002], [72.5510798, 22.974557800000007], [72.5510459, 22.974556899999996], [72.5510486, 22.974472899999995]]]}}, {"type": "Feature", "properties": {"layer": "building", "distance_m": 127.4, "source": "Google Open Buildings", "in_industrial_zone": false, "ghsl_2018": 1}, "geometry": {"type": "Polygon", "coordinates": [[[72.5508037, 22.974644], [72.5509678, 22.974644199999997], [72.5509676, 22.9747822], [72.5508034, 22.9747819], [72.5508037, 22.974644]]]}}, {"type": "Feature", "properties": {"layer": "building", "distance_m": 167.9, "source": "Google Open Buildings", "in_industrial_zone": false, "ghsl_2018": 1}, "geometry": {"type": "Polygon", "coordinates": [[[72.5507231, 22.9749951], [72.5507568, 22.97498260000001], [72.5508041, 22.975092099999998], [72.5507704, 22.9751046], [72.5507231, 22.9749951]]]}}, {"type": "Feature", "properties": {"layer": "building", "distance_m": 188.6, "source": "Google Open Buildings", "in_industrial_zone": false, "ghsl_2018": 1}, "geometry": {"type": "Polygon", "coordinates": [[[72.5505558, 22.975127700000005], [72.55059619999999, 22.9752521], [72.55046819999998, 22.975287700000003], [72.55042779999998, 22.97516330000001], [72.5505558, 22.975127700000005]]]}}, {"type": "Feature", "properties": {"layer": "building", "distance_m": 163.5, "source": "Google Open Buildings", "in_industrial_zone": false, "ghsl_2018": 1}, "geometry": {"type": "Polygon", "coordinates": [[[72.550659, 22.97492], [72.5507629, 22.975242099999996], [72.55067059999999, 22.9752677], [72.5505666, 22.9749455], [72.550659, 22.97492]]]}}, {"type": "Feature", "properties": {"layer": "building", "distance_m": 401.2, "source": "Google Open Buildings", "in_industrial_zone": false, "ghsl_2018": 1}, "geometry": {"type": "Polygon", "coordinates": [[[72.5493894, 22.9767595], [72.54940449999998, 22.976796], [72.549366, 22.976809700000008], [72.5493509, 22.9767732], [72.5493894, 22.9767595]]]}}, {"type": "Feature", "properties": {"layer": "building", "distance_m": 334.1, "source": "Google Open Buildings", "in_industrial_zone": false, "ghsl_2018": 1}, "geometry": {"type": "Polygon", "coordinates": [[[72.5493064, 22.976052000000006], [72.5493435, 22.976042500000002], [72.5493531, 22.976074800000006], [72.54931589999998, 22.976084200000006], [72.5493064, 22.976052000000006]]]}}, {"type": "Feature", "properties": {"layer": "building", "distance_m": 287.5, "source": "Google Open Buildings", "in_industrial_zone": false, "ghsl_2018": 1}, "geometry": {"type": "Polygon", "coordinates": [[[72.54931369999998, 22.975606699999997], [72.5494166, 22.975578100000003], [72.54946129999999, 22.9757158], [72.54942209999999, 22.975726700000003], [72.54940309999999, 22.975668000000006], [72.54933929999999, 22.9756857], [72.54931369999998, 22.975606699999997]]]}}, {"type": "Feature", "properties": {"layer": "building", "distance_m": 392.3, "source": "Google Open Buildings", "in_industrial_zone": false, "ghsl_2018": 0}, "geometry": {"type": "Polygon", "coordinates": [[[72.54827420000001, 22.975946500000003], [72.5483047, 22.9759211], [72.5483549, 22.975972700000003], [72.5483245, 22.975998100000005], [72.54827420000001, 22.975946500000003]]]}}, {"type": "Feature", "properties": {"layer": "building", "distance_m": 484.1, "source": "Google Open Buildings", "in_industrial_zone": false, "ghsl_2018": 1}, "geometry": {"type": "Polygon", "coordinates": [[[72.55138829999999, 22.977862899999998], [72.55139799999999, 22.977943700000008], [72.5513177, 22.977951899999997], [72.55130799999999, 22.97787110000001], [72.55138829999999, 22.977862899999998]]]}}, {"type": "Feature", "properties": {"layer": "building", "distance_m": 477.4, "source": "Google Open Buildings", "in_industrial_zone": false, "ghsl_2018": 1}, "geometry": {"type": "Polygon", "coordinates": [[[72.5513205, 22.9778061], [72.55135819999998, 22.977806700000006], [72.55135749999998, 22.9778452], [72.55131979999999, 22.9778446], [72.5513205, 22.9778061]]]}}, {"type": "Feature", "properties": {"layer": "building", "distance_m": 482.8, "source": "Google Open Buildings", "in_industrial_zone": false, "ghsl_2018": 1}, "geometry": {"type": "Polygon", "coordinates": [[[72.55115169999999, 22.977862100000003], [72.55123949999998, 22.977858], [72.55124279999998, 22.977918300000006], [72.55121, 22.977919800000002], [72.5512088, 22.977896800000007], [72.55115379999998, 22.9778994], [72.55115169999999, 22.977862100000003]]]}}, {"type": "Feature", "properties": {"layer": "building", "distance_m": 472.3, "source": "Google Open Buildings", "in_industrial_zone": false, "ghsl_2018": 1}, "geometry": {"type": "Polygon", "coordinates": [[[72.5523314, 22.978051199999992], [72.55163859999999, 22.978157300000003], [72.55161499999998, 22.9780251], [72.55156209999998, 22.978033200000002], [72.55154539999998, 22.977939300000003], [72.55141719999999, 22.977958900000004], [72.55138489999999, 22.977778300000004], [72.55226530000002, 22.977643399999995], [72.552271, 22.9776753], [72.5522644, 22.977676300000002], [72.5523314, 22.978051199999992]]]}}, {"type": "Feature", "properties": {"layer": "building", "distance_m": 477.7, "source": "Google Open Buildings", "in_industrial_zone": false, "ghsl_2018": 1}, "geometry": {"type": "Polygon", "coordinates": [[[72.5524307, 22.977650899999997], [72.5524939, 22.978004700000003], [72.5523276, 22.978030200000003], [72.5522644, 22.977676300000002], [72.5524307, 22.977650899999997]]]}}, {"type": "Feature", "properties": {"layer": "building", "distance_m": 482.0, "source": "Google Open Buildings", "in_industrial_zone": false, "ghsl_2018": 0}, "geometry": {"type": "Polygon", "coordinates": [[[72.553343, 22.977538399999997], [72.5534491, 22.978037899999997], [72.5530036, 22.978119100000004], [72.5530152, 22.9781733], [72.5525556, 22.978257], [72.5524784, 22.977893299999998], [72.5525824, 22.977874299999993], [72.5525336, 22.977644400000003], [72.5530968, 22.977541800000008], [72.5531053, 22.97758170000001], [72.553343, 22.977538399999997]]]}}, {"type": "Feature", "properties": {"layer": "building", "distance_m": 499.6, "source": "Google Open Buildings", "in_industrial_zone": false, "ghsl_2018": 0}, "geometry": {"type": "Polygon", "coordinates": [[[72.5534451, 22.977519800000007], [72.5535084, 22.977818000000006], [72.5534064, 22.977836600000007], [72.553343, 22.977538399999997], [72.5534451, 22.977519800000007]]]}}, {"type": "Feature", "properties": {"layer": "building", "distance_m": 441.0, "source": "Microsoft ML Buildings", "in_industrial_zone": false, "ghsl_2018": 1}, "geometry": {"type": "Polygon", "coordinates": [[[72.5530372, 22.977079700000004], [72.5530847, 22.977074100000006], [72.5530929, 22.97713330000001], [72.5530454, 22.9771389], [72.5530372, 22.977079700000004]]]}}, {"type": "Feature", "properties": {"layer": "building", "distance_m": 444.6, "source": "Microsoft ML Buildings", "in_industrial_zone": false, "ghsl_2018": 1}, "geometry": {"type": "Polygon", "coordinates": [[[72.5532183, 22.977145899999996], [72.5531149, 22.9771493], [72.5531125, 22.977087700000013], [72.5532159, 22.97708430000001], [72.5532183, 22.977145899999996]]]}}, {"type": "Feature", "properties": {"layer": "flood_100yr"}, "geometry": {"type": "MultiPolygon", "coordinates": [[[[72.54875146815077, 22.953733333339745], [72.54875146815077, 22.952900000006405], [72.54791813481513, 22.952900000006405], [72.54791813481513, 22.95373333333974], [72.54875146815077, 22.953733333339745]]], [[[72.54125146813006, 22.95956666667308], [72.54125146813006, 22.95873333333974], [72.54041813479442, 22.958733333339733], [72.54041813479442, 22.959566666673073], [72.54125146813006, 22.95956666667308]]], [[[72.53541813478063, 22.963733333339736], [72.53541813478061, 22.962900000006396], [72.53458480144498, 22.9629000000064], [72.53458480144498, 22.96373333333973], [72.53541813478063, 22.963733333339736]]], [[[72.57291813488418, 22.95873333333974], [72.57359556341909, 22.95873333367278], [72.57306684789171, 22.957900000327463], [72.57291813488418, 22.957900000006408], [72.57291813488418, 22.95873333333974]]], [[[72.57375146821981, 22.967066666673066], [72.57375146821981, 22.968733333339728], [72.57541813489107, 22.96873333333973], [72.57541813489108, 22.966233333339726], [72.57458480155543, 22.966233333339733], [72.57458480155543, 22.967066666673073], [72.57375146821981, 22.967066666673066]]], [[[72.57541813489108, 22.971233333339722], [72.57541813489108, 22.97040000000639], [72.57458480155545, 22.970400000006396], [72.57458480155545, 22.971233333339725], [72.57541813489108, 22.971233333339722]]], [[[72.5470848014795, 22.995400000006367], [72.54875146815077, 22.99540000000637], [72.54875146815084, 22.995949400667797], [72.5504650983852, 22.996067059505098], [72.5528090545151, 22.996018938573993], [72.55513717702888, 22.995762601187174], [72.55742793248908, 22.99530041827542], [72.55966013358461, 22.99463666465487], [72.56091303882235, 22.994201536303205], [72.5631055862894, 22.993324370366423], [72.56519488590922, 22.992252787588317], [72.5662514681985, 22.99157793834015], [72.5662514681991, 22.99123333333971], [72.56541813486346, 22.991233333339704], [72.56541813486346, 22.989566666673046], [72.5662514681991, 22.989566666673046], [72.5662514681991, 22.987900000006377], [72.56708480153473, 22.987900000006384], [72.56708480153473, 22.98873333333971], [72.56986177349224, 22.988733338212548], [72.57041813487623, 22.98820304912697], [72.57041813487729, 22.987066666673048], [72.56958480154164, 22.987066666673048], [72.56958480154164, 22.98623333333971], [72.57041813487727, 22.98623333333971], [72.57041813487727, 22.985400000006383], [72.5712514682129, 22.98540000000638], [72.57125146820793, 22.987283055802965], [72.57213739383998, 22.98625381236695], [72.57291813488294, 22.98513804698807], [72.57291813488418, 22.984566666673043], [72.57331794227807, 22.98456666932125], [72.57334042844724, 22.984534533436495], [72.5738510469568, 22.98385714729542], [72.57500563450677, 22.981958355888786], [72.57595709015814, 22.979965336676614], [72.57669655631167, 22.97789666273276], [72.57721715192929, 22.975771611314983], [72.57726819030748, 22.975400003798484], [72.57541813489108, 22.975400000006392], [72.57541813489108, 22.972066666673058], [72.57458480155545, 22.97206666667306], [72.57458480155545, 22.971233333339725], [72.57291813488418, 22.971233333339725], [72.57291813488418, 22.970400000006393], [72.5712514682129, 22.970400000006393], [72.57125146821289, 22.9679000000064], [72.57041813487727, 22.967900000006395], [72.57041813487726, 22.967066666673066], [72.5712514682129, 22.967066666673066], [72.57125146821292, 22.965400000006397], [72.57375146821981, 22.9654000000064], [72.5737514682198, 22.96623333333973], [72.57458480155543, 22.966233333339733], [72.57458480155543, 22.9654000000064], [72.57541813489108, 22.9654000000064], [72.57541813489108, 22.966233333339726], [72.57679449643085, 22.966233334599764], [72.57644101896432, 22.965001698604553], [72.57562018648491, 22.962959528003548], [72.57541813488531, 22.962522592696708], [72.57541813489108, 22.963733333339732], [72.57458480155545, 22.963733333339732], [72.57458480155545, 22.9629000000064], [72.57208480154854, 22.9629000000064], [72.57208480154854, 22.962066666673067], [72.57125146821289, 22.96206666667307], [72.5712514682129, 22.96123333333974], [72.57208480154854, 22.961233333339738], [72.57208480154854, 22.9604000000064], [72.5712514682129, 22.960400000006402], [72.57125146821292, 22.959566666673066], [72.57291813488418, 22.95956666667307], [72.57291813488418, 22.95873333333974], [72.57208480154854, 22.958733333339737], [72.57208480154854, 22.957900000006408], [72.57291813488418, 22.957900000006408], [72.5729181348839, 22.957665604604856], [72.57252518408947, 22.957046246083088], [72.57111477543091, 22.955253009077328], [72.56952114938623, 22.953596618151888], [72.56775969785231, 22.952093064864922], [72.56584743126571, 22.950756864714982], [72.56380281435936, 22.94960091715658], [72.56164558795939, 22.94863638121564], [72.55939657853848, 22.94787256789885], [72.5570774973571, 22.947316850428958], [72.55471073112189, 22.946974593166942], [72.55231912617005, 22.946849099902607], [72.549925768249, 22.94694158200904], [72.5475537600021, 22.947251146766405], [72.54522599829247, 22.94777480596671], [72.54375313283776, 22.948178050078635], [72.54311941117717, 22.948360269179986], [72.54242280947844, 22.94857023445353], [72.54021858538266, 22.949345660368913], [72.53810554188259, 22.95031466216811], [72.53610344392173, 22.95146817693749], [72.5342310201302, 22.952795415797222], [72.53250578776313, 22.954283964685555], [72.53094388890013, 22.955919900337005], [72.52955993943466, 22.95768792037598], [72.52836994408797, 22.959566668219207], [72.52875146809554, 22.95956666667307], [72.52875146809554, 22.960400000006405], [72.52958480143117, 22.960400000006402], [72.52958480143118, 22.961233333339738], [72.5279181347599, 22.961233333339738], [72.5279181347599, 22.96206666667307], [72.52875146809554, 22.96206666667307], [72.52875146809554, 22.964566666673072], [72.52958480143117, 22.964566666673072], [72.52958480143116, 22.963733333339732], [72.5304181347668, 22.963733333339732], [72.5304181347668, 22.9654000000064], [72.53125146810244, 22.9654000000064], [72.53125146810245, 22.966233333339733], [72.53208480143806, 22.96623333333973], [72.53208480143807, 22.969566666673067], [72.53125146810244, 22.96956666667306], [72.53125146810244, 22.97123333333973], [72.53208480143807, 22.971233333339725], [72.53208480143807, 22.972066666673058], [72.52958480143117, 22.97206666667306], [72.52958480143117, 22.97123333333973], [72.52708480142427, 22.971233333339725], [72.52708480142427, 22.97206666667306], [72.5256960282424, 22.972066667890132], [72.52570641031167, 22.972258333330164], [72.52605156696563, 22.974418492216973], [72.52662052688106, 22.97653766391748], [72.52722109686512, 22.978387302382792], [72.5272368229891, 22.978435539755782], [72.52776516201368, 22.98004960113375], [72.52822083321306, 22.981233345396], [72.52958480143116, 22.981233333339723], [72.52958480143118, 22.982066666673045], [72.53208480143809, 22.982066666673045], [72.53208480143807, 22.98290000000638], [72.53375146810934, 22.98290000000638], [72.53375146810934, 22.983733333339718], [72.53125146810244, 22.98373333333972], [72.53125146810244, 22.984566666673047], [72.5298723077378, 22.984566667923602], [72.53074247773633, 22.985926798760016], [72.53212547453792, 22.987679427437897], [72.53368391540361, 22.989300967207], [72.53540339415042, 22.990776422430773], [72.53726801376895, 22.992092147971984], [72.53926053341743, 22.99323597551922], [72.54136252791423, 22.99419732625461], [72.54355455825092, 22.99496730881469], [72.54581635154291, 22.99553880163276], [72.5470848014796, 22.99574066852377], [72.5470848014795, 22.995400000006367]], [[72.56708480153473, 22.98540000000638], [72.56791813487037, 22.985400000006376], [72.56791813487037, 22.987900000006384], [72.56708480153473, 22.987900000006384], [72.56708480153473, 22.98540000000638]], [[72.55208480149331, 22.992900000006372], [72.55458480150021, 22.992900000006376], [72.55458480150021, 22.994566666673038], [72.55541813483585, 22.994566666673045], [72.55541813483585, 22.995400000006367], [72.55208480149331, 22.99540000000637], [72.55208480149331, 22.994566666673034], [72.55125146815767, 22.99456666667304], [72.55125146815767, 22.992066666673043], [72.55208480149331, 22.992066666673036], [72.55208480149331, 22.992900000006372]], [[72.54875146815077, 22.993733333339705], [72.54875146815077, 22.992900000006372], [72.5470848014795, 22.992900000006372], [72.5470848014795, 22.992066666673043], [72.54791813481513, 22.99206666667304], [72.54791813481513, 22.9912333333397], [72.5495848014864, 22.991233333339714], [72.5495848014864, 22.993733333339705], [72.54875146815077, 22.993733333339705]], [[72.54625146814386, 22.992066666673043], [72.54625146814386, 22.990400000006375], [72.5470848014795, 22.990400000006375], [72.5470848014795, 22.992066666673043], [72.54625146814386, 22.992066666673043]], [[72.54125146813006, 22.98873333333971], [72.54125146813006, 22.989566666673046], [72.54041813479442, 22.989566666673042], [72.54041813479442, 22.988733333339713], [72.54125146813006, 22.98873333333971]], [[72.53958480145879, 22.988733333339706], [72.53958480145879, 22.987900000006377], [72.54041813479442, 22.987900000006384], [72.54041813479442, 22.988733333339713], [72.53958480145879, 22.988733333339706]], [[72.568751468206, 22.98456666667304], [72.56958480154162, 22.98456666667304], [72.56958480154164, 22.985400000006376], [72.568751468206, 22.98540000000638], [72.568751468206, 22.98456666667304]], [[72.55125146815767, 22.98290000000638], [72.55208480149331, 22.98290000000638], [72.55208480149331, 22.98373333333972], [72.55125146815767, 22.983733333339718], [72.55125146815767, 22.98290000000638]], [[72.56708480153473, 22.97956666667305], [72.56791813487035, 22.97956666667305], [72.56791813487037, 22.98290000000638], [72.56708480153473, 22.98290000000638], [72.56708480153473, 22.982066666673045], [72.56625146819911, 22.982066666673045], [72.5662514681991, 22.981233333339723], [72.56708480153473, 22.98123333333972], [72.56708480153473, 22.97956666667305]], [[72.54125146813006, 22.95623333333974], [72.54291813480133, 22.956233333339735], [72.54291813480133, 22.95706666667307], [72.54625146814386, 22.95706666667307], [72.54625146814386, 22.958733333339733], [72.54875146815077, 22.958733333339733], [72.54875146815077, 22.957900000006404], [72.5495848014864, 22.957900000006408], [72.5495848014864, 22.95873333333973], [72.55291813482894, 22.958733333339733], [72.55291813482894, 22.961233333339734], [72.5520848014933, 22.96123333333974], [72.55208480149331, 22.960400000006402], [72.55125146815767, 22.9604000000064], [72.55125146815767, 22.962066666673074], [72.55291813482894, 22.962066666673067], [72.55291813482894, 22.963733333339732], [72.55458480150023, 22.963733333339732], [72.55458480150021, 22.967066666673063], [72.55541813483585, 22.967066666673073], [72.55541813483585, 22.967900000006395], [72.55625146817148, 22.96790000000639], [72.5562514681715, 22.968733333339724], [72.55708480150713, 22.968733333339728], [72.55708480150713, 22.96956666667306], [72.55875146817837, 22.969566666673064], [72.5587514681784, 22.970400000006393], [72.55958480151403, 22.970400000006393], [72.55958480151403, 22.971233333339725], [72.56041813484966, 22.971233333339725], [72.56041813484966, 22.972900000006394], [72.55958480151403, 22.972900000006394], [72.55958480151403, 22.97456666667306], [72.55791813484277, 22.974566666673066], [72.55791813484274, 22.973733333339727], [72.55625146817148, 22.97373333333973], [72.5562514681715, 22.97290000000639], [72.55458480150023, 22.972900000006394], [72.55458480150021, 22.973733333339734], [72.55541813483585, 22.973733333339727], [72.55541813483585, 22.974566666673066], [72.55708480150713, 22.974566666673066], [72.55708480150713, 22.975400000006392], [72.5587514681784, 22.975400000006392], [72.55875146817839, 22.976233333339728], [72.55541813483586, 22.976233333339735], [72.55541813483586, 22.97706666667306], [72.55291813482894, 22.97706666667306], [72.55291813482894, 22.976233333339728], [72.55125146815767, 22.976233333339735], [72.55125146815767, 22.97540000000639], [72.55041813482204, 22.97540000000639], [72.55041813482204, 22.974566666673066], [72.5495848014864, 22.974566666673056], [72.54958480148639, 22.976233333339728], [72.55041813482202, 22.976233333339728], [72.55041813482202, 22.977066666673057], [72.54791813481513, 22.977066666673053], [72.54791813481513, 22.977900000006386], [72.5470848014795, 22.97790000000639], [72.5470848014795, 22.97873333333972], [72.54625146814386, 22.97873333333972], [72.54625146814386, 22.979566666673055], [72.5470848014795, 22.97956666667305], [72.5470848014795, 22.98040000000638], [72.54791813481513, 22.980400000006384], [72.54791813481513, 22.982066666673045], [72.54541813480824, 22.98206666667305], [72.54541813480823, 22.981233333339723], [72.5445848014726, 22.98123333333972], [72.5445848014726, 22.980400000006377], [72.54291813480133, 22.980400000006384], [72.54291813480133, 22.978733333339715], [72.54208480146569, 22.97873333333972], [72.54208480146569, 22.97790000000639], [72.54125146813004, 22.977900000006393], [72.54125146813006, 22.977066666673057], [72.54041813479442, 22.977066666673057], [72.54041813479442, 22.976233333339724], [72.53875146812315, 22.976233333339724], [72.53875146812315, 22.97540000000639], [72.53958480145877, 22.975400000006392], [72.53958480145879, 22.974566666673066], [72.53875146812315, 22.974566666673066], [72.53875146812315, 22.973733333339727], [72.54208480146569, 22.973733333339727], [72.54208480146569, 22.972900000006394], [72.54291813480133, 22.97290000000639], [72.54291813480133, 22.970400000006396], [72.54208480146569, 22.970400000006393], [72.54208480146569, 22.97206666667306], [72.54125146813006, 22.972066666673054], [72.54125146813006, 22.970400000006396], [72.53958480145879, 22.970400000006393], [72.53958480145879, 22.968733333339728], [72.54125146813006, 22.968733333339728], [72.54125146813006, 22.967066666673066], [72.54208480146569, 22.967066666673066], [72.54208480146569, 22.96623333333973], [72.54125146813006, 22.966233333339733], [72.54125146813006, 22.9654000000064], [72.53791813478752, 22.9654000000064], [72.5379181347875, 22.966233333339733], [72.53625146811625, 22.966233333339726], [72.53625146811625, 22.96456666667307], [72.53458480144499, 22.964566666673065], [72.53458480144498, 22.96373333333973], [72.53375146810934, 22.963733333339732], [72.53375146810934, 22.962900000006407], [72.53458480144498, 22.9629000000064], [72.53458480144499, 22.96123333333974], [72.53541813478063, 22.96123333333974], [72.53541813478061, 22.959566666673066], [72.53625146811625, 22.95956666667307], [72.53625146811625, 22.961233333339734], [72.53708480145188, 22.961233333339734], [72.5370848014519, 22.962066666673078], [72.53791813478752, 22.962066666673074], [72.53791813478752, 22.96123333333975], [72.53875146812315, 22.96123333333974], [72.53875146812315, 22.960400000006405], [72.53791813478752, 22.96040000000641], [72.53791813478752, 22.959566666673073], [72.53958480145879, 22.959566666673062], [72.53958480145879, 22.958733333339737], [72.54041813479442, 22.958733333339733], [72.54041813479442, 22.957900000006408], [72.5395848014588, 22.95790000000641], [72.53958480145879, 22.95706666667308], [72.53875146812315, 22.957066666673075], [72.53875146812315, 22.956233333339735], [72.54041813479442, 22.95623333333974], [72.54041813479442, 22.955400000006406], [72.54125146813006, 22.955400000006403], [72.54125146813006, 22.95623333333974]], [[72.53875146812315, 22.958733333339737], [72.53625146811625, 22.958733333339737], [72.53625146811625, 22.957900000006397], [72.53708480145188, 22.957900000006408], [72.53708480145188, 22.957066666673075], [72.53875146812315, 22.957066666673075], [72.53875146812315, 22.958733333339737]], [[72.54875146815077, 22.981233333339723], [72.5495848014864, 22.981233333339723], [72.5495848014864, 22.98206666667305], [72.54875146815077, 22.98206666667305], [72.54875146815077, 22.981233333339723]], [[72.56458480152784, 22.97956666667306], [72.56541813486346, 22.97956666667306], [72.56541813486346, 22.98123333333972], [72.56458480152783, 22.98123333333972], [72.56458480152784, 22.97956666667306]], [[72.57291813488418, 22.97456666667306], [72.57375146821981, 22.97456666667306], [72.57375146821981, 22.975400000006392], [72.57291813488418, 22.975400000006392], [72.57291813488418, 22.97456666667306]], [[72.57208480154854, 22.972900000006394], [72.57375146821981, 22.97290000000639], [72.57375146821981, 22.973733333339734], [72.57208480154853, 22.973733333339734], [72.57208480154854, 22.972900000006394]], [[72.53458480144499, 22.972066666673058], [72.53541813478061, 22.97206666667306], [72.53541813478061, 22.972900000006394], [72.53458480144499, 22.97290000000639], [72.53458480144499, 22.972066666673058]], [[72.53375146810934, 22.96873333333973], [72.53541813478061, 22.968733333339724], [72.53541813478061, 22.969566666673064], [72.53375146810934, 22.96956666667306], [72.53375146810934, 22.96873333333973]], [[72.53875146812315, 22.96623333333973], [72.5395848014588, 22.966233333339733], [72.53958480145879, 22.967066666673073], [72.53875146812315, 22.967066666673063], [72.53875146812315, 22.96623333333973]], [[72.53458480144499, 22.9654000000064], [72.5354181347806, 22.9654000000064], [72.53541813478061, 22.966233333339733], [72.53458480144498, 22.966233333339726], [72.53458480144499, 22.9654000000064]], [[72.56625146819911, 22.966233333339733], [72.56458480152783, 22.96623333333973], [72.56458480152783, 22.9654000000064], [72.5662514681991, 22.9654000000064], [72.56625146819911, 22.966233333339733]], [[72.5662514681991, 22.963733333339732], [72.56708480153473, 22.963733333339736], [72.56708480153473, 22.9654000000064], [72.5662514681991, 22.9654000000064], [72.5662514681991, 22.963733333339732]], [[72.56541813486346, 22.963733333339736], [72.56541813486348, 22.962900000006396], [72.56458480152783, 22.962900000006403], [72.56458480152783, 22.962066666673064], [72.5662514681991, 22.962066666673078], [72.5662514681991, 22.963733333339732], [72.56541813486346, 22.963733333339736]], [[72.56458480152783, 22.96373333333973], [72.5637514681922, 22.963733333339732], [72.5637514681922, 22.962900000006403], [72.56458480152783, 22.962900000006403], [72.56458480152783, 22.96373333333973]], [[72.56208480152092, 22.960400000006405], [72.56291813485655, 22.960400000006405], [72.56291813485656, 22.961233333339738], [72.56208480152092, 22.96123333333974], [72.56208480152092, 22.960400000006405]], [[72.53375146810934, 22.957900000006408], [72.53458480144498, 22.957900000006404], [72.53458480144499, 22.96040000000641], [72.53291813477371, 22.960400000006402], [72.53291813477371, 22.959566666673066], [72.53208480143807, 22.95956666667307], [72.53208480143809, 22.957066666673075], [72.53375146810934, 22.957066666673075], [72.53375146810934, 22.957900000006408]], [[72.56708480153473, 22.959566666673066], [72.56791813487037, 22.959566666673066], [72.56791813487035, 22.960400000006402], [72.56708480153473, 22.960400000006402], [72.56708480153473, 22.959566666673066]], [[72.56958480154164, 22.958733333339733], [72.57041813487727, 22.95873333333974], [72.57041813487729, 22.95956666667307], [72.56958480154164, 22.95956666667307], [72.56958480154164, 22.958733333339733]], [[72.56291813485656, 22.957900000006404], [72.5637514681922, 22.957900000006408], [72.5637514681922, 22.958733333339737], [72.56291813485656, 22.958733333339737], [72.56291813485656, 22.957900000006404]], [[72.5495848014864, 22.952066666673083], [72.54875146815077, 22.95206666667308], [72.54875146815077, 22.952900000006405], [72.5495848014864, 22.95290000000641], [72.5495848014864, 22.95373333333975], [72.54875146815077, 22.953733333339745], [72.54875146815077, 22.9554000000064], [72.54791813481513, 22.955400000006406], [72.54791813481513, 22.954566666673074], [72.5470848014795, 22.95456666667308], [72.5470848014795, 22.955400000006403], [72.54541813480823, 22.955400000006403], [72.54541813480823, 22.952066666673083], [72.5470848014795, 22.952066666673083], [72.5470848014795, 22.951233333339747], [72.5495848014864, 22.95123333333975], [72.5495848014864, 22.952066666673083]], [[72.54375146813696, 22.953733333339756], [72.5445848014726, 22.953733333339738], [72.5445848014726, 22.954566666673077], [72.54375146813696, 22.954566666673085], [72.54375146813696, 22.953733333339756]], [[72.55875146817839, 22.951233333339747], [72.55958480151403, 22.951233333339747], [72.55958480151403, 22.950400000006415], [72.56041813484966, 22.950400000006415], [72.56041813484966, 22.95373333333974], [72.55958480151403, 22.95373333333974], [72.55958480151403, 22.952900000006405], [72.55708480150712, 22.952900000006405], [72.55708480150712, 22.950400000006415], [72.55875146817839, 22.950400000006415], [72.55875146817839, 22.951233333339747]]], [[[72.52958480143116, 22.983733333339718], [72.5304181347668, 22.983733333339718], [72.5304181347668, 22.98290000000639], [72.52896042819864, 22.982900008629294], [72.52954770722032, 22.98405928849836], [72.52958480143158, 22.9841172702705], [72.52958480143116, 22.983733333339718]]], [[[72.57375146821983, 22.95956666667308], [72.57404199408342, 22.959566667170353], [72.57375146821951, 22.958984499787984], [72.57375146821983, 22.95956666667308]]]]}}, {"type": "Feature", "properties": {"layer": "permanent_water_jrc"}, "geometry": {"type": "MultiPolygon", "coordinates": [[[[72.54041813479442, 22.950400000006415], [72.53875146812315, 22.950400000006418], [72.53875146812315, 22.95123333333975], [72.54041813479442, 22.951233333339744], [72.54041813479442, 22.950400000006415]]], [[[72.53541813478061, 22.952066666673083], [72.53541813478077, 22.951953953398732], [72.53525912274927, 22.952066667011188], [72.53541813478061, 22.952066666673083]]], [[[72.53958480145879, 22.9529000000064], [72.53958480145879, 22.952066666673083], [72.53875146812315, 22.952066666673083], [72.53875146812315, 22.95123333333975], [72.53791813478752, 22.95123333333975], [72.53791813478752, 22.952900000006412], [72.53958480145879, 22.9529000000064]]], [[[72.53541813478061, 22.952066666673083], [72.5354181347806, 22.95290000000641], [72.53625146811625, 22.95290000000641], [72.53625146811625, 22.95206666667308], [72.53541813478061, 22.952066666673083]]], [[[72.53625146811625, 22.95290000000641], [72.53625146811625, 22.95373333333975], [72.53791813478752, 22.953733333339745], [72.53791813478752, 22.952900000006412], [72.53625146811625, 22.95290000000641]]], [[[72.52580893698462, 22.97290000260586], [72.52605156696563, 22.974418492216973], [72.52653881853335, 22.9762333338345], [72.52708480142427, 22.976233333339728], [72.52708480142427, 22.977066666673057], [72.5279181347599, 22.977066666673053], [72.52791813475989, 22.976233333339728], [72.52875146809554, 22.976233333339724], [72.52875146809554, 22.97540000000639], [72.52958480143117, 22.975400000006392], [72.52958480143117, 22.97373333333973], [72.5279181347599, 22.973733333339737], [72.5279181347599, 22.97290000000639], [72.52580893698462, 22.97290000260586]]], [[[72.5304181347668, 22.977066666673053], [72.5304181347668, 22.977900000006386], [72.53208480143807, 22.97790000000639], [72.53208480143807, 22.977066666673053], [72.53125146810244, 22.97706666667306], [72.53125146810244, 22.975400000006392], [72.5304181347668, 22.975400000006392], [72.5304181347668, 22.976233333339724], [72.52875146809554, 22.976233333339724], [72.52875146809554, 22.977066666673053], [72.5304181347668, 22.977066666673053]]], [[[72.53291813477371, 22.97706666667306], [72.53291813477371, 22.97790000000639], [72.53375146810936, 22.977900000006382], [72.53375146810934, 22.976233333339728], [72.53208480143807, 22.976233333339735], [72.53208480143807, 22.977066666673053], [72.53291813477371, 22.97706666667306]]], [[[72.53375146810933, 22.978733333339722], [72.5379181347875, 22.978733333339722], [72.53791813478753, 22.977900000006386], [72.53541813478061, 22.97790000000639], [72.53541813478061, 22.977066666673057], [72.53458480144499, 22.977066666673057], [72.53458480144499, 22.977900000006393], [72.53375146810936, 22.977900000006382], [72.53375146810933, 22.978733333339722]]], [[[72.53875146812315, 22.978733333339722], [72.5379181347875, 22.978733333339722], [72.53791813478752, 22.97956666667305], [72.54041813479441, 22.979566666673062], [72.54041813479441, 22.97873333333972], [72.53958480145879, 22.97873333333972], [72.53958480145879, 22.977900000006386], [72.53875146812315, 22.97790000000639], [72.53875146812315, 22.978733333339722]]], [[[72.54041813479442, 22.949566666673082], [72.54041813479462, 22.949275462335926], [72.54021858538266, 22.949345660368913], [72.53973665769568, 22.949566666999395], [72.54041813479442, 22.949566666673082]]], [[[72.54291813480133, 22.948733333339746], [72.54291813480133, 22.949566666673082], [72.54375146813696, 22.949566666673082], [72.54375146813696, 22.948733333339742], [72.54291813480133, 22.948733333339746]]], [[[72.54125146813006, 22.949566666673082], [72.54041813479442, 22.949566666673082], [72.54041813479442, 22.950400000006415], [72.54125146813006, 22.950400000006415], [72.54125146813006, 22.949566666673082]]], [[[72.54041813479442, 22.980400000006384], [72.54125146813006, 22.98040000000638], [72.54125146813006, 22.97956666667305], [72.54041813479441, 22.979566666673062], [72.54041813479442, 22.980400000006384]]], [[[72.54208480146569, 22.980400000006384], [72.54125146813006, 22.98040000000638], [72.54125146813006, 22.98123333333972], [72.54208480146569, 22.981233333339723], [72.54208480146569, 22.980400000006384]]], [[[72.54208480146569, 22.982066666673052], [72.54375146813696, 22.982066666673045], [72.54375146813696, 22.98123333333972], [72.54208480146569, 22.981233333339723], [72.54208480146569, 22.982066666673052]]], [[[72.5445848014726, 22.98206666667305], [72.54375146813696, 22.982066666673045], [72.54375146813696, 22.982900000006385], [72.5445848014726, 22.98290000000638], [72.5445848014726, 22.98206666667305]]], [[[72.5445848014726, 22.983733333339718], [72.54625146814386, 22.983733333339714], [72.54625146814386, 22.982900000006378], [72.5445848014726, 22.98290000000638], [72.5445848014726, 22.983733333339718]]], [[[72.5470848014795, 22.98373333333972], [72.54625146814386, 22.983733333339714], [72.54625146814386, 22.984566666673043], [72.5470848014795, 22.984566666673043], [72.5470848014795, 22.98373333333972]]], [[[72.5495848014864, 22.983733333339718], [72.54791813481513, 22.983733333339714], [72.54791813481513, 22.984566666673047], [72.5495848014864, 22.984566666673043], [72.5495848014864, 22.983733333339718]]], [[[72.5470848014795, 22.984566666673043], [72.5470848014795, 22.985400000006383], [72.54791813481513, 22.985400000006383], [72.54791813481513, 22.984566666673047], [72.5470848014795, 22.984566666673043]]], [[[72.5470848014795, 22.987066666673044], [72.5470848014795, 22.98623333333971], [72.54625146814386, 22.98623333333971], [72.54625146814386, 22.987900000006384], [72.5470848014795, 22.987900000006384], [72.5470848014795, 22.98873333333971], [72.5495848014864, 22.988733333339706], [72.5495848014864, 22.990400000006375], [72.55041813482204, 22.99040000000637], [72.55041813482204, 22.98873333333971], [72.55125146815767, 22.988733333339706], [72.55125146815767, 22.987900000006377], [72.54875146815077, 22.987900000006377], [72.54875146815077, 22.987066666673044], [72.5470848014795, 22.987066666673044]]], [[[72.55708480150712, 22.962900000006403], [72.55708480150712, 22.964566666673075], [72.55875146817839, 22.964566666673072], [72.55875146817839, 22.9629000000064], [72.55708480150712, 22.962900000006403]]], [[[72.55208480149331, 22.984566666673047], [72.5495848014864, 22.984566666673043], [72.5495848014864, 22.98623333333971], [72.55041813482204, 22.98623333333971], [72.55041813482204, 22.98540000000638], [72.55208480149331, 22.98540000000638], [72.55208480149331, 22.984566666673047]]], [[[72.55291813482894, 22.98540000000638], [72.55208480149331, 22.98540000000638], [72.55208480149331, 22.987066666673044], [72.55291813482893, 22.987066666673044], [72.55291813482894, 22.98540000000638]]], [[[72.55291813482893, 22.987066666673044], [72.55291813482893, 22.987900000006377], [72.55375146816458, 22.987900000006377], [72.55375146816458, 22.98706666667304], [72.55291813482893, 22.987066666673044]]], [[[72.55291813482893, 22.98873333333971], [72.55291813482893, 22.987900000006377], [72.55208480149331, 22.987900000006384], [72.55208480149331, 22.988733333339713], [72.55291813482893, 22.98873333333971]]], [[[72.55125146815767, 22.988733333339706], [72.55125146815767, 22.989566666673046], [72.55208480149331, 22.989566666673042], [72.55208480149331, 22.988733333339713], [72.55125146815767, 22.988733333339706]]], [[[72.55958480151403, 22.990400000006378], [72.55958480151403, 22.98873333333971], [72.55875146817839, 22.988733333339713], [72.55875146817839, 22.987900000006384], [72.55708480150712, 22.987900000006384], [72.55708480150712, 22.98873333333971], [72.55625146817148, 22.988733333339713], [72.55625146817148, 22.99040000000637], [72.55708480150712, 22.990400000006378], [72.55708480150712, 22.99123333333971], [72.55875146817839, 22.991233333339704], [72.55875146817839, 22.99206666667304], [72.55708480150712, 22.992066666673043], [72.55708480150712, 22.992900000006372], [72.55958480151403, 22.992900000006376], [72.55958480151403, 22.993733333339705], [72.56208336309409, 22.99373333335104], [72.56208480152092, 22.993732757882967], [72.56208480152092, 22.99206666667304], [72.56125146818529, 22.992066666673047], [72.56125146818529, 22.99123333333971], [72.56041813484966, 22.99123333333971], [72.56041813484966, 22.990400000006375], [72.55958480151403, 22.990400000006378]]], [[[72.55541813483585, 22.990400000006375], [72.55541813483585, 22.99123333333971], [72.55625146817148, 22.99123333333971], [72.55625146817148, 22.99040000000637], [72.55541813483585, 22.990400000006375]]], [[[72.55208480149331, 22.989566666673042], [72.55208480149331, 22.990400000006368], [72.55125146815767, 22.990400000006368], [72.55125146815767, 22.991233333339704], [72.55208480149331, 22.99123333333971], [72.55208480149331, 22.992066666673036], [72.55375146816458, 22.992066666673047], [72.55375146816458, 22.992900000006365], [72.55458480150021, 22.992900000006376], [72.55458480150021, 22.9937333333397], [72.55541813483585, 22.9937333333397], [72.55541813483585, 22.99206666667304], [72.55458480150021, 22.992066666673036], [72.55458480150021, 22.99040000000637], [72.55291813482893, 22.990400000006375], [72.55291813482893, 22.989566666673042], [72.55208480149331, 22.989566666673042]]], [[[72.55875146817839, 22.993733333339705], [72.55875146817839, 22.994566666673038], [72.55958480151403, 22.99456666667303], [72.55958480151403, 22.993733333339705], [72.55875146817839, 22.993733333339705]]]]}}, {"type": "Feature", "properties": {"layer": "airport", "name": "Sardar Vallabhbhai Patel International Airport", "icao": "VAAH", "distance_m": 12072.8}, "geometry": {"type": "Polygon", "coordinates": [[[72.6181892, 23.066132699999997], [72.6183405, 23.065940200000004], [72.6171844, 23.064102300000005], [72.6197909, 23.0624393], [72.6199697, 23.062527699999997], [72.620325, 23.0626345], [72.620451, 23.06259780000001], [72.620591, 23.0622986], [72.6202882, 23.062164900000003], [72.6202971, 23.062112700000004], [72.6205151, 23.062001400000003], [72.6205527, 23.061961000000004], [72.6207457, 23.061841300000005], [72.6217429, 23.061223200000004], [72.6221107, 23.0609828], [72.6222067, 23.060880799999993], [72.6233767, 23.060098], [72.6236861, 23.059907200000005], [72.6244789, 23.0601362], [72.6245147, 23.060146599999996], [72.6245489, 23.060156400000004], [72.6246508, 23.0601859], [72.6254295, 23.060390000000016], [72.6260272, 23.060528900000005], [72.6262398, 23.060568599999993], [72.6263199, 23.0605913], [72.6263815, 23.0606423], [72.6264462, 23.060721700000002], [72.6266126, 23.060900200000003], [72.6267759, 23.061059], [72.6269823, 23.061220600000006], [72.6271548, 23.0613623], [72.6272565, 23.0614672], [72.6273661, 23.0616264], [72.6274782, 23.061811199999994], [72.6276089, 23.0619917], [72.62803690000001, 23.062473100000002], [72.6284922, 23.062996800000004], [72.6286792, 23.0632231], [72.6288865, 23.0634346], [72.6285426, 23.0639007], [72.6289543, 23.0640169], [72.6287424, 23.064851000000004], [72.6282044, 23.065317700000012], [72.6287839, 23.06593609999999], [72.6305115, 23.0679604], [72.63167120000001, 23.066897100000006], [72.6318432, 23.066943500000004], [72.6318676, 23.066955599999996], [72.631892, 23.066974599999998], [72.6318995, 23.066988400000003], [72.6319108, 23.067033300000006], [72.6318995, 23.067085199999998], [72.6318939, 23.067137], [72.6319033, 23.067169800000002], [72.63191260000002, 23.067188800000004], [72.63196520000001, 23.067221600000003], [72.6320347, 23.06726310000001], [72.63204600000002, 23.067323600000005], [72.632017, 23.0674521], [72.6319761, 23.0676266], [72.6319369, 23.0677695], [72.631945, 23.06784770000001], [72.63200220000002, 23.0678777], [72.6320954, 23.067888300000007], [72.6311722, 23.0687288], [72.63194270000001, 23.069624700000002], [72.631933, 23.0696904], [72.6324551, 23.070310299999992], [72.6325078, 23.071708899999994], [72.6332358, 23.072749699999992], [72.6347442, 23.074814799999995], [72.6358398, 23.076305], [72.6368864, 23.077754000000002], [72.6374842, 23.077330800000002], [72.6404868, 23.08015199999999], [72.6403514, 23.0804398], [72.6421612, 23.0821188], [72.6426173, 23.082538700000008], [72.6430624, 23.082950099999994], [72.6433674, 23.0832306], [72.6438471, 23.0836682], [72.6443248, 23.084074000000005], [72.6446277, 23.0843077], [72.6450533, 23.084636100000004], [72.645344, 23.084871], [72.6458737, 23.085542600000007], [72.6460802, 23.085745], [72.6461473, 23.085880700000004], [72.6469198, 23.086690000000008], [72.6470512, 23.0865592], [72.6477781, 23.08720320000001], [72.6483861, 23.087852500000004], [72.6490188, 23.088501900000008], [72.6479704, 23.089558700000012], [72.6499967, 23.0914695], [72.6496216, 23.091799599999998], [72.6495537, 23.091859299999996], [72.6475653, 23.089974000000005], [72.6466399, 23.090858300000004], [72.6457606, 23.0901091], [72.6449223, 23.0893439], [72.6440202, 23.088524000000003], [72.6434487, 23.087996800000006], [72.6427607, 23.087357900000008], [72.6416027, 23.086278], [72.6407298, 23.0854682], [72.6403244, 23.085088900000002], [72.63986410000001, 23.084658200000003], [72.6386072, 23.0834806], [72.6380709, 23.082962200000004], [72.6376793, 23.0825847], [72.6370409, 23.081977700000003], [72.636703, 23.0816545], [72.6351349, 23.0801595], [72.6351207, 23.080172500000003], [72.6350597, 23.080116299999997], [72.6350721, 23.080102499999995], [72.634765, 23.079811100000004], [72.6346692, 23.079898200000002], [72.6344361, 23.080113599999997], [72.6337354, 23.07952510000001], [72.6334218, 23.079512300000005], [72.6325429, 23.079505499999996], [72.6309991, 23.07951630000001], [72.6299063, 23.079551399999996], [72.6295032, 23.0794736], [72.6294831, 23.07941040000001], [72.6295016, 23.0793299], [72.6295067, 23.079204500000003], [72.6297317, 23.078539800000005], [72.628935, 23.07836110000001], [72.6288618, 23.078644700000005], [72.62834010000002, 23.078527100000002], [72.6280648, 23.079028], [72.6279822, 23.079002100000007], [72.6279735, 23.079053400000003], [72.6272198, 23.078956999999996], [72.6264761, 23.0788101], [72.6264508, 23.078972800000003], [72.6256973, 23.0787822], [72.6257353, 23.077577200000004], [72.6264755, 23.077575599999996], [72.62675760000002, 23.0775727], [72.6267582, 23.077434500000003], [72.626718, 23.077007600000005], [72.625439, 23.075805400000007], [72.6250912, 23.076121100000005], [72.6244348, 23.075513400000002], [72.6241363, 23.0752323], [72.6237601, 23.074878000000002], [72.6234293, 23.074566499999996], [72.6231942, 23.074345200000003], [72.6229678, 23.074132], [72.622662, 23.073844099999995], [72.6227972, 23.0737236], [72.62264, 23.0735586], [72.6228104, 23.073415000000008], [72.6228996, 23.073339600000004], [72.6229842, 23.073215600000005], [72.6230265, 23.073133500000004], [72.6230594, 23.072978], [72.6230675, 23.072797800000004], [72.62305410000002, 23.072635000000002], [72.6229414, 23.072482000000008], [72.622869, 23.072388200000006], [72.6224372, 23.072010700000003], [72.6224211, 23.071433200000005], [72.6235503, 23.070382000000002], [72.6224533, 23.06936410000001], [72.6222709, 23.069517100000002], [72.621945, 23.069820600000007], [72.6219052, 23.0698535], [72.6219679, 23.0699129], [72.6218568, 23.07001380000001], [72.6213764, 23.070541200000008], [72.6212007, 23.0703894], [72.6211645, 23.07042270000001], [72.6211229, 23.070460999999998], [72.6213294, 23.070641100000007], [72.6212972, 23.070685500000003], [72.6213241, 23.070717599999995], [72.620675, 23.071307399999995], [72.6205704, 23.071243200000005], [72.620337, 23.071455400000012], [72.6206937, 23.071793500000002], [72.6195699, 23.0728052], [72.6194251, 23.072672000000004], [72.6193982, 23.072699100000005], [72.6194304, 23.0727312], [72.6192829, 23.0728768], [72.6194918, 23.073074000000002], [72.6182848, 23.0742396], [72.6180384, 23.0739996], [72.6179877, 23.074044799999996], [72.6179472, 23.074081000000003], [72.61753140000002, 23.0744832], [72.6172944, 23.074706799999994], [72.6154348, 23.076451800000005], [72.6150839, 23.076141899999996], [72.6140824, 23.077069700000003], [72.6127301, 23.076045999999998], [72.6137633, 23.0750607], [72.6128593, 23.074301300000005], [72.6128259, 23.07424470000001], [72.6124208, 23.0739105], [72.61714640000001, 23.0686904], [72.6182197, 23.067527600000002], [72.6181892, 23.066132699999997]]]}}, {"type": "Feature", "properties": {"layer": "airport_reference_point", "name": "Sardar Vallabhbhai Patel International Airport", "icao": "VAAH", "distance_m": 14291.4}, "geometry": {"type": "Point", "coordinates": [72.634697, 23.07720000000001]}}]}