{"type": "FeatureCollection", "features": [{"type": "Feature", "properties": {"layer": "outline_2026", "site": "SUR-01"}, "geometry": {"type": "Polygon", "coordinates": [[[72.81604813994629, 21.156664448875294], [72.81530097840822, 21.15647462306591], [72.81566699520074, 21.156178035265146], [72.81576289358937, 21.155945350547594], [72.81581341580933, 21.155736314022246], [72.81595077590929, 21.15601777045555], [72.81612075182787, 21.1559071480922], [72.81608628364458, 21.156311689999672], [72.81606860766641, 21.156585080695773], [72.81604813994629, 21.156664448875294]]]}}, {"type": "Feature", "properties": {"layer": "union_2016_2026", "site": "SUR-01"}, "geometry": {"type": "Polygon", "coordinates": [[[72.81595077590929, 21.15601777045555], [72.81581341580933, 21.155736314022246], [72.81576289358937, 21.155945350547594], [72.81566699520074, 21.156178035265146], [72.81530097840822, 21.15647462306591], [72.81604813994629, 21.156664448875294], [72.81632851083589, 21.156724410176317], [72.81636044168224, 21.15669452459342], [72.81649877292509, 21.156718820378792], [72.81692230697801, 21.156867816446976], [72.8173455614142, 21.156960944687615], [72.81778638663879, 21.15712869596192], [72.81781363426823, 21.15716196692162], [72.81781794982996, 21.15714070693633], [72.8178431999152, 21.157150315532412], [72.817892573108, 21.157091815160573], [72.8183173419516, 21.157090771141025], [72.81749436879862, 21.156085607697353], [72.81733813339868, 21.156122022256366], [72.81707249499429, 21.156045512725225], [72.81657347327855, 21.15577599038974], [72.81648484642238, 21.155793155660536], [72.81630355267299, 21.155882774434684], [72.81611404653539, 21.155985846213625], [72.81612075182787, 21.1559071480922], [72.81595077590929, 21.15601777045555]]]}}, {"type": "Feature", "properties": {"layer": "buffer_100m", "site": "SUR-01"}, "geometry": {"type": "Polygon", "coordinates": [[[72.81467159124394, 21.15579112787155], [72.81460305994857, 21.155852431711924], [72.81454127976805, 21.155919754206316], [72.81448684832526, 21.155992444129243], [72.81444029215939, 21.15606979833389], [72.81440206163242, 21.156151068553662], [72.81437252657224, 21.156235468640133], [72.81435197269474, 21.15632218216751], [72.81434059883952, 21.156410370330015], [72.81433851504579, 21.156499180055803], [72.81434574148736, 21.15658775225899], [72.81436220827683, 21.15667523014978], [72.81438775614106, 21.156760767522602], [72.81442213796113, 21.156843536941807], [72.8144650211624, 21.156922737745884], [72.81451599093107, 21.156997603792735], [72.81457455422648, 21.15706741087106], [72.81464014455014, 21.15713148370616], [72.81471212742555, 21.15718920249237], [72.81478980653561, 21.157240008888994], [72.81487243045856, 21.15728341142153], [72.81495919993678, 21.15731899023623], [72.81504927560879, 21.15734640116168], [72.81579644119999, 21.15753622806285], [72.81589035569867, 21.15755542528373], [72.81598584268974, 21.157565743058345], [72.81608195054119, 21.157567078558824], [72.81617772143302, 21.157559418475444], [72.81627220090367, 21.157542839149293], [72.81636444736267, 21.1575175058114], [72.8164535414751, 21.157483670935957], [72.81653859532422, 21.157441671723976], [72.81661876126086, 21.157391926742605], [72.81669324035136, 21.15733493175341], [72.81676129034001, 21.15727125477139], [72.81682223304645, 21.1572015304039], [72.81687546112428, 21.157126453525816], [72.81692044411375, 21.157046772354253], [72.81695673372799, 21.156963280991544], [72.81698396832024, 21.15687681151102], [72.8170044355708, 21.156797443220306], [72.81702076565932, 21.15671912287748], [72.81702966199059, 21.15663975605274], [72.817046777247, 21.156375011515372], [72.81708050719877, 21.155979104026084], [72.8170834046951, 21.155890547559384], [72.81707703893176, 21.155802150858925], [72.8170614711805, 21.155714764533396], [72.81703685125979, 21.15562922946753], [72.81700341609249, 21.155546368730732], [72.81696148742553, 21.155466979657103], [72.81691146873342, 21.15539182617313], [72.81685384133527, 21.15532163144698], [72.81678915976305, 21.15525707092997], [72.81671804642531, 21.15519876585718], [72.81664118561795, 21.15514727726986], [72.81655931693959, 21.155103100617044], [72.8164732281748, 21.15506666098821], [72.81644919503279, 21.15505904607111], [72.81639118240943, 21.155013820302678], [72.8163117576552, 21.154963521308918], [72.81622739616266, 21.154920877940583], [72.81613893364798, 21.15488631263687], [72.81604724645146, 21.15486016781273], [72.81595324285645, 21.154842702467], [72.81585785409207, 21.154834089616823], [72.81576202510858, 21.154834414583718], [72.81566670521696, 21.154843674148484], [72.81557283868524, 21.154861776583022], [72.81548135538485, 21.15488854255899], [72.81539316157934, 21.15492370692421], [72.81530913094721, 21.154966921329216], [72.81523009592723, 21.155017757677925], [72.8151568394723, 21.15507571236831], [72.81509008729326, 21.155140211281036], [72.81503050066998, 21.155210615466647], [72.81497866990024, 21.15528622747501], [72.81493510845175, 21.155366298264276], [72.81490024787536, 21.15545003462095], [72.81487443352943, 21.155536607017634], [72.81484733604206, 21.15564872047564], [72.81467159124394, 21.15579112787155]], [[72.81530097840822, 21.15647462306591], [72.81566699520074, 21.156178035265146], [72.81576289358937, 21.155945350547594], [72.81581341580933, 21.155736314022246], [72.81595077590929, 21.15601777045555], [72.81612075182787, 21.1559071480922], [72.81608628364458, 21.156311689999672], [72.81606860766641, 21.156585080695773], [72.81604813994629, 21.156664448875294], [72.81530097840822, 21.15647462306591]]]}}, {"type": "Feature", "properties": {"layer": "buffer_200m", "site": "SUR-01"}, "geometry": {"type": "Polygon", "coordinates": [[[72.8139051473205, 21.15523023743421], [72.81378158678888, 21.155364881900237], [72.81367272351417, 21.155510261248768], [72.81357961058985, 21.155664969205404], [72.81350314876268, 21.15582750925441], [72.81344407771832, 21.15599630911401], [72.8134029689242, 21.156169735944705], [72.81338022009959, 21.15634611214359], [72.81337605136598, 21.15652373157187], [72.8133905031152, 21.156700876058633], [72.81342343561624, 21.156875832021214], [72.81347453036437, 21.157046907041487], [72.81354329315965, 21.157212446237555], [72.81362905888541, 21.157370848272574], [72.81373099794018, 21.15752058084588], [72.81384812426124, 21.157660195516353], [72.81397930486204, 21.157788341714763], [72.81412327079136, 21.157903779809423], [72.81427862940815, 21.15800539309871], [72.81444387785352, 21.15809219861456], [72.81461741758919, 21.158163356632002], [72.81479756986201, 21.158218178793256], [72.81554473950648, 21.15840800678626], [72.81573256956277, 21.158446401451283], [72.81592354467895, 21.15846703712253], [72.81611576154584, 21.158469708139382], [72.81630730447723, 21.158454387881797], [72.81649626450432, 21.158421229035532], [72.81668075840298, 21.15837056207038], [72.8168589474644, 21.158302891946214], [72.8170290558218, 21.158218893079923], [72.81718938815065, 21.158119402623367], [72.81733834656553, 21.158005412119344], [72.81747444654575, 21.157878057618742], [72.81759633173037, 21.157738608357587], [72.81770278743575, 21.15758845410659], [72.81779275276028, 21.15742909131964], [72.81786533115627, 21.157262108219044], [72.81791979936325, 21.15708916896641], [72.81794026614422, 21.157009800564516], [72.8179729253663, 21.156853159699885], [72.81799071702042, 21.15669442595161], [72.81800727166622, 21.156438327579234], [72.8180402634971, 21.156051054516382], [72.81804605734767, 21.155873941550663], [72.81803332468716, 21.15569714822067], [72.81800218810261, 21.155522375741047], [72.81795294727246, 21.15535130587471], [72.81788607608044, 21.155185584750264], [72.81780221805336, 21.15502680702247], [72.81770218016676, 21.154876500528243], [72.81758692507823, 21.154736111585702], [72.8174575618629, 21.154606991077905], [72.81731533534057, 21.154490381454828], [72.81716161409719, 21.154387404778905], [72.8169978773157, 21.15429905192902], [72.81694742191911, 21.15427769523008], [72.81681009432918, 21.15419072705759], [72.8166413719825, 21.154105440767715], [72.81646444777078, 21.154036310540036], [72.81628107434224, 21.15398402118947], [72.81609306822547, 21.153949090701925], [72.81590229183624, 21.153931865103605], [72.81571063503009, 21.153932515033556], [72.81551999638309, 21.153951034053485], [72.81533226438641, 21.15398723871154], [72.81514929874066, 21.154040770359387], [72.81497291193529, 21.1541110987047], [72.81480485129539, 21.154197527063744], [72.81464678167389, 21.15429919926219], [72.8145002689599, 21.15441510811569], [72.81436676456757, 21.154544105406423], [72.81424759105785, 21.154684913256634], [72.81414392903666, 21.154836136786628], [72.81405680545859, 21.154996277931946], [72.81399159931391, 21.155152903189375], [72.8139051473205, 21.15523023743421]], [[72.81530097840822, 21.15647462306591], [72.81566699520074, 21.156178035265146], [72.81576289358937, 21.155945350547594], [72.81581341580933, 21.155736314022246], [72.81595077590929, 21.15601777045555], [72.81612075182787, 21.1559071480922], [72.81608628364458, 21.156311689999672], [72.81606860766641, 21.156585080695773], [72.81604813994629, 21.156664448875294], [72.81530097840822, 21.15647462306591]]]}}, {"type": "Feature", "properties": {"layer": "river", "name": "", "osm": "way/34134674", "distance_m": 137.6}, "geometry": {"type": "LineString", "coordinates": [[72.8341609, 21.166343999999995], [72.8346902, 21.1657843], [72.8350969, 21.164870899999997], [72.8351942, 21.1640088], [72.8348901, 21.16330550000001], [72.8341481, 21.162693], [72.8332845, 21.162296000000012], [72.8322019, 21.162227900000005], [72.8311071, 21.1622733], [72.8303651, 21.1623414], [72.8300246, 21.1623867], [72.82878389999999, 21.162704299999998], [72.8273972, 21.162817800000003], [72.8267525, 21.1629085], [72.8262173, 21.163022000000005], [72.8258159, 21.162919900000002], [72.8249523, 21.162965199999995], [72.8241495, 21.163101400000002], [72.82340750000002, 21.162840500000016], [72.8227628, 21.162103100000007], [72.8215099, 21.160594499999988], [72.8201841, 21.158473199999996], [72.81940560000001, 21.157214], [72.8185906, 21.157021199999992], [72.81832300000002, 21.1568056], [72.8180311, 21.155932199999995], [72.8176054, 21.155535099999998], [72.817252, 21.1552536], [72.8166663, 21.1544876], [72.8156381, 21.153343400000004], [72.8147564, 21.1521837], [72.8140529, 21.1513625], [72.8133602, 21.1505437], [72.8127885, 21.149976500000005], [72.8126425, 21.1493412], [72.8117789, 21.148774], [72.8113775, 21.148240800000004], [72.8110369, 21.147219800000002], [72.8108794, 21.146850699999998], [72.8098513, 21.143865899999998], [72.8095824, 21.14256], [72.8094614, 21.1416339], [72.8092291, 21.1410344], [72.8087617, 21.140561500000004], [72.80803120000002, 21.140290999999998], [72.8072476, 21.1399434], [72.8064813, 21.139274699999998], [72.8062931, 21.137848800000008], [72.8060133, 21.136691600000006], [72.8062201, 21.1354322], [72.80632928462282, 21.1350137840734]]}}, {"type": "Feature", "properties": {"layer": "river", "name": "", "osm": "way/953288187", "distance_m": 2137.6}, "geometry": {"type": "LineString", "coordinates": [[72.83439007924295, 21.171248476469607], [72.8343036, 21.170592900000006], [72.8337119, 21.169663699999997], [72.8329801, 21.168487699999996], [72.8329699, 21.168105399999998], [72.833092, 21.167778799999997], [72.8331542, 21.167401300000005], [72.8341609, 21.166343999999995]]}}, {"type": "Feature", "properties": {"layer": "pond", "name": "", "osm": "way/34206541", "distance_m": 1974.6}, "geometry": {"type": "Polygon", "coordinates": [[[72.8145919, 21.137886899999994], [72.814906, 21.137840300000004], [72.8152415, 21.137793700000003], [72.8155628, 21.137873600000002], [72.8151844, 21.1375673], [72.8151201, 21.1373542], [72.8147703, 21.137121100000005], [72.8143634, 21.1369746], [72.8141135, 21.1379734], [72.8145919, 21.137886899999994]]]}}, {"type": "Feature", "properties": {"layer": "highway", "name": "Majura Gate Flyover", "osm": "way/240610037", "distance_m": 2294.0}, "geometry": {"type": "LineString", "coordinates": [[72.8189708, 21.177201200000006], [72.8189223, 21.177587600000006], [72.8188394, 21.17819190000001], [72.8187965, 21.1785145], [72.8187216, 21.178997799999998], [72.81870382556032, 21.17908536965295]]}}, {"type": "Feature", "properties": {"layer": "highway", "name": "", "osm": "way/527057087", "distance_m": 2160.9}, "geometry": {"type": "LineString", "coordinates": [[72.79537591036781, 21.143849366019708], [72.7967586, 21.144094699999997], [72.79826290000001, 21.1443269], [72.79888600000001, 21.144389199999996]]}}, {"type": "Feature", "properties": {"layer": "highway", "name": "Bamroli-Althan Expressway", "osm": "way/552417524", "distance_m": 2182.2}, "geometry": {"type": "LineString", "coordinates": [[72.8365199, 21.1511901], [72.83666380000001, 21.151178299999998], [72.8369547, 21.1512638], [72.8369951, 21.151275700000003], [72.8375397, 21.151343200000003], [72.8376181, 21.1513473], [72.8378349, 21.151358600000002], [72.8380468, 21.1513697], [72.83829879999999, 21.151382800000004], [72.8383452, 21.151390400000004], [72.8386052, 21.151402800000003], [72.8388183, 21.151416800000003], [72.8390286, 21.15143060000001], [72.83924259999999, 21.15144460000001], [72.8394444, 21.1514578], [72.8396353, 21.1514703], [72.83970557154139, 21.15147493179698]]}}, {"type": "Feature", "properties": {"layer": "highway", "name": "", "osm": "way/552417525", "distance_m": 2166.5}, "geometry": {"type": "LineString", "coordinates": [[72.7988822, 21.1443081], [72.7987876, 21.144286100000002], [72.7967867, 21.1439777], [72.79545255200023, 21.143744494636806]]}}, {"type": "Feature", "properties": {"layer": "highway", "name": "", "osm": "way/552417528", "distance_m": 2142.8}, "geometry": {"type": "LineString", "coordinates": [[72.7988822, 21.1443081], [72.79887600000002, 21.144335099999996], [72.7988773, 21.144362799999996], [72.79888600000001, 21.144389199999996], [72.7989051, 21.144416399999997], [72.798926, 21.144433699999997], [72.79895080000001, 21.1444457], [72.79897800000002, 21.144452000000012], [72.7990061, 21.144452000000005], [72.7990333, 21.1444457], [72.79906470000002, 21.144429000000002], [72.79908559999998, 21.1444087], [72.7991002, 21.144384199999998], [72.79910760000001, 21.1443569], [72.7991072, 21.144328700000003], [72.79909899999998, 21.1443015], [72.79908359999999, 21.1442772], [72.799062, 21.144257500000002], [72.7990357, 21.144243600000003], [72.7989991, 21.1442358], [72.7989618, 21.144239300000002], [72.7989277, 21.1442537], [72.7989002, 21.144277400000004], [72.7988822, 21.1443081]]}}, {"type": "Feature", "properties": {"layer": "highway", "name": "", "osm": "way/552417535", "distance_m": 1517.1}, "geometry": {"type": "LineString", "coordinates": [[72.79906470000002, 21.144429000000002], [72.7993764, 21.144509299999996], [72.8010847, 21.144944700000003], [72.8021709, 21.1452419], [72.8032627, 21.1455408], [72.8033357, 21.1455607], [72.8038939, 21.145729699999997], [72.80410660000001, 21.145794100000014], [72.804297, 21.145856099999996], [72.8045203, 21.145929], [72.8047519, 21.146004500000007], [72.8048132, 21.146024499999992], [72.8053297, 21.146195700000007]]}}, {"type": "Feature", "properties": {"layer": "highway", "name": "", "osm": "way/552417537", "distance_m": 941.7}, "geometry": {"type": "LineString", "coordinates": [[72.8089233, 21.146964800000006], [72.812507, 21.147816499999998]]}}, {"type": "Feature", "properties": {"layer": "highway", "name": "Bamroli-Althan Expressway", "osm": "way/552417539", "distance_m": 953.2}, "geometry": {"type": "LineString", "coordinates": [[72.8125365, 21.1476944], [72.8089552, 21.14687320000001]]}}, {"type": "Feature", "properties": {"layer": "highway", "name": "", "osm": "way/552417542", "distance_m": 784.7}, "geometry": {"type": "LineString", "coordinates": [[72.8272299, 21.149838800000005], [72.82691140000001, 21.149845499999994], [72.8266514, 21.149832500000002], [72.82655399999999, 21.149819500000007], [72.82620019999999, 21.149772400000003], [72.8257532, 21.1497129], [72.8252727, 21.149649000000004], [72.82497389999999, 21.14960920000001], [72.8244524, 21.149571000000005], [72.8239609, 21.1495316], [72.8238214, 21.149520400000004], [72.8235975, 21.1494778], [72.8235019, 21.1494596], [72.8233486, 21.1494449], [72.8227559, 21.149387899999997], [72.8227285, 21.1493881], [72.8224968, 21.149389700000004], [72.8221516, 21.149357100000003], [72.8213992, 21.1492861], [72.8212787, 21.149274199999997], [72.8211095, 21.1492574], [72.8191112, 21.149059199999996], [72.81904090000002, 21.1490487], [72.81867000000001, 21.148993300000004], [72.81805250000001, 21.1489043], [72.8177467, 21.148866500000004], [72.8172719, 21.148782499999996], [72.8141841, 21.148067999999995], [72.8139124, 21.147976799999995], [72.81312430000001, 21.147782900000003], [72.8125565, 21.1476958], [72.8125365, 21.1476944]]}}, {"type": "Feature", "properties": {"layer": "highway", "name": "", "osm": "way/552417544", "distance_m": 768.3}, "geometry": {"type": "LineString", "coordinates": [[72.812507, 21.147816499999998], [72.8125331, 21.147824900000003], [72.8131039, 21.147979600000003], [72.8138061, 21.148157], [72.8141635, 21.1482057], [72.8176901, 21.1490234], [72.8178819, 21.149062800000003], [72.81861240000002, 21.149171000000003], [72.81905180000001, 21.1492009], [72.8208608, 21.149377399999995], [72.8212527, 21.149415699999995], [72.8213709, 21.1494272], [72.822401, 21.149523200000008], [72.8227811, 21.149583], [72.82302149999998, 21.14960390000001], [72.82336359999998, 21.1496336], [72.8237437, 21.149652100000004], [72.82424630000001, 21.1497034], [72.8248614, 21.149773399999997], [72.8249578, 21.14978139999999], [72.8271049, 21.150087099999997], [72.8271793, 21.150108099999997]]}}, {"type": "Feature", "properties": {"layer": "highway", "name": "", "osm": "way/552417546", "distance_m": 1315.2}, "geometry": {"type": "LineString", "coordinates": [[72.8272299, 21.149838800000005], [72.8271834, 21.1498691], [72.8271492, 21.14991140000001], [72.8271308, 21.149961400000006], [72.8271299, 21.150014400000007], [72.8271466, 21.150064900000004], [72.8271793, 21.150108099999997], [72.82721470000001, 21.150134600000005], [72.82725609999999, 21.150151900000008], [72.8273144, 21.15015920000001], [72.827372, 21.150148700000003], [72.827423, 21.150121600000002], [72.827462, 21.150080599999995], [72.8274849, 21.150030100000006], [72.8274892, 21.149975500000004], [72.82748300000002, 21.1499531], [72.8274745, 21.149922399999998], [72.82744240000001, 21.1498766], [72.8273962, 21.1498427], [72.82734089999998, 21.149824399999996], [72.82728419999998, 21.1498234], [72.8272299, 21.149838800000005]]}}, {"type": "Feature", "properties": {"layer": "highway", "name": "", "osm": "way/552417571", "distance_m": 1308.1}, "geometry": {"type": "LineString", "coordinates": [[72.8078245, 21.146603], [72.8070578, 21.1464423], [72.8066455, 21.146337], [72.8065212, 21.146309200000005], [72.8057505, 21.146137], [72.8055316, 21.1461001]]}}, {"type": "Feature", "properties": {"layer": "highway", "name": "", "osm": "way/552417583", "distance_m": 2181.4}, "geometry": {"type": "LineString", "coordinates": [[72.83967958091436, 21.151329162252946], [72.8390273, 21.1512906], [72.838581, 21.151264200000004], [72.83836030000002, 21.151251099999996], [72.8382486, 21.151244200000004], [72.83791939999999, 21.15122280000001], [72.8378537, 21.151218500000002], [72.837634, 21.1511743], [72.8375507, 21.151157500000004], [72.83724659999999, 21.151119199999993], [72.8370412, 21.1510933], [72.83691280000001, 21.151100399999997], [72.8367011, 21.15111200000001], [72.8365644, 21.151070700000002], [72.8364732, 21.1510431]]}}, {"type": "Feature", "properties": {"layer": "highway", "name": "", "osm": "way/552421910", "distance_m": 2106.5}, "geometry": {"type": "LineString", "coordinates": [[72.7995493, 21.1443703], [72.79925389999998, 21.1442963]]}}, {"type": "Feature", "properties": {"layer": "highway", "name": "", "osm": "way/552421917", "distance_m": 2136.0}, "geometry": {"type": "LineString", "coordinates": [[72.79925389999998, 21.1442963], [72.7991081, 21.144261], [72.7990357, 21.144243600000003]]}}, {"type": "Feature", "properties": {"layer": "highway", "name": "", "osm": "way/761915084", "distance_m": 1297.4}, "geometry": {"type": "LineString", "coordinates": [[72.8055411, 21.146247000000002], [72.8064818, 21.146463999999998], [72.8065653, 21.146483300000003], [72.8068665, 21.146549299999997], [72.8070083, 21.146580300000004], [72.8073766, 21.1466639], [72.8077477, 21.146740700000002], [72.8077949, 21.1467519]]}}, {"type": "Feature", "properties": {"layer": "highway", "name": "", "osm": "way/761915085", "distance_m": 1521.1}, "geometry": {"type": "LineString", "coordinates": [[72.8054002, 21.146075899999992], [72.8048957, 21.145895500000005], [72.804249, 21.1456755], [72.8039398, 21.145575499999996], [72.8034079, 21.145421199999998], [72.801183, 21.144819299999998], [72.8009216, 21.144748600000003], [72.80058020000001, 21.1446429], [72.79989729999998, 21.144441099999998], [72.79966649999999, 21.144391099999996], [72.7995493, 21.1443703]]}}, {"type": "Feature", "properties": {"layer": "highway", "name": "", "osm": "way/761915088", "distance_m": 1505.9}, "geometry": {"type": "LineString", "coordinates": [[72.8054002, 21.146075899999992], [72.80536610000001, 21.146096799999995], [72.80535169999999, 21.146111800000003], [72.8053405, 21.146129], [72.80532950000001, 21.1461616], [72.8053297, 21.146195700000007], [72.805341, 21.146228200000003], [72.80536229999998, 21.146256000000005], [72.805395, 21.146278]]}}, {"type": "Feature", "properties": {"layer": "highway", "name": "", "osm": "way/761915093", "distance_m": 1572.6}, "geometry": {"type": "LineString", "coordinates": [[72.8049285, 21.1458041], [72.8048957, 21.145895500000005]]}}, {"type": "Feature", "properties": {"layer": "highway", "name": "", "osm": "way/761915094", "distance_m": 1941.7}, "geometry": {"type": "LineString", "coordinates": [[72.8012116, 21.144732099999995], [72.801183, 21.144819299999998]]}}, {"type": "Feature", "properties": {"layer": "highway", "name": "", "osm": "way/761915095", "distance_m": 1938.3}, "geometry": {"type": "LineString", "coordinates": [[72.8010518, 21.145026], [72.8010847, 21.144944700000003]]}}, {"type": "Feature", "properties": {"layer": "highway", "name": "", "osm": "way/761915096", "distance_m": 1828.6}, "geometry": {"type": "LineString", "coordinates": [[72.8021439, 21.1453281], [72.8021709, 21.1452419]]}}, {"type": "Feature", "properties": {"layer": "highway", "name": "", "osm": "way/761915099", "distance_m": 1618.4}, "geometry": {"type": "LineString", "coordinates": [[72.8042712, 21.145916599999996], [72.804297, 21.145856099999996]]}}, {"type": "Feature", "properties": {"layer": "highway", "name": "", "osm": "way/761915101", "distance_m": 1596.0}, "geometry": {"type": "LineString", "coordinates": [[72.8044939, 21.1459878], [72.8045203, 21.145929]]}}, {"type": "Feature", "properties": {"layer": "highway", "name": "", "osm": "way/761915110", "distance_m": 1230.8}, "geometry": {"type": "LineString", "coordinates": [[72.8084607, 21.147018100000007], [72.8084803, 21.146914400000004]]}}, {"type": "Feature", "properties": {"layer": "highway", "name": "", "osm": "way/761915113", "distance_m": 1373.3}, "geometry": {"type": "LineString", "coordinates": [[72.8070784, 21.146361600000002], [72.8070578, 21.1464423]]}}, {"type": "Feature", "properties": {"layer": "highway", "name": "Patidar Flyover", "osm": "way/941242399", "distance_m": 1583.9}, "geometry": {"type": "LineString", "coordinates": [[72.8302501, 21.150523900000003], [72.8303923, 21.150511000000005]]}}, {"type": "Feature", "properties": {"layer": "highway", "name": "Patidar Flyover", "osm": "way/941242400", "distance_m": 1598.2}, "geometry": {"type": "LineString", "coordinates": [[72.8303923, 21.150511000000005], [72.8327636, 21.150805800000004], [72.8328539, 21.150813400000004], [72.8344204, 21.150954799999997], [72.8344945, 21.150961299999995], [72.8362706, 21.1511233]]}}, {"type": "Feature", "properties": {"layer": "highway", "name": "Patidar Flyover", "osm": "way/941242401", "distance_m": 2158.8}, "geometry": {"type": "LineString", "coordinates": [[72.8362706, 21.1511233], [72.83639589999999, 21.151137300000006], [72.836419, 21.151142999999994], [72.8365199, 21.1511901]]}}, {"type": "Feature", "properties": {"layer": "highway", "name": "Patidar Flyover", "osm": "way/941242402", "distance_m": 2160.0}, "geometry": {"type": "LineString", "coordinates": [[72.8364732, 21.1510431], [72.8362609, 21.151045100000008]]}}, {"type": "Feature", "properties": {"layer": "highway", "name": "Patidar Flyover", "osm": "way/941242403", "distance_m": 1600.7}, "geometry": {"type": "LineString", "coordinates": [[72.8362609, 21.151045100000008], [72.83399530000001, 21.150841400000004], [72.8322697, 21.1506738], [72.8322126, 21.150666799999996], [72.8303784, 21.150419]]}}, {"type": "Feature", "properties": {"layer": "highway", "name": "Patidar Flyover", "osm": "way/941242404", "distance_m": 1588.2}, "geometry": {"type": "LineString", "coordinates": [[72.8303784, 21.150419], [72.83022700000001, 21.150369899999998]]}}, {"type": "Feature", "properties": {"layer": "highway", "name": "Bamroli-Althan Expressway", "osm": "way/1315308191", "distance_m": 1331.2}, "geometry": {"type": "LineString", "coordinates": [[72.827372, 21.150148700000003], [72.8277099, 21.150141299999998], [72.8280381, 21.150191399999997], [72.8284499, 21.1502542], [72.82887350000001, 21.150318799999997], [72.8293856, 21.150396900000004], [72.8298579, 21.1504689], [72.83018929999999, 21.1505154], [72.8302501, 21.150523900000003]]}}, {"type": "Feature", "properties": {"layer": "highway", "name": "", "osm": "way/1315308192", "distance_m": 1352.3}, "geometry": {"type": "LineString", "coordinates": [[72.83022700000001, 21.150369899999998], [72.8301656, 21.1503623], [72.82988800000001, 21.150328200000004], [72.82982869999998, 21.150320300000004], [72.829355, 21.150257499999995], [72.8287314, 21.150137200000003], [72.828682, 21.1501259], [72.8284033, 21.150062199999997], [72.8276734, 21.149940400000002], [72.82744240000001, 21.1498766]]}}, {"type": "Feature", "properties": {"layer": "highway", "name": "Bamroli-Althan Expressway", "osm": "way/1315308193", "distance_m": 1588.2}, "geometry": {"type": "LineString", "coordinates": [[72.8364732, 21.1510431], [72.8362531, 21.150998900000005], [72.836216, 21.1509938], [72.83588110000001, 21.1509627], [72.8351726, 21.150897], [72.83450680000001, 21.150835200000007], [72.833945, 21.150783100000005], [72.833598, 21.1507548], [72.8334714, 21.150739000000005], [72.8333262, 21.150734900000007], [72.8331152, 21.150728900000004], [72.8326244, 21.150665500000002], [72.8325936, 21.1506615], [72.83216640000002, 21.1506022], [72.8318656, 21.1505604], [72.8318047, 21.150551300000004], [72.8314891, 21.1505044], [72.8309529, 21.1504246], [72.83051710000001, 21.1503707], [72.830472, 21.150370600000006], [72.83022700000001, 21.150369899999998]]}}, {"type": "Feature", "properties": {"layer": "highway", "name": "Bamroli-Althan Expressway", "osm": "way/1315308194", "distance_m": 1583.9}, "geometry": {"type": "LineString", "coordinates": [[72.8302501, 21.150523900000003], [72.8305256, 21.150595900000006], [72.8314646, 21.15073350000001], [72.83177610000001, 21.150773799999996], [72.8330962, 21.1509382], [72.83329679999999, 21.150952600000004], [72.8334338, 21.1509647], [72.8336223, 21.1509774], [72.8353895, 21.151137300000006], [72.83547750000001, 21.1511419], [72.8361958, 21.151179700000004], [72.8362656, 21.151183399999997], [72.8365199, 21.1511901]]}}, {"type": "Feature", "properties": {"layer": "highway", "name": "Majura Gate Flyover", "osm": "way/1315855904", "distance_m": 2283.1}, "geometry": {"type": "LineString", "coordinates": [[72.8189301, 21.177107299999996], [72.8189708, 21.177201200000006]]}}, {"type": "Feature", "properties": {"layer": "highway", "name": "", "osm": "way/1454382626", "distance_m": 1497.4}, "geometry": {"type": "LineString", "coordinates": [[72.805395, 21.146278], [72.8054337, 21.14628859999999], [72.805474, 21.1462866], [72.8055112, 21.146272200000002], [72.8055411, 21.146247000000002], [72.8055597, 21.146216], [72.8055666, 21.146183900000004], [72.8055633, 21.1461513], [72.8055534, 21.146127000000007], [72.8055378, 21.146105400000003], [72.8055316, 21.1461001], [72.80551719999998, 21.146087799999997]]}}, {"type": "Feature", "properties": {"layer": "highway", "name": "", "osm": "way/1454382627", "distance_m": 1511.6}, "geometry": {"type": "LineString", "coordinates": [[72.80551719999998, 21.146087799999997], [72.8054805, 21.14607120000001], [72.8054399, 21.146067100000003], [72.8054002, 21.146075899999992]]}}, {"type": "Feature", "properties": {"layer": "highway", "name": "", "osm": "way/1454382628", "distance_m": 1206.4}, "geometry": {"type": "LineString", "coordinates": [[72.8077949, 21.1467519], [72.8084803, 21.146914400000004], [72.8085142, 21.146922099999998], [72.8086977, 21.146961900000004], [72.8087298, 21.146964600000004], [72.8089233, 21.146964800000006]]}}, {"type": "Feature", "properties": {"layer": "highway", "name": "", "osm": "way/1454382629", "distance_m": 1212.6}, "geometry": {"type": "LineString", "coordinates": [[72.8089552, 21.14687320000001], [72.8087724, 21.146822500000003], [72.80853230000001, 21.146768999999995], [72.8078245, 21.146603]]}}, {"type": "Feature", "properties": {"layer": "highway", "name": "", "osm": "way/1458668872", "distance_m": 812.8}, "geometry": {"type": "LineString", "coordinates": [[72.81904090000002, 21.1490487], [72.81904710000002, 21.148989200000006]]}}, {"type": "Feature", "properties": {"layer": "park", "name": "Swami Vivekananda Park", "osm": "way/470295438", "distance_m": 1421.2}, "geometry": {"type": "Polygon", "coordinates": [[[72.811813, 21.169021], [72.8117317, 21.1696147], [72.8129921, 21.1699261], [72.8130313, 21.169184400000002], [72.811813, 21.169021]]]}}, {"type": "Feature", "properties": {"layer": "park", "name": "Shivaji Park", "osm": "way/470296064", "distance_m": 1708.0}, "geometry": {"type": "Polygon", "coordinates": [[[72.8114142, 21.172193999999998], [72.8119651, 21.172218600000004], [72.8120466, 21.171627500000003], [72.8114726, 21.171669100000003], [72.8114142, 21.172193999999998]]]}}, {"type": "Feature", "properties": {"layer": "park", "name": "SMC Garden", "osm": "way/1001169978", "distance_m": 2194.3}, "geometry": {"type": "Polygon", "coordinates": [[[72.7948349, 21.163185200000004], [72.795028, 21.16205460000001], [72.7944379, 21.1619196], [72.79421529999999, 21.1630802], [72.7948349, 21.163185200000004]]]}}, {"type": "Feature", "properties": {"layer": "park", "name": "Mohan Park Society", "osm": "way/1174491418", "distance_m": 1610.0}, "geometry": {"type": "Polygon", "coordinates": [[[72.7996008, 21.1575571], [72.7998, 21.1564169], [72.7996526, 21.156394500000008], [72.7996319, 21.156391400000008], [72.7996747, 21.156146200000006], [72.7997241, 21.1558631], [72.7988086, 21.1557241], [72.7986784, 21.1564699], [72.7985173, 21.1573924], [72.7996008, 21.1575571]]]}}, {"type": "Feature", "properties": {"layer": "park", "name": "Shahityakarshree manubhai pancholi darshak garden", "osm": "way/1174491600", "distance_m": 1561.6}, "geometry": {"type": "Polygon", "coordinates": [[[72.7996526, 21.156394500000008], [72.8001949, 21.156449100000003], [72.8002759, 21.155955700000003], [72.7997467, 21.155875100000003], [72.7996526, 21.156394500000008]]]}}, {"type": "Feature", "properties": {"layer": "park", "name": "Siddharaj Jaysinh Solanki Garden", "osm": "way/1456844232", "distance_m": 1384.9}, "geometry": {"type": "Polygon", "coordinates": [[[72.80438080000002, 21.148722000000003], [72.8047676, 21.1482918], [72.80514579999999, 21.148231699999997], [72.8052833, 21.14803330000001], [72.8052231, 21.147750699999992], [72.8050104, 21.1475984], [72.8045355, 21.147396], [72.8039984, 21.146921100000004], [72.8034419, 21.1466986], [72.80286979999998, 21.1465002], [72.80283660000002, 21.148038300000003], [72.80438080000002, 21.148722000000003]]]}}, {"type": "Feature", "properties": {"layer": "park", "name": "Greenlife Garden", "osm": "way/1544821519", "distance_m": 2278.4}, "geometry": {"type": "Polygon", "coordinates": [[[72.797814, 21.143974599999996], [72.7979656, 21.143356599999997], [72.7975749, 21.143303599999996], [72.7974542, 21.143932000000003], [72.797814, 21.143974599999996]]]}}, {"type": "Feature", "properties": {"layer": "residential", "name": "", "osm": "way/554544402", "distance_m": 1838.2}, "geometry": {"type": "Polygon", "coordinates": [[[72.8161289, 21.1388272], [72.8163895, 21.139143100000002], [72.8167021, 21.1390581], [72.8177833, 21.1383533], [72.8179788, 21.137733700000002], [72.8188516, 21.137867299999996], [72.8193205, 21.137332700000005], [72.8192163, 21.136105500000003], [72.8174707, 21.136263500000002], [72.8173274, 21.135680199999996], [72.8168975, 21.13547369999999], [72.8169496, 21.1349634], [72.81625920000002, 21.134282899999995], [72.815699, 21.1343801], [72.8155167, 21.134853999999994], [72.8144094, 21.134854], [72.8137059, 21.1353279], [72.8131458, 21.136312100000005], [72.813237, 21.137028900000004], [72.8153603, 21.1373206], [72.8163634, 21.1371505], [72.8161289, 21.1388272]]]}}, {"type": "Feature", "properties": {"layer": "residential", "name": "Heavenly Heights", "osm": "way/1097974455", "distance_m": 1023.3}, "geometry": {"type": "Polygon", "coordinates": [[[72.8105063, 21.165068699999996], [72.8105679, 21.1645803], [72.8090951, 21.164301599999998], [72.8090058, 21.164853199999996], [72.8105063, 21.165068699999996]]]}}, {"type": "Feature", "properties": {"layer": "residential", "name": "", "osm": "way/1314223210", "distance_m": 450.3}, "geometry": {"type": "Polygon", "coordinates": [[[72.810524, 21.156977900000005], [72.8103206, 21.1569851], [72.81034679999999, 21.157388799999996], [72.8104577, 21.157617200000004], [72.8104716, 21.1577939], [72.810544, 21.157829800000002], [72.81054859999999, 21.158010900000008], [72.810524, 21.158166000000005], [72.81047009999999, 21.158306800000005], [72.8102282, 21.158315400000003], [72.8101465, 21.1583557], [72.8101527, 21.158480699999995], [72.8102698, 21.1584778], [72.81030189999998, 21.158869600000003], [72.8103222, 21.159159599999995], [72.8103629, 21.159258200000004], [72.81035369999998, 21.1594459], [72.8103824, 21.159532700000007], [72.8104129, 21.159578100000004], [72.81053899999999, 21.159568700000005], [72.810478, 21.1588483], [72.81060399999998, 21.1588331], [72.8106182, 21.1584199], [72.8105593, 21.1584199], [72.8105552, 21.158289099999998], [72.81059180000001, 21.1582417], [72.8106101, 21.1580768], [72.81064469999998, 21.157828400000007], [72.81068529999999, 21.157582], [72.81093329999999, 21.157583900000006], [72.81097600000001, 21.156753499999994], [72.81072600000002, 21.156698600000002], [72.810543, 21.1567024], [72.810524, 21.156977900000005]]]}}, {"type": "Feature", "properties": {"layer": "residential", "name": "", "osm": "way/1318601390", "distance_m": 2160.2}, "geometry": {"type": "Polygon", "coordinates": [[[72.8290452, 21.175299100000004], [72.8292131, 21.174863800000004], [72.8286831, 21.1745909], [72.82868, 21.174346699999997], [72.82796520000001, 21.173740499999997], [72.8274045, 21.1732779], [72.8271334, 21.17320889999999], [72.82693, 21.173292300000004], [72.8266342, 21.1747633], [72.8288772, 21.1757343], [72.82888572505114, 21.175737964910994], [72.82931792045946, 21.175469764132906], [72.8290452, 21.175299100000004]]]}}, {"type": "Feature", "properties": {"layer": "residential", "name": "", "osm": "way/1319872841", "distance_m": 1777.6}, "geometry": {"type": "Polygon", "coordinates": [[[72.8195135, 21.175387400000005], [72.8191475, 21.1764865], [72.8191263, 21.176615199999997], [72.8191475, 21.1769221], [72.8191157, 21.177595400000012], [72.8188892, 21.178954999999995], [72.8188682327899, 21.1790722191351], [72.8192881445678, 21.179038630719916], [72.82165045720554, 21.17862408935341], [72.82395691299136, 21.177990669059042], [72.82529889454358, 21.177481025304523], [72.8255287, 21.1768693], [72.82601, 21.1756351], [72.8261905, 21.175040999999993], [72.8201076, 21.1722611], [72.8195135, 21.175387400000005]]]}}, {"type": "Feature", "properties": {"layer": "residential", "name": "", "osm": "way/1320048546", "distance_m": 2311.3}, "geometry": {"type": "Polygon", "coordinates": [[[72.8259734, 21.176301200000005], [72.82558050345615, 21.17737407701142], [72.82618451684566, 21.177144685147283], [72.82831106086516, 21.17609457210147], [72.82845600964639, 21.1760046246509], [72.8264348, 21.1751269], [72.8259734, 21.176301200000005]]]}}, {"type": "Feature", "properties": {"layer": "residential", "name": "", "osm": "way/1320359691", "distance_m": 2192.4}, "geometry": {"type": "Polygon", "coordinates": [[[72.8361512, 21.1647176], [72.8360634, 21.164724800000002], [72.8359895, 21.1647061], [72.8359571, 21.164664500000008], [72.8354241, 21.164708999999995], [72.8352205, 21.165550200000002], [72.834872, 21.1663864], [72.83455890000002, 21.167042300000006], [72.83426, 21.168178800000003], [72.83334799999999, 21.168011199999995], [72.8333534, 21.1683989], [72.8334848, 21.1687366], [72.8338576, 21.169319399999996], [72.83405340000002, 21.169529500000003], [72.8341607, 21.169689600000005], [72.83448530000001, 21.170362400000002], [72.83465525780198, 21.170945046082608], [72.83540214294071, 21.170090414329206], [72.83620588843496, 21.168956553428114], [72.8362386, 21.1688046], [72.83630245904291, 21.168820317784082], [72.83673270969066, 21.168213343932823], [72.8378570879891, 21.166221181518868], [72.83835023132053, 21.165086242922612], [72.83716990000002, 21.164847500000004], [72.83701129999999, 21.164832299999997], [72.8361926, 21.164668800000005], [72.8361512, 21.1647176]]]}}, {"type": "Feature", "properties": {"layer": "residential", "name": "", "osm": "way/1487593951", "distance_m": 2487.8}, "geometry": {"type": "Polygon", "coordinates": [[[72.8022492, 21.137217699999997], [72.80225156909903, 21.137116094019525], [72.80209768370945, 21.13721506964836], [72.8022492, 21.137217699999997]]]}}, {"type": "Feature", "properties": {"layer": "stream_canal", "name": "", "osm": "way/34136604", "distance_m": 2306.8}, "geometry": {"type": "LineString", "coordinates": [[72.82860574044378, 21.17591170949169], [72.8281851, 21.1757318], [72.8270801, 21.175250700000003], [72.8265847, 21.1750062]]}}, {"type": "Feature", "properties": {"layer": "stream_canal", "name": "", "osm": "way/34136605", "distance_m": 1755.4}, "geometry": {"type": "LineString", "coordinates": [[72.8261401, 21.174818399999996], [72.8200922, 21.1720586]]}}, {"type": "Feature", "properties": {"layer": "stream_canal", "name": "", "osm": "way/34136606", "distance_m": 1732.0}, "geometry": {"type": "LineString", "coordinates": [[72.8200922, 21.1720586], [72.8197511, 21.171916800000005]]}}, {"type": "Feature", "properties": {"layer": "stream_canal", "name": "", "osm": "way/34136607", "distance_m": 1594.9}, "geometry": {"type": "LineString", "coordinates": [[72.8197511, 21.171916800000005], [72.8194321, 21.171780700000003], [72.8191913, 21.171691399999997], [72.8189735, 21.171620899999997], [72.8167439, 21.171054699999996]]}}, {"type": "Feature", "properties": {"layer": "stream_canal", "name": "", "osm": "way/34136608", "distance_m": 1563.9}, "geometry": {"type": "LineString", "coordinates": [[72.8167439, 21.171054699999996], [72.81562990000002, 21.170783599999996]]}}, {"type": "Feature", "properties": {"layer": "stream_canal", "name": "", "osm": "way/34136609", "distance_m": 1531.7}, "geometry": {"type": "LineString", "coordinates": [[72.81562990000002, 21.170783599999996], [72.8141661, 21.170385699999997]]}}, {"type": "Feature", "properties": {"layer": "stream_canal", "name": "", "osm": "way/34136610", "distance_m": 1527.6}, "geometry": {"type": "LineString", "coordinates": [[72.8141661, 21.170385699999997], [72.8139039, 21.170314099999995]]}}, {"type": "Feature", "properties": {"layer": "stream_canal", "name": "", "osm": "way/34136611", "distance_m": 1515.2}, "geometry": {"type": "LineString", "coordinates": [[72.8139039, 21.170314099999995], [72.8129505, 21.170041200000004], [72.811725, 21.1697635]]}}, {"type": "Feature", "properties": {"layer": "stream_canal", "name": "", "osm": "way/34136612", "distance_m": 1517.2}, "geometry": {"type": "LineString", "coordinates": [[72.811725, 21.1697635], [72.8114665, 21.1696973]]}}, {"type": "Feature", "properties": {"layer": "stream_canal", "name": "", "osm": "way/34136613", "distance_m": 1517.2}, "geometry": {"type": "LineString", "coordinates": [[72.8114665, 21.1696973], [72.8086842, 21.1689858], [72.8071344, 21.168278299999997]]}}, {"type": "Feature", "properties": {"layer": "stream_canal", "name": "", "osm": "way/34136615", "distance_m": 1981.5}, "geometry": {"type": "LineString", "coordinates": [[72.7969473, 21.1613601], [72.7967871, 21.1611326]]}}, {"type": "Feature", "properties": {"layer": "stream_canal", "name": "", "osm": "way/34136616", "distance_m": 1990.8}, "geometry": {"type": "LineString", "coordinates": [[72.7967871, 21.1611326], [72.7960761, 21.1601179]]}}, {"type": "Feature", "properties": {"layer": "stream_canal", "name": "", "osm": "way/34136617", "distance_m": 2037.0}, "geometry": {"type": "LineString", "coordinates": [[72.7960761, 21.1601179], [72.7956217, 21.1593924]]}}, {"type": "Feature", "properties": {"layer": "stream_canal", "name": "", "osm": "way/34137539", "distance_m": 1558.0}, "geometry": {"type": "LineString", "coordinates": [[72.8071344, 21.168278299999997], [72.8069099, 21.16815310000001], [72.8067897, 21.1681232]]}}, {"type": "Feature", "properties": {"layer": "stream_canal", "name": "", "osm": "way/34137540", "distance_m": 1563.6}, "geometry": {"type": "LineString", "coordinates": [[72.8067897, 21.1681232], [72.8028959, 21.16633849999999]]}}, {"type": "Feature", "properties": {"layer": "stream_canal", "name": "", "osm": "way/34206549", "distance_m": 1510.0}, "geometry": {"type": "LineString", "coordinates": [[72.83709663515806, 21.144840063937178], [72.8366873, 21.145058199999998], [72.8365088, 21.1451314], [72.83623040000002, 21.145004900000007], [72.8358163, 21.144112699999997], [72.83558079999999, 21.1438863], [72.8352666, 21.1439995], [72.8349668, 21.1441326], [72.8346884, 21.1441326], [72.83419580000002, 21.144052699999996], [72.8336246, 21.144059400000007], [72.8330321, 21.144146000000003], [72.8325038, 21.144359000000005], [72.8318827, 21.144432299999995], [72.8307405, 21.1446653], [72.8302907, 21.1446387], [72.8297838, 21.144112699999994], [72.8291699, 21.143553400000002], [72.8288986, 21.1431072], [72.8288772, 21.142740999999997], [72.8290985, 21.142281600000004], [72.8293126, 21.14186210000001], [72.8292627, 21.141529200000004], [72.82897710000002, 21.141296099999998], [72.8285916, 21.1412495], [72.8281775, 21.141409299999996], [72.8278277, 21.1415891], [72.8273851, 21.142028599999996], [72.8268425, 21.1429874], [72.8263999, 21.143506699999996], [72.82605720000001, 21.1436599], [72.8251077, 21.1435267], [72.8230344, 21.1411976], [72.8226376, 21.142780999999996], [72.8216453, 21.142741], [72.8212098, 21.142561200000006], [72.8207886, 21.141875400000004], [72.8206785, 21.1411406], [72.8203215, 21.1401285], [72.8202144, 21.139416000000004], [72.8202287, 21.139016500000004], [72.8202073, 21.138623600000003], [72.8200859, 21.138350600000006], [72.8198289, 21.1381309], [72.8196576, 21.1380643], [72.8194006, 21.138044300000004], [72.8190936, 21.138031], [72.8187581, 21.1380643], [72.8184796, 21.1381841], [72.8182012, 21.138377200000004], [72.8180727, 21.138690200000003], [72.8180656, 21.139322799999995], [72.8174445, 21.141074], [72.8168377, 21.141746500000004], [72.816395, 21.142079399999997], [72.8156097, 21.142099400000003], [72.8147887, 21.141819699999996], [72.8147031, 21.141460199999997], [72.8143033, 21.141074], [72.8142961, 21.140880900000003], [72.8138821, 21.140481400000002], [72.8136965, 21.140534600000002], [72.8132396, 21.140354899999995], [72.8122544, 21.139675700000005], [72.8117047, 21.1390431], [72.811312, 21.138437200000002], [72.811312, 21.1379311], [72.8112121, 21.137225300000004], [72.8112745, 21.136642600000002], [72.8115422, 21.1358852], [72.8118992, 21.135802], [72.8120241, 21.135260900000006], [72.8123186, 21.1348614], [72.812738, 21.134445199999995], [72.8131218, 21.133945800000003], [72.8132199, 21.133671100000004], [72.81314533687583, 21.133323194645175]]}}, {"type": "Feature", "properties": {"layer": "stream_canal", "name": "", "osm": "way/311432981", "distance_m": 2266.8}, "geometry": {"type": "LineString", "coordinates": [[72.8265847, 21.1750062], [72.8261401, 21.174818399999996]]}}, {"type": "Feature", "properties": {"layer": "stream_canal", "name": "", "osm": "way/527057074", "distance_m": 2069.3}, "geometry": {"type": "LineString", "coordinates": [[72.7956217, 21.1593924], [72.7950336, 21.158533699999996], [72.79163630000001, 21.153503000000004], [72.79149506055244, 21.15329207508011]]}}, {"type": "Feature", "properties": {"layer": "stream_canal", "name": "", "osm": "way/941278094", "distance_m": 1709.4}, "geometry": {"type": "LineString", "coordinates": [[72.8024535, 21.166125500000003], [72.8009354, 21.165442000000002]]}}, {"type": "Feature", "properties": {"layer": "stream_canal", "name": "", "osm": "way/941278095", "distance_m": 1689.0}, "geometry": {"type": "LineString", "coordinates": [[72.8028959, 21.16633849999999], [72.8024535, 21.166125500000003]]}}, {"type": "Feature", "properties": {"layer": "stream_canal", "name": "", "osm": "way/941278096", "distance_m": 1792.1}, "geometry": {"type": "LineString", "coordinates": [[72.8009354, 21.165442000000002], [72.8007067, 21.165338999999996]]}}, {"type": "Feature", "properties": {"layer": "stream_canal", "name": "", "osm": "way/941278097", "distance_m": 1805.7}, "geometry": {"type": "LineString", "coordinates": [[72.8007067, 21.165338999999996], [72.80025800000001, 21.165136999999998], [72.7994698, 21.164692399999996], [72.7991853, 21.1644813], [72.7988081, 21.164129800000005], [72.79851900000001, 21.1637736]]}}, {"type": "Feature", "properties": {"layer": "stream_canal", "name": "", "osm": "way/1299016763", "distance_m": 1936.0}, "geometry": {"type": "LineString", "coordinates": [[72.79806650000002, 21.163135999999998], [72.7969473, 21.1613601]]}}, {"type": "Feature", "properties": {"layer": "stream_canal", "name": "", "osm": "way/1299016764", "distance_m": 1929.9}, "geometry": {"type": "LineString", "coordinates": [[72.7982924, 21.1634945], [72.79806650000002, 21.163135999999998]]}}, {"type": "Feature", "properties": {"layer": "stream_canal", "name": "", "osm": "way/1299016765", "distance_m": 1921.2}, "geometry": {"type": "LineString", "coordinates": [[72.79851900000001, 21.1637736], [72.7982924, 21.1634945]]}}, {"type": "Feature", "properties": {"layer": "nonresidential_zone"}, "geometry": {"type": "MultiPolygon", "coordinates": [[[[72.832453, 21.144272800000007], [72.83340040000002, 21.14399849999999], [72.8342563, 21.143972599999998], [72.8349136, 21.144043299999996], [72.8354982, 21.143798000000004], [72.8358109, 21.1438536], [72.83642010000001, 21.1449677], [72.83672270000001, 21.144910199999998], [72.83704203632898, 21.14475804595364], [72.83588703313681, 21.14302298265658], [72.83444626061275, 21.141268267424383], [72.83282920011699, 21.13965441234749], [72.83105141267121, 21.138196942244473], [72.82913000390229, 21.136909877131934], [72.8285908992372, 21.13661898966838], [72.82827041096283, 21.13641603496482], [72.82752449387806, 21.13603900387518], [72.8272031, 21.1370986], [72.8269136, 21.1394747], [72.828062, 21.139690500000007], [72.8281035, 21.1412437], [72.8284725, 21.1411615], [72.8289935, 21.141185800000006], [72.8293233, 21.141469599999997], [72.8294062, 21.141913599999995], [72.8289926, 21.1427932], [72.8290128, 21.1430912], [72.8292904, 21.143509200000004], [72.8303177, 21.14453530000001], [72.8306642, 21.1445577], [72.8317883, 21.1443493], [72.832453, 21.144272800000007]]], [[[72.8168487, 21.15976270000001], [72.8176695, 21.159886000000004], [72.8182121, 21.159721099999995], [72.8182224, 21.159680999999996], [72.8183649, 21.159700300000004], [72.8183872, 21.159785100000004], [72.8186654, 21.159818800000004], [72.8188732, 21.159107800000005], [72.8162975, 21.1588115], [72.81597791694212, 21.160142521769405], [72.81567, 21.160119799999997], [72.8155806, 21.161124499999996], [72.8156334, 21.161238299999994], [72.8159424, 21.161226900000003], [72.8159871, 21.161382300000003], [72.8164628, 21.161443000000002], [72.8165430259025, 21.160200929494792], [72.8165516, 21.160201500000003], [72.8168487, 21.15976270000001]]]]}}, {"type": "Feature", "properties": {"layer": "building", "distance_m": 499.9, "source": "Microsoft ML Buildings", "in_industrial_zone": false, "ghsl_2018": 1}, "geometry": {"type": "Polygon", "coordinates": [[[72.81132909999998, 21.153407500000004], [72.8113302, 21.153421200000004], [72.8113649, 21.15341859999999], [72.8113994, 21.15383140000001], [72.8113568, 21.15383450000001], [72.81135319999999, 21.153792199999998], [72.8112908, 21.1537968], [72.8112491, 21.1532995], [72.81148489999998, 21.153282300000004], [72.81149809999998, 21.153440200000002], [72.81138499999999, 21.153448500000003], [72.8113812, 21.153403700000005], [72.81132909999998, 21.153407500000004]]]}}, {"type": "Feature", "properties": {"layer": "building", "distance_m": 495.5, "source": "Microsoft ML Buildings", "in_industrial_zone": false, "ghsl_2018": 1}, "geometry": {"type": "Polygon", "coordinates": [[[72.8114685, 21.153697400000002], [72.8115342, 21.153368700000005], [72.81166379999999, 21.1533912], [72.81164400000002, 21.153490300000005], [72.8115947, 21.153481700000007], [72.8115488, 21.1537114], [72.8114685, 21.153697400000002]]]}}, {"type": "Feature", "properties": {"layer": "building", "distance_m": 477.5, "source": "Microsoft ML Buildings", "in_industrial_zone": false, "ghsl_2018": 1}, "geometry": {"type": "Polygon", "coordinates": [[[72.81096609999999, 21.154423200000004], [72.8109608, 21.15442300000001], [72.8109648, 21.1543019], [72.81117380000002, 21.154307900000006], [72.8111644, 21.154592799999996], [72.81098749999998, 21.154587699999997], [72.8109903, 21.1545027], [72.8109635, 21.154502], [72.81096609999999, 21.154423200000004]]]}}, {"type": "Feature", "properties": {"layer": "building", "distance_m": 495.4, "source": "Microsoft ML Buildings", "in_industrial_zone": false, "ghsl_2018": 1}, "geometry": {"type": "Polygon", "coordinates": [[[72.81113820000002, 21.154195400000003], [72.8111414, 21.154284199999996], [72.81093929999999, 21.154290399999997], [72.8109362, 21.1542017], [72.81113820000002, 21.154195400000003]]]}}, {"type": "Feature", "properties": {"layer": "building", "distance_m": 455.2, "source": "Google Open Buildings", "in_industrial_zone": false, "ghsl_2018": 1}, "geometry": {"type": "Polygon", "coordinates": [[[72.81119840000001, 21.1549691], [72.81120139999999, 21.155020399999998], [72.811127, 21.1550241], [72.8111241, 21.1549728], [72.81119840000001, 21.1549691]]]}}, {"type": "Feature", "properties": {"layer": "building", "distance_m": 495.8, "source": "Microsoft ML Buildings", "in_industrial_zone": false, "ghsl_2018": 1}, "geometry": {"type": "Polygon", "coordinates": [[[72.8109707, 21.154590600000002], [72.8109295, 21.154588300000007], [72.81093409999998, 21.1545185], [72.81097520000002, 21.154520800000004], [72.8109707, 21.154590600000002]]]}}, {"type": "Feature", "properties": {"layer": "building", "distance_m": 462.5, "source": "Google Open Buildings", "in_industrial_zone": false, "ghsl_2018": 1}, "geometry": {"type": "Polygon", "coordinates": [[[72.81101219999998, 21.15497319999999], [72.8111281, 21.154980800000004], [72.81112449999999, 21.155026699999997], [72.8110089, 21.1550187], [72.81101219999998, 21.15497319999999]]]}}, {"type": "Feature", "properties": {"layer": "building", "distance_m": 460.8, "source": "Google Open Buildings", "in_industrial_zone": false, "ghsl_2018": 1}, "geometry": {"type": "Polygon", "coordinates": [[[72.8110117, 21.155029499999998], [72.8111247, 21.155024600000004], [72.81112670000002, 21.1550644], [72.8110136, 21.155069299999997], [72.8110117, 21.155029499999998]]]}}, {"type": "Feature", "properties": {"layer": "building", "distance_m": 482.5, "source": "Google Open Buildings", "in_industrial_zone": false, "ghsl_2018": 1}, "geometry": {"type": "Polygon", "coordinates": [[[72.81088060000002, 21.1550811], [72.8108848, 21.155121300000005], [72.8107795, 21.155131000000008], [72.8107753, 21.155090800000004], [72.81088060000002, 21.1550811]]]}}, {"type": "Feature", "properties": {"layer": "building", "distance_m": 484.3, "source": "Google Open Buildings", "in_industrial_zone": false, "ghsl_2018": 1}, "geometry": {"type": "Polygon", "coordinates": [[[72.8108751, 21.15501370000001], [72.81088070000001, 21.155083200000007], [72.810721, 21.155094600000005], [72.8107143, 21.1550132], [72.8108429, 21.155004], [72.81084390000001, 21.155015900000002], [72.8108751, 21.15501370000001]]]}}, {"type": "Feature", "properties": {"layer": "building", "distance_m": 499.4, "source": "Google Open Buildings", "in_industrial_zone": false, "ghsl_2018": 1}, "geometry": {"type": "Polygon", "coordinates": [[[72.8107139, 21.155014299999998], [72.8107224, 21.155095699999997], [72.8106494, 21.1551024], [72.8106409, 21.1550211], [72.8107139, 21.155014299999998]]]}}, {"type": "Feature", "properties": {"layer": "building", "distance_m": 472.5, "source": "Google Open Buildings", "in_industrial_zone": false, "ghsl_2018": 1}, "geometry": {"type": "Polygon", "coordinates": [[[72.810769, 21.1559654], [72.810776, 21.1560328], [72.8106281, 21.156046500000006], [72.8106211, 21.155978999999995], [72.810769, 21.1559654]]]}}, {"type": "Feature", "properties": {"layer": "building", "distance_m": 471.6, "source": "Google Open Buildings", "in_industrial_zone": false, "ghsl_2018": 1}, "geometry": {"type": "Polygon", "coordinates": [[[72.8105995, 21.156207800000004], [72.8107686, 21.156221600000002], [72.81076520000002, 21.156258099999995], [72.81059640000001, 21.1562458], [72.8105995, 21.156207800000004]]]}}, {"type": "Feature", "properties": {"layer": "building", "distance_m": 461.5, "source": "Google Open Buildings", "in_industrial_zone": false, "ghsl_2018": 1}, "geometry": {"type": "Polygon", "coordinates": [[[72.81065010000002, 21.156092900000004], [72.8106469, 21.1560536], [72.8108746, 21.1560373], [72.8108778, 21.1560766], [72.81065010000002, 21.156092900000004]]]}}, {"type": "Feature", "properties": {"layer": "building", "distance_m": 466.0, "source": "Google Open Buildings", "in_industrial_zone": false, "ghsl_2018": 1}, "geometry": {"type": "Polygon", "coordinates": [[[72.8107521, 21.156079499999997], [72.8108322, 21.15608360000001], [72.8108296, 21.1561284], [72.8107495, 21.156124300000002], [72.8107521, 21.156079499999997]]]}}, {"type": "Feature", "properties": {"layer": "building", "distance_m": 465.8, "source": "Google Open Buildings", "in_industrial_zone": false, "ghsl_2018": 1}, "geometry": {"type": "Polygon", "coordinates": [[[72.8108269, 21.1561853], [72.81082319999999, 21.156229099999997], [72.8106687, 21.156217699999996], [72.8106724, 21.156173900000002], [72.81074170000001, 21.156179000000005], [72.8107437, 21.156156300000003], [72.8107961, 21.156160200000002], [72.8107942, 21.156182900000005], [72.8108269, 21.1561853]]]}}, {"type": "Feature", "properties": {"layer": "building", "distance_m": 457.4, "source": "Google Open Buildings", "in_industrial_zone": false, "ghsl_2018": 1}, "geometry": {"type": "Polygon", "coordinates": [[[72.8107872, 21.155913999999996], [72.81093229999999, 21.1559266], [72.8109198, 21.156052799999998], [72.8107748, 21.156040200000003], [72.8107872, 21.155913999999996]]]}}, {"type": "Feature", "properties": {"layer": "building", "distance_m": 457.9, "source": "Microsoft ML Buildings", "in_industrial_zone": false, "ghsl_2018": 1}, "geometry": {"type": "Polygon", "coordinates": [[[72.810788, 21.1558724], [72.8107547, 21.155879199999998], [72.8106957, 21.155627200000005], [72.8108759, 21.155590499999995], [72.81094040000002, 21.155866400000004], [72.8107936, 21.1558963], [72.810788, 21.1558724]]]}}, {"type": "Feature", "properties": {"layer": "building", "distance_m": 468.8, "source": "Microsoft ML Buildings", "in_industrial_zone": false, "ghsl_2018": 1}, "geometry": {"type": "Polygon", "coordinates": [[[72.8108799, 21.1555906], [72.8106841, 21.1556076], [72.8106607, 21.155373200000003], [72.8107475, 21.1553656], [72.8107473, 21.1553645], [72.81081379999999, 21.1553587], [72.81080920000001, 21.155312800000004], [72.81088739999998, 21.155305999999996], [72.8109072, 21.155504400000005], [72.81087160000001, 21.15550750000001], [72.8108799, 21.1555906]]]}}, {"type": "Feature", "properties": {"layer": "building", "distance_m": 494.4, "source": "Google Open Buildings", "in_industrial_zone": false, "ghsl_2018": 1}, "geometry": {"type": "Polygon", "coordinates": [[[72.81070320000002, 21.155230200000002], [72.8107079, 21.155301400000003], [72.8106568, 21.1553044], [72.81065199999999, 21.155233199999998], [72.81070320000002, 21.155230200000002]]]}}, {"type": "Feature", "properties": {"layer": "building", "distance_m": 495.2, "source": "Google Open Buildings", "in_industrial_zone": false, "ghsl_2018": 1}, "geometry": {"type": "Polygon", "coordinates": [[[72.81065819999999, 21.155186999999998], [72.81071890000001, 21.155181400000004], [72.81072339999999, 21.155224100000005], [72.8106627, 21.1552297], [72.81065819999999, 21.155186999999998]]]}}, {"type": "Feature", "properties": {"layer": "building", "distance_m": 492.6, "source": "Google Open Buildings", "in_industrial_zone": false, "ghsl_2018": 1}, "geometry": {"type": "Polygon", "coordinates": [[[72.8107753, 21.155090800000004], [72.8107795, 21.155131000000008], [72.81075529999998, 21.155133199999998], [72.8107599, 21.15517759999999], [72.81065819999999, 21.155186999999998], [72.8106494, 21.1551024], [72.8107753, 21.155090800000004]]]}}, {"type": "Feature", "properties": {"layer": "building", "distance_m": 488.1, "source": "Google Open Buildings", "in_industrial_zone": false, "ghsl_2018": 1}, "geometry": {"type": "Polygon", "coordinates": [[[72.8107363, 21.155197999999995], [72.8107902, 21.155185899999996], [72.8107976, 21.1552156], [72.8107438, 21.1552276], [72.8107363, 21.155197999999995]]]}}, {"type": "Feature", "properties": {"layer": "building", "distance_m": 475.4, "source": "Google Open Buildings", "in_industrial_zone": false, "ghsl_2018": 1}, "geometry": {"type": "Polygon", "coordinates": [[[72.8108957, 21.1552162], [72.8109011, 21.155290700000002], [72.8107271, 21.155301799999993], [72.8107217, 21.155227300000004], [72.8108957, 21.1552162]]]}}, {"type": "Feature", "properties": {"layer": "building", "distance_m": 478.7, "source": "Google Open Buildings", "in_industrial_zone": false, "ghsl_2018": 1}, "geometry": {"type": "Polygon", "coordinates": [[[72.8108848, 21.155121300000005], [72.8108939, 21.155208400000003], [72.8107887, 21.155218099999995], [72.8107795, 21.155131000000008], [72.8108848, 21.155121300000005]]]}}, {"type": "Feature", "properties": {"layer": "building", "distance_m": 461.0, "source": "Google Open Buildings", "in_industrial_zone": false, "ghsl_2018": 1}, "geometry": {"type": "Polygon", "coordinates": [[[72.81108349999998, 21.155104700000003], [72.8110867, 21.1551681], [72.8109792, 21.155172799999995], [72.8109761, 21.1551094], [72.81108349999998, 21.155104700000003]]]}}, {"type": "Feature", "properties": {"layer": "building", "distance_m": 444.6, "source": "Google Open Buildings", "in_industrial_zone": false, "ghsl_2018": 1}, "geometry": {"type": "Polygon", "coordinates": [[[72.81120669999999, 21.1551628], [72.8112127, 21.155284399999996], [72.8111793, 21.15528580000001], [72.8111829, 21.1553578], [72.81099770000002, 21.155366], [72.81099619999999, 21.1553355], [72.8109881, 21.1551724], [72.81120669999999, 21.1551628]]]}}, {"type": "Feature", "properties": {"layer": "building", "distance_m": 450.4, "source": "Google Open Buildings", "in_industrial_zone": false, "ghsl_2018": 1}, "geometry": {"type": "Polygon", "coordinates": [[[72.8111641, 21.1551179], [72.8111971, 21.1551192], [72.8111951, 21.155165100000005], [72.8111621, 21.155163500000004], [72.8111641, 21.1551179]]]}}, {"type": "Feature", "properties": {"layer": "building", "distance_m": 412.7, "source": "Microsoft ML Buildings", "in_industrial_zone": false, "ghsl_2018": 1}, "geometry": {"type": "Polygon", "coordinates": [[[72.8113432, 21.1551685], [72.811343, 21.155008400000007], [72.81147710000002, 21.1550082], [72.8114773, 21.1551483], [72.81152819999998, 21.155148199999996], [72.81152850000001, 21.1553033], [72.8113434, 21.1553035], [72.8113432, 21.1551685]]]}}, {"type": "Feature", "properties": {"layer": "building", "distance_m": 401.1, "source": "Microsoft ML Buildings", "in_industrial_zone": false, "ghsl_2018": 1}, "geometry": {"type": "Polygon", "coordinates": [[[72.81157060000001, 21.1555372], [72.8114419, 21.1555344], [72.8114439, 21.155454400000004], [72.8115726, 21.155457200000004], [72.81157060000001, 21.1555372]]]}}, {"type": "Feature", "properties": {"layer": "building", "distance_m": 399.2, "source": "Microsoft ML Buildings", "in_industrial_zone": false, "ghsl_2018": 1}, "geometry": {"type": "Polygon", "coordinates": [[[72.8113428, 21.155721800000006], [72.81135809999999, 21.155457400000003], [72.8114384, 21.155461500000005], [72.8114332, 21.155551300000003], [72.8115722, 21.1555583], [72.81156929999999, 21.155609399999996], [72.8114596, 21.155603799999994], [72.81145249999999, 21.1557273], [72.8113428, 21.155721800000006]]]}}, {"type": "Feature", "properties": {"layer": "building", "distance_m": 400.2, "source": "Microsoft ML Buildings", "in_industrial_zone": false, "ghsl_2018": 1}, "geometry": {"type": "Polygon", "coordinates": [[[72.81148459999999, 21.155805], [72.81146990000002, 21.156090800000005], [72.8113388, 21.156084900000003], [72.8113535, 21.1557991], [72.81148459999999, 21.155805]]]}}, {"type": "Feature", "properties": {"layer": "building", "distance_m": 385.0, "source": "Microsoft ML Buildings", "in_industrial_zone": false, "ghsl_2018": 1}, "geometry": {"type": "Polygon", "coordinates": [[[72.81164520000002, 21.1558992], [72.81149779999998, 21.155894599999993], [72.8115003, 21.1558271], [72.81164759999999, 21.155831799999994], [72.81164520000002, 21.1558992]]]}}, {"type": "Feature", "properties": {"layer": "building", "distance_m": 385.2, "source": "Microsoft ML Buildings", "in_industrial_zone": false, "ghsl_2018": 1}, "geometry": {"type": "Polygon", "coordinates": [[[72.8116329, 21.155924], [72.8116309, 21.1559715], [72.811496, 21.155966600000006], [72.81149800000001, 21.15591920000001], [72.8116329, 21.155924]]]}}, {"type": "Feature", "properties": {"layer": "building", "distance_m": 386.4, "source": "Microsoft ML Buildings", "in_industrial_zone": false, "ghsl_2018": 1}, "geometry": {"type": "Polygon", "coordinates": [[[72.8114909, 21.155982399999996], [72.8116062, 21.1559855], [72.8116027, 21.1560968], [72.8114875, 21.156093600000002], [72.8114909, 21.155982399999996]]]}}, {"type": "Feature", "properties": {"layer": "building", "distance_m": 383.1, "source": "Microsoft ML Buildings", "in_industrial_zone": false, "ghsl_2018": 1}, "geometry": {"type": "Polygon", "coordinates": [[[72.8114672, 21.156363], [72.8114745, 21.156105600000007], [72.8116263, 21.156109299999997], [72.8116237, 21.1562031], [72.8116076, 21.1562027], [72.811603, 21.1563664], [72.8114672, 21.156363]]]}}, {"type": "Feature", "properties": {"layer": "building", "distance_m": 399.4, "source": "Microsoft ML Buildings", "in_industrial_zone": false, "ghsl_2018": 1}, "geometry": {"type": "Polygon", "coordinates": [[[72.8114557, 21.156245400000003], [72.81145780000001, 21.1563429], [72.8113157, 21.1563456], [72.8113136, 21.1562481], [72.8114557, 21.156245400000003]]]}}, {"type": "Feature", "properties": {"layer": "building", "distance_m": 399.0, "source": "Microsoft ML Buildings", "in_industrial_zone": false, "ghsl_2018": 1}, "geometry": {"type": "Polygon", "coordinates": [[[72.81132589999999, 21.156230900000004], [72.8113271, 21.156149500000005], [72.8114692, 21.156151399999995], [72.811468, 21.156232800000005], [72.81132589999999, 21.156230900000004]]]}}, {"type": "Feature", "properties": {"layer": "building", "distance_m": 452.4, "source": "Google Open Buildings", "in_industrial_zone": false, "ghsl_2018": 1}, "geometry": {"type": "Polygon", "coordinates": [[[72.8108588, 21.156709500000005], [72.8109524, 21.156714600000004], [72.81094950000002, 21.15676], [72.81085599999999, 21.156754800000005], [72.8108588, 21.156709500000005]]]}}, {"type": "Feature", "properties": {"layer": "building", "distance_m": 397.7, "source": "Google Open Buildings", "in_industrial_zone": false, "ghsl_2018": 1}, "geometry": {"type": "Polygon", "coordinates": [[[72.8114717, 21.156468100000005], [72.8114594, 21.156617299999994], [72.8112931, 21.156605300000003], [72.8113026, 21.15649], [72.8114269, 21.156498999999997], [72.81142970000002, 21.156465100000005], [72.8114717, 21.156468100000005]]]}}, {"type": "Feature", "properties": {"layer": "building", "distance_m": 403.4, "source": "Google Open Buildings", "in_industrial_zone": false, "ghsl_2018": 1}, "geometry": {"type": "Polygon", "coordinates": [[[72.8113455, 21.156463700000003], [72.8114167, 21.156468300000004], [72.8114141, 21.156504399999996], [72.8113428, 21.1564999], [72.8113455, 21.156463700000003]]]}}, {"type": "Feature", "properties": {"layer": "building", "distance_m": 383.7, "source": "Microsoft ML Buildings", "in_industrial_zone": false, "ghsl_2018": 1}, "geometry": {"type": "Polygon", "coordinates": [[[72.8114589, 21.1563745], [72.8116078, 21.156381099999997], [72.811605, 21.156435999999996], [72.8114561, 21.1564294], [72.8114589, 21.1563745]]]}}, {"type": "Feature", "properties": {"layer": "building", "distance_m": 383.1, "source": "Google Open Buildings", "in_industrial_zone": false, "ghsl_2018": 1}, "geometry": {"type": "Polygon", "coordinates": [[[72.8114838, 21.1565886], [72.8116145, 21.156592899999996], [72.8116116, 21.156671000000003], [72.8114809, 21.1566667], [72.8114838, 21.1565886]]]}}, {"type": "Feature", "properties": {"layer": "building", "distance_m": 386.3, "source": "Microsoft ML Buildings", "in_industrial_zone": false, "ghsl_2018": 1}, "geometry": {"type": "Polygon", "coordinates": [[[72.8114512, 21.156787300000005], [72.8114444, 21.156825], [72.8116035, 21.156850000000006], [72.81158150000002, 21.1569717], [72.81132069999998, 21.156930700000004], [72.8113326, 21.156865], [72.8112909, 21.156858400000008], [72.8113078, 21.156764800000005], [72.8114512, 21.156787300000005]]]}}, {"type": "Feature", "properties": {"layer": "building", "distance_m": 397.7, "source": "Google Open Buildings", "in_industrial_zone": false, "ghsl_2018": 1}, "geometry": {"type": "Polygon", "coordinates": [[[72.8113191, 21.156612600000003], [72.8114754, 21.1566226], [72.81146780000002, 21.156727100000005], [72.8113115, 21.156717199999996], [72.8113191, 21.156612600000003]]]}}, {"type": "Feature", "properties": {"layer": "building", "distance_m": 372.9, "source": "Microsoft ML Buildings", "in_industrial_zone": false, "ghsl_2018": 1}, "geometry": {"type": "Polygon", "coordinates": [[[72.811762, 21.157044900000002], [72.8117385, 21.1572729], [72.8112654, 21.157230300000002], [72.8113008, 21.156888300000002], [72.81131409999999, 21.156889500000002], [72.8113065, 21.156962600000004], [72.81158289999999, 21.1569875], [72.8115782, 21.157033300000002], [72.8116589, 21.157040600000002], [72.8116594, 21.157035600000004], [72.811762, 21.157044900000002]]]}}, {"type": "Feature", "properties": {"layer": "building", "distance_m": 434.4, "source": "Google Open Buildings", "in_industrial_zone": false, "ghsl_2018": 1}, "geometry": {"type": "Polygon", "coordinates": [[[72.8112028, 21.1574722], [72.81125699999998, 21.157477000000004], [72.81124989999999, 21.157547600000008], [72.81119569999998, 21.157542800000005], [72.8112028, 21.1574722]]]}}, {"type": "Feature", "properties": {"layer": "building", "distance_m": 469.8, "source": "Microsoft ML Buildings", "in_industrial_zone": false, "ghsl_2018": 1}, "geometry": {"type": "Polygon", "coordinates": [[[72.81078350000001, 21.1574864], [72.8107856, 21.1574328], [72.8108954, 21.1574365], [72.8108933, 21.157490100000004], [72.81078350000001, 21.1574864]]]}}, {"type": "Feature", "properties": {"layer": "building", "distance_m": 467.4, "source": "Microsoft ML Buildings", "in_industrial_zone": false, "ghsl_2018": 1}, "geometry": {"type": "Polygon", "coordinates": [[[72.8109376, 21.157571700000002], [72.81075809999999, 21.157577800000002], [72.8107568, 21.157544], [72.8106336, 21.157548199999997], [72.8106311, 21.157485800000003], [72.8107624, 21.157481300000004], [72.8107632, 21.1575026], [72.8109346, 21.157496700000006], [72.8109376, 21.157571700000002]]]}}, {"type": "Feature", "properties": {"layer": "building", "distance_m": 491.9, "source": "Google Open Buildings", "in_industrial_zone": false, "ghsl_2018": 1}, "geometry": {"type": "Polygon", "coordinates": [[[72.81066599999998, 21.157394099999998], [72.81067389999998, 21.15742360000001], [72.810643, 21.157430899999998], [72.81063509999998, 21.1574014], [72.81066599999998, 21.157394099999998]]]}}, {"type": "Feature", "properties": {"layer": "building", "distance_m": 487.7, "source": "Google Open Buildings", "in_industrial_zone": false, "ghsl_2018": 1}, "geometry": {"type": "Polygon", "coordinates": [[[72.81067240000002, 21.157249599999997], [72.81068449999998, 21.157281400000006], [72.8105925, 21.1573117], [72.8105812, 21.1572802], [72.81067240000002, 21.157249599999997]]]}}, {"type": "Feature", "properties": {"layer": "building", "distance_m": 486.5, "source": "Google Open Buildings", "in_industrial_zone": false, "ghsl_2018": 1}, "geometry": {"type": "Polygon", "coordinates": [[[72.8106904, 21.157251100000003], [72.8105975, 21.157278799999997], [72.8105828, 21.157235700000008], [72.8106757, 21.157207900000003], [72.8106904, 21.157251100000003]]]}}, {"type": "Feature", "properties": {"layer": "building", "distance_m": 465.7, "source": "Microsoft ML Buildings", "in_industrial_zone": false, "ghsl_2018": 1}, "geometry": {"type": "Polygon", "coordinates": [[[72.8108236, 21.156698199999997], [72.8108221, 21.156744500000002], [72.810723, 21.156741800000002], [72.8107244, 21.1566955], [72.8108236, 21.156698199999997]]]}}, {"type": "Feature", "properties": {"layer": "building", "distance_m": 469.0, "source": "Google Open Buildings", "in_industrial_zone": false, "ghsl_2018": 1}, "geometry": {"type": "Polygon", "coordinates": [[[72.8106228, 21.1562673], [72.8106463, 21.1562717], [72.81065019999998, 21.156253300000003], [72.8107613, 21.156274], [72.8107574, 21.1562924], [72.8107896, 21.156298399999997], [72.8107593, 21.1564414], [72.8105925, 21.156410200000003], [72.8106228, 21.1562673]]]}}, {"type": "Feature", "properties": {"layer": "building", "distance_m": 472.0, "source": "Google Open Buildings", "in_industrial_zone": false, "ghsl_2018": 1}, "geometry": {"type": "Polygon", "coordinates": [[[72.8106156, 21.156410000000005], [72.8107563, 21.156439899999995], [72.8107461, 21.156482199999996], [72.8106054, 21.1564523], [72.8106156, 21.156410000000005]]]}}, {"type": "Feature", "properties": {"layer": "building", "distance_m": 495.2, "source": "Google Open Buildings", "in_industrial_zone": false, "ghsl_2018": 1}, "geometry": {"type": "Polygon", "coordinates": [[[72.8105135, 21.156977499999996], [72.8105558, 21.156969900000004], [72.8105757, 21.1570685], [72.8105336, 21.157076100000005], [72.8105135, 21.156977499999996]]]}}, {"type": "Feature", "properties": {"layer": "building", "distance_m": 499.7, "source": "Microsoft ML Buildings", "in_industrial_zone": false, "ghsl_2018": 1}, "geometry": {"type": "Polygon", "coordinates": [[[72.8103705, 21.157318200000002], [72.8103756, 21.157118199999996], [72.8105391, 21.1571218], [72.8105374, 21.1571904], [72.8104408, 21.157188300000005], [72.8104375, 21.1573197], [72.8103705, 21.157318200000002]]]}}, {"type": "Feature", "properties": {"layer": "building", "distance_m": 497.7, "source": "Google Open Buildings", "in_industrial_zone": false, "ghsl_2018": 1}, "geometry": {"type": "Polygon", "coordinates": [[[72.8105939, 21.1573332], [72.8106072, 21.15737890000001], [72.8104945, 21.157407700000004], [72.8104813, 21.157362000000003], [72.8105939, 21.1573332]]]}}, {"type": "Feature", "properties": {"layer": "building", "distance_m": 498.5, "source": "Microsoft ML Buildings", "in_industrial_zone": false, "ghsl_2018": 1}, "geometry": {"type": "Polygon", "coordinates": [[[72.8106556, 21.157654700000005], [72.8105805, 21.157652900000002], [72.8105817, 21.1576093], [72.8106567, 21.157611], [72.8106556, 21.157654700000005]]]}}, {"type": "Feature", "properties": {"layer": "building", "distance_m": 451.9, "source": "Microsoft ML Buildings", "in_industrial_zone": false, "ghsl_2018": 1}, "geometry": {"type": "Polygon", "coordinates": [[[72.8112212, 21.1578929], [72.8111908, 21.158073600000005], [72.8112641, 21.158084300000002], [72.8112278, 21.1583004], [72.8111216, 21.15828490000001], [72.8111411, 21.1581689], [72.8111489, 21.15817], [72.81115830000002, 21.1581139], [72.8111034, 21.158105800000005], [72.8111222, 21.157993500000003], [72.8111526, 21.157998000000003], [72.8111714, 21.157885599999997], [72.8112212, 21.1578929]]]}}, {"type": "Feature", "properties": {"layer": "building", "distance_m": 438.5, "source": "Microsoft ML Buildings", "in_industrial_zone": false, "ghsl_2018": 1}, "geometry": {"type": "Polygon", "coordinates": [[[72.81114680000002, 21.157798999999997], [72.8111541, 21.157611600000003], [72.81123450000001, 21.157614300000002], [72.8112324, 21.157666799999998], [72.8112753, 21.1576683], [72.81127000000001, 21.157803100000002], [72.81114680000002, 21.157798999999997]]]}}, {"type": "Feature", "properties": {"layer": "building", "distance_m": 433.3, "source": "Google Open Buildings", "in_industrial_zone": false, "ghsl_2018": 1}, "geometry": {"type": "Polygon", "coordinates": [[[72.81121500000002, 21.1575622], [72.81129599999998, 21.157569399999996], [72.81129159999999, 21.157612500000003], [72.81121070000002, 21.157605300000007], [72.81121500000002, 21.1575622]]]}}, {"type": "Feature", "properties": {"layer": "building", "distance_m": 430.1, "source": "Google Open Buildings", "in_industrial_zone": false, "ghsl_2018": 1}, "geometry": {"type": "Polygon", "coordinates": [[[72.81130319999998, 21.1575775], [72.81133070000001, 21.1575793], [72.81132499999998, 21.157655600000005], [72.8112975, 21.1576538], [72.81130319999998, 21.1575775]]]}}, {"type": "Feature", "properties": {"layer": "building", "distance_m": 446.9, "source": "Google Open Buildings", "in_industrial_zone": false, "ghsl_2018": 1}, "geometry": {"type": "Polygon", "coordinates": [[[72.81127069999998, 21.1580828], [72.81135929999999, 21.1580928], [72.8113297, 21.158324500000006], [72.81124099999998, 21.158314500000003], [72.81127069999998, 21.1580828]]]}}, {"type": "Feature", "properties": {"layer": "building", "distance_m": 431.7, "source": "Google Open Buildings", "in_industrial_zone": false, "ghsl_2018": 1}, "geometry": {"type": "Polygon", "coordinates": [[[72.8114576, 21.158103500000006], [72.81152829999999, 21.1581101], [72.81150309999998, 21.158348500000002], [72.8114324, 21.158341900000007], [72.8114576, 21.158103500000006]]]}}, {"type": "Feature", "properties": {"layer": "building", "distance_m": 488.9, "source": "Microsoft ML Buildings", "in_industrial_zone": false, "ghsl_2018": 1}, "geometry": {"type": "Polygon", "coordinates": [[[72.8111825, 21.158677], [72.8112254, 21.1586847], [72.81120979999999, 21.158760700000002], [72.81105819999999, 21.15873360000001], [72.81107009999998, 21.158675600000002], [72.81117879999998, 21.1586951], [72.8111825, 21.158677]]]}}, {"type": "Feature", "properties": {"layer": "building", "distance_m": 498.7, "source": "Microsoft ML Buildings", "in_industrial_zone": false, "ghsl_2018": 1}, "geometry": {"type": "Polygon", "coordinates": [[[72.8111428, 21.159118800000005], [72.8110435, 21.159119300000004], [72.8110421, 21.1588805], [72.8111295, 21.15888000000001], [72.8111293, 21.1588537], [72.81122319999999, 21.158853199999996], [72.8112247, 21.1591059], [72.81118289999999, 21.1591061], [72.8111825, 21.159032300000003], [72.81114229999999, 21.1590325], [72.8111428, 21.159118800000005]]]}}, {"type": "Feature", "properties": {"layer": "building", "distance_m": 482.2, "source": "Microsoft ML Buildings", "in_industrial_zone": false, "ghsl_2018": 1}, "geometry": {"type": "Polygon", "coordinates": [[[72.8112251, 21.158759599999996], [72.81123169999998, 21.158694000000004], [72.8113103, 21.158700799999995], [72.8112981, 21.158823500000008], [72.8110413, 21.158801200000003], [72.8110469, 21.1587442], [72.8112251, 21.158759599999996]]]}}, {"type": "Feature", "properties": {"layer": "building", "distance_m": 490.2, "source": "Microsoft ML Buildings", "in_industrial_zone": false, "ghsl_2018": 1}, "geometry": {"type": "Polygon", "coordinates": [[[72.81124009999999, 21.1588722], [72.8113312, 21.158869400000004], [72.8113391, 21.1590943], [72.81122810000001, 21.159097699999997], [72.8112263, 21.159046500000002], [72.8112462, 21.1590459], [72.81124009999999, 21.1588722]]]}}, {"type": "Feature", "properties": {"layer": "building", "distance_m": 474.9, "source": "Microsoft ML Buildings", "in_industrial_zone": false, "ghsl_2018": 1}, "geometry": {"type": "Polygon", "coordinates": [[[72.8113984, 21.1587098], [72.8114012, 21.1588298], [72.81131009999999, 21.158831599999996], [72.81130730000001, 21.158711600000004], [72.8113984, 21.1587098]]]}}, {"type": "Feature", "properties": {"layer": "building", "distance_m": 463.8, "source": "Microsoft ML Buildings", "in_industrial_zone": false, "ghsl_2018": 1}, "geometry": {"type": "Polygon", "coordinates": [[[72.8114242, 21.158715300000004], [72.8115312, 21.1587204], [72.8115241, 21.1588501], [72.8114171, 21.1588451], [72.8114242, 21.158715300000004]]]}}, {"type": "Feature", "properties": {"layer": "building", "distance_m": 499.2, "source": "Google Open Buildings", "in_industrial_zone": false, "ghsl_2018": 1}, "geometry": {"type": "Polygon", "coordinates": [[[72.8208854, 21.1570707], [72.82090870000002, 21.1571186], [72.8208679, 21.157136], [72.8208447, 21.157088], [72.8208854, 21.1570707]]]}}, {"type": "Feature", "properties": {"layer": "building", "distance_m": 473.7, "source": "Microsoft ML Buildings", "in_industrial_zone": false, "ghsl_2018": 0}, "geometry": {"type": "Polygon", "coordinates": [[[72.82060800000001, 21.157367], [72.82056680000001, 21.157289600000002], [72.8209007, 21.157135399999998], [72.8209419, 21.1572128], [72.82060800000001, 21.157367]]]}}, {"type": "Feature", "properties": {"layer": "building", "distance_m": 485.6, "source": "Google Open Buildings", "in_industrial_zone": false, "ghsl_2018": 1}, "geometry": {"type": "Polygon", "coordinates": [[[72.8208066, 21.156486600000004], [72.8208259, 21.1565212], [72.8207794, 21.156544], [72.8207601, 21.156509399999997], [72.8208066, 21.156486600000004]]]}}, {"type": "Feature", "properties": {"layer": "building", "distance_m": 492.9, "source": "Google Open Buildings", "in_industrial_zone": false, "ghsl_2018": 1}, "geometry": {"type": "Polygon", "coordinates": [[[72.8209425, 21.1565581], [72.82096950000002, 21.156606499999995], [72.82084770000002, 21.156666299999998], [72.8208207, 21.156617899999997], [72.8209425, 21.1565581]]]}}, {"type": "Feature", "properties": {"layer": "building", "distance_m": 489.7, "source": "Google Open Buildings", "in_industrial_zone": false, "ghsl_2018": 1}, "geometry": {"type": "Polygon", "coordinates": [[[72.8209012, 21.1564842], [72.8209425, 21.1565581], [72.8208207, 21.156617899999997], [72.8207945, 21.156571], [72.820841, 21.1565482], [72.8208259, 21.1565212], [72.8209012, 21.1564842]]]}}, {"type": "Feature", "properties": {"layer": "building", "distance_m": 499.5, "source": "Google Open Buildings", "in_industrial_zone": false, "ghsl_2018": 1}, "geometry": {"type": "Polygon", "coordinates": [[[72.8209925, 21.156621899999998], [72.82103859999998, 21.156694400000003], [72.8209266, 21.156757100000004], [72.8208805, 21.1566846], [72.8209925, 21.156621899999998]]]}}, {"type": "Feature", "properties": {"layer": "building", "distance_m": 453.4, "source": "Microsoft ML Buildings", "in_industrial_zone": false, "ghsl_2018": 1}, "geometry": {"type": "Polygon", "coordinates": [[[72.82065119999999, 21.155503000000003], [72.8205336, 21.155577299999997], [72.8204626, 21.155479700000004], [72.8205801, 21.155405300000005], [72.82065119999999, 21.155503000000003]]]}}, {"type": "Feature", "properties": {"layer": "building", "distance_m": 450.3, "source": "Google Open Buildings", "in_industrial_zone": false, "ghsl_2018": 1}, "geometry": {"type": "Polygon", "coordinates": [[[72.8205092, 21.155656100000005], [72.8205242, 21.1556882], [72.8204645, 21.155712799999996], [72.82044950000001, 21.155680700000005], [72.8205092, 21.155656100000005]]]}}, {"type": "Feature", "properties": {"layer": "building", "distance_m": 447.4, "source": "Microsoft ML Buildings", "in_industrial_zone": false, "ghsl_2018": 1}, "geometry": {"type": "Polygon", "coordinates": [[[72.8205757, 21.155992200000004], [72.8204539, 21.156044500000007], [72.82042789999998, 21.1559917], [72.8205496, 21.1559394], [72.8205757, 21.155992200000004]]]}}, {"type": "Feature", "properties": {"layer": "building", "distance_m": 426.8, "source": "Google Open Buildings", "in_industrial_zone": false, "ghsl_2018": 1}, "geometry": {"type": "Polygon", "coordinates": [[[72.8202806, 21.155880400000004], [72.8203048, 21.1559218], [72.8202547, 21.155947599999994], [72.82023039999999, 21.1559063], [72.8202806, 21.155880400000004]]]}}, {"type": "Feature", "properties": {"layer": "building", "distance_m": 435.0, "source": "Google Open Buildings", "in_industrial_zone": false, "ghsl_2018": 1}, "geometry": {"type": "Polygon", "coordinates": [[[72.82044559999999, 21.155753800000006], [72.8205155, 21.155873], [72.8203782, 21.155943800000003], [72.8203084, 21.155824500000005], [72.82044559999999, 21.155753800000006]]]}}, {"type": "Feature", "properties": {"layer": "building", "distance_m": 446.7, "source": "Google Open Buildings", "in_industrial_zone": false, "ghsl_2018": 1}, "geometry": {"type": "Polygon", "coordinates": [[[72.8204941, 21.155593900000003], [72.8205228, 21.155640400000003], [72.8204412, 21.155684700000005], [72.82041249999999, 21.1556383], [72.8204941, 21.155593900000003]]]}}, {"type": "Feature", "properties": {"layer": "building", "distance_m": 439.0, "source": "Google Open Buildings", "in_industrial_zone": false, "ghsl_2018": 1}, "geometry": {"type": "Polygon", "coordinates": [[[72.82039250000001, 21.1556736], [72.8204028, 21.155713400000003], [72.8203515, 21.155725000000004], [72.8203412, 21.155685200000004], [72.82039250000001, 21.1556736]]]}}, {"type": "Feature", "properties": {"layer": "building", "distance_m": 438.8, "source": "Google Open Buildings", "in_industrial_zone": false, "ghsl_2018": 1}, "geometry": {"type": "Polygon", "coordinates": [[[72.8203775, 21.1555307], [72.8204041, 21.1555713], [72.82035589999998, 21.155599099999996], [72.8203293, 21.1555585], [72.8203775, 21.1555307]]]}}, {"type": "Feature", "properties": {"layer": "building", "distance_m": 436.2, "source": "Google Open Buildings", "in_industrial_zone": false, "ghsl_2018": 1}, "geometry": {"type": "Polygon", "coordinates": [[[72.8203474, 21.1554849], [72.8203775, 21.1555307], [72.8203293, 21.1555585], [72.82029919999998, 21.155512699999996], [72.8203474, 21.1554849]]]}}, {"type": "Feature", "properties": {"layer": "building", "distance_m": 441.5, "source": "Google Open Buildings", "in_industrial_zone": false, "ghsl_2018": 1}, "geometry": {"type": "Polygon", "coordinates": [[[72.8204232, 21.155440600000002], [72.8204802, 21.155527499999998], [72.8204042, 21.155571400000003], [72.82034720000001, 21.155484500000004], [72.8204232, 21.155440600000002]]]}}, {"type": "Feature", "properties": {"layer": "building", "distance_m": 432.6, "source": "Google Open Buildings", "in_industrial_zone": false, "ghsl_2018": 1}, "geometry": {"type": "Polygon", "coordinates": [[[72.82026640000001, 21.1555316], [72.82029919999998, 21.155512699999996], [72.8203293, 21.1555585], [72.8202964, 21.1555775], [72.82026640000001, 21.1555316]]]}}, {"type": "Feature", "properties": {"layer": "building", "distance_m": 426.3, "source": "Google Open Buildings", "in_industrial_zone": false, "ghsl_2018": 1}, "geometry": {"type": "Polygon", "coordinates": [[[72.82026640000001, 21.1555316], [72.8202964, 21.1555775], [72.820239, 21.155610599999996], [72.82020900000002, 21.1555647], [72.82026640000001, 21.1555316]]]}}, {"type": "Feature", "properties": {"layer": "building", "distance_m": 398.9, "source": "Microsoft ML Buildings", "in_industrial_zone": false, "ghsl_2018": 1}, "geometry": {"type": "Polygon", "coordinates": [[[72.8199798, 21.156305300000007], [72.8199459, 21.156231299999998], [72.8202747, 21.1561001], [72.8203086, 21.1561741], [72.8199798, 21.156305300000007]]]}}, {"type": "Feature", "properties": {"layer": "building", "distance_m": 406.7, "source": "Microsoft ML Buildings", "in_industrial_zone": false, "ghsl_2018": 1}, "geometry": {"type": "Polygon", "coordinates": [[[72.8200372, 21.156394400000003], [72.82001299999999, 21.156333900000003], [72.8200742, 21.156312600000007], [72.8200985, 21.156373100000003], [72.8200372, 21.156394400000003]]]}}, {"type": "Feature", "properties": {"layer": "building", "distance_m": 419.8, "source": "Google Open Buildings", "in_industrial_zone": false, "ghsl_2018": 1}, "geometry": {"type": "Polygon", "coordinates": [[[72.8201427, 21.1563228], [72.8203047, 21.156339800000005], [72.8202962, 21.156410799999996], [72.8201342, 21.156393800000004], [72.8201427, 21.1563228]]]}}, {"type": "Feature", "properties": {"layer": "building", "distance_m": 498.5, "source": "Google Open Buildings", "in_industrial_zone": false, "ghsl_2018": 0}, "geometry": {"type": "Polygon", "coordinates": [[[72.8199494, 21.159287100000004], [72.8199732, 21.159277499999998], [72.8199909, 21.159316399999998], [72.81996710000001, 21.159325899999995], [72.8199494, 21.159287100000004]]]}}, {"type": "Feature", "properties": {"layer": "building", "distance_m": 413.6, "source": "Google Open Buildings", "in_industrial_zone": false, "ghsl_2018": 0}, "geometry": {"type": "Polygon", "coordinates": [[[72.8192318, 21.158918100000005], [72.81924700000002, 21.1589195], [72.81924100000002, 21.158977500000002], [72.8191999, 21.158973700000004], [72.81920310000001, 21.158943400000005], [72.8192289, 21.1589458], [72.8192318, 21.158918100000005]]]}}, {"type": "Feature", "properties": {"layer": "building", "distance_m": 410.1, "source": "Google Open Buildings", "in_industrial_zone": false, "ghsl_2018": 0}, "geometry": {"type": "Polygon", "coordinates": [[[72.8192094, 21.158883200000002], [72.8192504, 21.158887000000004], [72.81924700000002, 21.1589195], [72.819206, 21.158915700000005], [72.8192094, 21.158883200000002]]]}}, {"type": "Feature", "properties": {"layer": "building", "distance_m": 403.1, "source": "Google Open Buildings", "in_industrial_zone": false, "ghsl_2018": 0}, "geometry": {"type": "Polygon", "coordinates": [[[72.8192208, 21.158761899999995], [72.8192645, 21.158767299999997], [72.81924820000002, 21.1588836], [72.81920440000002, 21.158878200000007], [72.8192208, 21.158761899999995]]]}}, {"type": "Feature", "properties": {"layer": "building", "distance_m": 423.2, "source": "Google Open Buildings", "in_industrial_zone": false, "ghsl_2018": 0}, "geometry": {"type": "Polygon", "coordinates": [[[72.8192146, 21.159137999999995], [72.8192027, 21.1592406], [72.8191694, 21.159237200000003], [72.8191726, 21.1592098], [72.8191504, 21.159207500000008], [72.8191591, 21.159132400000004], [72.8192146, 21.159137999999995]]]}}, {"type": "Feature", "properties": {"layer": "building", "distance_m": 427.6, "source": "Google Open Buildings", "in_industrial_zone": false, "ghsl_2018": 0}, "geometry": {"type": "Polygon", "coordinates": [[[72.819101, 21.159301], [72.81908470000002, 21.15939640000001], [72.8190463, 21.159390599999995], [72.8190626, 21.159295199999992], [72.819101, 21.159301]]]}}, {"type": "Feature", "properties": {"layer": "building", "distance_m": 426.4, "source": "Google Open Buildings", "in_industrial_zone": false, "ghsl_2018": 0}, "geometry": {"type": "Polygon", "coordinates": [[[72.8190854, 21.159297200000005], [72.8190677, 21.159389300000004], [72.8190329, 21.1593834], [72.8190507, 21.1592913], [72.8190854, 21.159297200000005]]]}}, {"type": "Feature", "properties": {"layer": "building", "distance_m": 432.1, "source": "Google Open Buildings", "in_industrial_zone": false, "ghsl_2018": 0}, "geometry": {"type": "Polygon", "coordinates": [[[72.8190329, 21.1593834], [72.8190676, 21.1593893], [72.8190454, 21.1595047], [72.81901060000001, 21.159498800000005], [72.8190329, 21.1593834]]]}}, {"type": "Feature", "properties": {"layer": "building", "distance_m": 442.1, "source": "Google Open Buildings", "in_industrial_zone": false, "ghsl_2018": 0}, "geometry": {"type": "Polygon", "coordinates": [[[72.8190335, 21.159544400000005], [72.8190134, 21.1596205], [72.8189841, 21.1596137], [72.81900420000001, 21.159537600000007], [72.8190335, 21.159544400000005]]]}}, {"type": "Feature", "properties": {"layer": "building", "distance_m": 432.9, "source": "Google Open Buildings", "in_industrial_zone": true, "ghsl_2018": 0}, "geometry": {"type": "Polygon", "coordinates": [[[72.8186714, 21.159733499999998], [72.8186675, 21.159766700000002], [72.8186312, 21.1597628], [72.8186352, 21.1597297], [72.8186714, 21.159733499999998]]]}}, {"type": "Feature", "properties": {"layer": "building", "distance_m": 412.6, "source": "Google Open Buildings", "in_industrial_zone": true, "ghsl_2018": 0}, "geometry": {"type": "Polygon", "coordinates": [[[72.818399, 21.1596685], [72.8184853, 21.159678100000004], [72.818478, 21.159735299999998], [72.8183917, 21.1597256], [72.818399, 21.1596685]]]}}, {"type": "Feature", "properties": {"layer": "building", "distance_m": 423.9, "source": "Google Open Buildings", "in_industrial_zone": true, "ghsl_2018": 0}, "geometry": {"type": "Polygon", "coordinates": [[[72.8185542, 21.1596859], [72.8186039, 21.1596915], [72.8185983, 21.159735300000005], [72.8185486, 21.159729800000008], [72.8185542, 21.1596859]]]}}, {"type": "Feature", "properties": {"layer": "building", "distance_m": 354.2, "source": "Google Open Buildings", "in_industrial_zone": false, "ghsl_2018": 1}, "geometry": {"type": "Polygon", "coordinates": [[[72.8186755, 21.158782999999996], [72.8186646, 21.1588607], [72.8186276, 21.1588561], [72.8186198, 21.158911500000002], [72.8185921, 21.1589081], [72.8186108, 21.158774999999995], [72.8186755, 21.158782999999996]]]}}, {"type": "Feature", "properties": {"layer": "building", "distance_m": 332.4, "source": "Google Open Buildings", "in_industrial_zone": false, "ghsl_2018": 1}, "geometry": {"type": "Polygon", "coordinates": [[[72.8188265, 21.1581555], [72.8188626, 21.1581582], [72.8188584, 21.1582079], [72.8188222, 21.158205199999994], [72.8188265, 21.1581555]]]}}, {"type": "Feature", "properties": {"layer": "building", "distance_m": 338.2, "source": "Google Open Buildings", "in_industrial_zone": false, "ghsl_2018": 0}, "geometry": {"type": "Polygon", "coordinates": [[[72.8187968, 21.158302300000003], [72.8188539, 21.1582975], [72.81885650000001, 21.1583244], [72.8187994, 21.158329200000008], [72.8187968, 21.158302300000003]]]}}, {"type": "Feature", "properties": {"layer": "building", "distance_m": 340.8, "source": "Google Open Buildings", "in_industrial_zone": false, "ghsl_2018": 0}, "geometry": {"type": "Polygon", "coordinates": [[[72.8188057, 21.158332200000004], [72.81886240000001, 21.1583356], [72.8188571, 21.1584126], [72.8188202, 21.158410400000005], [72.8188229, 21.15837150000001], [72.8188031, 21.1583703], [72.8188057, 21.158332200000004]]]}}, {"type": "Feature", "properties": {"layer": "building", "distance_m": 317.5, "source": "Google Open Buildings", "in_industrial_zone": false, "ghsl_2018": 1}, "geometry": {"type": "Polygon", "coordinates": [[[72.8184202, 21.158472700000004], [72.8184634, 21.158467600000005], [72.8184685, 21.1585056], [72.8184254, 21.158510700000008], [72.8184202, 21.158472700000004]]]}}, {"type": "Feature", "properties": {"layer": "building", "distance_m": 313.6, "source": "Google Open Buildings", "in_industrial_zone": false, "ghsl_2018": 1}, "geometry": {"type": "Polygon", "coordinates": [[[72.8186238, 21.1581866], [72.8186286, 21.158215899999995], [72.81859590000002, 21.158220600000007], [72.81859109999999, 21.1581913], [72.8186238, 21.1581866]]]}}, {"type": "Feature", "properties": {"layer": "building", "distance_m": 317.1, "source": "Google Open Buildings", "in_industrial_zone": false, "ghsl_2018": 1}, "geometry": {"type": "Polygon", "coordinates": [[[72.8186798, 21.158163900000012], [72.8186968, 21.1581925], [72.8186498, 21.158217100000005], [72.8186328, 21.15818850000001], [72.8186798, 21.158163900000012]]]}}, {"type": "Feature", "properties": {"layer": "building", "distance_m": 318.2, "source": "Google Open Buildings", "in_industrial_zone": false, "ghsl_2018": 0}, "geometry": {"type": "Polygon", "coordinates": [[[72.8186478, 21.158230999999997], [72.8186585, 21.1582602], [72.81861890000002, 21.1582729], [72.81860820000001, 21.158243700000007], [72.8186478, 21.158230999999997]]]}}, {"type": "Feature", "properties": {"layer": "building", "distance_m": 322.7, "source": "Google Open Buildings", "in_industrial_zone": false, "ghsl_2018": 0}, "geometry": {"type": "Polygon", "coordinates": [[[72.8186753, 21.158270200000004], [72.8186943, 21.158308300000005], [72.8186444, 21.158330299999992], [72.8186254, 21.158292200000005], [72.8186753, 21.158270200000004]]]}}, {"type": "Feature", "properties": {"layer": "building", "distance_m": 330.9, "source": "Google Open Buildings", "in_industrial_zone": false, "ghsl_2018": 0}, "geometry": {"type": "Polygon", "coordinates": [[[72.81868130000001, 21.158347400000007], [72.81871290000001, 21.158339500000004], [72.8187222, 21.1583724], [72.8186906, 21.1583803], [72.81868130000001, 21.158347400000007]]]}}, {"type": "Feature", "properties": {"layer": "building", "distance_m": 337.8, "source": "Google Open Buildings", "in_industrial_zone": false, "ghsl_2018": 0}, "geometry": {"type": "Polygon", "coordinates": [[[72.818719, 21.1584062], [72.81875820000002, 21.158422000000005], [72.8187447, 21.158451400000004], [72.8187055, 21.1584355], [72.818719, 21.1584062]]]}}, {"type": "Feature", "properties": {"layer": "building", "distance_m": 327.2, "source": "Google Open Buildings", "in_industrial_zone": false, "ghsl_2018": 0}, "geometry": {"type": "Polygon", "coordinates": [[[72.8186959, 21.158265699999998], [72.8187323, 21.158256800000004], [72.8187424, 21.158292800000005], [72.8187059, 21.158301700000003], [72.8186959, 21.158265699999998]]]}}, {"type": "Feature", "properties": {"layer": "building", "distance_m": 320.1, "source": "Google Open Buildings", "in_industrial_zone": false, "ghsl_2018": 0}, "geometry": {"type": "Polygon", "coordinates": [[[72.8187125, 21.158196399999998], [72.8187255, 21.15823470000001], [72.8186629, 21.158253400000003], [72.8186499, 21.158215099999996], [72.8187125, 21.158196399999998]]]}}, {"type": "Feature", "properties": {"layer": "building", "distance_m": 320.8, "source": "Google Open Buildings", "in_industrial_zone": false, "ghsl_2018": 1}, "geometry": {"type": "Polygon", "coordinates": [[[72.818696, 21.15815630000001], [72.81873740000002, 21.15814990000001], [72.8187461, 21.158199500000002], [72.8187048, 21.158205999999996], [72.818696, 21.15815630000001]]]}}, {"type": "Feature", "properties": {"layer": "building", "distance_m": 321.8, "source": "Google Open Buildings", "in_industrial_zone": false, "ghsl_2018": 1}, "geometry": {"type": "Polygon", "coordinates": [[[72.8187545, 21.158079900000004], [72.818794, 21.158087999999996], [72.8187848, 21.158127600000004], [72.8187453, 21.158119499999998], [72.8187545, 21.158079900000004]]]}}, {"type": "Feature", "properties": {"layer": "building", "distance_m": 306.3, "source": "Google Open Buildings", "in_industrial_zone": false, "ghsl_2018": 1}, "geometry": {"type": "Polygon", "coordinates": [[[72.818708, 21.157926199999995], [72.8187376, 21.158020300000008], [72.8186961, 21.158031799999996], [72.8186664, 21.157937699999998], [72.818708, 21.157926199999995]]]}}, {"type": "Feature", "properties": {"layer": "building", "distance_m": 306.0, "source": "Google Open Buildings", "in_industrial_zone": false, "ghsl_2018": 1}, "geometry": {"type": "Polygon", "coordinates": [[[72.8186387, 21.158032400000003], [72.8186453, 21.15806750000001], [72.818611, 21.158073100000006], [72.8186045, 21.158038], [72.8186387, 21.158032400000003]]]}}, {"type": "Feature", "properties": {"layer": "building", "distance_m": 314.1, "source": "Google Open Buildings", "in_industrial_zone": false, "ghsl_2018": 1}, "geometry": {"type": "Polygon", "coordinates": [[[72.8186961, 21.1580945], [72.8187074, 21.158126300000003], [72.8186623, 21.1581404], [72.818651, 21.1581086], [72.8186961, 21.1580945]]]}}, {"type": "Feature", "properties": {"layer": "building", "distance_m": 303.2, "source": "Google Open Buildings", "in_industrial_zone": false, "ghsl_2018": 1}, "geometry": {"type": "Polygon", "coordinates": [[[72.8185646, 21.158051800000006], [72.8185998, 21.1580434], [72.8186136, 21.1580942], [72.8185785, 21.1581026], [72.8185646, 21.158051800000006]]]}}, {"type": "Feature", "properties": {"layer": "building", "distance_m": 276.5, "source": "Google Open Buildings", "in_industrial_zone": false, "ghsl_2018": 1}, "geometry": {"type": "Polygon", "coordinates": [[[72.8184093, 21.1578181], [72.8184447, 21.157801600000003], [72.8184752, 21.157859099999996], [72.8184397, 21.1578756], [72.8184093, 21.1578181]]]}}, {"type": "Feature", "properties": {"layer": "building", "distance_m": 290.9, "source": "Google Open Buildings", "in_industrial_zone": false, "ghsl_2018": 1}, "geometry": {"type": "Polygon", "coordinates": [[[72.8185131, 21.157911999999996], [72.8185485, 21.157923800000003], [72.8185368, 21.157954999999998], [72.8185013, 21.157943199999995], [72.8185131, 21.157911999999996]]]}}, {"type": "Feature", "properties": {"layer": "building", "distance_m": 286.5, "source": "Google Open Buildings", "in_industrial_zone": false, "ghsl_2018": 1}, "geometry": {"type": "Polygon", "coordinates": [[[72.8185969, 21.157714500000004], [72.8186227, 21.15774], [72.8185745, 21.1577831], [72.8185486, 21.157757700000005], [72.8185969, 21.157714500000004]]]}}, {"type": "Feature", "properties": {"layer": "building", "distance_m": 283.5, "source": "Google Open Buildings", "in_industrial_zone": false, "ghsl_2018": 1}, "geometry": {"type": "Polygon", "coordinates": [[[72.8185813, 21.157690500000008], [72.81859860000002, 21.1577217], [72.8185561, 21.157742400000007], [72.81853879999998, 21.157711299999992], [72.8185813, 21.157690500000008]]]}}, {"type": "Feature", "properties": {"layer": "building", "distance_m": 276.3, "source": "Google Open Buildings", "in_industrial_zone": false, "ghsl_2018": 1}, "geometry": {"type": "Polygon", "coordinates": [[[72.818547, 21.1576642], [72.8185004, 21.157717400000003], [72.8184711, 21.157694900000003], [72.8185176, 21.157641700000003], [72.818547, 21.1576642]]]}}, {"type": "Feature", "properties": {"layer": "building", "distance_m": 274.0, "source": "Google Open Buildings", "in_industrial_zone": false, "ghsl_2018": 1}, "geometry": {"type": "Polygon", "coordinates": [[[72.81847860000002, 21.157627400000006], [72.8185098, 21.157638399999996], [72.81849230000002, 21.157682000000005], [72.8184611, 21.157670900000003], [72.81847860000002, 21.157627400000006]]]}}, {"type": "Feature", "properties": {"layer": "building", "distance_m": 268.9, "source": "Google Open Buildings", "in_industrial_zone": false, "ghsl_2018": 1}, "geometry": {"type": "Polygon", "coordinates": [[[72.8184824, 21.1575996], [72.81844929999998, 21.157663], [72.8184154, 21.157647300000008], [72.81844850000002, 21.157584], [72.8184824, 21.1575996]]]}}, {"type": "Feature", "properties": {"layer": "building", "distance_m": 274.0, "source": "Google Open Buildings", "in_industrial_zone": false, "ghsl_2018": 1}, "geometry": {"type": "Polygon", "coordinates": [[[72.8185379, 21.1575549], [72.8185628, 21.157577700000008], [72.8185157, 21.157622999999994], [72.8184908, 21.157600199999997], [72.8185379, 21.1575549]]]}}, {"type": "Feature", "properties": {"layer": "building", "distance_m": 277.3, "source": "Google Open Buildings", "in_industrial_zone": false, "ghsl_2018": 1}, "geometry": {"type": "Polygon", "coordinates": [[[72.818533, 21.157580700000004], [72.81853999999998, 21.157583199999998], [72.8185307, 21.157606300000005], [72.8185571, 21.157615700000008], [72.8185432, 21.1576502], [72.8185098, 21.157638399999996], [72.818533, 21.157580700000004]]]}}, {"type": "Feature", "properties": {"layer": "building", "distance_m": 280.0, "source": "Google Open Buildings", "in_industrial_zone": false, "ghsl_2018": 1}, "geometry": {"type": "Polygon", "coordinates": [[[72.8185541, 21.15760280000001], [72.8185871, 21.157617699999996], [72.8185715, 21.1576482], [72.8185385, 21.157633299999997], [72.8185541, 21.15760280000001]]]}}, {"type": "Feature", "properties": {"layer": "building", "distance_m": 280.2, "source": "Google Open Buildings", "in_industrial_zone": false, "ghsl_2018": 1}, "geometry": {"type": "Polygon", "coordinates": [[[72.8185711, 21.1575696], [72.8186041, 21.157584400000005], [72.8185871, 21.157617699999996], [72.8185541, 21.15760280000001], [72.8185711, 21.1575696]]]}}, {"type": "Feature", "properties": {"layer": "building", "distance_m": 293.0, "source": "Google Open Buildings", "in_industrial_zone": false, "ghsl_2018": 1}, "geometry": {"type": "Polygon", "coordinates": [[[72.8186658, 21.157651500000004], [72.8186968, 21.157663900000003], [72.81868070000002, 21.15769940000001], [72.81864960000001, 21.157687000000003], [72.8186658, 21.157651500000004]]]}}, {"type": "Feature", "properties": {"layer": "building", "distance_m": 283.5, "source": "Google Open Buildings", "in_industrial_zone": false, "ghsl_2018": 1}, "geometry": {"type": "Polygon", "coordinates": [[[72.8186088, 21.157593699999993], [72.8186665, 21.1576381], [72.8186323, 21.1576771], [72.81857470000001, 21.157632600000007], [72.8186088, 21.157593699999993]]]}}, {"type": "Feature", "properties": {"layer": "building", "distance_m": 292.0, "source": "Google Open Buildings", "in_industrial_zone": false, "ghsl_2018": 1}, "geometry": {"type": "Polygon", "coordinates": [[[72.8186826, 21.1577449], [72.8186217, 21.1578043], [72.8185956, 21.157780700000004], [72.8186565, 21.157721300000002], [72.8186826, 21.1577449]]]}}, {"type": "Feature", "properties": {"layer": "building", "distance_m": 296.7, "source": "Google Open Buildings", "in_industrial_zone": false, "ghsl_2018": 1}, "geometry": {"type": "Polygon", "coordinates": [[[72.8186399, 21.157801500000005], [72.81867900000002, 21.15782410000001], [72.8186594, 21.1578541], [72.81862010000002, 21.157831500000007], [72.8186399, 21.157801500000005]]]}}, {"type": "Feature", "properties": {"layer": "building", "distance_m": 312.2, "source": "Google Open Buildings", "in_industrial_zone": false, "ghsl_2018": 1}, "geometry": {"type": "Polygon", "coordinates": [[[72.8187976, 21.157812300000007], [72.8188603, 21.157846699999997], [72.8188442, 21.157872400000002], [72.8187816, 21.157837999999995], [72.8187976, 21.157812300000007]]]}}, {"type": "Feature", "properties": {"layer": "building", "distance_m": 316.8, "source": "Google Open Buildings", "in_industrial_zone": false, "ghsl_2018": 1}, "geometry": {"type": "Polygon", "coordinates": [[[72.8188092, 21.1578811], [72.8188515, 21.157891000000003], [72.8188448, 21.157916200000003], [72.8188025, 21.1579063], [72.8188092, 21.1578811]]]}}, {"type": "Feature", "properties": {"layer": "building", "distance_m": 319.9, "source": "Google Open Buildings", "in_industrial_zone": false, "ghsl_2018": 1}, "geometry": {"type": "Polygon", "coordinates": [[[72.81882060000001, 21.15792250000001], [72.81883660000001, 21.157900700000006], [72.8188677, 21.157921200000008], [72.81885159999999, 21.157942799999994], [72.81882060000001, 21.15792250000001]]]}}, {"type": "Feature", "properties": {"layer": "building", "distance_m": 327.7, "source": "Google Open Buildings", "in_industrial_zone": false, "ghsl_2018": 1}, "geometry": {"type": "Polygon", "coordinates": [[[72.8188254, 21.158068299999993], [72.81886790000001, 21.158073100000006], [72.8188632, 21.1581093], [72.8188207, 21.158104499999997], [72.8188254, 21.158068299999993]]]}}, {"type": "Feature", "properties": {"layer": "building", "distance_m": 324.5, "source": "Google Open Buildings", "in_industrial_zone": false, "ghsl_2018": 1}, "geometry": {"type": "Polygon", "coordinates": [[[72.8188062, 21.158041700000002], [72.8188412, 21.1580394], [72.8188436, 21.158070800000004], [72.81880860000001, 21.158073100000006], [72.8188062, 21.158041700000002]]]}}, {"type": "Feature", "properties": {"layer": "building", "distance_m": 322.0, "source": "Google Open Buildings", "in_industrial_zone": false, "ghsl_2018": 1}, "geometry": {"type": "Polygon", "coordinates": [[[72.8187908, 21.158019900000003], [72.8188442, 21.158001], [72.81885699999998, 21.158032799999994], [72.8188036, 21.158051699999998], [72.8187908, 21.158019900000003]]]}}, {"type": "Feature", "properties": {"layer": "building", "distance_m": 324.1, "source": "Google Open Buildings", "in_industrial_zone": false, "ghsl_2018": 1}, "geometry": {"type": "Polygon", "coordinates": [[[72.8189075, 21.1578378], [72.81894889999998, 21.157839899999995], [72.8189471, 21.157871500000002], [72.81890569999999, 21.157869399999996], [72.8189075, 21.1578378]]]}}, {"type": "Feature", "properties": {"layer": "building", "distance_m": 331.4, "source": "Google Open Buildings", "in_industrial_zone": false, "ghsl_2018": 1}, "geometry": {"type": "Polygon", "coordinates": [[[72.81897719999999, 21.157851899999994], [72.8190194, 21.1578545], [72.8190163, 21.1578993], [72.818974, 21.157896700000002], [72.81897719999999, 21.157851899999994]]]}}, {"type": "Feature", "properties": {"layer": "building", "distance_m": 333.5, "source": "Google Open Buildings", "in_industrial_zone": false, "ghsl_2018": 0}, "geometry": {"type": "Polygon", "coordinates": [[[72.8189613, 21.1579314], [72.8190041, 21.15792920000001], [72.819006, 21.1579599], [72.8189632, 21.1579621], [72.8189613, 21.1579314]]]}}, {"type": "Feature", "properties": {"layer": "building", "distance_m": 255.4, "source": "Google Open Buildings", "in_industrial_zone": false, "ghsl_2018": 1}, "geometry": {"type": "Polygon", "coordinates": [[[72.8183758, 21.157422799999992], [72.81841150000001, 21.157438700000004], [72.8183912, 21.157478900000005], [72.8183554, 21.157462999999993], [72.8183758, 21.157422799999992]]]}}, {"type": "Feature", "properties": {"layer": "building", "distance_m": 250.7, "source": "Google Open Buildings", "in_industrial_zone": false, "ghsl_2018": 0}, "geometry": {"type": "Polygon", "coordinates": [[[72.8183282, 21.1574152], [72.8183732, 21.1574334], [72.8183588, 21.1574647], [72.8183138, 21.157446499999995], [72.8183282, 21.1574152]]]}}, {"type": "Feature", "properties": {"layer": "building", "distance_m": 253.3, "source": "Google Open Buildings", "in_industrial_zone": false, "ghsl_2018": 1}, "geometry": {"type": "Polygon", "coordinates": [[[72.8183548, 21.157501900000003], [72.8183544, 21.1575269], [72.8183176, 21.15755310000001], [72.8183184, 21.1575014], [72.8183548, 21.157501900000003]]]}}, {"type": "Feature", "properties": {"layer": "building", "distance_m": 249.8, "source": "Google Open Buildings", "in_industrial_zone": false, "ghsl_2018": 1}, "geometry": {"type": "Polygon", "coordinates": [[[72.8183016, 21.157461300000005], [72.8183372, 21.157478000000008], [72.81832070000002, 21.157508799999995], [72.8182852, 21.157492099999995], [72.8183016, 21.157461300000005]]]}}, {"type": "Feature", "properties": {"layer": "building", "distance_m": 250.0, "source": "Google Open Buildings", "in_industrial_zone": false, "ghsl_2018": 1}, "geometry": {"type": "Polygon", "coordinates": [[[72.8183153, 21.157494400000004], [72.8183299, 21.1575245], [72.8182947, 21.157539500000002], [72.81828010000001, 21.157509399999995], [72.8183153, 21.157494400000004]]]}}, {"type": "Feature", "properties": {"layer": "building", "distance_m": 243.4, "source": "Google Open Buildings", "in_industrial_zone": false, "ghsl_2018": 1}, "geometry": {"type": "Polygon", "coordinates": [[[72.818235, 21.157454600000005], [72.81826059999999, 21.1574443], [72.8182791, 21.1574847], [72.8182536, 21.157495000000004], [72.818235, 21.157454600000005]]]}}, {"type": "Feature", "properties": {"layer": "building", "distance_m": 236.3, "source": "Google Open Buildings", "in_industrial_zone": false, "ghsl_2018": 0}, "geometry": {"type": "Polygon", "coordinates": [[[72.8181902, 21.1573826], [72.81822640000001, 21.157373200000002], [72.8182418, 21.157425700000015], [72.8182056, 21.157435000000007], [72.8181902, 21.1573826]]]}}, {"type": "Feature", "properties": {"layer": "building", "distance_m": 237.3, "source": "Google Open Buildings", "in_industrial_zone": false, "ghsl_2018": 1}, "geometry": {"type": "Polygon", "coordinates": [[[72.818171, 21.157489900000005], [72.8182034, 21.157520000000005], [72.8181778, 21.1575444], [72.81814530000001, 21.1575142], [72.818171, 21.157489900000005]]]}}, {"type": "Feature", "properties": {"layer": "building", "distance_m": 165.7, "source": "Google Open Buildings", "in_industrial_zone": false, "ghsl_2018": 0}, "geometry": {"type": "Polygon", "coordinates": [[[72.8175683, 21.1572729], [72.8175642, 21.157294799999992], [72.8175875, 21.157298600000004], [72.8175785, 21.1573473], [72.8174968, 21.157334], [72.8175099, 21.157263300000004], [72.8175683, 21.1572729]]]}}, {"type": "Feature", "properties": {"layer": "building", "distance_m": 195.9, "source": "Google Open Buildings", "in_industrial_zone": false, "ghsl_2018": 1}, "geometry": {"type": "Polygon", "coordinates": [[[72.8169488, 21.1582935], [72.8169694, 21.158208799999997], [72.8172271, 21.158263800000007], [72.8172065, 21.1583485], [72.8169488, 21.1582935]]]}}, {"type": "Feature", "properties": {"layer": "building", "distance_m": 225.0, "source": "Google Open Buildings", "in_industrial_zone": false, "ghsl_2018": 1}, "geometry": {"type": "Polygon", "coordinates": [[[72.817082, 21.158450300000005], [72.8171562, 21.158465], [72.8171412, 21.1585319], [72.817067, 21.158517200000002], [72.817082, 21.158450300000005]]]}}, {"type": "Feature", "properties": {"layer": "building", "distance_m": 241.6, "source": "Google Open Buildings", "in_industrial_zone": false, "ghsl_2018": 1}, "geometry": {"type": "Polygon", "coordinates": [[[72.8170893, 21.1586154], [72.81714770000002, 21.1586279], [72.8171371, 21.1586718], [72.8170787, 21.158659399999998], [72.8170893, 21.1586154]]]}}, {"type": "Feature", "properties": {"layer": "building", "distance_m": 227.6, "source": "Google Open Buildings", "in_industrial_zone": false, "ghsl_2018": 0}, "geometry": {"type": "Polygon", "coordinates": [[[72.8176609, 21.158056199999997], [72.8177854, 21.1580791], [72.8177706, 21.15814990000001], [72.8176461, 21.158127000000004], [72.8176609, 21.158056199999997]]]}}, {"type": "Feature", "properties": {"layer": "building", "distance_m": 205.0, "source": "Google Open Buildings", "in_industrial_zone": false, "ghsl_2018": 0}, "geometry": {"type": "Polygon", "coordinates": [[[72.8177452, 21.157609999999995], [72.8177866, 21.157613400000002], [72.81777900000002, 21.157694699999997], [72.8177376, 21.157691299999996], [72.8177452, 21.157609999999995]]]}}, {"type": "Feature", "properties": {"layer": "building", "distance_m": 212.2, "source": "Google Open Buildings", "in_industrial_zone": false, "ghsl_2018": 0}, "geometry": {"type": "Polygon", "coordinates": [[[72.8178561, 21.157583900000006], [72.8179057, 21.157593100000007], [72.817896, 21.1576392], [72.8179185, 21.157643400000005], [72.8178896, 21.157779900000005], [72.8177776, 21.157759], [72.8178006, 21.157650199999992], [72.81784050000002, 21.157657599999997], [72.8178561, 21.157583900000006]]]}}, {"type": "Feature", "properties": {"layer": "building", "distance_m": 216.7, "source": "Google Open Buildings", "in_industrial_zone": false, "ghsl_2018": 0}, "geometry": {"type": "Polygon", "coordinates": [[[72.8177776, 21.157759], [72.8178671, 21.1577757], [72.8178539, 21.1578378], [72.8177644, 21.1578211], [72.8177776, 21.157759]]]}}, {"type": "Feature", "properties": {"layer": "building", "distance_m": 219.4, "source": "Google Open Buildings", "in_industrial_zone": false, "ghsl_2018": 0}, "geometry": {"type": "Polygon", "coordinates": [[[72.8176988, 21.157901100000004], [72.8178401, 21.15792860000001], [72.8178156, 21.158039299999995], [72.8176744, 21.158011799999997], [72.8176988, 21.157901100000004]]]}}, {"type": "Feature", "properties": {"layer": "building", "distance_m": 263.0, "source": "Google Open Buildings", "in_industrial_zone": false, "ghsl_2018": 1}, "geometry": {"type": "Polygon", "coordinates": [[[72.8181122, 21.158086100000006], [72.8180761, 21.158160500000008], [72.8180494, 21.158149100000006], [72.8180854, 21.158074700000004], [72.8181122, 21.158086100000006]]]}}, {"type": "Feature", "properties": {"layer": "building", "distance_m": 242.6, "source": "Google Open Buildings", "in_industrial_zone": false, "ghsl_2018": 0}, "geometry": {"type": "Polygon", "coordinates": [[[72.8180006, 21.157867000000003], [72.8181504, 21.157898300000003], [72.818127, 21.157996900000004], [72.8179772, 21.157965599999997], [72.8180006, 21.157867000000003]]]}}, {"type": "Feature", "properties": {"layer": "building", "distance_m": 222.8, "source": "Google Open Buildings", "in_industrial_zone": false, "ghsl_2018": 1}, "geometry": {"type": "Polygon", "coordinates": [[[72.8179262, 21.1576372], [72.817984, 21.157645099999996], [72.8179709, 21.1577286], [72.8179132, 21.157720600000005], [72.8179262, 21.1576372]]]}}, {"type": "Feature", "properties": {"layer": "building", "distance_m": 255.8, "source": "Google Open Buildings", "in_industrial_zone": false, "ghsl_2018": 1}, "geometry": {"type": "Polygon", "coordinates": [[[72.8183786, 21.1575101], [72.8184041, 21.157536200000003], [72.8183437, 21.157588099999998], [72.8183181, 21.157561900000005], [72.8183786, 21.1575101]]]}}, {"type": "Feature", "properties": {"layer": "building", "distance_m": 260.8, "source": "Google Open Buildings", "in_industrial_zone": false, "ghsl_2018": 1}, "geometry": {"type": "Polygon", "coordinates": [[[72.8184041, 21.157536200000003], [72.81843899999998, 21.157571999999988], [72.8184013, 21.1576043], [72.8183664, 21.157568600000005], [72.8184041, 21.157536200000003]]]}}, {"type": "Feature", "properties": {"layer": "building", "distance_m": 272.3, "source": "Google Open Buildings", "in_industrial_zone": false, "ghsl_2018": 1}, "geometry": {"type": "Polygon", "coordinates": [[[72.8181719, 21.158105900000002], [72.8182164, 21.1581158], [72.8182073, 21.1581517], [72.8181628, 21.158141800000003], [72.8181719, 21.158105900000002]]]}}, {"type": "Feature", "properties": {"layer": "building", "distance_m": 285.8, "source": "Google Open Buildings", "in_industrial_zone": false, "ghsl_2018": 1}, "geometry": {"type": "Polygon", "coordinates": [[[72.8181956, 21.158278100000008], [72.8182543, 21.1583056], [72.8182272, 21.158356700000002], [72.8182484, 21.158366599999997], [72.8182323, 21.158396799999995], [72.8182111, 21.158386900000004], [72.8181975, 21.1584125], [72.8181388, 21.1583851], [72.8181956, 21.158278100000008]]]}}, {"type": "Feature", "properties": {"layer": "building", "distance_m": 283.4, "source": "Google Open Buildings", "in_industrial_zone": false, "ghsl_2018": 1}, "geometry": {"type": "Polygon", "coordinates": [[[72.8183272, 21.1581243], [72.81847740000002, 21.158359400000005], [72.818412, 21.1583962], [72.8182618, 21.158161099999997], [72.8183272, 21.1581243]]]}}, {"type": "Feature", "properties": {"layer": "building", "distance_m": 322.3, "source": "Google Open Buildings", "in_industrial_zone": false, "ghsl_2018": 1}, "geometry": {"type": "Polygon", "coordinates": [[[72.8183439, 21.158623299999995], [72.8183785, 21.158626400000003], [72.8183748, 21.1586623], [72.8183402, 21.158659099999998], [72.8183439, 21.158623299999995]]]}}, {"type": "Feature", "properties": {"layer": "building", "distance_m": 315.5, "source": "Google Open Buildings", "in_industrial_zone": false, "ghsl_2018": 1}, "geometry": {"type": "Polygon", "coordinates": [[[72.8183013, 21.1585762], [72.8183423, 21.1585856], [72.8183315, 21.1586266], [72.8182905, 21.1586171], [72.8183013, 21.1585762]]]}}, {"type": "Feature", "properties": {"layer": "building", "distance_m": 316.5, "source": "Google Open Buildings", "in_industrial_zone": false, "ghsl_2018": 1}, "geometry": {"type": "Polygon", "coordinates": [[[72.8182739, 21.158616900000002], [72.8183439, 21.158623299999995], [72.8183402, 21.158659099999998], [72.8182702, 21.158652800000002], [72.8182739, 21.158616900000002]]]}}, {"type": "Feature", "properties": {"layer": "building", "distance_m": 288.9, "source": "Google Open Buildings", "in_industrial_zone": false, "ghsl_2018": 1}, "geometry": {"type": "Polygon", "coordinates": [[[72.8181388, 21.1583851], [72.8181975, 21.1584125], [72.8181406, 21.158519600000005], [72.8180819, 21.1584921], [72.8181388, 21.1583851]]]}}, {"type": "Feature", "properties": {"layer": "building", "distance_m": 297.5, "source": "Google Open Buildings", "in_industrial_zone": false, "ghsl_2018": 1}, "geometry": {"type": "Polygon", "coordinates": [[[72.8180546, 21.158633200000004], [72.8180604, 21.1585772], [72.8181909, 21.158588999999992], [72.8181888, 21.158609199999997], [72.8182739, 21.158616999999996], [72.8182702, 21.158652800000002], [72.8180546, 21.158633200000004]]]}}, {"type": "Feature", "properties": {"layer": "building", "distance_m": 255.5, "source": "Google Open Buildings", "in_industrial_zone": false, "ghsl_2018": 1}, "geometry": {"type": "Polygon", "coordinates": [[[72.8178633, 21.158221600000005], [72.8179043, 21.158242599999998], [72.81786860000001, 21.1583041], [72.8178276, 21.1582832], [72.8178633, 21.158221600000005]]]}}, {"type": "Feature", "properties": {"layer": "building", "distance_m": 259.0, "source": "Google Open Buildings", "in_industrial_zone": false, "ghsl_2018": 1}, "geometry": {"type": "Polygon", "coordinates": [[[72.8179803, 21.1581433], [72.8181602, 21.158235500000004], [72.8178198, 21.15882], [72.8176398, 21.158727800000012], [72.8179803, 21.1581433]]]}}, {"type": "Feature", "properties": {"layer": "building", "distance_m": 328.1, "source": "Microsoft ML Buildings", "in_industrial_zone": true, "ghsl_2018": 1}, "geometry": {"type": "Polygon", "coordinates": [[[72.8177992, 21.15936350000001], [72.817831, 21.159110900000005], [72.8182264, 21.159154100000002], [72.8182136, 21.1592553], [72.818248, 21.159259099999996], [72.8182409, 21.15931580000001], [72.81821180000001, 21.1593126], [72.818205, 21.1593669], [72.8181732, 21.1593635], [72.8181681, 21.1594039], [72.8177992, 21.15936350000001]]]}}, {"type": "Feature", "properties": {"layer": "building", "distance_m": 304.9, "source": "Google Open Buildings", "in_industrial_zone": false, "ghsl_2018": 1}, "geometry": {"type": "Polygon", "coordinates": [[[72.8180175, 21.158706600000002], [72.8180992, 21.158716500000004], [72.81808160000001, 21.158845], [72.8179998, 21.158835099999997], [72.8180175, 21.158706600000002]]]}}, {"type": "Feature", "properties": {"layer": "building", "distance_m": 311.4, "source": "Google Open Buildings", "in_industrial_zone": false, "ghsl_2018": 1}, "geometry": {"type": "Polygon", "coordinates": [[[72.8180992, 21.158716500000004], [72.8183166, 21.158742800000002], [72.818299, 21.158871299999998], [72.81808160000001, 21.158845], [72.8180992, 21.158716500000004]]]}}, {"type": "Feature", "properties": {"layer": "building", "distance_m": 379.6, "source": "Google Open Buildings", "in_industrial_zone": true, "ghsl_2018": 0}, "geometry": {"type": "Polygon", "coordinates": [[[72.8180609, 21.159526099999994], [72.8181429, 21.159529500000012], [72.8181417, 21.1595547], [72.8180597, 21.159551200000003], [72.8180609, 21.159526099999994]]]}}, {"type": "Feature", "properties": {"layer": "building", "distance_m": 391.1, "source": "Google Open Buildings", "in_industrial_zone": true, "ghsl_2018": 1}, "geometry": {"type": "Polygon", "coordinates": [[[72.8183237, 21.1594792], [72.8183622, 21.159479700000002], [72.8183618, 21.1595067], [72.8183233, 21.1595062], [72.8183237, 21.1594792]]]}}, {"type": "Feature", "properties": {"layer": "building", "distance_m": 394.7, "source": "Google Open Buildings", "in_industrial_zone": true, "ghsl_2018": 1}, "geometry": {"type": "Polygon", "coordinates": [[[72.8183729, 21.1594843], [72.8184739, 21.159494000000002], [72.8184713, 21.1595174], [72.8183703, 21.1595077], [72.8183729, 21.1594843]]]}}, {"type": "Feature", "properties": {"layer": "building", "distance_m": 400.1, "source": "Google Open Buildings", "in_industrial_zone": true, "ghsl_2018": 0}, "geometry": {"type": "Polygon", "coordinates": [[[72.8183558, 21.159558499999996], [72.8183976, 21.1595555], [72.8183997, 21.1595818], [72.8183579, 21.159584800000008], [72.8183558, 21.159558499999996]]]}}, {"type": "Feature", "properties": {"layer": "building", "distance_m": 389.4, "source": "Google Open Buildings", "in_industrial_zone": true, "ghsl_2018": 0}, "geometry": {"type": "Polygon", "coordinates": [[[72.8180674, 21.159628099999995], [72.8181348, 21.1596329], [72.8181325, 21.159661599999996], [72.8180651, 21.159656799999997], [72.8180674, 21.159628099999995]]]}}, {"type": "Feature", "properties": {"layer": "building", "distance_m": 381.7, "source": "Google Open Buildings", "in_industrial_zone": true, "ghsl_2018": 0}, "geometry": {"type": "Polygon", "coordinates": [[[72.8179299, 21.1596839], [72.8179452, 21.159729500000005], [72.8176662, 21.15981210000001], [72.8176509, 21.159766600000005], [72.8179299, 21.1596839]]]}}, {"type": "Feature", "properties": {"layer": "building", "distance_m": 365.6, "source": "Google Open Buildings", "in_industrial_zone": true, "ghsl_2018": 0}, "geometry": {"type": "Polygon", "coordinates": [[[72.8175951, 21.159630599999993], [72.8176282, 21.159634399999995], [72.8176159, 21.159728399999995], [72.8175828, 21.15972460000001], [72.8175951, 21.159630599999993]]]}}, {"type": "Feature", "properties": {"layer": "building", "distance_m": 274.4, "source": "Microsoft ML Buildings", "in_industrial_zone": false, "ghsl_2018": 1}, "geometry": {"type": "Polygon", "coordinates": [[[72.817579, 21.1588329], [72.8174318, 21.1588269], [72.8174342, 21.1587745], [72.8175814, 21.158780399999998], [72.817579, 21.1588329]]]}}, {"type": "Feature", "properties": {"layer": "building", "distance_m": 253.1, "source": "Google Open Buildings", "in_industrial_zone": false, "ghsl_2018": 1}, "geometry": {"type": "Polygon", "coordinates": [[[72.817043, 21.1587517], [72.8170913, 21.158757700000006], [72.8170873, 21.158786699999997], [72.817039, 21.158780800000002], [72.817043, 21.1587517]]]}}, {"type": "Feature", "properties": {"layer": "building", "distance_m": 483.8, "source": "Microsoft ML Buildings", "in_industrial_zone": false, "ghsl_2018": 1}, "geometry": {"type": "Polygon", "coordinates": [[[72.8186419, 21.160555700000007], [72.8187434, 21.160227800000005], [72.81905530000002, 21.160311800000002], [72.81880170000001, 21.161131499999996], [72.81869400000001, 21.1611025], [72.8186897, 21.161116400000004], [72.8185052, 21.161066699999996], [72.8185135, 21.161039900000006], [72.8184714, 21.161028600000005], [72.8185517, 21.1607691], [72.8186013, 21.160782399999995], [72.8186691, 21.160563000000003], [72.8186419, 21.160555700000007]]]}}, {"type": "Feature", "properties": {"layer": "building", "distance_m": 484.0, "source": "Google Open Buildings", "in_industrial_zone": false, "ghsl_2018": 1}, "geometry": {"type": "Polygon", "coordinates": [[[72.81882050000002, 21.160178], [72.8191301, 21.1602847], [72.81911760000001, 21.1603168], [72.81880790000001, 21.160210200000005], [72.81882050000002, 21.160178]]]}}, {"type": "Feature", "properties": {"layer": "building", "distance_m": 384.5, "source": "OpenStreetMap", "in_industrial_zone": true, "ghsl_2018": 1}, "geometry": {"type": "Polygon", "coordinates": [[[72.81567, 21.160119799999997], [72.81654410000002, 21.16018430000002], [72.8164628, 21.161443000000002], [72.8159871, 21.161382300000003], [72.8159424, 21.161226900000003], [72.8156334, 21.161238299999994], [72.8155806, 21.161124499999996], [72.81567, 21.160119799999997]]]}}, {"type": "Feature", "properties": {"layer": "building", "distance_m": 346.6, "source": "Microsoft ML Buildings", "in_industrial_zone": true, "ghsl_2018": 1}, "geometry": {"type": "Polygon", "coordinates": [[[72.8160939, 21.160098000000005], [72.816007, 21.1600801], [72.8160745, 21.159794899999998], [72.8161615, 21.159812799999997], [72.8160939, 21.160098000000005]]]}}, {"type": "Feature", "properties": {"layer": "building", "distance_m": 393.9, "source": "Microsoft ML Buildings", "in_industrial_zone": false, "ghsl_2018": 1}, "geometry": {"type": "Polygon", "coordinates": [[[72.8148348, 21.1600422], [72.8149302, 21.160068], [72.8148389, 21.160362099999997], [72.8146384, 21.160307999999997], [72.8147175, 21.1600531], [72.8148226, 21.1600815], [72.8148348, 21.1600422]]]}}, {"type": "Feature", "properties": {"layer": "building", "distance_m": 430.7, "source": "Google Open Buildings", "in_industrial_zone": false, "ghsl_2018": 1}, "geometry": {"type": "Polygon", "coordinates": [[[72.8146274, 21.160333599999998], [72.8148776, 21.1604157], [72.8148582, 21.160467800000003], [72.814608, 21.160385600000005], [72.8146274, 21.160333599999998]]]}}, {"type": "Feature", "properties": {"layer": "building", "distance_m": 393.7, "source": "Google Open Buildings", "in_industrial_zone": false, "ghsl_2018": 1}, "geometry": {"type": "Polygon", "coordinates": [[[72.8144975, 21.159954000000003], [72.8144699, 21.160104], [72.8144352, 21.1600984], [72.8144627, 21.159948300000007], [72.8144975, 21.159954000000003]]]}}, {"type": "Feature", "properties": {"layer": "building", "distance_m": 441.8, "source": "Google Open Buildings", "in_industrial_zone": false, "ghsl_2018": 1}, "geometry": {"type": "Polygon", "coordinates": [[[72.81460339999998, 21.1604319], [72.8148977, 21.160518400000004], [72.8148261, 21.160732600000003], [72.814781, 21.160719400000005], [72.81474149999998, 21.1608374], [72.8147867, 21.160850700000005], [72.814752, 21.160954500000003], [72.8146638, 21.160928499999997], [72.8146495, 21.160971300000003], [72.8144144, 21.160902199999995], [72.8145625, 21.160458899999995], [72.8145915, 21.160467500000003], [72.81460339999998, 21.1604319]]]}}, {"type": "Feature", "properties": {"layer": "building", "distance_m": 466.0, "source": "Google Open Buildings", "in_industrial_zone": false, "ghsl_2018": 1}, "geometry": {"type": "Polygon", "coordinates": [[[72.8127938, 21.1600741], [72.8130211, 21.160099800000005], [72.8130169, 21.160132499999996], [72.8127896, 21.160106799999998], [72.8127938, 21.1600741]]]}}, {"type": "Feature", "properties": {"layer": "building", "distance_m": 474.0, "source": "Google Open Buildings", "in_industrial_zone": false, "ghsl_2018": 1}, "geometry": {"type": "Polygon", "coordinates": [[[72.8130401, 21.160214599999996], [72.8130806, 21.1602152], [72.81308019999999, 21.160242200000003], [72.8130397, 21.1602417], [72.8130401, 21.160214599999996]]]}}, {"type": "Feature", "properties": {"layer": "building", "distance_m": 407.3, "source": "Microsoft ML Buildings", "in_industrial_zone": false, "ghsl_2018": 1}, "geometry": {"type": "Polygon", "coordinates": [[[72.8140811, 21.160004700000005], [72.81402509999998, 21.1599959], [72.8140308, 21.1599643], [72.8140868, 21.159973], [72.8140811, 21.160004700000005]]]}}, {"type": "Feature", "properties": {"layer": "building", "distance_m": 396.6, "source": "Google Open Buildings", "in_industrial_zone": false, "ghsl_2018": 1}, "geometry": {"type": "Polygon", "coordinates": [[[72.8138379, 21.159834600000003], [72.81409440000002, 21.159872799999995], [72.81407999999999, 21.159957900000002], [72.8138235, 21.1599197], [72.8138379, 21.159834600000003]]]}}, {"type": "Feature", "properties": {"layer": "building", "distance_m": 401.9, "source": "Google Open Buildings", "in_industrial_zone": false, "ghsl_2018": 1}, "geometry": {"type": "Polygon", "coordinates": [[[72.8135856, 21.159797], [72.8138379, 21.159834600000003], [72.8138235, 21.1599197], [72.8135712, 21.1598821], [72.8135856, 21.159797]]]}}, {"type": "Feature", "properties": {"layer": "building", "distance_m": 263.5, "source": "Google Open Buildings", "in_industrial_zone": false, "ghsl_2018": 1}, "geometry": {"type": "Polygon", "coordinates": [[[72.81403739999999, 21.158619100000006], [72.8142999, 21.158661100000003], [72.8142372, 21.1590065], [72.8139747, 21.158964600000004], [72.81403739999999, 21.158619100000006]]]}}, {"type": "Feature", "properties": {"layer": "building", "distance_m": 231.5, "source": "Microsoft ML Buildings", "in_industrial_zone": false, "ghsl_2018": 1}, "geometry": {"type": "Polygon", "coordinates": [[[72.814094, 21.158471499999997], [72.8140902, 21.15847099999999], [72.8141126, 21.158339199999997], [72.814378, 21.158378300000006], [72.8143418, 21.158591700000006], [72.81408009999998, 21.158553100000002], [72.814094, 21.158471499999997]]]}}, {"type": "Feature", "properties": {"layer": "building", "distance_m": 239.6, "source": "Google Open Buildings", "in_industrial_zone": false, "ghsl_2018": 1}, "geometry": {"type": "Polygon", "coordinates": [[[72.813964, 21.158292299999996], [72.8140759, 21.158308399999996], [72.8140619, 21.1583941], [72.81394999999999, 21.158378], [72.813964, 21.158292299999996]]]}}, {"type": "Feature", "properties": {"layer": "building", "distance_m": 214.4, "source": "Google Open Buildings", "in_industrial_zone": false, "ghsl_2018": 1}, "geometry": {"type": "Polygon", "coordinates": [[[72.81398079999998, 21.158119], [72.8143349, 21.158185800000002], [72.81431969999998, 21.158256600000005], [72.8139656, 21.1581897], [72.81398079999998, 21.158119]]]}}, {"type": "Feature", "properties": {"layer": "building", "distance_m": 197.0, "source": "Google Open Buildings", "in_industrial_zone": false, "ghsl_2018": 1}, "geometry": {"type": "Polygon", "coordinates": [[[72.8140808, 21.1579421], [72.8143043, 21.1579886], [72.81428, 21.1580917], [72.81405649999999, 21.158045299999998], [72.8140808, 21.1579421]]]}}, {"type": "Feature", "properties": {"layer": "building", "distance_m": 154.3, "source": "Google Open Buildings", "in_industrial_zone": false, "ghsl_2018": 1}, "geometry": {"type": "Polygon", "coordinates": [[[72.8144002, 21.157582800000007], [72.8143043, 21.1579886], [72.8140808, 21.1579421], [72.81417659999998, 21.1575363], [72.8144002, 21.157582800000007]]]}}, {"type": "Feature", "properties": {"layer": "building", "distance_m": 165.7, "source": "Google Open Buildings", "in_industrial_zone": false, "ghsl_2018": 1}, "geometry": {"type": "Polygon", "coordinates": [[[72.81406799999999, 21.1575137], [72.8141767, 21.157536299999997], [72.8140808, 21.1579421], [72.8139721, 21.157919499999995], [72.81406799999999, 21.1575137]]]}}, {"type": "Feature", "properties": {"layer": "building", "distance_m": 206.1, "source": "Google Open Buildings", "in_industrial_zone": false, "ghsl_2018": 1}, "geometry": {"type": "Polygon", "coordinates": [[[72.8139721, 21.157919499999995], [72.8140808, 21.1579421], [72.8140565, 21.1580452], [72.8139478, 21.158022700000007], [72.8139721, 21.157919499999995]]]}}, {"type": "Feature", "properties": {"layer": "building", "distance_m": 220.0, "source": "Google Open Buildings", "in_industrial_zone": false, "ghsl_2018": 1}, "geometry": {"type": "Polygon", "coordinates": [[[72.8136421, 21.15780840000001], [72.8137415, 21.157819700000005], [72.81372329999999, 21.157959900000005], [72.8136239, 21.1579485], [72.8136421, 21.15780840000001]]]}}, {"type": "Feature", "properties": {"layer": "building", "distance_m": 244.5, "source": "Google Open Buildings", "in_industrial_zone": false, "ghsl_2018": 1}, "geometry": {"type": "Polygon", "coordinates": [[[72.8138439, 21.158275], [72.813964, 21.158292299999996], [72.81394999999999, 21.158378], [72.8138299, 21.1583607], [72.8138439, 21.158275]]]}}, {"type": "Feature", "properties": {"layer": "building", "distance_m": 236.7, "source": "Microsoft ML Buildings", "in_industrial_zone": false, "ghsl_2018": 1}, "geometry": {"type": "Polygon", "coordinates": [[[72.8133473, 21.1576846], [72.8133055, 21.157678300000004], [72.813289, 21.157773299999995], [72.81327069999999, 21.157770600000003], [72.8133088, 21.157551200000007], [72.8133339, 21.157555], [72.813325, 21.157606199999996], [72.81335999999999, 21.157611500000005], [72.8133473, 21.1576846]]]}}, {"type": "Feature", "properties": {"layer": "building", "distance_m": 261.6, "source": "Google Open Buildings", "in_industrial_zone": false, "ghsl_2018": 1}, "geometry": {"type": "Polygon", "coordinates": [[[72.812946, 21.1577288], [72.81318479999999, 21.1577561], [72.8131544, 21.157989599999997], [72.8129157, 21.157962299999998], [72.812946, 21.1577288]]]}}, {"type": "Feature", "properties": {"layer": "building", "distance_m": 344.6, "source": "Google Open Buildings", "in_industrial_zone": false, "ghsl_2018": 1}, "geometry": {"type": "Polygon", "coordinates": [[[72.8130072, 21.1587555], [72.8130458, 21.158757300000005], [72.8130429, 21.1588111], [72.8130044, 21.158809300000005], [72.8130072, 21.1587555]]]}}, {"type": "Feature", "properties": {"layer": "building", "distance_m": 341.9, "source": "Microsoft ML Buildings", "in_industrial_zone": false, "ghsl_2018": 1}, "geometry": {"type": "Polygon", "coordinates": [[[72.8131369, 21.1588484], [72.8130651, 21.158831699999997], [72.81307549999998, 21.15879280000001], [72.8131473, 21.158809499999993], [72.8131369, 21.1588484]]]}}, {"type": "Feature", "properties": {"layer": "building", "distance_m": 318.9, "source": "Google Open Buildings", "in_industrial_zone": false, "ghsl_2018": 1}, "geometry": {"type": "Polygon", "coordinates": [[[72.81335540000002, 21.1588383], [72.81361839999998, 21.1588837], [72.813608, 21.158936399999998], [72.8133451, 21.1588911], [72.81335540000002, 21.1588383]]]}}, {"type": "Feature", "properties": {"layer": "building", "distance_m": 340.4, "source": "Google Open Buildings", "in_industrial_zone": false, "ghsl_2018": 1}, "geometry": {"type": "Polygon", "coordinates": [[[72.8133993, 21.159092199999996], [72.8136553, 21.1591336], [72.8136241, 21.1593033], [72.81358, 21.159296100000002], [72.8135713, 21.159343400000004], [72.8133595, 21.1593092], [72.8133993, 21.159092199999996]]]}}, {"type": "Feature", "properties": {"layer": "building", "distance_m": 385.2, "source": "Google Open Buildings", "in_industrial_zone": false, "ghsl_2018": 1}, "geometry": {"type": "Polygon", "coordinates": [[[72.81332049999999, 21.1595212], [72.81359970000001, 21.15956630000001], [72.8135826, 21.159659499999997], [72.81330339999998, 21.1596144], [72.81332049999999, 21.1595212]]]}}, {"type": "Feature", "properties": {"layer": "building", "distance_m": 366.1, "source": "Google Open Buildings", "in_industrial_zone": false, "ghsl_2018": 1}, "geometry": {"type": "Polygon", "coordinates": [[[72.8133595, 21.1593092], [72.8135329, 21.159337200000003], [72.8135268, 21.159370200000005], [72.8136326, 21.159387300000002], [72.81359970000001, 21.15956630000001], [72.81332049999999, 21.1595212], [72.8133595, 21.1593092]]]}}, {"type": "Feature", "properties": {"layer": "building", "distance_m": 400.0, "source": "Google Open Buildings", "in_industrial_zone": false, "ghsl_2018": 1}, "geometry": {"type": "Polygon", "coordinates": [[[72.8134353, 21.159681399999997], [72.8135695, 21.159701399999996], [72.8135629, 21.159740300000003], [72.8134287, 21.1597203], [72.8134353, 21.159681399999997]]]}}, {"type": "Feature", "properties": {"layer": "building", "distance_m": 404.5, "source": "Google Open Buildings", "in_industrial_zone": false, "ghsl_2018": 1}, "geometry": {"type": "Polygon", "coordinates": [[[72.8133908, 21.1596748], [72.8134353, 21.159681399999997], [72.8134287, 21.1597203], [72.8133842, 21.159713700000005], [72.8133908, 21.1596748]]]}}, {"type": "Feature", "properties": {"layer": "building", "distance_m": 406.1, "source": "Google Open Buildings", "in_industrial_zone": false, "ghsl_2018": 1}, "geometry": {"type": "Polygon", "coordinates": [[[72.813288, 21.159659499999993], [72.8133908, 21.1596748], [72.8133842, 21.159713700000005], [72.8132814, 21.1596984], [72.813288, 21.159659499999993]]]}}, {"type": "Feature", "properties": {"layer": "building", "distance_m": 385.4, "source": "Google Open Buildings", "in_industrial_zone": false, "ghsl_2018": 1}, "geometry": {"type": "Polygon", "coordinates": [[[72.8128055, 21.159204899999995], [72.81306309999998, 21.159251100000002], [72.8130513, 21.159308900000003], [72.8127937, 21.159262700000003], [72.8128055, 21.159204899999995]]]}}, {"type": "Feature", "properties": {"layer": "building", "distance_m": 396.2, "source": "Microsoft ML Buildings", "in_industrial_zone": false, "ghsl_2018": 1}, "geometry": {"type": "Polygon", "coordinates": [[[72.8123182, 21.159016800000003], [72.8123208, 21.1590172], [72.8123342, 21.158935200000002], [72.8125649, 21.1589679], [72.812503, 21.1593481], [72.81226969999999, 21.159315099999997], [72.8123182, 21.159016800000003]]]}}, {"type": "Feature", "properties": {"layer": "building", "distance_m": 455.0, "source": "Google Open Buildings", "in_industrial_zone": false, "ghsl_2018": 1}, "geometry": {"type": "Polygon", "coordinates": [[[72.8122603, 21.1595263], [72.8123943, 21.159548900000004], [72.81238009999998, 21.159622700000007], [72.8122462, 21.159600000000005], [72.8122603, 21.1595263]]]}}, {"type": "Feature", "properties": {"layer": "building", "distance_m": 444.3, "source": "Microsoft ML Buildings", "in_industrial_zone": false, "ghsl_2018": 1}, "geometry": {"type": "Polygon", "coordinates": [[[72.8124441, 21.159553900000002], [72.81244159999999, 21.159491500000005], [72.8124791, 21.1594902], [72.8124816, 21.159552599999998], [72.8124441, 21.159553900000002]]]}}, {"type": "Feature", "properties": {"layer": "building", "distance_m": 467.7, "source": "Google Open Buildings", "in_industrial_zone": false, "ghsl_2018": 1}, "geometry": {"type": "Polygon", "coordinates": [[[72.81202969999998, 21.15940990000001], [72.8120693, 21.159416], [72.81204969999999, 21.159528399999992], [72.81200999999999, 21.159522299999995], [72.81202969999998, 21.15940990000001]]]}}, {"type": "Feature", "properties": {"layer": "building", "distance_m": 470.6, "source": "Google Open Buildings", "in_industrial_zone": false, "ghsl_2018": 1}, "geometry": {"type": "Polygon", "coordinates": [[[72.8115843, 21.1591105], [72.81176750000002, 21.1591346], [72.81174680000001, 21.159273100000007], [72.81177229999999, 21.1592765], [72.8117655, 21.1593218], [72.8117072, 21.159314099999996], [72.81169299999999, 21.1594092], [72.8115427, 21.159389399999995], [72.8115843, 21.1591105]]]}}, {"type": "Feature", "properties": {"layer": "building", "distance_m": 451.9, "source": "Google Open Buildings", "in_industrial_zone": false, "ghsl_2018": 1}, "geometry": {"type": "Polygon", "coordinates": [[[72.81190709999998, 21.159147500000003], [72.81202719999999, 21.159162500000004], [72.8119821, 21.159479799999996], [72.81186199999999, 21.159464800000006], [72.81190709999998, 21.159147500000003]]]}}, {"type": "Feature", "properties": {"layer": "building", "distance_m": 420.3, "source": "Microsoft ML Buildings", "in_industrial_zone": false, "ghsl_2018": 1}, "geometry": {"type": "Polygon", "coordinates": [[[72.81230090000001, 21.1590219], [72.81222879999999, 21.1594298], [72.8120941, 21.1594091], [72.8121301, 21.15920580000001], [72.8121066, 21.159202099999998], [72.8121157, 21.159151], [72.8120571, 21.159142], [72.81208419999999, 21.158988600000004], [72.81230090000001, 21.1590219]]]}}, {"type": "Feature", "properties": {"layer": "building", "distance_m": 416.6, "source": "Google Open Buildings", "in_industrial_zone": false, "ghsl_2018": 1}, "geometry": {"type": "Polygon", "coordinates": [[[72.811596, 21.158119499999998], [72.81169949999999, 21.1581311], [72.8116698, 21.158362800000003], [72.81156639999999, 21.158351100000004], [72.811596, 21.158119499999998]]]}}, {"type": "Feature", "properties": {"layer": "building", "distance_m": 368.2, "source": "Google Open Buildings", "in_industrial_zone": false, "ghsl_2018": 1}, "geometry": {"type": "Polygon", "coordinates": [[[72.81178199999998, 21.1576125], [72.8119762, 21.157629700000005], [72.81195239999998, 21.15786620000001], [72.81175809999999, 21.157849], [72.81178199999998, 21.1576125]]]}}, {"type": "Feature", "properties": {"layer": "building", "distance_m": 320.0, "source": "Microsoft ML Buildings", "in_industrial_zone": false, "ghsl_2018": 1}, "geometry": {"type": "Polygon", "coordinates": [[[72.8122539, 21.1576738], [72.81250689999999, 21.157693600000005], [72.812486, 21.157927099999995], [72.81223289999998, 21.15790730000001], [72.8122539, 21.1576738]]]}}, {"type": "Feature", "properties": {"layer": "building", "distance_m": 246.4, "source": "Microsoft ML Buildings", "in_industrial_zone": false, "ghsl_2018": 1}, "geometry": {"type": "Polygon", "coordinates": [[[72.8130319, 21.1571239], [72.81297989999999, 21.1574069], [72.81281210000002, 21.157380100000005], [72.81286409999998, 21.15709710000001], [72.8130319, 21.1571239]]]}}, {"type": "Feature", "properties": {"layer": "building", "distance_m": 269.9, "source": "Google Open Buildings", "in_industrial_zone": false, "ghsl_2018": 1}, "geometry": {"type": "Polygon", "coordinates": [[[72.8125586, 21.157092099999996], [72.812794, 21.1571147], [72.812767, 21.157362499999998], [72.81253149999999, 21.1573399], [72.8125586, 21.157092099999996]]]}}, {"type": "Feature", "properties": {"layer": "building", "distance_m": 264.5, "source": "Google Open Buildings", "in_industrial_zone": false, "ghsl_2018": 1}, "geometry": {"type": "Polygon", "coordinates": [[[72.8127174, 21.156336100000004], [72.8127589, 21.156338699999996], [72.8127505, 21.1564551], [72.8127089, 21.1564525], [72.8127174, 21.156336100000004]]]}}, {"type": "Feature", "properties": {"layer": "building", "distance_m": 262.0, "source": "Google Open Buildings", "in_industrial_zone": false, "ghsl_2018": 1}, "geometry": {"type": "Polygon", "coordinates": [[[72.8123215, 21.157040500000008], [72.8123354, 21.156778399999997], [72.8128022, 21.156800199999996], [72.8127883, 21.1570623], [72.8123215, 21.157040500000008]]]}}, {"type": "Feature", "properties": {"layer": "building", "distance_m": 321.3, "source": "Microsoft ML Buildings", "in_industrial_zone": false, "ghsl_2018": 1}, "geometry": {"type": "Polygon", "coordinates": [[[72.8122505, 21.1573175], [72.81197320000001, 21.1572975], [72.8119942, 21.157043900000005], [72.81227149999998, 21.1570639], [72.8122505, 21.1573175]]]}}, {"type": "Feature", "properties": {"layer": "building", "distance_m": 371.1, "source": "Microsoft ML Buildings", "in_industrial_zone": false, "ghsl_2018": 1}, "geometry": {"type": "Polygon", "coordinates": [[[72.81172429999998, 21.157593600000002], [72.8117266, 21.157534899999998], [72.8116532, 21.157532499999995], [72.8116596, 21.157366300000007], [72.8117839, 21.157370499999995], [72.8117833, 21.157385499999997], [72.8118636, 21.157388100000002], [72.81185560000002, 21.157598000000004], [72.81172429999998, 21.157593600000002]]]}}, {"type": "Feature", "properties": {"layer": "building", "distance_m": 349.9, "source": "Microsoft ML Buildings", "in_industrial_zone": false, "ghsl_2018": 1}, "geometry": {"type": "Polygon", "coordinates": [[[72.8119903, 21.157060100000002], [72.8119636, 21.157292599999998], [72.8117832, 21.157274600000008], [72.81180990000001, 21.157042099999998], [72.8119903, 21.157060100000002]]]}}, {"type": "Feature", "properties": {"layer": "building", "distance_m": 353.7, "source": "Google Open Buildings", "in_industrial_zone": false, "ghsl_2018": 1}, "geometry": {"type": "Polygon", "coordinates": [[[72.8116756, 21.156791400000003], [72.8119149, 21.1568129], [72.8118964, 21.156994100000006], [72.8116354, 21.156970700000002], [72.8116432, 21.1568943], [72.8116649, 21.156896200000002], [72.8116756, 21.156791400000003]]]}}, {"type": "Feature", "properties": {"layer": "building", "distance_m": 366.8, "source": "Microsoft ML Buildings", "in_industrial_zone": false, "ghsl_2018": 1}, "geometry": {"type": "Polygon", "coordinates": [[[72.8117721, 21.1565998], [72.8117694, 21.156672300000004], [72.8116355, 21.156668000000003], [72.8116382, 21.156595500000005], [72.8117721, 21.1565998]]]}}, {"type": "Feature", "properties": {"layer": "building", "distance_m": 382.4, "source": "Google Open Buildings", "in_industrial_zone": false, "ghsl_2018": 1}, "geometry": {"type": "Polygon", "coordinates": [[[72.8115568, 21.156441000000004], [72.8116174, 21.156437800000006], [72.8116194, 21.156471000000003], [72.8115588, 21.1564741], [72.8115568, 21.156441000000004]]]}}, {"type": "Feature", "properties": {"layer": "building", "distance_m": 365.1, "source": "Microsoft ML Buildings", "in_industrial_zone": false, "ghsl_2018": 1}, "geometry": {"type": "Polygon", "coordinates": [[[72.811788, 21.156361099999994], [72.81178170000001, 21.156593500000003], [72.811645, 21.156590400000002], [72.8116512, 21.1563579], [72.811788, 21.156361099999994]]]}}, {"type": "Feature", "properties": {"layer": "building", "distance_m": 349.4, "source": "Microsoft ML Buildings", "in_industrial_zone": false, "ghsl_2018": 1}, "geometry": {"type": "Polygon", "coordinates": [[[72.8119381, 21.1565662], [72.8119346, 21.156673599999994], [72.8117872, 21.156669499999996], [72.8117907, 21.156562], [72.8119381, 21.1565662]]]}}, {"type": "Feature", "properties": {"layer": "building", "distance_m": 347.2, "source": "Microsoft ML Buildings", "in_industrial_zone": false, "ghsl_2018": 1}, "geometry": {"type": "Polygon", "coordinates": [[[72.81195770000001, 21.1564574], [72.8119561, 21.1565224], [72.8117979, 21.156519099999997], [72.8118017, 21.1563591], [72.81194650000002, 21.156362100000003], [72.8119443, 21.1564571], [72.81195770000001, 21.1564574]]]}}, {"type": "Feature", "properties": {"layer": "building", "distance_m": 328.1, "source": "Microsoft ML Buildings", "in_industrial_zone": false, "ghsl_2018": 1}, "geometry": {"type": "Polygon", "coordinates": [[[72.8121426, 21.1564405], [72.8121402, 21.156513], [72.8120036, 21.1565092], [72.8120059, 21.156436700000004], [72.8121426, 21.1564405]]]}}, {"type": "Feature", "properties": {"layer": "building", "distance_m": 329.4, "source": "Microsoft ML Buildings", "in_industrial_zone": false, "ghsl_2018": 1}, "geometry": {"type": "Polygon", "coordinates": [[[72.812126, 21.15668030000001], [72.8119876, 21.156676400000002], [72.8119923, 21.156534000000004], [72.8121306, 21.1565379], [72.812126, 21.15668030000001]]]}}, {"type": "Feature", "properties": {"layer": "building", "distance_m": 316.1, "source": "Microsoft ML Buildings", "in_industrial_zone": false, "ghsl_2018": 1}, "geometry": {"type": "Polygon", "coordinates": [[[72.8122786, 21.1568093], [72.8122742, 21.1570244], [72.81199170000001, 21.157019400000003], [72.8119961, 21.1568043], [72.8122786, 21.1568093]]]}}, {"type": "Feature", "properties": {"layer": "building", "distance_m": 314.2, "source": "Microsoft ML Buildings", "in_industrial_zone": false, "ghsl_2018": 1}, "geometry": {"type": "Polygon", "coordinates": [[[72.8119953, 21.1561971], [72.8120523, 21.155935200000002], [72.8121924, 21.1559618], [72.8121615, 21.1561035], [72.812298, 21.156129399999998], [72.8122718, 21.156249500000005], [72.8119953, 21.1561971]]]}}, {"type": "Feature", "properties": {"layer": "building", "distance_m": 311.6, "source": "Microsoft ML Buildings", "in_industrial_zone": false, "ghsl_2018": 1}, "geometry": {"type": "Polygon", "coordinates": [[[72.8123443, 21.1559979], [72.812311, 21.156126699999994], [72.8121767, 21.156096499999997], [72.81221, 21.15596770000001], [72.8123443, 21.1559979]]]}}, {"type": "Feature", "properties": {"layer": "building", "distance_m": 348.5, "source": "Google Open Buildings", "in_industrial_zone": false, "ghsl_2018": 1}, "geometry": {"type": "Polygon", "coordinates": [[[72.81185, 21.1558949], [72.8119907, 21.155908100000005], [72.8119734, 21.156069900000002], [72.8118328, 21.1560567], [72.81185, 21.1558949]]]}}, {"type": "Feature", "properties": {"layer": "building", "distance_m": 389.0, "source": "Microsoft ML Buildings", "in_industrial_zone": false, "ghsl_2018": 1}, "geometry": {"type": "Polygon", "coordinates": [[[72.81175800000001, 21.1552859], [72.8117569, 21.1553234], [72.8116497, 21.155320899999996], [72.8116572, 21.155048400000002], [72.8117681, 21.155051000000004], [72.81176469999998, 21.155176], [72.81177979999998, 21.1551764], [72.8117767, 21.15528640000001], [72.81175800000001, 21.1552859]]]}}, {"type": "Feature", "properties": {"layer": "building", "distance_m": 373.0, "source": "Microsoft ML Buildings", "in_industrial_zone": false, "ghsl_2018": 1}, "geometry": {"type": "Polygon", "coordinates": [[[72.8119413, 21.1550892], [72.8119191, 21.155340100000004], [72.81177529999998, 21.155329100000003], [72.81179740000002, 21.155078100000008], [72.8119413, 21.1550892]]]}}, {"type": "Feature", "properties": {"layer": "building", "distance_m": 332.6, "source": "Microsoft ML Buildings", "in_industrial_zone": false, "ghsl_2018": 1}, "geometry": {"type": "Polygon", "coordinates": [[[72.812067, 21.155628800000006], [72.81206270000001, 21.1556709], [72.81193509999999, 21.155659599999996], [72.8119558, 21.1554576], [72.8120967, 21.15547010000001], [72.8120935, 21.1555011], [72.81223700000001, 21.1555139], [72.81222379999998, 21.1556428], [72.812067, 21.155628800000006]]]}}, {"type": "Feature", "properties": {"layer": "building", "distance_m": 330.3, "source": "Microsoft ML Buildings", "in_industrial_zone": false, "ghsl_2018": 1}, "geometry": {"type": "Polygon", "coordinates": [[[72.8122222, 21.1556462], [72.8122187, 21.15574120000001], [72.8120751, 21.155736599999997], [72.8120786, 21.155641599999996], [72.8122222, 21.1556462]]]}}, {"type": "Feature", "properties": {"layer": "building", "distance_m": 341.8, "source": "Microsoft ML Buildings", "in_industrial_zone": false, "ghsl_2018": 1}, "geometry": {"type": "Polygon", "coordinates": [[[72.81223360000001, 21.155356699999995], [72.81196830000002, 21.155348900000003], [72.8119749, 21.15515149999999], [72.81210360000001, 21.1551553], [72.81209959999998, 21.155272699999998], [72.81223630000001, 21.15527670000001], [72.81223360000001, 21.155356699999995]]]}}, {"type": "Feature", "properties": {"layer": "building", "distance_m": 324.3, "source": "Microsoft ML Buildings", "in_industrial_zone": false, "ghsl_2018": 1}, "geometry": {"type": "Polygon", "coordinates": [[[72.8124151, 21.1552312], [72.81240909999998, 21.155369799999992], [72.81228759999999, 21.155365300000003], [72.81229100000002, 21.15528530000001], [72.8122947, 21.155285499999998], [72.8122973, 21.155226800000005], [72.8124151, 21.1552312]]]}}, {"type": "Feature", "properties": {"layer": "building", "distance_m": 330.1, "source": "Microsoft ML Buildings", "in_industrial_zone": false, "ghsl_2018": 1}, "geometry": {"type": "Polygon", "coordinates": [[[72.8124212, 21.155212599999995], [72.8123007, 21.1552084], [72.8123064, 21.155066000000005], [72.81242689999999, 21.155070199999994], [72.8124212, 21.155212599999995]]]}}, {"type": "Feature", "properties": {"layer": "building", "distance_m": 309.9, "source": "Microsoft ML Buildings", "in_industrial_zone": false, "ghsl_2018": 1}, "geometry": {"type": "Polygon", "coordinates": [[[72.8124327, 21.155185], [72.81256659999998, 21.155189900000003], [72.8125591, 21.1553697], [72.8124252, 21.155364900000002], [72.8124327, 21.155185]]]}}, {"type": "Feature", "properties": {"layer": "building", "distance_m": 301.0, "source": "Microsoft ML Buildings", "in_industrial_zone": false, "ghsl_2018": 1}, "geometry": {"type": "Polygon", "coordinates": [[[72.8124034, 21.1556528], [72.8124049, 21.155584000000005], [72.812539, 21.155586599999992], [72.81253749999999, 21.1556554], [72.8124034, 21.1556528]]]}}, {"type": "Feature", "properties": {"layer": "building", "distance_m": 298.4, "source": "Microsoft ML Buildings", "in_industrial_zone": false, "ghsl_2018": 1}, "geometry": {"type": "Polygon", "coordinates": [[[72.81240350000002, 21.155659100000005], [72.81254110000002, 21.1556641], [72.8125382, 21.155734], [72.8124006, 21.155729000000004], [72.81240350000002, 21.155659100000005]]]}}, {"type": "Feature", "properties": {"layer": "building", "distance_m": 314.1, "source": "Microsoft ML Buildings", "in_industrial_zone": false, "ghsl_2018": 1}, "geometry": {"type": "Polygon", "coordinates": [[[72.81236239999998, 21.155804900000003], [72.8123212, 21.155949800000002], [72.81226860000001, 21.155936800000006], [72.81230970000001, 21.155791900000008], [72.81236239999998, 21.155804900000003]]]}}, {"type": "Feature", "properties": {"layer": "building", "distance_m": 299.1, "source": "Microsoft ML Buildings", "in_industrial_zone": false, "ghsl_2018": 1}, "geometry": {"type": "Polygon", "coordinates": [[[72.8123152, 21.1557362], [72.8125213, 21.155744300000002], [72.8125201, 21.1557718], [72.8123568, 21.1557653], [72.8123558, 21.1557878], [72.8123129, 21.155786099999997], [72.8123152, 21.1557362]]]}}, {"type": "Feature", "properties": {"layer": "building", "distance_m": 281.9, "source": "Microsoft ML Buildings", "in_industrial_zone": false, "ghsl_2018": 1}, "geometry": {"type": "Polygon", "coordinates": [[[72.8123119, 21.156259500000004], [72.8123343, 21.156023700000002], [72.8126164, 21.156047000000004], [72.8125898, 21.156327400000006], [72.8124949, 21.156319600000003], [72.81249700000001, 21.1562973], [72.8123364, 21.156284], [72.8123385, 21.156261699999998], [72.8123119, 21.156259500000004]]]}}, {"type": "Feature", "properties": {"layer": "building", "distance_m": 285.3, "source": "Microsoft ML Buildings", "in_industrial_zone": false, "ghsl_2018": 1}, "geometry": {"type": "Polygon", "coordinates": [[[72.8126299, 21.155867400000005], [72.8125998, 21.156004199999998], [72.8123441, 21.155955199999998], [72.8123769, 21.1558064], [72.812436, 21.1558178], [72.81244499999998, 21.155777000000008], [72.8125309, 21.155793399999997], [72.81251929999999, 21.1558462], [72.8126299, 21.155867400000005]]]}}, {"type": "Feature", "properties": {"layer": "building", "distance_m": 287.8, "source": "Google Open Buildings", "in_industrial_zone": false, "ghsl_2018": 1}, "geometry": {"type": "Polygon", "coordinates": [[[72.8125831, 21.155736999999995], [72.8126344, 21.155741100000004], [72.8126309, 21.1557791], [72.8125797, 21.155775100000003], [72.8125831, 21.155736999999995]]]}}, {"type": "Feature", "properties": {"layer": "building", "distance_m": 282.7, "source": "Google Open Buildings", "in_industrial_zone": false, "ghsl_2018": 1}, "geometry": {"type": "Polygon", "coordinates": [[[72.81259710000002, 21.155770299999997], [72.8126709, 21.1557767], [72.812665, 21.155836500000003], [72.8125912, 21.155830099999992], [72.81259710000002, 21.155770299999997]]]}}, {"type": "Feature", "properties": {"layer": "building", "distance_m": 282.3, "source": "Google Open Buildings", "in_industrial_zone": false, "ghsl_2018": 1}, "geometry": {"type": "Polygon", "coordinates": [[[72.8125912, 21.155830099999992], [72.812665, 21.155836500000003], [72.81266259999998, 21.1558606], [72.8125888, 21.155854300000005], [72.8125912, 21.155830099999992]]]}}, {"type": "Feature", "properties": {"layer": "building", "distance_m": 266.0, "source": "Google Open Buildings", "in_industrial_zone": false, "ghsl_2018": 1}, "geometry": {"type": "Polygon", "coordinates": [[[72.81273420000001, 21.1559386], [72.81278919999998, 21.1559414], [72.812784, 21.1560326], [72.812729, 21.1560298], [72.81273420000001, 21.1559386]]]}}, {"type": "Feature", "properties": {"layer": "building", "distance_m": 264.4, "source": "Google Open Buildings", "in_industrial_zone": false, "ghsl_2018": 1}, "geometry": {"type": "Polygon", "coordinates": [[[72.8127232, 21.156255799999993], [72.8127647, 21.156258499999996], [72.8127612, 21.156307200000004], [72.8127197, 21.156304500000008], [72.8127232, 21.156255799999993]]]}}, {"type": "Feature", "properties": {"layer": "building", "distance_m": 264.4, "source": "Google Open Buildings", "in_industrial_zone": false, "ghsl_2018": 1}, "geometry": {"type": "Polygon", "coordinates": [[[72.8127197, 21.156304500000008], [72.8127612, 21.156307200000004], [72.8127589, 21.156338699999996], [72.8127174, 21.156336100000004], [72.8127197, 21.156304500000008]]]}}, {"type": "Feature", "properties": {"layer": "building", "distance_m": 264.9, "source": "Google Open Buildings", "in_industrial_zone": false, "ghsl_2018": 1}, "geometry": {"type": "Polygon", "coordinates": [[[72.81272449999999, 21.156143], [72.8127691, 21.1561457], [72.8127617, 21.1562515], [72.81271709999999, 21.156248699999995], [72.81272449999999, 21.156143]]]}}, {"type": "Feature", "properties": {"layer": "building", "distance_m": 265.1, "source": "Google Open Buildings", "in_industrial_zone": false, "ghsl_2018": 1}, "geometry": {"type": "Polygon", "coordinates": [[[72.81273679999998, 21.156040900000004], [72.8127765, 21.1560425], [72.81277130000001, 21.1561526], [72.81273170000001, 21.156151000000005], [72.81273679999998, 21.156040900000004]]]}}, {"type": "Feature", "properties": {"layer": "building", "distance_m": 267.4, "source": "Microsoft ML Buildings", "in_industrial_zone": false, "ghsl_2018": 1}, "geometry": {"type": "Polygon", "coordinates": [[[72.8128963, 21.155440800000004], [72.81294560000002, 21.155442100000002], [72.8129436, 21.1555033], [72.8128944, 21.1555019], [72.8128963, 21.155440800000004]]]}}, {"type": "Feature", "properties": {"layer": "building", "distance_m": 267.5, "source": "Google Open Buildings", "in_industrial_zone": false, "ghsl_2018": 1}, "geometry": {"type": "Polygon", "coordinates": [[[72.81282, 21.155648500000005], [72.8128663, 21.155655500000005], [72.8128558, 21.1557168], [72.81280950000001, 21.155709799999997], [72.81282, 21.155648500000005]]]}}, {"type": "Feature", "properties": {"layer": "building", "distance_m": 286.7, "source": "Microsoft ML Buildings", "in_industrial_zone": false, "ghsl_2018": 1}, "geometry": {"type": "Polygon", "coordinates": [[[72.8126647, 21.1557075], [72.8125762, 21.155706], [72.81257880000001, 21.155576000000003], [72.81266729999999, 21.1555775], [72.8126647, 21.1557075]]]}}, {"type": "Feature", "properties": {"layer": "building", "distance_m": 289.0, "source": "Microsoft ML Buildings", "in_industrial_zone": false, "ghsl_2018": 1}, "geometry": {"type": "Polygon", "coordinates": [[[72.8126917, 21.155473599999997], [72.8126895, 21.155572299999996], [72.81259030000001, 21.155570399999995], [72.81259250000001, 21.155471700000007], [72.8126917, 21.155473599999997]]]}}, {"type": "Feature", "properties": {"layer": "building", "distance_m": 287.6, "source": "Google Open Buildings", "in_industrial_zone": false, "ghsl_2018": 1}, "geometry": {"type": "Polygon", "coordinates": [[[72.8127488, 21.1553745], [72.81277780000002, 21.155376800000003], [72.81277479999999, 21.155410900000003], [72.8127458, 21.155408600000005], [72.8127488, 21.1553745]]]}}, {"type": "Feature", "properties": {"layer": "building", "distance_m": 291.9, "source": "Microsoft ML Buildings", "in_industrial_zone": false, "ghsl_2018": 1}, "geometry": {"type": "Polygon", "coordinates": [[[72.81271510000002, 21.155443000000005], [72.8126485, 21.1554297], [72.8126952, 21.1552264], [72.8127619, 21.155239700000006], [72.81271510000002, 21.155443000000005]]]}}, {"type": "Feature", "properties": {"layer": "building", "distance_m": 286.5, "source": "Microsoft ML Buildings", "in_industrial_zone": false, "ghsl_2018": 1}, "geometry": {"type": "Polygon", "coordinates": [[[72.8128287, 21.155326200000005], [72.8127599, 21.1553187], [72.81277010000001, 21.155237300000003], [72.8128389, 21.155244800000006], [72.8128287, 21.155326200000005]]]}}, {"type": "Feature", "properties": {"layer": "building", "distance_m": 269.0, "source": "Microsoft ML Buildings", "in_industrial_zone": false, "ghsl_2018": 1}, "geometry": {"type": "Polygon", "coordinates": [[[72.81301100000002, 21.1552621], [72.8130071, 21.155347], [72.8128589, 21.155341200000002], [72.81286270000001, 21.155256300000005], [72.81301100000002, 21.1552621]]]}}, {"type": "Feature", "properties": {"layer": "building", "distance_m": 255.0, "source": "Google Open Buildings", "in_industrial_zone": false, "ghsl_2018": 1}, "geometry": {"type": "Polygon", "coordinates": [[[72.81311310000001, 21.155396799999995], [72.813116, 21.155424300000004], [72.8130534, 21.1554299], [72.81305059999998, 21.155402499999997], [72.81311310000001, 21.155396799999995]]]}}, {"type": "Feature", "properties": {"layer": "building", "distance_m": 224.7, "source": "Microsoft ML Buildings", "in_industrial_zone": false, "ghsl_2018": 1}, "geometry": {"type": "Polygon", "coordinates": [[[72.81325150000002, 21.1556541], [72.8132432, 21.155586099999997], [72.81331739999999, 21.1555783], [72.81332560000001, 21.1556463], [72.81325150000002, 21.1556541]]]}}, {"type": "Feature", "properties": {"layer": "building", "distance_m": 210.7, "source": "Microsoft ML Buildings", "in_industrial_zone": false, "ghsl_2018": 1}, "geometry": {"type": "Polygon", "coordinates": [[[72.813472, 21.155489400000004], [72.8134231, 21.1557542], [72.8133537, 21.155742999999998], [72.8134027, 21.1554782], [72.813472, 21.155489400000004]]]}}, {"type": "Feature", "properties": {"layer": "building", "distance_m": 182.0, "source": "Google Open Buildings", "in_industrial_zone": false, "ghsl_2018": 1}, "geometry": {"type": "Polygon", "coordinates": [[[72.8134912, 21.156314000000002], [72.8135557, 21.156316800000003], [72.8135541, 21.156348200000007], [72.8134896, 21.156345300000005], [72.8134912, 21.156314000000002]]]}}, {"type": "Feature", "properties": {"layer": "building", "distance_m": 220.5, "source": "Google Open Buildings", "in_industrial_zone": false, "ghsl_2018": 1}, "geometry": {"type": "Polygon", "coordinates": [[[72.8131835, 21.156312499999995], [72.8131828, 21.1563463], [72.813126, 21.156345200000004], [72.8131267, 21.156311500000008], [72.8131835, 21.156312499999995]]]}}, {"type": "Feature", "properties": {"layer": "building", "distance_m": 236.4, "source": "Google Open Buildings", "in_industrial_zone": false, "ghsl_2018": 1}, "geometry": {"type": "Polygon", "coordinates": [[[72.81302849999999, 21.155983800000005], [72.81307619999998, 21.1559859], [72.8130739, 21.1560346], [72.8130262, 21.156032600000003], [72.81302849999999, 21.155983800000005]]]}}, {"type": "Feature", "properties": {"layer": "building", "distance_m": 233.4, "source": "Google Open Buildings", "in_industrial_zone": false, "ghsl_2018": 1}, "geometry": {"type": "Polygon", "coordinates": [[[72.8130777, 21.155830800000004], [72.8131402, 21.155831599999996], [72.81313920000001, 21.1558993], [72.8130767, 21.1558985], [72.8130777, 21.155830800000004]]]}}, {"type": "Feature", "properties": {"layer": "building", "distance_m": 241.8, "source": "Google Open Buildings", "in_industrial_zone": false, "ghsl_2018": 1}, "geometry": {"type": "Polygon", "coordinates": [[[72.812997, 21.156091999999997], [72.8130005, 21.156137799999996], [72.8129357, 21.1561421], [72.8129322, 21.156096299999998], [72.812997, 21.156091999999997]]]}}, {"type": "Feature", "properties": {"layer": "building", "distance_m": 232.4, "source": "Microsoft ML Buildings", "in_industrial_zone": false, "ghsl_2018": 1}, "geometry": {"type": "Polygon", "coordinates": [[[72.8130738, 21.156273699999996], [72.8129665, 21.1562753], [72.8129659, 21.156241699999995], [72.8130732, 21.15624], [72.8130738, 21.156273699999996]]]}}, {"type": "Feature", "properties": {"layer": "building", "distance_m": 234.7, "source": "Google Open Buildings", "in_industrial_zone": false, "ghsl_2018": 1}, "geometry": {"type": "Polygon", "coordinates": [[[72.81305, 21.1561825], [72.81305680000001, 21.1562285], [72.8130119, 21.1562343], [72.8130051, 21.156188300000004], [72.81305, 21.1561825]]]}}, {"type": "Feature", "properties": {"layer": "building", "distance_m": 209.4, "source": "Microsoft ML Buildings", "in_industrial_zone": false, "ghsl_2018": 1}, "geometry": {"type": "Polygon", "coordinates": [[[72.8132325, 21.156980400000002], [72.8132362, 21.1568704], [72.81333, 21.1568731], [72.8133263, 21.156983099999998], [72.8132325, 21.156980400000002]]]}}, {"type": "Feature", "properties": {"layer": "building", "distance_m": 226.4, "source": "Microsoft ML Buildings", "in_industrial_zone": false, "ghsl_2018": 1}, "geometry": {"type": "Polygon", "coordinates": [[[72.8129982, 21.1568527], [72.8129962, 21.1567866], [72.8131463, 21.1567827], [72.8131503, 21.1569164], [72.8130796, 21.156918200000007], [72.8130776, 21.1568507], [72.8129982, 21.1568527]]]}}, {"type": "Feature", "properties": {"layer": "building", "distance_m": 249.1, "source": "Google Open Buildings", "in_industrial_zone": false, "ghsl_2018": 1}, "geometry": {"type": "Polygon", "coordinates": [[[72.8130778, 21.1574289], [72.8131324, 21.157435600000003], [72.8131293, 21.1574578], [72.8130747, 21.157451099999996], [72.8130778, 21.1574289]]]}}, {"type": "Feature", "properties": {"layer": "building", "distance_m": 229.3, "source": "Google Open Buildings", "in_industrial_zone": false, "ghsl_2018": 1}, "geometry": {"type": "Polygon", "coordinates": [[[72.8130584, 21.1571353], [72.813216, 21.157156200000003], [72.8131748, 21.157429799999996], [72.8130172, 21.1574089], [72.8130584, 21.1571353]]]}}, {"type": "Feature", "properties": {"layer": "building", "distance_m": 217.1, "source": "Microsoft ML Buildings", "in_industrial_zone": false, "ghsl_2018": 1}, "geometry": {"type": "Polygon", "coordinates": [[[72.81324620000001, 21.1570585], [72.8133074, 21.1570639], [72.81330280000002, 21.157108499999996], [72.81324169999999, 21.157103099999997], [72.81324620000001, 21.1570585]]]}}, {"type": "Feature", "properties": {"layer": "building", "distance_m": 183.8, "source": "Microsoft ML Buildings", "in_industrial_zone": false, "ghsl_2018": 1}, "geometry": {"type": "Polygon", "coordinates": [[[72.8136383, 21.1572269], [72.8136287, 21.1574417], [72.81321529999998, 21.157425600000003], [72.81322529999998, 21.157203300000003], [72.8134234, 21.157211000000004], [72.81342660000001, 21.15714], [72.8135069, 21.1571431], [72.8135135, 21.156995800000004], [72.81336460000001, 21.156990000000004], [72.8133718, 21.1568288], [72.8135743, 21.156836699999996], [72.8135675, 21.156989000000003], [72.8135889, 21.156989900000003], [72.813581, 21.157164699999996], [72.8136624, 21.1571678], [72.81365969999999, 21.1572277], [72.8136383, 21.1572269]]]}}, {"type": "Feature", "properties": {"layer": "building", "distance_m": 190.4, "source": "Google Open Buildings", "in_industrial_zone": false, "ghsl_2018": 1}, "geometry": {"type": "Polygon", "coordinates": [[[72.8133388, 21.1563459], [72.8133877, 21.156343499999995], [72.8133866, 21.156324800000004], [72.8134652, 21.1563209], [72.8134697, 21.156401399999996], [72.8133423, 21.1564077], [72.8133388, 21.1563459]]]}}, {"type": "Feature", "properties": {"layer": "building", "distance_m": 141.9, "source": "Google Open Buildings", "in_industrial_zone": false, "ghsl_2018": 1}, "geometry": {"type": "Polygon", "coordinates": [[[72.81387729999999, 21.156390599999998], [72.8139341, 21.156387899999995], [72.8139361, 21.156424200000004], [72.8138793, 21.156426899999996], [72.81387729999999, 21.156390599999998]]]}}, {"type": "Feature", "properties": {"layer": "building", "distance_m": 161.7, "source": "Google Open Buildings", "in_industrial_zone": false, "ghsl_2018": 1}, "geometry": {"type": "Polygon", "coordinates": [[[72.8138604, 21.157250800000003], [72.81399699999999, 21.1572723], [72.81393860000001, 21.157599999999995], [72.813802, 21.157578600000004], [72.8138604, 21.157250800000003]]]}}, {"type": "Feature", "properties": {"layer": "building", "distance_m": 148.7, "source": "Google Open Buildings", "in_industrial_zone": false, "ghsl_2018": 1}, "geometry": {"type": "Polygon", "coordinates": [[[72.813905, 21.15689360000001], [72.8139403, 21.156896500000002], [72.8139348, 21.1569557], [72.8139653, 21.156958200000002], [72.8139631, 21.156981400000003], [72.8138973, 21.156975999999997], [72.813905, 21.15689360000001]]]}}, {"type": "Feature", "properties": {"layer": "building", "distance_m": 132.7, "source": "Microsoft ML Buildings", "in_industrial_zone": false, "ghsl_2018": 1}, "geometry": {"type": "Polygon", "coordinates": [[[72.8141667, 21.157402199999996], [72.8140781, 21.157388099999995], [72.81410849999999, 21.1572215], [72.8143327, 21.157256999999998], [72.81431340000002, 21.157362899999995], [72.8141778, 21.1573414], [72.8141667, 21.157402199999996]]]}}, {"type": "Feature", "properties": {"layer": "building", "distance_m": 98.4, "source": "Microsoft ML Buildings", "in_industrial_zone": false, "ghsl_2018": 1}, "geometry": {"type": "Polygon", "coordinates": [[[72.81429950000002, 21.1569341], [72.8143207, 21.156847100000007], [72.8144559, 21.1568759], [72.8143977, 21.157113600000002], [72.8142651, 21.1570854], [72.8142875, 21.156994000000005], [72.81415749999998, 21.156966400000005], [72.814172, 21.156906900000003], [72.81429950000002, 21.1569341]]]}}, {"type": "Feature", "properties": {"layer": "building", "distance_m": 104.9, "source": "Google Open Buildings", "in_industrial_zone": false, "ghsl_2018": 1}, "geometry": {"type": "Polygon", "coordinates": [[[72.81427040000001, 21.15655960000001], [72.8142957, 21.156564000000003], [72.8142587, 21.156753], [72.8142334, 21.156748600000004], [72.81427040000001, 21.15655960000001]]]}}, {"type": "Feature", "properties": {"layer": "building", "distance_m": 164.4, "source": "Google Open Buildings", "in_industrial_zone": false, "ghsl_2018": 1}, "geometry": {"type": "Polygon", "coordinates": [[[72.8136355, 21.156293600000005], [72.8136373, 21.156259500000004], [72.8137311, 21.156263700000004], [72.8137294, 21.156297800000004], [72.8136355, 21.156293600000005]]]}}, {"type": "Feature", "properties": {"layer": "building", "distance_m": 188.8, "source": "Microsoft ML Buildings", "in_industrial_zone": false, "ghsl_2018": 1}, "geometry": {"type": "Polygon", "coordinates": [[[72.8139892, 21.155225], [72.81398510000001, 21.155298700000003], [72.8137684, 21.155288300000006], [72.8137726, 21.155212100000007], [72.81374049999998, 21.155210499999995], [72.81374540000002, 21.155123200000002], [72.8139032, 21.155130800000006], [72.8138982, 21.155220600000003], [72.8139892, 21.155225]]]}}, {"type": "Feature", "properties": {"layer": "building", "distance_m": 185.3, "source": "Microsoft ML Buildings", "in_industrial_zone": false, "ghsl_2018": 1}, "geometry": {"type": "Polygon", "coordinates": [[[72.8140029, 21.1552076], [72.8140071, 21.1551629], [72.81412159999998, 21.1551723], [72.8141174, 21.1552169], [72.8140029, 21.1552076]]]}}, {"type": "Feature", "properties": {"layer": "building", "distance_m": 118.2, "source": "Google Open Buildings", "in_industrial_zone": false, "ghsl_2018": 1}, "geometry": {"type": "Polygon", "coordinates": [[[72.8145789, 21.155040000000007], [72.814638, 21.155081000000003], [72.8146519, 21.155063299999995], [72.814774, 21.1551478], [72.8147602, 21.155165399999998], [72.8148237, 21.155209400000007], [72.8148075, 21.15523], [72.8148047, 21.155227999999997], [72.8147133, 21.1553443], [72.8146965, 21.155332699999995], [72.8146258, 21.155422700000003], [72.8144005, 21.155266900000004], [72.8144521, 21.155201300000005], [72.81443329999999, 21.155188299999992], [72.8145017, 21.155101300000002], [72.8145205, 21.1551143], [72.8145789, 21.155040000000007]]]}}, {"type": "Feature", "properties": {"layer": "building", "distance_m": 106.5, "source": "Google Open Buildings", "in_industrial_zone": false, "ghsl_2018": 1}, "geometry": {"type": "Polygon", "coordinates": [[[72.8145973, 21.155459], [72.81459609999999, 21.155480799999992], [72.8146947, 21.155485600000002], [72.8146904, 21.155564199999997], [72.81471690000001, 21.155565499999998], [72.81471420000001, 21.1556147], [72.81468760000001, 21.155613400000004], [72.8146847, 21.155665699999993], [72.8146639, 21.155664700000003], [72.8146607, 21.155722500000003], [72.81458740000001, 21.155719], [72.8145854, 21.155754200000004], [72.81440830000001, 21.1557456], [72.81441030000002, 21.155710300000003], [72.81436219999999, 21.155707899999996], [72.8143655, 21.155647200000004], [72.814342, 21.155646100000002], [72.8143483, 21.155533199999997], [72.8143718, 21.155534300000003], [72.81437660000002, 21.1554482], [72.8145973, 21.155459]]]}}, {"type": "Feature", "properties": {"layer": "building", "distance_m": 85.5, "source": "Microsoft ML Buildings", "in_industrial_zone": false, "ghsl_2018": 1}, "geometry": {"type": "Polygon", "coordinates": [[[72.81448790000002, 21.1558452], [72.81458770000002, 21.155886999999996], [72.81462920000001, 21.155997700000004], [72.8145708, 21.156118799999998], [72.8144382, 21.156162100000007], [72.81430519999999, 21.1561063], [72.8142632, 21.155994500000002], [72.81431930000001, 21.155878200000004], [72.81443479999999, 21.155840499999996], [72.8144587, 21.155850500000007], [72.81447619999999, 21.155814199999995], [72.81448790000002, 21.1558452]]]}}, {"type": "Feature", "properties": {"layer": "building", "distance_m": 55.5, "source": "Microsoft ML Buildings", "in_industrial_zone": false, "ghsl_2018": 1}, "geometry": {"type": "Polygon", "coordinates": [[[72.81480890000002, 21.156152500000008], [72.8148074, 21.156200000000002], [72.8147458, 21.156198400000005], [72.8147515, 21.156015900000003], [72.8148104, 21.156017500000004], [72.8148086, 21.156075000000005], [72.81489169999999, 21.156077200000002], [72.81488930000002, 21.1561547], [72.81480890000002, 21.156152500000008]]]}}, {"type": "Feature", "properties": {"layer": "building", "distance_m": 41.4, "source": "Google Open Buildings", "in_industrial_zone": false, "ghsl_2018": 1}, "geometry": {"type": "Polygon", "coordinates": [[[72.814912, 21.156192100000002], [72.81498180000001, 21.1562048], [72.8149686, 21.1562687], [72.8148989, 21.156255999999996], [72.814912, 21.156192100000002]]]}}, {"type": "Feature", "properties": {"layer": "building", "distance_m": 75.2, "source": "Microsoft ML Buildings", "in_industrial_zone": false, "ghsl_2018": 1}, "geometry": {"type": "Polygon", "coordinates": [[[72.8148869, 21.155649599999997], [72.81493929999999, 21.155657200000004], [72.8149512, 21.155586400000004], [72.8150506, 21.1556009], [72.8150158, 21.1558085], [72.81480890000002, 21.155778200000004], [72.814819, 21.15571820000001], [72.814874, 21.1557263], [72.8148869, 21.155649599999997]]]}}, {"type": "Feature", "properties": {"layer": "building", "distance_m": 94.1, "source": "Microsoft ML Buildings", "in_industrial_zone": false, "ghsl_2018": 1}, "geometry": {"type": "Polygon", "coordinates": [[[72.8149546, 21.1554663], [72.81488000000002, 21.1554519], [72.8149409, 21.1551785], [72.8150155, 21.155193000000008], [72.8149546, 21.1554663]]]}}, {"type": "Feature", "properties": {"layer": "building", "distance_m": 80.2, "source": "Microsoft ML Buildings", "in_industrial_zone": false, "ghsl_2018": 1}, "geometry": {"type": "Polygon", "coordinates": [[[72.81500189999998, 21.1554749], [72.8150281, 21.1553522], [72.8151132, 21.155368000000006], [72.8150871, 21.155490699999998], [72.81500189999998, 21.1554749]]]}}, {"type": "Feature", "properties": {"layer": "building", "distance_m": 50.2, "source": "Microsoft ML Buildings", "in_industrial_zone": false, "ghsl_2018": 1}, "geometry": {"type": "Polygon", "coordinates": [[[72.8152551, 21.1552424], [72.8154669, 21.155309300000006], [72.815393, 21.155512599999998], [72.81534729999998, 21.1554982], [72.81533259999999, 21.155538599999996], [72.8152845, 21.1555234], [72.8152951, 21.155494199999993], [72.8151772, 21.1554569], [72.8152551, 21.1552424]]]}}, {"type": "Feature", "properties": {"layer": "building", "distance_m": 73.9, "source": "Microsoft ML Buildings", "in_industrial_zone": false, "ghsl_2018": 1}, "geometry": {"type": "Polygon", "coordinates": [[[72.8154436, 21.155138000000008], [72.8154244, 21.155177500000008], [72.81533979999999, 21.1551418], [72.8153589, 21.1551023], [72.8154436, 21.155138000000008]]]}}, {"type": "Feature", "properties": {"layer": "building", "distance_m": 62.2, "source": "Google Open Buildings", "in_industrial_zone": false, "ghsl_2018": 1}, "geometry": {"type": "Polygon", "coordinates": [[[72.8154242, 21.155197000000012], [72.8154429, 21.155205], [72.8154515, 21.155187300000005], [72.8155214, 21.155217000000007], [72.8155027, 21.155255900000007], [72.8154139, 21.155218199999997], [72.8154242, 21.155197000000012]]]}}, {"type": "Feature", "properties": {"layer": "building", "distance_m": 21.7, "source": "Google Open Buildings", "in_industrial_zone": false, "ghsl_2018": 1}, "geometry": {"type": "Polygon", "coordinates": [[[72.8152268, 21.156037100000002], [72.81522580000001, 21.1560558], [72.8153065, 21.1560598], [72.8152975, 21.156218700000007], [72.8152283, 21.1562673], [72.81506059999998, 21.156259], [72.81507360000002, 21.156029500000006], [72.8152268, 21.156037100000002]]]}}, {"type": "Feature", "properties": {"layer": "building", "distance_m": 41.9, "source": "Google Open Buildings", "in_industrial_zone": false, "ghsl_2018": 1}, "geometry": {"type": "Polygon", "coordinates": [[[72.8153315, 21.155648599999996], [72.8153282, 21.155680200000003], [72.81539459999999, 21.1556862], [72.8153816, 21.155812700000002], [72.8153585, 21.155810600000002], [72.81535120000001, 21.155880400000004], [72.8152754, 21.155873500000006], [72.81527160000002, 21.155910299999995], [72.8152317, 21.155906700000003], [72.8152355, 21.15586990000001], [72.8151678, 21.1558637], [72.8151705, 21.155837300000005], [72.8151153, 21.155832200000003], [72.8151328, 21.155662399999997], [72.8152061, 21.1556691], [72.81520930000002, 21.155637500000005], [72.8153315, 21.155648599999996]]]}}, {"type": "Feature", "properties": {"layer": "building", "distance_m": 43.1, "source": "Google Open Buildings", "in_industrial_zone": false, "ghsl_2018": 1}, "geometry": {"type": "Polygon", "coordinates": [[[72.8154984, 21.1569283], [72.81549919999999, 21.156959], [72.8155894, 21.156956900000004], [72.8155964, 21.157221399999997], [72.8155092, 21.157223400000007], [72.8155107, 21.157279799999994], [72.8154888, 21.157280299999993], [72.815488, 21.157252500000002], [72.81537630000001, 21.157255099999997], [72.8153756, 21.157226600000005], [72.815268, 21.157229100000002], [72.8152663, 21.1571631], [72.8152163, 21.1571642], [72.81521559999999, 21.15713580000001], [72.8152455, 21.157135099999998], [72.81524349999998, 21.157060800000004], [72.8152636, 21.157060300000012], [72.81526149999999, 21.1569823], [72.81533370000001, 21.1569806], [72.81533240000002, 21.156932099999995], [72.8154984, 21.1569283]]]}}, {"type": "Feature", "properties": {"layer": "building", "distance_m": 81.9, "source": "Google Open Buildings", "in_industrial_zone": false, "ghsl_2018": 1}, "geometry": {"type": "Polygon", "coordinates": [[[72.8156261, 21.157331100000007], [72.8157392, 21.157352400000004], [72.8157209, 21.157437899999998], [72.81560779999998, 21.15741660000001], [72.8156261, 21.157331100000007]]]}}, {"type": "Feature", "properties": {"layer": "building", "distance_m": 82.1, "source": "Google Open Buildings", "in_industrial_zone": false, "ghsl_2018": 1}, "geometry": {"type": "Polygon", "coordinates": [[[72.81502020000002, 21.1571776], [72.8150762, 21.1571854], [72.8150636, 21.157264300000005], [72.8150076, 21.15725650000001], [72.81502020000002, 21.1571776]]]}}, {"type": "Feature", "properties": {"layer": "building", "distance_m": 108.8, "source": "Google Open Buildings", "in_industrial_zone": false, "ghsl_2018": 1}, "geometry": {"type": "Polygon", "coordinates": [[[72.81469650000001, 21.157340499999997], [72.8149033, 21.157384099999998], [72.8148342, 21.1576732], [72.81462729999998, 21.157629700000008], [72.81469650000001, 21.157340499999997]]]}}, {"type": "Feature", "properties": {"layer": "building", "distance_m": 79.4, "source": "Microsoft ML Buildings", "in_industrial_zone": false, "ghsl_2018": 1}, "geometry": {"type": "Polygon", "coordinates": [[[72.8148459, 21.1570511], [72.8148288, 21.157130400000003], [72.81472310000001, 21.1571105], [72.8147403, 21.157031200000002], [72.8148459, 21.1570511]]]}}, {"type": "Feature", "properties": {"layer": "building", "distance_m": 56.8, "source": "Google Open Buildings", "in_industrial_zone": false, "ghsl_2018": 1}, "geometry": {"type": "Polygon", "coordinates": [[[72.8145782, 21.156507], [72.8147592, 21.156543100000007], [72.814752, 21.156574800000005], [72.81457100000002, 21.156538700000002], [72.8145782, 21.156507]]]}}, {"type": "Feature", "properties": {"layer": "building", "distance_m": 76.9, "source": "Google Open Buildings", "in_industrial_zone": false, "ghsl_2018": 1}, "geometry": {"type": "Polygon", "coordinates": [[[72.8145624, 21.156525399999996], [72.81454549999998, 21.1566399], [72.8145158, 21.156636100000004], [72.8145327, 21.156521500000007], [72.8145624, 21.156525399999996]]]}}, {"type": "Feature", "properties": {"layer": "building", "distance_m": 78.0, "source": "Microsoft ML Buildings", "in_industrial_zone": false, "ghsl_2018": 1}, "geometry": {"type": "Polygon", "coordinates": [[[72.81450859999998, 21.156620200000003], [72.8143782, 21.156597200000004], [72.8143968, 21.156505400000004], [72.8142881, 21.1564863], [72.81429950000002, 21.156429700000004], [72.8144135, 21.1564498], [72.8144294, 21.156371099999994], [72.8145547, 21.156393200000004], [72.81450859999998, 21.156620200000003]]]}}, {"type": "Feature", "properties": {"layer": "building", "distance_m": 94.7, "source": "Google Open Buildings", "in_industrial_zone": false, "ghsl_2018": 1}, "geometry": {"type": "Polygon", "coordinates": [[[72.8144637, 21.156995099999996], [72.8145997, 21.157021599999997], [72.81459210000001, 21.157055900000003], [72.81445610000002, 21.157029399999995], [72.8144637, 21.156995099999996]]]}}, {"type": "Feature", "properties": {"layer": "building", "distance_m": 114.7, "source": "Google Open Buildings", "in_industrial_zone": false, "ghsl_2018": 1}, "geometry": {"type": "Polygon", "coordinates": [[[72.8144689, 21.157291900000004], [72.81469059999999, 21.157338], [72.8145017, 21.158137799999995], [72.81428, 21.1580917], [72.8144689, 21.157291900000004]]]}}, {"type": "Feature", "properties": {"layer": "building", "distance_m": 115.0, "source": "Google Open Buildings", "in_industrial_zone": false, "ghsl_2018": 1}, "geometry": {"type": "Polygon", "coordinates": [[[72.81490359999998, 21.157449600000003], [72.8149431, 21.1574579], [72.8149363, 21.1574861], [72.8150019, 21.157499900000005], [72.81495440000002, 21.1576985], [72.8148494, 21.1576764], [72.81490359999998, 21.157449600000003]]]}}, {"type": "Feature", "properties": {"layer": "building", "distance_m": 140.2, "source": "Google Open Buildings", "in_industrial_zone": false, "ghsl_2018": 1}, "geometry": {"type": "Polygon", "coordinates": [[[72.81495440000002, 21.1576985], [72.8148324, 21.158208499999997], [72.8147274, 21.158186400000012], [72.8148494, 21.1576764], [72.81495440000002, 21.1576985]]]}}, {"type": "Feature", "properties": {"layer": "building", "distance_m": 141.3, "source": "Google Open Buildings", "in_industrial_zone": false, "ghsl_2018": 1}, "geometry": {"type": "Polygon", "coordinates": [[[72.81462729999998, 21.157629700000008], [72.8148342, 21.157673300000003], [72.8147122, 21.158183300000005], [72.81463000000001, 21.158165999999998], [72.8146166, 21.158221700000002], [72.814492, 21.158195499999998], [72.81462729999998, 21.157629700000008]]]}}, {"type": "Feature", "properties": {"layer": "building", "distance_m": 232.6, "source": "Microsoft ML Buildings", "in_industrial_zone": false, "ghsl_2018": 1}, "geometry": {"type": "Polygon", "coordinates": [[[72.815015, 21.1586486], [72.8148794, 21.1586136], [72.8148987, 21.1585486], [72.8150343, 21.158583500000002], [72.815015, 21.1586486]]]}}, {"type": "Feature", "properties": {"layer": "building", "distance_m": 245.1, "source": "Google Open Buildings", "in_industrial_zone": false, "ghsl_2018": 1}, "geometry": {"type": "Polygon", "coordinates": [[[72.8149146, 21.158675800000005], [72.8149686, 21.158683900000003], [72.8149603, 21.1587323], [72.8149063, 21.15872420000001], [72.8149146, 21.158675800000005]]]}}, {"type": "Feature", "properties": {"layer": "building", "distance_m": 353.9, "source": "Google Open Buildings", "in_industrial_zone": false, "ghsl_2018": 1}, "geometry": {"type": "Polygon", "coordinates": [[[72.81446669999998, 21.159578], [72.8145004, 21.159582400000005], [72.8144874, 21.159670100000007], [72.8144537, 21.159665800000003], [72.8144603, 21.159621399999992], [72.81446669999998, 21.159578]]]}}, {"type": "Feature", "properties": {"layer": "building", "distance_m": 350.5, "source": "Google Open Buildings", "in_industrial_zone": false, "ghsl_2018": 1}, "geometry": {"type": "Polygon", "coordinates": [[[72.8147215, 21.1596251], [72.8150447, 21.159689], [72.8149854, 21.1599527], [72.8146622, 21.159888800000004], [72.8147215, 21.1596251]]]}}, {"type": "Feature", "properties": {"layer": "building", "distance_m": 306.6, "source": "Google Open Buildings", "in_industrial_zone": false, "ghsl_2018": 1}, "geometry": {"type": "Polygon", "coordinates": [[[72.8148093, 21.159242699999997], [72.815143, 21.159303200000004], [72.8150878, 21.159571399999997], [72.8147541, 21.159510900000008], [72.8148093, 21.159242699999997]]]}}, {"type": "Feature", "properties": {"layer": "building", "distance_m": 287.9, "source": "Microsoft ML Buildings", "in_industrial_zone": false, "ghsl_2018": 1}, "geometry": {"type": "Polygon", "coordinates": [[[72.8149239, 21.159073099999997], [72.814911, 21.159119999999998], [72.8148593, 21.159107700000003], [72.8148722, 21.159060700000005], [72.8149239, 21.159073099999997]]]}}, {"type": "Feature", "properties": {"layer": "building", "distance_m": 278.1, "source": "Microsoft ML Buildings", "in_industrial_zone": false, "ghsl_2018": 1}, "geometry": {"type": "Polygon", "coordinates": [[[72.8150637, 21.159017000000002], [72.8150519, 21.159123399999995], [72.8149803, 21.159116499999996], [72.8149921, 21.159010099999996], [72.8150637, 21.159017000000002]]]}}, {"type": "Feature", "properties": {"layer": "building", "distance_m": 334.8, "source": "Google Open Buildings", "in_industrial_zone": false, "ghsl_2018": 1}, "geometry": {"type": "Polygon", "coordinates": [[[72.81473, 21.159619300000006], [72.8147498, 21.1595115], [72.8152209, 21.159587300000002], [72.8152155, 21.159616900000003], [72.8153969, 21.159646199999997], [72.8153829, 21.159722999999996], [72.8153478, 21.159717399999995], [72.8153448, 21.1597337], [72.8152818, 21.159723600000003], [72.8152802, 21.159732800000004], [72.8151334, 21.1597092], [72.8151379, 21.159685], [72.81473, 21.159619300000006]]]}}, {"type": "Feature", "properties": {"layer": "building", "distance_m": 329.6, "source": "Microsoft ML Buildings", "in_industrial_zone": false, "ghsl_2018": 1}, "geometry": {"type": "Polygon", "coordinates": [[[72.8154674, 21.159916299999995], [72.8154498, 21.1600172], [72.8153557, 21.160003], [72.8153995, 21.159752], [72.8154491, 21.1597595], [72.815478, 21.159593800000007], [72.815559, 21.1596061], [72.8155123, 21.159874100000007], [72.8154992, 21.159872199999995], [72.8154909, 21.159919900000002], [72.8154674, 21.159916299999995]]]}}, {"type": "Feature", "properties": {"layer": "building", "distance_m": 305.1, "source": "Microsoft ML Buildings", "in_industrial_zone": false, "ghsl_2018": 1}, "geometry": {"type": "Polygon", "coordinates": [[[72.815498, 21.159569800000003], [72.8155193, 21.1593808], [72.8156175, 21.159390400000003], [72.81559610000001, 21.159579400000002], [72.815498, 21.159569800000003]]]}}, {"type": "Feature", "properties": {"layer": "building", "distance_m": 232.0, "source": "Google Open Buildings", "in_industrial_zone": false, "ghsl_2018": 1}, "geometry": {"type": "Polygon", "coordinates": [[[72.8156515, 21.1587262], [72.8156459, 21.1587733], [72.8157391, 21.158782899999995], [72.8157079, 21.159048800000004], [72.8156785, 21.1590457], [72.8156742, 21.1590822], [72.8155999, 21.159074499999996], [72.8155954, 21.159113499999997], [72.8153691, 21.159090200000005], [72.8153737, 21.159051200000007], [72.8153002, 21.159043599999997], [72.8153115, 21.1589474], [72.8152919, 21.158945300000003], [72.8153031, 21.1588498], [72.8153227, 21.158851800000004], [72.8153291, 21.1587976], [72.815433, 21.158703700000004], [72.8156515, 21.1587262]]]}}, {"type": "Feature", "properties": {"layer": "building", "distance_m": 240.4, "source": "Google Open Buildings", "in_industrial_zone": false, "ghsl_2018": 1}, "geometry": {"type": "Polygon", "coordinates": [[[72.8150283, 21.158675399999993], [72.8151421, 21.158684099999995], [72.8151349, 21.158767700000002], [72.8150211, 21.158759], [72.8150283, 21.158675399999993]]]}}, {"type": "Feature", "properties": {"layer": "building", "distance_m": 192.8, "source": "Google Open Buildings", "in_industrial_zone": false, "ghsl_2018": 1}, "geometry": {"type": "Polygon", "coordinates": [[[72.81500579999998, 21.158210600000007], [72.8151464, 21.1582394], [72.8151014, 21.158433300000002], [72.8149608, 21.158404500000003], [72.81500579999998, 21.158210600000007]]]}}, {"type": "Feature", "properties": {"layer": "building", "distance_m": 175.7, "source": "Microsoft ML Buildings", "in_industrial_zone": false, "ghsl_2018": 1}, "geometry": {"type": "Polygon", "coordinates": [[[72.8153012, 21.158118899999998], [72.8152668, 21.15827069999999], [72.8151795, 21.1582535], [72.8151889, 21.158211799999997], [72.8150632, 21.158187], [72.81508820000002, 21.1580768], [72.8153012, 21.158118899999998]]]}}, {"type": "Feature", "properties": {"layer": "building", "distance_m": 152.5, "source": "Microsoft ML Buildings", "in_industrial_zone": false, "ghsl_2018": 1}, "geometry": {"type": "Polygon", "coordinates": [[[72.8153065, 21.157903100000002], [72.815275, 21.1580155], [72.8152122, 21.158000200000004], [72.8152437, 21.157887799999997], [72.8153065, 21.157903100000002]]]}}, {"type": "Feature", "properties": {"layer": "building", "distance_m": 151.3, "source": "Google Open Buildings", "in_industrial_zone": false, "ghsl_2018": 1}, "geometry": {"type": "Polygon", "coordinates": [[[72.815062, 21.1578406], [72.8151948, 21.1578631], [72.815172, 21.1579817], [72.8150391, 21.157959100000003], [72.815062, 21.1578406]]]}}, {"type": "Feature", "properties": {"layer": "building", "distance_m": 96.2, "source": "Google Open Buildings", "in_industrial_zone": false, "ghsl_2018": 1}, "geometry": {"type": "Polygon", "coordinates": [[[72.8154742, 21.157516399999995], [72.8154452, 21.157544500000004], [72.8155068, 21.157600400000007], [72.8153283, 21.1577734], [72.8152582, 21.157709800000006], [72.81522800000002, 21.1577391], [72.81510519999999, 21.1576277], [72.8151355, 21.157598299999997], [72.81509060000002, 21.157557599999997], [72.8151473, 21.1575026], [72.81513239999998, 21.157489000000005], [72.8152105, 21.1574133], [72.81522549999998, 21.157426900000008], [72.81524429999999, 21.157408600000004], [72.8152716, 21.157433300000005], [72.8153253, 21.157381199999996], [72.8154742, 21.157516399999995]]]}}, {"type": "Feature", "properties": {"layer": "building", "distance_m": 150.5, "source": "Microsoft ML Buildings", "in_industrial_zone": false, "ghsl_2018": 1}, "geometry": {"type": "Polygon", "coordinates": [[[72.815416, 21.158018800000004], [72.8154267, 21.1579288], [72.81552209999998, 21.157938700000003], [72.8155114, 21.158028600000005], [72.815416, 21.158018800000004]]]}}, {"type": "Feature", "properties": {"layer": "building", "distance_m": 149.6, "source": "Microsoft ML Buildings", "in_industrial_zone": false, "ghsl_2018": 1}, "geometry": {"type": "Polygon", "coordinates": [[[72.8156565, 21.157965000000004], [72.8156396, 21.158053199999998], [72.8155512, 21.1580386], [72.8155681, 21.1579503], [72.8156565, 21.157965000000004]]]}}, {"type": "Feature", "properties": {"layer": "building", "distance_m": 92.4, "source": "Google Open Buildings", "in_industrial_zone": false, "ghsl_2018": 1}, "geometry": {"type": "Polygon", "coordinates": [[[72.8157979, 21.157465199999994], [72.8159339, 21.157619400000005], [72.8159052, 21.157641699999996], [72.8159616, 21.157705599999996], [72.8157946, 21.1578353], [72.8157774, 21.1578158], [72.8157358, 21.157847999999998], [72.8157018, 21.157809500000003], [72.8156835, 21.15782360000001], [72.8156484, 21.1577837], [72.8156316, 21.157796800000003], [72.8155561, 21.157711300000003], [72.8155729, 21.1576982], [72.815517, 21.157634799999993], [72.8156842, 21.157505000000008], [72.8157096, 21.157533799999992], [72.8157979, 21.157465199999994]]]}}, {"type": "Feature", "properties": {"layer": "building", "distance_m": 226.9, "source": "Google Open Buildings", "in_industrial_zone": false, "ghsl_2018": 1}, "geometry": {"type": "Polygon", "coordinates": [[[72.816309, 21.158699399999996], [72.8163426, 21.158700400000004], [72.8163417, 21.158728600000003], [72.8163081, 21.1587276], [72.816309, 21.158699399999996]]]}}, {"type": "Feature", "properties": {"layer": "building", "distance_m": 269.0, "source": "Google Open Buildings", "in_industrial_zone": false, "ghsl_2018": 1}, "geometry": {"type": "Polygon", "coordinates": [[[72.8159028, 21.1591196], [72.815906, 21.1590908], [72.8160017, 21.159099900000005], [72.8159986, 21.159128700000004], [72.8160633, 21.1591348], [72.8160516, 21.1592422], [72.8159824, 21.1592356], [72.8159749, 21.15930550000001], [72.8158748, 21.159296000000005], [72.8158823, 21.159226099999998], [72.815823, 21.159220500000004], [72.8158346, 21.1591131], [72.8159028, 21.1591196]]]}}, {"type": "Feature", "properties": {"layer": "building", "distance_m": 267.2, "source": "Google Open Buildings", "in_industrial_zone": false, "ghsl_2018": 0}, "geometry": {"type": "Polygon", "coordinates": [[[72.8156845, 21.159053199999995], [72.8157361, 21.159062199999994], [72.8157224, 21.159131700000003], [72.8156708, 21.1591228], [72.8156845, 21.159053199999995]]]}}, {"type": "Feature", "properties": {"layer": "building", "distance_m": 305.3, "source": "Microsoft ML Buildings", "in_industrial_zone": false, "ghsl_2018": 1}, "geometry": {"type": "Polygon", "coordinates": [[[72.8158585, 21.159548299999997], [72.815748, 21.1595215], [72.8157791, 21.159410000000005], [72.8158896, 21.159436800000005], [72.8158585, 21.159548299999997]]]}}, {"type": "Feature", "properties": {"layer": "building", "distance_m": 333.1, "source": "Microsoft ML Buildings", "in_industrial_zone": false, "ghsl_2018": 1}, "geometry": {"type": "Polygon", "coordinates": [[[72.81587420000001, 21.159690800000003], [72.8158574, 21.159752899999997], [72.8157249, 21.1597215], [72.8157418, 21.159659499999997], [72.81587420000001, 21.159690800000003]]]}}, {"type": "Feature", "properties": {"layer": "building", "distance_m": 335.6, "source": "Microsoft ML Buildings", "in_industrial_zone": false, "ghsl_2018": 1}, "geometry": {"type": "Polygon", "coordinates": [[[72.815875, 21.159742999999995], [72.8158898, 21.1596917], [72.81595740000002, 21.159708600000002], [72.8159426, 21.1597599], [72.815875, 21.159742999999995]]]}}, {"type": "Feature", "properties": {"layer": "building", "distance_m": 306.2, "source": "Microsoft ML Buildings", "in_industrial_zone": true, "ghsl_2018": 1}, "geometry": {"type": "Polygon", "coordinates": [[[72.816086, 21.159785399999997], [72.8161584, 21.159428000000002], [72.8162516, 21.159444399999998], [72.81617920000001, 21.159801899999998], [72.816086, 21.159785399999997]]]}}, {"type": "Feature", "properties": {"layer": "building", "distance_m": 257.9, "source": "Microsoft ML Buildings", "in_industrial_zone": true, "ghsl_2018": 1}, "geometry": {"type": "Polygon", "coordinates": [[[72.8162471, 21.159096199999997], [72.81625, 21.158986199999998], [72.8163385, 21.1589882], [72.8163355, 21.1590982], [72.8162471, 21.159096199999997]]]}}, {"type": "Feature", "properties": {"layer": "building", "distance_m": 237.2, "source": "Microsoft ML Buildings", "in_industrial_zone": true, "ghsl_2018": 1}, "geometry": {"type": "Polygon", "coordinates": [[[72.8163584, 21.158981599999997], [72.8162487, 21.15896860000001], [72.8162721, 21.158796300000002], [72.8163818, 21.1588093], [72.8163584, 21.158981599999997]]]}}, {"type": "Feature", "properties": {"layer": "building", "distance_m": 239.6, "source": "Google Open Buildings", "in_industrial_zone": false, "ghsl_2018": 1}, "geometry": {"type": "Polygon", "coordinates": [[[72.8164222, 21.158799400000003], [72.8164618, 21.158807000000007], [72.8164541, 21.158842600000003], [72.8164145, 21.158835000000003], [72.8164222, 21.158799400000003]]]}}, {"type": "Feature", "properties": {"layer": "building", "distance_m": 227.7, "source": "Google Open Buildings", "in_industrial_zone": false, "ghsl_2018": 1}, "geometry": {"type": "Polygon", "coordinates": [[[72.8169624, 21.1585332], [72.8170782, 21.158557900000005], [72.8170431, 21.1587027], [72.8169273, 21.158678], [72.8169624, 21.1585332]]]}}, {"type": "Feature", "properties": {"layer": "building", "distance_m": 190.6, "source": "Google Open Buildings", "in_industrial_zone": false, "ghsl_2018": 0}, "geometry": {"type": "Polygon", "coordinates": [[[72.8168666, 21.158205499999998], [72.8169431, 21.1582151], [72.8169359, 21.158265300000004], [72.8168857, 21.158259], [72.8168886, 21.1582387], [72.8168624, 21.158235399999995], [72.8168666, 21.158205499999998]]]}}, {"type": "Feature", "properties": {"layer": "building", "distance_m": 180.8, "source": "Google Open Buildings", "in_industrial_zone": false, "ghsl_2018": 1}, "geometry": {"type": "Polygon", "coordinates": [[[72.8167232, 21.158238800000003], [72.8167399, 21.158198700000007], [72.816943, 21.158273299999998], [72.8169262, 21.1583134], [72.8170156, 21.1583462], [72.8168971, 21.158630299999995], [72.81683100000001, 21.1586061], [72.8168118, 21.1586521], [72.8165634, 21.158560900000005], [72.8165827, 21.1585148], [72.8165092, 21.1584879], [72.8166278, 21.15820379999999], [72.8167232, 21.158238800000003]]]}}, {"type": "Feature", "properties": {"layer": "building", "distance_m": 173.8, "source": "Microsoft ML Buildings", "in_industrial_zone": false, "ghsl_2018": 1}, "geometry": {"type": "Polygon", "coordinates": [[[72.816677, 21.158169900000004], [72.81667070000002, 21.158203899999997], [72.8165707, 21.1581877], [72.816577, 21.158153699999996], [72.816677, 21.158169900000004]]]}}, {"type": "Feature", "properties": {"layer": "building", "distance_m": 163.3, "source": "Google Open Buildings", "in_industrial_zone": false, "ghsl_2018": 1}, "geometry": {"type": "Polygon", "coordinates": [[[72.816881, 21.1579159], [72.81695000000002, 21.157926200000002], [72.8169456, 21.1579518], [72.8169703, 21.1579555], [72.8169501, 21.1580749], [72.8168564, 21.158061], [72.816881, 21.1579159]]]}}, {"type": "Feature", "properties": {"layer": "building", "distance_m": 121.4, "source": "Google Open Buildings", "in_industrial_zone": false, "ghsl_2018": 0}, "geometry": {"type": "Polygon", "coordinates": [[[72.816822, 21.157485700000002], [72.8169483, 21.157508999999997], [72.8169376, 21.1575601], [72.8168112, 21.157536800000003], [72.816822, 21.157485700000002]]]}}, {"type": "Feature", "properties": {"layer": "building", "distance_m": 111.5, "source": "Google Open Buildings", "in_industrial_zone": false, "ghsl_2018": 0}, "geometry": {"type": "Polygon", "coordinates": [[[72.8167028, 21.1574623], [72.8168215, 21.1574859], [72.8168099, 21.1575369], [72.8166913, 21.157513400000003], [72.8167028, 21.1574623]]]}}, {"type": "Feature", "properties": {"layer": "building", "distance_m": 41.2, "source": "Google Open Buildings", "in_industrial_zone": false, "ghsl_2018": 1}, "geometry": {"type": "Polygon", "coordinates": [[[72.81580710000001, 21.157046500000007], [72.8158072, 21.157019399999996], [72.8159306, 21.157019800000008], [72.81593049999998, 21.157046900000005], [72.8160244, 21.157047100000007], [72.81602370000002, 21.1572664], [72.81599519999999, 21.157266300000007], [72.8159951, 21.1573146], [72.8159274, 21.157314400000008], [72.8159273, 21.157343900000008], [72.8158033, 21.157343499999996], [72.8158034, 21.157314], [72.8157097, 21.157313699999996], [72.8157101, 21.157202800000007], [72.8157539, 21.1572029], [72.815754, 21.157166500000002], [72.8157983, 21.1571666], [72.8157984, 21.1571484], [72.8157103, 21.1571481], [72.8157106, 21.157046200000003], [72.81580710000001, 21.157046500000007]]]}}, {"type": "Feature", "properties": {"layer": "building", "distance_m": 70.5, "source": "Microsoft ML Buildings", "in_industrial_zone": false, "ghsl_2018": 1}, "geometry": {"type": "Polygon", "coordinates": [[[72.8167073, 21.155555399999994], [72.8167605, 21.155550999999996], [72.8167641, 21.155588199999997], [72.8167108, 21.1555926], [72.8167073, 21.155555399999994]]]}}, {"type": "Feature", "properties": {"layer": "building", "distance_m": 120.6, "source": "Google Open Buildings", "in_industrial_zone": false, "ghsl_2018": 1}, "geometry": {"type": "Polygon", "coordinates": [[[72.8157502, 21.154549599999996], [72.8157901, 21.1545718], [72.815741, 21.154649499999994], [72.8157011, 21.15462740000001], [72.8157502, 21.154549599999996]]]}}, {"type": "Feature", "properties": {"layer": "building", "distance_m": 330.7, "source": "Google Open Buildings", "in_industrial_zone": false, "ghsl_2018": 1}, "geometry": {"type": "Polygon", "coordinates": [[[72.8144447, 21.1529321], [72.8145028, 21.1529961], [72.8144516, 21.153036900000004], [72.8143936, 21.152972900000005], [72.8144447, 21.1529321]]]}}, {"type": "Feature", "properties": {"layer": "building", "distance_m": 287.2, "source": "Google Open Buildings", "in_industrial_zone": false, "ghsl_2018": 1}, "geometry": {"type": "Polygon", "coordinates": [[[72.8146828, 21.153313000000004], [72.8146168, 21.153398100000004], [72.8145538, 21.153355200000004], [72.8146199, 21.153269999999992], [72.8146828, 21.153313000000004]]]}}, {"type": "Feature", "properties": {"layer": "building", "distance_m": 291.7, "source": "Google Open Buildings", "in_industrial_zone": false, "ghsl_2018": 1}, "geometry": {"type": "Polygon", "coordinates": [[[72.8145079, 21.1532165], [72.8145843, 21.153263400000004], [72.814475, 21.153420200000003], [72.8143986, 21.1533733], [72.8145079, 21.1532165]]]}}, {"type": "Feature", "properties": {"layer": "building", "distance_m": 301.1, "source": "Google Open Buildings", "in_industrial_zone": false, "ghsl_2018": 1}, "geometry": {"type": "Polygon", "coordinates": [[[72.8145079, 21.1532165], [72.8144105, 21.15335620000001], [72.81434649999998, 21.1533169], [72.81444389999999, 21.153177199999995], [72.8145079, 21.1532165]]]}}, {"type": "Feature", "properties": {"layer": "building", "distance_m": 330.0, "source": "Google Open Buildings", "in_industrial_zone": false, "ghsl_2018": 1}, "geometry": {"type": "Polygon", "coordinates": [[[72.8143813, 21.153023500000003], [72.8144043, 21.153061299999997], [72.814347, 21.153091900000003], [72.8143241, 21.153054100000002], [72.8143813, 21.153023500000003]]]}}, {"type": "Feature", "properties": {"layer": "building", "distance_m": 319.5, "source": "Google Open Buildings", "in_industrial_zone": false, "ghsl_2018": 1}, "geometry": {"type": "Polygon", "coordinates": [[[72.8143445, 21.15312799999999], [72.8143784, 21.1531755], [72.8143081, 21.1532197], [72.8142741, 21.153172200000004], [72.8143445, 21.15312799999999]]]}}, {"type": "Feature", "properties": {"layer": "building", "distance_m": 230.8, "source": "Microsoft ML Buildings", "in_industrial_zone": false, "ghsl_2018": 1}, "geometry": {"type": "Polygon", "coordinates": [[[72.8148449, 21.153787499999996], [72.8148109, 21.153876199999996], [72.8144138, 21.153743699999993], [72.8144521, 21.153643900000002], [72.81451150000001, 21.153663699999996], [72.8145196, 21.153642800000004], [72.8146052, 21.153671400000007], [72.8145929, 21.153703400000005], [72.8148449, 21.153787499999996]]]}}, {"type": "Feature", "properties": {"layer": "building", "distance_m": 268.1, "source": "Microsoft ML Buildings", "in_industrial_zone": false, "ghsl_2018": 1}, "geometry": {"type": "Polygon", "coordinates": [[[72.8145122, 21.153431099999995], [72.8146565, 21.153538400000006], [72.8146087, 21.1535943], [72.8144644, 21.153486999999995], [72.8145122, 21.153431099999995]]]}}, {"type": "Feature", "properties": {"layer": "building", "distance_m": 274.5, "source": "Google Open Buildings", "in_industrial_zone": false, "ghsl_2018": 1}, "geometry": {"type": "Polygon", "coordinates": [[[72.8146708, 21.153328600000005], [72.8147693, 21.153395900000003], [72.8146974, 21.153488499999998], [72.8145989, 21.153421199999997], [72.8146708, 21.153328600000005]]]}}, {"type": "Feature", "properties": {"layer": "building", "distance_m": 277.5, "source": "Google Open Buildings", "in_industrial_zone": false, "ghsl_2018": 1}, "geometry": {"type": "Polygon", "coordinates": [[[72.8147169, 21.153269199999997], [72.8148568, 21.153364700000008], [72.8148228, 21.153408499999994], [72.8147982, 21.1533918], [72.8147861, 21.1534074], [72.8146708, 21.153328600000005], [72.8147169, 21.153269199999997]]]}}, {"type": "Feature", "properties": {"layer": "building", "distance_m": 249.3, "source": "Microsoft ML Buildings", "in_industrial_zone": false, "ghsl_2018": 1}, "geometry": {"type": "Polygon", "coordinates": [[[72.8147159, 21.153535600000005], [72.8148526, 21.153602499999998], [72.8148007, 21.153694699999992], [72.814664, 21.153627799999995], [72.8147159, 21.153535600000005]]]}}, {"type": "Feature", "properties": {"layer": "building", "distance_m": 232.9, "source": "Google Open Buildings", "in_industrial_zone": false, "ghsl_2018": 1}, "geometry": {"type": "Polygon", "coordinates": [[[72.8148967, 21.153722200000004], [72.8149633, 21.153748799999992], [72.814941, 21.1537982], [72.8148743, 21.153771600000006], [72.8148967, 21.153722200000004]]]}}, {"type": "Feature", "properties": {"layer": "building", "distance_m": 223.2, "source": "Google Open Buildings", "in_industrial_zone": false, "ghsl_2018": 1}, "geometry": {"type": "Polygon", "coordinates": [[[72.8150143, 21.153761600000003], [72.8150735, 21.153792900000006], [72.8150344, 21.15385789999999], [72.8149756, 21.153826], [72.8150143, 21.153761600000003]]]}}, {"type": "Feature", "properties": {"layer": "building", "distance_m": 194.5, "source": "Microsoft ML Buildings", "in_industrial_zone": false, "ghsl_2018": 1}, "geometry": {"type": "Polygon", "coordinates": [[[72.81526100000002, 21.15401320000001], [72.8152411, 21.154064000000005], [72.8148236, 21.153921799999996], [72.8148438, 21.153870100000002], [72.8148415, 21.153869300000004], [72.8148622, 21.1538163], [72.8151486, 21.1539138], [72.8151275, 21.1539677], [72.81526100000002, 21.15401320000001]]]}}, {"type": "Feature", "properties": {"layer": "building", "distance_m": 154.6, "source": "Google Open Buildings", "in_industrial_zone": false, "ghsl_2018": 1}, "geometry": {"type": "Polygon", "coordinates": [[[72.8152038, 21.154377600000007], [72.8152769, 21.154399900000005], [72.8152636, 21.1544389], [72.8151904, 21.154416899999998], [72.8152038, 21.154377600000007]]]}}, {"type": "Feature", "properties": {"layer": "building", "distance_m": 183.5, "source": "Microsoft ML Buildings", "in_industrial_zone": false, "ghsl_2018": 1}, "geometry": {"type": "Polygon", "coordinates": [[[72.815403, 21.1540623], [72.8153819, 21.154128999999994], [72.8152645, 21.154096599999995], [72.8152857, 21.154029899999998], [72.815403, 21.1540623]]]}}, {"type": "Feature", "properties": {"layer": "building", "distance_m": 140.3, "source": "Google Open Buildings", "in_industrial_zone": false, "ghsl_2018": 1}, "geometry": {"type": "Polygon", "coordinates": [[[72.8156188, 21.1544241], [72.8156585, 21.1544402], [72.8156406, 21.154479199999997], [72.8156008, 21.154463100000008], [72.8156188, 21.1544241]]]}}, {"type": "Feature", "properties": {"layer": "building", "distance_m": 68.1, "source": "Google Open Buildings", "in_industrial_zone": false, "ghsl_2018": 1}, "geometry": {"type": "Polygon", "coordinates": [[[72.8157618, 21.1549113], [72.8155841, 21.155160000000002], [72.8155441, 21.155134800000003], [72.8157217, 21.1548862], [72.8157618, 21.1549113]]]}}, {"type": "Feature", "properties": {"layer": "building", "distance_m": 87.7, "source": "Google Open Buildings", "in_industrial_zone": false, "ghsl_2018": 1}, "geometry": {"type": "Polygon", "coordinates": [[[72.8152567, 21.155080500000008], [72.815295, 21.155089999999994], [72.8152875, 21.155116300000003], [72.8152493, 21.155106699999997], [72.8152567, 21.155080500000008]]]}}, {"type": "Feature", "properties": {"layer": "building", "distance_m": 83.0, "source": "Microsoft ML Buildings", "in_industrial_zone": false, "ghsl_2018": 1}, "geometry": {"type": "Polygon", "coordinates": [[[72.8155337, 21.154955000000005], [72.8154952, 21.1550489], [72.8152285, 21.1549538], [72.8152333, 21.154941900000004], [72.8150976, 21.1548935], [72.8151312, 21.1548115], [72.8155337, 21.154955000000005]]]}}, {"type": "Feature", "properties": {"layer": "building", "distance_m": 113.2, "source": "Google Open Buildings", "in_industrial_zone": false, "ghsl_2018": 1}, "geometry": {"type": "Polygon", "coordinates": [[[72.8149681, 21.155053400000003], [72.8149179, 21.15515299999999], [72.81486830000001, 21.155131000000004], [72.8149185, 21.155031400000002], [72.8149681, 21.155053400000003]]]}}, {"type": "Feature", "properties": {"layer": "building", "distance_m": 119.1, "source": "Google Open Buildings", "in_industrial_zone": false, "ghsl_2018": 1}, "geometry": {"type": "Polygon", "coordinates": [[[72.81487840000001, 21.1550063], [72.8149213, 21.155022100000004], [72.8148893, 21.155098699999993], [72.8148464, 21.1550829], [72.81487840000001, 21.1550063]]]}}, {"type": "Feature", "properties": {"layer": "building", "distance_m": 130.1, "source": "Microsoft ML Buildings", "in_industrial_zone": false, "ghsl_2018": 1}, "geometry": {"type": "Polygon", "coordinates": [[[72.8146745, 21.15498080000001], [72.8147057, 21.15489], [72.8148492, 21.154932900000006], [72.81481800000002, 21.15502370000001], [72.8146745, 21.15498080000001]]]}}, {"type": "Feature", "properties": {"layer": "building", "distance_m": 192.1, "source": "Google Open Buildings", "in_industrial_zone": false, "ghsl_2018": 1}, "geometry": {"type": "Polygon", "coordinates": [[[72.81481010000002, 21.1541969], [72.8148477, 21.154211600000004], [72.8148209, 21.1542719], [72.8147833, 21.154257199999996], [72.81481010000002, 21.1541969]]]}}, {"type": "Feature", "properties": {"layer": "building", "distance_m": 200.6, "source": "Google Open Buildings", "in_industrial_zone": false, "ghsl_2018": 1}, "geometry": {"type": "Polygon", "coordinates": [[[72.8147316, 21.154181200000004], [72.8147685, 21.154184299999997], [72.8147656, 21.1542148], [72.8147287, 21.154211700000005], [72.8147316, 21.154181200000004]]]}}, {"type": "Feature", "properties": {"layer": "building", "distance_m": 188.5, "source": "Google Open Buildings", "in_industrial_zone": false, "ghsl_2018": 1}, "geometry": {"type": "Polygon", "coordinates": [[[72.814496, 21.15443120000001], [72.8145597, 21.1545058], [72.8145264, 21.154530799999993], [72.8144627, 21.1544563], [72.814496, 21.15443120000001]]]}}, {"type": "Feature", "properties": {"layer": "building", "distance_m": 190.4, "source": "Google Open Buildings", "in_industrial_zone": false, "ghsl_2018": 1}, "geometry": {"type": "Polygon", "coordinates": [[[72.81432240000001, 21.154554900000008], [72.8144137, 21.1545606], [72.81440870000002, 21.154631100000003], [72.81431740000001, 21.1546254], [72.81432240000001, 21.154554900000008]]]}}, {"type": "Feature", "properties": {"layer": "building", "distance_m": 181.4, "source": "Microsoft ML Buildings", "in_industrial_zone": false, "ghsl_2018": 1}, "geometry": {"type": "Polygon", "coordinates": [[[72.8144473, 21.154638599999995], [72.8144449, 21.1547186], [72.8141946, 21.1547122], [72.8141969, 21.154632199999998], [72.8144473, 21.154638599999995]]]}}, {"type": "Feature", "properties": {"layer": "building", "distance_m": 149.2, "source": "Google Open Buildings", "in_industrial_zone": false, "ghsl_2018": 1}, "geometry": {"type": "Polygon", "coordinates": [[[72.8146081, 21.154758100000002], [72.81473359999998, 21.154803999999995], [72.8147004, 21.154883800000004], [72.8145749, 21.154837899999997], [72.8146081, 21.154758100000002]]]}}, {"type": "Feature", "properties": {"layer": "building", "distance_m": 178.1, "source": "Microsoft ML Buildings", "in_industrial_zone": false, "ghsl_2018": 1}, "geometry": {"type": "Polygon", "coordinates": [[[72.81435989999999, 21.154883099999996], [72.8142216, 21.15488010000001], [72.81422319999999, 21.154814000000002], [72.8143616, 21.154817100000006], [72.81435989999999, 21.154883099999996]]]}}, {"type": "Feature", "properties": {"layer": "building", "distance_m": 198.2, "source": "Google Open Buildings", "in_industrial_zone": false, "ghsl_2018": 1}, "geometry": {"type": "Polygon", "coordinates": [[[72.8141594, 21.1545447], [72.81432240000001, 21.154554900000008], [72.81431740000001, 21.1546254], [72.8141544, 21.1546153], [72.8141594, 21.1545447]]]}}, {"type": "Feature", "properties": {"layer": "building", "distance_m": 204.3, "source": "Microsoft ML Buildings", "in_industrial_zone": false, "ghsl_2018": 1}, "geometry": {"type": "Polygon", "coordinates": [[[72.8141902, 21.1546938], [72.8140458, 21.1546868], [72.8140497, 21.154615600000007], [72.8141942, 21.1546226], [72.8141902, 21.1546938]]]}}, {"type": "Feature", "properties": {"layer": "building", "distance_m": 212.4, "source": "Google Open Buildings", "in_industrial_zone": false, "ghsl_2018": 1}, "geometry": {"type": "Polygon", "coordinates": [[[72.8139447, 21.1545313], [72.8141594, 21.1545447], [72.8141544, 21.1546153], [72.81393970000002, 21.15460180000001], [72.8139447, 21.1545313]]]}}, {"type": "Feature", "properties": {"layer": "building", "distance_m": 192.5, "source": "Microsoft ML Buildings", "in_industrial_zone": false, "ghsl_2018": 1}, "geometry": {"type": "Polygon", "coordinates": [[[72.8142094, 21.154865800000003], [72.81388140000001, 21.154856500000008], [72.81388370000002, 21.154786500000014], [72.8142117, 21.154795800000002], [72.8142094, 21.154865800000003]]]}}, {"type": "Feature", "properties": {"layer": "building", "distance_m": 178.4, "source": "Microsoft ML Buildings", "in_industrial_zone": false, "ghsl_2018": 1}, "geometry": {"type": "Polygon", "coordinates": [[[72.8142602, 21.154975700000005], [72.8142573, 21.155053200000005], [72.8139466, 21.155043099999997], [72.81394949999999, 21.154965700000005], [72.8142602, 21.154975700000005]]]}}, {"type": "Feature", "properties": {"layer": "building", "distance_m": 234.3, "source": "Microsoft ML Buildings", "in_industrial_zone": false, "ghsl_2018": 1}, "geometry": {"type": "Polygon", "coordinates": [[[72.813782, 21.154589899999998], [72.81377989999999, 21.1546588], [72.8134208, 21.154649499999998], [72.81342490000002, 21.154509500000003], [72.813917, 21.154522200000006], [72.8139149, 21.1545934], [72.813782, 21.154589899999998]]]}}, {"type": "Feature", "properties": {"layer": "building", "distance_m": 217.8, "source": "Microsoft ML Buildings", "in_industrial_zone": false, "ghsl_2018": 1}, "geometry": {"type": "Polygon", "coordinates": [[[72.81378959999999, 21.154672300000005], [72.8137939, 21.1545963], [72.81404539999998, 21.154608699999997], [72.8140411, 21.1546847], [72.81378959999999, 21.154672300000005]]]}}, {"type": "Feature", "properties": {"layer": "building", "distance_m": 245.3, "source": "Microsoft ML Buildings", "in_industrial_zone": false, "ghsl_2018": 1}, "geometry": {"type": "Polygon", "coordinates": [[[72.8139816, 21.154270600000004], [72.8139793, 21.154340600000005], [72.81386139999998, 21.154337199999997], [72.8138637, 21.154267299999994], [72.8139816, 21.154270600000004]]]}}, {"type": "Feature", "properties": {"layer": "building", "distance_m": 249.2, "source": "Microsoft ML Buildings", "in_industrial_zone": false, "ghsl_2018": 1}, "geometry": {"type": "Polygon", "coordinates": [[[72.8137615, 21.154346399999998], [72.8138794, 21.154349399999997], [72.81387780000001, 21.154406900000005], [72.8137598, 21.154403899999995], [72.8137615, 21.154346399999998]]]}}, {"type": "Feature", "properties": {"layer": "building", "distance_m": 252.5, "source": "Microsoft ML Buildings", "in_industrial_zone": false, "ghsl_2018": 1}, "geometry": {"type": "Polygon", "coordinates": [[[72.8139831, 21.1542357], [72.8135141, 21.1542229], [72.81351629999999, 21.154152899999996], [72.8139853, 21.1541657], [72.8139831, 21.1542357]]]}}, {"type": "Feature", "properties": {"layer": "building", "distance_m": 278.8, "source": "Microsoft ML Buildings", "in_industrial_zone": false, "ghsl_2018": 1}, "geometry": {"type": "Polygon", "coordinates": [[[72.8136428, 21.154072799999998], [72.8137312, 21.154076600000003], [72.81372750000001, 21.154151500000005], [72.8136392, 21.1541477], [72.8136428, 21.154072799999998]]]}}, {"type": "Feature", "properties": {"layer": "building", "distance_m": 288.9, "source": "Google Open Buildings", "in_industrial_zone": false, "ghsl_2018": 1}, "geometry": {"type": "Polygon", "coordinates": [[[72.81352809999998, 21.153894499999993], [72.8137665, 21.15390670000001], [72.81376269999998, 21.153972799999995], [72.8135243, 21.153960700000006], [72.81352809999998, 21.153894499999993]]]}}, {"type": "Feature", "properties": {"layer": "building", "distance_m": 277.5, "source": "Microsoft ML Buildings", "in_industrial_zone": false, "ghsl_2018": 1}, "geometry": {"type": "Polygon", "coordinates": [[[72.81383760000001, 21.1539866], [72.8138356, 21.15405149999999], [72.8136924, 21.154047600000006], [72.8136945, 21.153982600000013], [72.81383760000001, 21.1539866]]]}}, {"type": "Feature", "properties": {"layer": "building", "distance_m": 250.4, "source": "Microsoft ML Buildings", "in_industrial_zone": false, "ghsl_2018": 1}, "geometry": {"type": "Polygon", "coordinates": [[[72.8139346, 21.1541553], [72.8139357, 21.154125400000005], [72.8140857, 21.154130099999996], [72.81408459999999, 21.154160099999995], [72.8139346, 21.1541553]]]}}, {"type": "Feature", "properties": {"layer": "building", "distance_m": 224.1, "source": "Microsoft ML Buildings", "in_industrial_zone": false, "ghsl_2018": 1}, "geometry": {"type": "Polygon", "coordinates": [[[72.8141775, 21.154369], [72.8141717, 21.154423500000004], [72.8140878, 21.1544159], [72.8140935, 21.154361299999998], [72.8141775, 21.154369]]]}}, {"type": "Feature", "properties": {"layer": "building", "distance_m": 285.2, "source": "Microsoft ML Buildings", "in_industrial_zone": false, "ghsl_2018": 1}, "geometry": {"type": "Polygon", "coordinates": [[[72.8140346, 21.153623200000002], [72.8140149, 21.153789900000003], [72.8139354, 21.1537817], [72.8139551, 21.153615], [72.8140346, 21.153623200000002]]]}}, {"type": "Feature", "properties": {"layer": "building", "distance_m": 297.1, "source": "Microsoft ML Buildings", "in_industrial_zone": false, "ghsl_2018": 1}, "geometry": {"type": "Polygon", "coordinates": [[[72.8141357, 21.153562900000008], [72.814066, 21.153546799999997], [72.8140747, 21.153513800000002], [72.8141444, 21.153529800000005], [72.8141357, 21.153562900000008]]]}}, {"type": "Feature", "properties": {"layer": "building", "distance_m": 313.9, "source": "Google Open Buildings", "in_industrial_zone": false, "ghsl_2018": 1}, "geometry": {"type": "Polygon", "coordinates": [[[72.8139866, 21.153371600000003], [72.8140094, 21.153376999999995], [72.8140477, 21.153420399999995], [72.8140429, 21.1534384], [72.8139731, 21.1534218], [72.8139866, 21.153371600000003]]]}}, {"type": "Feature", "properties": {"layer": "building", "distance_m": 314.3, "source": "Microsoft ML Buildings", "in_industrial_zone": false, "ghsl_2018": 1}, "geometry": {"type": "Polygon", "coordinates": [[[72.8141033, 21.153382100000005], [72.8140741, 21.153413400000005], [72.8139957, 21.153349700000003], [72.814025, 21.153318400000003], [72.8141033, 21.153382100000005]]]}}, {"type": "Feature", "properties": {"layer": "building", "distance_m": 313.2, "source": "Google Open Buildings", "in_industrial_zone": false, "ghsl_2018": 1}, "geometry": {"type": "Polygon", "coordinates": [[[72.8141654, 21.153295400000005], [72.8141965, 21.1533481], [72.8141126, 21.1533918], [72.8140814, 21.1533391], [72.8141654, 21.153295400000005]]]}}, {"type": "Feature", "properties": {"layer": "building", "distance_m": 302.8, "source": "Microsoft ML Buildings", "in_industrial_zone": false, "ghsl_2018": 1}, "geometry": {"type": "Polygon", "coordinates": [[[72.8141543, 21.153464200000002], [72.814153, 21.15342280000001], [72.8141917, 21.153421799999997], [72.814193, 21.1534631], [72.8141543, 21.153464200000002]]]}}, {"type": "Feature", "properties": {"layer": "building", "distance_m": 284.1, "source": "Microsoft ML Buildings", "in_industrial_zone": false, "ghsl_2018": 1}, "geometry": {"type": "Polygon", "coordinates": [[[72.8143096, 21.153548000000015], [72.8142993, 21.153598800000005], [72.8141647, 21.153575], [72.8141749, 21.153524299999997], [72.8143096, 21.153548000000015]]]}}, {"type": "Feature", "properties": {"layer": "building", "distance_m": 328.6, "source": "Microsoft ML Buildings", "in_industrial_zone": false, "ghsl_2018": 1}, "geometry": {"type": "Polygon", "coordinates": [[[72.8142524, 21.153154599999997], [72.8141684, 21.1530673], [72.8142368, 21.153010099999996], [72.8143208, 21.1530974], [72.8142524, 21.153154599999997]]]}}, {"type": "Feature", "properties": {"layer": "building", "distance_m": 350.3, "source": "Google Open Buildings", "in_industrial_zone": false, "ghsl_2018": 1}, "geometry": {"type": "Polygon", "coordinates": [[[72.814028, 21.152873500000005], [72.814157, 21.152919300000004], [72.8141258, 21.152996599999998], [72.8139968, 21.152950800000003], [72.814028, 21.152873500000005]]]}}, {"type": "Feature", "properties": {"layer": "building", "distance_m": 361.4, "source": "Google Open Buildings", "in_industrial_zone": false, "ghsl_2018": 1}, "geometry": {"type": "Polygon", "coordinates": [[[72.8141016, 21.1526823], [72.8141395, 21.1526949], [72.81411769999998, 21.152752299999996], [72.8142178, 21.152785600000012], [72.8141949, 21.152846300000004], [72.814057, 21.1528005], [72.8141016, 21.1526823]]]}}, {"type": "Feature", "properties": {"layer": "building", "distance_m": 357.0, "source": "Google Open Buildings", "in_industrial_zone": false, "ghsl_2018": 1}, "geometry": {"type": "Polygon", "coordinates": [[[72.8140679, 21.15283], [72.8141695, 21.152871600000005], [72.8141492, 21.1529152], [72.8140476, 21.1528736], [72.8140679, 21.15283]]]}}, {"type": "Feature", "properties": {"layer": "building", "distance_m": 366.3, "source": "Google Open Buildings", "in_industrial_zone": false, "ghsl_2018": 1}, "geometry": {"type": "Polygon", "coordinates": [[[72.8139266, 21.152778800000004], [72.814063, 21.1528223], [72.8140441, 21.152874400000005], [72.8139077, 21.1528309], [72.8139266, 21.152778800000004]]]}}, {"type": "Feature", "properties": {"layer": "building", "distance_m": 342.2, "source": "Microsoft ML Buildings", "in_industrial_zone": false, "ghsl_2018": 1}, "geometry": {"type": "Polygon", "coordinates": [[[72.8139273, 21.153138600000002], [72.8139938, 21.152958699999996], [72.8140599, 21.152980000000003], [72.8139934, 21.1531598], [72.8139273, 21.153138600000002]]]}}, {"type": "Feature", "properties": {"layer": "building", "distance_m": 320.9, "source": "Google Open Buildings", "in_industrial_zone": false, "ghsl_2018": 1}, "geometry": {"type": "Polygon", "coordinates": [[[72.8141574, 21.153225100000007], [72.8141889, 21.15327], [72.8141332, 21.1533044], [72.8141017, 21.1532595], [72.8141574, 21.153225100000007]]]}}, {"type": "Feature", "properties": {"layer": "building", "distance_m": 361.7, "source": "Google Open Buildings", "in_industrial_zone": false, "ghsl_2018": 1}, "geometry": {"type": "Polygon", "coordinates": [[[72.8138629, 21.1528521], [72.8140001, 21.152895800000003], [72.8139766, 21.152960900000004], [72.8138393, 21.152917200000005], [72.8138629, 21.1528521]]]}}, {"type": "Feature", "properties": {"layer": "building", "distance_m": 306.6, "source": "Google Open Buildings", "in_industrial_zone": false, "ghsl_2018": 1}, "geometry": {"type": "Polygon", "coordinates": [[[72.8139371, 21.153405600000003], [72.814061, 21.153458000000008], [72.81402490000002, 21.1535331], [72.813901, 21.153480600000005], [72.8139371, 21.153405600000003]]]}}, {"type": "Feature", "properties": {"layer": "building", "distance_m": 327.5, "source": "Google Open Buildings", "in_industrial_zone": false, "ghsl_2018": 1}, "geometry": {"type": "Polygon", "coordinates": [[[72.8130818, 21.1541297], [72.8131401, 21.154145100000004], [72.813128, 21.1541856], [72.8130697, 21.1541702], [72.8130818, 21.1541297]]]}}, {"type": "Feature", "properties": {"layer": "building", "distance_m": 326.0, "source": "Google Open Buildings", "in_industrial_zone": false, "ghsl_2018": 1}, "geometry": {"type": "Polygon", "coordinates": [[[72.8130697, 21.1541702], [72.813128, 21.1541856], [72.8131133, 21.154234400000007], [72.81305499999999, 21.154219], [72.8130697, 21.1541702]]]}}, {"type": "Feature", "properties": {"layer": "building", "distance_m": 325.9, "source": "Google Open Buildings", "in_industrial_zone": false, "ghsl_2018": 1}, "geometry": {"type": "Polygon", "coordinates": [[[72.81305499999999, 21.154219], [72.81309789999999, 21.154230300000005], [72.81307909999998, 21.154293199999998], [72.81303619999998, 21.1542818], [72.81305499999999, 21.154219]]]}}, {"type": "Feature", "properties": {"layer": "building", "distance_m": 306.4, "source": "Google Open Buildings", "in_industrial_zone": false, "ghsl_2018": 1}, "geometry": {"type": "Polygon", "coordinates": [[[72.81322840000001, 21.154300100000007], [72.8132648, 21.1543024], [72.8132614, 21.154348800000005], [72.813225, 21.1543464], [72.81322840000001, 21.154300100000007]]]}}, {"type": "Feature", "properties": {"layer": "building", "distance_m": 326.3, "source": "Google Open Buildings", "in_industrial_zone": false, "ghsl_2018": 1}, "geometry": {"type": "Polygon", "coordinates": [[[72.8133247, 21.153903600000003], [72.81329409999998, 21.153975399999997], [72.8132637, 21.153963999999995], [72.81329419999999, 21.153892199999994], [72.8133247, 21.153903600000003]]]}}, {"type": "Feature", "properties": {"layer": "building", "distance_m": 298.0, "source": "Microsoft ML Buildings", "in_industrial_zone": false, "ghsl_2018": 1}, "geometry": {"type": "Polygon", "coordinates": [[[72.81350799999998, 21.15413419999999], [72.8133285, 21.154129500000003], [72.8133306, 21.154059500000002], [72.81351010000002, 21.1540642], [72.81350799999998, 21.15413419999999]]]}}, {"type": "Feature", "properties": {"layer": "building", "distance_m": 302.1, "source": "Microsoft ML Buildings", "in_industrial_zone": false, "ghsl_2018": 1}, "geometry": {"type": "Polygon", "coordinates": [[[72.81347370000002, 21.15394110000001], [72.8134774, 21.153903800000002], [72.813512, 21.1539068], [72.81350659999998, 21.153961399999993], [72.81355180000001, 21.153965200000002], [72.8135457, 21.154027300000003], [72.8134314, 21.154017500000005], [72.8134392, 21.153938100000005], [72.81347370000002, 21.15394110000001]]]}}, {"type": "Feature", "properties": {"layer": "building", "distance_m": 289.6, "source": "Microsoft ML Buildings", "in_industrial_zone": false, "ghsl_2018": 1}, "geometry": {"type": "Polygon", "coordinates": [[[72.8136918, 21.1539825], [72.8136836, 21.154047799999997], [72.8135502, 21.154033200000004], [72.81355850000001, 21.153967900000012], [72.8136918, 21.1539825]]]}}, {"type": "Feature", "properties": {"layer": "building", "distance_m": 277.0, "source": "Microsoft ML Buildings", "in_industrial_zone": false, "ghsl_2018": 1}, "geometry": {"type": "Polygon", "coordinates": [[[72.8134218, 21.154391099999998], [72.8134224, 21.154321100000004], [72.8135645, 21.154322], [72.813564, 21.154392099999995], [72.8134218, 21.154391099999998]]]}}, {"type": "Feature", "properties": {"layer": "building", "distance_m": 283.0, "source": "Microsoft ML Buildings", "in_industrial_zone": false, "ghsl_2018": 1}, "geometry": {"type": "Polygon", "coordinates": [[[72.81349050000001, 21.154253200000003], [72.8135548, 21.1542516], [72.8135563, 21.154304100000008], [72.81349200000001, 21.1543057], [72.81349050000001, 21.154253200000003]]]}}, {"type": "Feature", "properties": {"layer": "building", "distance_m": 265.8, "source": "Microsoft ML Buildings", "in_industrial_zone": false, "ghsl_2018": 1}, "geometry": {"type": "Polygon", "coordinates": [[[72.8136885, 21.1543987], [72.8135678, 21.1543957], [72.8135694, 21.154338299999996], [72.81369010000002, 21.154341200000008], [72.8136885, 21.1543987]]]}}, {"type": "Feature", "properties": {"layer": "building", "distance_m": 280.2, "source": "Google Open Buildings", "in_industrial_zone": false, "ghsl_2018": 1}, "geometry": {"type": "Polygon", "coordinates": [[[72.8134235, 21.154462399999996], [72.8134614, 21.1544648], [72.81345879999999, 21.154500899999995], [72.8134209, 21.154498599999997], [72.8134235, 21.154462399999996]]]}}, {"type": "Feature", "properties": {"layer": "building", "distance_m": 290.7, "source": "Microsoft ML Buildings", "in_industrial_zone": false, "ghsl_2018": 1}, "geometry": {"type": "Polygon", "coordinates": [[[72.8132671, 21.154368599999998], [72.8132774, 21.15430239999999], [72.81342189999998, 21.154322099999998], [72.8134115, 21.154388200000003], [72.8132671, 21.154368599999998]]]}}, {"type": "Feature", "properties": {"layer": "building", "distance_m": 289.8, "source": "Microsoft ML Buildings", "in_industrial_zone": false, "ghsl_2018": 1}, "geometry": {"type": "Polygon", "coordinates": [[[72.81322070000002, 21.154249400000005], [72.8134778, 21.154259000000003], [72.8134757, 21.154307799999998], [72.81321859999998, 21.154298199999996], [72.81322070000002, 21.154249400000005]]]}}, {"type": "Feature", "properties": {"layer": "building", "distance_m": 274.3, "source": "Microsoft ML Buildings", "in_industrial_zone": false, "ghsl_2018": 1}, "geometry": {"type": "Polygon", "coordinates": [[[72.81297600000002, 21.154876600000005], [72.8129766, 21.154806499999996], [72.81319650000002, 21.15480810000001], [72.8131964, 21.1548231], [72.81327419999998, 21.154823599999997], [72.8132737, 21.1548862], [72.8131771, 21.154885500000006], [72.8131774, 21.154848], [72.81306209999998, 21.1548472], [72.8130618, 21.154877200000005], [72.81297600000002, 21.154876600000005]]]}}, {"type": "Feature", "properties": {"layer": "building", "distance_m": 286.2, "source": "Microsoft ML Buildings", "in_industrial_zone": false, "ghsl_2018": 1}, "geometry": {"type": "Polygon", "coordinates": [[[72.8132137, 21.154786999999995], [72.8129404, 21.154795100000005], [72.8129377, 21.1547165], [72.813211, 21.1547084], [72.8132137, 21.154786999999995]]]}}, {"type": "Feature", "properties": {"layer": "building", "distance_m": 302.7, "source": "Microsoft ML Buildings", "in_industrial_zone": false, "ghsl_2018": 1}, "geometry": {"type": "Polygon", "coordinates": [[[72.812981, 21.1546213], [72.81298249999999, 21.154539900000003], [72.8129514, 21.1545394], [72.8129521, 21.154498200000003], [72.8131532, 21.154501500000002], [72.813151, 21.154624000000005], [72.812981, 21.1546213]]]}}, {"type": "Feature", "properties": {"layer": "building", "distance_m": 266.7, "source": "Microsoft ML Buildings", "in_industrial_zone": false, "ghsl_2018": 1}, "geometry": {"type": "Polygon", "coordinates": [[[72.8129182, 21.1549195], [72.8129541, 21.154920600000004], [72.8129552, 21.1548868], [72.8132864, 21.154896600000008], [72.8132834, 21.1549841], [72.8129163, 21.154973199999997], [72.8129182, 21.1549195]]]}}, {"type": "Feature", "properties": {"layer": "building", "distance_m": 260.4, "source": "Microsoft ML Buildings", "in_industrial_zone": false, "ghsl_2018": 1}, "geometry": {"type": "Polygon", "coordinates": [[[72.8128986, 21.1551508], [72.81290300000002, 21.1550609], [72.8129069, 21.154980999999996], [72.8132442, 21.154995400000004], [72.81324, 21.155080300000005], [72.81319819999999, 21.155078499999995], [72.8131925, 21.155195799999998], [72.813162, 21.155194500000004], [72.8131592, 21.155251999999994], [72.81288080000002, 21.155240100000007], [72.81288520000001, 21.155150199999994], [72.8128986, 21.1551508]]]}}, {"type": "Feature", "properties": {"layer": "building", "distance_m": 303.8, "source": "Microsoft ML Buildings", "in_industrial_zone": false, "ghsl_2018": 1}, "geometry": {"type": "Polygon", "coordinates": [[[72.8128779, 21.154802], [72.812944, 21.154821100000003], [72.8129273, 21.154871299999996], [72.81286119999999, 21.154852199999993], [72.8128779, 21.154802]]]}}, {"type": "Feature", "properties": {"layer": "building", "distance_m": 308.4, "source": "Microsoft ML Buildings", "in_industrial_zone": false, "ghsl_2018": 1}, "geometry": {"type": "Polygon", "coordinates": [[[72.81276220000001, 21.154840799999995], [72.8128291, 21.154842999999996], [72.8128257, 21.154935400000014], [72.81275869999999, 21.154933199999995], [72.81276220000001, 21.154840799999995]]]}}, {"type": "Feature", "properties": {"layer": "building", "distance_m": 296.5, "source": "Microsoft ML Buildings", "in_industrial_zone": false, "ghsl_2018": 1}, "geometry": {"type": "Polygon", "coordinates": [[[72.8128371, 21.154949], [72.81282949999999, 21.1551338], [72.81262589999999, 21.155126499999998], [72.81263349999999, 21.154941699999995], [72.8128371, 21.154949]]]}}, {"type": "Feature", "properties": {"layer": "building", "distance_m": 316.3, "source": "Microsoft ML Buildings", "in_industrial_zone": false, "ghsl_2018": 1}, "geometry": {"type": "Polygon", "coordinates": [[[72.8127493, 21.154752900000002], [72.8127539, 21.1549079], [72.81269120000002, 21.154909500000002], [72.8126866, 21.154754500000003], [72.8127493, 21.154752900000002]]]}}, {"type": "Feature", "properties": {"layer": "building", "distance_m": 320.8, "source": "Google Open Buildings", "in_industrial_zone": false, "ghsl_2018": 1}, "geometry": {"type": "Polygon", "coordinates": [[[72.8127813, 21.15465770000001], [72.8128691, 21.154663599999996], [72.812867, 21.1546913], [72.8127792, 21.154685400000005], [72.8127813, 21.15465770000001]]]}}, {"type": "Feature", "properties": {"layer": "building", "distance_m": 310.7, "source": "Microsoft ML Buildings", "in_industrial_zone": false, "ghsl_2018": 1}, "geometry": {"type": "Polygon", "coordinates": [[[72.8128345, 21.154712300000003], [72.8129211, 21.154720400000006], [72.8129144, 21.1547823], [72.8128279, 21.154774200000002], [72.8128345, 21.154712300000003]]]}}, {"type": "Feature", "properties": {"layer": "building", "distance_m": 317.4, "source": "Microsoft ML Buildings", "in_industrial_zone": false, "ghsl_2018": 1}, "geometry": {"type": "Polygon", "coordinates": [[[72.8129745, 21.154615800000002], [72.81284319999999, 21.154612199999995], [72.81284549999998, 21.1545398], [72.8129768, 21.1545434], [72.8129745, 21.154615800000002]]]}}, {"type": "Feature", "properties": {"layer": "building", "distance_m": 330.8, "source": "Microsoft ML Buildings", "in_industrial_zone": false, "ghsl_2018": 1}, "geometry": {"type": "Polygon", "coordinates": [[[72.8129998, 21.15432080000001], [72.81298559999999, 21.154361599999998], [72.8128909, 21.154333], [72.81290509999998, 21.154292200000004], [72.8129998, 21.15432080000001]]]}}, {"type": "Feature", "properties": {"layer": "building", "distance_m": 365.9, "source": "Google Open Buildings", "in_industrial_zone": false, "ghsl_2018": 1}, "geometry": {"type": "Polygon", "coordinates": [[[72.81277279999999, 21.153913899999996], [72.8128495, 21.1539349], [72.8128411, 21.1539619], [72.8127644, 21.153940900000006], [72.81277279999999, 21.153913899999996]]]}}, {"type": "Feature", "properties": {"layer": "building", "distance_m": 360.1, "source": "Microsoft ML Buildings", "in_industrial_zone": false, "ghsl_2018": 1}, "geometry": {"type": "Polygon", "coordinates": [[[72.81278130000001, 21.154057000000012], [72.8127563, 21.154202], [72.8126491, 21.1541859], [72.8126741, 21.154040900000002], [72.81278130000001, 21.154057000000012]]]}}, {"type": "Feature", "properties": {"layer": "building", "distance_m": 366.2, "source": "Google Open Buildings", "in_industrial_zone": false, "ghsl_2018": 1}, "geometry": {"type": "Polygon", "coordinates": [[[72.8127258, 21.153929000000005], [72.8128172, 21.153958000000006], [72.8127889, 21.154036700000006], [72.8126974, 21.154007700000008], [72.8127258, 21.153929000000005]]]}}, {"type": "Feature", "properties": {"layer": "building", "distance_m": 375.6, "source": "Google Open Buildings", "in_industrial_zone": false, "ghsl_2018": 1}, "geometry": {"type": "Polygon", "coordinates": [[[72.81261960000002, 21.153935300000004], [72.8127128, 21.153964899999995], [72.8126911, 21.1540252], [72.81259790000001, 21.153995600000005], [72.81261960000002, 21.153935300000004]]]}}, {"type": "Feature", "properties": {"layer": "building", "distance_m": 376.5, "source": "Google Open Buildings", "in_industrial_zone": false, "ghsl_2018": 1}, "geometry": {"type": "Polygon", "coordinates": [[[72.81259790000001, 21.153995600000005], [72.8126708, 21.1540188], [72.8126504, 21.1540751], [72.8125775, 21.154052000000007], [72.81259790000001, 21.153995600000005]]]}}, {"type": "Feature", "properties": {"layer": "building", "distance_m": 361.2, "source": "Microsoft ML Buildings", "in_industrial_zone": false, "ghsl_2018": 1}, "geometry": {"type": "Polygon", "coordinates": [[[72.812712, 21.154247599999998], [72.8126972, 21.154287899999996], [72.8126252, 21.154264800000004], [72.81264, 21.154224499999998], [72.812712, 21.154247599999998]]]}}, {"type": "Feature", "properties": {"layer": "building", "distance_m": 342.1, "source": "Microsoft ML Buildings", "in_industrial_zone": false, "ghsl_2018": 1}, "geometry": {"type": "Polygon", "coordinates": [[[72.8127994, 21.1544642], [72.81267079999999, 21.154436], [72.8127174, 21.1542512], [72.81284700000002, 21.154279600000002], [72.8128237, 21.154372000000006], [72.8128227, 21.154371800000007], [72.8127994, 21.1544642]]]}}, {"type": "Feature", "properties": {"layer": "building", "distance_m": 350.3, "source": "Microsoft ML Buildings", "in_industrial_zone": false, "ghsl_2018": 1}, "geometry": {"type": "Polygon", "coordinates": [[[72.81263949999999, 21.154531900000002], [72.8125214, 21.154485100000002], [72.8126063, 21.154298599999997], [72.8126904, 21.154331899999995], [72.81264500000002, 21.154431500000005], [72.81267909999998, 21.154444999999996], [72.81263949999999, 21.154531900000002]]]}}, {"type": "Feature", "properties": {"layer": "building", "distance_m": 374.9, "source": "Google Open Buildings", "in_industrial_zone": false, "ghsl_2018": 1}, "geometry": {"type": "Polygon", "coordinates": [[[72.81257129999999, 21.1540692], [72.81264420000001, 21.154092400000003], [72.8126218, 21.1541546], [72.8125489, 21.154131500000005], [72.81257129999999, 21.1540692]]]}}, {"type": "Feature", "properties": {"layer": "building", "distance_m": 366.5, "source": "Microsoft ML Buildings", "in_industrial_zone": false, "ghsl_2018": 1}, "geometry": {"type": "Polygon", "coordinates": [[[72.81240949999999, 21.154401300000004], [72.8123147, 21.1543798], [72.8123775, 21.154138899999996], [72.8124849, 21.154163200000003], [72.81245129999999, 21.154292000000005], [72.81253889999999, 21.1543118], [72.81249989999999, 21.1544618], [72.8123996, 21.154439000000004], [72.81240949999999, 21.154401300000004]]]}}, {"type": "Feature", "properties": {"layer": "building", "distance_m": 369.6, "source": "Microsoft ML Buildings", "in_industrial_zone": false, "ghsl_2018": 1}, "geometry": {"type": "Polygon", "coordinates": [[[72.8123318, 21.154634399999996], [72.8122678, 21.1546213], [72.8122898, 21.15452820000001], [72.81235379999998, 21.1545414], [72.8123318, 21.154634399999996]]]}}, {"type": "Feature", "properties": {"layer": "building", "distance_m": 366.1, "source": "Microsoft ML Buildings", "in_industrial_zone": false, "ghsl_2018": 1}, "geometry": {"type": "Polygon", "coordinates": [[[72.8123092, 21.154725599999995], [72.8122801, 21.1547223], [72.8122847, 21.154687799999998], [72.8123138, 21.154691099999994], [72.8123092, 21.154725599999995]]]}}, {"type": "Feature", "properties": {"layer": "building", "distance_m": 333.8, "source": "Microsoft ML Buildings", "in_industrial_zone": false, "ghsl_2018": 1}, "geometry": {"type": "Polygon", "coordinates": [[[72.81246369999998, 21.1549772], [72.81246810000002, 21.154931299999994], [72.8125133, 21.1549351], [72.81250889999998, 21.154981], [72.81246369999998, 21.1549772]]]}}, {"type": "Feature", "properties": {"layer": "building", "distance_m": 323.9, "source": "Google Open Buildings", "in_industrial_zone": false, "ghsl_2018": 1}, "geometry": {"type": "Polygon", "coordinates": [[[72.8125579, 21.154761600000004], [72.812633, 21.154767999999997], [72.812611, 21.154994899999995], [72.812536, 21.154988499999998], [72.8125579, 21.154761600000004]]]}}, {"type": "Feature", "properties": {"layer": "building", "distance_m": 340.2, "source": "Microsoft ML Buildings", "in_industrial_zone": false, "ghsl_2018": 1}, "geometry": {"type": "Polygon", "coordinates": [[[72.8124746, 21.1547393], [72.812432, 21.154992000000004], [72.81233259999999, 21.1549774], [72.81237509999998, 21.154724799999993], [72.8124746, 21.1547393]]]}}, {"type": "Feature", "properties": {"layer": "building", "distance_m": 348.4, "source": "Microsoft ML Buildings", "in_industrial_zone": false, "ghsl_2018": 1}, "geometry": {"type": "Polygon", "coordinates": [[[72.81212709999998, 21.1550456], [72.8122609, 21.155050700000004], [72.81225640000001, 21.1551531], [72.81212250000002, 21.155148000000004], [72.81212709999998, 21.1550456]]]}}, {"type": "Feature", "properties": {"layer": "building", "distance_m": 368.9, "source": "Google Open Buildings", "in_industrial_zone": false, "ghsl_2018": 1}, "geometry": {"type": "Polygon", "coordinates": [[[72.8120168, 21.1547736], [72.81216290000002, 21.154791400000004], [72.8121404, 21.154954500000006], [72.8119942, 21.154936699999997], [72.8120168, 21.1547736]]]}}, {"type": "Feature", "properties": {"layer": "building", "distance_m": 362.6, "source": "Microsoft ML Buildings", "in_industrial_zone": false, "ghsl_2018": 1}, "geometry": {"type": "Polygon", "coordinates": [[[72.81210769999998, 21.1551514], [72.8120209, 21.155148400000005], [72.812024, 21.1550685], [72.8121108, 21.1550714], [72.81210769999998, 21.1551514]]]}}, {"type": "Feature", "properties": {"layer": "building", "distance_m": 382.1, "source": "Microsoft ML Buildings", "in_industrial_zone": false, "ghsl_2018": 1}, "geometry": {"type": "Polygon", "coordinates": [[[72.8113716, 21.1548197], [72.81133160000002, 21.154817200000007], [72.8113385, 21.154721300000002], [72.81196860000001, 21.154761300000004], [72.811947, 21.155057600000003], [72.8117922, 21.1550478], [72.8117932, 21.1550341], [72.811593, 21.155021399999995], [72.8115983, 21.1549479], [72.8115209, 21.154943000000003], [72.81151629999998, 21.1550053], [72.8113134, 21.15499240000001], [72.81132400000001, 21.154848], [72.81136929999998, 21.154850899999996], [72.8113716, 21.1548197]]]}}, {"type": "Feature", "properties": {"layer": "building", "distance_m": 428.8, "source": "Microsoft ML Buildings", "in_industrial_zone": false, "ghsl_2018": 1}, "geometry": {"type": "Polygon", "coordinates": [[[72.81192919999998, 21.1541911], [72.81192279999999, 21.154247999999995], [72.81181929999998, 21.154237799999997], [72.81182570000001, 21.154180900000004], [72.81192919999998, 21.1541911]]]}}, {"type": "Feature", "properties": {"layer": "building", "distance_m": 404.9, "source": "Microsoft ML Buildings", "in_industrial_zone": false, "ghsl_2018": 1}, "geometry": {"type": "Polygon", "coordinates": [[[72.8121445, 21.1543285], [72.812058, 21.154309800000004], [72.8120792, 21.1542244], [72.81216569999998, 21.1542431], [72.8121445, 21.1543285]]]}}, {"type": "Feature", "properties": {"layer": "building", "distance_m": 386.9, "source": "Microsoft ML Buildings", "in_industrial_zone": false, "ghsl_2018": 1}, "geometry": {"type": "Polygon", "coordinates": [[[72.81223209999999, 21.154444500000004], [72.81222249999999, 21.154506999999995], [72.8120122, 21.1544788], [72.8120219, 21.1544163], [72.81223209999999, 21.154444500000004]]]}}, {"type": "Feature", "properties": {"layer": "building", "distance_m": 398.3, "source": "Microsoft ML Buildings", "in_industrial_zone": false, "ghsl_2018": 1}, "geometry": {"type": "Polygon", "coordinates": [[[72.81219259999999, 21.154204999999994], [72.81218440000002, 21.154230100000007], [72.8120877, 21.154202500000004], [72.8121321, 21.154067600000005], [72.8123356, 21.154125799999996], [72.8122995, 21.154235500000002], [72.81219259999999, 21.154204999999994]]]}}, {"type": "Feature", "properties": {"layer": "building", "distance_m": 451.3, "source": "Microsoft ML Buildings", "in_industrial_zone": false, "ghsl_2018": 1}, "geometry": {"type": "Polygon", "coordinates": [[[72.8122166, 21.153448600000008], [72.8121119, 21.153419200000002], [72.812126, 21.153375600000007], [72.8122307, 21.153405000000003], [72.8122166, 21.153448600000008]]]}}, {"type": "Feature", "properties": {"layer": "building", "distance_m": 446.5, "source": "Google Open Buildings", "in_industrial_zone": false, "ghsl_2018": 1}, "geometry": {"type": "Polygon", "coordinates": [[[72.8125386, 21.152921800000012], [72.812659, 21.152959299999996], [72.8126387, 21.1530168], [72.81251830000001, 21.152979300000002], [72.8125386, 21.152921800000012]]]}}, {"type": "Feature", "properties": {"layer": "building", "distance_m": 437.9, "source": "Google Open Buildings", "in_industrial_zone": false, "ghsl_2018": 1}, "geometry": {"type": "Polygon", "coordinates": [[[72.81247370000001, 21.1531053], [72.81259409999998, 21.1531428], [72.8125709, 21.1532083], [72.81245049999998, 21.1531708], [72.81247370000001, 21.1531053]]]}}, {"type": "Feature", "properties": {"layer": "building", "distance_m": 440.7, "source": "Google Open Buildings", "in_industrial_zone": false, "ghsl_2018": 1}, "geometry": {"type": "Polygon", "coordinates": [[[72.8124852, 21.1530727], [72.8126056, 21.153110200000004], [72.81259409999998, 21.1531428], [72.81247370000001, 21.1531053], [72.8124852, 21.1530727]]]}}, {"type": "Feature", "properties": {"layer": "building", "distance_m": 444.5, "source": "Google Open Buildings", "in_industrial_zone": false, "ghsl_2018": 1}, "geometry": {"type": "Polygon", "coordinates": [[[72.8125561, 21.153061100000006], [72.81259669999999, 21.153063999999997], [72.8125946, 21.153090400000004], [72.8125539, 21.1530875], [72.8125561, 21.153061100000006]]]}}, {"type": "Feature", "properties": {"layer": "building", "distance_m": 434.0, "source": "Google Open Buildings", "in_industrial_zone": false, "ghsl_2018": 1}, "geometry": {"type": "Polygon", "coordinates": [[[72.81245049999998, 21.1531708], [72.8125709, 21.1532083], [72.81253760000001, 21.1533025], [72.8124172, 21.15326500000001], [72.81245049999998, 21.1531708]]]}}, {"type": "Feature", "properties": {"layer": "building", "distance_m": 435.7, "source": "Google Open Buildings", "in_industrial_zone": false, "ghsl_2018": 1}, "geometry": {"type": "Polygon", "coordinates": [[[72.8123451, 21.153445999999988], [72.81238170000002, 21.153457], [72.812372, 21.153485500000002], [72.8123354, 21.15347440000001], [72.8123451, 21.153445999999988]]]}}, {"type": "Feature", "properties": {"layer": "building", "distance_m": 392.6, "source": "Microsoft ML Buildings", "in_industrial_zone": false, "ghsl_2018": 1}, "geometry": {"type": "Polygon", "coordinates": [[[72.81248269999999, 21.153855699999994], [72.81250009999998, 21.15381019999999], [72.8126035, 21.153844500000005], [72.8125862, 21.153890000000004], [72.81248269999999, 21.153855699999994]]]}}, {"type": "Feature", "properties": {"layer": "building", "distance_m": 430.1, "source": "Google Open Buildings", "in_industrial_zone": false, "ghsl_2018": 1}, "geometry": {"type": "Polygon", "coordinates": [[[72.81243110000001, 21.1534096], [72.8124729, 21.153422700000004], [72.8124617, 21.1534544], [72.8124198, 21.153441400000002], [72.81243110000001, 21.1534096]]]}}, {"type": "Feature", "properties": {"layer": "building", "distance_m": 429.2, "source": "Google Open Buildings", "in_industrial_zone": false, "ghsl_2018": 1}, "geometry": {"type": "Polygon", "coordinates": [[[72.81245080000001, 21.15335410000001], [72.8125125, 21.153373300000002], [72.8124928, 21.1534289], [72.81243110000001, 21.1534096], [72.81245080000001, 21.15335410000001]]]}}, {"type": "Feature", "properties": {"layer": "building", "distance_m": 431.9, "source": "Google Open Buildings", "in_industrial_zone": false, "ghsl_2018": 1}, "geometry": {"type": "Polygon", "coordinates": [[[72.8123724, 21.1533914], [72.81240499999998, 21.1532994], [72.81247669999999, 21.1533217], [72.81248879999998, 21.153287299999995], [72.8125375, 21.153302500000006], [72.8125185, 21.15335620000001], [72.8124568, 21.153337], [72.8124311, 21.1534097], [72.8123724, 21.1533914]]]}}, {"type": "Feature", "properties": {"layer": "building", "distance_m": 377.2, "source": "Google Open Buildings", "in_industrial_zone": false, "ghsl_2018": 1}, "geometry": {"type": "Polygon", "coordinates": [[[72.8126316, 21.1538929], [72.8127275, 21.153922700000006], [72.8127147, 21.153958900000003], [72.8126189, 21.15392900000001], [72.8126316, 21.1538929]]]}}, {"type": "Feature", "properties": {"layer": "building", "distance_m": 370.8, "source": "Google Open Buildings", "in_industrial_zone": false, "ghsl_2018": 1}, "geometry": {"type": "Polygon", "coordinates": [[[72.8127321, 21.153848700000005], [72.81282549999999, 21.153878299999995], [72.8128064, 21.15393140000001], [72.812713, 21.153901700000006], [72.8127321, 21.153848700000005]]]}}, {"type": "Feature", "properties": {"layer": "building", "distance_m": 375.2, "source": "Google Open Buildings", "in_industrial_zone": false, "ghsl_2018": 1}, "geometry": {"type": "Polygon", "coordinates": [[[72.8128313, 21.1536827], [72.8129071, 21.1537061], [72.8128956, 21.153738900000008], [72.8128197, 21.153715500000004], [72.8128313, 21.1536827]]]}}, {"type": "Feature", "properties": {"layer": "building", "distance_m": 375.2, "source": "Google Open Buildings", "in_industrial_zone": false, "ghsl_2018": 1}, "geometry": {"type": "Polygon", "coordinates": [[[72.8128008, 21.1537157], [72.8128741, 21.153738600000004], [72.8128558, 21.1537901], [72.8127825, 21.1537672], [72.8128008, 21.1537157]]]}}, {"type": "Feature", "properties": {"layer": "building", "distance_m": 374.6, "source": "Google Open Buildings", "in_industrial_zone": false, "ghsl_2018": 1}, "geometry": {"type": "Polygon", "coordinates": [[[72.8127769, 21.1537796], [72.8128486, 21.153793799999995], [72.81284320000002, 21.153817800000006], [72.8127718, 21.153803700000005], [72.8127769, 21.1537796]]]}}, {"type": "Feature", "properties": {"layer": "building", "distance_m": 373.4, "source": "Google Open Buildings", "in_industrial_zone": false, "ghsl_2018": 1}, "geometry": {"type": "Polygon", "coordinates": [[[72.8127662, 21.1538133], [72.8128395, 21.153836099999992], [72.8128357, 21.153847], [72.81276239999998, 21.153824199999992], [72.8127662, 21.1538133]]]}}, {"type": "Feature", "properties": {"layer": "building", "distance_m": 372.6, "source": "Google Open Buildings", "in_industrial_zone": false, "ghsl_2018": 1}, "geometry": {"type": "Polygon", "coordinates": [[[72.81276239999998, 21.153824199999992], [72.8128357, 21.153847], [72.8128273, 21.1538706], [72.812754, 21.1538477], [72.81276239999998, 21.153824199999992]]]}}, {"type": "Feature", "properties": {"layer": "building", "distance_m": 380.0, "source": "Microsoft ML Buildings", "in_industrial_zone": false, "ghsl_2018": 1}, "geometry": {"type": "Polygon", "coordinates": [[[72.8128224, 21.153621100000002], [72.8128487, 21.153538400000002], [72.8129385, 21.1535632], [72.81291219999999, 21.153646], [72.8128224, 21.153621100000002]]]}}, {"type": "Feature", "properties": {"layer": "building", "distance_m": 457.8, "source": "Microsoft ML Buildings", "in_industrial_zone": false, "ghsl_2018": 1}, "geometry": {"type": "Polygon", "coordinates": [[[72.81258140000001, 21.1527745], [72.81262099999998, 21.1526729], [72.81273579999998, 21.152711800000002], [72.8126961, 21.152813400000007], [72.81258140000001, 21.1527745]]]}}, {"type": "Feature", "properties": {"layer": "building", "distance_m": 470.6, "source": "Microsoft ML Buildings", "in_industrial_zone": false, "ghsl_2018": 1}, "geometry": {"type": "Polygon", "coordinates": [[[72.8128495, 21.152341000000007], [72.81277430000002, 21.152583400000005], [72.8126654, 21.152554], [72.8127405, 21.1523116], [72.8128495, 21.152341000000007]]]}}, {"type": "Feature", "properties": {"layer": "building", "distance_m": 453.5, "source": "Google Open Buildings", "in_industrial_zone": false, "ghsl_2018": 1}, "geometry": {"type": "Polygon", "coordinates": [[[72.8135551, 21.152151999999997], [72.8135956, 21.152171400000004], [72.81356649999998, 21.152224699999998], [72.813526, 21.152205300000006], [72.8135551, 21.152151999999997]]]}}, {"type": "Feature", "properties": {"layer": "building", "distance_m": 469.8, "source": "Microsoft ML Buildings", "in_industrial_zone": false, "ghsl_2018": 1}, "geometry": {"type": "Polygon", "coordinates": [[[72.81322479999999, 21.151789099999995], [72.81328669999999, 21.151696899999997], [72.81331229999999, 21.151700100000003], [72.81292059999998, 21.151471299999997], [72.81297249999999, 21.151394], [72.8129821, 21.1513997], [72.81311599999998, 21.151200300000003], [72.81315789999998, 21.151224700000004], [72.81320459999999, 21.1512855], [72.81319919999999, 21.151322000000008], [72.81322769999998, 21.151303], [72.81329299999999, 21.1513412], [72.81327179999998, 21.1514861], [72.81332949999998, 21.1514476], [72.8133969, 21.1514869], [72.81343199999999, 21.151532600000003], [72.81341069999999, 21.151564200000003], [72.81353229999999, 21.151722499999998], [72.81352809999998, 21.1517512], [72.8135763, 21.1517794], [72.81357289999998, 21.1518033], [72.81364519999998, 21.151812499999995], [72.81363349999998, 21.1518928], [72.81368479999999, 21.1519228], [72.81361359999998, 21.1520288], [72.81339209999999, 21.151899400000005], [72.8134271, 21.151847300000004], [72.81341749999999, 21.1518416], [72.81338849999999, 21.15188480000001], [72.81322479999999, 21.151789099999995]]]}}, {"type": "Feature", "properties": {"layer": "building", "distance_m": 439.4, "source": "Google Open Buildings", "in_industrial_zone": false, "ghsl_2018": 1}, "geometry": {"type": "Polygon", "coordinates": [[[72.81377589999998, 21.152018500000004], [72.8139146, 21.152160899999995], [72.81383719999998, 21.15222719999999], [72.8136985, 21.152084800000004], [72.81377589999998, 21.152018500000004]]]}}, {"type": "Feature", "properties": {"layer": "building", "distance_m": 465.3, "source": "Google Open Buildings", "in_industrial_zone": false, "ghsl_2018": 1}, "geometry": {"type": "Polygon", "coordinates": [[[72.81380229999999, 21.151918899999995], [72.813831, 21.151962200000003], [72.8137796, 21.151992100000008], [72.81375089999999, 21.1519489], [72.81380229999999, 21.151918899999995]]]}}, {"type": "Feature", "properties": {"layer": "building", "distance_m": 460.8, "source": "Google Open Buildings", "in_industrial_zone": false, "ghsl_2018": 1}, "geometry": {"type": "Polygon", "coordinates": [[[72.8137274, 21.151957600000006], [72.81377389999999, 21.1520044], [72.81367699999998, 21.1520891], [72.81361709999999, 21.1520288], [72.81365459999999, 21.151996000000004], [72.813668, 21.1520095], [72.8137274, 21.151957600000006]]]}}, {"type": "Feature", "properties": {"layer": "building", "distance_m": 421.9, "source": "Google Open Buildings", "in_industrial_zone": false, "ghsl_2018": 1}, "geometry": {"type": "Polygon", "coordinates": [[[72.81373279999998, 21.152306300000006], [72.8138612, 21.1523641], [72.81384, 21.152405500000008], [72.8137116, 21.152347700000007], [72.81373279999998, 21.152306300000006]]]}}, {"type": "Feature", "properties": {"layer": "building", "distance_m": 420.0, "source": "Google Open Buildings", "in_industrial_zone": false, "ghsl_2018": 1}, "geometry": {"type": "Polygon", "coordinates": [[[72.8137778, 21.152391900000005], [72.813826, 21.152414400000005], [72.8138126, 21.152439899999997], [72.813764, 21.152417300000007], [72.8137778, 21.152391900000005]]]}}, {"type": "Feature", "properties": {"layer": "building", "distance_m": 436.2, "source": "Microsoft ML Buildings", "in_industrial_zone": false, "ghsl_2018": 1}, "geometry": {"type": "Polygon", "coordinates": [[[72.8137107, 21.152300300000004], [72.8136837, 21.152340800000008], [72.8136054, 21.152295400000003], [72.8136324, 21.152254900000006], [72.8137107, 21.152300300000004]]]}}, {"type": "Feature", "properties": {"layer": "building", "distance_m": 399.0, "source": "Google Open Buildings", "in_industrial_zone": false, "ghsl_2018": 1}, "geometry": {"type": "Polygon", "coordinates": [[[72.8139097, 21.152516500000004], [72.8139688, 21.1525503], [72.81394389999998, 21.15258839999999], [72.8138849, 21.152554599999995], [72.8139097, 21.152516500000004]]]}}, {"type": "Feature", "properties": {"layer": "building", "distance_m": 401.3, "source": "Google Open Buildings", "in_industrial_zone": false, "ghsl_2018": 1}, "geometry": {"type": "Polygon", "coordinates": [[[72.8139593, 21.152443400000003], [72.8140204, 21.1524796], [72.81397349999999, 21.1525492], [72.81391199999999, 21.152511700000005], [72.8139593, 21.152443400000003]]]}}, {"type": "Feature", "properties": {"layer": "building", "distance_m": 434.1, "source": "Google Open Buildings", "in_industrial_zone": false, "ghsl_2018": 1}, "geometry": {"type": "Polygon", "coordinates": [[[72.8139171, 21.152162900000004], [72.8139536, 21.152193299999997], [72.8138996, 21.1522503], [72.81386309999999, 21.152219899999995], [72.8139171, 21.152162900000004]]]}}, {"type": "Feature", "properties": {"layer": "building", "distance_m": 384.5, "source": "Google Open Buildings", "in_industrial_zone": false, "ghsl_2018": 1}, "geometry": {"type": "Polygon", "coordinates": [[[72.8140204, 21.1524796], [72.8141543, 21.15255910000001], [72.8140813, 21.152667400000006], [72.81394739999999, 21.152587999999998], [72.8140204, 21.1524796]]]}}, {"type": "Feature", "properties": {"layer": "building", "distance_m": 371.9, "source": "Google Open Buildings", "in_industrial_zone": false, "ghsl_2018": 1}, "geometry": {"type": "Polygon", "coordinates": [[[72.8140033, 21.152646600000004], [72.81410629999999, 21.1526944], [72.8140394, 21.152818800000006], [72.8139368, 21.152770200000003], [72.8140033, 21.152646600000004]]]}}, {"type": "Feature", "properties": {"layer": "building", "distance_m": 488.1, "source": "Microsoft ML Buildings", "in_industrial_zone": false, "ghsl_2018": 1}, "geometry": {"type": "Polygon", "coordinates": [[[72.8178256, 21.15175280000001], [72.817841, 21.151715800000005], [72.8178853, 21.151731899999994], [72.8178698, 21.1517689], [72.8178256, 21.15175280000001]]]}}, {"type": "Feature", "properties": {"layer": "building", "distance_m": 489.1, "source": "Microsoft ML Buildings", "in_industrial_zone": false, "ghsl_2018": 1}, "geometry": {"type": "Polygon", "coordinates": [[[72.8182843, 21.151975600000004], [72.8182871, 21.151923200000002], [72.81836330000002, 21.1519267], [72.8183605, 21.151979100000002], [72.8182843, 21.151975600000004]]]}}, {"type": "Feature", "properties": {"layer": "building", "distance_m": 485.3, "source": "Microsoft ML Buildings", "in_industrial_zone": false, "ghsl_2018": 1}, "geometry": {"type": "Polygon", "coordinates": [[[72.818209, 21.151819200000002], [72.8182049, 21.1519267], [72.8181192, 21.151923800000006], [72.8181233, 21.151816399999994], [72.818209, 21.151819200000002]]]}}, {"type": "Feature", "properties": {"layer": "building", "distance_m": 489.7, "source": "Microsoft ML Buildings", "in_industrial_zone": false, "ghsl_2018": 1}, "geometry": {"type": "Polygon", "coordinates": [[[72.8184092, 21.152013799999995], [72.8184546, 21.152010900000004], [72.8184566, 21.152038200000007], [72.8184113, 21.152041200000003], [72.8184092, 21.152013799999995]]]}}, {"type": "Feature", "properties": {"layer": "building", "distance_m": 491.3, "source": "Google Open Buildings", "in_industrial_zone": false, "ghsl_2018": 1}, "geometry": {"type": "Polygon", "coordinates": [[[72.8199622, 21.153261800000003], [72.81999160000001, 21.153264000000004], [72.8199873, 21.153314800000008], [72.8199579, 21.153312600000003], [72.8199622, 21.153261800000003]]]}}, {"type": "Feature", "properties": {"layer": "building", "distance_m": 491.6, "source": "Google Open Buildings", "in_industrial_zone": false, "ghsl_2018": 1}, "geometry": {"type": "Polygon", "coordinates": [[[72.8200279, 21.153365100000002], [72.8200798, 21.153369200000004], [72.820077, 21.1534006], [72.82002500000002, 21.153396500000003], [72.8200279, 21.153365100000002]]]}}, {"type": "Feature", "properties": {"layer": "building", "distance_m": 444.5, "source": "Microsoft ML Buildings", "in_industrial_zone": false, "ghsl_2018": 1}, "geometry": {"type": "Polygon", "coordinates": [[[72.8205104, 21.154569800000004], [72.8205017, 21.1546757], [72.82018599999999, 21.154653300000003], [72.8201954, 21.154537499999996], [72.82028979999998, 21.1545442], [72.8202917, 21.15452180000001], [72.8203397, 21.1545252], [72.8203414, 21.1545042], [72.8202427, 21.154497199999998], [72.8202516, 21.15438780000001], [72.8202489, 21.1543876], [72.8202527, 21.154341399999996], [72.82030600000002, 21.154345199999995], [72.8203026, 21.154387500000002], [72.8203602, 21.1543916], [72.8203654, 21.1543269], [72.8205425, 21.154339500000003], [72.8205271, 21.154528500000005], [72.8204141, 21.154520500000004], [72.82041059999999, 21.154562700000007], [72.8205104, 21.154569800000004]]]}}, {"type": "Feature", "properties": {"layer": "building", "distance_m": 470.3, "source": "Microsoft ML Buildings", "in_industrial_zone": false, "ghsl_2018": 1}, "geometry": {"type": "Polygon", "coordinates": [[[72.8203252, 21.154247599999994], [72.8202871, 21.1542432], [72.820292, 21.1542063], [72.8203301, 21.154210599999992], [72.8203252, 21.154247599999994]]]}}, {"type": "Feature", "properties": {"layer": "building", "distance_m": 489.6, "source": "Microsoft ML Buildings", "in_industrial_zone": false, "ghsl_2018": 1}, "geometry": {"type": "Polygon", "coordinates": [[[72.820498, 21.154064000000005], [72.8204751, 21.154108800000003], [72.8204139, 21.154081599999998], [72.8204368, 21.154036800000004], [72.820498, 21.154064000000005]]]}}, {"type": "Feature", "properties": {"layer": "building", "distance_m": 476.8, "source": "Microsoft ML Buildings", "in_industrial_zone": false, "ghsl_2018": 1}, "geometry": {"type": "Polygon", "coordinates": [[[72.82040350000001, 21.154136499999996], [72.82057470000001, 21.154158], [72.82055110000002, 21.154321599999996], [72.8203799, 21.154300000000003], [72.82040350000001, 21.154136499999996]]]}}, {"type": "Feature", "properties": {"layer": "building", "distance_m": 499.1, "source": "Microsoft ML Buildings", "in_industrial_zone": false, "ghsl_2018": 1}, "geometry": {"type": "Polygon", "coordinates": [[[72.8205587, 21.154064], [72.82059710000001, 21.154074699999992], [72.82057580000001, 21.154141299999996], [72.8205374, 21.154130699999996], [72.8205587, 21.154064]]]}}, {"type": "Feature", "properties": {"layer": "building", "distance_m": 493.1, "source": "Microsoft ML Buildings", "in_industrial_zone": false, "ghsl_2018": 1}, "geometry": {"type": "Polygon", "coordinates": [[[72.8205861, 21.15439449999999], [72.82063510000002, 21.154070700000005], [72.820885, 21.154103599999996], [72.8208515, 21.1543244], [72.8207095, 21.1543057], [72.8206939, 21.154408700000005], [72.8205861, 21.15439449999999]]]}}, {"type": "Feature", "properties": {"layer": "building", "distance_m": 495.9, "source": "Microsoft ML Buildings", "in_industrial_zone": false, "ghsl_2018": 1}, "geometry": {"type": "Polygon", "coordinates": [[[72.82080990000001, 21.1545987], [72.8206856, 21.154594500000005], [72.8206913, 21.1544458], [72.8208156, 21.154449899999996], [72.82080990000001, 21.1545987]]]}}, {"type": "Feature", "properties": {"layer": "building", "distance_m": 479.6, "source": "Microsoft ML Buildings", "in_industrial_zone": false, "ghsl_2018": 1}, "geometry": {"type": "Polygon", "coordinates": [[[72.8206876, 21.1545075], [72.8206564, 21.154662100000003], [72.8205362, 21.1546409], [72.82057970000001, 21.154426], [72.820674, 21.154442600000007], [72.8206617, 21.1545029], [72.8206876, 21.1545075]]]}}, {"type": "Feature", "properties": {"layer": "building", "distance_m": 480.6, "source": "Microsoft ML Buildings", "in_industrial_zone": false, "ghsl_2018": 1}, "geometry": {"type": "Polygon", "coordinates": [[[72.8207615, 21.1548628], [72.82075099999999, 21.154944200000003], [72.8206294, 21.154930500000003], [72.8206399, 21.154849200000008], [72.8207615, 21.1548628]]]}}, {"type": "Feature", "properties": {"layer": "building", "distance_m": 487.6, "source": "Google Open Buildings", "in_industrial_zone": false, "ghsl_2018": 1}, "geometry": {"type": "Polygon", "coordinates": [[[72.8207176, 21.154958600000004], [72.8207509, 21.1549629], [72.820746, 21.154995700000008], [72.82071269999999, 21.1549913], [72.8207176, 21.154958600000004]]]}}, {"type": "Feature", "properties": {"layer": "building", "distance_m": 493.1, "source": "Microsoft ML Buildings", "in_industrial_zone": false, "ghsl_2018": 1}, "geometry": {"type": "Polygon", "coordinates": [[[72.82078740000001, 21.154608], [72.82077630000002, 21.1546714], [72.820677, 21.154656300000003], [72.82068810000001, 21.1545929], [72.82078740000001, 21.154608]]]}}, {"type": "Feature", "properties": {"layer": "building", "distance_m": 495.2, "source": "Microsoft ML Buildings", "in_industrial_zone": false, "ghsl_2018": 1}, "geometry": {"type": "Polygon", "coordinates": [[[72.8209223, 21.154964699999997], [72.820916, 21.155006400000005], [72.82078710000002, 21.1549894], [72.82080439999999, 21.154875500000006], [72.820907, 21.154889], [72.820896, 21.154961200000002], [72.8209223, 21.154964699999997]]]}}, {"type": "Feature", "properties": {"layer": "flood_100yr"}, "geometry": {"type": "Polygon", "coordinates": [[[72.8280300651074, 21.176233333579965], [72.82831106086516, 21.17609457210147], [72.8303153459552, 21.17485079938181], [72.83217739334226, 21.173425766923497], [72.83387864384926, 21.171833681376665], [72.83540214294071, 21.170090414329206], [72.83577340676561, 21.16956666717655], [72.83541813560913, 21.1695666666747], [72.83541813560913, 21.165400000008038], [72.83625146894475, 21.165400000008038], [72.83625146894475, 21.16456666667471], [72.83541813560912, 21.16456666667471], [72.83541813560912, 21.16290000000804], [72.83458480227348, 21.16290000000804], [72.83458480227348, 21.162066666674704], [72.83375146893785, 21.162066666674708], [72.83375146893783, 21.16123333334137], [72.82958480225969, 21.16123333334137], [72.82958480225967, 21.162066666674704], [72.82875146892404, 21.162066666674704], [72.82875146892404, 21.160400000008035], [72.82708480225277, 21.160400000008035], [72.82708480225277, 21.159566666674706], [72.8279181355884, 21.15956666667471], [72.8279181355884, 21.158733333341374], [72.82875146892404, 21.158733333341367], [72.82875146892404, 21.156233333341376], [72.8279181355884, 21.156233333341376], [72.8279181355884, 21.15706666667471], [72.82625146891714, 21.157066666674716], [72.82625146891714, 21.15623333334138], [72.8254181355815, 21.156233333341376], [72.8254181355815, 21.154566666674718], [72.82625146891714, 21.15456666667471], [72.82625146891714, 21.155400000008047], [72.82958480225967, 21.155400000008047], [72.82958480225967, 21.154566666674715], [72.82875146892404, 21.154566666674715], [72.82875146892404, 21.152900000008046], [72.82708480225276, 21.152900000008046], [72.82708480225277, 21.15123333334138], [72.82625146891714, 21.151233333341384], [72.82625146891714, 21.150400000008045], [72.8254181355815, 21.150400000008048], [72.82541813558151, 21.149566666674712], [72.82458480224587, 21.149566666674716], [72.82458480224587, 21.147900000008054], [72.82625146891714, 21.147900000008054], [72.82625146891714, 21.14706666667472], [72.82708480225277, 21.14706666667472], [72.82708480225278, 21.147900000008054], [72.82875146892404, 21.147900000008054], [72.82875146892404, 21.147066666674718], [72.8279181355884, 21.14706666667472], [72.8279181355884, 21.14623333334139], [72.83125146893094, 21.14623333334139], [72.83125146893094, 21.145400000008053], [72.83375146893785, 21.145400000008056], [72.83375146893785, 21.147066666674718], [72.83458480227348, 21.147066666674718], [72.83458480227348, 21.14623333334139], [72.83541813560912, 21.146233333341385], [72.83541813560912, 21.147066666674714], [72.83625146894475, 21.147066666674718], [72.83625146894474, 21.148733333341386], [72.83875146895166, 21.14873333334138], [72.83875146895167, 21.149566666674716], [72.83919758510888, 21.14956666828338], [72.83902221185495, 21.148957692238636], [72.83818607555247, 21.146886278602278], [72.8371376510346, 21.144901677631772], [72.8363599053073, 21.143733344281088], [72.83125146893094, 21.143733333341398], [72.83125146893094, 21.14040000000806], [72.83208480226658, 21.140400000008054], [72.83208480226658, 21.139566666674725], [72.8327221707543, 21.13956666861274], [72.83105141267121, 21.138196942244473], [72.82913000390229, 21.136909877131934], [72.8285908992372, 21.13661898966838], [72.82827041096283, 21.13641603496482], [72.82739052881826, 21.13597128937266], [72.82708345949443, 21.135805597494944], [72.82695599146075, 21.13575164526511], [72.82616156514197, 21.13535008474566], [72.82395024748575, 21.134486066035443], [72.82165835681025, 21.13383253470974], [72.81930858877001, 21.133395962213164], [72.81692421137629, 21.133180671558694], [72.81452883488474, 21.133188794576213], [72.81214617831682, 21.13342025083079], [72.80979983491144, 21.133872748418117], [72.80751303881381, 21.134541806629212], [72.80530843529617, 21.13542080026154], [72.8032078567717, 21.13650102514054], [72.80123210680657, 21.13777178420685], [72.79940075425795, 21.139220493321947], [72.79773193956908, 21.14083280575054], [72.79624219513326, 21.1425927540937], [72.79543196760761, 21.14377451788377], [72.79494930761837, 21.144418966791697], [72.79378522580674, 21.146352686091767], [72.79282923077467, 21.148384324389568], [72.79209057716207, 21.15049423249851], [72.79157641855677, 21.152662003405226], [72.79129173797409, 21.154866669563937], [72.7912392992923, 21.157086905644015], [72.79141962012827, 21.159301234772734], [72.79183096643067, 21.16148823627967], [72.7920036409959, 21.162066666855083], [72.79208480215611, 21.162066666674708], [72.79208480215611, 21.16123333334137], [72.79375146882737, 21.16123333334137], [72.79375146882737, 21.16290000000804], [72.79791813550555, 21.16290000000804], [72.79791813550555, 21.16373333334137], [72.79875146884119, 21.16373333334137], [72.79875146884117, 21.16456666667471], [72.79708480216992, 21.16456666667471], [72.79708480216992, 21.165400000008034], [72.79875146884119, 21.165400000008038], [72.79875146884119, 21.166233333341363], [72.79958480217682, 21.16623333334136], [72.79958480217682, 21.167066666674707], [72.80041813551246, 21.167066666674703], [72.80041813551246, 21.167900000008036], [72.79875146884117, 21.16790000000804], [72.79875146884117, 21.167066666674703], [72.7970848021699, 21.167066666674714], [72.79708480216992, 21.168733333341365], [72.79541813549865, 21.168733333341365], [72.79541813549903, 21.169171213900043], [72.79567463700837, 21.169548038845846], [72.7970882783199, 21.17123333337557], [72.80041813551246, 21.171233333341362], [72.80041813551246, 21.170400000008033], [72.80208480218373, 21.170400000008037], [72.80208480218373, 21.171233333341366], [72.80291813551936, 21.171233333341362], [72.80291813551936, 21.172066666674695], [72.80208480218373, 21.17206666667469], [72.80208480218373, 21.172900000008024], [72.803751468855, 21.172900000008028], [72.803751468855, 21.173733333341364], [72.80541813552627, 21.17373333334136], [72.80541813552627, 21.170400000008033], [72.8062514688619, 21.170400000008037], [72.8062514688619, 21.168733333341365], [72.80791813553317, 21.16873333334137], [72.80791813553317, 21.167900000008032], [72.80708480219754, 21.167900000008032], [72.80708480219754, 21.165400000008038], [72.80791813553317, 21.165400000008038], [72.80791813553317, 21.16456666667471], [72.80708480219755, 21.16456666667469], [72.80708480219754, 21.16373333334137], [72.80791813553316, 21.163733333341376], [72.80791813553317, 21.162066666674708], [72.8062514688619, 21.1620666666747], [72.8062514688619, 21.16123333334137], [72.80541813552628, 21.16123333334137], [72.80541813552627, 21.160400000008043], [72.803751468855, 21.160400000008043], [72.803751468855, 21.159566666674706], [72.80208480218373, 21.159566666674703], [72.80208480218373, 21.158733333341367], [72.80291813551936, 21.15873333334137], [72.80291813551936, 21.15790000000805], [72.80208480218374, 21.157900000008034], [72.80208480218373, 21.157066666674716], [72.8012514688481, 21.157066666674716], [72.8012514688481, 21.155400000008047], [72.80291813551936, 21.155400000008047], [72.80291813551936, 21.154566666674707], [72.80458480219063, 21.15456666667471], [72.80458480219062, 21.15373333334139], [72.80708480219754, 21.15373333334139], [72.80708480219754, 21.157066666674716], [72.80791813553317, 21.15706666667471], [72.80791813553317, 21.157900000008045], [72.8087514688688, 21.15790000000804], [72.8087514688688, 21.15873333334137], [72.80791813553317, 21.15873333334137], [72.80791813553317, 21.159566666674706], [72.80875146886879, 21.159566666674703], [72.80875146886882, 21.160400000008035], [72.81041813554009, 21.160400000008035], [72.81041813554008, 21.16123333334138], [72.81125146887571, 21.161233333341375], [72.81125146887571, 21.157066666674716], [72.81291813554698, 21.157066666674716], [72.81291813554698, 21.15790000000804], [72.81375146888261, 21.157900000008038], [72.81375146888261, 21.16290000000804], [72.81458480221823, 21.16290000000804], [72.81458480221823, 21.16206666667471], [72.81541813555388, 21.162066666674704], [72.81541813555388, 21.16040000000804], [72.81625146888952, 21.160400000008043], [72.81625146888952, 21.16123333334137], [72.81708480222515, 21.16123333334137], [72.81708480222515, 21.1620666666747], [72.81791813556079, 21.162066666674704], [72.81791813556079, 21.16123333334137], [72.81875146889644, 21.161233333341375], [72.81875146889642, 21.160400000008043], [72.81958480223206, 21.16040000000804], [72.81958480223207, 21.162066666674704], [72.82208480223896, 21.162066666674708], [72.82208480223896, 21.163733333341366], [72.8229181355746, 21.163733333341373], [72.8229181355746, 21.16456666667471], [72.82458480224587, 21.16456666667471], [72.82458480224587, 21.166233333341367], [72.82375146891023, 21.166233333341367], [72.82375146891023, 21.168733333341365], [72.8229181355746, 21.168733333341365], [72.8229181355746, 21.170400000008033], [72.82375146891023, 21.17040000000804], [72.82375146891023, 21.171233333341366], [72.82708480225277, 21.171233333341362], [72.82708480225277, 21.170400000008033], [72.82625146891714, 21.170400000008033], [72.82625146891714, 21.168733333341365], [72.8279181355884, 21.168733333341365], [72.8279181355884, 21.167900000008032], [72.83041813559531, 21.167900000008036], [72.83041813559531, 21.168733333341365], [72.83208480226656, 21.168733333341365], [72.83208480226658, 21.170400000008033], [72.83041813559531, 21.170400000008037], [72.83041813559531, 21.17206666667469], [72.82958480225967, 21.172066666674695], [72.82958480225967, 21.172900000008028], [72.82875146892404, 21.172900000008028], [72.82875146892404, 21.171233333341362], [72.8279181355884, 21.171233333341362], [72.8279181355884, 21.172066666674695], [72.82708480225277, 21.172066666674695], [72.82708480225277, 21.172900000008024], [72.82458480224587, 21.172900000008028], [72.82458480224587, 21.17206666667469], [72.82375146891023, 21.172066666674695], [72.82375146891023, 21.172900000008028], [72.82208480223896, 21.172900000008024], [72.82208480223896, 21.173733333341364], [72.82375146891023, 21.17373333334136], [72.82375146891023, 21.174566666674696], [72.82458480224587, 21.174566666674703], [72.82458480224587, 21.175400000008022], [72.8279181355884, 21.175400000008032], [72.8279181355884, 21.17623333334136], [72.8280300651074, 21.176233333579965]], [[72.79791813550555, 21.162066666674704], [72.79875146884119, 21.162066666674708], [72.79875146884119, 21.16290000000804], [72.79791813550555, 21.16290000000804], [72.79791813550555, 21.162066666674704]], [[72.8012514688481, 21.16790000000804], [72.8012514688481, 21.169566666674697], [72.80041813551246, 21.169566666674697], [72.80041813551246, 21.167900000008036], [72.8012514688481, 21.16790000000804]], [[72.80458480219063, 21.170400000008033], [72.80458480219063, 21.169566666674694], [72.80541813552627, 21.169566666674697], [72.80541813552627, 21.170400000008033], [72.80458480219063, 21.170400000008033]], [[72.8279181355884, 21.174566666674693], [72.82875146892404, 21.174566666674696], [72.82875146892404, 21.175400000008025], [72.8279181355884, 21.175400000008032], [72.8279181355884, 21.174566666674693]], [[72.8254181355815, 21.1745666666747], [72.8254181355815, 21.173733333341364], [72.8279181355884, 21.173733333341364], [72.8279181355884, 21.174566666674693], [72.8254181355815, 21.1745666666747]], [[72.82875146892404, 21.166233333341363], [72.82875146892404, 21.16540000000803], [72.8279181355884, 21.165400000008034], [72.8279181355884, 21.16623333334137], [72.82708480225277, 21.166233333341367], [72.82708480225277, 21.16456666667471], [72.82958480225969, 21.16456666667471], [72.82958480225967, 21.165400000008038], [72.83125146893094, 21.16540000000803], [72.83125146893094, 21.167066666674703], [72.82958480225967, 21.167066666674703], [72.82958480225966, 21.166233333341363], [72.82875146892404, 21.166233333341363]], [[72.8012514688481, 21.16373333334137], [72.8012514688481, 21.16456666667471], [72.80041813551246, 21.16456666667471], [72.80041813551244, 21.16373333334137], [72.8012514688481, 21.16373333334137]], [[72.80458480219063, 21.16373333334137], [72.80458480219063, 21.16456666667471], [72.803751468855, 21.164566666674702], [72.803751468855, 21.16373333334137], [72.80458480219063, 21.16373333334137]], [[72.79875146884119, 21.159566666674703], [72.79875146884119, 21.158733333341374], [72.8012514688481, 21.15873333334137], [72.8012514688481, 21.160400000008043], [72.79958480217684, 21.160400000008043], [72.79958480217682, 21.159566666674706], [72.79875146884119, 21.159566666674703]]]}}, {"type": "Feature", "properties": {"layer": "permanent_water_jrc"}, "geometry": {"type": "MultiPolygon", "coordinates": [[[[72.80958480220444, 21.14456666667472], [72.81041813554008, 21.144566666674717], [72.81041813554008, 21.142900000008048], [72.80958480220444, 21.142900000008048], [72.80958480220444, 21.14456666667472]]], [[[72.81625146888952, 21.15456666667471], [72.81625146888952, 21.153733333341386], [72.81541813555388, 21.153733333341386], [72.81541813555388, 21.15456666667471], [72.81625146888952, 21.15456666667471]]], [[[72.81708480222515, 21.155400000008047], [72.81708480222515, 21.15456666667471], [72.81625146888952, 21.15456666667471], [72.81625146888952, 21.155400000008047], [72.81708480222515, 21.155400000008047]]], [[[72.79291813549175, 21.15706666667471], [72.79291813549175, 21.155400000008047], [72.7912791416435, 21.15540000014205], [72.79125146882198, 21.156571657915354], [72.79125146882048, 21.157066666674716], [72.79291813549175, 21.15706666667471]]], [[[72.82041813556769, 21.16040000000804], [72.82125146890334, 21.160400000008043], [72.82125146890334, 21.159566666674706], [72.82041813556769, 21.159566666674706], [72.82041813556769, 21.16040000000804]]], [[[72.82208480223896, 21.16290000000804], [72.8229181355746, 21.16290000000804], [72.8229181355746, 21.16123333334138], [72.82208480223895, 21.16123333334137], [72.82208480223896, 21.16290000000804]]], [[[72.8229181355746, 21.163733333341373], [72.82458480224587, 21.16373333334137], [72.82458480224587, 21.16290000000804], [72.8229181355746, 21.16290000000804], [72.8229181355746, 21.163733333341373]]]]}}, {"type": "Feature", "properties": {"layer": "airport", "name": "Surat Airport", "icao": "VASU", "distance_m": 6243.2}, "geometry": {"type": "Polygon", "coordinates": [[[72.73153400000001, 21.09905900000001], [72.7288817, 21.1011745], [72.7310433, 21.1058994], [72.7308464, 21.1058871], [72.7309496, 21.1061302], [72.7311554, 21.106138899999998], [72.7329439, 21.1101295], [72.7347202, 21.114105300000002], [72.7347693, 21.114215100000003], [72.7367656, 21.118684199999997], [72.73743340000001, 21.1201792], [72.74121730000002, 21.1286838], [72.7420413, 21.1281287], [72.74473520000001, 21.129492100000007], [72.7455305, 21.1277852], [72.747068, 21.127100100000003], [72.7477857, 21.1272155], [72.7478199, 21.1270383], [72.7488791, 21.127076100000004], [72.7500651, 21.127099799999996], [72.7506612, 21.1270856], [72.75214909999998, 21.1273677], [72.755094, 21.128281599999998], [72.7563572, 21.129382500000002], [72.75677160000001, 21.129680600000004], [72.7572342, 21.1300452], [72.75763889999999, 21.1303402], [72.75786310000001, 21.1305473], [72.7591778, 21.1317616], [72.76216930000001, 21.1301112], [72.7603613, 21.128332900000004], [72.7593937, 21.127369399999996], [72.7552438, 21.1235276], [72.7541833, 21.122545899999995], [72.7535051, 21.121906300000006], [72.74982439999998, 21.118361499999995], [72.738734, 21.1072318], [72.73860780000001, 21.10731270000001], [72.73856309999998, 21.107835699999992], [72.7378747, 21.1080178], [72.7375951, 21.107268299999998], [72.737493, 21.1068882], [72.7374865, 21.106804699999998], [72.7374954, 21.1063956], [72.73742219999998, 21.105884299999996], [72.7362961, 21.104594199999994], [72.73153400000001, 21.09905900000001]]]}}, {"type": "Feature", "properties": {"layer": "airport_reference_point", "name": "Surat Airport", "icao": "VASU", "distance_m": 8750.1}, "geometry": {"type": "Point", "coordinates": [72.743251, 21.115531]}}]}