{"type": "FeatureCollection", "features": [{"type": "Feature", "properties": {"layer": "outline_2026", "site": "BHJ-01"}, "geometry": {"type": "Polygon", "coordinates": [[[69.69685842399737, 23.26671815700179], [69.69680138264202, 23.26661411840933], [69.69681416718, 23.26657031480635], [69.69678572308428, 23.266309664327643], [69.69665300565711, 23.26607014280639], [69.69675901831168, 23.266001024638527], [69.69673432217172, 23.265868532640052], [69.69670720204698, 23.265806799654545], [69.69641240567171, 23.26578744196369], [69.69624393228804, 23.265426677408094], [69.69708762361122, 23.265380857282082], [69.69682673900562, 23.26432182422667], [69.69692734383432, 23.26419387690136], [69.69716478696951, 23.26422725852237], [69.69738532944484, 23.263931249862853], [69.69761008259405, 23.263708369851717], [69.69771517447786, 23.263686318330663], [69.69780838055817, 23.26379276688422], [69.69781121263178, 23.26388264016028], [69.6977671670666, 23.263986262460122], [69.69780597692606, 23.264030955807605], [69.69760076149403, 23.264332552323555], [69.69746579688331, 23.264711812394758], [69.697544281686, 23.265354336644613], [69.697337598092, 23.265602028702798], [69.69881399706668, 23.266065874956134], [69.69874775369873, 23.26616441831468], [69.69955333076659, 23.266690740569654], [69.69965798841677, 23.266556003515], [69.69937117064224, 23.265766976928116], [69.69922816233664, 23.265705930933475], [69.69911050719206, 23.265651836247226], [69.69917615689533, 23.265568204031133], [69.69950115147115, 23.26553244291513], [69.70016116546029, 23.265750433344433], [69.70040311181126, 23.265902581274563], [69.70056867069792, 23.266252088159014], [69.70034862601311, 23.266781002625304], [69.69997589874816, 23.267465920957502], [69.6996725055664, 23.267476905273774], [69.69947252667545, 23.267391953858994], [69.69930674774814, 23.267505305184326], [69.69898710380139, 23.26727726148016], [69.69890938192486, 23.267141375460376], [69.6987685144007, 23.267185898105325], [69.69845988140108, 23.267039859746543], [69.69819300991826, 23.267028712865724], [69.6978138234409, 23.267155227241176], [69.6974128292909, 23.267120750133426], [69.69735570713158, 23.26677687019774], [69.69685842399737, 23.26671815700179]]]}}, {"type": "Feature", "properties": {"layer": "union_2016_2026", "site": "BHJ-01"}, "geometry": {"type": "Polygon", "coordinates": [[[69.69769370353828, 23.26441292881866], [69.69804845338619, 23.264342540980625], [69.69799057520788, 23.26419457513085], [69.69822499982092, 23.264117484987754], [69.6981964418488, 23.264011957071926], [69.69812233411095, 23.263935001721922], [69.69796287913111, 23.263778216664207], [69.69760529764248, 23.263552412252093], [69.69709921979974, 23.263947684762705], [69.69699465763233, 23.263869583845374], [69.69697467492867, 23.2638831607291], [69.69693597395514, 23.26383632571453], [69.69684368068711, 23.26387134224532], [69.69676163193752, 23.263975009605783], [69.69667039696154, 23.264016522333563], [69.69661853171849, 23.26401356307412], [69.69658792661096, 23.2640105911767], [69.6963587998579, 23.26411247837569], [69.69630038168617, 23.264147265017712], [69.69625149042409, 23.26414613828897], [69.69614981371859, 23.264168973129955], [69.69604765465266, 23.264237700596084], [69.69591460480095, 23.264260708056472], [69.69576375879355, 23.264341070285514], [69.69580591525286, 23.264542816077903], [69.69580694239953, 23.264614992617204], [69.6959144820346, 23.264668634983558], [69.69600604684064, 23.264621251769665], [69.69603856018679, 23.2645741816106], [69.69604965022994, 23.264590646772], [69.69627392296175, 23.264646898289463], [69.69656367517051, 23.264582462132488], [69.69657832717229, 23.264598730313406], [69.69683873526758, 23.26477273524584], [69.69687892128165, 23.264952145406227], [69.6968959712506, 23.265015636050638], [69.69680562795284, 23.265355967309397], [69.69679384746718, 23.26532284902961], [69.69670891755194, 23.26526266072246], [69.69657246733355, 23.265294446808596], [69.69645607573734, 23.265245676255454], [69.69638178468456, 23.265314726221998], [69.6962996601661, 23.265354283947026], [69.69616691228464, 23.265383520857856], [69.69616778165118, 23.265386318266888], [69.69596105531254, 23.265314237925764], [69.69602498254638, 23.26544339988462], [69.69602329476248, 23.265443393632694], [69.69603821489116, 23.265472849830267], [69.69603553536271, 23.265473099807043], [69.6961437323926, 23.265868637635947], [69.69612774091893, 23.2658752431669], [69.69623265543481, 23.266577146901014], [69.69623259634136, 23.266577151037698], [69.69623293254405, 23.266807664593728], [69.69628327015171, 23.26687135013444], [69.69642675457301, 23.26701950488046], [69.69645456458618, 23.267017526273417], [69.6964650042671, 23.2670610375363], [69.696622959991, 23.26702341031996], [69.69661774990719, 23.26703251681606], [69.69742564627865, 23.267152290059922], [69.69758689918959, 23.267135716629603], [69.6978138234409, 23.267155227241176], [69.69819300991826, 23.267028712865724], [69.69845988140108, 23.267039859746543], [69.69846612769886, 23.267042815365993], [69.69847520536248, 23.267061086253968], [69.69881630663318, 23.26723561135075], [69.69897363083251, 23.267253705863666], [69.69898710380139, 23.26727726148016], [69.69930674774814, 23.267505305184326], [69.69947252667545, 23.267391953858994], [69.6996725055664, 23.267476905273774], [69.69997589874816, 23.267465920957502], [69.70017048610985, 23.267108351195283], [69.70037116265054, 23.267091022550844], [69.70039402176657, 23.26691613629174], [69.70045483926253, 23.266858589936987], [69.70061905220558, 23.266876226772048], [69.70066926278147, 23.266778777274993], [69.7006601597098, 23.26661572259066], [69.70048428087479, 23.26655964278376], [69.70043424623951, 23.26657520067512], [69.70056867069792, 23.266252088159014], [69.70040311181126, 23.265902581274563], [69.70019595999587, 23.26577231392354], [69.7001539767356, 23.265626996317785], [69.69999873660218, 23.265593555945703], [69.69973006662524, 23.265463028544325], [69.69954413530225, 23.26539069071466], [69.69944742905099, 23.265518335658044], [69.69945167286986, 23.265537887390487], [69.69917615689533, 23.265568204031133], [69.69911050719206, 23.265651836247226], [69.69922816233664, 23.265705930933475], [69.69937117064224, 23.265766976928116], [69.69939359387344, 23.26582866277236], [69.6993853730661, 23.265886824896597], [69.69925058457459, 23.266062016816182], [69.6988043018832, 23.266084896066108], [69.69880175404776, 23.266084087635733], [69.69881399706668, 23.266065874956134], [69.69824502976375, 23.265887122108243], [69.69805308840007, 23.265807660859807], [69.6978991154376, 23.265699056476432], [69.69794793008313, 23.265639498170213], [69.69806217254636, 23.265473490349574], [69.69782671204064, 23.265296946902364], [69.6978625543841, 23.26528389927916], [69.69783712368627, 23.265148287664783], [69.6977509873994, 23.26487494507181], [69.69774779739109, 23.264850234183115], [69.69774750912386, 23.264844155432872], [69.69774678946294, 23.264842426428824], [69.69774495165261, 23.264828190124376], [69.69771951215166, 23.26477506217073], [69.69767593226597, 23.264636766493535], [69.69769370353828, 23.26441292881866]]]}}, {"type": "Feature", "properties": {"layer": "buffer_100m", "site": "BHJ-01"}, "geometry": {"type": "Polygon", "coordinates": [[[69.69578305091174, 23.26648160577681], [69.6958261636659, 23.266559414451375], [69.69582549122974, 23.26656522694403], [69.69582529994419, 23.266659640152543], [69.69583578012083, 23.26675355570637], [69.69585681720253, 23.266845946830518], [69.69588818121274, 23.266935803414484], [69.69592952926895, 23.267022143055854], [69.69598657012112, 23.267126181959675], [69.69603369221882, 23.267202642769842], [69.69608864537257, 23.26727450330688], [69.69615090779872, 23.267341081234715], [69.69621988830737, 23.267401744376183], [69.69629493191572, 23.267455916715985], [69.69637532606728, 23.26750308387033], [69.69646030739789, 23.267542797971434], [69.69654906898428, 23.267574681920333], [69.69657190705144, 23.267580597234772], [69.69662067915262, 23.26764961452208], [69.69667835271358, 23.26771644511785], [69.69674260749204, 23.26777793809954], [69.69681286774659, 23.267833542464068], [69.6968885039217, 23.267882759972192], [69.696968838289, 23.267925149613166], [69.69705315102003, 23.267960331556605], [69.69714068663643, 23.26798799055605], [69.69723066077971, 23.268007878773965], [69.69732226723968, 23.26801981800253], [69.69772326405669, 23.26805429533765], [69.69783048034245, 23.26805804884179], [69.69793749587615, 23.268050921520377], [69.69804302088714, 23.26803299927315], [69.69814578356984, 23.268004498102194], [69.69826820752766, 23.267963651830854], [69.69832300029042, 23.267989578533506], [69.69841240362953, 23.268026776664094], [69.69845862650348, 23.26804106022004], [69.69870941508762, 23.268219980847814], [69.69878928546235, 23.268271309930302], [69.69887428397752, 23.268315047868672], [69.6989635682874, 23.268350761212336], [69.6990562535709, 23.268378096035526], [69.69915142130081, 23.268396781444956], [69.6992481283469, 23.26840663226459], [69.69934541632308, 23.26840755087084], [69.69944232108587, 23.268399528160156], [69.69953788228966, 23.268382643639182], [69.69956988047137, 23.268373868304312], [69.69961891499263, 23.268378499512362], [69.69971077430776, 23.26837916551449], [69.70001416952913, 23.268368181125485], [69.70010846097789, 23.26836052919328], [69.70020150899666, 23.26834448597355], [69.70029244079836, 23.268320201951152], [69.7003804034472, 23.26828790490934], [69.70046457185946, 23.26824789779296], [69.70054415654315, 23.268200555866763], [69.70061841100367, 23.268146323195207], [69.7006866387461, 23.26808570847697], [69.70074819980816, 23.268019280273165], [69.70080251676312, 23.26794766167406], [69.70084908013573, 23.267871524454314], [69.70122180406582, 23.267186604084603], [69.70126088575512, 23.267104963050716], [69.70148092737128, 23.266576047327757], [69.70151071150458, 23.26649251701263], [69.70153155896158, 23.26640670590155], [69.70154327199019, 23.26631942804136], [69.70154573949294, 23.266231511391627], [69.7015389380801, 23.26614378997019], [69.70152293229098, 23.26605709594123], [69.70149787398093, 23.26597225172108], [69.70146400088014, 23.2658900621765], [69.7012984401058, 23.26554055622015], [69.70125797319324, 23.26546495325686], [69.70121004773905, 23.265393168579056], [69.70115508189721, 23.265325828497247], [69.70109355524576, 23.26526352054261], [69.70102600460258, 23.265206788341096], [69.70095301934141, 23.26515612687051], [69.70071107371379, 23.265003979773347], [69.70064069798997, 23.26496364558175], [69.70056687895367, 23.26492896103899], [69.70049014666922, 23.26490017519952], [69.6998301363324, 23.264682186129544], [69.69974384528203, 23.264657773810463], [69.69965548486026, 23.264640819610168], [69.6995658084882, 23.26463146809165], [69.69947558080707, 23.264629798992264], [69.69938557115856, 23.26463582654387], [69.69906057872618, 23.264671587424665], [69.69896131769318, 23.264687338056547], [69.69886433816713, 23.264712443259516], [69.6987706700339, 23.26474663642612], [69.69868130801568, 23.264789554438075], [69.6985972011079, 23.26484074152218], [69.69851924250153, 23.264899654090236], [69.6984770521429, 23.26493889041393], [69.6984608800235, 23.264806503358315], [69.69849181810072, 23.264719563434124], [69.69863336963695, 23.26451152902653], [69.69867905827003, 23.264436702167583], [69.69871684301509, 23.26435820218478], [69.69874638182635, 23.264276739727194], [69.69876740730889, 23.264193052261447], [69.69877972913875, 23.264107897395448], [69.69878323578543, 23.264022046019797], [69.69878095285856, 23.263985379644474], [69.69878600577043, 23.263947345124997], [69.69878810388455, 23.263856359234165], [69.69878527115642, 23.263766485975424], [69.69877840625404, 23.263682770038884], [69.69876315537283, 23.26360000506364], [69.6987396503736, 23.263518906561377], [69.69870809447384, 23.263440175635722], [69.69866876049046, 23.263364492921156], [69.6986219884808, 23.263292512699095], [69.69856818280242, 23.26322485724164], [69.6984749765136, 23.263118409131447], [69.69840894532643, 23.26305035160767], [69.69833580587704, 23.262988810171514], [69.6982563075489, 23.26293441536616], [69.69817126487446, 23.26288772451091], [69.69808154918964, 23.262849215991263], [69.69798807970648, 23.262819284357704], [69.69789181409556, 23.262798236283462], [69.69779373867428, 23.26278628742256], [69.69769485830186, 23.262783560200404], [69.69759618608443, 23.26279008255952], [69.69749873299546, 23.262805787673237], [69.69739364176645, 23.262827839051887], [69.6972999760416, 23.262852079285306], [69.69720938226094, 23.262884802123605], [69.69712275785771, 23.262925683411087], [69.69704096094631, 23.262974318173352], [69.69696480182192, 23.26303022462874], [69.69689503493395, 23.26309284896074], [69.69667028162786, 23.263315727965725], [69.69666138649174, 23.263325964720313], [69.69659585693898, 23.26334445100299], [69.69650624815107, 23.26337904123953], [69.69642079741868, 23.263421677569973], [69.6963403485189, 23.26347193898697], [69.69626569584142, 23.26352932918971], [69.69619757654439, 23.26359328148425], [69.69613666327568, 23.263663164379135], [69.69603605809056, 23.26379111120643], [69.6959852981462, 23.263862545877814], [69.69594207438729, 23.26393809402533], [69.69590677395155, 23.26401707901743], [69.69587971301488, 23.264098793440002], [69.69586113395906, 23.26418250543199], [69.69585120320048, 23.26426746524009], [69.69585000969903, 23.26435291193375], [69.69585756416089, 23.26443808022024], [69.69587379894185, 23.264522207298935], [69.69588952377744, 23.26458604291247], [69.69582536528603, 23.264610728781644], [69.69574266576281, 23.26465154009529], [69.69566457945469, 23.26469948517889], [69.69559182500484, 23.26475412278781], [69.69552507198912, 23.264814950084705], [69.69546493475382, 23.264881407266966], [69.69541196676165, 23.26495288271848], [69.695366655498, 23.265028718638185], [69.69532941798431, 23.26510821709377], [69.69530059693957, 23.265190646444616], [69.69528045762598, 23.26527524807518], [69.69526918540697, 23.265361243376496], [69.69526688404078, 23.265447840911836], [69.69527357472484, 23.26553424370045], [69.69528919590013, 23.26561965655239], [69.69531360381707, 23.26570329338688], [69.6953465738578, 23.265784384466997], [69.69551504527546, 23.26614514996904], [69.69555785766143, 23.266225595508956], [69.69560909278208, 23.26630172249913], [69.69566824565894, 23.266372780603884], [69.69573473327046, 23.266438069447208], [69.69577927790446, 23.266473913648834], [69.69578305091174, 23.26648160577681]], [[69.69680138264202, 23.26661411840933], [69.69681416718, 23.26657031480635], [69.69678572308428, 23.266309664327643], [69.69665300565711, 23.26607014280639], [69.69675901831168, 23.266001024638527], [69.69673432217172, 23.265868532640052], [69.69670720204698, 23.265806799654545], [69.69641240567171, 23.26578744196369], [69.69624393228804, 23.265426677408094], [69.69708762361122, 23.265380857282082], [69.69682673900562, 23.26432182422667], [69.69692734383432, 23.26419387690136], [69.69716478696951, 23.26422725852237], [69.69738532944484, 23.263931249862853], [69.69761008259405, 23.263708369851717], [69.69771517447786, 23.263686318330663], [69.69780838055817, 23.26379276688422], [69.69781121263178, 23.26388264016028], [69.6977671670666, 23.263986262460122], [69.69780597692606, 23.264030955807605], [69.69760076149403, 23.264332552323555], [69.69746579688331, 23.264711812394758], [69.697544281686, 23.265354336644613], [69.697337598092, 23.265602028702798], [69.69881399706668, 23.266065874956134], [69.69874775369873, 23.26616441831468], [69.69955333076659, 23.266690740569654], [69.69965798841677, 23.266556003515], [69.69937117064224, 23.265766976928116], [69.69922816233664, 23.265705930933475], [69.69911050719206, 23.265651836247226], [69.69917615689533, 23.265568204031133], [69.69950115147115, 23.26553244291513], [69.70016116546029, 23.265750433344433], [69.70040311181126, 23.265902581274563], [69.70056867069792, 23.266252088159014], [69.70034862601311, 23.266781002625304], [69.69997589874816, 23.267465920957502], [69.6996725055664, 23.267476905273774], [69.69947252667545, 23.267391953858994], [69.69930674774814, 23.267505305184326], [69.69898710380139, 23.26727726148016], [69.69890938192486, 23.267141375460376], [69.6987685144007, 23.267185898105325], [69.69845988140108, 23.267039859746543], [69.69819300991826, 23.267028712865724], [69.6978138234409, 23.267155227241176], [69.6974128292909, 23.267120750133426], [69.69735570713158, 23.26677687019774], [69.69685842399737, 23.26671815700179], [69.69680138264202, 23.26661411840933]]]}}, {"type": "Feature", "properties": {"layer": "buffer_200m", "site": "BHJ-01"}, "geometry": {"type": "Polygon", "coordinates": [[[69.69480621825237, 23.264203219422438], [69.69468594355823, 23.26433613322301], [69.69458000711754, 23.26447908359179], [69.6944893839179, 23.264630754946307], [69.69441490802673, 23.2647897514397], [69.69435726491388, 23.264954609806136], [69.69431698514124, 23.265123812826808], [69.69429443947777, 23.265295803292602], [69.69428983548495, 23.265468998335106], [69.69430321560398, 23.26564180399386], [69.69433445676266, 23.265812629885954], [69.6943832715056, 23.26597990384297], [69.6944492106372, 23.266142086380423], [69.69461768008871, 23.266502852828904], [69.69470330406324, 23.266663744378278], [69.69480577372686, 23.266815998890404], [69.69487029340826, 23.266893504514552], [69.69491224849499, 23.267077769561897], [69.69497497539928, 23.267257483094586], [69.69505767058672, 23.26743016283942], [69.69511471093566, 23.267534202054573], [69.69520895447684, 23.26768712417543], [69.69531886035607, 23.267830845798077], [69.69544338502229, 23.26796400222961], [69.69558134610274, 23.268085329093882], [69.69573143362943, 23.268193674338267], [69.69589222247764, 23.268288009173762], [69.69594388744066, 23.2683121536888], [69.69607237911936, 23.26843512314936], [69.69621289981964, 23.268546332437168], [69.69636417258934, 23.26864476798583], [69.69652484195666, 23.268729547754823], [69.69669346824206, 23.268799912065937], [69.69686854045939, 23.26885523041112], [69.69704848985643, 23.26889500710289], [69.69723170397317, 23.268918885716456], [69.69763270345727, 23.268953363278953], [69.69784713746841, 23.268960870336844], [69.69806116996466, 23.268946615599994], [69.69811615684002, 23.26893727672011], [69.69827181726072, 23.26903731289605], [69.69844181498051, 23.269124789278298], [69.6986203844964, 23.269196216399205], [69.69880575613078, 23.269250886390086], [69.69899609278697, 23.269288257450736], [69.69918950815725, 23.269307959219528], [69.69938408541894, 23.26930979644417], [69.69957789623324, 23.269293750917058], [69.69965164997168, 23.269280719542113], [69.69974904356474, 23.269281425642212], [69.7000524408258, 23.269270441180467], [69.70024102497793, 23.269255137215175], [69.7004271222038, 23.269223050567014], [69.70060898688484, 23.269174482213547], [69.70078491310905, 23.269109887732778], [69.7009532506743, 23.26902987302933], [69.70111242056896, 23.26893518865027], [69.7012609297841, 23.268826722744258], [69.70139738531873, 23.268705492729723], [69.70152050724657, 23.26857263575052], [69.70162914072147, 23.26842939800857], [69.70172226680918, 23.268277123073567], [69.70209498740425, 23.267592200666364], [69.70217314990782, 23.26742891816176], [69.70239318845523, 23.266900001182176], [69.70245275569144, 23.266732940206193], [69.70249444944706, 23.266561317735473], [69.70251787426186, 23.26638676187307], [69.70252280798786, 23.26621092854352], [69.7025092038941, 23.266035485783615], [69.70247719110712, 23.26586209791861], [69.70242707338342, 23.26569240977386], [69.70235932622518, 23.26552803107167], [69.70219376356327, 23.265178526043442], [69.70211282899228, 23.265027320560314], [69.70201697753255, 23.264883751703344], [69.7019070455111, 23.264749072076192], [69.70178399209586, 23.26462445672255], [69.70164889092638, 23.264510992874943], [69.70150292074621, 23.264409670469657], [69.70126097584193, 23.264257524205426], [69.70112022488964, 23.264176856275775], [69.70097258747381, 23.264107487599354], [69.70081912370429, 23.264049916273333], [69.70015911701964, 23.26383192856263], [69.69998653592539, 23.263783104233294], [69.69980981619612, 23.26374919605232], [69.69976228876625, 23.263744239877035], [69.69976216137151, 23.263740198988167], [69.69974843035762, 23.263572767198777], [69.69971792744106, 23.263407237432087], [69.69967091638321, 23.263245040705137], [69.69960780365568, 23.263087579215565], [69.69952913492422, 23.262936214219884], [69.6994355903299, 23.262792254265936], [69.69932797860776, 23.262656943881044], [69.69923477211044, 23.262550496214224], [69.69910270959117, 23.262414381767567], [69.69895643081654, 23.262291299497114], [69.6987974345485, 23.26218251046462], [69.69862734983604, 23.262089129285055], [69.69844791932496, 23.262012112707698], [69.69826098140429, 23.26195224981467], [69.69806845137241, 23.261910153937112], [69.69787230181551, 23.261886256372016], [69.69767454239948, 23.261880801963766], [69.6974771992822, 23.26189384659594], [69.69728229435684, 23.26192525661874], [69.69717720378264, 23.261947307854992], [69.69698987345146, 23.26199578801308], [69.69680868685205, 23.262061233286534], [69.69663543881286, 23.26214299537992], [69.69647184553236, 23.262240264363452], [69.69631952757953, 23.262352076695215], [69.69617999384138, 23.26247732476505], [69.69609698868032, 23.26255963741083], [69.69608515758779, 23.26256420436386], [69.69591425683976, 23.262649476528495], [69.69575335952702, 23.26274999881173], [69.69560405440966, 23.26286477863362], [69.69546781579474, 23.26299268262932], [69.69534598897876, 23.263132447839254], [69.69524538343724, 23.26326039416853], [69.69514386305362, 23.263403262992615], [69.69505741483474, 23.26355435882051], [69.69498681308113, 23.263712328405866], [69.69493269017606, 23.263875756934663], [69.69489553092001, 23.26404318069612], [69.69488524045742, 23.26413121245232], [69.69480621825237, 23.264203219422438]], [[69.69680138264202, 23.26661411840933], [69.69681416718, 23.26657031480635], [69.69678572308428, 23.266309664327643], [69.69665300565711, 23.26607014280639], [69.69675901831168, 23.266001024638527], [69.69673432217172, 23.265868532640052], [69.69670720204698, 23.265806799654545], [69.69641240567171, 23.26578744196369], [69.69624393228804, 23.265426677408094], [69.69708762361122, 23.265380857282082], [69.69682673900562, 23.26432182422667], [69.69692734383432, 23.26419387690136], [69.69716478696951, 23.26422725852237], [69.69738532944484, 23.263931249862853], [69.69761008259405, 23.263708369851717], [69.69771517447786, 23.263686318330663], [69.69780838055817, 23.26379276688422], [69.69781121263178, 23.26388264016028], [69.6977671670666, 23.263986262460122], [69.69780597692606, 23.264030955807605], [69.69760076149403, 23.264332552323555], [69.69746579688331, 23.264711812394758], [69.697544281686, 23.265354336644613], [69.697337598092, 23.265602028702798], [69.69881399706668, 23.266065874956134], [69.69874775369873, 23.26616441831468], [69.69955333076659, 23.266690740569654], [69.69965798841677, 23.266556003515], [69.69937117064224, 23.265766976928116], [69.69922816233664, 23.265705930933475], [69.69911050719206, 23.265651836247226], [69.69917615689533, 23.265568204031133], [69.69950115147115, 23.26553244291513], [69.70016116546029, 23.265750433344433], [69.70040311181126, 23.265902581274563], [69.70056867069792, 23.266252088159014], [69.70034862601311, 23.266781002625304], [69.69997589874816, 23.267465920957502], [69.6996725055664, 23.267476905273774], [69.69947252667545, 23.267391953858994], [69.69930674774814, 23.267505305184326], [69.69898710380139, 23.26727726148016], [69.69890938192486, 23.267141375460376], [69.6987685144007, 23.267185898105325], [69.69845988140108, 23.267039859746543], [69.69819300991826, 23.267028712865724], [69.6978138234409, 23.267155227241176], [69.6974128292909, 23.267120750133426], [69.69735570713158, 23.26677687019774], [69.69685842399737, 23.26671815700179], [69.69680138264202, 23.26661411840933]]]}}, {"type": "Feature", "properties": {"layer": "river", "name": "Pat", "osm": "way/228077748", "distance_m": 2128.9}, "geometry": {"type": "LineString", "coordinates": [[69.7223492, 23.267693400000002], [69.7230665, 23.268528200000006], [69.7234336, 23.2694814], [69.7234904, 23.270242399999997], [69.7234336, 23.2713876], [69.7233219, 23.273044600000002], [69.7225238, 23.275038700000003], [69.7207041, 23.278396500000007], [69.71953890000002, 23.279862800000007], [69.71901210000001, 23.280830500000004], [69.7182619, 23.2812704], [69.7176385, 23.281400800000007], [69.7172084, 23.281651600000004], [69.7162986, 23.281739600000005], [69.7157559, 23.2818862], [69.7147024, 23.282120800000005], [69.713617, 23.282458], [69.7116217, 23.283396400000008], [69.7102809, 23.28462800000001], [69.709419, 23.285669000000006], [69.7087486, 23.28669530000001], [69.7082537, 23.287560300000006], [69.7055562, 23.289173100000014], [69.70524550790029, 23.28949398178918]]}}, {"type": "Feature", "properties": {"layer": "pond", "name": "Dsalsar Lake", "osm": "way/141164672", "distance_m": 1950.8}, "geometry": {"type": "Polygon", "coordinates": [[[69.67781, 23.256074700000006], [69.6786195, 23.2561051], [69.67938910000002, 23.25595270000001], [69.6805038, 23.25522120000001], [69.6802384, 23.254825000000007], [69.6800659, 23.25427030000001], [69.67938250000002, 23.254130100000012], [69.67820809999999, 23.254215400000007], [69.6781214, 23.2542594], [69.6777901, 23.25448360000001], [69.67737880000001, 23.254953000000008], [69.67694089999999, 23.255501700000003], [69.6770205, 23.255745499999996], [69.67781, 23.256074700000006]]]}}, {"type": "Feature", "properties": {"layer": "pond_ignored", "name": "", "osm": "way/323140174", "distance_m": 2167.0}, "geometry": {"type": "Polygon", "coordinates": [[[69.6875939, 23.246468000000007], [69.6875936, 23.246418800000004], [69.6875307, 23.2464181], [69.6875307, 23.246468], [69.6875939, 23.246468000000007]]]}}, {"type": "Feature", "properties": {"layer": "highway", "name": "Airport Road", "osm": "way/91561467", "distance_m": 2209.1}, "geometry": {"type": "LineString", "coordinates": [[69.6721301, 23.266291700000004], [69.672379, 23.266647100000004], [69.672672, 23.266995200000007], [69.6732089, 23.267632900000002], [69.6734843, 23.2679599], [69.6736831, 23.268196000000007], [69.6738791, 23.268431900000003], [69.6740998, 23.268697699999997], [69.6744242, 23.2690883], [69.674577, 23.2692722], [69.67460620000001, 23.269307400000002], [69.6748853, 23.269643500000004], [69.6750497, 23.269939400000002], [69.6752152, 23.270237400000003], [69.67533779999998, 23.270503400000003], [69.67540830000002, 23.2706562], [69.67542, 23.270719600000003]]}}, {"type": "Feature", "properties": {"layer": "highway", "name": "Station Road", "osm": "way/141153612", "distance_m": 2279.9}, "geometry": {"type": "LineString", "coordinates": [[69.67648464777707, 23.251864574409232], [69.6764865, 23.251866899999996], [69.6765965, 23.252039400000008], [69.67675879999999, 23.252397899999995], [69.67693720000001, 23.252807000000008], [69.6770056, 23.253060800000007], [69.6770627, 23.253237499999997], [69.6770968, 23.253342999999997], [69.6772188, 23.253817400000006], [69.6773113, 23.254156200000008], [69.6773301, 23.254267100000007], [69.67733649999998, 23.254347]]}}, {"type": "Feature", "properties": {"layer": "highway", "name": "Gujarat State Highway 42", "osm": "way/141163982", "distance_m": 1862.1}, "geometry": {"type": "LineString", "coordinates": [[69.69648654530565, 23.241164983553833], [69.6967031, 23.241473899999995], [69.6969312, 23.241774600000003], [69.6973081, 23.242206000000003], [69.6976023, 23.242482400000004], [69.6980028, 23.242816700000002], [69.6984185, 23.243176800000008], [69.6986148, 23.243364600000003], [69.698749, 23.2435486], [69.6990224, 23.2439374], [69.6993108, 23.24448840000001], [69.699398, 23.24467320000001], [69.699465, 23.244908599999995], [69.6995361, 23.245102000000006], [69.6996689, 23.245461800000005], [69.6997802, 23.245716900000005], [69.6999934, 23.2460755], [69.7001597, 23.2464513], [69.7003126, 23.2468506], [69.7003815, 23.247053700000006]]}}, {"type": "Feature", "properties": {"layer": "highway", "name": "Chhatri Bari Ring Road", "osm": "way/141165398", "distance_m": 2309.5}, "geometry": {"type": "LineString", "coordinates": [[69.6761353, 23.255952200000007], [69.67611609999997, 23.255991799999993], [69.6756725, 23.256409800000004], [69.6751713, 23.256849800000005], [69.6746484, 23.257278000000003], [69.674098, 23.257634600000003], [69.67367689999999, 23.257980800000002], [69.67360780000001, 23.258046], [69.67357710000002, 23.258074900000008], [69.6731633, 23.2584059], [69.67300531610445, 23.25854147815493]]}}, {"type": "Feature", "properties": {"layer": "highway", "name": "SH__", "osm": "way/224778246", "distance_m": 30.4}, "geometry": {"type": "LineString", "coordinates": [[69.69554630000002, 23.2644082], [69.6956051, 23.264500500000008], [69.69572410000002, 23.26469160000001], [69.69579870000001, 23.264931900000008], [69.695938, 23.2654419], [69.69602009999998, 23.2656908], [69.6960892, 23.26593170000001], [69.6961238, 23.26616140000001], [69.69615239999999, 23.26642260000001], [69.69615469999998, 23.2665798], [69.69616789999999, 23.266707300000007], [69.6961842, 23.2668332], [69.69621729999999, 23.266962500000012], [69.6963832, 23.267466200000005], [69.696678, 23.2683081], [69.6967224, 23.26843570000001], [69.6972285, 23.269892500000005], [69.6973258, 23.270107], [69.6974241, 23.270283199999998], [69.697549, 23.270451600000005], [69.6977017, 23.27059550000001], [69.6978695, 23.270722000000006], [69.6980631, 23.270841800000007], [69.6986459, 23.2711465], [69.6987459, 23.2711922], [69.6991342, 23.271369700000005], [69.69946310000002, 23.2715132], [69.70023760000001, 23.271839100000005], [69.7007055, 23.27203649999999], [69.7013122, 23.272263300000006], [69.7015569, 23.272348500000003], [69.7019969, 23.272521900000005], [69.7023008, 23.272655599999997], [69.702721, 23.272807300000004], [69.7031445, 23.2729968], [69.7036142, 23.27320700000001], [69.7041257, 23.273458700000003], [69.7049074, 23.273837600000007], [69.7051132, 23.273954500000002], [69.7052229, 23.274014700000006], [69.7052997, 23.274058900000004], [69.7055076, 23.274169500000003], [69.70578010000001, 23.274314400000005], [69.706883, 23.274900700000003], [69.7073018, 23.2751248], [69.70776010000002, 23.275335800000008], [69.70803949999998, 23.2754687], [69.7088502, 23.2758478], [69.7088907, 23.27586640000001], [69.7090454, 23.275933200000004], [69.70916199999999, 23.275997000000004], [69.70961700000001, 23.276193400000007], [69.710098, 23.2764336], [69.71026940000002, 23.276555000000005], [69.7103432, 23.27660730000001], [69.7108826, 23.2769827], [69.7113939, 23.277319500000004], [69.711952, 23.277691400000005], [69.71229740000001, 23.277909400000013], [69.71248280000002, 23.27800610000001], [69.7126438, 23.278090000000002], [69.7129101, 23.2782077], [69.7134101, 23.2784299], [69.71373539999999, 23.278595999999993], [69.7142212, 23.278861200000005], [69.7147091, 23.279146900000004], [69.71535750000001, 23.279529700000005], [69.7155947, 23.279673000000006], [69.715918, 23.27986840000001], [69.7160361, 23.279951100000005], [69.7161023, 23.280013300000004], [69.7161564, 23.280088599999996], [69.71617259999998, 23.280111199999997], [69.7163472, 23.280426500000008], [69.716395, 23.2806048], [69.7164194, 23.280743400000006], [69.7164479, 23.2809956]]}}, {"type": "Feature", "properties": {"layer": "highway", "name": "SH__", "osm": "way/228517379", "distance_m": 2338.4}, "geometry": {"type": "LineString", "coordinates": [[69.7165389, 23.282015400000002], [69.7165522, 23.282130700000003], [69.71657299999998, 23.282320399999996], [69.71658449999998, 23.282431100000004], [69.7166239, 23.282544999999995], [69.7167013, 23.282717200000004], [69.7167975, 23.282853400000004], [69.7168831, 23.282970900000006], [69.71701040000002, 23.283146100000014], [69.7172045754398, 23.283441026481142]]}}, {"type": "Feature", "properties": {"layer": "highway", "name": "B Mangatram Road", "osm": "way/756377054", "distance_m": 1170.9}, "geometry": {"type": "LineString", "coordinates": [[69.7003636, 23.247185700000006], [69.7003423, 23.247269300000006], [69.69749599999999, 23.25165], [69.696783, 23.252688], [69.696544, 23.25292000000001], [69.696234, 23.253107], [69.695754, 23.253261], [69.695245, 23.253363000000004], [69.6938673, 23.25354140000001], [69.6937072, 23.25355400000001]]}}, {"type": "Feature", "properties": {"layer": "highway", "name": "Airport Road", "osm": "way/756377549", "distance_m": 2486.6}, "geometry": {"type": "LineString", "coordinates": [[69.67181795415691, 23.265941963198472], [69.6719509, 23.2660346]]}}, {"type": "Feature", "properties": {"layer": "highway", "name": "Rudramata Dam Road", "osm": "way/756440862", "distance_m": 2170.4}, "geometry": {"type": "LineString", "coordinates": [[69.67599260000001, 23.271571200000004], [69.67612109999999, 23.27181690000001], [69.6761358, 23.271845100000004], [69.6763531, 23.272260600000006], [69.676396, 23.2723427], [69.6764835, 23.272570700000003], [69.6765369, 23.272709800000005], [69.6767461, 23.2732546], [69.6767769, 23.273343800000006], [69.6770871, 23.2742418], [69.6772363, 23.2746736], [69.67738069999999, 23.2750368], [69.6780838, 23.276805199999995], [69.6783717, 23.277529400000006], [69.678394, 23.277585400000007], [69.6787897, 23.278580500000007], [69.67889630000002, 23.279036400000003], [69.678921, 23.279660700000008], [69.678932, 23.2798109], [69.67902340000002, 23.281057300000008], [69.6790543, 23.28147800000001], [69.67912451492992, 23.28224320328049]]}}, {"type": "Feature", "properties": {"layer": "highway", "name": "Atmaram Ring Road", "osm": "way/768295990", "distance_m": 1815.2}, "geometry": {"type": "LineString", "coordinates": [[69.6846349, 23.25237720000001], [69.6844552, 23.252408500000005], [69.683886, 23.2525443], [69.6834707, 23.252643300000003], [69.6834081, 23.252658300000004], [69.6833332, 23.25267610000001], [69.6831575, 23.252717999999994], [69.6829317, 23.252771900000003], [69.6822487, 23.2529348], [69.6822032, 23.2529456], [69.6819904, 23.252996400000015], [69.68171620000001, 23.253061800000005], [69.6813304, 23.2531538], [69.6806451, 23.253317300000006], [69.6805185, 23.2533475], [69.6802442, 23.253412899999997], [69.678732, 23.253773600000006]]}}, {"type": "Feature", "properties": {"layer": "highway", "name": "NH341", "osm": "way/768295991", "distance_m": 2256.0}, "geometry": {"type": "LineString", "coordinates": [[69.6775179, 23.2542807], [69.6774884, 23.254267699999996], [69.6774563, 23.254262600000004], [69.67742390000001, 23.254265700000012], [69.6773936, 23.2542768], [69.6773677, 23.254295099999997], [69.6773482, 23.254319100000004], [69.67733649999998, 23.254347], [69.67733349999999, 23.254376899999997], [69.67733950000002, 23.254406300000003], [69.67735530000002, 23.254434900000003], [69.6773794, 23.2544581], [69.67740980000002, 23.2544738], [69.6774438, 23.25448080000001], [69.67748, 23.254476600000004], [69.67751120000001, 23.25446670000001], [69.6775384, 23.254447200000005], [69.6775583, 23.2544213], [69.6775693, 23.254391200000008], [69.6775704, 23.25435950000001], [69.6775616, 23.254328900000004], [69.6775436, 23.2543018], [69.6775179, 23.2542807]]}}, {"type": "Feature", "properties": {"layer": "highway", "name": "Atmaram Ring Road", "osm": "way/768295992", "distance_m": 2189.3}, "geometry": {"type": "LineString", "coordinates": [[69.678732, 23.253773600000006], [69.6784559, 23.25383950000001], [69.6783789, 23.25387650000001], [69.67756299999999, 23.254268199999995], [69.6775179, 23.2542807]]}}, {"type": "Feature", "properties": {"layer": "highway", "name": "Atmaram Ring Road", "osm": "way/768295993", "distance_m": 2189.3}, "geometry": {"type": "LineString", "coordinates": [[69.6775693, 23.254391200000008], [69.6776014, 23.25434], [69.67843800000001, 23.25387480000001], [69.678732, 23.253773600000006]]}}, {"type": "Feature", "properties": {"layer": "highway", "name": "B Mangatram Road", "osm": "way/768296002", "distance_m": 1161.9}, "geometry": {"type": "LineString", "coordinates": [[69.6938772, 23.253621800000005], [69.6952605, 23.2534426], [69.695778, 23.25333890000001], [69.6962732, 23.25318000000001], [69.6966009, 23.252982400000004], [69.6968528, 23.252737800000002], [69.697571, 23.251692300000002], [69.7004249, 23.247300000000006], [69.70051, 23.247256800000002]]}}, {"type": "Feature", "properties": {"layer": "highway", "name": "Tap Circle", "osm": "way/768296003", "distance_m": 1841.2}, "geometry": {"type": "LineString", "coordinates": [[69.700549, 23.247021199999995], [69.7005185, 23.247010499999995], [69.7004806, 23.247007400000005], [69.7004433, 23.24701400000001], [69.7004093, 23.2470299], [69.7003815, 23.247053700000006], [69.7003618, 23.247083600000007], [69.7003519, 23.247117299999996], [69.7003525, 23.2471523], [69.7003636, 23.247185700000006], [69.7003826, 23.247213300000002], [69.7004086, 23.2472354], [69.70044, 23.247250600000008], [69.7004746, 23.2472579], [69.70051, 23.247256800000002], [69.700544, 23.2472473], [69.7005741, 23.247230100000003], [69.7005971, 23.247208000000004], [69.7006136, 23.247181600000008], [69.7006227, 23.24715220000001], [69.7006237, 23.2471217], [69.7006168, 23.247091799999996], [69.7006022, 23.247064399999996], [69.7005809, 23.247041000000007], [69.700549, 23.247021199999995]]}}, {"type": "Feature", "properties": {"layer": "highway", "name": "Madhapar Highway", "osm": "way/768296005", "distance_m": 1855.1}, "geometry": {"type": "LineString", "coordinates": [[69.7006227, 23.24715220000001], [69.7008208, 23.246959199999996], [69.7008807, 23.2469008], [69.7017441, 23.24645760000001], [69.7022165, 23.2462082], [69.7026928, 23.245976500000005], [69.70278670000002, 23.245931199999998], [69.7036557, 23.245512100000003], [69.7042094, 23.245210200000002], [69.7043059, 23.245137000000003], [69.7051892, 23.244361000000005], [69.7055282, 23.244054200000004], [69.70571060000002, 23.2438957], [69.7058894, 23.243752900000004], [69.7062379, 23.243532800000004], [69.7063946, 23.243430000000007], [69.7066672, 23.243262300000005], [69.7069729, 23.243055399999996], [69.70721321008699, 23.242904430330917]]}}, {"type": "Feature", "properties": {"layer": "highway", "name": "Chhatri Bari Ring Road", "osm": "way/768301012", "distance_m": 2260.1}, "geometry": {"type": "LineString", "coordinates": [[69.6763293, 23.255884000000005], [69.6763494, 23.255853900000005], [69.67641, 23.2557887], [69.6764359, 23.255751699999994], [69.67655200000002, 23.255586100000002], [69.6766264, 23.255480000000006], [69.676682, 23.255417200000004], [69.67695359999999, 23.2550564], [69.6772222, 23.2547721], [69.6772358, 23.254753800000003], [69.6773108, 23.254650300000005], [69.67739559999998, 23.2545419], [69.67748, 23.254476600000004]]}}, {"type": "Feature", "properties": {"layer": "highway", "name": "Chhatri Bari Ring Road", "osm": "way/768301015", "distance_m": 2271.8}, "geometry": {"type": "LineString", "coordinates": [[69.67733950000002, 23.254406300000003], [69.6773251, 23.25451660000001], [69.6772505, 23.254612000000012], [69.6771641, 23.254730800000004], [69.67700190000001, 23.25490250000001], [69.6768956, 23.255015000000004], [69.6766233, 23.255376700000003], [69.67658859999999, 23.255424199999997], [69.67634919999999, 23.255750999999997], [69.6762945, 23.255815900000005], [69.6762597, 23.255839099999996]]}}, {"type": "Feature", "properties": {"layer": "highway", "name": "NH341", "osm": "way/768301016", "distance_m": 2290.5}, "geometry": {"type": "LineString", "coordinates": [[69.6761759, 23.2558565], [69.67615499999998, 23.255875500000002], [69.6761407, 23.255899], [69.6761339, 23.255925200000004], [69.6761353, 23.255952200000007], [69.6761447, 23.255977700000003], [69.6761613, 23.2559999], [69.676184, 23.25601700000001], [69.6762126, 23.25602810000001], [69.6762435, 23.256031100000005], [69.6762739, 23.256025700000002], [69.67630139999999, 23.256012400000003], [69.67632350000001, 23.255992300000006], [69.6763383, 23.255967100000003], [69.6763444, 23.255939100000003], [69.6763414, 23.255910600000007], [69.6763293, 23.255884000000005], [69.67631100000001, 23.25586330000001], [69.6762872, 23.255847899999996], [69.6762597, 23.255839099999996], [69.6762304, 23.25583760000001], [69.67620170000001, 23.255843500000015], [69.6761759, 23.2558565]]}}, {"type": "Feature", "properties": {"layer": "highway", "name": "Chhatri Bari Ring Road", "osm": "way/768301025", "distance_m": 2302.0}, "geometry": {"type": "LineString", "coordinates": [[69.67295925178531, 23.25867316120426], [69.6732124, 23.25845590000001], [69.6736275, 23.2581239], [69.67372770000001, 23.258029500000006], [69.6741438, 23.257687400000002], [69.67469409999998, 23.2573309], [69.6752211, 23.256899300000004], [69.6757238, 23.256458], [69.676164, 23.256027900000007], [69.676184, 23.25601700000001]]}}, {"type": "Feature", "properties": {"layer": "highway", "name": "Airport Road", "osm": "way/768386192", "distance_m": 2484.1}, "geometry": {"type": "LineString", "coordinates": [[69.6719745, 23.266017], [69.6718632, 23.2659307], [69.67181961212793, 23.265879984380213]]}}, {"type": "Feature", "properties": {"layer": "highway", "name": "Airport Road", "osm": "way/768386193", "distance_m": 2195.1}, "geometry": {"type": "LineString", "coordinates": [[69.6755524, 23.270663300000002], [69.6755094, 23.270618500000005], [69.67527930000001, 23.270213600000005], [69.67499220000002, 23.269696800000002], [69.6749441, 23.2696102], [69.6746599, 23.269267999999997], [69.674611, 23.2692091], [69.6745622, 23.269150300000007], [69.6744405, 23.269003800000004], [69.673955, 23.26841920000001], [69.6737367, 23.268156399999995], [69.6737042, 23.2681178], [69.6731462, 23.26745500000001], [69.6724349, 23.266610100000005], [69.6723278, 23.266460400000003], [69.6722057, 23.266289900000004]]}}, {"type": "Feature", "properties": {"layer": "highway", "name": "Station Road", "osm": "way/768386256", "distance_m": 2276.4}, "geometry": {"type": "LineString", "coordinates": [[69.67742390000001, 23.254265700000012], [69.6773593, 23.2541473], [69.6772663, 23.253806700000002], [69.677144, 23.25333140000001], [69.67705270000002, 23.25304900000001], [69.6769838, 23.2527932], [69.6768041, 23.252380900000006], [69.6766673, 23.252078800000003], [69.67664040000001, 23.25201930000001], [69.6765275, 23.251842200000006], [69.67651325360616, 23.251824325451118]]}}, {"type": "Feature", "properties": {"layer": "highway", "name": "Madhapar High Road", "osm": "way/768386341", "distance_m": 1869.0}, "geometry": {"type": "LineString", "coordinates": [[69.7005185, 23.247010499999995], [69.7004639, 23.246932000000005], [69.7004199, 23.246826100000003], [69.7002786, 23.246409900000003], [69.7001084, 23.2460253], [69.6998953, 23.245667000000008], [69.6997881, 23.2454213], [69.6996565, 23.2450646], [69.6995869, 23.244875100000005], [69.6995185, 23.24463500000001], [69.6994264, 23.2444398], [69.6991335, 23.243880200000003], [69.6990862, 23.243813000000003], [69.6988552, 23.243484400000003], [69.6987685, 23.24336550000001], [69.6987142, 23.243291000000006], [69.698508, 23.24309380000001], [69.6984259, 23.2430227], [69.6980891, 23.242731000000006], [69.6976905, 23.242398300000005], [69.6974033, 23.2421284], [69.697033, 23.241704600000002], [69.6969525, 23.241598500000002], [69.6968087, 23.2414089], [69.6966297, 23.2411632], [69.69662502335589, 23.24115582944265]]}}, {"type": "Feature", "properties": {"layer": "highway", "name": "NH341", "osm": "way/768654965", "distance_m": 2471.6}, "geometry": {"type": "LineString", "coordinates": [[69.6720837, 23.266039200000005], [69.6720617, 23.26602], [69.6720337, 23.2660091], [69.6720033, 23.2660081], [69.6719745, 23.266017], [69.6719509, 23.2660346], [69.6719357, 23.266058800000003], [69.6719308, 23.266086400000006], [69.6719369, 23.2661138], [69.6719507, 23.266135], [69.6719711, 23.266151100000002], [69.6719959, 23.266160499999998], [69.6720228, 23.2661623], [69.6720488, 23.266156300000002], [69.672074, 23.2661409], [69.6720916, 23.2661185], [69.6720996, 23.26609180000001], [69.6720968, 23.266064200000002], [69.6720837, 23.266039200000005]]}}, {"type": "Feature", "properties": {"layer": "highway", "name": "Airport Road", "osm": "way/768654967", "distance_m": 2469.2}, "geometry": {"type": "LineString", "coordinates": [[69.6719959, 23.266160499999998], [69.672064, 23.266202399999997], [69.6721301, 23.266291700000004]]}}, {"type": "Feature", "properties": {"layer": "highway", "name": "Airport Road", "osm": "way/768654968", "distance_m": 2461.5}, "geometry": {"type": "LineString", "coordinates": [[69.6722057, 23.266289900000004], [69.6721031, 23.266185799999995], [69.6720916, 23.2661185]]}}, {"type": "Feature", "properties": {"layer": "highway", "name": "NH341", "osm": "way/768654972", "distance_m": 1721.9}, "geometry": {"type": "LineString", "coordinates": [[69.6856255, 23.252415200000005], [69.6856188, 23.25244400000001], [69.6856213, 23.252473400000007], [69.6856328, 23.2525009], [69.6856524, 23.252524300000008], [69.6856784, 23.252541599999997], [69.6857087, 23.252551300000007], [69.6857407, 23.252552800000007], [69.6857718, 23.2525457], [69.6857995, 23.252530900000007], [69.6858215, 23.252509400000005], [69.6858358, 23.25248300000001], [69.6858414, 23.252454000000007], [69.685838, 23.252425400000003], [69.685826, 23.252398800000005], [69.6858065, 23.252376300000012], [69.685781, 23.2523597], [69.6857514, 23.2523503], [69.6857202, 23.2523488], [69.6856897, 23.252355299999998], [69.6856624, 23.252369400000006], [69.6856404, 23.252389900000004], [69.6856255, 23.252415200000005]]}}, {"type": "Feature", "properties": {"layer": "highway", "name": "Atmaram Ring Road", "osm": "way/768654975", "distance_m": 1744.4}, "geometry": {"type": "LineString", "coordinates": [[69.6856404, 23.252389900000004], [69.6855678, 23.252400399999996], [69.68522120000002, 23.2523447], [69.6849236, 23.252326900000007], [69.6846349, 23.25237720000001]]}}, {"type": "Feature", "properties": {"layer": "highway", "name": "Atmaram Ring Road", "osm": "way/768654976", "distance_m": 1735.7}, "geometry": {"type": "LineString", "coordinates": [[69.6846349, 23.25237720000001], [69.6849288, 23.252380600000006], [69.6851496, 23.252406100000005], [69.6852123, 23.252413400000005], [69.6854342, 23.252452300000005], [69.6855631, 23.252474900000006], [69.6856328, 23.2525009]]}}, {"type": "Feature", "properties": {"layer": "highway", "name": "NH341", "osm": "way/768656169", "distance_m": 2187.7}, "geometry": {"type": "LineString", "coordinates": [[69.6756202, 23.270695700000005], [69.675589, 23.270674700000004], [69.6755524, 23.270663300000002], [69.6755137, 23.2706625], [69.67547660000001, 23.270672400000002], [69.6754444, 23.270692], [69.67542, 23.270719600000003], [69.6754058, 23.2707526], [69.6754029, 23.270788100000004], [69.6754108, 23.2708203], [69.6754281, 23.27084920000001], [69.67545349999999, 23.270872600000008], [69.675485, 23.270888500000005], [69.67552, 23.2708957], [69.6755559, 23.2708937], [69.6755897, 23.270882600000004], [69.6756189, 23.270863200000004], [69.6756398, 23.2708389], [69.6756531, 23.2708104], [69.6756579, 23.270779700000002], [69.6756536, 23.270748900000005], [69.6756408, 23.270720200000003], [69.6756202, 23.270695700000005]]}}, {"type": "Feature", "properties": {"layer": "highway", "name": "NH341", "osm": "way/768656170", "distance_m": 2181.0}, "geometry": {"type": "LineString", "coordinates": [[69.67552, 23.2708957], [69.67564700000001, 23.271014800000003], [69.67599260000001, 23.271571200000004]]}}, {"type": "Feature", "properties": {"layer": "highway", "name": "NH341", "osm": "way/768656171", "distance_m": 2181.0}, "geometry": {"type": "LineString", "coordinates": [[69.67599260000001, 23.271571200000004], [69.6756926, 23.270980599999998], [69.6756794, 23.270945300000005], [69.6756398, 23.2708389]]}}, {"type": "Feature", "properties": {"layer": "highway", "name": "Madhapar Highway", "osm": "way/768790131", "distance_m": 1868.3}, "geometry": {"type": "LineString", "coordinates": [[69.70715103788447, 23.24287774457081], [69.7069226, 23.2430202], [69.7066161, 23.2432139], [69.7064015, 23.2433558], [69.7063585, 23.2433819], [69.7061929, 23.243482799999995], [69.7058449, 23.243710100000005], [69.7054729, 23.2440023], [69.7051325, 23.24431030000001], [69.7042513, 23.2450844], [69.7041609, 23.245153100000003], [69.70361330000001, 23.245451600000003], [69.7027519, 23.245867100000005], [69.7026519, 23.245915300000007], [69.7021744, 23.246147600000004], [69.7017014, 23.2463974], [69.7008424, 23.246857700000003], [69.700549, 23.247021199999995]]}}, {"type": "Feature", "properties": {"layer": "highway", "name": "Atmaram Ring Road", "osm": "way/768797779", "distance_m": 1193.4}, "geometry": {"type": "LineString", "coordinates": [[69.6937072, 23.25355400000001], [69.693313, 23.253585], [69.692859, 23.253570000000003], [69.6916544, 23.253361100000003]]}}, {"type": "Feature", "properties": {"layer": "highway", "name": "Atmaram Ring Road", "osm": "way/768797780", "distance_m": 1180.6}, "geometry": {"type": "LineString", "coordinates": [[69.6914648, 23.25341050000001], [69.6916381, 23.253440500000004], [69.6918391, 23.253475400000003], [69.69284920000001, 23.253650600000004], [69.6933152, 23.253665999999996], [69.6936108, 23.2536427], [69.6937147, 23.2536346], [69.6938772, 23.253621800000005]]}}, {"type": "Feature", "properties": {"layer": "highway", "name": "Atmaram Ring Road", "osm": "way/768797783", "distance_m": 1297.9}, "geometry": {"type": "LineString", "coordinates": [[69.6916544, 23.253361100000003], [69.689756, 23.253032000000008], [69.6861927, 23.2524843], [69.686158, 23.252478999999994], [69.685877, 23.252435500000004], [69.685838, 23.252425400000003]]}}, {"type": "Feature", "properties": {"layer": "highway", "name": "Atmaram Ring Road", "osm": "way/768797784", "distance_m": 1302.3}, "geometry": {"type": "LineString", "coordinates": [[69.6857995, 23.252530900000007], [69.6859232, 23.252527900000004], [69.6861474, 23.2525593], [69.6863192, 23.252585700000008], [69.6897406, 23.2531116], [69.6914648, 23.25341050000001]]}}, {"type": "Feature", "properties": {"layer": "highway", "name": "SH__", "osm": "way/896394132", "distance_m": 2255.1}, "geometry": {"type": "LineString", "coordinates": [[69.7164479, 23.2809956], [69.7165389, 23.282015400000002]]}}, {"type": "Feature", "properties": {"layer": "residential", "name": "", "osm": "way/145263334", "distance_m": 2477.4}, "geometry": {"type": "Polygon", "coordinates": [[[69.72351519999998, 23.2733925], [69.7233388, 23.274252300000008], [69.72334527430426, 23.27442434536244], [69.72337641075094, 23.27434947283536], [69.72370828831606, 23.2734182898735], [69.72351519999998, 23.2733925]]]}}, {"type": "Feature", "properties": {"layer": "residential", "name": "Bhuj Sector 417", "osm": "way/768640056", "distance_m": 2374.5}, "geometry": {"type": "Polygon", "coordinates": [[[69.6769881, 23.253200100000015], [69.67685670000002, 23.25275650000001], [69.67659649999999, 23.252140399999995], [69.6764839, 23.251958000000002], [69.67644472498154, 23.251920746509935], [69.67582365105999, 23.252794601408908], [69.6761218, 23.253298599999997], [69.6762586, 23.2535254], [69.6763149, 23.253500700000007], [69.6769881, 23.253200100000015]]]}}, {"type": "Feature", "properties": {"layer": "residential", "name": "Bhuj Sector 418", "osm": "way/768640057", "distance_m": 2456.2}, "geometry": {"type": "Polygon", "coordinates": [[[69.6757624, 23.253160600000005], [69.6759984, 23.253297400000005], [69.6760212, 23.253214800000006], [69.67584950000001, 23.25294750000001], [69.67579210623738, 23.252839100904858], [69.67565004590166, 23.253087336196568], [69.6757624, 23.253160600000005]]]}}, {"type": "Feature", "properties": {"layer": "residential", "name": "Bhuj Sector 416", "osm": "way/768640067", "distance_m": 2274.5}, "geometry": {"type": "Polygon", "coordinates": [[[69.67509910000001, 23.254348500000006], [69.6751817, 23.254387900000008], [69.6758428, 23.2549731], [69.6763471, 23.255499300000004], [69.67659379999999, 23.25537359999999], [69.6770149, 23.2548733], [69.6773368, 23.254447000000003], [69.6772429, 23.25402310000001], [69.67697739999998, 23.2532937], [69.6762907, 23.25359930000001], [69.6760011, 23.2533356], [69.67574729999998, 23.25317430000001], [69.6757002, 23.2532322], [69.67559539999999, 23.253311600000004], [69.67551223176979, 23.25332815069039], [69.67511237816157, 23.25402684368837], [69.67509910000001, 23.254348500000006]]]}}, {"type": "Feature", "properties": {"layer": "residential", "name": "Bhuj Sector 415", "osm": "way/768640068", "distance_m": 2484.5}, "geometry": {"type": "MultiPolygon", "coordinates": [[[[69.67509193045579, 23.254062573211943], [69.67496707816812, 23.254280734755316], [69.67508070000001, 23.254342300000005], [69.67509193045579, 23.254062573211943]]], [[[69.6755867, 23.253294900000007], [69.6756859, 23.253219800000004], [69.6757302, 23.253164400000003], [69.67563894116742, 23.25310674049125], [69.67552412654376, 23.25330736596729], [69.6755867, 23.253294900000007]]]]}}, {"type": "Feature", "properties": {"layer": "residential", "name": "Bhuj Sector 409", "osm": "way/768640075", "distance_m": 2411.8}, "geometry": {"type": "Polygon", "coordinates": [[[69.67315790000002, 23.258355300000005], [69.673564, 23.257978200000004], [69.6733733, 23.257705000000005], [69.67357820000001, 23.257597800000003], [69.67431589999998, 23.2569298], [69.6745075, 23.256659600000006], [69.6747208, 23.2565508], [69.67473080000002, 23.2563313], [69.6746482, 23.256273799999992], [69.6744748, 23.25614300000001], [69.6741563, 23.2562534], [69.67389118513768, 23.25637769409897], [69.67338237850974, 23.25746356787668], [69.67303557155262, 23.258454987425605], [69.67315790000002, 23.258355300000005]]]}}, {"type": "Feature", "properties": {"layer": "residential", "name": "Bhuj Sector 410", "osm": "way/768640076", "distance_m": 2307.3}, "geometry": {"type": "Polygon", "coordinates": [[[69.6741503, 23.256241000000006], [69.6744776, 23.256127700000008], [69.6746573, 23.256263200000003], [69.6747458, 23.256324800000005], [69.6747351, 23.256558900000005], [69.67451780000002, 23.256669800000008], [69.6743274, 23.256938399999996], [69.67358710000002, 23.257608700000013], [69.673394, 23.257709700000007], [69.6735764, 23.257970899999997], [69.6750811, 23.256847200000003], [69.6760735, 23.2559083], [69.6762907, 23.255718599999998], [69.6756202, 23.254979300000002], [69.6750462, 23.2544174], [69.67491828678813, 23.254365990502592], [69.67471164315096, 23.25472706842881], [69.67456415930636, 23.25505695019468], [69.67431357535955, 23.25547623185161], [69.67390028580397, 23.256358271661803], [69.6741503, 23.256241000000006]]]}}, {"type": "Feature", "properties": {"layer": "residential", "name": "Bhuj Sector 452", "osm": "way/768640077", "distance_m": 1746.3}, "geometry": {"type": "Polygon", "coordinates": [[[69.6852627, 23.252298100000008], [69.6856678, 23.252344899999997], [69.6857482, 23.252086200000004], [69.6859467, 23.2513617], [69.6862471, 23.2503759], [69.6863651, 23.250038300000003], [69.686349, 23.249644000000007], [69.6862096, 23.2492423], [69.6859038, 23.248870200000002], [69.6856141, 23.248660700000002], [69.6855926, 23.2487445], [69.68552829999999, 23.248884999999998], [69.685193, 23.249355700000006], [69.6851099, 23.249671100000004], [69.6849543, 23.249939700000002], [69.6848416, 23.250447400000006], [69.6849623, 23.250935300000002], [69.6849489, 23.251194100000006], [69.6849757, 23.251494700000006], [69.6850535, 23.251674600000005], [69.6853593, 23.2520172], [69.6852627, 23.252298100000008]]]}}, {"type": "Feature", "properties": {"layer": "residential", "name": "Bhuj Sector 454", "osm": "way/768640078", "distance_m": 2054.6}, "geometry": {"type": "Polygon", "coordinates": [[[69.68390550000001, 23.250072800000005], [69.684045, 23.249705600000006], [69.6842703, 23.249409900000003], [69.6844768, 23.249121500000005], [69.6846914, 23.2489145], [69.6849301, 23.2486755], [69.6851528, 23.248537500000005], [69.6851823, 23.2484118], [69.6849596, 23.24830830000001], [69.6845117, 23.248091400000014], [69.6841791, 23.247928800000004], [69.6839243, 23.247803100000006], [69.68347909999999, 23.2473619], [69.6833181, 23.246984900000005], [69.6832779, 23.2468962], [69.6829849, 23.247145100000008], [69.6826134, 23.247456200000006], [69.6825041, 23.247675500000003], [69.6822674, 23.247933700000004], [69.6819603, 23.248282400000008], [69.6823613, 23.248665599999995], [69.682425, 23.249010000000002], [69.68240750000001, 23.249583000000015], [69.6825282, 23.249603300000008], [69.6830352, 23.2499742], [69.6835538, 23.250313400000003], [69.6836333, 23.250250800000007], [69.68390550000001, 23.250072800000005]]]}}, {"type": "Feature", "properties": {"layer": "residential", "name": "Bhuj Sector 448", "osm": "way/768640083", "distance_m": 2458.5}, "geometry": {"type": "Polygon", "coordinates": [[[69.6766931, 23.251997500000012], [69.67673330000001, 23.252034400000007], [69.67694790000002, 23.25185450000001], [69.6771061, 23.251290200000003], [69.67740120000002, 23.25068890000001], [69.6776077, 23.250560700000012], [69.6776506, 23.2504548], [69.67767501165392, 23.25033504392114], [69.67716220801313, 23.25092485885301], [69.67706159428293, 23.251052793727922], [69.67652280485824, 23.251810886646975], [69.6766931, 23.251997500000012]]]}}, {"type": "Feature", "properties": {"layer": "residential", "name": "Bhuj Sector 449", "osm": "way/768640084", "distance_m": 2213.9}, "geometry": {"type": "Polygon", "coordinates": [[[69.67859390188482, 23.249278140263833], [69.67774728275305, 23.25025191881256], [69.6777096, 23.2504671], [69.6776667, 23.250563200000002], [69.6774387, 23.25071850000001], [69.6771517, 23.251290200000003], [69.6769989, 23.251861900000005], [69.67675210000002, 23.2520788], [69.6769613, 23.2526702], [69.6773314, 23.253927000000004], [69.6775085, 23.254230100000008], [69.6784499, 23.253771800000006], [69.6783507, 23.253108900000004], [69.6783534, 23.252665299999997], [69.6786538, 23.252022100000005], [69.6787664, 23.2504326], [69.67876910000001, 23.249998900000016], [69.67893540000001, 23.249461600000014], [69.67859390188482, 23.249278140263833]]]}}, {"type": "Feature", "properties": {"layer": "residential", "name": "Bhuj Sector 450", "osm": "way/768640085", "distance_m": 2087.6}, "geometry": {"type": "Polygon", "coordinates": [[[69.6789823, 23.249477600000002], [69.6788067, 23.25000630000001], [69.6788067, 23.25046460000001], [69.6787316, 23.251558800000012], [69.6786833, 23.252036900000004], [69.6783829, 23.252672700000005], [69.67838819999999, 23.2531212], [69.67849020000001, 23.25375700000001], [69.68021210000002, 23.253382400000007], [69.6799922, 23.252561800000006], [69.6800673, 23.252078800000007], [69.6800861, 23.251795400000002], [69.6796931, 23.2499052], [69.6789823, 23.249477600000002]]]}}, {"type": "Feature", "properties": {"layer": "residential", "name": "Bhuj Sector 451", "osm": "way/768640086", "distance_m": 1779.8}, "geometry": {"type": "Polygon", "coordinates": [[[69.6807258, 23.2497413], [69.6805018, 23.2497105], [69.6797347, 23.249932299999998], [69.6799064, 23.2505336], [69.6801853, 23.251889], [69.6800512, 23.252539600000013], [69.6802819, 23.253343000000008], [69.6820199, 23.252924099999998], [69.68289429999999, 23.252722000000006], [69.68387070000001, 23.25243610000001], [69.685256, 23.252278400000005], [69.68534189999998, 23.2520246], [69.6852466, 23.251929699999998], [69.6850173, 23.251680800000006], [69.6849355, 23.251519400000006], [69.6845587, 23.2513161], [69.6843092, 23.251146000000006], [69.6839713, 23.250911900000002], [69.6836172, 23.250648200000004], [69.6834388, 23.250549600000003], [69.6832484, 23.2505004], [69.6830553, 23.2504585], [69.6828702, 23.2503094], [69.68229490000002, 23.25010480000001], [69.6814004, 23.249873200000003], [69.6807258, 23.2497413]]]}}, {"type": "Feature", "properties": {"layer": "residential", "name": "Bhuj Sector 468", "osm": "way/768640087", "distance_m": 2325.8}, "geometry": {"type": "Polygon", "coordinates": [[[69.6803543, 23.249676000000008], [69.6805474, 23.24963410000001], [69.68060910000001, 23.24935320000001], [69.680593, 23.24889970000001], [69.6802202, 23.248621900000007], [69.6800525, 23.248459800000006], [69.6801947, 23.248161000000014], [69.6802101, 23.247982400000005], [69.67994025522668, 23.24799437234584], [69.6786421386918, 23.249222657879475], [69.67862849008348, 23.24923835663069], [69.6791328, 23.2495244], [69.6797347, 23.249865800000006], [69.6803543, 23.249676000000008]]]}}, {"type": "Feature", "properties": {"layer": "residential", "name": "Bhuj Sector 453", "osm": "way/768640088", "distance_m": 1869.7}, "geometry": {"type": "Polygon", "coordinates": [[[69.681462, 23.249870699999995], [69.6822989, 23.25009], [69.682889, 23.250294600000007], [69.6830633, 23.25044490000001], [69.6834576, 23.2505361], [69.6836018, 23.250597100000007], [69.6840048, 23.250891000000003], [69.6843186, 23.251120200000003], [69.6845841, 23.25130010000001], [69.6849489, 23.251445400000005], [69.684906, 23.251206400000004], [69.6849221, 23.2509427], [69.68486910000001, 23.250737600000004], [69.6848094, 23.250454800000004], [69.6848524, 23.250311800000006], [69.6849248, 23.249922500000004], [69.6850723, 23.24967110000001], [69.6851581, 23.2493433], [69.6854854, 23.248889900000005], [69.6855605, 23.2487494], [69.6855846, 23.2486434], [69.6852064, 23.248419200000004], [69.6851823, 23.2485325], [69.6849489, 23.248692700000007], [69.6847022, 23.248936700000016], [69.6844983, 23.249143699999998], [69.6843025, 23.249407400000006], [69.6840638, 23.249713000000003], [69.6839163, 23.250077700000006], [69.6835488, 23.250320500000004], [69.68302640000002, 23.249980400000005], [69.6825188, 23.249614400000002], [69.6806627, 23.249321200000008], [69.68060910000001, 23.249690800000003], [69.681462, 23.249870699999995]]]}}, {"type": "Feature", "properties": {"layer": "residential", "name": "Bhuj Sector 456", "osm": "way/768640089", "distance_m": 2288.9}, "geometry": {"type": "Polygon", "coordinates": [[[69.6815928, 23.248026100000004], [69.68146, 23.248090800000007], [69.68128100000001, 23.248157300000006], [69.68129910000002, 23.2486656], [69.68132189999999, 23.248997099999997], [69.6813621, 23.249124000000002], [69.6815687, 23.249159699999993], [69.6817242, 23.2490334], [69.6818349, 23.2487149], [69.6820723, 23.2484352], [69.6815928, 23.248026100000004]]]}}, {"type": "Feature", "properties": {"layer": "residential", "name": "Bhuj Sector 455", "osm": "way/768640090", "distance_m": 2200.1}, "geometry": {"type": "Polygon", "coordinates": [[[69.6824115, 23.249008200000002], [69.6823445, 23.248690300000003], [69.682079, 23.248451199999998], [69.681851, 23.248732200000003], [69.681741, 23.249040200000003], [69.6815693, 23.249173300000006], [69.68139499999998, 23.249138800000004], [69.6813688, 23.249135100000007], [69.6812669, 23.249307], [69.68130110000001, 23.249397500000004], [69.682366, 23.2495774], [69.6824115, 23.249008200000002]]]}}, {"type": "Feature", "properties": {"layer": "residential", "name": "Bhuj Sector 457", "osm": "way/768640091", "distance_m": 2290.5}, "geometry": {"type": "Polygon", "coordinates": [[[69.6811241, 23.247566500000005], [69.680876, 23.247745200000008], [69.6807754, 23.247911500000008], [69.6807781, 23.248040900000003], [69.6806574, 23.24838590000001], [69.6807486, 23.248517800000002], [69.6806265, 23.248846799999995], [69.68062920000001, 23.24927680000001], [69.6812864, 23.249398800000005], [69.68125020000001, 23.249307600000005], [69.6813521, 23.249133900000004], [69.6813413, 23.24909810000001], [69.6813105, 23.248997100000004], [69.6812944, 23.248779], [69.6812877, 23.248666800000002], [69.6812877, 23.248555900000007], [69.681273, 23.248150600000006], [69.681462, 23.248081500000005], [69.6815881, 23.24801750000001], [69.6811241, 23.247566500000005]]]}}, {"type": "Feature", "properties": {"layer": "residential", "name": "Bhuj Sector 458", "osm": "way/768640092", "distance_m": 2383.5}, "geometry": {"type": "Polygon", "coordinates": [[[69.6802095, 23.248160400000007], [69.68007, 23.248461100000004], [69.6802282, 23.248616300000002], [69.6805716, 23.2488702], [69.680711, 23.24854730000001], [69.6806172, 23.248401900000005], [69.6807164, 23.24813580000001], [69.6807486, 23.2480643], [69.6807486, 23.247901600000002], [69.6808666, 23.24772910000001], [69.6811107, 23.247556600000003], [69.6808344, 23.247260900000008], [69.68082681466791, 23.247244689437334], [69.68029308397706, 23.247660517918916], [69.68021686667794, 23.247732636635128], [69.68022960000002, 23.24793060000001], [69.6802255, 23.247980500000004], [69.6802095, 23.248160400000007]]]}}, {"type": "Feature", "properties": {"layer": "residential", "name": "Bhuj Sector 466", "osm": "way/768640093", "distance_m": 2483.8}, "geometry": {"type": "Polygon", "coordinates": [[[69.6800807, 23.2479805], [69.6802175, 23.24792630000001], [69.68020509707023, 23.24774377332228], [69.67995573994729, 23.247979720409912], [69.6800807, 23.2479805]]]}}, {"type": "Feature", "properties": {"layer": "residential", "name": "Bhuj Sector 459", "osm": "way/768640097", "distance_m": 2335.9}, "geometry": {"type": "Polygon", "coordinates": [[[69.6829216, 23.246378400000005], [69.6827155, 23.246518599999998], [69.6825151, 23.246690500000003], [69.6822012, 23.2470134], [69.6820954, 23.247101800000003], [69.6820548, 23.2471075], [69.6819591, 23.247067300000012], [69.6819134, 23.247057400000006], [69.6817684, 23.247153400000002], [69.6813701, 23.247450600000004], [69.6814285, 23.247512800000003], [69.6812704, 23.2476561], [69.6819556, 23.248271300000006], [69.6821192, 23.248091400000003], [69.6822667, 23.247923799999995], [69.6824974, 23.247672500000007], [69.6826047, 23.247450700000016], [69.6829721, 23.247140100000003], [69.6832457, 23.246874], [69.6829216, 23.246378400000005]]]}}, {"type": "Feature", "properties": {"layer": "residential", "name": "Bhuj Sector 460", "osm": "way/768640098", "distance_m": 2427.2}, "geometry": {"type": "Polygon", "coordinates": [[[69.68106440000001, 23.24743459999999], [69.6812636, 23.2476497], [69.6814151, 23.2475123], [69.6813561, 23.24744940000001], [69.6817625, 23.247146300000004], [69.6819113, 23.247047700000003], [69.6819623, 23.247058799999994], [69.68205620000002, 23.247098200000007], [69.682091, 23.247093300000003], [69.6821943, 23.247007100000005], [69.6825081, 23.246684200000008], [69.6827093, 23.24651170000001], [69.68291580000002, 23.24637120000001], [69.6828166, 23.246171599999997], [69.68264827619878, 23.245896413502635], [69.6825761673285, 23.245949342850544], [69.68209959778626, 23.246253048909473], [69.68087452566178, 23.24720751768527], [69.68106440000001, 23.24743459999999]]]}}, {"type": "Feature", "properties": {"layer": "residential", "name": "Bhuj Sector 292", "osm": "way/768640324", "distance_m": 1276.5}, "geometry": {"type": "Polygon", "coordinates": [[[69.68671920000001, 23.257142900000012], [69.68663330000001, 23.256630400000002], [69.68641880000001, 23.25594530000001], [69.68624169999998, 23.255398200000005], [69.6854693, 23.255551], [69.684788, 23.255565800000003], [69.6835971, 23.255501700000003], [69.6830285, 23.257384400000014], [69.6838814, 23.257694900000004], [69.6845895, 23.2578576], [69.685657, 23.25781320000001], [69.6866279, 23.257683800000002], [69.68671920000001, 23.257142900000012]]]}}, {"type": "Feature", "properties": {"layer": "residential", "name": "Bhuj Sector 291", "osm": "way/768640325", "distance_m": 1466.1}, "geometry": {"type": "Polygon", "coordinates": [[[69.6829641, 23.2573647], [69.6835434, 23.255427800000007], [69.6847451, 23.255496800000003], [69.6854693, 23.255506700000012], [69.6862525, 23.2553637], [69.6859199, 23.254545600000007], [69.68554439999998, 23.253343000000005], [69.6855766, 23.252524800000003], [69.6850991, 23.2524263], [69.6845519, 23.252441000000005], [69.6836346, 23.2526037], [69.68287830000001, 23.252800800000006], [69.68229490000002, 23.252980700000002], [69.6824424, 23.253497], [69.68246650000002, 23.253729900000007], [69.68223720000002, 23.253775500000007], [69.68220899999999, 23.2543583], [69.6822345, 23.2550495], [69.6824223, 23.255080300000003], [69.68282330000001, 23.255190000000002], [69.6825765, 23.256375300000002], [69.6823432, 23.25706040000001], [69.6823204, 23.257138], [69.6829641, 23.2573647]]]}}, {"type": "Feature", "properties": {"layer": "residential", "name": "Bhuj Sector 293", "osm": "way/768640326", "distance_m": 1689.7}, "geometry": {"type": "Polygon", "coordinates": [[[69.6805769, 23.253340500000007], [69.68069230000002, 23.253665800000007], [69.6809846, 23.253641200000004], [69.6808854, 23.25513700000001], [69.68067080000002, 23.256561400000006], [69.6815452, 23.256790500000005], [69.6822184, 23.257086300000005], [69.6823177, 23.257037000000008], [69.6825403, 23.2563667], [69.6827924, 23.255203500000004], [69.68240350000002, 23.25510500000001], [69.68218359999999, 23.2550877], [69.6821621, 23.2543583], [69.6821943, 23.253754500000003], [69.6824196, 23.253722500000006], [69.6824115, 23.253508099999998], [69.6822533, 23.252980700000002], [69.6805769, 23.253340500000007]]]}}, {"type": "Feature", "properties": {"layer": "residential", "name": "Bhuj Sector 294", "osm": "way/768640327", "distance_m": 1866.1}, "geometry": {"type": "Polygon", "coordinates": [[[69.6770081, 23.2562237], [69.6772912, 23.25638640000001], [69.677774, 23.256534300000006], [69.6784794, 23.256613100000003], [69.6794423, 23.256635300000006], [69.68063859999998, 23.256561400000002], [69.6808559, 23.25514190000001], [69.6809618, 23.25368310000001], [69.6806668, 23.2536954], [69.6805474, 23.2533553], [69.6784311, 23.25392460000001], [69.6775514, 23.254402700000007], [69.67636050000002, 23.255861500000005], [69.6770081, 23.2562237]]]}}, {"type": "Feature", "properties": {"layer": "residential", "name": "Bhuj Sector 312", "osm": "way/768640340", "distance_m": 2068.1}, "geometry": {"type": "Polygon", "coordinates": [[[69.67674939999999, 23.260038400000003], [69.67636049999999, 23.2585771], [69.6761942, 23.256679700000003], [69.67619420000001, 23.2560636], [69.6754432, 23.25679180000001], [69.6746398, 23.257418900000005], [69.67473369999999, 23.2574855], [69.6748762, 23.2573777], [69.6754311, 23.257493500000002], [69.67578379999999, 23.257507200000003], [69.6760772, 23.257658000000003], [69.6759655, 23.257910400000004], [69.67602590000001, 23.25868930000001], [69.6760896, 23.2590022], [69.6757094, 23.259030500000005], [69.67584619999998, 23.259762400000003], [69.67562819999999, 23.2600156], [69.67561219999999, 23.260595300000002], [69.67615669999999, 23.2606052], [69.67671729999999, 23.260605100000003], [69.67674939999999, 23.260038400000003]]]}}, {"type": "Feature", "properties": {"layer": "residential", "name": "Bhuj Sector 311", "osm": "way/768640341", "distance_m": 1992.5}, "geometry": {"type": "Polygon", "coordinates": [[[69.6776748, 23.257039400000007], [69.6774629, 23.256775800000003], [69.67734490000001, 23.256517000000006], [69.6763176, 23.255992100000007], [69.6763739, 23.256916199999996], [69.6764946, 23.258269100000007], [69.67663679999998, 23.258929499999997], [69.6768057, 23.259417399999997], [69.67779010000001, 23.2591439], [69.6780851, 23.258929499999997], [69.67818980000001, 23.258513100000002], [69.67834799999999, 23.25823950000001], [69.67845800000002, 23.2580276], [69.6785653, 23.257739300000004], [69.6776748, 23.257039400000007]]]}}, {"type": "Feature", "properties": {"layer": "residential", "name": "Bhuj Sector 310", "osm": "way/768640342", "distance_m": 1729.3}, "geometry": {"type": "Polygon", "coordinates": [[[69.6776158, 23.262359700000008], [69.6784016, 23.26247300000001], [69.6793511, 23.261189200000004], [69.6794799, 23.261280400000004], [69.6796355, 23.261208900000003], [69.6799788, 23.2603588], [69.6804616, 23.25984130000001], [69.68000290000002, 23.259232600000008], [69.67902660000001, 23.258128600000006], [69.67859210000002, 23.257768900000006], [69.6785009, 23.258049800000006], [69.67824339999999, 23.2585131], [69.67815760000002, 23.258976300000004], [69.6778196, 23.259193200000002], [69.67686470000001, 23.259439600000007], [69.67692910000001, 23.260213400000005], [69.6768808, 23.26125330000001], [69.6771276, 23.2628599], [69.6776158, 23.262359700000008]]]}}, {"type": "Feature", "properties": {"layer": "residential", "name": "Bhuj Sector 309", "osm": "way/768640348", "distance_m": 1132.8}, "geometry": {"type": "Polygon", "coordinates": [[[69.6770525, 23.265393], [69.6779054, 23.2651491], [69.6796596, 23.2648041], [69.6819904, 23.264254600000005], [69.6833825, 23.263825800000006], [69.68439370000002, 23.26327390000001], [69.6855095, 23.26234], [69.6862122, 23.2611005], [69.68537539999998, 23.2609132], [69.6851125, 23.261980200000004], [69.6839431, 23.261811400000003], [69.6838573, 23.2619999], [69.68300029999999, 23.261897600000005], [69.6818188, 23.261618000000006], [69.6816015, 23.261949400000006], [69.6816874, 23.262135400000002], [69.6815586, 23.2624213], [69.6810597, 23.261898900000002], [69.6805286, 23.26245080000001], [69.6793806, 23.2612434], [69.6788442, 23.261933400000004], [69.6784204, 23.26251], [69.67763720000002, 23.262381800000007], [69.6771598, 23.262919000000007], [69.6771222, 23.263761800000015], [69.6769988, 23.265363400000002], [69.6770525, 23.265393]]]}}, {"type": "Feature", "properties": {"layer": "residential", "name": "Bhuj Sector 314", "osm": "way/768640349", "distance_m": 1986.4}, "geometry": {"type": "Polygon", "coordinates": [[[69.6722567, 23.262475500000008], [69.67282, 23.262303000000003], [69.6731043, 23.262771199999996], [69.6734154, 23.263135900000005], [69.6740162, 23.26328870000001], [69.67394110000001, 23.263663200000003], [69.6748424, 23.2643581], [69.6760011, 23.265082500000002], [69.6767896, 23.265255], [69.6768326, 23.2645059], [69.6769935, 23.263037300000008], [69.67673059999998, 23.261233499999996], [69.67669839999999, 23.260622400000003], [69.67560140000002, 23.260610100000008], [69.6733349, 23.260159200000004], [69.67253660757717, 23.260048673278224], [69.67215771907864, 23.26163916957488], [69.67208100464777, 23.262223654223675], [69.6722567, 23.262475500000008]]]}}, {"type": "Feature", "properties": {"layer": "residential", "name": "Bhuj Sector 315", "osm": "way/768640350", "distance_m": 1992.8}, "geometry": {"type": "Polygon", "coordinates": [[[69.6722889, 23.262529700000005], [69.67201474080987, 23.262728511979176], [69.67187554601789, 23.263789010985704], [69.67182053436076, 23.265845509144466], [69.6719295, 23.2659672], [69.6727449, 23.2658982], [69.6732062, 23.265807], [69.6735522, 23.2657232], [69.674668, 23.265649300000003], [69.6759662, 23.265698600000007], [69.67657770000001, 23.2656394], [69.6767682, 23.26554580000001], [69.67675210000002, 23.265329000000005], [69.6759742, 23.265161400000004], [69.6748102, 23.264441900000005], [69.6738553, 23.263678000000006], [69.67394110000001, 23.263362599999997], [69.6733886, 23.263204900000005], [69.67304530000001, 23.262830300000005], [69.6728682, 23.2625001], [69.6727556, 23.262362100000004], [69.6722889, 23.262529700000005]]]}}, {"type": "Feature", "properties": {"layer": "residential", "name": "Bhuj Sector 316", "osm": "way/768640351", "distance_m": 2478.6}, "geometry": {"type": "Polygon", "coordinates": [[[69.6722245, 23.262524800000012], [69.67206976285756, 23.26230930460599], [69.672021733884, 23.26267523260835], [69.6722245, 23.262524800000012]]]}}, {"type": "Feature", "properties": {"layer": "residential", "name": "Bhuj Sector 301", "osm": "way/768640355", "distance_m": 1749.5}, "geometry": {"type": "Polygon", "coordinates": [[[69.68120319999998, 23.257476800000006], [69.6814071, 23.2574103], [69.6815653, 23.257200800000003], [69.6815868, 23.257028300000005], [69.6811938, 23.2568485], [69.6806641, 23.2567142], [69.6802081, 23.256676000000006], [69.67937799999999, 23.256731400000003], [69.67938470000001, 23.2569643], [69.679673, 23.257223], [69.67977089999998, 23.257221800000003], [69.6800177, 23.257317900000007], [69.68035299999998, 23.257602499999997], [69.6804093, 23.257724500000002], [69.68120319999998, 23.257476800000006]]]}}, {"type": "Feature", "properties": {"layer": "residential", "name": "Bhuj Sector 300", "osm": "way/768640356", "distance_m": 1834.5}, "geometry": {"type": "Polygon", "coordinates": [[[69.6775192, 23.2568029], [69.6777123, 23.257004900000002], [69.6788442, 23.257887100000005], [69.6789569, 23.257904400000005], [69.6794732, 23.2580325], [69.679956, 23.2579069], [69.6803623, 23.257740500000008], [69.6803235, 23.257618500000003], [69.6799989, 23.257333900000003], [69.67977360000002, 23.25724520000001], [69.6796677, 23.257247700000008], [69.6793592, 23.25697780000001], [69.6793592, 23.256732600000007], [69.67883620000002, 23.25674250000001], [69.6782421, 23.256715400000008], [69.6778223, 23.256636500000013], [69.6774602, 23.256561399999995], [69.6775192, 23.2568029]]]}}, {"type": "Feature", "properties": {"layer": "residential", "name": "Bhuj Sector 303", "osm": "way/768640357", "distance_m": 1465.9}, "geometry": {"type": "Polygon", "coordinates": [[[69.6815801, 23.2572637], [69.6815237, 23.257342500000004], [69.6813896, 23.257470700000006], [69.67995730000001, 23.257929000000015], [69.67949600000001, 23.25808430000001], [69.6790722, 23.257938900000003], [69.6789971, 23.258003000000006], [69.6793377, 23.258328200000005], [69.68006730000002, 23.259217800000002], [69.680475, 23.25895420000001], [69.6810946, 23.259057600000006], [69.681859, 23.258264200000003], [69.6822077, 23.258368300000004], [69.6825799, 23.258636300000003], [69.6833342, 23.259262200000002], [69.6835569, 23.259279399999997], [69.6815801, 23.2572637]]]}}, {"type": "Feature", "properties": {"layer": "residential", "name": "Bhuj Sector 305", "osm": "way/768640358", "distance_m": 1326.3}, "geometry": {"type": "Polygon", "coordinates": [[[69.68381169999999, 23.261361699999995], [69.6840906, 23.2608614], [69.68364799999999, 23.260474600000002], [69.6838143, 23.2599867], [69.68363729999999, 23.259318900000004], [69.6833208, 23.2592991], [69.6825698, 23.258641200000003], [69.6822023, 23.25838740000001], [69.6818644, 23.258301100000008], [69.6811455, 23.25907240000001], [69.6813816, 23.259225200000003], [69.6819288, 23.259363200000003], [69.6824974, 23.259442100000005], [69.68227480000002, 23.260279900000008], [69.6819207, 23.260371100000004], [69.6818161, 23.260482000000003], [69.6817598, 23.260555900000007], [69.6831357, 23.26129760000001], [69.6830955, 23.261477500000005], [69.6839082, 23.261748600000015], [69.68381169999999, 23.261361699999995]]]}}, {"type": "Feature", "properties": {"layer": "residential", "name": "Bhuj Sector 302", "osm": "way/768640359", "distance_m": 1463.3}, "geometry": {"type": "Polygon", "coordinates": [[[69.6816766, 23.257029600000003], [69.6815962, 23.2571972], [69.6817678, 23.257379500000003], [69.68359170000001, 23.259267100000006], [69.6838438, 23.257818100000005], [69.6816766, 23.257029600000003]]]}}, {"type": "Feature", "properties": {"layer": "residential", "name": "Bhuj Sector 91", "osm": "way/768640451", "distance_m": 2289.0}, "geometry": {"type": "Polygon", "coordinates": [[[69.6746573, 23.270853400000004], [69.6737802, 23.270015600000004], [69.6726993, 23.269409399999994], [69.67214498389221, 23.268992215623562], [69.67237469783832, 23.270249412637945], [69.67251907969072, 23.270744447603878], [69.6746573, 23.270853400000004]]]}}, {"type": "Feature", "properties": {"layer": "residential", "name": "Bhuj Sector 90", "osm": "way/768640452", "distance_m": 2215.0}, "geometry": {"type": "Polygon", "coordinates": [[[69.67272340000001, 23.26937], [69.6738017, 23.269986000000006], [69.6747351, 23.270848400000006], [69.6753466, 23.2707794], [69.6753144, 23.270538000000005], [69.6750569, 23.269936800000007], [69.6738017, 23.268399200000005], [69.6722513, 23.266605400000003], [69.67187105656022, 23.266645402013587], [69.67198452609094, 23.268114034939916], [69.67213400443185, 23.268932125744303], [69.67272340000001, 23.26937]]]}}, {"type": "Feature", "properties": {"layer": "residential", "name": "Bhuj Sector 77", "osm": "way/768640453", "distance_m": 1945.1}, "geometry": {"type": "Polygon", "coordinates": [[[69.6766877, 23.268650500000003], [69.673512, 23.266896100000004], [69.67248200000002, 23.2662456], [69.6722567, 23.266285000000003], [69.6737802, 23.2680789], [69.6750677, 23.269695300000002], [69.6756075, 23.270644500000003], [69.6768594, 23.270158500000008], [69.67781420000001, 23.269734700000008], [69.6766877, 23.268650500000003]]]}}, {"type": "Feature", "properties": {"layer": "residential", "name": "Bhuj Sector 76", "osm": "way/768640454", "distance_m": 1658.5}, "geometry": {"type": "Polygon", "coordinates": [[[69.6789837, 23.269991], [69.677782, 23.270079700000007], [69.6762693, 23.270542900000002], [69.6757181, 23.270924900000004], [69.6769988, 23.274091000000002], [69.6777069, 23.27407130000001], [69.67746020000001, 23.2728098], [69.6808612, 23.2737855], [69.6817088, 23.272090300000002], [69.6789837, 23.269991]]]}}, {"type": "Feature", "properties": {"layer": "residential", "name": "Bhuj Sector 304", "osm": "way/768640456", "distance_m": 1543.5}, "geometry": {"type": "Polygon", "coordinates": [[[69.68192610000001, 23.2594076], [69.68135479999998, 23.2592671], [69.68104090000001, 23.25907490000001], [69.6804804, 23.258996], [69.6800888, 23.259247400000003], [69.68052190000002, 23.259857300000004], [69.6815439, 23.260782600000002], [69.6817732, 23.260464700000004], [69.68189120000001, 23.260331600000008], [69.6822399, 23.2602479], [69.6824545, 23.2594692], [69.68192610000001, 23.2594076]]]}}, {"type": "Feature", "properties": {"layer": "residential", "name": "", "osm": "way/768640457", "distance_m": 1324.0}, "geometry": {"type": "Polygon", "coordinates": [[[69.6839136, 23.2618003], [69.6830606, 23.2614947], [69.6830928, 23.261309900000008], [69.6817276, 23.260575600000006], [69.6815532, 23.260819600000005], [69.680483, 23.2598782], [69.6800083, 23.2603883], [69.6796757, 23.261236000000004], [69.6794853, 23.26131240000001], [69.68055280000002, 23.26241140000001], [69.68097920000001, 23.261967900000005], [69.6810839, 23.261847100000004], [69.68155590000002, 23.262381800000007], [69.6816686, 23.262140400000003], [69.681572, 23.261948200000003], [69.6818107, 23.26159580000001], [69.682999, 23.261876700000002], [69.6838465, 23.261975300000003], [69.6839136, 23.2618003]]]}}, {"type": "Feature", "properties": {"layer": "residential", "name": "Bhuj Sector 307", "osm": "way/768640458", "distance_m": 1152.9}, "geometry": {"type": "Polygon", "coordinates": [[[69.68668699999999, 23.259208000000005], [69.6866602, 23.258444099999995], [69.6865904, 23.257847700000006], [69.6855283, 23.2579266], [69.6854787, 23.257925300000007], [69.6851018, 23.25972180000001], [69.68652869999998, 23.2600162], [69.6865904, 23.259971900000007], [69.68668699999999, 23.259208000000005]]]}}, {"type": "Feature", "properties": {"layer": "residential", "name": "Bhuj Sector 306", "osm": "way/768640459", "distance_m": 1204.2}, "geometry": {"type": "Polygon", "coordinates": [[[69.68532580000002, 23.26089350000001], [69.684851, 23.260581800000004], [69.6850803, 23.259735300000003], [69.68546390000002, 23.25792660000001], [69.6847343, 23.2579857], [69.6842408, 23.2578871], [69.6839029, 23.257862500000005], [69.6836668, 23.2593065], [69.6838653, 23.2599817], [69.68369900000002, 23.260469600000004], [69.6841657, 23.260814600000003], [69.6838546, 23.261317300000005], [69.6839833, 23.261785500000002], [69.6850991, 23.261933400000004], [69.68532580000002, 23.26089350000001]]]}}, {"type": "Feature", "properties": {"layer": "residential", "name": "Bhuj Sector 308", "osm": "way/768640460", "distance_m": 1133.3}, "geometry": {"type": "Polygon", "coordinates": [[[69.6864858, 23.2600483], [69.68510989999999, 23.2597402], [69.6848658, 23.260578100000004], [69.6853325, 23.2608688], [69.6862337, 23.2610463], [69.6864858, 23.2600483]]]}}, {"type": "Feature", "properties": {"layer": "residential", "name": "Bhuj Sector 278", "osm": "way/768640461", "distance_m": 940.7}, "geometry": {"type": "Polygon", "coordinates": [[[69.6879651, 23.261463900000006], [69.6882883, 23.260469600000008], [69.68878050000001, 23.26021210000001], [69.6888354, 23.259763600000003], [69.6890071, 23.257584000000005], [69.6889615, 23.257586500000006], [69.6867889, 23.2578181], [69.6868318, 23.258966500000003], [69.6867943, 23.26004580000001], [69.68645629999999, 23.2611399], [69.6879651, 23.261463900000006]]]}}, {"type": "Feature", "properties": {"layer": "residential", "name": "Bhuj Sector 277", "osm": "way/768640462", "distance_m": 446.8}, "geometry": {"type": "Polygon", "coordinates": [[[69.690882, 23.259636700000005], [69.691118, 23.259188300000005], [69.69078, 23.257699900000006], [69.6901309, 23.257576600000007], [69.6890259, 23.257586500000002], [69.6888542, 23.259764900000008], [69.68884879999999, 23.260168999999998], [69.68885960000001, 23.261110300000006], [69.6892941, 23.261726400000008], [69.689337, 23.262800800000008], [69.68969639999999, 23.263441400000005], [69.69026509999999, 23.263515400000006], [69.6909946, 23.264185600000005], [69.6910214, 23.264594600000002], [69.6914077, 23.264712900000006], [69.6915418, 23.2647918], [69.69215329999999, 23.262776099999996], [69.6924645, 23.26272680000001], [69.6930277, 23.2623326], [69.69285609999999, 23.2616722], [69.69253419999998, 23.261686999999995], [69.6926629, 23.26108080000001], [69.6915311, 23.260681599999998], [69.6909893, 23.26090330000001], [69.690721, 23.260405600000002], [69.690882, 23.259636700000005]]]}}, {"type": "Feature", "properties": {"layer": "residential", "name": "Madhapar Sector 46", "osm": "way/768640463", "distance_m": 2021.9}, "geometry": {"type": "Polygon", "coordinates": [[[69.7101923, 23.246781600000013], [69.711028, 23.246674400000003], [69.7114009, 23.245604800000002], [69.7115028, 23.245595700000003], [69.7121868998096, 23.2455348687997], [69.71159642473377, 23.245130875653835], [69.7111809, 23.245299200000005], [69.7098398, 23.245654100000003], [69.7087347, 23.24611740000001], [69.7091854, 23.2469553], [69.7084772, 23.248374800000008], [69.7092219, 23.248041299999997], [69.7092229, 23.248074200000005], [69.709475, 23.248084000000002], [69.7100383, 23.246876400000005], [69.7100763, 23.246796500000002], [69.7101923, 23.246781600000013]]]}}, {"type": "Feature", "properties": {"layer": "residential", "name": "Bhuj Sector 266", "osm": "way/768640465", "distance_m": 2418.9}, "geometry": {"type": "Polygon", "coordinates": [[[69.7220331, 23.255605200000012], [69.72196836942732, 23.255325430750837], [69.72177297170612, 23.254960477472146], [69.72088069725459, 23.253624294050717], [69.7200429, 23.253559900000006], [69.720059, 23.253732400000008], [69.7210085, 23.254397700000002], [69.7213519, 23.255358800000003], [69.7215879, 23.25621140000001], [69.7220331, 23.255605200000012]]]}}, {"type": "Feature", "properties": {"layer": "residential", "name": "Bhuj Sector 265", "osm": "way/768640466", "distance_m": 2408.5}, "geometry": {"type": "Polygon", "coordinates": [[[69.71891100000002, 23.251425700000006], [69.719013, 23.252455800000007], [69.7197157, 23.253471100000002], [69.72062608362873, 23.253243003593386], [69.72057467005676, 23.253166010130528], [69.71920042279271, 23.251482669021897], [69.71914036976989, 23.251421862212684], [69.71891100000002, 23.251425700000006]]]}}, {"type": "Feature", "properties": {"layer": "residential", "name": "Bhuj Sector 287", "osm": "way/768640531", "distance_m": 1304.4}, "geometry": {"type": "Polygon", "coordinates": [[[69.6884479, 23.254326900000002], [69.6889132, 23.254195000000003], [69.6900994, 23.254191300000002], [69.6901356, 23.253972600000004], [69.6902516, 23.253254300000005], [69.6881434, 23.2528797], [69.6869525, 23.252749100000003], [69.6858488, 23.25258890000001], [69.6857429, 23.2528551], [69.68578980000001, 23.253497000000003], [69.6859896, 23.254217800000003], [69.68634900000002, 23.25528300000001], [69.6866944, 23.2551481], [69.6866655, 23.254967000000004], [69.686695, 23.254861000000002], [69.6868184, 23.254954700000003], [69.686974, 23.25494480000001], [69.6872234, 23.254774800000003], [69.6875507, 23.254619500000004], [69.6879537, 23.254449500000007], [69.6884479, 23.254326900000002]]]}}, {"type": "Feature", "properties": {"layer": "residential", "name": "Bhuj Sector 286", "osm": "way/768640532", "distance_m": 1252.2}, "geometry": {"type": "Polygon", "coordinates": [[[69.6888059, 23.255551000000004], [69.6889883, 23.255289800000003], [69.68940140000001, 23.255117300000013], [69.6895033, 23.255146900000007], [69.6896213, 23.254663900000008], [69.6899378, 23.254658900000006], [69.6900183, 23.2542006], [69.6893893, 23.254204300000005], [69.6889079, 23.2542104], [69.6884465, 23.25433860000001], [69.6879208, 23.254516000000002], [69.6875346, 23.254663900000008], [69.6872181, 23.254814200000002], [69.686982, 23.254974400000005], [69.6868131, 23.2549867], [69.6867004, 23.254920200000008], [69.686746, 23.255124700000007], [69.6871403, 23.255395800000002], [69.6876573, 23.2559428], [69.6888328, 23.255713700000005], [69.6888059, 23.255551000000004]]]}}, {"type": "Feature", "properties": {"layer": "residential", "name": "Bhuj Sector 285", "osm": "way/768640533", "distance_m": 1192.9}, "geometry": {"type": "Polygon", "coordinates": [[[69.6888703, 23.2557605], [69.6876553, 23.2559601], [69.6871054, 23.255417900000012], [69.68675670000002, 23.255171500000003], [69.6863705, 23.2553391], [69.686577, 23.2559404], [69.6867406, 23.256669800000004], [69.6874702, 23.256657499999996], [69.6889776, 23.2563149], [69.6888703, 23.2557605]]]}}, {"type": "Feature", "properties": {"layer": "residential", "name": "Bhuj Sector 283", "osm": "way/768640534", "distance_m": 1126.5}, "geometry": {"type": "Polygon", "coordinates": [[[69.6895355, 23.255429000000007], [69.6895248, 23.255297200000008], [69.6894899, 23.2552344], [69.6893732, 23.2551814], [69.6890366, 23.2553206], [69.6888743, 23.2555522], [69.6889293, 23.255777700000003], [69.6890366, 23.256275500000005], [69.6891077, 23.256780700000007], [69.6893826, 23.256786800000004], [69.6895355, 23.255429000000007]]]}}, {"type": "Feature", "properties": {"layer": "residential", "name": "Bhuj Sector 284", "osm": "way/768640535", "distance_m": 1090.4}, "geometry": {"type": "Polygon", "coordinates": [[[69.6890688, 23.256714200000005], [69.6889991, 23.256374100000002], [69.6880227, 23.256566300000006], [69.6874219, 23.256724000000006], [69.6869177, 23.256753599999996], [69.686805, 23.2573795], [69.6871376, 23.257709700000003], [69.68916529999998, 23.2574485], [69.6890688, 23.256714200000005]]]}}, {"type": "Feature", "properties": {"layer": "residential", "name": "Bhuj Sector 281", "osm": "way/768640536", "distance_m": 864.9}, "geometry": {"type": "Polygon", "coordinates": [[[69.6903402, 23.2532666], [69.6901363, 23.254434700000008], [69.6903241, 23.254661400000007], [69.6912822, 23.254744300000002], [69.6915123, 23.255124700000007], [69.6914291, 23.255585500000006], [69.691177, 23.255787600000012], [69.6906888, 23.256186799999995], [69.69044210000001, 23.256492400000003], [69.6901417, 23.256581100000005], [69.6894926, 23.2567782], [69.690308, 23.25685710000001], [69.69133260000001, 23.256807800000004], [69.6914063, 23.256780700000004], [69.6914332, 23.256699400000006], [69.691586, 23.256019200000004], [69.6916142, 23.256015500000004], [69.6932061, 23.2564012], [69.6947497, 23.256359299999996], [69.6942025, 23.255220800000007], [69.6933898, 23.254546800000004], [69.6917138, 23.253507200000016], [69.690941, 23.253350400000006], [69.6906567, 23.253298599999994], [69.6903402, 23.2532666]]]}}, {"type": "Feature", "properties": {"layer": "residential", "name": "Bhuj Sector 276", "osm": "way/768640544", "distance_m": 154.5}, "geometry": {"type": "Polygon", "coordinates": [[[69.6953076, 23.26316540000001], [69.6953022, 23.262599900000005], [69.6954632, 23.261948200000003], [69.6957529, 23.260780100000005], [69.69588699999998, 23.259824], [69.6947443, 23.2592326], [69.6939236, 23.258744700000005], [69.6928185, 23.258281399999998], [69.6921372, 23.258104000000003], [69.6919227, 23.258675700000005], [69.6914023, 23.25868060000001], [69.6914345, 23.25902070000001], [69.6925986, 23.259316400000003], [69.6925074, 23.26038090000001], [69.69310819999998, 23.260499200000005], [69.692899, 23.261618000000013], [69.69313499999998, 23.26245580000001], [69.6932906, 23.263047200000003], [69.6928614, 23.263155600000008], [69.6930224, 23.2640624], [69.6940041, 23.264289100000006], [69.69537730000002, 23.263929300000008], [69.6953076, 23.26316540000001]]]}}, {"type": "Feature", "properties": {"layer": "residential", "name": "Bhuj Sector 275", "osm": "way/768640545", "distance_m": 111.6}, "geometry": {"type": "Polygon", "coordinates": [[[69.6979201, 23.260883600000007], [69.6959889, 23.259927500000003], [69.6959031, 23.260804800000006], [69.69557049999999, 23.261967900000002], [69.6954753, 23.2629091], [69.69564560000002, 23.26388990000001], [69.697212, 23.262628300000003], [69.6984458, 23.26108080000001], [69.6979201, 23.260883600000007]]]}}, {"type": "Feature", "properties": {"layer": "residential", "name": "Bhuj Sector 75", "osm": "way/768640546", "distance_m": 1315.6}, "geometry": {"type": "Polygon", "coordinates": [[[69.6812582, 23.267605800000002], [69.67952010000002, 23.266935500000002], [69.6784794, 23.266925700000005], [69.6784902, 23.268335100000005], [69.6802819, 23.2694193], [69.6810865, 23.2683056], [69.6826744, 23.269389700000005], [69.6841228, 23.2693897], [69.68398330000001, 23.269232], [69.6812582, 23.267605800000002]]]}}, {"type": "Feature", "properties": {"layer": "residential", "name": "Bhuj Sector 74", "osm": "way/768640547", "distance_m": 735.7}, "geometry": {"type": "Polygon", "coordinates": [[[69.6893263, 23.267379100000003], [69.6866548, 23.265890800000008], [69.68560339999999, 23.2660485], [69.68703030000002, 23.2671425], [69.6873522, 23.26793100000001], [69.6893048, 23.269153200000005], [69.6900773, 23.268995500000006], [69.6893263, 23.267379100000003]]]}}, {"type": "Feature", "properties": {"layer": "residential", "name": "Bhuj Sector 73", "osm": "way/768640548", "distance_m": 120.1}, "geometry": {"type": "Polygon", "coordinates": [[[69.69485159999999, 23.268660400000005], [69.6959138, 23.268433700000003], [69.69602109999998, 23.2674776], [69.69434739999998, 23.267260800000003], [69.6941006, 23.26809860000001], [69.69485159999999, 23.268660400000005]]]}}, {"type": "Feature", "properties": {"layer": "residential", "name": "Bhuj Sector 72", "osm": "way/768640549", "distance_m": 0.0}, "geometry": {"type": "Polygon", "coordinates": [[[69.70451830000002, 23.263963800000006], [69.7033811, 23.263328100000003], [69.7003931, 23.261972800000002], [69.6987247, 23.261169500000005], [69.6982312, 23.2618496], [69.6973944, 23.263071800000006], [69.6973514, 23.26347590000001], [69.6980917, 23.264116600000005], [69.6986067, 23.2641265], [69.6983921, 23.2646291], [69.6990037, 23.264934700000005], [69.699583, 23.2646587], [69.6998191, 23.263988500000004], [69.7009671, 23.2646094], [69.7013426, 23.2641856], [69.7013533, 23.26355480000001], [69.7018039, 23.263801200000003], [69.703027, 23.2645404], [69.7044432, 23.26479670000001], [69.70445389999999, 23.264648900000005], [69.70451830000002, 23.263963800000006]]]}}, {"type": "Feature", "properties": {"layer": "residential", "name": "Bhuj Sector 70", "osm": "way/768640550", "distance_m": 469.8}, "geometry": {"type": "Polygon", "coordinates": [[[69.7061384, 23.263180200000004], [69.70497960000002, 23.2626973], [69.70440030000002, 23.262746499999995], [69.70442170000001, 23.263850500000007], [69.7062242, 23.263909600000005], [69.7069001, 23.263929300000004], [69.7061384, 23.263180200000004]]]}}, {"type": "Feature", "properties": {"layer": "residential", "name": "Bhuj Sector 71", "osm": "way/768640551", "distance_m": 306.7}, "geometry": {"type": "Polygon", "coordinates": [[[69.70131040000001, 23.261061100000006], [69.6994114, 23.260735800000006], [69.6991968, 23.260982200000004], [69.6991753, 23.26126800000001], [69.7031879, 23.26313100000001], [69.703424, 23.262776100000004], [69.70131040000001, 23.261061100000006]]]}}, {"type": "Feature", "properties": {"layer": "residential", "name": "Bhuj Sector 69", "osm": "way/768640552", "distance_m": 515.3}, "geometry": {"type": "Polygon", "coordinates": [[[69.70330590000002, 23.26038090000001], [69.70192190000002, 23.258754600000003], [69.7009671, 23.259119300000002], [69.7010744, 23.2597501], [69.70137480000001, 23.260075400000005], [69.70137480000001, 23.260489400000004], [69.7020721, 23.260647100000003], [69.70217940000002, 23.260932900000004], [69.70357420000002, 23.261504600000006], [69.70330590000002, 23.26038090000001]]]}}, {"type": "Feature", "properties": {"layer": "residential", "name": "Bhuj Sector 68", "osm": "way/768640559", "distance_m": 1184.5}, "geometry": {"type": "Polygon", "coordinates": [[[69.70804269999998, 23.257867400000002], [69.708547, 23.2580892], [69.7092551, 23.25883830000001], [69.7109717, 23.259168500000005], [69.7129404, 23.259523400000006], [69.7139972, 23.2596269], [69.71458199999998, 23.259025600000005], [69.7145337, 23.257487900000008], [69.71313360000002, 23.2575569], [69.71261860000001, 23.258000500000005], [69.7117066, 23.257330200000006], [69.7118676, 23.256610699999996], [69.71155640000002, 23.255674199999998], [69.71184070000001, 23.254279399999998], [69.7110575, 23.253485900000005], [69.7105318, 23.25324440000001], [69.7104782, 23.254624400000004], [69.7110361, 23.25484130000001], [69.71021, 23.256270600000004], [69.7095126, 23.2563938], [69.7088219, 23.255942800000007], [69.70804269999998, 23.257867400000002]]]}}, {"type": "Feature", "properties": {"layer": "residential", "name": "Madhapar Sector 45", "osm": "way/769473432", "distance_m": 2286.6}, "geometry": {"type": "Polygon", "coordinates": [[[69.7101957, 23.245227900000003], [69.71126062485241, 23.24490112491989], [69.71124168044607, 23.244888163311977], [69.7091158044895, 23.243721051161717], [69.70730438256572, 23.242943563622383], [69.7055715, 23.244049900000004], [69.7055495, 23.244070700000005], [69.7059074, 23.243951100000007], [69.7060537, 23.2444465], [69.7063053, 23.244625499999998], [69.7075626, 23.244688000000004], [69.7079623, 23.245205500000004], [69.7089413, 23.244941800000003], [69.7091287, 23.245593099999997], [69.7101957, 23.245227900000003]]]}}, {"type": "Feature", "properties": {"layer": "residential", "name": "Madhapar Sector 50", "osm": "way/769473433", "distance_m": 2335.5}, "geometry": {"type": "Polygon", "coordinates": [[[69.7049233, 23.242490900000004], [69.7047383, 23.2426277], [69.7054785, 23.243854999999996], [69.70709146898959, 23.24285217617795], [69.70687316987846, 23.242758476706815], [69.70467597967958, 23.2420548850882], [69.7049233, 23.242490900000004]]]}}, {"type": "Feature", "properties": {"layer": "residential", "name": "Madhapar Sector 49", "osm": "way/769473435", "distance_m": 2141.9}, "geometry": {"type": "Polygon", "coordinates": [[[69.7021781, 23.242624], [69.7026126, 23.2425907], [69.7039121, 23.245212900000002], [69.7054303, 23.2438994], [69.704631, 23.242603000000003], [69.7048865, 23.242475500000005], [69.70462234236072, 23.242037708688418], [69.70453674638935, 23.24201029805], [69.70228467888374, 23.24151789712961], [69.7021781, 23.242624]]]}}, {"type": "Feature", "properties": {"layer": "residential", "name": "Madhapar Sector 62", "osm": "way/769473438", "distance_m": 2346.0}, "geometry": {"type": "Polygon", "coordinates": [[[69.7007263, 23.242450799999997], [69.7007626, 23.242691100000002], [69.7008947, 23.242673300000003], [69.7018616, 23.242657200000007], [69.7021338, 23.2426338], [69.70224638045538, 23.241509523099353], [69.70213046297042, 23.241484177439116], [69.69981597420775, 23.241202196492832], [69.6996642, 23.241935700000003], [69.7007263, 23.242450799999997]]]}}, {"type": "Feature", "properties": {"layer": "residential", "name": "Madhapar Sector 48", "osm": "way/769473440", "distance_m": 1890.8}, "geometry": {"type": "Polygon", "coordinates": [[[69.7026032, 23.242621500000002], [69.70185560000002, 23.24268500000001], [69.700902, 23.242691100000002], [69.7007438, 23.242703400000003], [69.7007049, 23.242476700000005], [69.699744, 23.241991800000005], [69.6994047, 23.241838399999995], [69.6993832, 23.2420041], [69.6994208, 23.242084200000008], [69.6999458, 23.242327600000007], [69.6998513, 23.243204400000003], [69.6997266, 23.24357030000001], [69.6991244, 23.243766300000008], [69.699695, 23.244859300000005], [69.7001383, 23.245883300000006], [69.7005285, 23.2467249], [69.700613, 23.246824700000012], [69.7008933, 23.2467434], [69.7027132, 23.245805600000004], [69.7039014, 23.245232599999998], [69.7026032, 23.242621500000002]]]}}, {"type": "Feature", "properties": {"layer": "residential", "name": "Madhapar Sector 59", "osm": "way/769473441", "distance_m": 2417.3}, "geometry": {"type": "Polygon", "coordinates": [[[69.6983291, 23.2415217], [69.6990017, 23.241853200000005], [69.69939260000001, 23.24181190000001], [69.6996501, 23.241932700000007], [69.69979050518275, 23.241199093330483], [69.69967896297469, 23.241185502905896], [69.69855537729325, 23.241154518011182], [69.6983291, 23.2415217]]]}}, {"type": "Feature", "properties": {"layer": "residential", "name": "Madhapar Sector 61", "osm": "way/769473442", "distance_m": 2213.3}, "geometry": {"type": "Polygon", "coordinates": [[[69.6967453, 23.2411834], [69.6967506, 23.24125490000001], [69.6973461, 23.24199670000001], [69.6986711, 23.243152600000002], [69.6988025, 23.2432389], [69.699111, 23.2437429], [69.6997131, 23.243555600000004], [69.6998258, 23.243190800000008], [69.6999116, 23.242331900000003], [69.699402, 23.2420941], [69.6993658, 23.242001700000007], [69.6993846, 23.241841500000007], [69.6989983, 23.241871100000008], [69.6983046, 23.2415328], [69.6974671, 23.24118440000001], [69.6972589, 23.2411539], [69.6969128544131, 23.241136801934978], [69.69679343631373, 23.241144696313878], [69.6967453, 23.2411834]]]}}, {"type": "Feature", "properties": {"layer": "residential", "name": "Madhapar Sector 60", "osm": "way/769473443", "distance_m": 2456.3}, "geometry": {"type": "Polygon", "coordinates": [[[69.697389, 23.24113910000001], [69.6978611, 23.241296800000004], [69.6983144, 23.24151370000001], [69.69853390481161, 23.24115392579047], [69.69720735212945, 23.241117333165988], [69.69716645403318, 23.241120036906523], [69.697389, 23.24113910000001]]]}}, {"type": "Feature", "properties": {"layer": "stream_canal", "name": "", "osm": "way/141164651", "distance_m": 645.0}, "geometry": {"type": "LineString", "coordinates": [[69.68712810000001, 23.2698259], [69.68775679999999, 23.269825900000008], [69.6902339, 23.27033450000001], [69.69321490000002, 23.2714713], [69.6937347, 23.2723559], [69.6939497, 23.273354199999996], [69.6948668, 23.2748942], [69.6942124, 23.276445800000012], [69.6969103, 23.278300900000005], [69.6995795, 23.27999690000001], [69.7011934, 23.2822034], [69.7010433, 23.285064900000002], [69.6997297, 23.2896846], [69.69936710539686, 23.29006863951318]]}}, {"type": "Feature", "properties": {"layer": "stream_canal", "name": "", "osm": "way/141164660", "distance_m": 2377.9}, "geometry": {"type": "LineString", "coordinates": [[69.6819554, 23.247207400000008], [69.6818757, 23.247397100000004], [69.6818663, 23.247616900000004], [69.6817257, 23.24790120000001], [69.6817015, 23.247972899999997]]}}, {"type": "Feature", "properties": {"layer": "stream_canal", "name": "", "osm": "way/145226242", "distance_m": 2179.2}, "geometry": {"type": "LineString", "coordinates": [[69.7245055798648, 23.26181496409888], [69.7242801, 23.262135100000002], [69.7239356, 23.262497500000006], [69.7222458, 23.2634797], [69.7217285, 23.2640183], [69.7224182, 23.265539], [69.7223492, 23.267693400000002]]}}, {"type": "Feature", "properties": {"layer": "stream_canal", "name": "", "osm": "way/228519032", "distance_m": 2214.8}, "geometry": {"type": "LineString", "coordinates": [[69.67807880000001, 23.254188000000006], [69.6781214, 23.2542594]]}}, {"type": "Feature", "properties": {"layer": "stream_canal", "name": "", "osm": "way/228519034", "distance_m": 2432.9}, "geometry": {"type": "LineString", "coordinates": [[69.678856, 23.249918299999997], [69.6787634, 23.249964700000014]]}}, {"type": "Feature", "properties": {"layer": "stream_canal", "name": "", "osm": "way/228519036", "distance_m": 2354.9}, "geometry": {"type": "LineString", "coordinates": [[69.6808392, 23.24898960000001], [69.6805139, 23.2489947]]}}, {"type": "Feature", "properties": {"layer": "stream_canal", "name": "", "osm": "way/228519039", "distance_m": 2370.5}, "geometry": {"type": "LineString", "coordinates": [[69.6817015, 23.247972899999997], [69.6816888, 23.2480293], [69.681677, 23.248082]]}}, {"type": "Feature", "properties": {"layer": "stream_canal", "name": "", "osm": "way/228519041", "distance_m": 2222.6}, "geometry": {"type": "LineString", "coordinates": [[69.6779758, 23.253973900000002], [69.67807880000001, 23.254188000000006]]}}, {"type": "Feature", "properties": {"layer": "stream_canal", "name": "", "osm": "way/228519042", "distance_m": 2432.3}, "geometry": {"type": "LineString", "coordinates": [[69.6768771, 23.25195310000001], [69.67696630000002, 23.252254300000004]]}}, {"type": "Feature", "properties": {"layer": "stream_canal", "name": "", "osm": "way/228519045", "distance_m": 2243.7}, "geometry": {"type": "LineString", "coordinates": [[69.67696630000002, 23.252254300000004], [69.6770636, 23.252464800000006], [69.6777006, 23.253421900000003], [69.6779758, 23.253973900000002]]}}, {"type": "Feature", "properties": {"layer": "stream_canal", "name": "", "osm": "way/228519047", "distance_m": 1977.7}, "geometry": {"type": "MultiLineString", "coordinates": [[[69.7146281949587, 23.247425051433222], [69.71455540000001, 23.247479199999997], [69.7142795, 23.248556500000003], [69.7147623, 23.250806200000003], [69.71603830000001, 23.250742799999994], [69.7162797, 23.249728900000004], [69.71853037239755, 23.250804203689423]], [[69.71891914930505, 23.251197864307173], [69.7193489, 23.253087500000003], [69.7195857, 23.253726300000004], [69.7192111, 23.254007900000005], [69.719142, 23.254576700000005], [69.7201076, 23.256255900000003], [69.7205215, 23.258125300000003], [69.7201587, 23.2595199], [69.7201527, 23.259543], [69.7201262, 23.259640600000004], [69.7200042, 23.2611035], [69.7195214, 23.262751000000005], [69.7199007, 23.2642401], [69.7213491, 23.26661620000001], [69.7223492, 23.267693400000002]]]}}, {"type": "Feature", "properties": {"layer": "stream_canal", "name": "", "osm": "way/228519051", "distance_m": 2373.3}, "geometry": {"type": "LineString", "coordinates": [[69.6805139, 23.2489947], [69.6804673, 23.248996100000003], [69.6797441, 23.249800800000003], [69.6794057, 23.2500325], [69.6790605, 23.249944900000003], [69.678856, 23.249918299999997]]}}, {"type": "Feature", "properties": {"layer": "stream_canal", "name": "", "osm": "way/228519055", "distance_m": 2346.6}, "geometry": {"type": "LineString", "coordinates": [[69.681677, 23.248082], [69.6816121, 23.2482064], [69.6814065, 23.248595499999997], [69.6812001, 23.248612700000002], [69.6810593, 23.248664400000006], [69.6810312, 23.24887130000001], [69.6809578, 23.2489414], [69.6808392, 23.24898960000001]]}}, {"type": "Feature", "properties": {"layer": "stream_canal", "name": "", "osm": "way/228519057", "distance_m": 2436.8}, "geometry": {"type": "LineString", "coordinates": [[69.6787634, 23.249964700000014], [69.6786626, 23.250014200000006], [69.6783243, 23.25017880000001], [69.6781982, 23.250276299999996], [69.67752810000002, 23.250690900000002], [69.6773755, 23.250965200000003], [69.67693760000002, 23.2515931], [69.6768712, 23.251775899999995], [69.6768771, 23.25195310000001]]}}, {"type": "Feature", "properties": {"layer": "stream_canal", "name": "", "osm": "way/839355458", "distance_m": 2213.3}, "geometry": {"type": "LineString", "coordinates": [[69.6753667, 23.2706562], [69.6753486, 23.2706507], [69.6752669, 23.27060240000001], [69.6751172, 23.2703326], [69.6745923, 23.2704196], [69.6741357, 23.270212500000003], [69.6739537, 23.270034900000002], [69.6733114, 23.269641500000006], [69.6726898, 23.2694918], [69.67242079999998, 23.269270700000007], [69.67214451231447, 23.268989634710138]]}}, {"type": "Feature", "properties": {"layer": "stream_canal", "name": "", "osm": "way/889490762", "distance_m": 2194.5}, "geometry": {"type": "LineString", "coordinates": [[69.6755431, 23.2706094], [69.6753667, 23.2706562]]}}, {"type": "Feature", "properties": {"layer": "stream_canal", "name": "", "osm": "way/889490763", "distance_m": 1810.7}, "geometry": {"type": "LineString", "coordinates": [[69.67968049999999, 23.271183200000003], [69.6791458, 23.271041100000005], [69.6788692, 23.270950600000006], [69.6785963, 23.270633800000002], [69.67820030000001, 23.270421400000004], [69.678024, 23.270219500000003], [69.6776185, 23.270210700000003], [69.677285, 23.269953100000006], [69.6772054, 23.269951400000004], [69.6756122, 23.270579200000007], [69.6755431, 23.2706094]]}}, {"type": "Feature", "properties": {"layer": "nonresidential_zone"}, "geometry": {"type": "MultiPolygon", "coordinates": [[[[69.6876016, 23.250510200000008], [69.6869311, 23.250111000000004], [69.6866908, 23.249989700000004], [69.6862717, 23.251206400000004], [69.6859307, 23.252328200000004], [69.6873179, 23.252538800000004], [69.689266, 23.252831000000004], [69.6935169, 23.253548100000003], [69.6935441, 23.2532641], [69.6935852, 23.252879200000002], [69.694621, 23.253023900000002], [69.6948249, 23.251737500000004], [69.6924956, 23.2513654], [69.6886986, 23.251013000000004], [69.68866110000002, 23.25114110000001], [69.6883015, 23.251102400000004], [69.6881625, 23.2505733], [69.6876016, 23.250510200000008]]], [[[69.6978584, 23.253049700000002], [69.6971422, 23.253483500000005], [69.6964073, 23.253234600000003], [69.6956187, 23.2534859], [69.6960586, 23.2548117], [69.6994382, 23.2537299], [69.69939260000001, 23.253244400000007], [69.6988669, 23.2532075], [69.69842430000001, 23.252911700000002], [69.6978584, 23.253049700000002]]], [[[69.6944278, 23.2552701], [69.6950126, 23.256482499999994], [69.696123, 23.256374100000002], [69.6959996, 23.2549793], [69.6955705, 23.2535106], [69.6938431, 23.2536436], [69.6935588, 23.254047800000002], [69.6935588, 23.25441250000001], [69.6944278, 23.2552701]]], [[[69.69117250000001, 23.25578000000001], [69.6914197, 23.255580600000005], [69.6914967, 23.255142000000014], [69.69064060000001, 23.2545998], [69.6903187, 23.254676200000002], [69.6901322, 23.2544498], [69.690043, 23.254658500000005], [69.6898496, 23.254700300000003], [69.6895197, 23.2565085], [69.6894628, 23.256780200000005], [69.6904393, 23.256489900000002], [69.6906791, 23.256182900000002], [69.69117250000001, 23.25578000000001]]], [[[69.6916008, 23.256029100000006], [69.6912306, 23.2576752], [69.6928722, 23.258138500000005], [69.6941221, 23.258685600000003], [69.6953881, 23.259434700000003], [69.69569919999999, 23.259503700000003], [69.6954417, 23.257985700000006], [69.6949321, 23.257492900000003], [69.69362320000002, 23.256950700000004], [69.6931994, 23.256413500000008], [69.6916008, 23.256029100000006]]], [[[69.69603179999999, 23.259858500000004], [69.6985263, 23.260918099999998], [69.7002321, 23.257956100000005], [69.696461, 23.257064099999997], [69.6962839, 23.256546600000004], [69.6951628, 23.256655000000006], [69.6956724, 23.257941400000007], [69.69587089999999, 23.2591242], [69.69603179999999, 23.259858500000004]]], [[[69.7047758, 23.24933100000001], [69.7062457, 23.2474876], [69.7069878, 23.2468396], [69.7073293, 23.246541300000004], [69.7085523, 23.245792100000003], [69.7091269, 23.2455954], [69.7089118, 23.244991100000004], [69.7079265, 23.245279500000002], [69.7075117, 23.244707700000003], [69.70629930000001, 23.244633800000003], [69.7060499, 23.244448900000002], [69.705905, 23.2439536], [69.7055477, 23.244073000000007], [69.7043145, 23.245239999999995], [69.7023189, 23.246285000000007], [69.7028983, 23.2469947], [69.7029747, 23.247089800000005], [69.7047758, 23.24933100000001]]], [[[69.6978342, 23.253017700000004], [69.69842430000001, 23.2528797], [69.6988749, 23.253175400000007], [69.6998083, 23.253234600000003], [69.70053790000001, 23.254447000000006], [69.7017181, 23.2548314], [69.7046792, 23.249469], [69.7021365, 23.246432799999997], [69.7005165, 23.2472116], [69.6964824, 23.253224700000004], [69.6971261, 23.253451400000003], [69.6978342, 23.253017700000004]]], [[[69.6994811, 23.253761900000008], [69.6960747, 23.254900400000007], [69.6963108, 23.256354400000006], [69.7013962, 23.255693900000004], [69.7016805, 23.25489550000001], [69.7004789, 23.2544815], [69.6997386, 23.253313400000003], [69.69943280000001, 23.253303600000002], [69.6994811, 23.253761900000008]]], [[[69.7023511, 23.254791999999995], [69.7022599, 23.255624900000004], [69.7025228, 23.25625090000001], [69.7036976, 23.256529300000004], [69.7048831, 23.25682260000001], [69.7051406, 23.257630899999995], [69.7062671, 23.257285900000007], [69.70813120000001, 23.257591400000006], [69.7084075, 23.256891600000007], [69.7089708, 23.2554426], [69.705559, 23.255521500000004], [69.7049582, 23.25493], [69.7023511, 23.254791999999995]]], [[[69.6963268, 23.256492400000003], [69.6964931, 23.2569655], [69.7002858, 23.257892100000003], [69.7013479, 23.2557925], [69.6963268, 23.256492400000003]]], [[[69.7036801, 23.2632455], [69.70376330000002, 23.262972], [69.70341460000002, 23.262771199999996], [69.70195010000002, 23.2617301], [69.70164430000001, 23.262322700000006], [69.7036801, 23.2632455]]]]}}, {"type": "Feature", "properties": {"layer": "building", "distance_m": 448.2, "source": "Google Open Buildings", "in_industrial_zone": false, "ghsl_2018": 1}, "geometry": {"type": "Polygon", "coordinates": [[[69.69254669999998, 23.2627682], [69.6926173, 23.2631571], [69.6924795, 23.263178500000002], [69.6924089, 23.262789600000005], [69.69254669999998, 23.2627682]]]}}, {"type": "Feature", "properties": {"layer": "building", "distance_m": 471.9, "source": "Google Open Buildings", "in_industrial_zone": false, "ghsl_2018": 0}, "geometry": {"type": "Polygon", "coordinates": [[[69.6923831, 23.263052100000003], [69.69238799999998, 23.26308920000001], [69.69229829999999, 23.263099400000005], [69.6922933, 23.263062300000005], [69.6923831, 23.263052100000003]]]}}, {"type": "Feature", "properties": {"layer": "building", "distance_m": 488.9, "source": "Google Open Buildings", "in_industrial_zone": false, "ghsl_2018": 1}, "geometry": {"type": "Polygon", "coordinates": [[[69.69216889999998, 23.263121100000006], [69.6920885, 23.263129500000005], [69.6920836, 23.263089600000004], [69.692164, 23.263081200000006], [69.69216889999998, 23.263121100000006]]]}}, {"type": "Feature", "properties": {"layer": "building", "distance_m": 476.1, "source": "Google Open Buildings", "in_industrial_zone": false, "ghsl_2018": 0}, "geometry": {"type": "Polygon", "coordinates": [[[69.6919064, 23.263672200000002], [69.691974, 23.2636877], [69.691955, 23.263758600000003], [69.6918874, 23.263743100000003], [69.6919064, 23.263672200000002]]]}}, {"type": "Feature", "properties": {"layer": "building", "distance_m": 496.2, "source": "Google Open Buildings", "in_industrial_zone": false, "ghsl_2018": 1}, "geometry": {"type": "Polygon", "coordinates": [[[69.6918877, 23.263345400000002], [69.69193119999998, 23.26335360000001], [69.6919226, 23.263392500000013], [69.6918791, 23.263384300000002], [69.6918877, 23.263345400000002]]]}}, {"type": "Feature", "properties": {"layer": "building", "distance_m": 492.9, "source": "Google Open Buildings", "in_industrial_zone": false, "ghsl_2018": 0}, "geometry": {"type": "Polygon", "coordinates": [[[69.6915426, 23.266709600000002], [69.69156629999999, 23.266717200000006], [69.6915537, 23.2667508], [69.6915856, 23.2667611], [69.6915983, 23.26672740000001], [69.69164210000001, 23.266741500000002], [69.6916036, 23.266844100000007], [69.6915041, 23.2668122], [69.6915426, 23.266709600000002]]]}}, {"type": "Feature", "properties": {"layer": "building", "distance_m": 487.2, "source": "Microsoft ML Buildings", "in_industrial_zone": false, "ghsl_2018": 1}, "geometry": {"type": "Polygon", "coordinates": [[[69.6915513, 23.264604200000004], [69.6914163, 23.264566400000007], [69.69146270000002, 23.264426600000004], [69.6915977, 23.2644644], [69.6915513, 23.264604200000004]]]}}, {"type": "Feature", "properties": {"layer": "building", "distance_m": 490.7, "source": "Microsoft ML Buildings", "in_industrial_zone": false, "ghsl_2018": 1}, "geometry": {"type": "Polygon", "coordinates": [[[69.69153089999999, 23.264602], [69.69152379999998, 23.2646454], [69.6914766, 23.264638900000012], [69.6914837, 23.264595500000006], [69.69153089999999, 23.264602]]]}}, {"type": "Feature", "properties": {"layer": "building", "distance_m": 487.7, "source": "Microsoft ML Buildings", "in_industrial_zone": false, "ghsl_2018": 1}, "geometry": {"type": "Polygon", "coordinates": [[[69.69162770000001, 23.26432920000001], [69.69158629999998, 23.264318900000003], [69.6916057, 23.264253500000002], [69.69164710000001, 23.26426390000001], [69.69162770000001, 23.26432920000001]]]}}, {"type": "Feature", "properties": {"layer": "building", "distance_m": 494.1, "source": "Microsoft ML Buildings", "in_industrial_zone": false, "ghsl_2018": 1}, "geometry": {"type": "Polygon", "coordinates": [[[69.69156600000001, 23.26430510000001], [69.69152479999998, 23.264292800000003], [69.69154650000002, 23.2642315], [69.6915877, 23.2642438], [69.69156600000001, 23.26430510000001]]]}}, {"type": "Feature", "properties": {"layer": "building", "distance_m": 496.6, "source": "Microsoft ML Buildings", "in_industrial_zone": false, "ghsl_2018": 0}, "geometry": {"type": "Polygon", "coordinates": [[[69.6923538, 23.262527700000007], [69.69225859999999, 23.262449300000004], [69.6923079, 23.262398800000014], [69.6924031, 23.26247710000001], [69.6923538, 23.262527700000007]]]}}, {"type": "Feature", "properties": {"layer": "building", "distance_m": 489.5, "source": "Microsoft ML Buildings", "in_industrial_zone": false, "ghsl_2018": 1}, "geometry": {"type": "Polygon", "coordinates": [[[69.69234089999999, 23.262623800000004], [69.69238679999998, 23.2625607], [69.6924276, 23.262585800000007], [69.6923817, 23.262648800000004], [69.69234089999999, 23.262623800000004]]]}}, {"type": "Feature", "properties": {"layer": "building", "distance_m": 481.4, "source": "Microsoft ML Buildings", "in_industrial_zone": false, "ghsl_2018": 1}, "geometry": {"type": "Polygon", "coordinates": [[[69.6924496, 23.262575199999997], [69.69249019999998, 23.262551999999996], [69.692513, 23.262585800000007], [69.69247239999999, 23.262609], [69.6924496, 23.262575199999997]]]}}, {"type": "Feature", "properties": {"layer": "building", "distance_m": 498.9, "source": "Microsoft ML Buildings", "in_industrial_zone": false, "ghsl_2018": 1}, "geometry": {"type": "Polygon", "coordinates": [[[69.69321559999999, 23.261272799999997], [69.69312610000001, 23.261254700000002], [69.6931407, 23.26119360000001], [69.69323029999998, 23.261211700000008], [69.69321559999999, 23.261272799999997]]]}}, {"type": "Feature", "properties": {"layer": "building", "distance_m": 484.9, "source": "Microsoft ML Buildings", "in_industrial_zone": false, "ghsl_2018": 1}, "geometry": {"type": "Polygon", "coordinates": [[[69.6931875, 23.261459300000002], [69.6931759, 23.261519], [69.69310569999999, 23.2615075], [69.69311729999998, 23.261447800000003], [69.6931875, 23.261459300000002]]]}}, {"type": "Feature", "properties": {"layer": "building", "distance_m": 489.5, "source": "Microsoft ML Buildings", "in_industrial_zone": false, "ghsl_2018": 1}, "geometry": {"type": "Polygon", "coordinates": [[[69.69306279999999, 23.261441400000006], [69.6930651, 23.261370000000007], [69.6931053, 23.261371100000005], [69.69310489999998, 23.26138220000001], [69.6931836, 23.261384400000008], [69.69318159999999, 23.261444600000004], [69.69306279999999, 23.261441400000006]]]}}, {"type": "Feature", "properties": {"layer": "building", "distance_m": 477.6, "source": "Microsoft ML Buildings", "in_industrial_zone": false, "ghsl_2018": 1}, "geometry": {"type": "Polygon", "coordinates": [[[69.69311659999998, 23.261702700000004], [69.693063, 23.26175320000001], [69.69301709999999, 23.261712100000004], [69.6930707, 23.2616616], [69.69311659999998, 23.261702700000004]]]}}, {"type": "Feature", "properties": {"layer": "building", "distance_m": 455.9, "source": "Microsoft ML Buildings", "in_industrial_zone": false, "ghsl_2018": 1}, "geometry": {"type": "Polygon", "coordinates": [[[69.69321089999998, 23.2619165], [69.69312779999998, 23.261997000000008], [69.6930529, 23.2619318], [69.6931359, 23.261851300000004], [69.69321089999998, 23.2619165]]]}}, {"type": "Feature", "properties": {"layer": "building", "distance_m": 458.3, "source": "Microsoft ML Buildings", "in_industrial_zone": false, "ghsl_2018": 1}, "geometry": {"type": "Polygon", "coordinates": [[[69.6932244, 23.261861900000007], [69.6931852, 23.261889200000006], [69.69313479999998, 23.261828200000004], [69.693174, 23.26180090000001], [69.6932244, 23.261861900000007]]]}}, {"type": "Feature", "properties": {"layer": "building", "distance_m": 457.4, "source": "Microsoft ML Buildings", "in_industrial_zone": false, "ghsl_2018": 1}, "geometry": {"type": "Polygon", "coordinates": [[[69.69303169999999, 23.262120600000003], [69.6929719, 23.262074500000008], [69.6930273, 23.2620137], [69.69308719999998, 23.262059800000003], [69.69303169999999, 23.262120600000003]]]}}, {"type": "Feature", "properties": {"layer": "building", "distance_m": 478.3, "source": "Microsoft ML Buildings", "in_industrial_zone": false, "ghsl_2018": 1}, "geometry": {"type": "Polygon", "coordinates": [[[69.6930622, 23.261761400000005], [69.69302, 23.261799100000008], [69.69293949999998, 23.261723100000005], [69.6929818, 23.261685300000003], [69.6930622, 23.261761400000005]]]}}, {"type": "Feature", "properties": {"layer": "building", "distance_m": 459.0, "source": "Microsoft ML Buildings", "in_industrial_zone": false, "ghsl_2018": 1}, "geometry": {"type": "Polygon", "coordinates": [[[69.692884, 23.26231140000001], [69.69281629999999, 23.262255599999996], [69.69286899999999, 23.2622016], [69.69293669999999, 23.262257500000004], [69.692884, 23.26231140000001]]]}}, {"type": "Feature", "properties": {"layer": "building", "distance_m": 457.4, "source": "Google Open Buildings", "in_industrial_zone": false, "ghsl_2018": 1}, "geometry": {"type": "Polygon", "coordinates": [[[69.6928425, 23.262356100000005], [69.6928777, 23.262386100000008], [69.692855, 23.262408900000008], [69.69281979999998, 23.2623789], [69.6928425, 23.262356100000005]]]}}, {"type": "Feature", "properties": {"layer": "building", "distance_m": 460.2, "source": "Microsoft ML Buildings", "in_industrial_zone": false, "ghsl_2018": 0}, "geometry": {"type": "Polygon", "coordinates": [[[69.69278219999998, 23.262504100000005], [69.6927455, 23.262490200000002], [69.6927921, 23.26238590000001], [69.69282879999999, 23.262399800000004], [69.69278219999998, 23.262504100000005]]]}}, {"type": "Feature", "properties": {"layer": "building", "distance_m": 465.8, "source": "Microsoft ML Buildings", "in_industrial_zone": false, "ghsl_2018": 0}, "geometry": {"type": "Polygon", "coordinates": [[[69.69266849999998, 23.2622672], [69.6927118, 23.262311699999998], [69.69273659999999, 23.2622913], [69.69279649999999, 23.262353], [69.69272649999999, 23.262410500000005], [69.6927551, 23.262440000000016], [69.69271489999998, 23.2624731], [69.69258289999999, 23.2623374], [69.69266849999998, 23.2622672]]]}}, {"type": "Feature", "properties": {"layer": "building", "distance_m": 485.7, "source": "Microsoft ML Buildings", "in_industrial_zone": false, "ghsl_2018": 1}, "geometry": {"type": "Polygon", "coordinates": [[[69.6927714, 23.2620046], [69.69269319999998, 23.261925899999998], [69.69275169999999, 23.2618768], [69.6928299, 23.2619555], [69.6927714, 23.2620046]]]}}, {"type": "Feature", "properties": {"layer": "building", "distance_m": 484.3, "source": "Google Open Buildings", "in_industrial_zone": false, "ghsl_2018": 0}, "geometry": {"type": "Polygon", "coordinates": [[[69.69268879999998, 23.261985000000003], [69.69277429999998, 23.262062500000003], [69.6927288, 23.262105400000006], [69.6926432, 23.262028000000004], [69.69268879999998, 23.261985000000003]]]}}, {"type": "Feature", "properties": {"layer": "building", "distance_m": 493.7, "source": "Microsoft ML Buildings", "in_industrial_zone": false, "ghsl_2018": 1}, "geometry": {"type": "Polygon", "coordinates": [[[69.69294149999999, 23.261678800000006], [69.69279669999999, 23.261814200000003], [69.6926962, 23.261723500000002], [69.6927525, 23.261670900000002], [69.69279569999999, 23.2617098], [69.69288419999998, 23.261627100000005], [69.69294149999999, 23.261678800000006]]]}}, {"type": "Feature", "properties": {"layer": "building", "distance_m": 448.1, "source": "Google Open Buildings", "in_industrial_zone": false, "ghsl_2018": 1}, "geometry": {"type": "Polygon", "coordinates": [[[69.6927736, 23.262573899999996], [69.6928017, 23.262728700000007], [69.6924089, 23.262789600000005], [69.69238939999998, 23.2626824], [69.6925991, 23.262649900000007], [69.69259049999998, 23.2626022], [69.6927736, 23.262573899999996]]]}}, {"type": "Feature", "properties": {"layer": "building", "distance_m": 433.9, "source": "Google Open Buildings", "in_industrial_zone": false, "ghsl_2018": 1}, "geometry": {"type": "Polygon", "coordinates": [[[69.6928017, 23.262728700000007], [69.6928459, 23.262972000000012], [69.6927096, 23.262993100000006], [69.6926654, 23.262749799999998], [69.6928017, 23.262728700000007]]]}}, {"type": "Feature", "properties": {"layer": "building", "distance_m": 382.9, "source": "Microsoft ML Buildings", "in_industrial_zone": false, "ghsl_2018": 0}, "geometry": {"type": "Polygon", "coordinates": [[[69.69286980000001, 23.26393060000001], [69.69280220000002, 23.263906500000008], [69.69282710000002, 23.263847600000002], [69.69289469999998, 23.263871600000005], [69.69286980000001, 23.26393060000001]]]}}, {"type": "Feature", "properties": {"layer": "building", "distance_m": 393.7, "source": "Google Open Buildings", "in_industrial_zone": false, "ghsl_2018": 0}, "geometry": {"type": "Polygon", "coordinates": [[[69.6925329, 23.266529200000004], [69.69259720000001, 23.266560300000002], [69.6925771, 23.266595800000008], [69.69251280000002, 23.266564700000004], [69.6925329, 23.266529200000004]]]}}, {"type": "Feature", "properties": {"layer": "building", "distance_m": 386.1, "source": "Microsoft ML Buildings", "in_industrial_zone": false, "ghsl_2018": 0}, "geometry": {"type": "Polygon", "coordinates": [[[69.69270719999999, 23.266643200000004], [69.6926857, 23.266706000000003], [69.6926344, 23.266691200000004], [69.692656, 23.2666284], [69.69270719999999, 23.266643200000004]]]}}, {"type": "Feature", "properties": {"layer": "building", "distance_m": 390.7, "source": "Google Open Buildings", "in_industrial_zone": false, "ghsl_2018": 0}, "geometry": {"type": "Polygon", "coordinates": [[[69.6925999, 23.26657000000001], [69.6926328, 23.26657410000001], [69.6926287, 23.266603199999995], [69.6925957, 23.2665992], [69.6925999, 23.26657000000001]]]}}, {"type": "Feature", "properties": {"layer": "building", "distance_m": 387.9, "source": "Google Open Buildings", "in_industrial_zone": false, "ghsl_2018": 0}, "geometry": {"type": "Polygon", "coordinates": [[[69.6927175, 23.266788400000003], [69.6927557, 23.2667974], [69.69274679999998, 23.266829400000002], [69.6927086, 23.266820300000003], [69.6927175, 23.266788400000003]]]}}, {"type": "Feature", "properties": {"layer": "building", "distance_m": 357.9, "source": "Microsoft ML Buildings", "in_industrial_zone": false, "ghsl_2018": 0}, "geometry": {"type": "Polygon", "coordinates": [[[69.69295639999999, 23.26666750000001], [69.6929546, 23.266625600000005], [69.6929948, 23.2666241], [69.6929966, 23.266666000000004], [69.69295639999999, 23.26666750000001]]]}}, {"type": "Feature", "properties": {"layer": "building", "distance_m": 324.2, "source": "Google Open Buildings", "in_industrial_zone": false, "ghsl_2018": 0}, "geometry": {"type": "Polygon", "coordinates": [[[69.6931352, 23.2661093], [69.6931637, 23.266114200000008], [69.6931547, 23.266159200000004], [69.6931262, 23.2661543], [69.6931352, 23.2661093]]]}}, {"type": "Feature", "properties": {"layer": "building", "distance_m": 328.8, "source": "Microsoft ML Buildings", "in_industrial_zone": false, "ghsl_2018": 0}, "geometry": {"type": "Polygon", "coordinates": [[[69.6930462, 23.266134700000002], [69.6930523, 23.266084900000003], [69.6931119, 23.266091000000003], [69.6931058, 23.266140800000006], [69.6930462, 23.266134700000002]]]}}, {"type": "Feature", "properties": {"layer": "building", "distance_m": 350.9, "source": "Google Open Buildings", "in_industrial_zone": false, "ghsl_2018": 0}, "geometry": {"type": "Polygon", "coordinates": [[[69.69313350000002, 23.263992200000004], [69.6931633, 23.263997600000003], [69.69315030000001, 23.264059300000003], [69.6931205, 23.264053900000008], [69.69313350000002, 23.263992200000004]]]}}, {"type": "Feature", "properties": {"layer": "building", "distance_m": 414.3, "source": "Google Open Buildings", "in_industrial_zone": false, "ghsl_2018": 1}, "geometry": {"type": "Polygon", "coordinates": [[[69.69307159999998, 23.262743000000004], [69.6930955, 23.262870200000005], [69.6929056, 23.262900700000007], [69.69288169999999, 23.262773500000005], [69.69307159999998, 23.262743000000004]]]}}, {"type": "Feature", "properties": {"layer": "building", "distance_m": 407.8, "source": "Google Open Buildings", "in_industrial_zone": false, "ghsl_2018": 1}, "geometry": {"type": "Polygon", "coordinates": [[[69.6930551, 23.263010700000006], [69.6930694, 23.263095200000002], [69.6930363, 23.263100000000005], [69.69302200000001, 23.263015400000004], [69.6930551, 23.263010700000006]]]}}, {"type": "Feature", "properties": {"layer": "building", "distance_m": 372.5, "source": "Google Open Buildings", "in_industrial_zone": false, "ghsl_2018": 1}, "geometry": {"type": "Polygon", "coordinates": [[[69.6931522, 23.263151600000008], [69.6932275, 23.263544200000002], [69.6930278, 23.263576900000007], [69.69295250000002, 23.263184300000006], [69.6931522, 23.263151600000008]]]}}, {"type": "Feature", "properties": {"layer": "building", "distance_m": 355.8, "source": "Microsoft ML Buildings", "in_industrial_zone": false, "ghsl_2018": 0}, "geometry": {"type": "Polygon", "coordinates": [[[69.6930535, 23.2639549], [69.6930734, 23.263889700000007], [69.6931605, 23.263912100000006], [69.6931406, 23.263977300000004], [69.6930535, 23.2639549]]]}}, {"type": "Feature", "properties": {"layer": "building", "distance_m": 358.5, "source": "Google Open Buildings", "in_industrial_zone": false, "ghsl_2018": 1}, "geometry": {"type": "Polygon", "coordinates": [[[69.69334279999998, 23.26312220000001], [69.6934178, 23.2635128], [69.6932279, 23.263543900000002], [69.6931529, 23.263153400000004], [69.69334279999998, 23.26312220000001]]]}}, {"type": "Feature", "properties": {"layer": "building", "distance_m": 367.3, "source": "Google Open Buildings", "in_industrial_zone": false, "ghsl_2018": 1}, "geometry": {"type": "Polygon", "coordinates": [[[69.6935313, 23.262872800000004], [69.6935481, 23.26297200000001], [69.6933897, 23.2629949], [69.69337290000001, 23.262895700000016], [69.6935313, 23.262872800000004]]]}}, {"type": "Feature", "properties": {"layer": "building", "distance_m": 358.0, "source": "Microsoft ML Buildings", "in_industrial_zone": false, "ghsl_2018": 1}, "geometry": {"type": "Polygon", "coordinates": [[[69.6934849, 23.2631611], [69.6935372, 23.263153300000006], [69.6935454, 23.263200000000005], [69.69349309999998, 23.263207800000004], [69.6934849, 23.2631611]]]}}, {"type": "Feature", "properties": {"layer": "building", "distance_m": 363.0, "source": "Google Open Buildings", "in_industrial_zone": false, "ghsl_2018": 1}, "geometry": {"type": "Polygon", "coordinates": [[[69.69346179999998, 23.26307600000001], [69.6935125, 23.263069300000005], [69.69352190000001, 23.2631295], [69.6934712, 23.2631363], [69.69346179999998, 23.26307600000001]]]}}, {"type": "Feature", "properties": {"layer": "building", "distance_m": 340.2, "source": "Microsoft ML Buildings", "in_industrial_zone": false, "ghsl_2018": 1}, "geometry": {"type": "Polygon", "coordinates": [[[69.6936023, 23.263561000000006], [69.6935185, 23.263567200000004], [69.6935149, 23.263525600000005], [69.6935986, 23.263519400000007], [69.6936023, 23.263561000000006]]]}}, {"type": "Feature", "properties": {"layer": "building", "distance_m": 324.8, "source": "Microsoft ML Buildings", "in_industrial_zone": false, "ghsl_2018": 0}, "geometry": {"type": "Polygon", "coordinates": [[[69.693342, 23.26395170000001], [69.6934362, 23.263937900000002], [69.6934522, 23.264030300000005], [69.6933581, 23.26404410000001], [69.693342, 23.26395170000001]]]}}, {"type": "Feature", "properties": {"layer": "building", "distance_m": 267.1, "source": "Google Open Buildings", "in_industrial_zone": false, "ghsl_2018": 0}, "geometry": {"type": "Polygon", "coordinates": [[[69.693686, 23.266191700000004], [69.6937772, 23.266214800000004], [69.6937232, 23.266396999999998], [69.69363200000001, 23.266374000000003], [69.693686, 23.266191700000004]]]}}, {"type": "Feature", "properties": {"layer": "building", "distance_m": 291.8, "source": "Microsoft ML Buildings", "in_industrial_zone": false, "ghsl_2018": 1}, "geometry": {"type": "Polygon", "coordinates": [[[69.693633, 23.266553400000003], [69.6935427, 23.266544900000003], [69.6935487, 23.266491200000004], [69.69363899999999, 23.266499700000004], [69.693633, 23.266553400000003]]]}}, {"type": "Feature", "properties": {"layer": "building", "distance_m": 304.0, "source": "Google Open Buildings", "in_industrial_zone": false, "ghsl_2018": 1}, "geometry": {"type": "Polygon", "coordinates": [[[69.69359229999998, 23.2669317], [69.69360079999998, 23.266907200000002], [69.69371720000001, 23.266941800000005], [69.69370869999999, 23.266966200000002], [69.69359229999998, 23.2669317]]]}}, {"type": "Feature", "properties": {"layer": "building", "distance_m": 280.3, "source": "Microsoft ML Buildings", "in_industrial_zone": false, "ghsl_2018": 1}, "geometry": {"type": "Polygon", "coordinates": [[[69.6937348, 23.266625800000003], [69.69363469999999, 23.266606300000007], [69.693663, 23.266483699999995], [69.6937631, 23.266503100000005], [69.6937348, 23.266625800000003]]]}}, {"type": "Feature", "properties": {"layer": "building", "distance_m": 275.7, "source": "Google Open Buildings", "in_industrial_zone": false, "ghsl_2018": 1}, "geometry": {"type": "Polygon", "coordinates": [[[69.6937565, 23.266706600000006], [69.6939353, 23.266767000000005], [69.69392020000001, 23.266805300000005], [69.6937413, 23.266744900000006], [69.6937565, 23.266706600000006]]]}}, {"type": "Feature", "properties": {"layer": "building", "distance_m": 284.4, "source": "Google Open Buildings", "in_industrial_zone": false, "ghsl_2018": 1}, "geometry": {"type": "Polygon", "coordinates": [[[69.69379119999999, 23.266820800000005], [69.693892, 23.266869100000008], [69.6938777, 23.266894700000005], [69.6937769, 23.266846400000002], [69.69379119999999, 23.266820800000005]]]}}, {"type": "Feature", "properties": {"layer": "building", "distance_m": 268.1, "source": "Google Open Buildings", "in_industrial_zone": false, "ghsl_2018": 1}, "geometry": {"type": "Polygon", "coordinates": [[[69.6937904, 23.266610600000003], [69.69397159999998, 23.266672100000005], [69.6939374, 23.2667578], [69.6937563, 23.266696300000003], [69.6937904, 23.266610600000003]]]}}, {"type": "Feature", "properties": {"layer": "building", "distance_m": 270.5, "source": "Google Open Buildings", "in_industrial_zone": false, "ghsl_2018": 1}, "geometry": {"type": "Polygon", "coordinates": [[[69.6939313, 23.264], [69.6939635, 23.264190600000006], [69.6937808, 23.264217000000006], [69.69374850000001, 23.264026400000002], [69.6939313, 23.264]]]}}, {"type": "Feature", "properties": {"layer": "building", "distance_m": 285.4, "source": "Google Open Buildings", "in_industrial_zone": false, "ghsl_2018": 0}, "geometry": {"type": "Polygon", "coordinates": [[[69.69375399999998, 23.264058900000006], [69.6937808, 23.264217000000006], [69.6936012, 23.264242999999997], [69.69357439999999, 23.2640848], [69.69375399999998, 23.264058900000006]]]}}, {"type": "Feature", "properties": {"layer": "building", "distance_m": 307.9, "source": "Google Open Buildings", "in_industrial_zone": false, "ghsl_2018": 1}, "geometry": {"type": "Polygon", "coordinates": [[[69.6937072, 23.2638533], [69.6937443, 23.263848400000004], [69.6937483, 23.263873800000002], [69.69371110000002, 23.263878800000004], [69.6937072, 23.2638533]]]}}, {"type": "Feature", "properties": {"layer": "building", "distance_m": 315.6, "source": "Google Open Buildings", "in_industrial_zone": false, "ghsl_2018": 1}, "geometry": {"type": "Polygon", "coordinates": [[[69.69383800000001, 23.2634861], [69.6938496, 23.263576200000003], [69.6936603, 23.263597000000004], [69.6936487, 23.263506800000002], [69.69383800000001, 23.2634861]]]}}, {"type": "Feature", "properties": {"layer": "building", "distance_m": 312.6, "source": "Google Open Buildings", "in_industrial_zone": false, "ghsl_2018": 1}, "geometry": {"type": "Polygon", "coordinates": [[[69.6936912, 23.26375000000001], [69.6937072, 23.2638533], [69.69364400000002, 23.263861700000007], [69.693628, 23.263758400000007], [69.6936912, 23.26375000000001]]]}}, {"type": "Feature", "properties": {"layer": "building", "distance_m": 326.2, "source": "Google Open Buildings", "in_industrial_zone": false, "ghsl_2018": 1}, "geometry": {"type": "Polygon", "coordinates": [[[69.69363750000001, 23.263669300000007], [69.6936426, 23.263724700000008], [69.6935752, 23.263730000000002], [69.6935701, 23.2636746], [69.69363750000001, 23.263669300000007]]]}}, {"type": "Feature", "properties": {"layer": "building", "distance_m": 357.5, "source": "Google Open Buildings", "in_industrial_zone": false, "ghsl_2018": 1}, "geometry": {"type": "Polygon", "coordinates": [[[69.6937057, 23.26276290000001], [69.6937197, 23.262845500000005], [69.6935751, 23.262866500000015], [69.6935611, 23.262783799999998], [69.6937057, 23.26276290000001]]]}}, {"type": "Feature", "properties": {"layer": "building", "distance_m": 333.0, "source": "Microsoft ML Buildings", "in_industrial_zone": false, "ghsl_2018": 1}, "geometry": {"type": "Polygon", "coordinates": [[[69.6937055, 23.263314], [69.69369610000001, 23.263268900000007], [69.6937556, 23.263258400000005], [69.693765, 23.263303600000004], [69.6937055, 23.263314]]]}}, {"type": "Feature", "properties": {"layer": "building", "distance_m": 320.5, "source": "Google Open Buildings", "in_industrial_zone": false, "ghsl_2018": 1}, "geometry": {"type": "Polygon", "coordinates": [[[69.69378049999999, 23.263583799999996], [69.69378600000002, 23.263626300000006], [69.6937435, 23.26363090000001], [69.693738, 23.263588500000004], [69.69378049999999, 23.263583799999996]]]}}, {"type": "Feature", "properties": {"layer": "building", "distance_m": 305.6, "source": "Microsoft ML Buildings", "in_industrial_zone": false, "ghsl_2018": 1}, "geometry": {"type": "Polygon", "coordinates": [[[69.6938034, 23.263781200000007], [69.6937895, 23.263723600000002], [69.6938406, 23.2637131], [69.69385460000001, 23.26377080000001], [69.6938034, 23.263781200000007]]]}}, {"type": "Feature", "properties": {"layer": "building", "distance_m": 331.7, "source": "Google Open Buildings", "in_industrial_zone": false, "ghsl_2018": 1}, "geometry": {"type": "Polygon", "coordinates": [[[69.6938644, 23.262991699999997], [69.6938784, 23.263076600000005], [69.6938436, 23.26308150000001], [69.6938297, 23.2629966], [69.6938644, 23.262991699999997]]]}}, {"type": "Feature", "properties": {"layer": "building", "distance_m": 326.4, "source": "Google Open Buildings", "in_industrial_zone": false, "ghsl_2018": 1}, "geometry": {"type": "Polygon", "coordinates": [[[69.6939258, 23.262983100000007], [69.6939398, 23.263068], [69.6938784, 23.263076600000005], [69.6938644, 23.262991699999997], [69.6939258, 23.262983100000007]]]}}, {"type": "Feature", "properties": {"layer": "building", "distance_m": 349.7, "source": "Microsoft ML Buildings", "in_industrial_zone": false, "ghsl_2018": 1}, "geometry": {"type": "Polygon", "coordinates": [[[69.6939743, 23.262582900000012], [69.6939229, 23.262609000000012], [69.6938685, 23.26251820000001], [69.6939199, 23.26249220000001], [69.6939743, 23.262582900000012]]]}}, {"type": "Feature", "properties": {"layer": "building", "distance_m": 366.9, "source": "Microsoft ML Buildings", "in_industrial_zone": false, "ghsl_2018": 1}, "geometry": {"type": "Polygon", "coordinates": [[[69.69397689999998, 23.262310299999996], [69.6939341, 23.262327500000005], [69.6938843, 23.262222800000007], [69.69392719999999, 23.262205700000003], [69.69397689999998, 23.262310299999996]]]}}, {"type": "Feature", "properties": {"layer": "building", "distance_m": 368.8, "source": "Microsoft ML Buildings", "in_industrial_zone": false, "ghsl_2018": 1}, "geometry": {"type": "Polygon", "coordinates": [[[69.6938269, 23.26224949999999], [69.6938644, 23.262225100000006], [69.6939416, 23.262325100000012], [69.6939041, 23.26234950000001], [69.6938269, 23.26224949999999]]]}}, {"type": "Feature", "properties": {"layer": "building", "distance_m": 379.6, "source": "Microsoft ML Buildings", "in_industrial_zone": false, "ghsl_2018": 1}, "geometry": {"type": "Polygon", "coordinates": [[[69.693792, 23.262137100000004], [69.69386259999999, 23.262106], [69.6939107, 23.262198200000004], [69.69384009999999, 23.2622293], [69.693792, 23.262137100000004]]]}}, {"type": "Feature", "properties": {"layer": "building", "distance_m": 360.5, "source": "Microsoft ML Buildings", "in_industrial_zone": false, "ghsl_2018": 1}, "geometry": {"type": "Polygon", "coordinates": [[[69.6939128, 23.26249250000001], [69.6938559, 23.262511500000002], [69.6938353, 23.26245920000001], [69.6938922, 23.262440300000005], [69.6939128, 23.26249250000001]]]}}, {"type": "Feature", "properties": {"layer": "building", "distance_m": 361.2, "source": "Google Open Buildings", "in_industrial_zone": false, "ghsl_2018": 1}, "geometry": {"type": "Polygon", "coordinates": [[[69.69376209999999, 23.262611500000002], [69.69379519999998, 23.2626023], [69.6938059, 23.2626349], [69.6937728, 23.262644200000004], [69.69376209999999, 23.262611500000002]]]}}, {"type": "Feature", "properties": {"layer": "building", "distance_m": 378.8, "source": "Microsoft ML Buildings", "in_industrial_zone": false, "ghsl_2018": 1}, "geometry": {"type": "Polygon", "coordinates": [[[69.6938139, 23.262333700000003], [69.693775, 23.262349600000007], [69.6937511, 23.262300300000007], [69.69378999999999, 23.26228439999999], [69.6938139, 23.262333700000003]]]}}, {"type": "Feature", "properties": {"layer": "building", "distance_m": 373.3, "source": "Microsoft ML Buildings", "in_industrial_zone": false, "ghsl_2018": 1}, "geometry": {"type": "Polygon", "coordinates": [[[69.6938059, 23.262394100000005], [69.69378539999998, 23.2623519], [69.6938257, 23.262335400000005], [69.69384609999999, 23.2623777], [69.6938059, 23.262394100000005]]]}}, {"type": "Feature", "properties": {"layer": "building", "distance_m": 393.3, "source": "Microsoft ML Buildings", "in_industrial_zone": false, "ghsl_2018": 1}, "geometry": {"type": "Polygon", "coordinates": [[[69.69374559999999, 23.261750300000003], [69.69372869999998, 23.261718500000008], [69.69383399999998, 23.261671200000002], [69.69396939999999, 23.26192590000001], [69.69389, 23.261961500000005], [69.69383079999999, 23.261850100000007], [69.6936633, 23.2619253], [69.69360399999998, 23.261813899999996], [69.69374559999999, 23.261750300000003]]]}}, {"type": "Feature", "properties": {"layer": "building", "distance_m": 468.6, "source": "Microsoft ML Buildings", "in_industrial_zone": false, "ghsl_2018": 1}, "geometry": {"type": "Polygon", "coordinates": [[[69.69396439999998, 23.260889300000002], [69.69395569999999, 23.2609748], [69.69388649999999, 23.260968800000004], [69.69389529999998, 23.26088340000001], [69.69396439999998, 23.260889300000002]]]}}, {"type": "Feature", "properties": {"layer": "building", "distance_m": 483.2, "source": "Microsoft ML Buildings", "in_industrial_zone": false, "ghsl_2018": 1}, "geometry": {"type": "Polygon", "coordinates": [[[69.69383819999999, 23.2608192], [69.69382239999999, 23.260906900000002], [69.69376069999998, 23.260897500000002], [69.69377659999999, 23.260809800000008], [69.69383819999999, 23.2608192]]]}}, {"type": "Feature", "properties": {"layer": "building", "distance_m": 445.1, "source": "Google Open Buildings", "in_industrial_zone": false, "ghsl_2018": 1}, "geometry": {"type": "Polygon", "coordinates": [[[69.69375119999998, 23.261273199999998], [69.6938641, 23.2612873], [69.69385509999998, 23.261348800000007], [69.69374219999999, 23.261334699999995], [69.69375119999998, 23.261273199999998]]]}}, {"type": "Feature", "properties": {"layer": "building", "distance_m": 435.4, "source": "Microsoft ML Buildings", "in_industrial_zone": false, "ghsl_2018": 1}, "geometry": {"type": "Polygon", "coordinates": [[[69.693714, 23.261536199999995], [69.6937165, 23.261473600000006], [69.69379149999999, 23.2614761], [69.693789, 23.261538700000003], [69.693714, 23.261536199999995]]]}}, {"type": "Feature", "properties": {"layer": "building", "distance_m": 460.2, "source": "Microsoft ML Buildings", "in_industrial_zone": false, "ghsl_2018": 1}, "geometry": {"type": "Polygon", "coordinates": [[[69.69370729999999, 23.261243200000006], [69.69371059999999, 23.261220100000006], [69.6937581, 23.261225900000007], [69.69375469999999, 23.261249], [69.69370729999999, 23.261243200000006]]]}}, {"type": "Feature", "properties": {"layer": "building", "distance_m": 377.8, "source": "Microsoft ML Buildings", "in_industrial_zone": false, "ghsl_2018": 1}, "geometry": {"type": "Polygon", "coordinates": [[[69.6936604, 23.26237], [69.69370009999999, 23.2623464], [69.6937569, 23.262427100000004], [69.6937173, 23.262450700000002], [69.6936604, 23.26237]]]}}, {"type": "Feature", "properties": {"layer": "building", "distance_m": 387.9, "source": "Microsoft ML Buildings", "in_industrial_zone": false, "ghsl_2018": 1}, "geometry": {"type": "Polygon", "coordinates": [[[69.69376079999999, 23.2622625], [69.6935743, 23.262355400000004], [69.6935383, 23.262294500000003], [69.6937249, 23.262201500000007], [69.69376079999999, 23.2622625]]]}}, {"type": "Feature", "properties": {"layer": "building", "distance_m": 372.9, "source": "Google Open Buildings", "in_industrial_zone": false, "ghsl_2018": 1}, "geometry": {"type": "Polygon", "coordinates": [[[69.6936304, 23.262537100000007], [69.6936524, 23.26266710000001], [69.69357100000002, 23.262678900000008], [69.693549, 23.26254890000001], [69.6936304, 23.262537100000007]]]}}, {"type": "Feature", "properties": {"layer": "building", "distance_m": 363.7, "source": "Google Open Buildings", "in_industrial_zone": false, "ghsl_2018": 1}, "geometry": {"type": "Polygon", "coordinates": [[[69.6936886, 23.26266190000001], [69.693704, 23.262752700000004], [69.6933571, 23.2628029], [69.69334179999998, 23.262712100000005], [69.6936886, 23.26266190000001]]]}}, {"type": "Feature", "properties": {"layer": "building", "distance_m": 379.6, "source": "Google Open Buildings", "in_industrial_zone": false, "ghsl_2018": 0}, "geometry": {"type": "Polygon", "coordinates": [[[69.6935422, 23.262508500000006], [69.69357100000002, 23.262678900000008], [69.69334179999998, 23.262712100000005], [69.6933129, 23.262541700000003], [69.6935422, 23.262508500000006]]]}}, {"type": "Feature", "properties": {"layer": "building", "distance_m": 420.8, "source": "Microsoft ML Buildings", "in_industrial_zone": false, "ghsl_2018": 1}, "geometry": {"type": "Polygon", "coordinates": [[[69.69329959999999, 23.262244699999997], [69.6932977, 23.262191900000012], [69.6933835, 23.262189300000003], [69.69338539999998, 23.26224210000001], [69.69329959999999, 23.262244699999997]]]}}, {"type": "Feature", "properties": {"layer": "building", "distance_m": 462.2, "source": "Google Open Buildings", "in_industrial_zone": false, "ghsl_2018": 1}, "geometry": {"type": "Polygon", "coordinates": [[[69.6933841, 23.26153280000001], [69.6934161, 23.261536700000008], [69.69341100000001, 23.261573600000002], [69.69337889999998, 23.2615698], [69.6933841, 23.26153280000001]]]}}, {"type": "Feature", "properties": {"layer": "building", "distance_m": 488.4, "source": "Microsoft ML Buildings", "in_industrial_zone": false, "ghsl_2018": 1}, "geometry": {"type": "Polygon", "coordinates": [[[69.69334229999998, 23.261223000000005], [69.69333859999999, 23.26128570000001], [69.69325739999998, 23.2612817], [69.6932611, 23.2612189], [69.69334229999998, 23.261223000000005]]]}}, {"type": "Feature", "properties": {"layer": "building", "distance_m": 486.3, "source": "Microsoft ML Buildings", "in_industrial_zone": false, "ghsl_2018": 1}, "geometry": {"type": "Polygon", "coordinates": [[[69.69330839999999, 23.2613472], [69.6932293, 23.2613289], [69.6932436, 23.2612767], [69.69332279999999, 23.261295000000004], [69.69330839999999, 23.2613472]]]}}, {"type": "Feature", "properties": {"layer": "building", "distance_m": 474.0, "source": "Microsoft ML Buildings", "in_industrial_zone": false, "ghsl_2018": 1}, "geometry": {"type": "Polygon", "coordinates": [[[69.69322349999999, 23.261415200000002], [69.6933048, 23.261418200000005], [69.6933, 23.261531400000006], [69.69319459999998, 23.261527600000004], [69.6931972, 23.26146600000001], [69.6932213, 23.261466900000002], [69.69322349999999, 23.261415200000002]]]}}, {"type": "Feature", "properties": {"layer": "building", "distance_m": 497.5, "source": "Microsoft ML Buildings", "in_industrial_zone": false, "ghsl_2018": 1}, "geometry": {"type": "Polygon", "coordinates": [[[69.6933537, 23.261109800000003], [69.6933483, 23.261153600000004], [69.69324939999998, 23.261143400000005], [69.69325469999998, 23.261099600000005], [69.6933537, 23.261109800000003]]]}}, {"type": "Feature", "properties": {"layer": "building", "distance_m": 460.3, "source": "Microsoft ML Buildings", "in_industrial_zone": false, "ghsl_2018": 1}, "geometry": {"type": "Polygon", "coordinates": [[[69.69351670000002, 23.261445800000008], [69.6935072, 23.261493500000007], [69.69336449999999, 23.26146950000001], [69.693374, 23.26142180000001], [69.69351670000002, 23.261445800000008]]]}}, {"type": "Feature", "properties": {"layer": "building", "distance_m": 468.2, "source": "Google Open Buildings", "in_industrial_zone": false, "ghsl_2018": 1}, "geometry": {"type": "Polygon", "coordinates": [[[69.6934379, 23.261381], [69.6934693, 23.26138470000001], [69.69346269999998, 23.261432300000003], [69.69343129999999, 23.261428500000008], [69.6934379, 23.261381]]]}}, {"type": "Feature", "properties": {"layer": "building", "distance_m": 473.7, "source": "Microsoft ML Buildings", "in_industrial_zone": false, "ghsl_2018": 1}, "geometry": {"type": "Polygon", "coordinates": [[[69.6935081, 23.261310900000012], [69.69344269999999, 23.261312099999987], [69.69344159999999, 23.261255400000007], [69.69350689999999, 23.261254299999997], [69.6935081, 23.261310900000012]]]}}, {"type": "Feature", "properties": {"layer": "building", "distance_m": 451.3, "source": "Microsoft ML Buildings", "in_industrial_zone": false, "ghsl_2018": 1}, "geometry": {"type": "Polygon", "coordinates": [[[69.69360709999998, 23.261512000000003], [69.6935374, 23.261511999999996], [69.69353739999998, 23.261455300000005], [69.69360709999998, 23.261455300000005], [69.69360709999998, 23.261512000000003]]]}}, {"type": "Feature", "properties": {"layer": "building", "distance_m": 458.6, "source": "Microsoft ML Buildings", "in_industrial_zone": false, "ghsl_2018": 1}, "geometry": {"type": "Polygon", "coordinates": [[[69.6936166, 23.2614023], [69.69352989999999, 23.261399199999996], [69.69352879999998, 23.2614263], [69.69350029999998, 23.261425200000012], [69.69350479999999, 23.26131940000001], [69.69361999999998, 23.261323600000004], [69.6936166, 23.2614023]]]}}, {"type": "Feature", "properties": {"layer": "building", "distance_m": 482.7, "source": "Microsoft ML Buildings", "in_industrial_zone": false, "ghsl_2018": 1}, "geometry": {"type": "Polygon", "coordinates": [[[69.6939301, 23.260782900000002], [69.693929, 23.260729800000004], [69.69399069999999, 23.26072870000001], [69.69399179999999, 23.260781800000004], [69.6939301, 23.260782900000002]]]}}, {"type": "Feature", "properties": {"layer": "building", "distance_m": 486.8, "source": "Microsoft ML Buildings", "in_industrial_zone": false, "ghsl_2018": 1}, "geometry": {"type": "Polygon", "coordinates": [[[69.69402439999999, 23.260575000000006], [69.6940037, 23.260726400000003], [69.6939499, 23.26072030000001], [69.69397059999999, 23.26056880000001], [69.69402439999999, 23.260575000000006]]]}}, {"type": "Feature", "properties": {"layer": "building", "distance_m": 447.0, "source": "Microsoft ML Buildings", "in_industrial_zone": false, "ghsl_2018": 1}, "geometry": {"type": "Polygon", "coordinates": [[[69.6941259, 23.26109700000001], [69.69406489999999, 23.261120200000008], [69.69404499999999, 23.261076], [69.69410599999999, 23.26105280000001], [69.6941259, 23.26109700000001]]]}}, {"type": "Feature", "properties": {"layer": "building", "distance_m": 418.3, "source": "Microsoft ML Buildings", "in_industrial_zone": false, "ghsl_2018": 1}, "geometry": {"type": "Polygon", "coordinates": [[[69.69412539999999, 23.261443799999995], [69.6940698, 23.26146860000001], [69.6940455, 23.261422900000003], [69.69410109999998, 23.261398000000003], [69.69412539999999, 23.261443799999995]]]}}, {"type": "Feature", "properties": {"layer": "building", "distance_m": 422.7, "source": "Microsoft ML Buildings", "in_industrial_zone": false, "ghsl_2018": 1}, "geometry": {"type": "Polygon", "coordinates": [[[69.6939543, 23.261264600000008], [69.69401389999999, 23.26123820000001], [69.6940958, 23.261394000000006], [69.6940371, 23.261420100000006], [69.69405389999999, 23.2614521], [69.6939865, 23.261482000000004], [69.6939035, 23.261324100000003], [69.69397009999999, 23.2612946], [69.6939543, 23.261264600000008]]]}}, {"type": "Feature", "properties": {"layer": "building", "distance_m": 443.9, "source": "Microsoft ML Buildings", "in_industrial_zone": false, "ghsl_2018": 1}, "geometry": {"type": "Polygon", "coordinates": [[[69.69400069999999, 23.261235], [69.69392119999999, 23.261279500000004], [69.69390089999999, 23.261248900000002], [69.6939804, 23.261204499999998], [69.69400069999999, 23.261235]]]}}, {"type": "Feature", "properties": {"layer": "building", "distance_m": 372.7, "source": "Microsoft ML Buildings", "in_industrial_zone": false, "ghsl_2018": 1}, "geometry": {"type": "Polygon", "coordinates": [[[69.6940533, 23.262126600000002], [69.6940019, 23.262154], [69.6939453, 23.2620644], [69.6939968, 23.262037], [69.6940533, 23.262126600000002]]]}}, {"type": "Feature", "properties": {"layer": "building", "distance_m": 383.8, "source": "Microsoft ML Buildings", "in_industrial_zone": false, "ghsl_2018": 1}, "geometry": {"type": "Polygon", "coordinates": [[[69.69393380000001, 23.262055900000007], [69.69392419999998, 23.2620134], [69.6939731, 23.262004100000006], [69.6939827, 23.26204660000001], [69.69393380000001, 23.262055900000007]]]}}, {"type": "Feature", "properties": {"layer": "building", "distance_m": 376.1, "source": "Microsoft ML Buildings", "in_industrial_zone": false, "ghsl_2018": 1}, "geometry": {"type": "Polygon", "coordinates": [[[69.6939905, 23.262151100000004], [69.69392059999998, 23.262181800000004], [69.69388509999999, 23.2621136], [69.693955, 23.26208290000001], [69.6939905, 23.262151100000004]]]}}, {"type": "Feature", "properties": {"layer": "building", "distance_m": 346.1, "source": "Microsoft ML Buildings", "in_industrial_zone": false, "ghsl_2018": 1}, "geometry": {"type": "Polygon", "coordinates": [[[69.6939606, 23.262445400000004], [69.6940073, 23.262422499999992], [69.6940637, 23.262519400000006], [69.694017, 23.262542300000003], [69.6939606, 23.262445400000004]]]}}, {"type": "Feature", "properties": {"layer": "building", "distance_m": 359.8, "source": "Google Open Buildings", "in_industrial_zone": false, "ghsl_2018": 1}, "geometry": {"type": "Polygon", "coordinates": [[[69.6939971, 23.262169900000007], [69.69401879999998, 23.262214], [69.69404740000002, 23.262202000000016], [69.694067, 23.2622419], [69.69403849999999, 23.26225390000001], [69.6940647, 23.262307000000003], [69.6940211, 23.262325400000005], [69.6939535, 23.262188300000005], [69.6939971, 23.262169900000007]]]}}, {"type": "Feature", "properties": {"layer": "building", "distance_m": 363.8, "source": "Google Open Buildings", "in_industrial_zone": false, "ghsl_2018": 1}, "geometry": {"type": "Polygon", "coordinates": [[[69.6941295, 23.262167400000003], [69.69401879999998, 23.262214], [69.6939971, 23.262169900000007], [69.6941078, 23.262123300000006], [69.6941295, 23.262167400000003]]]}}, {"type": "Feature", "properties": {"layer": "building", "distance_m": 370.1, "source": "Microsoft ML Buildings", "in_industrial_zone": false, "ghsl_2018": 1}, "geometry": {"type": "Polygon", "coordinates": [[[69.69400549999999, 23.262025799999993], [69.6940526, 23.262004000000005], [69.6941064, 23.26210230000001], [69.6940594, 23.262124100000012], [69.69400549999999, 23.262025799999993]]]}}, {"type": "Feature", "properties": {"layer": "building", "distance_m": 382.4, "source": "Microsoft ML Buildings", "in_industrial_zone": false, "ghsl_2018": 1}, "geometry": {"type": "Polygon", "coordinates": [[[69.6940769, 23.261520800000003], [69.69415909999998, 23.2614848], [69.6942936, 23.26174370000001], [69.69424189999998, 23.2617664], [69.69419549999999, 23.261676899999998], [69.69416490000002, 23.261690300000012], [69.6940769, 23.261520800000003]]]}}, {"type": "Feature", "properties": {"layer": "building", "distance_m": 355.1, "source": "Microsoft ML Buildings", "in_industrial_zone": false, "ghsl_2018": 1}, "geometry": {"type": "Polygon", "coordinates": [[[69.6941321, 23.262102400000003], [69.6941821, 23.262088400000007], [69.6942164, 23.26219220000001], [69.69416629999999, 23.262206200000005], [69.6941321, 23.262102400000003]]]}}, {"type": "Feature", "properties": {"layer": "building", "distance_m": 313.4, "source": "Microsoft ML Buildings", "in_industrial_zone": false, "ghsl_2018": 1}, "geometry": {"type": "Polygon", "coordinates": [[[69.6942788, 23.262703100000007], [69.6942665, 23.26270410000001], [69.6942722, 23.262760300000007], [69.6942244, 23.26276440000001], [69.6942118, 23.262640900000008], [69.6942719, 23.262635800000016], [69.6942788, 23.262703100000007]]]}}, {"type": "Feature", "properties": {"layer": "building", "distance_m": 353.6, "source": "Microsoft ML Buildings", "in_industrial_zone": false, "ghsl_2018": 1}, "geometry": {"type": "Polygon", "coordinates": [[[69.6941922, 23.262096100000008], [69.6942367, 23.2620842], [69.6942617, 23.26216260000001], [69.6942173, 23.26217460000001], [69.6941922, 23.262096100000008]]]}}, {"type": "Feature", "properties": {"layer": "building", "distance_m": 435.6, "source": "Microsoft ML Buildings", "in_industrial_zone": false, "ghsl_2018": 1}, "geometry": {"type": "Polygon", "coordinates": [[[69.6942598, 23.261129100000005], [69.6942195, 23.261146500000002], [69.69415939999999, 23.261029700000005], [69.69419969999998, 23.261012200000007], [69.6942598, 23.261129100000005]]]}}, {"type": "Feature", "properties": {"layer": "building", "distance_m": 422.0, "source": "Google Open Buildings", "in_industrial_zone": false, "ghsl_2018": 1}, "geometry": {"type": "Polygon", "coordinates": [[[69.6942367, 23.261237400000002], [69.694263, 23.26128550000001], [69.69418909999999, 23.2613199], [69.69416279999999, 23.2612717], [69.6942367, 23.261237400000002]]]}}, {"type": "Feature", "properties": {"layer": "building", "distance_m": 442.4, "source": "Microsoft ML Buildings", "in_industrial_zone": false, "ghsl_2018": 1}, "geometry": {"type": "Polygon", "coordinates": [[[69.69407419999999, 23.261124500000008], [69.69413089999999, 23.261098000000004], [69.69415, 23.261132300000003], [69.69409329999999, 23.26115890000001], [69.69407419999999, 23.261124500000008]]]}}, {"type": "Feature", "properties": {"layer": "building", "distance_m": 448.6, "source": "Microsoft ML Buildings", "in_industrial_zone": false, "ghsl_2018": 1}, "geometry": {"type": "Polygon", "coordinates": [[[69.69426259999999, 23.2609776], [69.69411679999999, 23.261035100000004], [69.69407249999999, 23.26094030000001], [69.6942183, 23.2608828], [69.69426259999999, 23.2609776]]]}}, {"type": "Feature", "properties": {"layer": "building", "distance_m": 437.6, "source": "Microsoft ML Buildings", "in_industrial_zone": false, "ghsl_2018": 1}, "geometry": {"type": "Polygon", "coordinates": [[[69.69413409999999, 23.261044800000008], [69.6941709, 23.2610361], [69.69420229999999, 23.261148000000006], [69.6941655, 23.261156700000004], [69.69413409999999, 23.261044800000008]]]}}, {"type": "Feature", "properties": {"layer": "building", "distance_m": 476.1, "source": "Microsoft ML Buildings", "in_industrial_zone": false, "ghsl_2018": 1}, "geometry": {"type": "Polygon", "coordinates": [[[69.69421139999999, 23.260703000000003], [69.69417589999999, 23.260710899999996], [69.69416429999998, 23.260666600000008], [69.6941998, 23.26065880000001], [69.69421139999999, 23.260703000000003]]]}}, {"type": "Feature", "properties": {"layer": "building", "distance_m": 485.2, "source": "Microsoft ML Buildings", "in_industrial_zone": false, "ghsl_2018": 1}, "geometry": {"type": "Polygon", "coordinates": [[[69.69416459999998, 23.260633], [69.69410179999998, 23.260661200000005], [69.6940785, 23.260617500000006], [69.69414129999998, 23.2605893], [69.69416459999998, 23.260633]]]}}, {"type": "Feature", "properties": {"layer": "building", "distance_m": 490.7, "source": "Microsoft ML Buildings", "in_industrial_zone": false, "ghsl_2018": 1}, "geometry": {"type": "Polygon", "coordinates": [[[69.6941648, 23.260433200000005], [69.69420839999998, 23.26041680000001], [69.69425259999998, 23.260516000000006], [69.69420889999999, 23.260532400000002], [69.6941648, 23.260433200000005]]]}}, {"type": "Feature", "properties": {"layer": "building", "distance_m": 480.4, "source": "Microsoft ML Buildings", "in_industrial_zone": false, "ghsl_2018": 1}, "geometry": {"type": "Polygon", "coordinates": [[[69.69418599999999, 23.260647600000002], [69.69415489999999, 23.260584100000006], [69.69426189999999, 23.260539800000007], [69.69429309999998, 23.26060330000001], [69.69418599999999, 23.260647600000002]]]}}, {"type": "Feature", "properties": {"layer": "building", "distance_m": 471.0, "source": "Microsoft ML Buildings", "in_industrial_zone": false, "ghsl_2018": 1}, "geometry": {"type": "Polygon", "coordinates": [[[69.69423209999998, 23.2607346], [69.69419689999998, 23.260656800000003], [69.69424029999999, 23.2606402], [69.69427549999999, 23.260718000000004], [69.69423209999998, 23.2607346]]]}}, {"type": "Feature", "properties": {"layer": "building", "distance_m": 471.1, "source": "Microsoft ML Buildings", "in_industrial_zone": false, "ghsl_2018": 1}, "geometry": {"type": "Polygon", "coordinates": [[[69.6942794, 23.260704100000005], [69.6942402, 23.260635800000006], [69.6943011, 23.260606300000006], [69.6943403, 23.2606746], [69.6942794, 23.260704100000005]]]}}, {"type": "Feature", "properties": {"layer": "building", "distance_m": 443.5, "source": "Microsoft ML Buildings", "in_industrial_zone": false, "ghsl_2018": 1}, "geometry": {"type": "Polygon", "coordinates": [[[69.69423779999998, 23.26081980000001], [69.6942766, 23.260794100000002], [69.6943942, 23.260944000000006], [69.69435539999999, 23.260969700000008], [69.69423779999998, 23.26081980000001]]]}}, {"type": "Feature", "properties": {"layer": "building", "distance_m": 479.6, "source": "Microsoft ML Buildings", "in_industrial_zone": false, "ghsl_2018": 1}, "geometry": {"type": "Polygon", "coordinates": [[[69.69439009999999, 23.26053290000001], [69.6943726, 23.2604985], [69.69443869999999, 23.2604702], [69.6944562, 23.260504600000004], [69.69439009999999, 23.26053290000001]]]}}, {"type": "Feature", "properties": {"layer": "building", "distance_m": 474.0, "source": "Microsoft ML Buildings", "in_industrial_zone": false, "ghsl_2018": 1}, "geometry": {"type": "Polygon", "coordinates": [[[69.6943927, 23.260536400000007], [69.69445759999999, 23.260509700000007], [69.6944791, 23.2605541], [69.69441429999999, 23.260580700000002], [69.6943927, 23.260536400000007]]]}}, {"type": "Feature", "properties": {"layer": "building", "distance_m": 449.5, "source": "Microsoft ML Buildings", "in_industrial_zone": false, "ghsl_2018": 1}, "geometry": {"type": "Polygon", "coordinates": [[[69.69450809999998, 23.2608063], [69.6944357, 23.26084110000001], [69.69440819999998, 23.260792700000003], [69.69448059999999, 23.260757900000005], [69.69450809999998, 23.2608063]]]}}, {"type": "Feature", "properties": {"layer": "building", "distance_m": 430.6, "source": "Microsoft ML Buildings", "in_industrial_zone": false, "ghsl_2018": 1}, "geometry": {"type": "Polygon", "coordinates": [[[69.69452159999999, 23.261004299999996], [69.69443519999999, 23.261040800000004], [69.6943294, 23.26082910000001], [69.69441579999999, 23.260792700000003], [69.69452159999999, 23.261004299999996]]]}}, {"type": "Feature", "properties": {"layer": "building", "distance_m": 437.0, "source": "Google Open Buildings", "in_industrial_zone": false, "ghsl_2018": 1}, "geometry": {"type": "Polygon", "coordinates": [[[69.69432289999999, 23.261017900000006], [69.69434099999998, 23.261053600000007], [69.69426439999998, 23.2610868], [69.69424629999999, 23.261051100000003], [69.69432289999999, 23.261017900000006]]]}}, {"type": "Feature", "properties": {"layer": "building", "distance_m": 410.0, "source": "Microsoft ML Buildings", "in_industrial_zone": false, "ghsl_2018": 1}, "geometry": {"type": "Polygon", "coordinates": [[[69.69425629999999, 23.2612482], [69.69434189999998, 23.261223600000005], [69.69437999999998, 23.261335900000002], [69.6942945, 23.26136040000001], [69.69425629999999, 23.2612482]]]}}, {"type": "Feature", "properties": {"layer": "building", "distance_m": 358.8, "source": "Microsoft ML Buildings", "in_industrial_zone": false, "ghsl_2018": 1}, "geometry": {"type": "Polygon", "coordinates": [[[69.69441329999998, 23.2619357], [69.6943331, 23.261974000000002], [69.6942618, 23.2618478], [69.69434210000001, 23.261809500000005], [69.69441329999998, 23.2619357]]]}}, {"type": "Feature", "properties": {"layer": "building", "distance_m": 349.4, "source": "Microsoft ML Buildings", "in_industrial_zone": false, "ghsl_2018": 1}, "geometry": {"type": "Polygon", "coordinates": [[[69.6943676, 23.262106400000004], [69.69432209999998, 23.262131300000004], [69.6942591, 23.262034000000003], [69.6943047, 23.262009200000005], [69.6943676, 23.262106400000004]]]}}, {"type": "Feature", "properties": {"layer": "building", "distance_m": 311.9, "source": "Google Open Buildings", "in_industrial_zone": false, "ghsl_2018": 1}, "geometry": {"type": "Polygon", "coordinates": [[[69.6944406, 23.262508000000008], [69.6944377, 23.2625687], [69.6943908, 23.262566800000005], [69.694389, 23.26260490000001], [69.69427829999998, 23.2626003], [69.694283, 23.262501600000004], [69.6944406, 23.262508000000008]]]}}, {"type": "Feature", "properties": {"layer": "building", "distance_m": 306.1, "source": "Google Open Buildings", "in_industrial_zone": false, "ghsl_2018": 1}, "geometry": {"type": "Polygon", "coordinates": [[[69.6943529, 23.262605600000008], [69.6944357, 23.262609], [69.6944331, 23.262663800000006], [69.6943503, 23.262660500000006], [69.6943529, 23.262605600000008]]]}}, {"type": "Feature", "properties": {"layer": "building", "distance_m": 374.2, "source": "Microsoft ML Buildings", "in_industrial_zone": false, "ghsl_2018": 1}, "geometry": {"type": "Polygon", "coordinates": [[[69.6944018, 23.2617253], [69.6943625, 23.26165870000001], [69.6944309, 23.261624600000005], [69.69447019999998, 23.261691200000005], [69.6944018, 23.2617253]]]}}, {"type": "Feature", "properties": {"layer": "building", "distance_m": 369.8, "source": "Microsoft ML Buildings", "in_industrial_zone": false, "ghsl_2018": 1}, "geometry": {"type": "Polygon", "coordinates": [[[69.69447809999998, 23.2615348], [69.6944629, 23.261491400000004], [69.69457139999999, 23.261459300000002], [69.6946273, 23.261618800000004], [69.6945495, 23.2616418], [69.6945088, 23.261525700000004], [69.69447809999998, 23.2615348]]]}}, {"type": "Feature", "properties": {"layer": "building", "distance_m": 357.6, "source": "Google Open Buildings", "in_industrial_zone": false, "ghsl_2018": 1}, "geometry": {"type": "Polygon", "coordinates": [[[69.69444389999998, 23.261712900000003], [69.6945162, 23.261684100000007], [69.6945737, 23.261807000000015], [69.6945316, 23.261823800000002], [69.69451999999998, 23.261798800000005], [69.6944897, 23.261810899999997], [69.69444389999998, 23.261712900000003]]]}}, {"type": "Feature", "properties": {"layer": "building", "distance_m": 309.4, "source": "Google Open Buildings", "in_industrial_zone": false, "ghsl_2018": 1}, "geometry": {"type": "Polygon", "coordinates": [[[69.69444869999998, 23.262499800000004], [69.6944928, 23.262500900000006], [69.6944916, 23.262538999999993], [69.6944476, 23.262537800000015], [69.69444869999998, 23.262499800000004]]]}}, {"type": "Feature", "properties": {"layer": "building", "distance_m": 352.6, "source": "Microsoft ML Buildings", "in_industrial_zone": false, "ghsl_2018": 1}, "geometry": {"type": "Polygon", "coordinates": [[[69.6945636, 23.261785000000007], [69.6945343, 23.261652500000004], [69.69467859999999, 23.2616256], [69.69470789999998, 23.261758100000005], [69.6945636, 23.261785000000007]]]}}, {"type": "Feature", "properties": {"layer": "building", "distance_m": 432.5, "source": "Microsoft ML Buildings", "in_industrial_zone": false, "ghsl_2018": 1}, "geometry": {"type": "Polygon", "coordinates": [[[69.6945008, 23.26085610000001], [69.69454209999999, 23.260838700000004], [69.69459189999999, 23.2609385], [69.6945506, 23.2609558], [69.6945008, 23.26085610000001]]]}}, {"type": "Feature", "properties": {"layer": "building", "distance_m": 487.1, "source": "Google Open Buildings", "in_industrial_zone": false, "ghsl_2018": 1}, "geometry": {"type": "Polygon", "coordinates": [[[69.69450419999998, 23.260334700000005], [69.69451099999999, 23.26037020000001], [69.69444769999998, 23.260380500000007], [69.6944409, 23.260345000000008], [69.69450419999998, 23.260334700000005]]]}}, {"type": "Feature", "properties": {"layer": "building", "distance_m": 473.7, "source": "Microsoft ML Buildings", "in_industrial_zone": false, "ghsl_2018": 1}, "geometry": {"type": "Polygon", "coordinates": [[[69.69450899999998, 23.260483600000008], [69.69449079999998, 23.2604381], [69.69459479999999, 23.260403000000004], [69.69461299999999, 23.260448600000004], [69.69450899999998, 23.260483600000008]]]}}, {"type": "Feature", "properties": {"layer": "building", "distance_m": 465.3, "source": "Google Open Buildings", "in_industrial_zone": false, "ghsl_2018": 1}, "geometry": {"type": "Polygon", "coordinates": [[[69.69457299999999, 23.2605088], [69.6945916, 23.260565500000002], [69.69455109999998, 23.2605769], [69.6945325, 23.260520200000006], [69.69457299999999, 23.2605088]]]}}, {"type": "Feature", "properties": {"layer": "building", "distance_m": 450.0, "source": "Google Open Buildings", "in_industrial_zone": false, "ghsl_2018": 1}, "geometry": {"type": "Polygon", "coordinates": [[[69.6946354, 23.260673900000004], [69.69464699999999, 23.260706400000004], [69.6946045, 23.2607193], [69.69459289999999, 23.2606868], [69.6946354, 23.260673900000004]]]}}, {"type": "Feature", "properties": {"layer": "building", "distance_m": 482.2, "source": "Microsoft ML Buildings", "in_industrial_zone": false, "ghsl_2018": 1}, "geometry": {"type": "Polygon", "coordinates": [[[69.69463469999998, 23.260332400000006], [69.69455979999998, 23.26034340000001], [69.6945474, 23.260271200000002], [69.69462219999998, 23.260260300000006], [69.69463469999998, 23.260332400000006]]]}}, {"type": "Feature", "properties": {"layer": "building", "distance_m": 498.0, "source": "Microsoft ML Buildings", "in_industrial_zone": false, "ghsl_2018": 1}, "geometry": {"type": "Polygon", "coordinates": [[[69.6946678, 23.260125900000002], [69.6946196, 23.260127400000002], [69.6946171, 23.26006100000001], [69.69466529999998, 23.260059400000006], [69.6946678, 23.260125900000002]]]}}, {"type": "Feature", "properties": {"layer": "building", "distance_m": 483.3, "source": "Microsoft ML Buildings", "in_industrial_zone": false, "ghsl_2018": 1}, "geometry": {"type": "Polygon", "coordinates": [[[69.6946884, 23.260142000000005], [69.6947729, 23.260146300000013], [69.69476829999999, 23.2602225], [69.69468379999999, 23.260218100000003], [69.6946884, 23.260142000000005]]]}}, {"type": "Feature", "properties": {"layer": "building", "distance_m": 499.8, "source": "Microsoft ML Buildings", "in_industrial_zone": false, "ghsl_2018": 1}, "geometry": {"type": "Polygon", "coordinates": [[[69.694746, 23.2599565], [69.69479509999998, 23.259953500000005], [69.69479969999999, 23.260017300000012], [69.69475059999999, 23.2600203], [69.694746, 23.2599565]]]}}, {"type": "Feature", "properties": {"layer": "building", "distance_m": 473.3, "source": "Google Open Buildings", "in_industrial_zone": false, "ghsl_2018": 1}, "geometry": {"type": "Polygon", "coordinates": [[[69.69479069999998, 23.260248099999995], [69.69479599999998, 23.2603168], [69.6947267, 23.260321399999995], [69.69472129999998, 23.260252700000002], [69.69479069999998, 23.260248099999995]]]}}, {"type": "Feature", "properties": {"layer": "building", "distance_m": 477.5, "source": "Microsoft ML Buildings", "in_industrial_zone": false, "ghsl_2018": 1}, "geometry": {"type": "Polygon", "coordinates": [[[69.69500699999999, 23.260129700000004], [69.6949324, 23.2601438], [69.69492129999999, 23.260094100000003], [69.6949959, 23.26008], [69.69500699999999, 23.260129700000004]]]}}, {"type": "Feature", "properties": {"layer": "building", "distance_m": 466.3, "source": "Microsoft ML Buildings", "in_industrial_zone": false, "ghsl_2018": 1}, "geometry": {"type": "Polygon", "coordinates": [[[69.69502889999998, 23.260238600000005], [69.69491899999998, 23.260240800000002], [69.69491749999999, 23.26017930000001], [69.69502739999999, 23.260177], [69.69502889999998, 23.260238600000005]]]}}, {"type": "Feature", "properties": {"layer": "building", "distance_m": 487.5, "source": "Google Open Buildings", "in_industrial_zone": false, "ghsl_2018": 1}, "geometry": {"type": "Polygon", "coordinates": [[[69.69500869999999, 23.259988800000006], [69.69501459999998, 23.260016600000007], [69.6949714, 23.260024500000007], [69.6949654, 23.259996700000002], [69.69500869999999, 23.259988800000006]]]}}, {"type": "Feature", "properties": {"layer": "building", "distance_m": 497.5, "source": "Microsoft ML Buildings", "in_industrial_zone": false, "ghsl_2018": 1}, "geometry": {"type": "Polygon", "coordinates": [[[69.6950069, 23.2599138], [69.69495339999999, 23.259922600000003], [69.69494289999999, 23.259869099999996], [69.69499639999998, 23.259860300000003], [69.6950069, 23.2599138]]]}}, {"type": "Feature", "properties": {"layer": "building", "distance_m": 471.7, "source": "Microsoft ML Buildings", "in_industrial_zone": false, "ghsl_2018": 1}, "geometry": {"type": "Polygon", "coordinates": [[[69.69522299999998, 23.2599963], [69.69523079999999, 23.259918100000004], [69.69533989999998, 23.259927300000008], [69.69533199999998, 23.260005500000005], [69.69522299999998, 23.2599963]]]}}, {"type": "Feature", "properties": {"layer": "building", "distance_m": 440.2, "source": "Microsoft ML Buildings", "in_industrial_zone": false, "ghsl_2018": 1}, "geometry": {"type": "Polygon", "coordinates": [[[69.69532269999999, 23.260308500000004], [69.6953254, 23.2602569], [69.69537889999998, 23.2602592], [69.69537629999999, 23.2603109], [69.69532269999999, 23.260308500000004]]]}}, {"type": "Feature", "properties": {"layer": "building", "distance_m": 484.8, "source": "Google Open Buildings", "in_industrial_zone": false, "ghsl_2018": 1}, "geometry": {"type": "Polygon", "coordinates": [[[69.69512739999999, 23.259920200000007], [69.69516979999999, 23.259915900000003], [69.6951743, 23.25995410000001], [69.69513189999999, 23.259958400000002], [69.69512739999999, 23.259920200000007]]]}}, {"type": "Feature", "properties": {"layer": "building", "distance_m": 488.8, "source": "Microsoft ML Buildings", "in_industrial_zone": false, "ghsl_2018": 1}, "geometry": {"type": "Polygon", "coordinates": [[[69.69509169999999, 23.259957999999997], [69.69499129999998, 23.259972900000005], [69.6949853, 23.2599382], [69.69508569999999, 23.259923400000012], [69.69509169999999, 23.259957999999997]]]}}, {"type": "Feature", "properties": {"layer": "building", "distance_m": 493.4, "source": "Microsoft ML Buildings", "in_industrial_zone": false, "ghsl_2018": 1}, "geometry": {"type": "Polygon", "coordinates": [[[69.6950614, 23.259907400000003], [69.69504159999998, 23.259849000000003], [69.69510859999998, 23.259829800000002], [69.69512839999999, 23.259888200000002], [69.6950614, 23.259907400000003]]]}}, {"type": "Feature", "properties": {"layer": "building", "distance_m": 474.3, "source": "Microsoft ML Buildings", "in_industrial_zone": false, "ghsl_2018": 1}, "geometry": {"type": "Polygon", "coordinates": [[[69.69504429999999, 23.260096200000003], [69.69504799999999, 23.2600076], [69.69511869999998, 23.260010099999995], [69.69511499999999, 23.260098600000003], [69.69504429999999, 23.260096200000003]]]}}, {"type": "Feature", "properties": {"layer": "building", "distance_m": 472.9, "source": "Google Open Buildings", "in_industrial_zone": false, "ghsl_2018": 1}, "geometry": {"type": "Polygon", "coordinates": [[[69.6950462, 23.260155900000008], [69.6950023, 23.260161400000005], [69.69499849999998, 23.2601359], [69.69504239999999, 23.260130400000005], [69.6950462, 23.260155900000008]]]}}, {"type": "Feature", "properties": {"layer": "building", "distance_m": 456.4, "source": "Google Open Buildings", "in_industrial_zone": false, "ghsl_2018": 1}, "geometry": {"type": "Polygon", "coordinates": [[[69.69499619999999, 23.26027360000001], [69.69503339999999, 23.2602701], [69.69504099999999, 23.26033930000001], [69.69500379999998, 23.260342800000004], [69.69499619999999, 23.26027360000001]]]}}, {"type": "Feature", "properties": {"layer": "building", "distance_m": 400.8, "source": "Google Open Buildings", "in_industrial_zone": false, "ghsl_2018": 1}, "geometry": {"type": "Polygon", "coordinates": [[[69.69508759999998, 23.260889100000004], [69.69509689999998, 23.2609322], [69.69504269999999, 23.260942200000002], [69.69503339999999, 23.2608991], [69.69508759999998, 23.260889100000004]]]}}, {"type": "Feature", "properties": {"layer": "building", "distance_m": 421.2, "source": "Google Open Buildings", "in_industrial_zone": false, "ghsl_2018": 1}, "geometry": {"type": "Polygon", "coordinates": [[[69.69501779999999, 23.260699800000005], [69.695046, 23.260701000000005], [69.69504439999999, 23.260733700000003], [69.69501619999998, 23.260732500000003], [69.69501779999999, 23.260699800000005]]]}}, {"type": "Feature", "properties": {"layer": "building", "distance_m": 407.5, "source": "Microsoft ML Buildings", "in_industrial_zone": false, "ghsl_2018": 1}, "geometry": {"type": "Polygon", "coordinates": [[[69.6949682, 23.260892300000005], [69.69496569999998, 23.260855500000005], [69.69505019999998, 23.260850599999998], [69.69505269999999, 23.2608874], [69.6949682, 23.260892300000005]]]}}, {"type": "Feature", "properties": {"layer": "building", "distance_m": 375.1, "source": "Google Open Buildings", "in_industrial_zone": false, "ghsl_2018": 0}, "geometry": {"type": "Polygon", "coordinates": [[[69.6950609, 23.261227000000016], [69.695065, 23.2612701], [69.6950371, 23.261272400000003], [69.695033, 23.261229300000007], [69.6950609, 23.261227000000016]]]}}, {"type": "Feature", "properties": {"layer": "building", "distance_m": 390.7, "source": "Microsoft ML Buildings", "in_industrial_zone": false, "ghsl_2018": 1}, "geometry": {"type": "Polygon", "coordinates": [[[69.69515799999999, 23.2610047], [69.69510369999999, 23.2610086], [69.6951004, 23.260970799999996], [69.69515469999999, 23.2609669], [69.69515799999999, 23.2610047]]]}}, {"type": "Feature", "properties": {"layer": "building", "distance_m": 368.0, "source": "Microsoft ML Buildings", "in_industrial_zone": false, "ghsl_2018": 1}, "geometry": {"type": "Polygon", "coordinates": [[[69.6950914, 23.261279200000004], [69.6950866, 23.261161000000005], [69.6951546, 23.261158700000006], [69.69515939999998, 23.261276800000008], [69.6950914, 23.261279200000004]]]}}, {"type": "Feature", "properties": {"layer": "building", "distance_m": 380.8, "source": "Google Open Buildings", "in_industrial_zone": false, "ghsl_2018": 1}, "geometry": {"type": "Polygon", "coordinates": [[[69.69512479999999, 23.2610944], [69.69516289999999, 23.261090500000005], [69.69516579999998, 23.261115000000004], [69.6951277, 23.2611189], [69.69512479999999, 23.2610944]]]}}, {"type": "Feature", "properties": {"layer": "building", "distance_m": 430.4, "source": "Microsoft ML Buildings", "in_industrial_zone": false, "ghsl_2018": 1}, "geometry": {"type": "Polygon", "coordinates": [[[69.6951408, 23.260561700000007], [69.6950759, 23.2605997], [69.69505639999998, 23.2605716], [69.6951213, 23.260533700000003], [69.6951408, 23.260561700000007]]]}}, {"type": "Feature", "properties": {"layer": "building", "distance_m": 438.9, "source": "Microsoft ML Buildings", "in_industrial_zone": false, "ghsl_2018": 1}, "geometry": {"type": "Polygon", "coordinates": [[[69.6950992, 23.2604595], [69.69510249999999, 23.260419300000002], [69.69515149999998, 23.260422700000003], [69.6951482, 23.2604629], [69.6950992, 23.2604595]]]}}, {"type": "Feature", "properties": {"layer": "building", "distance_m": 436.5, "source": "Google Open Buildings", "in_industrial_zone": false, "ghsl_2018": 1}, "geometry": {"type": "Polygon", "coordinates": [[[69.69515599999998, 23.260426400000004], [69.69518339999999, 23.2604262], [69.69518359999998, 23.260466900000008], [69.6951562, 23.26046700000001], [69.69515599999998, 23.260426400000004]]]}}, {"type": "Feature", "properties": {"layer": "building", "distance_m": 443.1, "source": "Microsoft ML Buildings", "in_industrial_zone": false, "ghsl_2018": 1}, "geometry": {"type": "Polygon", "coordinates": [[[69.69517979999999, 23.260377200000004], [69.69518019999998, 23.2603254], [69.69521239999999, 23.26032560000001], [69.69521199999998, 23.260377400000003], [69.69517979999999, 23.260377200000004]]]}}, {"type": "Feature", "properties": {"layer": "building", "distance_m": 398.3, "source": "Microsoft ML Buildings", "in_industrial_zone": false, "ghsl_2018": 1}, "geometry": {"type": "Polygon", "coordinates": [[[69.69527259999998, 23.260832600000004], [69.6951474, 23.260842400000012], [69.69513829999998, 23.2607435], [69.69520219999998, 23.260738499999995], [69.6952072, 23.2607924], [69.6952685, 23.26078760000001], [69.69527259999998, 23.260832600000004]]]}}, {"type": "Feature", "properties": {"layer": "building", "distance_m": 392.7, "source": "Microsoft ML Buildings", "in_industrial_zone": false, "ghsl_2018": 1}, "geometry": {"type": "Polygon", "coordinates": [[[69.6951643, 23.2609211], [69.6951547, 23.2608522], [69.69524179999999, 23.260842000000004], [69.69525139999999, 23.2609109], [69.6951643, 23.2609211]]]}}, {"type": "Feature", "properties": {"layer": "building", "distance_m": 418.1, "source": "Google Open Buildings", "in_industrial_zone": false, "ghsl_2018": 1}, "geometry": {"type": "Polygon", "coordinates": [[[69.69523239999998, 23.2605903], [69.6952709, 23.260582], [69.69527749999999, 23.260608400000002], [69.69523909999998, 23.260616700000003], [69.69523239999998, 23.2605903]]]}}, {"type": "Feature", "properties": {"layer": "building", "distance_m": 388.4, "source": "Microsoft ML Buildings", "in_industrial_zone": false, "ghsl_2018": 1}, "geometry": {"type": "Polygon", "coordinates": [[[69.69525239999999, 23.2608999], [69.6952497, 23.260832000000008], [69.6953381, 23.260829000000008], [69.6953408, 23.260896900000002], [69.69525239999999, 23.2608999]]]}}, {"type": "Feature", "properties": {"layer": "building", "distance_m": 340.1, "source": "Microsoft ML Buildings", "in_industrial_zone": false, "ghsl_2018": 1}, "geometry": {"type": "Polygon", "coordinates": [[[69.6953994, 23.2614148], [69.69530659999998, 23.2614183], [69.69530479999999, 23.261379000000005], [69.69539759999999, 23.261375500000003], [69.6953994, 23.2614148]]]}}, {"type": "Feature", "properties": {"layer": "building", "distance_m": 332.7, "source": "Google Open Buildings", "in_industrial_zone": false, "ghsl_2018": 1}, "geometry": {"type": "Polygon", "coordinates": [[[69.6952641, 23.261482900000004], [69.6953464, 23.261477400000004], [69.69535189999999, 23.2615475], [69.6952695, 23.261553000000003], [69.6952641, 23.261482900000004]]]}}, {"type": "Feature", "properties": {"layer": "building", "distance_m": 388.7, "source": "Microsoft ML Buildings", "in_industrial_zone": false, "ghsl_2018": 1}, "geometry": {"type": "Polygon", "coordinates": [[[69.69526009999998, 23.260951], [69.69516739999999, 23.260960800000007], [69.69516299999998, 23.2609253], [69.69525569999999, 23.26091550000001], [69.69526009999998, 23.260951]]]}}, {"type": "Feature", "properties": {"layer": "building", "distance_m": 334.1, "source": "Google Open Buildings", "in_industrial_zone": false, "ghsl_2018": 1}, "geometry": {"type": "Polygon", "coordinates": [[[69.6951437, 23.261514200000008], [69.6952598, 23.261515], [69.6952591, 23.2616008], [69.69514300000002, 23.261600000000005], [69.6951437, 23.261514200000008]]]}}, {"type": "Feature", "properties": {"layer": "building", "distance_m": 292.1, "source": "Microsoft ML Buildings", "in_industrial_zone": false, "ghsl_2018": 1}, "geometry": {"type": "Polygon", "coordinates": [[[69.6952366, 23.2620686], [69.695166, 23.262065500000002], [69.6951697, 23.261994199999997], [69.6952403, 23.2619973], [69.6952366, 23.2620686]]]}}, {"type": "Feature", "properties": {"layer": "building", "distance_m": 282.4, "source": "Google Open Buildings", "in_industrial_zone": false, "ghsl_2018": 1}, "geometry": {"type": "Polygon", "coordinates": [[[69.6951549, 23.26207580000001], [69.6952694, 23.262080700000006], [69.69526539999998, 23.2621579], [69.69515089999999, 23.262152899999997], [69.6951549, 23.26207580000001]]]}}, {"type": "Feature", "properties": {"layer": "building", "distance_m": 326.3, "source": "Google Open Buildings", "in_industrial_zone": false, "ghsl_2018": 1}, "geometry": {"type": "Polygon", "coordinates": [[[69.69529369999998, 23.261542499999997], [69.6953624, 23.261538800000004], [69.6953671, 23.261614500000015], [69.6952984, 23.261618200000004], [69.69529369999998, 23.261542499999997]]]}}, {"type": "Feature", "properties": {"layer": "building", "distance_m": 289.3, "source": "Microsoft ML Buildings", "in_industrial_zone": false, "ghsl_2018": 1}, "geometry": {"type": "Polygon", "coordinates": [[[69.69533350000002, 23.2619748], [69.6953285, 23.262039500000004], [69.6952484, 23.262034299999996], [69.6952534, 23.261969600000008], [69.69533350000002, 23.2619748]]]}}, {"type": "Feature", "properties": {"layer": "building", "distance_m": 253.0, "source": "Google Open Buildings", "in_industrial_zone": false, "ghsl_2018": 1}, "geometry": {"type": "Polygon", "coordinates": [[[69.6952997, 23.262412700000006], [69.6953479, 23.262415700000002], [69.6953463, 23.2624371], [69.6952981, 23.262434099999997], [69.6952997, 23.262412700000006]]]}}, {"type": "Feature", "properties": {"layer": "building", "distance_m": 262.7, "source": "Microsoft ML Buildings", "in_industrial_zone": false, "ghsl_2018": 1}, "geometry": {"type": "Polygon", "coordinates": [[[69.6952088, 23.26243210000001], [69.69514599999998, 23.262423000000005], [69.6951597, 23.262343700000006], [69.6952225, 23.262352800000002], [69.6952088, 23.26243210000001]]]}}, {"type": "Feature", "properties": {"layer": "building", "distance_m": 251.2, "source": "Google Open Buildings", "in_industrial_zone": false, "ghsl_2018": 1}, "geometry": {"type": "Polygon", "coordinates": [[[69.6951306, 23.262473900000003], [69.6952319, 23.262473400000005], [69.6952322, 23.26255320000001], [69.695131, 23.26255370000001], [69.6951306, 23.262473900000003]]]}}, {"type": "Feature", "properties": {"layer": "building", "distance_m": 234.3, "source": "Google Open Buildings", "in_industrial_zone": false, "ghsl_2018": 1}, "geometry": {"type": "Polygon", "coordinates": [[[69.695279, 23.262635800000005], [69.6952865, 23.262718100000008], [69.6951473, 23.262729000000007], [69.6951397, 23.2626467], [69.695279, 23.262635800000005]]]}}, {"type": "Feature", "properties": {"layer": "building", "distance_m": 273.2, "source": "Google Open Buildings", "in_industrial_zone": false, "ghsl_2018": 1}, "geometry": {"type": "Polygon", "coordinates": [[[69.6951228, 23.262325800000003], [69.6951189, 23.2623789], [69.6950482, 23.262374500000007], [69.6950507, 23.26233990000001], [69.6951016, 23.262343100000002], [69.695103, 23.262324500000005], [69.6951228, 23.262325800000003]]]}}, {"type": "Feature", "properties": {"layer": "building", "distance_m": 287.0, "source": "Google Open Buildings", "in_industrial_zone": false, "ghsl_2018": 1}, "geometry": {"type": "Polygon", "coordinates": [[[69.6951315, 23.262144400000007], [69.6951358, 23.262199400000007], [69.6950895, 23.262202499999997], [69.6950852, 23.2621475], [69.6951315, 23.262144400000007]]]}}, {"type": "Feature", "properties": {"layer": "building", "distance_m": 282.3, "source": "Google Open Buildings", "in_industrial_zone": false, "ghsl_2018": 1}, "geometry": {"type": "Polygon", "coordinates": [[[69.6951499, 23.262173499999996], [69.695196, 23.2621755], [69.6951942, 23.262210500000005], [69.6951481, 23.262208600000008], [69.6951499, 23.262173499999996]]]}}, {"type": "Feature", "properties": {"layer": "building", "distance_m": 325.8, "source": "Microsoft ML Buildings", "in_industrial_zone": false, "ghsl_2018": 1}, "geometry": {"type": "Polygon", "coordinates": [[[69.6952256, 23.26170800000001], [69.6951394, 23.261723500000002], [69.6951265, 23.2616627], [69.6952127, 23.261647300000007], [69.6952256, 23.26170800000001]]]}}, {"type": "Feature", "properties": {"layer": "building", "distance_m": 316.7, "source": "Google Open Buildings", "in_industrial_zone": false, "ghsl_2018": 1}, "geometry": {"type": "Polygon", "coordinates": [[[69.69513479999999, 23.261795199999995], [69.6951525, 23.261851300000004], [69.6951116, 23.261862300000008], [69.6950939, 23.261806200000002], [69.69513479999999, 23.261795199999995]]]}}, {"type": "Feature", "properties": {"layer": "building", "distance_m": 318.1, "source": "Google Open Buildings", "in_industrial_zone": false, "ghsl_2018": 1}, "geometry": {"type": "Polygon", "coordinates": [[[69.69502339999998, 23.2618476], [69.6951004, 23.2618268], [69.6951116, 23.261862300000008], [69.6950346, 23.261883100000002], [69.69502339999998, 23.2618476]]]}}, {"type": "Feature", "properties": {"layer": "building", "distance_m": 324.2, "source": "Google Open Buildings", "in_industrial_zone": false, "ghsl_2018": 1}, "geometry": {"type": "Polygon", "coordinates": [[[69.6950855, 23.2617796], [69.6950939, 23.261806200000002], [69.6950454, 23.261819300000006], [69.69503699999999, 23.2617927], [69.6950855, 23.2617796]]]}}, {"type": "Feature", "properties": {"layer": "building", "distance_m": 244.3, "source": "Google Open Buildings", "in_industrial_zone": false, "ghsl_2018": 1}, "geometry": {"type": "Polygon", "coordinates": [[[69.6951134, 23.262657800000003], [69.6951219, 23.2627498], [69.6949539, 23.262763000000003], [69.6949454, 23.262670900000003], [69.6951134, 23.262657800000003]]]}}, {"type": "Feature", "properties": {"layer": "building", "distance_m": 250.3, "source": "Google Open Buildings", "in_industrial_zone": false, "ghsl_2018": 1}, "geometry": {"type": "Polygon", "coordinates": [[[69.6949218, 23.262433700000013], [69.6949698, 23.2624295], [69.6949749, 23.2624797], [69.6951218, 23.26246700000001], [69.6951404, 23.262650200000007], [69.6949455, 23.26266710000001], [69.6949294, 23.26250860000001], [69.6949218, 23.262433700000013]]]}}, {"type": "Feature", "properties": {"layer": "building", "distance_m": 272.3, "source": "Microsoft ML Buildings", "in_industrial_zone": false, "ghsl_2018": 1}, "geometry": {"type": "Polygon", "coordinates": [[[69.69487809999998, 23.2626259], [69.6948074, 23.262623500000007], [69.69481019999999, 23.262554599999998], [69.6948808, 23.262557000000005], [69.69487809999998, 23.2626259]]]}}, {"type": "Feature", "properties": {"layer": "building", "distance_m": 279.7, "source": "Microsoft ML Buildings", "in_industrial_zone": false, "ghsl_2018": 1}, "geometry": {"type": "Polygon", "coordinates": [[[69.6948144, 23.262472000000002], [69.6948615, 23.2624694], [69.6948658, 23.262535700000004], [69.69481870000001, 23.262538300000003], [69.6948144, 23.262472000000002]]]}}, {"type": "Feature", "properties": {"layer": "building", "distance_m": 286.1, "source": "Microsoft ML Buildings", "in_industrial_zone": false, "ghsl_2018": 1}, "geometry": {"type": "Polygon", "coordinates": [[[69.69487079999999, 23.2623965], [69.6948743, 23.262440600000005], [69.6948193, 23.262444300000002], [69.6948158, 23.262400100000004], [69.69487079999999, 23.2623965]]]}}, {"type": "Feature", "properties": {"layer": "building", "distance_m": 302.1, "source": "Microsoft ML Buildings", "in_industrial_zone": false, "ghsl_2018": 1}, "geometry": {"type": "Polygon", "coordinates": [[[69.6948097, 23.26224160000001], [69.694799, 23.262190800000003], [69.6948688, 23.262178300000006], [69.6948795, 23.262229100000003], [69.6948097, 23.26224160000001]]]}}, {"type": "Feature", "properties": {"layer": "building", "distance_m": 307.8, "source": "Google Open Buildings", "in_industrial_zone": false, "ghsl_2018": 1}, "geometry": {"type": "Polygon", "coordinates": [[[69.69490199999998, 23.262098500000004], [69.6949072, 23.2621341], [69.6948649, 23.262139400000002], [69.6948597, 23.262103800000002], [69.69490199999998, 23.262098500000004]]]}}, {"type": "Feature", "properties": {"layer": "building", "distance_m": 332.8, "source": "Microsoft ML Buildings", "in_industrial_zone": false, "ghsl_2018": 1}, "geometry": {"type": "Polygon", "coordinates": [[[69.6950494, 23.2617406], [69.69489959999999, 23.2617911], [69.69486089999998, 23.2616943], [69.6950107, 23.26164380000001], [69.6950494, 23.2617406]]]}}, {"type": "Feature", "properties": {"layer": "building", "distance_m": 377.5, "source": "Google Open Buildings", "in_industrial_zone": false, "ghsl_2018": 1}, "geometry": {"type": "Polygon", "coordinates": [[[69.69500659999999, 23.2612199], [69.695022, 23.2612745], [69.69498329999999, 23.2612839], [69.6949678, 23.261229200000002], [69.69500659999999, 23.2612199]]]}}, {"type": "Feature", "properties": {"layer": "building", "distance_m": 422.7, "source": "Google Open Buildings", "in_industrial_zone": false, "ghsl_2018": 1}, "geometry": {"type": "Polygon", "coordinates": [[[69.69496969999999, 23.260710500000002], [69.695012, 23.26070480000001], [69.6950172, 23.260737500000005], [69.694975, 23.2607433], [69.69496969999999, 23.260710500000002]]]}}, {"type": "Feature", "properties": {"layer": "building", "distance_m": 436.1, "source": "Microsoft ML Buildings", "in_industrial_zone": false, "ghsl_2018": 1}, "geometry": {"type": "Polygon", "coordinates": [[[69.69496059999999, 23.260535300000004], [69.6949971, 23.2605246], [69.69501739999998, 23.260582699999993], [69.69498089999999, 23.260593400000005], [69.69496059999999, 23.260535300000004]]]}}, {"type": "Feature", "properties": {"layer": "building", "distance_m": 437.5, "source": "Microsoft ML Buildings", "in_industrial_zone": false, "ghsl_2018": 1}, "geometry": {"type": "Polygon", "coordinates": [[[69.69495709999998, 23.26060990000001], [69.69490209999998, 23.2606176], [69.69489309999999, 23.2605637], [69.69494819999998, 23.26055590000001], [69.69495709999998, 23.26060990000001]]]}}, {"type": "Feature", "properties": {"layer": "building", "distance_m": 442.1, "source": "Microsoft ML Buildings", "in_industrial_zone": false, "ghsl_2018": 1}, "geometry": {"type": "Polygon", "coordinates": [[[69.69488109999999, 23.2606132], [69.69484009999998, 23.260621300000007], [69.69483240000001, 23.260588400000003], [69.69487339999999, 23.260580200000003], [69.69488109999999, 23.2606132]]]}}, {"type": "Feature", "properties": {"layer": "building", "distance_m": 411.1, "source": "Microsoft ML Buildings", "in_industrial_zone": false, "ghsl_2018": 1}, "geometry": {"type": "Polygon", "coordinates": [[[69.69488339999998, 23.2609826], [69.6948014, 23.260986200000005], [69.6947974, 23.2609089], [69.69487929999998, 23.26090530000001], [69.69488339999998, 23.2609826]]]}}, {"type": "Feature", "properties": {"layer": "building", "distance_m": 398.5, "source": "Microsoft ML Buildings", "in_industrial_zone": false, "ghsl_2018": 1}, "geometry": {"type": "Polygon", "coordinates": [[[69.6949375, 23.261090600000003], [69.69485969999998, 23.2610906], [69.69485969999998, 23.261001900000004], [69.6949375, 23.261001900000007], [69.6949375, 23.261090600000003]]]}}, {"type": "Feature", "properties": {"layer": "building", "distance_m": 364.9, "source": "Google Open Buildings", "in_industrial_zone": false, "ghsl_2018": 1}, "geometry": {"type": "Polygon", "coordinates": [[[69.6949384, 23.261331000000002], [69.6949536, 23.261450200000002], [69.69482579999999, 23.261464100000005], [69.6948106, 23.261344900000008], [69.6949384, 23.261331000000002]]]}}, {"type": "Feature", "properties": {"layer": "building", "distance_m": 362.4, "source": "Microsoft ML Buildings", "in_industrial_zone": false, "ghsl_2018": 1}, "geometry": {"type": "Polygon", "coordinates": [[[69.69479969999999, 23.261512000000003], [69.6948605, 23.2614928], [69.69487369999999, 23.261527999999995], [69.69481289999999, 23.2615472], [69.69479969999999, 23.261512000000003]]]}}, {"type": "Feature", "properties": {"layer": "building", "distance_m": 389.8, "source": "Google Open Buildings", "in_industrial_zone": false, "ghsl_2018": 1}, "geometry": {"type": "Polygon", "coordinates": [[[69.6948138, 23.261111300000007], [69.6948723, 23.26123], [69.6948059, 23.261257900000004], [69.69474749999999, 23.261139200000002], [69.6948138, 23.261111300000007]]]}}, {"type": "Feature", "properties": {"layer": "building", "distance_m": 423.5, "source": "Google Open Buildings", "in_industrial_zone": false, "ghsl_2018": 1}, "geometry": {"type": "Polygon", "coordinates": [[[69.69483869999999, 23.2608357], [69.6948424, 23.260865100000007], [69.6947879, 23.260871100000006], [69.6947841, 23.260841800000005], [69.69483869999999, 23.2608357]]]}}, {"type": "Feature", "properties": {"layer": "building", "distance_m": 428.9, "source": "Microsoft ML Buildings", "in_industrial_zone": false, "ghsl_2018": 1}, "geometry": {"type": "Polygon", "coordinates": [[[69.69471989999998, 23.260859000000007], [69.69467399999999, 23.2607495], [69.6947464, 23.26072390000001], [69.694768, 23.2607754], [69.69478439999999, 23.260769600000007], [69.69480869999998, 23.2608276], [69.69471989999998, 23.260859000000007]]]}}, {"type": "Feature", "properties": {"layer": "building", "distance_m": 451.8, "source": "Google Open Buildings", "in_industrial_zone": false, "ghsl_2018": 1}, "geometry": {"type": "Polygon", "coordinates": [[[69.69468509999999, 23.260583200000003], [69.69472659999998, 23.260573200000007], [69.69473719999999, 23.2606107], [69.69469559999999, 23.260620700000004], [69.69468509999999, 23.260583200000003]]]}}, {"type": "Feature", "properties": {"layer": "building", "distance_m": 408.3, "source": "Microsoft ML Buildings", "in_industrial_zone": false, "ghsl_2018": 1}, "geometry": {"type": "Polygon", "coordinates": [[[69.6946579, 23.261020300000002], [69.6947367, 23.260998700000002], [69.69476759999999, 23.261093700000004], [69.69468879999998, 23.2611153], [69.6946579, 23.261020300000002]]]}}, {"type": "Feature", "properties": {"layer": "building", "distance_m": 369.0, "source": "Microsoft ML Buildings", "in_industrial_zone": false, "ghsl_2018": 1}, "geometry": {"type": "Polygon", "coordinates": [[[69.6946291, 23.261481400000008], [69.69466840000001, 23.261458900000026], [69.6947311, 23.261550999999997], [69.6946918, 23.261573500000004], [69.6946291, 23.261481400000008]]]}}, {"type": "Feature", "properties": {"layer": "building", "distance_m": 321.6, "source": "Microsoft ML Buildings", "in_industrial_zone": false, "ghsl_2018": 1}, "geometry": {"type": "Polygon", "coordinates": [[[69.6947073, 23.2621094], [69.6946889, 23.26206], [69.69473839999999, 23.2620444], [69.6947568, 23.262093799999995], [69.6947073, 23.2621094]]]}}, {"type": "Feature", "properties": {"layer": "building", "distance_m": 358.7, "source": "Google Open Buildings", "in_industrial_zone": false, "ghsl_2018": 1}, "geometry": {"type": "Polygon", "coordinates": [[[69.6948092, 23.261545400000006], [69.6948322, 23.261596800000003], [69.6947894, 23.261613100000005], [69.69476639999999, 23.2615617], [69.6948092, 23.261545400000006]]]}}, {"type": "Feature", "properties": {"layer": "building", "distance_m": 287.3, "source": "Google Open Buildings", "in_industrial_zone": false, "ghsl_2018": 1}, "geometry": {"type": "Polygon", "coordinates": [[[69.6947978, 23.2624136], [69.6948144, 23.262484900000008], [69.6947544, 23.2624969], [69.6947461, 23.262461400000007], [69.694777, 23.262455300000003], [69.6947686, 23.26241940000001], [69.6947978, 23.2624136]]]}}, {"type": "Feature", "properties": {"layer": "building", "distance_m": 266.4, "source": "Google Open Buildings", "in_industrial_zone": false, "ghsl_2018": 1}, "geometry": {"type": "Polygon", "coordinates": [[[69.6947397, 23.262687000000003], [69.6948178, 23.262680900000003], [69.6948262, 23.262773], [69.6947481, 23.262779100000007], [69.6947397, 23.262687000000003]]]}}, {"type": "Feature", "properties": {"layer": "building", "distance_m": 282.1, "source": "Google Open Buildings", "in_industrial_zone": false, "ghsl_2018": 1}, "geometry": {"type": "Polygon", "coordinates": [[[69.6947038, 23.2625815], [69.6947486, 23.262586700000004], [69.694741, 23.262642200000005], [69.6946962, 23.262637200000004], [69.6947038, 23.2625815]]]}}, {"type": "Feature", "properties": {"layer": "building", "distance_m": 278.8, "source": "Google Open Buildings", "in_industrial_zone": false, "ghsl_2018": 1}, "geometry": {"type": "Polygon", "coordinates": [[[69.69469419999999, 23.262671900000004], [69.69472790000002, 23.26267290000001], [69.69472659999998, 23.2627096], [69.6946929, 23.2627086], [69.69469419999999, 23.262671900000004]]]}}, {"type": "Feature", "properties": {"layer": "building", "distance_m": 290.9, "source": "Google Open Buildings", "in_industrial_zone": false, "ghsl_2018": 1}, "geometry": {"type": "Polygon", "coordinates": [[[69.694735, 23.2624227], [69.6947547, 23.2624992], [69.6946728, 23.262517100000004], [69.6946531, 23.2624407], [69.694735, 23.2624227]]]}}, {"type": "Feature", "properties": {"layer": "building", "distance_m": 301.4, "source": "Google Open Buildings", "in_industrial_zone": false, "ghsl_2018": 1}, "geometry": {"type": "Polygon", "coordinates": [[[69.6947725, 23.2622718], [69.6947806, 23.262330500000008], [69.6946531, 23.262345600000007], [69.694645, 23.262286900000007], [69.6947725, 23.2622718]]]}}, {"type": "Feature", "properties": {"layer": "building", "distance_m": 240.2, "source": "Google Open Buildings", "in_industrial_zone": false, "ghsl_2018": 1}, "geometry": {"type": "Polygon", "coordinates": [[[69.69470879999999, 23.263228699999996], [69.694745, 23.263225], [69.69475449999999, 23.263303], [69.6947183, 23.2633067], [69.69470879999999, 23.263228699999996]]]}}, {"type": "Feature", "properties": {"layer": "building", "distance_m": 257.5, "source": "Microsoft ML Buildings", "in_industrial_zone": false, "ghsl_2018": 1}, "geometry": {"type": "Polygon", "coordinates": [[[69.69472589999998, 23.262862199999997], [69.694776, 23.262856], [69.6947906, 23.262955200000004], [69.6947406, 23.2629614], [69.69472589999998, 23.262862199999997]]]}}, {"type": "Feature", "properties": {"layer": "building", "distance_m": 239.3, "source": "Google Open Buildings", "in_industrial_zone": false, "ghsl_2018": 1}, "geometry": {"type": "Polygon", "coordinates": [[[69.69479909999998, 23.2631434], [69.6948363, 23.263141000000005], [69.6948394, 23.263182300000008], [69.6948022, 23.263184800000005], [69.69479909999998, 23.2631434]]]}}, {"type": "Feature", "properties": {"layer": "building", "distance_m": 221.7, "source": "Google Open Buildings", "in_industrial_zone": false, "ghsl_2018": 1}, "geometry": {"type": "Polygon", "coordinates": [[[69.6947894, 23.263524100000005], [69.6948027, 23.2636064], [69.6946185, 23.26363170000001], [69.6946052, 23.26354940000001], [69.6947894, 23.263524100000005]]]}}, {"type": "Feature", "properties": {"layer": "building", "distance_m": 202.7, "source": "Google Open Buildings", "in_industrial_zone": false, "ghsl_2018": 1}, "geometry": {"type": "Polygon", "coordinates": [[[69.6950568, 23.263382400000012], [69.6950724, 23.263471000000003], [69.6948694, 23.263501500000004], [69.6948538, 23.263412900000006], [69.6950568, 23.263382400000012]]]}}, {"type": "Feature", "properties": {"layer": "building", "distance_m": 201.7, "source": "Microsoft ML Buildings", "in_industrial_zone": false, "ghsl_2018": 1}, "geometry": {"type": "Polygon", "coordinates": [[[69.69491, 23.263560699999996], [69.6950036, 23.26355660000001], [69.695007, 23.263622000000005], [69.6949134, 23.263626099999996], [69.69491, 23.263560699999996]]]}}, {"type": "Feature", "properties": {"layer": "building", "distance_m": 236.3, "source": "Google Open Buildings", "in_industrial_zone": false, "ghsl_2018": 1}, "geometry": {"type": "Polygon", "coordinates": [[[69.6948394, 23.263182300000008], [69.694843, 23.263229699999997], [69.6948059, 23.263232100000003], [69.6948022, 23.263184800000005], [69.6948394, 23.263182300000008]]]}}, {"type": "Feature", "properties": {"layer": "building", "distance_m": 233.4, "source": "Google Open Buildings", "in_industrial_zone": false, "ghsl_2018": 1}, "geometry": {"type": "Polygon", "coordinates": [[[69.6948067, 23.2632404], [69.69484669999999, 23.263231], [69.69485510000001, 23.263261500000002], [69.6948151, 23.263270900000006], [69.6948067, 23.2632404]]]}}, {"type": "Feature", "properties": {"layer": "building", "distance_m": 239.1, "source": "Microsoft ML Buildings", "in_industrial_zone": false, "ghsl_2018": 1}, "geometry": {"type": "Polygon", "coordinates": [[[69.6948263, 23.262850599999997], [69.6949145, 23.262846400000008], [69.6949141, 23.262839000000003], [69.6950211, 23.262833800000006], [69.695027, 23.262937000000004], [69.6947889, 23.26294850000001], [69.69478560000002, 23.262889500000004], [69.6948284, 23.262887500000005], [69.6948263, 23.262850599999997]]]}}, {"type": "Feature", "properties": {"layer": "building", "distance_m": 224.9, "source": "Google Open Buildings", "in_industrial_zone": false, "ghsl_2018": 1}, "geometry": {"type": "Polygon", "coordinates": [[[69.6949829, 23.263117200000003], [69.69499350000001, 23.263201900000006], [69.6948709, 23.263215000000006], [69.6948603, 23.2631303], [69.6949829, 23.263117200000003]]]}}, {"type": "Feature", "properties": {"layer": "building", "distance_m": 218.4, "source": "Google Open Buildings", "in_industrial_zone": false, "ghsl_2018": 1}, "geometry": {"type": "Polygon", "coordinates": [[[69.69499350000001, 23.263201900000006], [69.695005, 23.263294000000002], [69.6948825, 23.2633071], [69.6948709, 23.263215000000006], [69.69499350000001, 23.263201900000006]]]}}, {"type": "Feature", "properties": {"layer": "building", "distance_m": 223.1, "source": "Google Open Buildings", "in_industrial_zone": false, "ghsl_2018": 1}, "geometry": {"type": "Polygon", "coordinates": [[[69.6952489, 23.2628084], [69.6952603, 23.2628956], [69.6950573, 23.262918100000004], [69.695046, 23.262831000000006], [69.6952489, 23.2628084]]]}}, {"type": "Feature", "properties": {"layer": "building", "distance_m": 136.9, "source": "Google Open Buildings", "in_industrial_zone": false, "ghsl_2018": 1}, "geometry": {"type": "Polygon", "coordinates": [[[69.6950686, 23.266153700000004], [69.695133, 23.266167300000003], [69.6951086, 23.266266200000004], [69.6950442, 23.266252599999998], [69.6950686, 23.266153700000004]]]}}, {"type": "Feature", "properties": {"layer": "building", "distance_m": 126.2, "source": "Google Open Buildings", "in_industrial_zone": false, "ghsl_2018": 1}, "geometry": {"type": "Polygon", "coordinates": [[[69.6951401, 23.266139], [69.6952436, 23.2661609], [69.6952122, 23.266288100000008], [69.6951086, 23.266266200000004], [69.6951401, 23.266139]]]}}, {"type": "Feature", "properties": {"layer": "building", "distance_m": 129.7, "source": "Google Open Buildings", "in_industrial_zone": false, "ghsl_2018": 1}, "geometry": {"type": "Polygon", "coordinates": [[[69.6951445, 23.2660937], [69.6951758, 23.266095], [69.6951744, 23.26612460000001], [69.6951431, 23.266123299999997], [69.6951445, 23.2660937]]]}}, {"type": "Feature", "properties": {"layer": "building", "distance_m": 89.7, "source": "Microsoft ML Buildings", "in_industrial_zone": false, "ghsl_2018": 1}, "geometry": {"type": "Polygon", "coordinates": [[[69.6952131, 23.265738099999997], [69.6952499, 23.265748500000004], [69.6953018, 23.265593000000006], [69.69539250000001, 23.2656186], [69.6953173, 23.265843800000006], [69.6951898, 23.265808000000007], [69.6952131, 23.265738099999997]]]}}, {"type": "Feature", "properties": {"layer": "building", "distance_m": 122.5, "source": "Google Open Buildings", "in_industrial_zone": false, "ghsl_2018": 1}, "geometry": {"type": "Polygon", "coordinates": [[[69.6951935, 23.266083], [69.69525, 23.2660907], [69.69524199999998, 23.2661407], [69.6951855, 23.266133000000007], [69.6951935, 23.266083]]]}}, {"type": "Feature", "properties": {"layer": "building", "distance_m": 141.5, "source": "Google Open Buildings", "in_industrial_zone": false, "ghsl_2018": 1}, "geometry": {"type": "Polygon", "coordinates": [[[69.6947154, 23.267597400000007], [69.6947555, 23.267314599999995], [69.6948763, 23.2673293], [69.69487279999998, 23.2673543], [69.695731, 23.267458300000005], [69.69571929999998, 23.26754070000001], [69.6953133, 23.26749149999999], [69.6953085, 23.267525599999995], [69.6952742, 23.267521500000004], [69.6952791, 23.2674874], [69.694837, 23.2674338], [69.69481209999998, 23.2676091], [69.6947154, 23.267597400000007]]]}}, {"type": "Feature", "properties": {"layer": "building", "distance_m": 239.0, "source": "Google Open Buildings", "in_industrial_zone": false, "ghsl_2018": 0}, "geometry": {"type": "Polygon", "coordinates": [[[69.69449949999999, 23.267174899999997], [69.69454770000002, 23.267182699999996], [69.6945315, 23.267268400000003], [69.69448329999999, 23.267260700000012], [69.69449949999999, 23.267174899999997]]]}}, {"type": "Feature", "properties": {"layer": "building", "distance_m": 219.2, "source": "Microsoft ML Buildings", "in_industrial_zone": false, "ghsl_2018": 0}, "geometry": {"type": "Polygon", "coordinates": [[[69.69431509999998, 23.266406100000008], [69.69429859999998, 23.266447300000006], [69.6942584, 23.266433800000005], [69.6942957, 23.266340399999997], [69.69434530000001, 23.2663571], [69.69432449999998, 23.266409200000002], [69.69431509999998, 23.266406100000008]]]}}, {"type": "Feature", "properties": {"layer": "building", "distance_m": 239.5, "source": "Google Open Buildings", "in_industrial_zone": false, "ghsl_2018": 1}, "geometry": {"type": "Polygon", "coordinates": [[[69.6946491, 23.263149500000004], [69.6946943, 23.2634305], [69.69458850000001, 23.2634451], [69.6945432, 23.263164000000007], [69.6946491, 23.263149500000004]]]}}, {"type": "Feature", "properties": {"layer": "building", "distance_m": 263.1, "source": "Google Open Buildings", "in_industrial_zone": false, "ghsl_2018": 1}, "geometry": {"type": "Polygon", "coordinates": [[[69.6947006, 23.262876000000006], [69.6947154, 23.262966400000007], [69.69452350000002, 23.262993300000012], [69.6945087, 23.262902900000004], [69.6947006, 23.262876000000006]]]}}, {"type": "Feature", "properties": {"layer": "building", "distance_m": 257.2, "source": "Google Open Buildings", "in_industrial_zone": false, "ghsl_2018": 1}, "geometry": {"type": "Polygon", "coordinates": [[[69.6947047, 23.262972400000002], [69.69471770000001, 23.263057800000006], [69.6945237, 23.263082900000008], [69.6945108, 23.26299750000001], [69.6947047, 23.262972400000002]]]}}, {"type": "Feature", "properties": {"layer": "building", "distance_m": 262.4, "source": "Google Open Buildings", "in_industrial_zone": false, "ghsl_2018": 1}, "geometry": {"type": "Polygon", "coordinates": [[[69.69449889999999, 23.26319599999999], [69.6945333, 23.263192000000004], [69.694541, 23.263247500000002], [69.6945066, 23.26325160000001], [69.69449889999999, 23.26319599999999]]]}}, {"type": "Feature", "properties": {"layer": "building", "distance_m": 238.5, "source": "Google Open Buildings", "in_industrial_zone": false, "ghsl_2018": 1}, "geometry": {"type": "Polygon", "coordinates": [[[69.6945882, 23.2634448], [69.6946186, 23.263631], [69.6944177, 23.26365910000001], [69.6943872, 23.263472900000007], [69.6945882, 23.2634448]]]}}, {"type": "Feature", "properties": {"layer": "building", "distance_m": 233.8, "source": "Google Open Buildings", "in_industrial_zone": false, "ghsl_2018": 1}, "geometry": {"type": "Polygon", "coordinates": [[[69.6946186, 23.263631], [69.6946342, 23.2637264], [69.69443330000001, 23.263754400000014], [69.6944177, 23.26365910000001], [69.6946186, 23.263631]]]}}, {"type": "Feature", "properties": {"layer": "building", "distance_m": 227.8, "source": "Google Open Buildings", "in_industrial_zone": false, "ghsl_2018": 1}, "geometry": {"type": "Polygon", "coordinates": [[[69.6946343, 23.263799600000002], [69.6946478, 23.263901200000006], [69.69445109999998, 23.263923400000003], [69.6944376, 23.263821700000005], [69.6946343, 23.263799600000002]]]}}, {"type": "Feature", "properties": {"layer": "building", "distance_m": 269.9, "source": "Google Open Buildings", "in_industrial_zone": false, "ghsl_2018": 1}, "geometry": {"type": "Polygon", "coordinates": [[[69.6944751, 23.2629215], [69.69451590000001, 23.26314670000001], [69.69438230000002, 23.263167300000003], [69.69438590000001, 23.263187300000006], [69.69433169999999, 23.263195600000003], [69.69428730000001, 23.262950500000002], [69.6944751, 23.2629215]]]}}, {"type": "Feature", "properties": {"layer": "building", "distance_m": 299.1, "source": "Microsoft ML Buildings", "in_industrial_zone": false, "ghsl_2018": 1}, "geometry": {"type": "Polygon", "coordinates": [[[69.69433429999998, 23.2627606], [69.6942968, 23.262761600000005], [69.6942941, 23.2626804], [69.6943852, 23.262677799999995], [69.6943902, 23.26282910000001], [69.6943366, 23.262830600000004], [69.69433429999998, 23.2627606]]]}}, {"type": "Feature", "properties": {"layer": "building", "distance_m": 270.0, "source": "Microsoft ML Buildings", "in_industrial_zone": false, "ghsl_2018": 1}, "geometry": {"type": "Polygon", "coordinates": [[[69.6943023, 23.26361170000001], [69.69424129999999, 23.2636174], [69.694233, 23.263543200000008], [69.694294, 23.263537500000005], [69.6943023, 23.26361170000001]]]}}, {"type": "Feature", "properties": {"layer": "building", "distance_m": 306.4, "source": "Microsoft ML Buildings", "in_industrial_zone": false, "ghsl_2018": 1}, "geometry": {"type": "Polygon", "coordinates": [[[69.6943018, 23.262766300000006], [69.69430179999999, 23.2628352], [69.694224, 23.262835199999998], [69.694224, 23.262766300000003], [69.6943018, 23.262766300000006]]]}}, {"type": "Feature", "properties": {"layer": "building", "distance_m": 297.0, "source": "Google Open Buildings", "in_industrial_zone": false, "ghsl_2018": 1}, "geometry": {"type": "Polygon", "coordinates": [[[69.69420300000002, 23.26303100000001], [69.6942211, 23.263140600000007], [69.6940596, 23.263163299999995], [69.69404160000002, 23.263053700000007], [69.69420300000002, 23.26303100000001]]]}}, {"type": "Feature", "properties": {"layer": "building", "distance_m": 279.0, "source": "Microsoft ML Buildings", "in_industrial_zone": false, "ghsl_2018": 1}, "geometry": {"type": "Polygon", "coordinates": [[[69.6941765, 23.263543200000004], [69.6942152, 23.2635437], [69.69421419999999, 23.263600399999998], [69.6941756, 23.2635999], [69.6941765, 23.263543200000004]]]}}, {"type": "Feature", "properties": {"layer": "building", "distance_m": 283.0, "source": "Microsoft ML Buildings", "in_industrial_zone": false, "ghsl_2018": 1}, "geometry": {"type": "Polygon", "coordinates": [[[69.694028, 23.263816300000002], [69.6939413, 23.263827700000007], [69.6939277, 23.263740800000004], [69.6941181, 23.263715800000007], [69.6941264, 23.263768900000006], [69.6940227, 23.263782500000005], [69.694028, 23.263816300000002]]]}}, {"type": "Feature", "properties": {"layer": "building", "distance_m": 276.7, "source": "Google Open Buildings", "in_industrial_zone": false, "ghsl_2018": 1}, "geometry": {"type": "Polygon", "coordinates": [[[69.6942825, 23.2633275], [69.6942998, 23.263433100000004], [69.6941084, 23.263459900000015], [69.69413460000001, 23.263618900000015], [69.69393660000001, 23.26364670000001], [69.6938931, 23.2633821], [69.6942825, 23.2633275]]]}}, {"type": "Feature", "properties": {"layer": "building", "distance_m": 321.7, "source": "Google Open Buildings", "in_industrial_zone": false, "ghsl_2018": 1}, "geometry": {"type": "Polygon", "coordinates": [[[69.69414909999999, 23.262589199999997], [69.694176, 23.262757100000005], [69.6940632, 23.262772600000005], [69.69408410000001, 23.2629026], [69.6940042, 23.262913500000007], [69.6939565, 23.262615600000004], [69.69414909999999, 23.262589199999997]]]}}, {"type": "Feature", "properties": {"layer": "building", "distance_m": 309.3, "source": "Google Open Buildings", "in_industrial_zone": false, "ghsl_2018": 1}, "geometry": {"type": "Polygon", "coordinates": [[[69.694127, 23.262954900000004], [69.69414099999999, 23.263039799999994], [69.6939398, 23.263068], [69.6939258, 23.262983100000007], [69.694127, 23.262954900000004]]]}}, {"type": "Feature", "properties": {"layer": "building", "distance_m": 299.7, "source": "Google Open Buildings", "in_industrial_zone": false, "ghsl_2018": 1}, "geometry": {"type": "Polygon", "coordinates": [[[69.69404160000002, 23.263053700000007], [69.694091, 23.263354300000003], [69.693893, 23.263382100000005], [69.6938436, 23.26308150000001], [69.69404160000002, 23.263053700000007]]]}}, {"type": "Feature", "properties": {"layer": "building", "distance_m": 261.1, "source": "Google Open Buildings", "in_industrial_zone": false, "ghsl_2018": 0}, "geometry": {"type": "Polygon", "coordinates": [[[69.69402589999999, 23.264145100000004], [69.6940567, 23.264142400000004], [69.694063, 23.26420290000001], [69.6940322, 23.2642056], [69.69402589999999, 23.264145100000004]]]}}, {"type": "Feature", "properties": {"layer": "building", "distance_m": 257.3, "source": "Google Open Buildings", "in_industrial_zone": false, "ghsl_2018": 0}, "geometry": {"type": "Polygon", "coordinates": [[[69.69419690000001, 23.263975800000004], [69.69420710000001, 23.264063900000007], [69.6940156, 23.264082700000003], [69.6940054, 23.2639946], [69.69419690000001, 23.263975800000004]]]}}, {"type": "Feature", "properties": {"layer": "building", "distance_m": 246.1, "source": "Microsoft ML Buildings", "in_industrial_zone": false, "ghsl_2018": 0}, "geometry": {"type": "Polygon", "coordinates": [[[69.693933, 23.2663006], [69.6939377, 23.266235500000004], [69.6940058, 23.2662396], [69.6940011, 23.266304800000004], [69.693933, 23.2663006]]]}}, {"type": "Feature", "properties": {"layer": "building", "distance_m": 241.1, "source": "Microsoft ML Buildings", "in_industrial_zone": false, "ghsl_2018": 0}, "geometry": {"type": "Polygon", "coordinates": [[[69.6940665, 23.266258600000008], [69.6940618, 23.266313900000007], [69.6940072, 23.266309900000003], [69.69401189999999, 23.266254700000005], [69.6940665, 23.266258600000008]]]}}, {"type": "Feature", "properties": {"layer": "building", "distance_m": 261.7, "source": "Google Open Buildings", "in_industrial_zone": false, "ghsl_2018": 1}, "geometry": {"type": "Polygon", "coordinates": [[[69.69395539999998, 23.266561900000003], [69.6939923, 23.2665695], [69.69397960000002, 23.266621699999998], [69.6939427, 23.266614000000008], [69.69395539999998, 23.266561900000003]]]}}, {"type": "Feature", "properties": {"layer": "building", "distance_m": 273.1, "source": "Google Open Buildings", "in_industrial_zone": false, "ghsl_2018": 1}, "geometry": {"type": "Polygon", "coordinates": [[[69.6939381, 23.266775899999995], [69.6939681, 23.266778500000008], [69.6939646, 23.266813500000005], [69.6939346, 23.2668109], [69.6939381, 23.266775899999995]]]}}, {"type": "Feature", "properties": {"layer": "building", "distance_m": 314.5, "source": "Google Open Buildings", "in_industrial_zone": false, "ghsl_2018": 0}, "geometry": {"type": "Polygon", "coordinates": [[[69.69391639999999, 23.26805820000001], [69.69393909999998, 23.2680229], [69.6942216, 23.268177600000005], [69.69419889999999, 23.268212900000005], [69.69391639999999, 23.26805820000001]]]}}, {"type": "Feature", "properties": {"layer": "building", "distance_m": 293.5, "source": "Google Open Buildings", "in_industrial_zone": false, "ghsl_2018": 0}, "geometry": {"type": "Polygon", "coordinates": [[[69.69413239999999, 23.267584800000005], [69.694122, 23.2676228], [69.69409769999999, 23.267617100000006], [69.6941081, 23.267579100000003], [69.69413239999999, 23.267584800000005]]]}}, {"type": "Feature", "properties": {"layer": "building", "distance_m": 288.4, "source": "Microsoft ML Buildings", "in_industrial_zone": false, "ghsl_2018": 1}, "geometry": {"type": "Polygon", "coordinates": [[[69.6942057, 23.268091700000003], [69.6942585, 23.2678864], [69.69435, 23.2679062], [69.6942972, 23.268111600000005], [69.6942057, 23.268091700000003]]]}}, {"type": "Feature", "properties": {"layer": "building", "distance_m": 299.2, "source": "Microsoft ML Buildings", "in_industrial_zone": false, "ghsl_2018": 1}, "geometry": {"type": "Polygon", "coordinates": [[[69.69438159999999, 23.26815500000001], [69.69437359999999, 23.268193000000004], [69.6942817, 23.2681766], [69.6942898, 23.2681386], [69.69438159999999, 23.26815500000001]]]}}, {"type": "Feature", "properties": {"layer": "building", "distance_m": 281.7, "source": "Microsoft ML Buildings", "in_industrial_zone": false, "ghsl_2018": 1}, "geometry": {"type": "Polygon", "coordinates": [[[69.6943759, 23.26787310000001], [69.6943357, 23.267861400000008], [69.6943226, 23.267899499999995], [69.69427249999998, 23.267884900000006], [69.69429689999998, 23.267814199999997], [69.6943871, 23.2678404], [69.6943759, 23.26787310000001]]]}}, {"type": "Feature", "properties": {"layer": "building", "distance_m": 291.9, "source": "Google Open Buildings", "in_industrial_zone": false, "ghsl_2018": 1}, "geometry": {"type": "Polygon", "coordinates": [[[69.69436809999999, 23.268076100000005], [69.69441489999998, 23.268078400000007], [69.6944118, 23.268133000000006], [69.69436489999998, 23.268130700000004], [69.69436809999999, 23.268076100000005]]]}}, {"type": "Feature", "properties": {"layer": "building", "distance_m": 287.0, "source": "Google Open Buildings", "in_industrial_zone": false, "ghsl_2018": 1}, "geometry": {"type": "Polygon", "coordinates": [[[69.69445, 23.268132400000002], [69.69451349999999, 23.26814010000001], [69.69450779999998, 23.268180300000008], [69.6944443, 23.2681726], [69.69445, 23.268132400000002]]]}}, {"type": "Feature", "properties": {"layer": "building", "distance_m": 284.2, "source": "Google Open Buildings", "in_industrial_zone": false, "ghsl_2018": 1}, "geometry": {"type": "Polygon", "coordinates": [[[69.69457489999999, 23.26822020000001], [69.694623, 23.268240700000003], [69.6945818, 23.268322800000004], [69.69453380000002, 23.2683022], [69.69457489999999, 23.26822020000001]]]}}, {"type": "Feature", "properties": {"layer": "building", "distance_m": 285.9, "source": "Google Open Buildings", "in_industrial_zone": false, "ghsl_2018": 1}, "geometry": {"type": "Polygon", "coordinates": [[[69.6945873, 23.268294600000008], [69.69469799999999, 23.268354800000008], [69.6946728, 23.2683944], [69.6945621, 23.268334100000004], [69.6945873, 23.268294600000008]]]}}, {"type": "Feature", "properties": {"layer": "building", "distance_m": 224.0, "source": "Google Open Buildings", "in_industrial_zone": false, "ghsl_2018": 1}, "geometry": {"type": "Polygon", "coordinates": [[[69.6947198, 23.267666200000008], [69.69493909999998, 23.267691700000004], [69.6948966, 23.268003399999998], [69.6946774, 23.267978000000006], [69.6947198, 23.267666200000008]]]}}, {"type": "Feature", "properties": {"layer": "building", "distance_m": 257.8, "source": "Google Open Buildings", "in_industrial_zone": false, "ghsl_2018": 1}, "geometry": {"type": "Polygon", "coordinates": [[[69.69496369999999, 23.268292500000005], [69.6950294, 23.268318600000008], [69.69502089999999, 23.268336800000004], [69.6949553, 23.268310700000008], [69.69496369999999, 23.268292500000005]]]}}, {"type": "Feature", "properties": {"layer": "building", "distance_m": 268.5, "source": "Microsoft ML Buildings", "in_industrial_zone": false, "ghsl_2018": 1}, "geometry": {"type": "Polygon", "coordinates": [[[69.69493179999999, 23.268428400000012], [69.69490699999999, 23.26842030000001], [69.69492479999998, 23.2683744], [69.6949497, 23.268382500000005], [69.69493179999999, 23.268428400000012]]]}}, {"type": "Feature", "properties": {"layer": "building", "distance_m": 268.2, "source": "Google Open Buildings", "in_industrial_zone": false, "ghsl_2018": 1}, "geometry": {"type": "Polygon", "coordinates": [[[69.6949913, 23.26841780000001], [69.6949067, 23.268550800000014], [69.6948752, 23.268533699999995], [69.69495979999999, 23.2684007], [69.6949913, 23.26841780000001]]]}}, {"type": "Feature", "properties": {"layer": "building", "distance_m": 261.7, "source": "Google Open Buildings", "in_industrial_zone": false, "ghsl_2018": 1}, "geometry": {"type": "Polygon", "coordinates": [[[69.6948409, 23.268221899999997], [69.69492469999999, 23.268265300000003], [69.6948641, 23.268365300000003], [69.6949175, 23.268392899999995], [69.6948673, 23.2684757], [69.6947301, 23.268404599999997], [69.6948409, 23.268221899999997]]]}}, {"type": "Feature", "properties": {"layer": "building", "distance_m": 215.7, "source": "Google Open Buildings", "in_industrial_zone": false, "ghsl_2018": 1}, "geometry": {"type": "Polygon", "coordinates": [[[69.6948359, 23.267555200000004], [69.6949628, 23.267570000000003], [69.6949479, 23.267679200000007], [69.694821, 23.267664500000002], [69.6948359, 23.267555200000004]]]}}, {"type": "Feature", "properties": {"layer": "building", "distance_m": 208.1, "source": "Google Open Buildings", "in_industrial_zone": false, "ghsl_2018": 1}, "geometry": {"type": "Polygon", "coordinates": [[[69.69493569999999, 23.267665900000004], [69.69511610000002, 23.2676878], [69.6951078, 23.267745799999997], [69.69492749999999, 23.267724000000005], [69.69493569999999, 23.267665900000004]]]}}, {"type": "Feature", "properties": {"layer": "building", "distance_m": 220.2, "source": "Microsoft ML Buildings", "in_industrial_zone": false, "ghsl_2018": 1}, "geometry": {"type": "Polygon", "coordinates": [[[69.69497710000002, 23.26798230000001], [69.69497949999999, 23.26784580000001], [69.69508669999999, 23.26784740000001], [69.6950843, 23.2679839], [69.69497710000002, 23.26798230000001]]]}}, {"type": "Feature", "properties": {"layer": "building", "distance_m": 254.4, "source": "Google Open Buildings", "in_industrial_zone": false, "ghsl_2018": 1}, "geometry": {"type": "Polygon", "coordinates": [[[69.6950575, 23.268331999999997], [69.6951127, 23.268354400000003], [69.69507019999999, 23.268443700000006], [69.695015, 23.268421299999996], [69.6950575, 23.268331999999997]]]}}, {"type": "Feature", "properties": {"layer": "building", "distance_m": 265.0, "source": "Microsoft ML Buildings", "in_industrial_zone": false, "ghsl_2018": 1}, "geometry": {"type": "Polygon", "coordinates": [[[69.69511, 23.268547400000006], [69.6951285, 23.268514300000007], [69.695173, 23.268535300000003], [69.69515449999999, 23.268568400000014], [69.69511, 23.268547400000006]]]}}, {"type": "Feature", "properties": {"layer": "building", "distance_m": 199.3, "source": "Google Open Buildings", "in_industrial_zone": false, "ghsl_2018": 1}, "geometry": {"type": "Polygon", "coordinates": [[[69.6951627, 23.267670700000004], [69.6952101, 23.267676200000007], [69.6951966, 23.267774999999993], [69.6951492, 23.267769499999993], [69.6951627, 23.267670700000004]]]}}, {"type": "Feature", "properties": {"layer": "building", "distance_m": 250.4, "source": "Microsoft ML Buildings", "in_industrial_zone": false, "ghsl_2018": 1}, "geometry": {"type": "Polygon", "coordinates": [[[69.69527809999998, 23.2684445], [69.69521379999999, 23.26859070000001], [69.6951677, 23.2685736], [69.695232, 23.268427400000004], [69.69527809999998, 23.2684445]]]}}, {"type": "Feature", "properties": {"layer": "building", "distance_m": 309.9, "source": "Google Open Buildings", "in_industrial_zone": false, "ghsl_2018": 0}, "geometry": {"type": "Polygon", "coordinates": [[[69.69385769999998, 23.267695700000008], [69.6940285, 23.267739400000004], [69.69397640000001, 23.2679132], [69.6938056, 23.267869500000007], [69.69385769999998, 23.267695700000008]]]}}, {"type": "Feature", "properties": {"layer": "building", "distance_m": 318.7, "source": "Google Open Buildings", "in_industrial_zone": false, "ghsl_2018": 0}, "geometry": {"type": "Polygon", "coordinates": [[[69.6938358, 23.267606300000008], [69.69388240000002, 23.267618600000006], [69.6938729, 23.267649400000003], [69.6938263, 23.267637100000012], [69.6938358, 23.267606300000008]]]}}, {"type": "Feature", "properties": {"layer": "building", "distance_m": 325.4, "source": "Google Open Buildings", "in_industrial_zone": false, "ghsl_2018": 0}, "geometry": {"type": "Polygon", "coordinates": [[[69.6937907, 23.267882300000004], [69.69395510000001, 23.267925300000005], [69.6939235, 23.268028300000005], [69.69375909999998, 23.267985300000003], [69.6937907, 23.267882300000004]]]}}, {"type": "Feature", "properties": {"layer": "building", "distance_m": 349.5, "source": "Microsoft ML Buildings", "in_industrial_zone": false, "ghsl_2018": 0}, "geometry": {"type": "Polygon", "coordinates": [[[69.69353560000002, 23.2678348], [69.69347910000002, 23.2678154], [69.6935357, 23.267675799999996], [69.69359229999999, 23.2676951], [69.69353560000002, 23.2678348]]]}}, {"type": "Feature", "properties": {"layer": "building", "distance_m": 457.0, "source": "Microsoft ML Buildings", "in_industrial_zone": false, "ghsl_2018": 0}, "geometry": {"type": "Polygon", "coordinates": [[[69.6927648, 23.268429400000006], [69.69270449999999, 23.268426600000005], [69.69270689999999, 23.268382400000007], [69.69276729999999, 23.268385200000008], [69.6927648, 23.268429400000006]]]}}, {"type": "Feature", "properties": {"layer": "building", "distance_m": 301.3, "source": "Microsoft ML Buildings", "in_industrial_zone": false, "ghsl_2018": 1}, "geometry": {"type": "Polygon", "coordinates": [[[69.6982187, 23.270071400000003], [69.6981145, 23.27006559999999], [69.6981169, 23.270028799999995], [69.6982211, 23.270034600000002], [69.6982187, 23.270071400000003]]]}}, {"type": "Feature", "properties": {"layer": "building", "distance_m": 264.5, "source": "Microsoft ML Buildings", "in_industrial_zone": false, "ghsl_2018": 1}, "geometry": {"type": "Polygon", "coordinates": [[[69.6982254, 23.269674700000007], [69.6982134, 23.269712400000003], [69.6981467, 23.2696944], [69.6981588, 23.269656700000002], [69.6982254, 23.269674700000007]]]}}, {"type": "Feature", "properties": {"layer": "building", "distance_m": 274.0, "source": "Microsoft ML Buildings", "in_industrial_zone": false, "ghsl_2018": 0}, "geometry": {"type": "Polygon", "coordinates": [[[69.6980802, 23.26970880000001], [69.6980445, 23.269754], [69.6980217, 23.269738800000002], [69.6980574, 23.269693600000007], [69.6980802, 23.26970880000001]]]}}, {"type": "Feature", "properties": {"layer": "building", "distance_m": 112.3, "source": "Microsoft ML Buildings", "in_industrial_zone": false, "ghsl_2018": 0}, "geometry": {"type": "Polygon", "coordinates": [[[69.6971805, 23.2681687], [69.6971682, 23.268127499999995], [69.6972095, 23.268117099999998], [69.6972218, 23.268158300000003], [69.6971805, 23.2681687]]]}}, {"type": "Feature", "properties": {"layer": "building", "distance_m": 467.3, "source": "Microsoft ML Buildings", "in_industrial_zone": false, "ghsl_2018": 0}, "geometry": {"type": "Polygon", "coordinates": [[[69.6969361, 23.27139940000001], [69.6968586, 23.271380200000003], [69.6968789, 23.271311300000004], [69.6969563, 23.2713306], [69.6969361, 23.27139940000001]]]}}, {"type": "Feature", "properties": {"layer": "building", "distance_m": 167.7, "source": "Microsoft ML Buildings", "in_industrial_zone": false, "ghsl_2018": 1}, "geometry": {"type": "Polygon", "coordinates": [[[69.6957003, 23.267852], [69.695647, 23.267848000000008], [69.6956522, 23.267790199999997], [69.6957055, 23.2677943], [69.6957003, 23.267852]]]}}, {"type": "Feature", "properties": {"layer": "building", "distance_m": 159.7, "source": "Microsoft ML Buildings", "in_industrial_zone": false, "ghsl_2018": 1}, "geometry": {"type": "Polygon", "coordinates": [[[69.69573399999999, 23.2677452], [69.69576339999999, 23.26774630000001], [69.6957613, 23.267793100000006], [69.6957319, 23.26779190000001], [69.69573399999999, 23.2677452]]]}}, {"type": "Feature", "properties": {"layer": "building", "distance_m": 158.9, "source": "Google Open Buildings", "in_industrial_zone": false, "ghsl_2018": 1}, "geometry": {"type": "Polygon", "coordinates": [[[69.695772, 23.267761700000005], [69.6957943, 23.267763600000002], [69.6957891, 23.267817000000004], [69.6957667, 23.2678151], [69.695772, 23.267761700000005]]]}}, {"type": "Feature", "properties": {"layer": "building", "distance_m": 127.2, "source": "Google Open Buildings", "in_industrial_zone": false, "ghsl_2018": 1}, "geometry": {"type": "Polygon", "coordinates": [[[69.6959636, 23.2675149], [69.6958378, 23.268218500000007], [69.69573639999999, 23.268203000000007], [69.6958622, 23.2674994], [69.6959636, 23.2675149]]]}}, {"type": "Feature", "properties": {"layer": "building", "distance_m": 159.6, "source": "Microsoft ML Buildings", "in_industrial_zone": false, "ghsl_2018": 1}, "geometry": {"type": "Polygon", "coordinates": [[[69.6961953, 23.268096500000006], [69.6962623, 23.268094300000005], [69.69626589999999, 23.268186300000007], [69.6961989, 23.268188500000008], [69.6961953, 23.268096500000006]]]}}, {"type": "Feature", "properties": {"layer": "building", "distance_m": 109.4, "source": "Google Open Buildings", "in_industrial_zone": false, "ghsl_2018": 1}, "geometry": {"type": "Polygon", "coordinates": [[[69.6962463, 23.2675276], [69.6962795, 23.267650800000006], [69.6961714, 23.267675600000004], [69.69613829999999, 23.26755240000001], [69.6962463, 23.2675276]]]}}, {"type": "Feature", "properties": {"layer": "building", "distance_m": 162.9, "source": "Google Open Buildings", "in_industrial_zone": false, "ghsl_2018": 0}, "geometry": {"type": "Polygon", "coordinates": [[[69.6965664, 23.268383500000006], [69.6965933, 23.268381400000003], [69.6965978, 23.26842910000001], [69.69657080000002, 23.268431300000003], [69.6965664, 23.268383500000006]]]}}, {"type": "Feature", "properties": {"layer": "building", "distance_m": 162.5, "source": "Google Open Buildings", "in_industrial_zone": false, "ghsl_2018": 0}, "geometry": {"type": "Polygon", "coordinates": [[[69.6964973, 23.268346300000005], [69.6965305, 23.2683404], [69.6965392, 23.2683822], [69.696506, 23.268388100000003], [69.6964973, 23.268346300000005]]]}}, {"type": "Feature", "properties": {"layer": "building", "distance_m": 133.1, "source": "Microsoft ML Buildings", "in_industrial_zone": false, "ghsl_2018": 1}, "geometry": {"type": "Polygon", "coordinates": [[[69.6966167, 23.262885300000008], [69.69659730000001, 23.262838800000008], [69.6966689, 23.262813700000002], [69.6966883, 23.262860100000005], [69.6966167, 23.262885300000008]]]}}, {"type": "Feature", "properties": {"layer": "building", "distance_m": 137.8, "source": "Microsoft ML Buildings", "in_industrial_zone": false, "ghsl_2018": 1}, "geometry": {"type": "Polygon", "coordinates": [[[69.6965853, 23.2628991], [69.696521, 23.262920099999995], [69.6964987, 23.262862400000007], [69.696563, 23.2628414], [69.6965853, 23.2628991]]]}}, {"type": "Feature", "properties": {"layer": "building", "distance_m": 131.8, "source": "Microsoft ML Buildings", "in_industrial_zone": false, "ghsl_2018": 1}, "geometry": {"type": "Polygon", "coordinates": [[[69.6964144, 23.2628693], [69.6964695, 23.262854200000003], [69.6965285, 23.263035100000003], [69.6964733, 23.263050200000002], [69.6964144, 23.2628693]]]}}, {"type": "Feature", "properties": {"layer": "building", "distance_m": 138.3, "source": "Microsoft ML Buildings", "in_industrial_zone": false, "ghsl_2018": 1}, "geometry": {"type": "Polygon", "coordinates": [[[69.69639920000002, 23.2629718], [69.6963768, 23.2630538], [69.6963037, 23.263036900000003], [69.6963261, 23.262954900000008], [69.69639920000002, 23.2629718]]]}}, {"type": "Feature", "properties": {"layer": "building", "distance_m": 157.4, "source": "Google Open Buildings", "in_industrial_zone": false, "ghsl_2018": 1}, "geometry": {"type": "Polygon", "coordinates": [[[69.6963438, 23.262808400000004], [69.6963814, 23.262798900000007], [69.6963912, 23.262832200000002], [69.6963536, 23.26284170000001], [69.6963438, 23.262808400000004]]]}}, {"type": "Feature", "properties": {"layer": "building", "distance_m": 132.9, "source": "Google Open Buildings", "in_industrial_zone": false, "ghsl_2018": 1}, "geometry": {"type": "Polygon", "coordinates": [[[69.6963083, 23.263083200000004], [69.6963412, 23.263098700000008], [69.6963229, 23.2631319], [69.69629, 23.263116400000005], [69.6963083, 23.263083200000004]]]}}, {"type": "Feature", "properties": {"layer": "building", "distance_m": 137.0, "source": "Google Open Buildings", "in_industrial_zone": false, "ghsl_2018": 1}, "geometry": {"type": "Polygon", "coordinates": [[[69.6962161, 23.2631015], [69.6962293, 23.263138200000007], [69.6961907, 23.263150000000003], [69.6961775, 23.263113200000003], [69.6962161, 23.2631015]]]}}, {"type": "Feature", "properties": {"layer": "building", "distance_m": 154.7, "source": "Microsoft ML Buildings", "in_industrial_zone": false, "ghsl_2018": 1}, "geometry": {"type": "Polygon", "coordinates": [[[69.696117, 23.26292130000001], [69.6961932, 23.262888600000004], [69.6962271, 23.262955400000006], [69.6961509, 23.2629881], [69.696117, 23.26292130000001]]]}}, {"type": "Feature", "properties": {"layer": "building", "distance_m": 147.9, "source": "Google Open Buildings", "in_industrial_zone": false, "ghsl_2018": 1}, "geometry": {"type": "Polygon", "coordinates": [[[69.6961014, 23.263046199999998], [69.6961358, 23.26303920000001], [69.6961435, 23.263071700000005], [69.6961091, 23.263078700000005], [69.6961014, 23.263046199999998]]]}}, {"type": "Feature", "properties": {"layer": "building", "distance_m": 156.2, "source": "Microsoft ML Buildings", "in_industrial_zone": false, "ghsl_2018": 1}, "geometry": {"type": "Polygon", "coordinates": [[[69.6961419, 23.2629846], [69.6960516, 23.2630306], [69.6960123, 23.26296530000001], [69.6961025, 23.2629194], [69.6961419, 23.2629846]]]}}, {"type": "Feature", "properties": {"layer": "building", "distance_m": 148.9, "source": "Google Open Buildings", "in_industrial_zone": false, "ghsl_2018": 1}, "geometry": {"type": "Polygon", "coordinates": [[[69.6960378, 23.2630529], [69.6960815, 23.263043600000003], [69.6960937, 23.263092199999996], [69.69605, 23.263101499999994], [69.6960378, 23.2630529]]]}}, {"type": "Feature", "properties": {"layer": "building", "distance_m": 127.8, "source": "Microsoft ML Buildings", "in_industrial_zone": false, "ghsl_2018": 1}, "geometry": {"type": "Polygon", "coordinates": [[[69.6960757, 23.26331980000001], [69.6960726, 23.26328060000001], [69.6961126, 23.263277900000002], [69.6961158, 23.263317100000002], [69.6960757, 23.26331980000001]]]}}, {"type": "Feature", "properties": {"layer": "building", "distance_m": 122.0, "source": "Google Open Buildings", "in_industrial_zone": false, "ghsl_2018": 1}, "geometry": {"type": "Polygon", "coordinates": [[[69.6960838, 23.2634157], [69.6960478, 23.263423700000004], [69.6960398, 23.263393000000004], [69.6960758, 23.263385000000003], [69.6960838, 23.2634157]]]}}, {"type": "Feature", "properties": {"layer": "building", "distance_m": 103.3, "source": "Google Open Buildings", "in_industrial_zone": false, "ghsl_2018": 0}, "geometry": {"type": "Polygon", "coordinates": [[[69.69609940000001, 23.267372199999997], [69.6961347, 23.267368000000005], [69.6961392, 23.267401300000007], [69.69610399999999, 23.267405500000002], [69.69609940000001, 23.267372199999997]]]}}, {"type": "Feature", "properties": {"layer": "building", "distance_m": 86.8, "source": "Google Open Buildings", "in_industrial_zone": false, "ghsl_2018": 1}, "geometry": {"type": "Polygon", "coordinates": [[[69.6958893, 23.266666200000014], [69.6959543, 23.266662899999996], [69.69595609999999, 23.266692300000006], [69.69589099999999, 23.26669550000002], [69.6958893, 23.266666200000014]]]}}, {"type": "Feature", "properties": {"layer": "building", "distance_m": 75.1, "source": "Google Open Buildings", "in_industrial_zone": false, "ghsl_2018": 1}, "geometry": {"type": "Polygon", "coordinates": [[[69.695828, 23.266238200000007], [69.69587119999998, 23.266245500000004], [69.69586320000002, 23.2662857], [69.69582, 23.266278400000004], [69.695828, 23.266238200000007]]]}}, {"type": "Feature", "properties": {"layer": "building", "distance_m": 66.4, "source": "Microsoft ML Buildings", "in_industrial_zone": false, "ghsl_2018": 1}, "geometry": {"type": "Polygon", "coordinates": [[[69.69577689999998, 23.266202600000007], [69.6957833, 23.266097000000006], [69.69585950000001, 23.266100800000004], [69.6958532, 23.266206500000006], [69.69577689999998, 23.266202600000007]]]}}, {"type": "Feature", "properties": {"layer": "building", "distance_m": 51.6, "source": "Microsoft ML Buildings", "in_industrial_zone": false, "ghsl_2018": 1}, "geometry": {"type": "Polygon", "coordinates": [[[69.6957753, 23.265845900000002], [69.6957735, 23.265809000000008], [69.6958713, 23.265805100000005], [69.6958731, 23.265841999999996], [69.6957753, 23.265845900000002]]]}}, {"type": "Feature", "properties": {"layer": "building", "distance_m": 105.1, "source": "Google Open Buildings", "in_industrial_zone": false, "ghsl_2018": 1}, "geometry": {"type": "Polygon", "coordinates": [[[69.695751, 23.266653], [69.695775, 23.2666535], [69.6957741, 23.266692700000007], [69.6957501, 23.26669220000001], [69.695751, 23.266653]]]}}, {"type": "Feature", "properties": {"layer": "building", "distance_m": 86.6, "source": "Google Open Buildings", "in_industrial_zone": false, "ghsl_2018": 1}, "geometry": {"type": "Polygon", "coordinates": [[[69.6957698, 23.266602000000002], [69.69595500000001, 23.2666012], [69.69595519999999, 23.266637300000003], [69.69577000000001, 23.26663810000001], [69.6957698, 23.266602000000002]]]}}, {"type": "Feature", "properties": {"layer": "building", "distance_m": 152.6, "source": "Microsoft ML Buildings", "in_industrial_zone": false, "ghsl_2018": 1}, "geometry": {"type": "Polygon", "coordinates": [[[69.6954642, 23.2673343], [69.6955305, 23.26734520000001], [69.6955238, 23.267379600000016], [69.6954575, 23.267368700000002], [69.6954642, 23.2673343]]]}}, {"type": "Feature", "properties": {"layer": "building", "distance_m": 97.7, "source": "Microsoft ML Buildings", "in_industrial_zone": false, "ghsl_2018": 1}, "geometry": {"type": "Polygon", "coordinates": [[[69.6954609, 23.266120500000007], [69.6954663, 23.26607420000001], [69.6955087, 23.266078400000005], [69.69550329999998, 23.266124699999995], [69.6954609, 23.266120500000007]]]}}, {"type": "Feature", "properties": {"layer": "building", "distance_m": 88.0, "source": "Google Open Buildings", "in_industrial_zone": false, "ghsl_2018": 1}, "geometry": {"type": "Polygon", "coordinates": [[[69.69535020000001, 23.265470300000008], [69.6953865, 23.26549350000001], [69.6953671, 23.2655194], [69.6953308, 23.265496200000005], [69.69535020000001, 23.265470300000008]]]}}, {"type": "Feature", "properties": {"layer": "building", "distance_m": 84.9, "source": "Google Open Buildings", "in_industrial_zone": false, "ghsl_2018": 1}, "geometry": {"type": "Polygon", "coordinates": [[[69.695386, 23.265496699999996], [69.6954194, 23.2655105], [69.695407, 23.2655363], [69.69537350000002, 23.265522500000007], [69.695386, 23.265496699999996]]]}}, {"type": "Feature", "properties": {"layer": "building", "distance_m": 75.0, "source": "Microsoft ML Buildings", "in_industrial_zone": false, "ghsl_2018": 1}, "geometry": {"type": "Polygon", "coordinates": [[[69.69552249999998, 23.265309200000004], [69.6955157, 23.265340000000002], [69.69547190000002, 23.265331800000002], [69.6954787, 23.265301000000008], [69.69552249999998, 23.265309200000004]]]}}, {"type": "Feature", "properties": {"layer": "building", "distance_m": 68.9, "source": "Google Open Buildings", "in_industrial_zone": false, "ghsl_2018": 1}, "geometry": {"type": "Polygon", "coordinates": [[[69.6955483, 23.265683100000004], [69.6956363, 23.265696800000004], [69.6956265, 23.265750699999998], [69.6955384, 23.26573690000001], [69.6955483, 23.265683100000004]]]}}, {"type": "Feature", "properties": {"layer": "building", "distance_m": 92.8, "source": "Google Open Buildings", "in_industrial_zone": false, "ghsl_2018": 1}, "geometry": {"type": "Polygon", "coordinates": [[[69.69551160000002, 23.2660605], [69.6955525, 23.266061700000005], [69.69555130000002, 23.26609480000001], [69.6955104, 23.2660935], [69.69551160000002, 23.2660605]]]}}, {"type": "Feature", "properties": {"layer": "building", "distance_m": 64.4, "source": "Microsoft ML Buildings", "in_industrial_zone": false, "ghsl_2018": 1}, "geometry": {"type": "Polygon", "coordinates": [[[69.6955826, 23.265808500000002], [69.6957381, 23.265811500000005], [69.6957363, 23.2658928], [69.6955808, 23.265889800000004], [69.6955826, 23.265808500000002]]]}}, {"type": "Feature", "properties": {"layer": "building", "distance_m": 60.0, "source": "Microsoft ML Buildings", "in_industrial_zone": false, "ghsl_2018": 1}, "geometry": {"type": "Polygon", "coordinates": [[[69.69561960000001, 23.2653579], [69.6956235, 23.265321200000002], [69.695666, 23.265325000000004], [69.6956621, 23.2653616], [69.69561960000001, 23.2653579]]]}}, {"type": "Feature", "properties": {"layer": "building", "distance_m": 149.5, "source": "Google Open Buildings", "in_industrial_zone": false, "ghsl_2018": 1}, "geometry": {"type": "Polygon", "coordinates": [[[69.6956317, 23.263395400000004], [69.695695, 23.263396400000012], [69.6956938, 23.263465200000006], [69.6956305, 23.2634642], [69.6956317, 23.263395400000004]]]}}, {"type": "Feature", "properties": {"layer": "building", "distance_m": 171.6, "source": "Microsoft ML Buildings", "in_industrial_zone": false, "ghsl_2018": 1}, "geometry": {"type": "Polygon", "coordinates": [[[69.695738, 23.2631009], [69.6956726, 23.263114200000004], [69.6956652, 23.263083600000005], [69.6957307, 23.263070300000003], [69.695738, 23.2631009]]]}}, {"type": "Feature", "properties": {"layer": "building", "distance_m": 154.4, "source": "Microsoft ML Buildings", "in_industrial_zone": false, "ghsl_2018": 1}, "geometry": {"type": "Polygon", "coordinates": [[[69.6955833, 23.26334330000001], [69.6955811, 23.26330150000001], [69.6956496, 23.263298500000005], [69.6956468, 23.263246900000002], [69.6957325, 23.263243100000008], [69.6957374, 23.263336500000005], [69.6955833, 23.26334330000001]]]}}, {"type": "Feature", "properties": {"layer": "building", "distance_m": 166.8, "source": "Microsoft ML Buildings", "in_industrial_zone": false, "ghsl_2018": 1}, "geometry": {"type": "Polygon", "coordinates": [[[69.6956288, 23.263251300000004], [69.695623, 23.263210100000006], [69.695653, 23.263206500000006], [69.6956589, 23.2632476], [69.6956288, 23.263251300000004]]]}}, {"type": "Feature", "properties": {"layer": "building", "distance_m": 152.7, "source": "Microsoft ML Buildings", "in_industrial_zone": false, "ghsl_2018": 1}, "geometry": {"type": "Polygon", "coordinates": [[[69.6957718, 23.263321800000007], [69.6957408, 23.263323100000004], [69.6957374, 23.263259200000004], [69.6957685, 23.2632578], [69.6957718, 23.263321800000007]]]}}, {"type": "Feature", "properties": {"layer": "building", "distance_m": 156.1, "source": "Microsoft ML Buildings", "in_industrial_zone": false, "ghsl_2018": 1}, "geometry": {"type": "Polygon", "coordinates": [[[69.6957307, 23.26316930000001], [69.6957291, 23.2631275], [69.6958363, 23.263124], [69.69583940000001, 23.26320520000001], [69.6957992, 23.263206500000006], [69.6957977, 23.263167200000005], [69.6957307, 23.26316930000001]]]}}, {"type": "Feature", "properties": {"layer": "building", "distance_m": 182.0, "source": "Google Open Buildings", "in_industrial_zone": false, "ghsl_2018": 1}, "geometry": {"type": "Polygon", "coordinates": [[[69.69581810000001, 23.262884799999995], [69.6956406, 23.262868200000007], [69.6956483, 23.262797800000005], [69.6958904, 23.262820500000004], [69.6958859, 23.2628613], [69.6958214, 23.26285520000001], [69.69581810000001, 23.262884799999995]]]}}, {"type": "Feature", "properties": {"layer": "building", "distance_m": 192.0, "source": "Microsoft ML Buildings", "in_industrial_zone": false, "ghsl_2018": 1}, "geometry": {"type": "Polygon", "coordinates": [[[69.6957188, 23.262792900000008], [69.6957281, 23.262717500000004], [69.69581810000001, 23.262726900000004], [69.6958088, 23.262802300000004], [69.6957188, 23.262792900000008]]]}}, {"type": "Feature", "properties": {"layer": "building", "distance_m": 144.0, "source": "Microsoft ML Buildings", "in_industrial_zone": false, "ghsl_2018": 1}, "geometry": {"type": "Polygon", "coordinates": [[[69.6958091, 23.263344200000006], [69.6957753, 23.2632215], [69.6958434, 23.2632056], [69.6958771, 23.2633284], [69.6958091, 23.263344200000006]]]}}, {"type": "Feature", "properties": {"layer": "building", "distance_m": 143.1, "source": "Google Open Buildings", "in_industrial_zone": false, "ghsl_2018": 1}, "geometry": {"type": "Polygon", "coordinates": [[[69.6957352, 23.2634478], [69.6957638, 23.263453700000003], [69.6957565, 23.2634839], [69.6957279, 23.263477999999996], [69.6957352, 23.2634478]]]}}, {"type": "Feature", "properties": {"layer": "building", "distance_m": 125.6, "source": "Microsoft ML Buildings", "in_industrial_zone": false, "ghsl_2018": 1}, "geometry": {"type": "Polygon", "coordinates": [[[69.6959545, 23.263357000000006], [69.69603060000001, 23.263346600000013], [69.6960408, 23.2634092], [69.6959647, 23.263419700000004], [69.6959545, 23.263357000000006]]]}}, {"type": "Feature", "properties": {"layer": "building", "distance_m": 131.9, "source": "Microsoft ML Buildings", "in_industrial_zone": false, "ghsl_2018": 1}, "geometry": {"type": "Polygon", "coordinates": [[[69.6958713, 23.263424300000004], [69.6958625, 23.263371300000006], [69.6959453, 23.263359700000002], [69.6959541, 23.263412699999996], [69.6958713, 23.263424300000004]]]}}, {"type": "Feature", "properties": {"layer": "building", "distance_m": 140.6, "source": "Google Open Buildings", "in_industrial_zone": false, "ghsl_2018": 1}, "geometry": {"type": "Polygon", "coordinates": [[[69.6958831, 23.263239800000004], [69.69592340000001, 23.263230100000005], [69.6959339, 23.263267600000002], [69.6959623, 23.263260800000005], [69.69596889999998, 23.2632844], [69.6959003, 23.2633008], [69.6958831, 23.263239800000004]]]}}, {"type": "Feature", "properties": {"layer": "building", "distance_m": 162.8, "source": "Microsoft ML Buildings", "in_industrial_zone": false, "ghsl_2018": 1}, "geometry": {"type": "Polygon", "coordinates": [[[69.6959914, 23.262693400000003], [69.6960959, 23.26266250000001], [69.696178, 23.262896900000005], [69.6959909, 23.262952300000006], [69.6959166, 23.262740100000002], [69.6959992, 23.262715700000005], [69.6959914, 23.262693400000003]]]}}, {"type": "Feature", "properties": {"layer": "building", "distance_m": 222.2, "source": "Microsoft ML Buildings", "in_industrial_zone": false, "ghsl_2018": 1}, "geometry": {"type": "Polygon", "coordinates": [[[69.6960209, 23.262270700000002], [69.6960301, 23.262207800000002], [69.696096, 23.262215900000005], [69.6960868, 23.262278800000008], [69.6960209, 23.262270700000002]]]}}, {"type": "Feature", "properties": {"layer": "building", "distance_m": 191.3, "source": "Google Open Buildings", "in_industrial_zone": false, "ghsl_2018": 1}, "geometry": {"type": "Polygon", "coordinates": [[[69.6960735, 23.262554], [69.6961083, 23.262640800000007], [69.6959298, 23.2627018], [69.6958951, 23.262615100000012], [69.6960735, 23.262554]]]}}, {"type": "Feature", "properties": {"layer": "building", "distance_m": 202.2, "source": "Google Open Buildings", "in_industrial_zone": false, "ghsl_2018": 1}, "geometry": {"type": "Polygon", "coordinates": [[[69.6959995, 23.262379900000003], [69.6960709, 23.262548800000005], [69.6958862, 23.2626154], [69.6958291, 23.262480300000004], [69.695945, 23.262438500000002], [69.6959308, 23.262404700000005], [69.6959995, 23.262379900000003]]]}}, {"type": "Feature", "properties": {"layer": "building", "distance_m": 231.7, "source": "Microsoft ML Buildings", "in_industrial_zone": false, "ghsl_2018": 1}, "geometry": {"type": "Polygon", "coordinates": [[[69.6958639, 23.26223039999999], [69.6959414, 23.262234600000003], [69.6959374, 23.2622975], [69.6958598, 23.262293299999996], [69.6958639, 23.26223039999999]]]}}, {"type": "Feature", "properties": {"layer": "building", "distance_m": 236.0, "source": "Microsoft ML Buildings", "in_industrial_zone": false, "ghsl_2018": 1}, "geometry": {"type": "Polygon", "coordinates": [[[69.6959508, 23.262228100000005], [69.695864, 23.262225800000014], [69.6958656, 23.262175600000003], [69.6959524, 23.262177900000005], [69.6959508, 23.262228100000005]]]}}, {"type": "Feature", "properties": {"layer": "building", "distance_m": 239.0, "source": "Microsoft ML Buildings", "in_industrial_zone": false, "ghsl_2018": 1}, "geometry": {"type": "Polygon", "coordinates": [[[69.6959564, 23.26218450000001], [69.6958833, 23.2621674], [69.6959019, 23.262100300000007], [69.695975, 23.262117399999998], [69.6959564, 23.26218450000001]]]}}, {"type": "Feature", "properties": {"layer": "building", "distance_m": 243.4, "source": "Microsoft ML Buildings", "in_industrial_zone": false, "ghsl_2018": 1}, "geometry": {"type": "Polygon", "coordinates": [[[69.6959879, 23.262041700000005], [69.69598290000002, 23.262105499999993], [69.6959082, 23.262100600000007], [69.6959131, 23.262036800000004], [69.6959879, 23.262041700000005]]]}}, {"type": "Feature", "properties": {"layer": "building", "distance_m": 263.4, "source": "Microsoft ML Buildings", "in_industrial_zone": false, "ghsl_2018": 1}, "geometry": {"type": "Polygon", "coordinates": [[[69.6959307, 23.261905299999995], [69.6958727, 23.26189820000001], [69.6958817, 23.261835300000005], [69.6959397, 23.261842300000005], [69.6959307, 23.261905299999995]]]}}, {"type": "Feature", "properties": {"layer": "building", "distance_m": 255.5, "source": "Microsoft ML Buildings", "in_industrial_zone": false, "ghsl_2018": 1}, "geometry": {"type": "Polygon", "coordinates": [[[69.6958944, 23.261995100000004], [69.6958976, 23.26195090000001], [69.6959377, 23.261953400000007], [69.69593449999999, 23.261997500000003], [69.6958944, 23.261995100000004]]]}}, {"type": "Feature", "properties": {"layer": "building", "distance_m": 270.6, "source": "Microsoft ML Buildings", "in_industrial_zone": false, "ghsl_2018": 1}, "geometry": {"type": "Polygon", "coordinates": [[[69.6958955, 23.2618048], [69.69588999999999, 23.2616646], [69.6959177, 23.2616636], [69.69592, 23.261720200000003], [69.6959521, 23.2617192], [69.6959554, 23.26180280000001], [69.6958955, 23.2618048]]]}}, {"type": "Feature", "properties": {"layer": "building", "distance_m": 248.1, "source": "Google Open Buildings", "in_industrial_zone": false, "ghsl_2018": 1}, "geometry": {"type": "Polygon", "coordinates": [[[69.6959785, 23.2619601], [69.6960168, 23.261964000000003], [69.69600929999999, 23.262025700000002], [69.695971, 23.262021700000002], [69.6959785, 23.2619601]]]}}, {"type": "Feature", "properties": {"layer": "building", "distance_m": 276.4, "source": "Google Open Buildings", "in_industrial_zone": false, "ghsl_2018": 1}, "geometry": {"type": "Polygon", "coordinates": [[[69.6960535, 23.261587900000002], [69.6960607, 23.261664200000002], [69.6959892, 23.261670000000002], [69.695982, 23.261593700000002], [69.6960535, 23.261587900000002]]]}}, {"type": "Feature", "properties": {"layer": "building", "distance_m": 282.9, "source": "Google Open Buildings", "in_industrial_zone": false, "ghsl_2018": 1}, "geometry": {"type": "Polygon", "coordinates": [[[69.6959921, 23.261549900000006], [69.6960663, 23.261559400000007], [69.6960615, 23.261591999999997], [69.6959872, 23.2615825], [69.6959921, 23.261549900000006]]]}}, {"type": "Feature", "properties": {"layer": "building", "distance_m": 302.8, "source": "Microsoft ML Buildings", "in_industrial_zone": false, "ghsl_2018": 1}, "geometry": {"type": "Polygon", "coordinates": [[[69.6960698, 23.2613467], [69.6960564, 23.261381800000006], [69.6960126, 23.2613676], [69.696026, 23.261332500000005], [69.6960698, 23.2613467]]]}}, {"type": "Feature", "properties": {"layer": "building", "distance_m": 288.3, "source": "Microsoft ML Buildings", "in_industrial_zone": false, "ghsl_2018": 1}, "geometry": {"type": "Polygon", "coordinates": [[[69.69601540000001, 23.261495300000004], [69.6960554, 23.26151290000001], [69.6960365, 23.261548900000005], [69.6959965, 23.261531300000005], [69.69601540000001, 23.261495300000004]]]}}, {"type": "Feature", "properties": {"layer": "building", "distance_m": 292.8, "source": "Microsoft ML Buildings", "in_industrial_zone": false, "ghsl_2018": 1}, "geometry": {"type": "Polygon", "coordinates": [[[69.6960107, 23.2614905], [69.6959905, 23.261528200000004], [69.6959516, 23.261510600000005], [69.6959718, 23.2614729], [69.6960107, 23.2614905]]]}}, {"type": "Feature", "properties": {"layer": "building", "distance_m": 320.2, "source": "Google Open Buildings", "in_industrial_zone": false, "ghsl_2018": 1}, "geometry": {"type": "Polygon", "coordinates": [[[69.6959675, 23.261151400000003], [69.6959992, 23.261155499999997], [69.6959869, 23.261237000000005], [69.6959552, 23.261232900000003], [69.6959675, 23.261151400000003]]]}}, {"type": "Feature", "properties": {"layer": "building", "distance_m": 324.5, "source": "Google Open Buildings", "in_industrial_zone": false, "ghsl_2018": 1}, "geometry": {"type": "Polygon", "coordinates": [[[69.6960026, 23.261095800000007], [69.6960814, 23.261103200000008], [69.69607690000001, 23.26114390000001], [69.6959981, 23.261136600000007], [69.6960026, 23.261095800000007]]]}}, {"type": "Feature", "properties": {"layer": "building", "distance_m": 332.8, "source": "Google Open Buildings", "in_industrial_zone": false, "ghsl_2018": 1}, "geometry": {"type": "Polygon", "coordinates": [[[69.6960152, 23.260980900000007], [69.696094, 23.260988200000007], [69.6960868, 23.261053500000006], [69.696008, 23.2610461], [69.6960152, 23.260980900000007]]]}}, {"type": "Feature", "properties": {"layer": "building", "distance_m": 342.2, "source": "Microsoft ML Buildings", "in_industrial_zone": false, "ghsl_2018": 1}, "geometry": {"type": "Polygon", "coordinates": [[[69.6960068, 23.2609614], [69.6960133, 23.260925400000005], [69.6960681, 23.260933900000005], [69.6960615, 23.2609698], [69.6960068, 23.2609614]]]}}, {"type": "Feature", "properties": {"layer": "building", "distance_m": 334.4, "source": "Microsoft ML Buildings", "in_industrial_zone": false, "ghsl_2018": 0}, "geometry": {"type": "Polygon", "coordinates": [[[69.6959144, 23.261104799999995], [69.6959128, 23.26103580000001], [69.6959557, 23.261035000000003], [69.6959573, 23.261104000000007], [69.6959144, 23.261104799999995]]]}}, {"type": "Feature", "properties": {"layer": "building", "distance_m": 296.9, "source": "Google Open Buildings", "in_industrial_zone": false, "ghsl_2018": 1}, "geometry": {"type": "Polygon", "coordinates": [[[69.6959155, 23.261452200000004], [69.6959545, 23.261461800000006], [69.6959387, 23.261516700000005], [69.6958996, 23.261507100000003], [69.6959155, 23.261452200000004]]]}}, {"type": "Feature", "properties": {"layer": "building", "distance_m": 301.7, "source": "Microsoft ML Buildings", "in_industrial_zone": false, "ghsl_2018": 1}, "geometry": {"type": "Polygon", "coordinates": [[[69.6959057, 23.2614357], [69.695889, 23.261495900000003], [69.6958503, 23.261486900000005], [69.6958669, 23.261426700000005], [69.6959057, 23.2614357]]]}}, {"type": "Feature", "properties": {"layer": "building", "distance_m": 391.5, "source": "Google Open Buildings", "in_industrial_zone": false, "ghsl_2018": 1}, "geometry": {"type": "Polygon", "coordinates": [[[69.69571409999999, 23.260587], [69.6957532, 23.260586800000002], [69.6957534, 23.260617899999993], [69.69571429999999, 23.260618099999995], [69.69571409999999, 23.260587]]]}}, {"type": "Feature", "properties": {"layer": "building", "distance_m": 279.1, "source": "Google Open Buildings", "in_industrial_zone": false, "ghsl_2018": 1}, "geometry": {"type": "Polygon", "coordinates": [[[69.6957801, 23.2617739], [69.6958109, 23.26177830000001], [69.6958039, 23.2618194], [69.69577310000001, 23.261814900000005], [69.6957801, 23.2617739]]]}}, {"type": "Feature", "properties": {"layer": "building", "distance_m": 293.4, "source": "Microsoft ML Buildings", "in_industrial_zone": false, "ghsl_2018": 1}, "geometry": {"type": "Polygon", "coordinates": [[[69.6958661, 23.261605300000003], [69.6958048, 23.26159480000001], [69.6958134, 23.261551899999997], [69.6958747, 23.261562400000003], [69.6958661, 23.261605300000003]]]}}, {"type": "Feature", "properties": {"layer": "building", "distance_m": 284.8, "source": "Google Open Buildings", "in_industrial_zone": false, "ghsl_2018": 1}, "geometry": {"type": "Polygon", "coordinates": [[[69.6958141, 23.261663300000013], [69.6958729, 23.261676800000004], [69.6958654, 23.261704400000006], [69.6958066, 23.261690900000005], [69.6958141, 23.261663300000013]]]}}, {"type": "Feature", "properties": {"layer": "building", "distance_m": 258.7, "source": "Microsoft ML Buildings", "in_industrial_zone": false, "ghsl_2018": 1}, "geometry": {"type": "Polygon", "coordinates": [[[69.6958842, 23.262001900000005], [69.6958076, 23.261986200000003], [69.6958232, 23.261921900000004], [69.6958998, 23.2619376], [69.6958842, 23.262001900000005]]]}}, {"type": "Feature", "properties": {"layer": "building", "distance_m": 248.7, "source": "Google Open Buildings", "in_industrial_zone": false, "ghsl_2018": 1}, "geometry": {"type": "Polygon", "coordinates": [[[69.6958572, 23.262082099999997], [69.6958974, 23.262085500000005], [69.6958943, 23.2621173], [69.6958541, 23.26211390000001], [69.6958572, 23.262082099999997]]]}}, {"type": "Feature", "properties": {"layer": "building", "distance_m": 255.1, "source": "Microsoft ML Buildings", "in_industrial_zone": false, "ghsl_2018": 1}, "geometry": {"type": "Polygon", "coordinates": [[[69.6958166, 23.262108100000006], [69.6957686, 23.262104700000005], [69.6957715, 23.262070400000002], [69.6958195, 23.262073799999996], [69.6958166, 23.262108100000006]]]}}, {"type": "Feature", "properties": {"layer": "building", "distance_m": 247.4, "source": "Microsoft ML Buildings", "in_industrial_zone": false, "ghsl_2018": 1}, "geometry": {"type": "Polygon", "coordinates": [[[69.6958456, 23.262181700000006], [69.695777, 23.262178899999995], [69.6957804, 23.262108599999998], [69.695849, 23.262111300000004], [69.6958456, 23.262181700000006]]]}}, {"type": "Feature", "properties": {"layer": "building", "distance_m": 239.0, "source": "Microsoft ML Buildings", "in_industrial_zone": false, "ghsl_2018": 1}, "geometry": {"type": "Polygon", "coordinates": [[[69.6958387, 23.262285000000002], [69.6957726, 23.262277600000004], [69.6957771, 23.262244500000005], [69.6958431, 23.262252000000007], [69.6958387, 23.262285000000002]]]}}, {"type": "Feature", "properties": {"layer": "building", "distance_m": 214.0, "source": "Google Open Buildings", "in_industrial_zone": false, "ghsl_2018": 1}, "geometry": {"type": "Polygon", "coordinates": [[[69.6958112, 23.2624924], [69.6958506, 23.2624957], [69.6958463, 23.262539300000004], [69.6958069, 23.262536000000004], [69.6958112, 23.2624924]]]}}, {"type": "Feature", "properties": {"layer": "building", "distance_m": 195.2, "source": "Microsoft ML Buildings", "in_industrial_zone": false, "ghsl_2018": 1}, "geometry": {"type": "Polygon", "coordinates": [[[69.6958747, 23.2627238], [69.6957076, 23.262712600000008], [69.6957147, 23.262624300000013], [69.6958817, 23.262635600000003], [69.6958747, 23.2627238]]]}}, {"type": "Feature", "properties": {"layer": "building", "distance_m": 208.1, "source": "Microsoft ML Buildings", "in_industrial_zone": false, "ghsl_2018": 1}, "geometry": {"type": "Polygon", "coordinates": [[[69.695665, 23.262693000000006], [69.695681, 23.262608400000005], [69.6957122, 23.262613400000006], [69.6956962, 23.26269800000001], [69.695665, 23.262693000000006]]]}}, {"type": "Feature", "properties": {"layer": "building", "distance_m": 219.9, "source": "Google Open Buildings", "in_industrial_zone": false, "ghsl_2018": 1}, "geometry": {"type": "Polygon", "coordinates": [[[69.6956315, 23.2625605], [69.6956706, 23.262560300000008], [69.6956707, 23.262582900000005], [69.6956316, 23.262583100000004], [69.6956315, 23.2625605]]]}}, {"type": "Feature", "properties": {"layer": "building", "distance_m": 247.1, "source": "Microsoft ML Buildings", "in_industrial_zone": false, "ghsl_2018": 1}, "geometry": {"type": "Polygon", "coordinates": [[[69.695721, 23.262185300000002], [69.6957052, 23.262270000000004], [69.6956286, 23.262258], [69.6956444, 23.262173200000003], [69.695721, 23.262185300000002]]]}}, {"type": "Feature", "properties": {"layer": "building", "distance_m": 232.9, "source": "Microsoft ML Buildings", "in_industrial_zone": false, "ghsl_2018": 1}, "geometry": {"type": "Polygon", "coordinates": [[[69.6957977, 23.2623681], [69.6956864, 23.262362400000008], [69.6956832, 23.262415400000002], [69.6956046, 23.262411400000016], [69.6956076, 23.2623623], [69.6955873, 23.262361200000004], [69.6955907, 23.2623047], [69.6958009, 23.262315500000003], [69.6957977, 23.2623681]]]}}, {"type": "Feature", "properties": {"layer": "building", "distance_m": 231.1, "source": "Microsoft ML Buildings", "in_industrial_zone": false, "ghsl_2018": 1}, "geometry": {"type": "Polygon", "coordinates": [[[69.6956262, 23.262441000000003], [69.6956189, 23.262493400000007], [69.6955645, 23.262487], [69.6955718, 23.262434600000002], [69.6956262, 23.262441000000003]]]}}, {"type": "Feature", "properties": {"layer": "building", "distance_m": 220.4, "source": "Google Open Buildings", "in_industrial_zone": false, "ghsl_2018": 1}, "geometry": {"type": "Polygon", "coordinates": [[[69.6955875, 23.26255430000001], [69.69562129999998, 23.2625574], [69.6956149, 23.262615300000007], [69.69558119999999, 23.262612099999995], [69.6955875, 23.26255430000001]]]}}, {"type": "Feature", "properties": {"layer": "building", "distance_m": 214.3, "source": "Google Open Buildings", "in_industrial_zone": false, "ghsl_2018": 1}, "geometry": {"type": "Polygon", "coordinates": [[[69.6955771, 23.262649400000008], [69.6956109, 23.262652499999998], [69.6956066, 23.262691800000006], [69.6955728, 23.262688600000004], [69.6955771, 23.262649400000008]]]}}, {"type": "Feature", "properties": {"layer": "building", "distance_m": 217.4, "source": "Google Open Buildings", "in_industrial_zone": false, "ghsl_2018": 1}, "geometry": {"type": "Polygon", "coordinates": [[[69.69558119999999, 23.262612099999995], [69.6956149, 23.262615300000007], [69.6956109, 23.262652499999998], [69.6955771, 23.262649400000008], [69.69558119999999, 23.262612099999995]]]}}, {"type": "Feature", "properties": {"layer": "building", "distance_m": 309.4, "source": "Google Open Buildings", "in_industrial_zone": false, "ghsl_2018": 1}, "geometry": {"type": "Polygon", "coordinates": [[[69.69549500000001, 23.261616200000002], [69.6955036, 23.2617037], [69.6953176, 23.2617196], [69.695309, 23.261631800000004], [69.69549500000001, 23.261616200000002]]]}}, {"type": "Feature", "properties": {"layer": "building", "distance_m": 321.6, "source": "Google Open Buildings", "in_industrial_zone": false, "ghsl_2018": 0}, "geometry": {"type": "Polygon", "coordinates": [[[69.6955145, 23.261475500000007], [69.695543, 23.2614767], [69.6955408, 23.261522100000008], [69.6955123, 23.2615209], [69.6955145, 23.261475500000007]]]}}, {"type": "Feature", "properties": {"layer": "building", "distance_m": 357.8, "source": "Google Open Buildings", "in_industrial_zone": false, "ghsl_2018": 1}, "geometry": {"type": "Polygon", "coordinates": [[[69.6954535, 23.2610233], [69.69552909999999, 23.2610277], [69.6955231, 23.261116200000004], [69.69544749999999, 23.261111800000002], [69.6954535, 23.2610233]]]}}, {"type": "Feature", "properties": {"layer": "building", "distance_m": 352.5, "source": "Google Open Buildings", "in_industrial_zone": false, "ghsl_2018": 1}, "geometry": {"type": "Polygon", "coordinates": [[[69.6954446, 23.261154800000007], [69.6954717, 23.261156400000004], [69.6954677, 23.261216100000002], [69.6954405, 23.261214500000005], [69.6954446, 23.261154800000007]]]}}, {"type": "Feature", "properties": {"layer": "building", "distance_m": 338.0, "source": "Microsoft ML Buildings", "in_industrial_zone": false, "ghsl_2018": 1}, "geometry": {"type": "Polygon", "coordinates": [[[69.6954434, 23.261304600000003], [69.69549060000001, 23.261307000000006], [69.6954867, 23.261370900000006], [69.6954395, 23.261368400000002], [69.6954434, 23.261304600000003]]]}}, {"type": "Feature", "properties": {"layer": "building", "distance_m": 331.1, "source": "Google Open Buildings", "in_industrial_zone": false, "ghsl_2018": 1}, "geometry": {"type": "Polygon", "coordinates": [[[69.6953808, 23.261483700000007], [69.6954172, 23.261483499999994], [69.6954173, 23.261509300000007], [69.6953809, 23.261509500000003], [69.6953808, 23.261483700000007]]]}}, {"type": "Feature", "properties": {"layer": "building", "distance_m": 335.6, "source": "Microsoft ML Buildings", "in_industrial_zone": false, "ghsl_2018": 1}, "geometry": {"type": "Polygon", "coordinates": [[[69.69530659999998, 23.2614249], [69.6954101, 23.26142190000001], [69.6954114, 23.26145980000001], [69.6953079, 23.26146280000001], [69.69530659999998, 23.2614249]]]}}, {"type": "Feature", "properties": {"layer": "building", "distance_m": 343.7, "source": "Microsoft ML Buildings", "in_industrial_zone": false, "ghsl_2018": 1}, "geometry": {"type": "Polygon", "coordinates": [[[69.69540049999999, 23.2613708], [69.6953094, 23.261373100000004], [69.69530739999999, 23.261306599999998], [69.6953985, 23.26130430000001], [69.69540049999999, 23.2613708]]]}}, {"type": "Feature", "properties": {"layer": "building", "distance_m": 366.3, "source": "Microsoft ML Buildings", "in_industrial_zone": false, "ghsl_2018": 1}, "geometry": {"type": "Polygon", "coordinates": [[[69.69533209999999, 23.261023899999998], [69.6954098, 23.261026300000008], [69.695407, 23.261101200000002], [69.6953293, 23.26109870000001], [69.69533209999999, 23.261023899999998]]]}}, {"type": "Feature", "properties": {"layer": "building", "distance_m": 396.4, "source": "Google Open Buildings", "in_industrial_zone": false, "ghsl_2018": 1}, "geometry": {"type": "Polygon", "coordinates": [[[69.69537989999999, 23.26072120000001], [69.69542359999998, 23.260715300000005], [69.69542899999999, 23.260749900000004], [69.6953853, 23.260755800000002], [69.69537989999999, 23.26072120000001]]]}}, {"type": "Feature", "properties": {"layer": "building", "distance_m": 380.3, "source": "Google Open Buildings", "in_industrial_zone": false, "ghsl_2018": 1}, "geometry": {"type": "Polygon", "coordinates": [[[69.6953864, 23.260900400000004], [69.6954181, 23.260900999999997], [69.6954174, 23.2609359], [69.69538559999998, 23.260935300000003], [69.6953864, 23.260900400000004]]]}}, {"type": "Feature", "properties": {"layer": "building", "distance_m": 383.9, "source": "Microsoft ML Buildings", "in_industrial_zone": false, "ghsl_2018": 1}, "geometry": {"type": "Polygon", "coordinates": [[[69.69543649999999, 23.260883100000004], [69.69534539999998, 23.260886199999998], [69.695343, 23.2608272], [69.69543399999999, 23.260824], [69.69543649999999, 23.260883100000004]]]}}, {"type": "Feature", "properties": {"layer": "building", "distance_m": 398.4, "source": "Google Open Buildings", "in_industrial_zone": false, "ghsl_2018": 1}, "geometry": {"type": "Polygon", "coordinates": [[[69.69533769999998, 23.2607268], [69.69537989999999, 23.26072120000001], [69.6953853, 23.260755800000002], [69.6953431, 23.260761400000003], [69.69533769999998, 23.2607268]]]}}, {"type": "Feature", "properties": {"layer": "building", "distance_m": 389.0, "source": "Microsoft ML Buildings", "in_industrial_zone": false, "ghsl_2018": 1}, "geometry": {"type": "Polygon", "coordinates": [[[69.6955413, 23.260761600000002], [69.69550279999999, 23.260763300000004], [69.69549909999999, 23.260689500000005], [69.69553760000001, 23.2606879], [69.6955413, 23.260761600000002]]]}}, {"type": "Feature", "properties": {"layer": "building", "distance_m": 420.5, "source": "Microsoft ML Buildings", "in_industrial_zone": false, "ghsl_2018": 1}, "geometry": {"type": "Polygon", "coordinates": [[[69.6955802, 23.2603579], [69.69557709999998, 23.260408500000004], [69.6954728, 23.260403000000007], [69.69547599999999, 23.260352400000006], [69.6955802, 23.2603579]]]}}, {"type": "Feature", "properties": {"layer": "building", "distance_m": 400.4, "source": "Microsoft ML Buildings", "in_industrial_zone": false, "ghsl_2018": 1}, "geometry": {"type": "Polygon", "coordinates": [[[69.69561359999999, 23.260598600000005], [69.6955063, 23.2606008], [69.69550459999999, 23.260529400000003], [69.6956118, 23.260527200000006], [69.69561359999999, 23.260598600000005]]]}}, {"type": "Feature", "properties": {"layer": "building", "distance_m": 379.7, "source": "Microsoft ML Buildings", "in_industrial_zone": false, "ghsl_2018": 1}, "geometry": {"type": "Polygon", "coordinates": [[[69.6955866, 23.260714100000005], [69.6956372, 23.260709900000002], [69.6956461, 23.26079930000001], [69.69559549999998, 23.260803600000006], [69.6955866, 23.260714100000005]]]}}, {"type": "Feature", "properties": {"layer": "building", "distance_m": 384.9, "source": "Google Open Buildings", "in_industrial_zone": false, "ghsl_2018": 1}, "geometry": {"type": "Polygon", "coordinates": [[[69.69551139999999, 23.260779500000005], [69.6955548, 23.260775000000006], [69.6955572, 23.260795800000007], [69.6955139, 23.2608003], [69.69551139999999, 23.260779500000005]]]}}, {"type": "Feature", "properties": {"layer": "building", "distance_m": 355.5, "source": "Google Open Buildings", "in_industrial_zone": false, "ghsl_2018": 1}, "geometry": {"type": "Polygon", "coordinates": [[[69.69552929999999, 23.2610368], [69.69560489999999, 23.2610413], [69.69560159999999, 23.261089], [69.6955259, 23.261084499999996], [69.69552929999999, 23.2610368]]]}}, {"type": "Feature", "properties": {"layer": "building", "distance_m": 347.5, "source": "Microsoft ML Buildings", "in_industrial_zone": false, "ghsl_2018": 1}, "geometry": {"type": "Polygon", "coordinates": [[[69.69559249999999, 23.261144800000004], [69.6955906, 23.2611852], [69.6955264, 23.261182700000003], [69.69552819999998, 23.261142300000007], [69.69559249999999, 23.261144800000004]]]}}, {"type": "Feature", "properties": {"layer": "building", "distance_m": 334.9, "source": "Microsoft ML Buildings", "in_industrial_zone": false, "ghsl_2018": 1}, "geometry": {"type": "Polygon", "coordinates": [[[69.6955209, 23.2613063], [69.6955706, 23.261309900000004], [69.6955676, 23.261345200000004], [69.6955179, 23.2613416], [69.6955209, 23.2613063]]]}}, {"type": "Feature", "properties": {"layer": "building", "distance_m": 316.8, "source": "Google Open Buildings", "in_industrial_zone": false, "ghsl_2018": 0}, "geometry": {"type": "Polygon", "coordinates": [[[69.695545, 23.2615108], [69.6955861, 23.261519200000002], [69.6955788, 23.261549800000008], [69.69553769999999, 23.261541400000006], [69.695545, 23.2615108]]]}}, {"type": "Feature", "properties": {"layer": "building", "distance_m": 350.2, "source": "Google Open Buildings", "in_industrial_zone": false, "ghsl_2018": 1}, "geometry": {"type": "Polygon", "coordinates": [[[69.69553459999999, 23.261081499999992], [69.695628, 23.261098], [69.69562029999999, 23.261135900000003], [69.69552679999998, 23.2611197], [69.69553459999999, 23.261081499999992]]]}}, {"type": "Feature", "properties": {"layer": "building", "distance_m": 358.4, "source": "Google Open Buildings", "in_industrial_zone": false, "ghsl_2018": 1}, "geometry": {"type": "Polygon", "coordinates": [[[69.6956196, 23.2608739], [69.6957116, 23.2608812], [69.69570089999999, 23.260995699999995], [69.69560889999998, 23.260988299999994], [69.6956196, 23.2608739]]]}}, {"type": "Feature", "properties": {"layer": "building", "distance_m": 355.3, "source": "Google Open Buildings", "in_industrial_zone": false, "ghsl_2018": 1}, "geometry": {"type": "Polygon", "coordinates": [[[69.6956023, 23.260997100000004], [69.6956973, 23.261007900000003], [69.695694, 23.2610329], [69.695599, 23.2610221], [69.6956023, 23.260997100000004]]]}}, {"type": "Feature", "properties": {"layer": "building", "distance_m": 339.9, "source": "Google Open Buildings", "in_industrial_zone": false, "ghsl_2018": 1}, "geometry": {"type": "Polygon", "coordinates": [[[69.69561359999999, 23.261199900000005], [69.6956568, 23.261202399999995], [69.6956551, 23.261227000000005], [69.6956119, 23.2612244], [69.69561359999999, 23.261199900000005]]]}}, {"type": "Feature", "properties": {"layer": "building", "distance_m": 345.1, "source": "Google Open Buildings", "in_industrial_zone": false, "ghsl_2018": 1}, "geometry": {"type": "Polygon", "coordinates": [[[69.69561899999998, 23.261122700000005], [69.69566220000002, 23.2611253], [69.6956594, 23.261166300000003], [69.6956161, 23.261163700000008], [69.69561899999998, 23.261122700000005]]]}}, {"type": "Feature", "properties": {"layer": "building", "distance_m": 375.5, "source": "Google Open Buildings", "in_industrial_zone": false, "ghsl_2018": 1}, "geometry": {"type": "Polygon", "coordinates": [[[69.695669, 23.260715300000005], [69.6957046, 23.260711600000004], [69.69571569999998, 23.2608044], [69.69568009999999, 23.260807999999997], [69.695669, 23.260715300000005]]]}}, {"type": "Feature", "properties": {"layer": "building", "distance_m": 422.9, "source": "Microsoft ML Buildings", "in_industrial_zone": false, "ghsl_2018": 1}, "geometry": {"type": "Polygon", "coordinates": [[[69.69560129999999, 23.260241799999996], [69.6957084, 23.260245900000008], [69.69570499999999, 23.260319700000007], [69.69559789999998, 23.2603156], [69.69560129999999, 23.260241799999996]]]}}, {"type": "Feature", "properties": {"layer": "building", "distance_m": 450.3, "source": "Microsoft ML Buildings", "in_industrial_zone": false, "ghsl_2018": 1}, "geometry": {"type": "Polygon", "coordinates": [[[69.69560539999999, 23.2600542], [69.69560799999998, 23.259977900000006], [69.6956777, 23.25997990000001], [69.695675, 23.260056200000005], [69.69560539999999, 23.2600542]]]}}, {"type": "Feature", "properties": {"layer": "building", "distance_m": 468.2, "source": "Google Open Buildings", "in_industrial_zone": false, "ghsl_2018": 1}, "geometry": {"type": "Polygon", "coordinates": [[[69.69564639999999, 23.259750800000003], [69.69576599999999, 23.259815100000008], [69.69574559999998, 23.259847499999996], [69.69562579999999, 23.2597839], [69.69564639999999, 23.259750800000003]]]}}, {"type": "Feature", "properties": {"layer": "building", "distance_m": 468.3, "source": "Google Open Buildings", "in_industrial_zone": false, "ghsl_2018": 1}, "geometry": {"type": "Polygon", "coordinates": [[[69.69556619999999, 23.259837200000003], [69.69560999999999, 23.25984980000001], [69.69558799999999, 23.259915000000003], [69.69554409999999, 23.259902400000005], [69.69556619999999, 23.259837200000003]]]}}, {"type": "Feature", "properties": {"layer": "building", "distance_m": 450.6, "source": "Microsoft ML Buildings", "in_industrial_zone": false, "ghsl_2018": 1}, "geometry": {"type": "Polygon", "coordinates": [[[69.69559849999999, 23.260089000000004], [69.6955288, 23.260087100000003], [69.69553169999999, 23.25999600000001], [69.69560139999999, 23.259997900000002], [69.69559849999999, 23.260089000000004]]]}}, {"type": "Feature", "properties": {"layer": "building", "distance_m": 473.0, "source": "Microsoft ML Buildings", "in_industrial_zone": false, "ghsl_2018": 1}, "geometry": {"type": "Polygon", "coordinates": [[[69.69550879999998, 23.2599039], [69.69545499999998, 23.259893200000004], [69.69548279999998, 23.2597755], [69.69553659999998, 23.259786300000002], [69.69550879999998, 23.2599039]]]}}, {"type": "Feature", "properties": {"layer": "building", "distance_m": 439.5, "source": "Microsoft ML Buildings", "in_industrial_zone": false, "ghsl_2018": 1}, "geometry": {"type": "Polygon", "coordinates": [[[69.69548029999999, 23.260225300000005], [69.69547599999999, 23.2602643], [69.69540589999998, 23.26025780000001], [69.69541029999999, 23.260218700000006], [69.69548029999999, 23.260225300000005]]]}}, {"type": "Feature", "properties": {"layer": "building", "distance_m": 432.3, "source": "Microsoft ML Buildings", "in_industrial_zone": false, "ghsl_2018": 1}, "geometry": {"type": "Polygon", "coordinates": [[[69.69548259999999, 23.260307500000007], [69.69548199999998, 23.260336000000002], [69.6953817, 23.26033440000001], [69.69538339999998, 23.2602506], [69.69530399999998, 23.2602493], [69.6953049, 23.260203500000006], [69.695344, 23.260204200000008], [69.69534459999998, 23.260173600000005], [69.69544649999999, 23.260175300000004], [69.69544549999999, 23.260226999999997], [69.69539299999998, 23.260226100000004], [69.69539139999999, 23.260306000000003], [69.69548259999999, 23.260307500000007]]]}}, {"type": "Feature", "properties": {"layer": "building", "distance_m": 475.7, "source": "Microsoft ML Buildings", "in_industrial_zone": false, "ghsl_2018": 1}, "geometry": {"type": "Polygon", "coordinates": [[[69.69528919999999, 23.2598232], [69.69531539999998, 23.259826800000006], [69.69532149999999, 23.259788100000012], [69.6954319, 23.259802900000004], [69.69541279999999, 23.259923500000006], [69.69527619999998, 23.2599053], [69.69528919999999, 23.2598232]]]}}, {"type": "Feature", "properties": {"layer": "building", "distance_m": 499.5, "source": "Google Open Buildings", "in_industrial_zone": false, "ghsl_2018": 1}, "geometry": {"type": "Polygon", "coordinates": [[[69.69546339999998, 23.259633900000004], [69.69543699999998, 23.259669400000007], [69.69541089999998, 23.259652899999995], [69.69543719999999, 23.259617400000007], [69.69546339999998, 23.259633900000004]]]}}, {"type": "Feature", "properties": {"layer": "building", "distance_m": 485.4, "source": "Microsoft ML Buildings", "in_industrial_zone": false, "ghsl_2018": 1}, "geometry": {"type": "Polygon", "coordinates": [[[69.69551419999999, 23.259672200000004], [69.69555039999999, 23.259678500000003], [69.69553179999998, 23.259768900000005], [69.69549549999999, 23.2597626], [69.69551419999999, 23.259672200000004]]]}}, {"type": "Feature", "properties": {"layer": "building", "distance_m": 428.7, "source": "Microsoft ML Buildings", "in_industrial_zone": false, "ghsl_2018": 1}, "geometry": {"type": "Polygon", "coordinates": [[[69.6958154, 23.26021070000001], [69.69572439999999, 23.2602065], [69.69572949999998, 23.2601131], [69.6958205, 23.260117199999996], [69.6958154, 23.26021070000001]]]}}, {"type": "Feature", "properties": {"layer": "building", "distance_m": 443.9, "source": "Microsoft ML Buildings", "in_industrial_zone": false, "ghsl_2018": 1}, "geometry": {"type": "Polygon", "coordinates": [[[69.69573679999999, 23.260066], [69.6957522, 23.2599786], [69.69579929999999, 23.25998560000001], [69.69578379999999, 23.260073], [69.69573679999999, 23.260066]]]}}, {"type": "Feature", "properties": {"layer": "building", "distance_m": 478.1, "source": "Google Open Buildings", "in_industrial_zone": true, "ghsl_2018": 1}, "geometry": {"type": "Polygon", "coordinates": [[[69.6962095, 23.259434700000007], [69.69633999999999, 23.259483600000003], [69.69630499999998, 23.2595633], [69.69617449999998, 23.2595144], [69.6962095, 23.259434700000007]]]}}, {"type": "Feature", "properties": {"layer": "building", "distance_m": 470.0, "source": "Google Open Buildings", "in_industrial_zone": true, "ghsl_2018": 1}, "geometry": {"type": "Polygon", "coordinates": [[[69.69615419999998, 23.2595068], [69.69630499999998, 23.2595633], [69.69626689999998, 23.259650000000004], [69.69613639999999, 23.259601099999994], [69.69615449999999, 23.2595599], [69.69613419999999, 23.259552300000006], [69.69615419999998, 23.2595068]]]}}, {"type": "Feature", "properties": {"layer": "building", "distance_m": 471.8, "source": "Google Open Buildings", "in_industrial_zone": true, "ghsl_2018": 1}, "geometry": {"type": "Polygon", "coordinates": [[[69.69614779999999, 23.259617999999996], [69.69620059999998, 23.2596325], [69.69619359999999, 23.259654300000005], [69.69614079999998, 23.2596398], [69.69614779999999, 23.259617999999996]]]}}, {"type": "Feature", "properties": {"layer": "building", "distance_m": 472.6, "source": "Google Open Buildings", "in_industrial_zone": true, "ghsl_2018": 1}, "geometry": {"type": "Polygon", "coordinates": [[[69.69611159999998, 23.259608500000002], [69.69614309999999, 23.259611900000003], [69.69613649999998, 23.259664500000003], [69.69610489999998, 23.259661100000002], [69.69611159999998, 23.259608500000002]]]}}, {"type": "Feature", "properties": {"layer": "building", "distance_m": 366.0, "source": "Google Open Buildings", "in_industrial_zone": false, "ghsl_2018": 1}, "geometry": {"type": "Polygon", "coordinates": [[[69.6960532, 23.26068], [69.6960821, 23.260681], [69.6960806, 23.26072090000001], [69.6960517, 23.26071990000001], [69.6960532, 23.26068]]]}}, {"type": "Feature", "properties": {"layer": "building", "distance_m": 331.4, "source": "Microsoft ML Buildings", "in_industrial_zone": false, "ghsl_2018": 1}, "geometry": {"type": "Polygon", "coordinates": [[[69.69613899999999, 23.260918699999998], [69.6962194, 23.260934700000007], [69.6962008, 23.2610138], [69.6961204, 23.260997800000002], [69.6961302, 23.2609564], [69.69613899999999, 23.260918699999998]]]}}, {"type": "Feature", "properties": {"layer": "building", "distance_m": 315.7, "source": "Microsoft ML Buildings", "in_industrial_zone": false, "ghsl_2018": 1}, "geometry": {"type": "Polygon", "coordinates": [[[69.6962625, 23.261143999999998], [69.6961955, 23.261141600000002], [69.6961979, 23.261085100000003], [69.6962648, 23.261087400000005], [69.6962625, 23.261143999999998]]]}}, {"type": "Feature", "properties": {"layer": "building", "distance_m": 311.6, "source": "Microsoft ML Buildings", "in_industrial_zone": false, "ghsl_2018": 1}, "geometry": {"type": "Polygon", "coordinates": [[[69.6962623, 23.261148900000006], [69.6962607, 23.261185799999996], [69.6961964, 23.2611836], [69.69619799999998, 23.2611467], [69.6962623, 23.261148900000006]]]}}, {"type": "Feature", "properties": {"layer": "building", "distance_m": 289.9, "source": "Microsoft ML Buildings", "in_industrial_zone": false, "ghsl_2018": 1}, "geometry": {"type": "Polygon", "coordinates": [[[69.6961786, 23.261409700000005], [69.6961808, 23.2613482], [69.6962532, 23.2613504], [69.696251, 23.2614119], [69.6961786, 23.261409700000005]]]}}, {"type": "Feature", "properties": {"layer": "building", "distance_m": 296.7, "source": "Microsoft ML Buildings", "in_industrial_zone": false, "ghsl_2018": 1}, "geometry": {"type": "Polygon", "coordinates": [[[69.6962508, 23.261275300000005], [69.696243, 23.2613461], [69.696182, 23.2613404], [69.6961897, 23.261269700000007], [69.6962508, 23.261275300000005]]]}}, {"type": "Feature", "properties": {"layer": "building", "distance_m": 303.6, "source": "Microsoft ML Buildings", "in_industrial_zone": false, "ghsl_2018": 1}, "geometry": {"type": "Polygon", "coordinates": [[[69.6962568, 23.261224900000006], [69.696255, 23.2612692], [69.6961897, 23.261266900000003], [69.6961916, 23.261222600000004], [69.6962568, 23.261224900000006]]]}}, {"type": "Feature", "properties": {"layer": "building", "distance_m": 281.0, "source": "Google Open Buildings", "in_industrial_zone": false, "ghsl_2018": 1}, "geometry": {"type": "Polygon", "coordinates": [[[69.69624450000002, 23.26145070000001], [69.6962393, 23.261510100000002], [69.6961775, 23.261505500000002], [69.69618260000001, 23.261446100000008], [69.6962103, 23.2614481], [69.69624450000002, 23.26145070000001]]]}}, {"type": "Feature", "properties": {"layer": "building", "distance_m": 287.2, "source": "Google Open Buildings", "in_industrial_zone": false, "ghsl_2018": 1}, "geometry": {"type": "Polygon", "coordinates": [[[69.6961759, 23.261446200000012], [69.6961676, 23.261484000000003], [69.6961404, 23.261478900000007], [69.6961487, 23.26144110000001], [69.6961759, 23.261446200000012]]]}}, {"type": "Feature", "properties": {"layer": "building", "distance_m": 292.3, "source": "Google Open Buildings", "in_industrial_zone": false, "ghsl_2018": 1}, "geometry": {"type": "Polygon", "coordinates": [[[69.6960993, 23.261354500000007], [69.6961551, 23.2613587], [69.6961479, 23.261440900000004], [69.6960921, 23.2614368], [69.6960993, 23.261354500000007]]]}}, {"type": "Feature", "properties": {"layer": "building", "distance_m": 307.6, "source": "Microsoft ML Buildings", "in_industrial_zone": false, "ghsl_2018": 1}, "geometry": {"type": "Polygon", "coordinates": [[[69.6960746, 23.261161199999997], [69.6961712, 23.261161900000005], [69.6961702, 23.261270300000003], [69.69607370000001, 23.261269600000002], [69.6960746, 23.261161199999997]]]}}, {"type": "Feature", "properties": {"layer": "building", "distance_m": 320.8, "source": "Google Open Buildings", "in_industrial_zone": false, "ghsl_2018": 1}, "geometry": {"type": "Polygon", "coordinates": [[[69.6961222, 23.261107000000003], [69.6961162, 23.261161400000002], [69.6960754, 23.261157599999997], [69.6960814, 23.261103200000008], [69.6961222, 23.261107000000003]]]}}, {"type": "Feature", "properties": {"layer": "building", "distance_m": 276.3, "source": "Google Open Buildings", "in_industrial_zone": false, "ghsl_2018": 1}, "geometry": {"type": "Polygon", "coordinates": [[[69.6960752, 23.2615669], [69.6961429, 23.261583000000005], [69.6961325, 23.261620200000003], [69.6960648, 23.261604100000003], [69.6960752, 23.2615669]]]}}, {"type": "Feature", "properties": {"layer": "building", "distance_m": 242.2, "source": "Google Open Buildings", "in_industrial_zone": false, "ghsl_2018": 1}, "geometry": {"type": "Polygon", "coordinates": [[[69.6960639, 23.261953400000007], [69.6961256, 23.261958400000005], [69.6961206, 23.2620092], [69.696059, 23.262004200000003], [69.6960639, 23.261953400000007]]]}}, {"type": "Feature", "properties": {"layer": "building", "distance_m": 248.1, "source": "Google Open Buildings", "in_industrial_zone": false, "ghsl_2018": 1}, "geometry": {"type": "Polygon", "coordinates": [[[69.6960516, 23.2618359], [69.6961405, 23.261841000000004], [69.6961345, 23.2619309], [69.6960456, 23.261925800000004], [69.6960516, 23.2618359]]]}}, {"type": "Feature", "properties": {"layer": "building", "distance_m": 234.0, "source": "Google Open Buildings", "in_industrial_zone": false, "ghsl_2018": 1}, "geometry": {"type": "Polygon", "coordinates": [[[69.6960675, 23.262092800000005], [69.6960926, 23.262095499999997], [69.696088, 23.262131300000007], [69.6960629, 23.2621285], [69.6960675, 23.262092800000005]]]}}, {"type": "Feature", "properties": {"layer": "building", "distance_m": 221.9, "source": "Microsoft ML Buildings", "in_industrial_zone": false, "ghsl_2018": 1}, "geometry": {"type": "Polygon", "coordinates": [[[69.6961554, 23.262222700000002], [69.6961048, 23.2622189], [69.6961072, 23.26219100000001], [69.6961579, 23.262194800000003], [69.6961554, 23.262222700000002]]]}}, {"type": "Feature", "properties": {"layer": "building", "distance_m": 224.3, "source": "Microsoft ML Buildings", "in_industrial_zone": false, "ghsl_2018": 1}, "geometry": {"type": "Polygon", "coordinates": [[[69.6961863, 23.262116699999993], [69.696173, 23.2621794], [69.6961265, 23.26217110000001], [69.6961397, 23.2621084], [69.6961863, 23.262116699999993]]]}}, {"type": "Feature", "properties": {"layer": "building", "distance_m": 213.7, "source": "Microsoft ML Buildings", "in_industrial_zone": false, "ghsl_2018": 1}, "geometry": {"type": "Polygon", "coordinates": [[[69.69622320000002, 23.2622651], [69.6961562, 23.262263300000004], [69.6961582, 23.2622017], [69.69622520000001, 23.262203600000007], [69.69622320000002, 23.2622651]]]}}, {"type": "Feature", "properties": {"layer": "building", "distance_m": 178.9, "source": "Google Open Buildings", "in_industrial_zone": false, "ghsl_2018": 1}, "geometry": {"type": "Polygon", "coordinates": [[[69.6962018, 23.262652300000006], [69.6962368, 23.262653600000004], [69.6962347, 23.262702900000008], [69.6961997, 23.262701600000007], [69.6962018, 23.262652300000006]]]}}, {"type": "Feature", "properties": {"layer": "building", "distance_m": 242.7, "source": "Google Open Buildings", "in_industrial_zone": false, "ghsl_2018": 1}, "geometry": {"type": "Polygon", "coordinates": [[[69.6961352, 23.2618582], [69.6962304, 23.261866000000005], [69.6962243, 23.261929300000002], [69.6961998, 23.261927300000007], [69.6961981, 23.261945300000004], [69.6961274, 23.2619395], [69.6961352, 23.2618582]]]}}, {"type": "Feature", "properties": {"layer": "building", "distance_m": 246.6, "source": "Microsoft ML Buildings", "in_industrial_zone": false, "ghsl_2018": 1}, "geometry": {"type": "Polygon", "coordinates": [[[69.6961971, 23.2618508], [69.6962009, 23.261772100000005], [69.6962802, 23.2617754], [69.6962764, 23.2618541], [69.6961971, 23.2618508]]]}}, {"type": "Feature", "properties": {"layer": "building", "distance_m": 257.1, "source": "Microsoft ML Buildings", "in_industrial_zone": false, "ghsl_2018": 1}, "geometry": {"type": "Polygon", "coordinates": [[[69.6962032, 23.261689400000005], [69.6962756, 23.261690700000003], [69.6962745, 23.2617424], [69.6962021, 23.261741100000002], [69.6962032, 23.261689400000005]]]}}, {"type": "Feature", "properties": {"layer": "building", "distance_m": 263.0, "source": "Microsoft ML Buildings", "in_industrial_zone": false, "ghsl_2018": 1}, "geometry": {"type": "Polygon", "coordinates": [[[69.69619, 23.261686300000008], [69.6961884, 23.261647900000003], [69.6962651, 23.261645199999993], [69.6962667, 23.261683600000005], [69.69619, 23.261686300000008]]]}}, {"type": "Feature", "properties": {"layer": "building", "distance_m": 265.9, "source": "Microsoft ML Buildings", "in_industrial_zone": false, "ghsl_2018": 1}, "geometry": {"type": "Polygon", "coordinates": [[[69.6962824, 23.26164410000001], [69.6962075, 23.261640700000005], [69.6962099, 23.2615965], [69.6962848, 23.261599900000004], [69.6962824, 23.26164410000001]]]}}, {"type": "Feature", "properties": {"layer": "building", "distance_m": 244.3, "source": "Google Open Buildings", "in_industrial_zone": false, "ghsl_2018": 1}, "geometry": {"type": "Polygon", "coordinates": [[[69.6962885, 23.261794300000005], [69.696324, 23.261797200000007], [69.6963186, 23.261853000000002], [69.6962831, 23.261850100000004], [69.6962885, 23.261794300000005]]]}}, {"type": "Feature", "properties": {"layer": "building", "distance_m": 234.8, "source": "Microsoft ML Buildings", "in_industrial_zone": false, "ghsl_2018": 1}, "geometry": {"type": "Polygon", "coordinates": [[[69.6963059, 23.26186690000001], [69.6963624, 23.2618755], [69.6963515, 23.261935499999996], [69.696295, 23.26192680000001], [69.6963059, 23.26186690000001]]]}}, {"type": "Feature", "properties": {"layer": "building", "distance_m": 226.1, "source": "Microsoft ML Buildings", "in_industrial_zone": false, "ghsl_2018": 1}, "geometry": {"type": "Polygon", "coordinates": [[[69.6962759, 23.261934800000002], [69.6963397, 23.261940700000007], [69.6963282, 23.262045600000004], [69.6962644, 23.262039700000003], [69.6962759, 23.261934800000002]]]}}, {"type": "Feature", "properties": {"layer": "building", "distance_m": 208.5, "source": "Microsoft ML Buildings", "in_industrial_zone": false, "ghsl_2018": 1}, "geometry": {"type": "Polygon", "coordinates": [[[69.6963368, 23.262160000000005], [69.6963147, 23.262255200000002], [69.6962275, 23.262238], [69.696237, 23.262197100000005], [69.6961934, 23.262188500000004], [69.696206, 23.26213430000001], [69.6963368, 23.262160000000005]]]}}, {"type": "Feature", "properties": {"layer": "building", "distance_m": 172.3, "source": "Google Open Buildings", "in_industrial_zone": false, "ghsl_2018": 1}, "geometry": {"type": "Polygon", "coordinates": [[[69.6963, 23.262387100000005], [69.6963978, 23.262627999999996], [69.6962538, 23.262677899999993], [69.6962201, 23.262594900000003], [69.6961739, 23.262610900000002], [69.6961098, 23.262453000000004], [69.6963, 23.262387100000005]]]}}, {"type": "Feature", "properties": {"layer": "building", "distance_m": 227.9, "source": "Microsoft ML Buildings", "in_industrial_zone": false, "ghsl_2018": 1}, "geometry": {"type": "Polygon", "coordinates": [[[69.6963658, 23.261948000000007], [69.6963814, 23.261845000000005], [69.6964551, 23.261854300000007], [69.6964395, 23.26195740000001], [69.6963658, 23.261948000000007]]]}}, {"type": "Feature", "properties": {"layer": "building", "distance_m": 256.4, "source": "Google Open Buildings", "in_industrial_zone": false, "ghsl_2018": 1}, "geometry": {"type": "Polygon", "coordinates": [[[69.6963394, 23.2615869], [69.6963814, 23.261588200000002], [69.6963777, 23.261692700000005], [69.6963357, 23.2616915], [69.6963394, 23.2615869]]]}}, {"type": "Feature", "properties": {"layer": "building", "distance_m": 286.7, "source": "Google Open Buildings", "in_industrial_zone": false, "ghsl_2018": 1}, "geometry": {"type": "Polygon", "coordinates": [[[69.6963681, 23.261273300000006], [69.6964457, 23.261276700000007], [69.6964417, 23.2613557], [69.696364, 23.261352300000002], [69.6963681, 23.261273300000006]]]}}, {"type": "Feature", "properties": {"layer": "building", "distance_m": 303.0, "source": "Google Open Buildings", "in_industrial_zone": false, "ghsl_2018": 1}, "geometry": {"type": "Polygon", "coordinates": [[[69.6963741, 23.261109500000007], [69.6964544, 23.261124], [69.69643940000002, 23.261194900000003], [69.696359, 23.261180400000008], [69.6963741, 23.261109500000007]]]}}, {"type": "Feature", "properties": {"layer": "building", "distance_m": 280.6, "source": "Google Open Buildings", "in_industrial_zone": false, "ghsl_2018": 1}, "geometry": {"type": "Polygon", "coordinates": [[[69.6962444, 23.2614506], [69.6962919, 23.261454100000005], [69.6962889, 23.2614883], [69.6962415, 23.261484799999998], [69.6962444, 23.2614506]]]}}, {"type": "Feature", "properties": {"layer": "building", "distance_m": 325.5, "source": "Microsoft ML Buildings", "in_industrial_zone": false, "ghsl_2018": 1}, "geometry": {"type": "Polygon", "coordinates": [[[69.6963034, 23.261028200000002], [69.6962247, 23.2610258], [69.6962276, 23.260945500000002], [69.6963063, 23.260947900000005], [69.6963034, 23.261028200000002]]]}}, {"type": "Feature", "properties": {"layer": "building", "distance_m": 317.6, "source": "Google Open Buildings", "in_industrial_zone": false, "ghsl_2018": 1}, "geometry": {"type": "Polygon", "coordinates": [[[69.6962801, 23.2610599], [69.6963334, 23.26106640000001], [69.6963292, 23.2610958], [69.6962759, 23.261089400000007], [69.6962801, 23.2610599]]]}}, {"type": "Feature", "properties": {"layer": "building", "distance_m": 293.4, "source": "Microsoft ML Buildings", "in_industrial_zone": false, "ghsl_2018": 1}, "geometry": {"type": "Polygon", "coordinates": [[[69.6964985, 23.26124620000001], [69.6964979, 23.261213300000005], [69.6965532, 23.261212399999998], [69.6965538, 23.261245399999996], [69.6964985, 23.26124620000001]]]}}, {"type": "Feature", "properties": {"layer": "building", "distance_m": 258.6, "source": "Microsoft ML Buildings", "in_industrial_zone": false, "ghsl_2018": 1}, "geometry": {"type": "Polygon", "coordinates": [[[69.6965545, 23.261556699999996], [69.6965614, 23.261499200000003], [69.6966197, 23.26150520000001], [69.6966127, 23.261562700000002], [69.6965545, 23.261556699999996]]]}}, {"type": "Feature", "properties": {"layer": "building", "distance_m": 283.1, "source": "Google Open Buildings", "in_industrial_zone": false, "ghsl_2018": 1}, "geometry": {"type": "Polygon", "coordinates": [[[69.6964513, 23.261342000000006], [69.6964952, 23.261341800000007], [69.6964954, 23.2613684], [69.6964514, 23.261368600000004], [69.6964513, 23.261342000000006]]]}}, {"type": "Feature", "properties": {"layer": "building", "distance_m": 272.9, "source": "Microsoft ML Buildings", "in_industrial_zone": false, "ghsl_2018": 1}, "geometry": {"type": "Polygon", "coordinates": [[[69.6964326, 23.261481600000003], [69.6964365, 23.2614063], [69.6964677, 23.261407700000007], [69.6964637, 23.261483000000005], [69.6964326, 23.261481600000003]]]}}, {"type": "Feature", "properties": {"layer": "building", "distance_m": 252.4, "source": "Google Open Buildings", "in_industrial_zone": false, "ghsl_2018": 1}, "geometry": {"type": "Polygon", "coordinates": [[[69.6964402, 23.261666800000008], [69.69644380000001, 23.2617001], [69.6964162, 23.261702700000008], [69.6964126, 23.2616694], [69.6964402, 23.261666800000008]]]}}, {"type": "Feature", "properties": {"layer": "building", "distance_m": 246.3, "source": "Google Open Buildings", "in_industrial_zone": false, "ghsl_2018": 1}, "geometry": {"type": "Polygon", "coordinates": [[[69.6964408, 23.2616933], [69.6964682, 23.261695000000003], [69.6964638, 23.261752500000004], [69.6964364, 23.261750700000004], [69.6964408, 23.2616933]]]}}, {"type": "Feature", "properties": {"layer": "building", "distance_m": 263.8, "source": "Google Open Buildings", "in_industrial_zone": false, "ghsl_2018": 1}, "geometry": {"type": "Polygon", "coordinates": [[[69.696424, 23.26153160000001], [69.6964693, 23.261539600000003], [69.69646190000002, 23.261575700000005], [69.6964166, 23.26156780000001], [69.696424, 23.26153160000001]]]}}, {"type": "Feature", "properties": {"layer": "building", "distance_m": 233.4, "source": "Microsoft ML Buildings", "in_industrial_zone": false, "ghsl_2018": 1}, "geometry": {"type": "Polygon", "coordinates": [[[69.6965158, 23.261787300000005], [69.6965127, 23.261861100000008], [69.6964501, 23.261858900000004], [69.6964532, 23.2617851], [69.6965158, 23.261787300000005]]]}}, {"type": "Feature", "properties": {"layer": "building", "distance_m": 219.7, "source": "Microsoft ML Buildings", "in_industrial_zone": false, "ghsl_2018": 1}, "geometry": {"type": "Polygon", "coordinates": [[[69.6965177, 23.2619498], [69.6965127, 23.262003600000003], [69.6964727, 23.2620005], [69.6964778, 23.2619467], [69.6965177, 23.2619498]]]}}, {"type": "Feature", "properties": {"layer": "building", "distance_m": 208.1, "source": "Microsoft ML Buildings", "in_industrial_zone": false, "ghsl_2018": 1}, "geometry": {"type": "Polygon", "coordinates": [[[69.6965005, 23.2620675], [69.6964991, 23.26213400000001], [69.6964589, 23.262133300000006], [69.6964602, 23.262066799999996], [69.6965005, 23.2620675]]]}}, {"type": "Feature", "properties": {"layer": "building", "distance_m": 216.6, "source": "Microsoft ML Buildings", "in_industrial_zone": false, "ghsl_2018": 1}, "geometry": {"type": "Polygon", "coordinates": [[[69.6964194, 23.262063500000007], [69.6964224, 23.262033200000005], [69.6964623, 23.2620365], [69.6964593, 23.262066799999996], [69.6964194, 23.262063500000007]]]}}, {"type": "Feature", "properties": {"layer": "building", "distance_m": 198.4, "source": "Google Open Buildings", "in_industrial_zone": false, "ghsl_2018": 1}, "geometry": {"type": "Polygon", "coordinates": [[[69.6964123, 23.262140900000002], [69.6964906, 23.2621487], [69.6964783, 23.262253499999996], [69.69640000000001, 23.262245600000004], [69.6964123, 23.262140900000002]]]}}, {"type": "Feature", "properties": {"layer": "building", "distance_m": 160.0, "source": "Google Open Buildings", "in_industrial_zone": false, "ghsl_2018": 1}, "geometry": {"type": "Polygon", "coordinates": [[[69.696451, 23.26261140000001], [69.6964884, 23.262702400000006], [69.6964313, 23.262722400000005], [69.696394, 23.262631400000004], [69.696451, 23.26261140000001]]]}}, {"type": "Feature", "properties": {"layer": "building", "distance_m": 145.9, "source": "Google Open Buildings", "in_industrial_zone": false, "ghsl_2018": 1}, "geometry": {"type": "Polygon", "coordinates": [[[69.6965852, 23.262603900000002], [69.6966414, 23.262742200000005], [69.6964677, 23.262802500000006], [69.6964401, 23.262734400000003], [69.6965686, 23.262689800000008], [69.6965401, 23.262619600000008], [69.6965852, 23.262603900000002]]]}}, {"type": "Feature", "properties": {"layer": "building", "distance_m": 216.8, "source": "Google Open Buildings", "in_industrial_zone": false, "ghsl_2018": 1}, "geometry": {"type": "Polygon", "coordinates": [[[69.6965175, 23.2619588], [69.6965524, 23.261961800000012], [69.696547, 23.262015200000004], [69.6965121, 23.262012200000008], [69.6965175, 23.2619588]]]}}, {"type": "Feature", "properties": {"layer": "building", "distance_m": 212.6, "source": "Google Open Buildings", "in_industrial_zone": false, "ghsl_2018": 1}, "geometry": {"type": "Polygon", "coordinates": [[[69.6965121, 23.262012200000008], [69.6965619, 23.2620165], [69.6965582, 23.2620533], [69.6965083, 23.262048999999994], [69.6965121, 23.262012200000008]]]}}, {"type": "Feature", "properties": {"layer": "building", "distance_m": 203.1, "source": "Google Open Buildings", "in_industrial_zone": false, "ghsl_2018": 1}, "geometry": {"type": "Polygon", "coordinates": [[[69.696506, 23.262071400000004], [69.6965559, 23.262075800000005], [69.6965473, 23.26215970000001], [69.6964975, 23.262155399999997], [69.696506, 23.262071400000004]]]}}, {"type": "Feature", "properties": {"layer": "building", "distance_m": 239.5, "source": "Microsoft ML Buildings", "in_industrial_zone": false, "ghsl_2018": 1}, "geometry": {"type": "Polygon", "coordinates": [[[69.6966172, 23.261749799999997], [69.69657520000001, 23.261743800000005], [69.6965821, 23.261702900000007], [69.696624, 23.261708800000008], [69.6966172, 23.261749799999997]]]}}, {"type": "Feature", "properties": {"layer": "building", "distance_m": 248.3, "source": "Microsoft ML Buildings", "in_industrial_zone": false, "ghsl_2018": 1}, "geometry": {"type": "Polygon", "coordinates": [[[69.6966183, 23.261662200000014], [69.6965648, 23.26166020000001], [69.6965678, 23.261591300000006], [69.6966214, 23.2615933], [69.6966183, 23.261662200000014]]]}}, {"type": "Feature", "properties": {"layer": "building", "distance_m": 225.3, "source": "Microsoft ML Buildings", "in_industrial_zone": false, "ghsl_2018": 1}, "geometry": {"type": "Polygon", "coordinates": [[[69.6966728, 23.261830700000004], [69.6966714, 23.261867700000003], [69.6966231, 23.261866100000006], [69.6966246, 23.26182910000001], [69.6966728, 23.261830700000004]]]}}, {"type": "Feature", "properties": {"layer": "building", "distance_m": 205.4, "source": "Microsoft ML Buildings", "in_industrial_zone": false, "ghsl_2018": 1}, "geometry": {"type": "Polygon", "coordinates": [[[69.6966126, 23.26207570000001], [69.6966183, 23.262030400000008], [69.6966553, 23.262034400000008], [69.6966496, 23.262079700000005], [69.6966126, 23.26207570000001]]]}}, {"type": "Feature", "properties": {"layer": "building", "distance_m": 194.8, "source": "Microsoft ML Buildings", "in_industrial_zone": false, "ghsl_2018": 1}, "geometry": {"type": "Polygon", "coordinates": [[[69.6966119, 23.2621193], [69.6966521, 23.262118300000004], [69.6966543, 23.262187199999996], [69.6966141, 23.262188300000005], [69.6966119, 23.2621193]]]}}, {"type": "Feature", "properties": {"layer": "building", "distance_m": 187.7, "source": "Microsoft ML Buildings", "in_industrial_zone": false, "ghsl_2018": 1}, "geometry": {"type": "Polygon", "coordinates": [[[69.6966169, 23.262253400000006], [69.6966234, 23.262214900000004], [69.6966653, 23.26222080000001], [69.6966588, 23.262259300000007], [69.6966169, 23.262253400000006]]]}}, {"type": "Feature", "properties": {"layer": "building", "distance_m": 183.6, "source": "Google Open Buildings", "in_industrial_zone": false, "ghsl_2018": 1}, "geometry": {"type": "Polygon", "coordinates": [[[69.69669980000002, 23.2621865], [69.6967759, 23.262195999999996], [69.6967688, 23.262244000000006], [69.6966928, 23.262234500000005], [69.69669980000002, 23.2621865]]]}}, {"type": "Feature", "properties": {"layer": "building", "distance_m": 193.0, "source": "Google Open Buildings", "in_industrial_zone": false, "ghsl_2018": 1}, "geometry": {"type": "Polygon", "coordinates": [[[69.6967039, 23.2620514], [69.6967768, 23.262053599999998], [69.6967734, 23.262147000000002], [69.6967005, 23.2621447], [69.6967039, 23.2620514]]]}}, {"type": "Feature", "properties": {"layer": "building", "distance_m": 209.1, "source": "Microsoft ML Buildings", "in_industrial_zone": false, "ghsl_2018": 1}, "geometry": {"type": "Polygon", "coordinates": [[[69.6966972, 23.2619925], [69.6966985, 23.261918599999998], [69.6967558, 23.261919499999998], [69.6967545, 23.261993400000005], [69.6966972, 23.2619925]]]}}, {"type": "Feature", "properties": {"layer": "building", "distance_m": 233.6, "source": "Google Open Buildings", "in_industrial_zone": false, "ghsl_2018": 1}, "geometry": {"type": "Polygon", "coordinates": [[[69.6966657, 23.261676399999995], [69.6967373, 23.261679600000008], [69.696733, 23.26176050000001], [69.6966614, 23.261757200000005], [69.6966657, 23.261676399999995]]]}}, {"type": "Feature", "properties": {"layer": "building", "distance_m": 243.0, "source": "Google Open Buildings", "in_industrial_zone": false, "ghsl_2018": 1}, "geometry": {"type": "Polygon", "coordinates": [[[69.6966695, 23.261605100000008], [69.696741, 23.261608300000002], [69.6967379, 23.261667400000007], [69.6966663, 23.261664200000006], [69.6966695, 23.261605100000008]]]}}, {"type": "Feature", "properties": {"layer": "building", "distance_m": 245.3, "source": "Google Open Buildings", "in_industrial_zone": false, "ghsl_2018": 1}, "geometry": {"type": "Polygon", "coordinates": [[[69.6967116, 23.2615673], [69.6967815, 23.26157080000001], [69.696778, 23.261631200000004], [69.6967387, 23.2616292], [69.6967396, 23.261613399999995], [69.696709, 23.26161180000001], [69.6967116, 23.2615673]]]}}, {"type": "Feature", "properties": {"layer": "building", "distance_m": 220.4, "source": "Microsoft ML Buildings", "in_industrial_zone": false, "ghsl_2018": 1}, "geometry": {"type": "Polygon", "coordinates": [[[69.6967893, 23.261868600000007], [69.6966875, 23.26187160000001], [69.6966848, 23.261795199999998], [69.6967867, 23.261792300000003], [69.6967893, 23.261868600000007]]]}}, {"type": "Feature", "properties": {"layer": "building", "distance_m": 297.2, "source": "Microsoft ML Buildings", "in_industrial_zone": false, "ghsl_2018": 1}, "geometry": {"type": "Polygon", "coordinates": [[[69.6967734, 23.261138700000004], [69.69672550000001, 23.261123500000004], [69.696752, 23.2610531], [69.6968, 23.261068299999998], [69.6967734, 23.261138700000004]]]}}, {"type": "Feature", "properties": {"layer": "building", "distance_m": 267.4, "source": "Google Open Buildings", "in_industrial_zone": false, "ghsl_2018": 1}, "geometry": {"type": "Polygon", "coordinates": [[[69.696618, 23.261399199999996], [69.6967098, 23.261402999999998], [69.6967079, 23.261442600000002], [69.696616, 23.26143890000001], [69.696618, 23.261399199999996]]]}}, {"type": "Feature", "properties": {"layer": "building", "distance_m": 277.0, "source": "Microsoft ML Buildings", "in_industrial_zone": false, "ghsl_2018": 1}, "geometry": {"type": "Polygon", "coordinates": [[[69.6966193, 23.2612422], [69.6967041, 23.261244600000005], [69.6967004, 23.261352999999996], [69.6966157, 23.2613505], [69.6966193, 23.2612422]]]}}, {"type": "Feature", "properties": {"layer": "building", "distance_m": 293.1, "source": "Microsoft ML Buildings", "in_industrial_zone": false, "ghsl_2018": 1}, "geometry": {"type": "Polygon", "coordinates": [[[69.6966434, 23.261142300000003], [69.696624, 23.261223700000006], [69.6965959, 23.261218000000003], [69.6966153, 23.2611366], [69.6966434, 23.261142300000003]]]}}, {"type": "Feature", "properties": {"layer": "building", "distance_m": 289.9, "source": "Microsoft ML Buildings", "in_industrial_zone": false, "ghsl_2018": 1}, "geometry": {"type": "Polygon", "coordinates": [[[69.6966984, 23.26115340000001], [69.6966765, 23.261237300000012], [69.6966292, 23.261226900000004], [69.6966511, 23.261143000000008], [69.6966984, 23.26115340000001]]]}}, {"type": "Feature", "properties": {"layer": "building", "distance_m": 435.7, "source": "Google Open Buildings", "in_industrial_zone": true, "ghsl_2018": 1}, "geometry": {"type": "Polygon", "coordinates": [[[69.6967374, 23.259726399999998], [69.696825, 23.25975760000001], [69.6967879, 23.259846500000002], [69.6967003, 23.2598153], [69.6967374, 23.259726399999998]]]}}, {"type": "Feature", "properties": {"layer": "building", "distance_m": 444.5, "source": "Google Open Buildings", "in_industrial_zone": true, "ghsl_2018": 1}, "geometry": {"type": "Polygon", "coordinates": [[[69.6967069, 23.259639199999995], [69.6968525, 23.259691], [69.6968248, 23.259757500000006], [69.6966792, 23.2597056], [69.6967069, 23.259639199999995]]]}}, {"type": "Feature", "properties": {"layer": "building", "distance_m": 472.3, "source": "Microsoft ML Buildings", "in_industrial_zone": true, "ghsl_2018": 1}, "geometry": {"type": "Polygon", "coordinates": [[[69.69661529999999, 23.2594489], [69.6966761, 23.259470399999998], [69.6966869, 23.259444600000002], [69.6967289, 23.259459500000002], [69.6967011, 23.259526000000008], [69.6965983, 23.259489700000007], [69.69661529999999, 23.2594489]]]}}, {"type": "Feature", "properties": {"layer": "building", "distance_m": 444.6, "source": "Google Open Buildings", "in_industrial_zone": true, "ghsl_2018": 1}, "geometry": {"type": "Polygon", "coordinates": [[[69.6965887, 23.2595269], [69.6967322, 23.259578100000006], [69.6966419, 23.259794400000008], [69.6964983, 23.2597433], [69.6965887, 23.2595269]]]}}, {"type": "Feature", "properties": {"layer": "building", "distance_m": 420.1, "source": "Microsoft ML Buildings", "in_industrial_zone": true, "ghsl_2018": 1}, "geometry": {"type": "Polygon", "coordinates": [[[69.6966882, 23.259861800000003], [69.6965795, 23.259825000000003], [69.6965964, 23.259783000000006], [69.6967499, 23.25983490000001], [69.6966782, 23.260013699999995], [69.6966334, 23.259998500000002], [69.6966882, 23.259861800000003]]]}}, {"type": "Feature", "properties": {"layer": "building", "distance_m": 433.1, "source": "Google Open Buildings", "in_industrial_zone": true, "ghsl_2018": 1}, "geometry": {"type": "Polygon", "coordinates": [[[69.6965363, 23.259878600000008], [69.6965679, 23.259886100000006], [69.6965584, 23.259920300000008], [69.69652679999999, 23.259912799999995], [69.6965363, 23.259878600000008]]]}}, {"type": "Feature", "properties": {"layer": "building", "distance_m": 434.7, "source": "Microsoft ML Buildings", "in_industrial_zone": true, "ghsl_2018": 1}, "geometry": {"type": "Polygon", "coordinates": [[[69.69641469999999, 23.259895699999994], [69.6964577, 23.259838100000003], [69.6965088, 23.259870300000006], [69.69646579999998, 23.259927900000005], [69.69641469999999, 23.259895699999994]]]}}, {"type": "Feature", "properties": {"layer": "building", "distance_m": 492.4, "source": "Google Open Buildings", "in_industrial_zone": true, "ghsl_2018": 2}, "geometry": {"type": "Polygon", "coordinates": [[[69.69674809999998, 23.259172800000005], [69.6968922, 23.2592282], [69.69685450000001, 23.259311899999997], [69.6967104, 23.25925640000001], [69.69674809999998, 23.259172800000005]]]}}, {"type": "Feature", "properties": {"layer": "building", "distance_m": 457.2, "source": "Google Open Buildings", "in_industrial_zone": true, "ghsl_2018": 1}, "geometry": {"type": "Polygon", "coordinates": [[[69.6967511, 23.259549100000005], [69.6968969, 23.259600199999998], [69.6968848, 23.2596297], [69.696739, 23.259578600000005], [69.6967511, 23.259549100000005]]]}}, {"type": "Feature", "properties": {"layer": "building", "distance_m": 466.0, "source": "Google Open Buildings", "in_industrial_zone": true, "ghsl_2018": 2}, "geometry": {"type": "Polygon", "coordinates": [[[69.6968092, 23.2593936], [69.696853, 23.259409200000004], [69.696787, 23.259567300000004], [69.6967432, 23.2595517], [69.6968092, 23.2593936]]]}}, {"type": "Feature", "properties": {"layer": "building", "distance_m": 468.5, "source": "Google Open Buildings", "in_industrial_zone": true, "ghsl_2018": 1}, "geometry": {"type": "Polygon", "coordinates": [[[69.6969257, 23.2594255], [69.6969626, 23.259437800000004], [69.6969307, 23.259518900000003], [69.69689390000002, 23.259506600000016], [69.6969257, 23.2594255]]]}}, {"type": "Feature", "properties": {"layer": "building", "distance_m": 488.3, "source": "Microsoft ML Buildings", "in_industrial_zone": true, "ghsl_2018": 1}, "geometry": {"type": "Polygon", "coordinates": [[[69.6969482, 23.2593346], [69.696902, 23.259318800000003], [69.6969354, 23.259236600000005], [69.6969815, 23.259252399999998], [69.6969482, 23.2593346]]]}}, {"type": "Feature", "properties": {"layer": "building", "distance_m": 484.2, "source": "Google Open Buildings", "in_industrial_zone": true, "ghsl_2018": 1}, "geometry": {"type": "Polygon", "coordinates": [[[69.6969959, 23.259252799999995], [69.6970358, 23.259266800000002], [69.6969956, 23.259365100000004], [69.6969556, 23.259351200000005], [69.6969959, 23.259252799999995]]]}}, {"type": "Feature", "properties": {"layer": "building", "distance_m": 413.5, "source": "Google Open Buildings", "in_industrial_zone": true, "ghsl_2018": 1}, "geometry": {"type": "Polygon", "coordinates": [[[69.6970629, 23.259916100000005], [69.6971594, 23.2599512], [69.6971428, 23.259990100000003], [69.6970463, 23.259955], [69.6970629, 23.259916100000005]]]}}, {"type": "Feature", "properties": {"layer": "building", "distance_m": 418.9, "source": "Google Open Buildings", "in_industrial_zone": true, "ghsl_2018": 1}, "geometry": {"type": "Polygon", "coordinates": [[[69.6972424, 23.259756400000008], [69.6971956, 23.2598662], [69.6970991, 23.2598311], [69.6970463, 23.259955], [69.6969998, 23.259938100000003], [69.6970994, 23.2597044], [69.6972424, 23.259756400000008]]]}}, {"type": "Feature", "properties": {"layer": "building", "distance_m": 429.4, "source": "Google Open Buildings", "in_industrial_zone": true, "ghsl_2018": 1}, "geometry": {"type": "Polygon", "coordinates": [[[69.6973535, 23.259676200000005], [69.6975062, 23.259729000000004], [69.6974711, 23.259815700000004], [69.6973183, 23.259762800000004], [69.6973535, 23.259676200000005]]]}}, {"type": "Feature", "properties": {"layer": "building", "distance_m": 411.4, "source": "Microsoft ML Buildings", "in_industrial_zone": true, "ghsl_2018": 1}, "geometry": {"type": "Polygon", "coordinates": [[[69.6974583, 23.259925300000003], [69.6974382, 23.259980700000003], [69.6973658, 23.259958500000003], [69.6973859, 23.2599031], [69.6974583, 23.259925300000003]]]}}, {"type": "Feature", "properties": {"layer": "building", "distance_m": 379.8, "source": "Microsoft ML Buildings", "in_industrial_zone": true, "ghsl_2018": 1}, "geometry": {"type": "Polygon", "coordinates": [[[69.69736, 23.2602565], [69.6973835, 23.260209700000004], [69.6974145, 23.260222800000008], [69.697391, 23.260269600000008], [69.69736, 23.2602565]]]}}, {"type": "Feature", "properties": {"layer": "building", "distance_m": 385.8, "source": "Google Open Buildings", "in_industrial_zone": true, "ghsl_2018": 1}, "geometry": {"type": "Polygon", "coordinates": [[[69.6973124, 23.260172599999997], [69.6973411, 23.260183000000005], [69.6973248, 23.2602213], [69.6972961, 23.260210900000008], [69.6973124, 23.260172599999997]]]}}, {"type": "Feature", "properties": {"layer": "building", "distance_m": 381.9, "source": "Google Open Buildings", "in_industrial_zone": true, "ghsl_2018": 1}, "geometry": {"type": "Polygon", "coordinates": [[[69.6973611, 23.25997520000001], [69.6972372, 23.2602664], [69.6971212, 23.260224300000004], [69.6971745, 23.260098900000006], [69.6972143, 23.260113300000004], [69.6972386, 23.2600563], [69.6971987, 23.260041900000008], [69.697245, 23.2599331], [69.6973611, 23.25997520000001]]]}}, {"type": "Feature", "properties": {"layer": "building", "distance_m": 440.3, "source": "Google Open Buildings", "in_industrial_zone": true, "ghsl_2018": 2}, "geometry": {"type": "Polygon", "coordinates": [[[69.6971442, 23.259597599999996], [69.6972889, 23.2596483], [69.6972538, 23.259733800000003], [69.6971091, 23.259683], [69.6971442, 23.259597599999996]]]}}, {"type": "Feature", "properties": {"layer": "building", "distance_m": 484.9, "source": "Google Open Buildings", "in_industrial_zone": true, "ghsl_2018": 1}, "geometry": {"type": "Polygon", "coordinates": [[[69.6971684, 23.259138300000007], [69.6973132, 23.2591871], [69.6972575, 23.259328399999998], [69.6971127, 23.259279700000004], [69.6971684, 23.259138300000007]]]}}, {"type": "Feature", "properties": {"layer": "building", "distance_m": 399.9, "source": "Google Open Buildings", "in_industrial_zone": true, "ghsl_2018": 1}, "geometry": {"type": "Polygon", "coordinates": [[[69.6972257, 23.260055600000012], [69.6972124, 23.260105700000004], [69.6971803, 23.260098400000008], [69.6971937, 23.26004830000001], [69.6972257, 23.260055600000012]]]}}, {"type": "Feature", "properties": {"layer": "building", "distance_m": 292.8, "source": "Microsoft ML Buildings", "in_industrial_zone": false, "ghsl_2018": 1}, "geometry": {"type": "Polygon", "coordinates": [[[69.6971711, 23.26109050000001], [69.69709560000001, 23.261072700000003], [69.6971091, 23.261024200000005], [69.6971847, 23.261041900000002], [69.6971711, 23.26109050000001]]]}}, {"type": "Feature", "properties": {"layer": "building", "distance_m": 280.5, "source": "Microsoft ML Buildings", "in_industrial_zone": false, "ghsl_2018": 1}, "geometry": {"type": "Polygon", "coordinates": [[[69.6971765, 23.261180900000003], [69.6971667, 23.261204600000003], [69.6971315, 23.261192300000005], [69.6971413, 23.2611686], [69.6971765, 23.261180900000003]]]}}, {"type": "Feature", "properties": {"layer": "building", "distance_m": 272.7, "source": "Google Open Buildings", "in_industrial_zone": false, "ghsl_2018": 1}, "geometry": {"type": "Polygon", "coordinates": [[[69.6972149, 23.261205600000004], [69.6972386, 23.261232300000003], [69.6971841, 23.2612735], [69.6971604, 23.2612468], [69.6972149, 23.261205600000004]]]}}, {"type": "Feature", "properties": {"layer": "building", "distance_m": 288.1, "source": "Microsoft ML Buildings", "in_industrial_zone": false, "ghsl_2018": 1}, "geometry": {"type": "Polygon", "coordinates": [[[69.6972615, 23.261073800000005], [69.697239, 23.261122600000004], [69.697189, 23.261103099999996], [69.6972115, 23.2610543], [69.6972615, 23.261073800000005]]]}}, {"type": "Feature", "properties": {"layer": "building", "distance_m": 241.1, "source": "Google Open Buildings", "in_industrial_zone": false, "ghsl_2018": 1}, "geometry": {"type": "Polygon", "coordinates": [[[69.6972497, 23.26148450000001], [69.6973473, 23.2614918], [69.6973434, 23.261536799999995], [69.6972457, 23.261529500000005], [69.6972497, 23.26148450000001]]]}}, {"type": "Feature", "properties": {"layer": "building", "distance_m": 290.6, "source": "Microsoft ML Buildings", "in_industrial_zone": false, "ghsl_2018": 1}, "geometry": {"type": "Polygon", "coordinates": [[[69.6974608, 23.261072700000007], [69.6973857, 23.261073900000007], [69.6973843, 23.260997499999995], [69.6974594, 23.26099629999999], [69.6974608, 23.261072700000007]]]}}, {"type": "Feature", "properties": {"layer": "building", "distance_m": 300.5, "source": "Google Open Buildings", "in_industrial_zone": false, "ghsl_2018": 1}, "geometry": {"type": "Polygon", "coordinates": [[[69.6974455, 23.2609507], [69.6974894, 23.260948400000007], [69.6974915, 23.260981200000003], [69.6974475, 23.2609836], [69.6974455, 23.2609507]]]}}, {"type": "Feature", "properties": {"layer": "building", "distance_m": 249.5, "source": "Microsoft ML Buildings", "in_industrial_zone": false, "ghsl_2018": 1}, "geometry": {"type": "Polygon", "coordinates": [[[69.6974632, 23.2614115], [69.6974338, 23.261448300000005], [69.6973571, 23.26139660000001], [69.6973866, 23.2613597], [69.6974632, 23.2614115]]]}}, {"type": "Feature", "properties": {"layer": "building", "distance_m": 241.6, "source": "Microsoft ML Buildings", "in_industrial_zone": false, "ghsl_2018": 1}, "geometry": {"type": "Polygon", "coordinates": [[[69.6973809, 23.2615042], [69.6974075, 23.261453500000002], [69.6974467, 23.261470900000003], [69.6974201, 23.2615216], [69.6973809, 23.2615042]]]}}, {"type": "Feature", "properties": {"layer": "building", "distance_m": 259.5, "source": "Microsoft ML Buildings", "in_industrial_zone": false, "ghsl_2018": 1}, "geometry": {"type": "Polygon", "coordinates": [[[69.6974144, 23.261320199999997], [69.6973666, 23.26136560000001], [69.6973222, 23.261326200000006], [69.69737, 23.261280800000005], [69.6974144, 23.261320199999997]]]}}, {"type": "Feature", "properties": {"layer": "building", "distance_m": 264.9, "source": "Microsoft ML Buildings", "in_industrial_zone": false, "ghsl_2018": 1}, "geometry": {"type": "Polygon", "coordinates": [[[69.6973207, 23.2613219], [69.6972869, 23.261293699999996], [69.6973297, 23.261250599999997], [69.6973634, 23.2612788], [69.6973207, 23.2613219]]]}}, {"type": "Feature", "properties": {"layer": "building", "distance_m": 199.7, "source": "Microsoft ML Buildings", "in_industrial_zone": false, "ghsl_2018": 1}, "geometry": {"type": "Polygon", "coordinates": [[[69.6973083, 23.261893500000006], [69.6973218, 23.261844900000007], [69.6973923, 23.261861500000002], [69.6973787, 23.261910099999998], [69.6973083, 23.261893500000006]]]}}, {"type": "Feature", "properties": {"layer": "building", "distance_m": 196.3, "source": "Microsoft ML Buildings", "in_industrial_zone": false, "ghsl_2018": 1}, "geometry": {"type": "Polygon", "coordinates": [[[69.6973718, 23.261942899999998], [69.6973374, 23.261939], [69.6973417, 23.261907500000003], [69.697376, 23.2619114], [69.6973718, 23.261942899999998]]]}}, {"type": "Feature", "properties": {"layer": "building", "distance_m": 180.3, "source": "Google Open Buildings", "in_industrial_zone": false, "ghsl_2018": 1}, "geometry": {"type": "Polygon", "coordinates": [[[69.6973288, 23.2620061], [69.6973991, 23.26201260000001], [69.6973912, 23.2620858], [69.6973209, 23.262079300000007], [69.6973288, 23.2620061]]]}}, {"type": "Feature", "properties": {"layer": "building", "distance_m": 194.2, "source": "Google Open Buildings", "in_industrial_zone": false, "ghsl_2018": 1}, "geometry": {"type": "Polygon", "coordinates": [[[69.6973809, 23.261916800000005], [69.6974072, 23.261919600000002], [69.6974024, 23.2619571], [69.6973762, 23.261954199999998], [69.6973809, 23.261916800000005]]]}}, {"type": "Feature", "properties": {"layer": "building", "distance_m": 212.4, "source": "Microsoft ML Buildings", "in_industrial_zone": false, "ghsl_2018": 1}, "geometry": {"type": "Polygon", "coordinates": [[[69.6973995, 23.261726], [69.697392, 23.2617918], [69.6973107, 23.261784000000002], [69.6973182, 23.261718200000004], [69.6973995, 23.261726]]]}}, {"type": "Feature", "properties": {"layer": "building", "distance_m": 233.3, "source": "Google Open Buildings", "in_industrial_zone": false, "ghsl_2018": 1}, "geometry": {"type": "Polygon", "coordinates": [[[69.6973434, 23.261536799999995], [69.6974227, 23.2615427], [69.6974179, 23.2615976], [69.6973386, 23.261591700000004], [69.6973434, 23.261536799999995]]]}}, {"type": "Feature", "properties": {"layer": "building", "distance_m": 223.8, "source": "Google Open Buildings", "in_industrial_zone": false, "ghsl_2018": 1}, "geometry": {"type": "Polygon", "coordinates": [[[69.6973597, 23.261627500000003], [69.697439, 23.261633400000004], [69.6974348, 23.261681800000005], [69.6973555, 23.261675800000003], [69.6973597, 23.261627500000003]]]}}, {"type": "Feature", "properties": {"layer": "building", "distance_m": 186.8, "source": "Microsoft ML Buildings", "in_industrial_zone": false, "ghsl_2018": 1}, "geometry": {"type": "Polygon", "coordinates": [[[69.6974242, 23.261972800000002], [69.6975073, 23.2619714], [69.6975081, 23.262010800000002], [69.697425, 23.262012200000008], [69.6974242, 23.261972800000002]]]}}, {"type": "Feature", "properties": {"layer": "building", "distance_m": 176.5, "source": "Google Open Buildings", "in_industrial_zone": false, "ghsl_2018": 1}, "geometry": {"type": "Polygon", "coordinates": [[[69.6974331, 23.262067900000005], [69.6975356, 23.262069800000013], [69.6975349, 23.26210160000001], [69.6974324, 23.262099699999997], [69.6974331, 23.262067900000005]]]}}, {"type": "Feature", "properties": {"layer": "building", "distance_m": 159.5, "source": "Google Open Buildings", "in_industrial_zone": false, "ghsl_2018": 1}, "geometry": {"type": "Polygon", "coordinates": [[[69.6972898, 23.2622283], [69.6973743, 23.262232300000004], [69.6973715, 23.262281900000005], [69.697287, 23.262277900000008], [69.6972898, 23.2622283]]]}}, {"type": "Feature", "properties": {"layer": "building", "distance_m": 166.7, "source": "Google Open Buildings", "in_industrial_zone": false, "ghsl_2018": 1}, "geometry": {"type": "Polygon", "coordinates": [[[69.6972694, 23.262135600000008], [69.6973387, 23.262138899999997], [69.697334, 23.262222800000004], [69.69726480000001, 23.262219500000004], [69.6972694, 23.262135600000008]]]}}, {"type": "Feature", "properties": {"layer": "building", "distance_m": 202.6, "source": "Google Open Buildings", "in_industrial_zone": false, "ghsl_2018": 1}, "geometry": {"type": "Polygon", "coordinates": [[[69.6972412, 23.2618446], [69.6973113, 23.261851100000005], [69.6973064, 23.2618961], [69.6972363, 23.261889600000007], [69.6972412, 23.2618446]]]}}, {"type": "Feature", "properties": {"layer": "building", "distance_m": 235.9, "source": "Google Open Buildings", "in_industrial_zone": false, "ghsl_2018": 1}, "geometry": {"type": "Polygon", "coordinates": [[[69.6972492, 23.2615597], [69.6972736, 23.261559599999995], [69.6972738, 23.261595700000008], [69.6972493, 23.261595900000007], [69.6972492, 23.2615597]]]}}, {"type": "Feature", "properties": {"layer": "building", "distance_m": 213.9, "source": "Microsoft ML Buildings", "in_industrial_zone": false, "ghsl_2018": 1}, "geometry": {"type": "Polygon", "coordinates": [[[69.6972937, 23.2617152], [69.6972906, 23.261795600000003], [69.6972102, 23.261792900000007], [69.6972134, 23.2617126], [69.6972937, 23.2617152]]]}}, {"type": "Feature", "properties": {"layer": "building", "distance_m": 198.1, "source": "Google Open Buildings", "in_industrial_zone": false, "ghsl_2018": 1}, "geometry": {"type": "Polygon", "coordinates": [[[69.6972105, 23.261887200000004], [69.6973064, 23.2618961], [69.6973018, 23.261938999999998], [69.6972058, 23.261930100000004], [69.6972105, 23.261887200000004]]]}}, {"type": "Feature", "properties": {"layer": "building", "distance_m": 195.1, "source": "Google Open Buildings", "in_industrial_zone": false, "ghsl_2018": 1}, "geometry": {"type": "Polygon", "coordinates": [[[69.6972058, 23.261930100000004], [69.6973018, 23.261938999999998], [69.6972987, 23.261967400000003], [69.6972028, 23.2619585], [69.6972058, 23.261930100000004]]]}}, {"type": "Feature", "properties": {"layer": "building", "distance_m": 183.6, "source": "Google Open Buildings", "in_industrial_zone": false, "ghsl_2018": 1}, "geometry": {"type": "Polygon", "coordinates": [[[69.6971949, 23.2620312], [69.6972908, 23.262039999999995], [69.6972869, 23.262076199999996], [69.697191, 23.262067299999988], [69.6971949, 23.2620312]]]}}, {"type": "Feature", "properties": {"layer": "building", "distance_m": 182.1, "source": "Google Open Buildings", "in_industrial_zone": false, "ghsl_2018": 1}, "geometry": {"type": "Polygon", "coordinates": [[[69.697191, 23.262067299999988], [69.6972168, 23.2620697], [69.697213, 23.2621052], [69.6971872, 23.2621029], [69.697191, 23.262067299999988]]]}}, {"type": "Feature", "properties": {"layer": "building", "distance_m": 240.9, "source": "Google Open Buildings", "in_industrial_zone": false, "ghsl_2018": 1}, "geometry": {"type": "Polygon", "coordinates": [[[69.6971334, 23.261529900000003], [69.6971742, 23.261531100000003], [69.6971729, 23.261569600000005], [69.6971321, 23.261568399999998], [69.6971334, 23.261529900000003]]]}}, {"type": "Feature", "properties": {"layer": "building", "distance_m": 221.8, "source": "Google Open Buildings", "in_industrial_zone": false, "ghsl_2018": 1}, "geometry": {"type": "Polygon", "coordinates": [[[69.6971031, 23.261695600000003], [69.6971718, 23.261698200000005], [69.6971696, 23.2617467], [69.6971009, 23.261744000000007], [69.6971031, 23.261695600000003]]]}}, {"type": "Feature", "properties": {"layer": "building", "distance_m": 157.4, "source": "Microsoft ML Buildings", "in_industrial_zone": false, "ghsl_2018": 1}, "geometry": {"type": "Polygon", "coordinates": [[[69.6971792, 23.2622735], [69.6972338, 23.262272000000003], [69.6972357, 23.262330200000005], [69.6971811, 23.262331800000002], [69.6971792, 23.2622735]]]}}, {"type": "Feature", "properties": {"layer": "building", "distance_m": 175.6, "source": "Google Open Buildings", "in_industrial_zone": false, "ghsl_2018": 1}, "geometry": {"type": "Polygon", "coordinates": [[[69.697072, 23.262142699999995], [69.69711010000002, 23.262143700000006], [69.6971086, 23.262192300000002], [69.6970705, 23.2621912], [69.697072, 23.262142699999995]]]}}, {"type": "Feature", "properties": {"layer": "building", "distance_m": 140.3, "source": "Microsoft ML Buildings", "in_industrial_zone": false, "ghsl_2018": 1}, "geometry": {"type": "Polygon", "coordinates": [[[69.6970148, 23.262493100000004], [69.697055, 23.262483399999997], [69.697072, 23.262543400000002], [69.6970318, 23.262553100000005], [69.6970148, 23.262493100000004]]]}}, {"type": "Feature", "properties": {"layer": "building", "distance_m": 134.6, "source": "Microsoft ML Buildings", "in_industrial_zone": false, "ghsl_2018": 1}, "geometry": {"type": "Polygon", "coordinates": [[[69.6970232, 23.262620700000006], [69.6969587, 23.262641499999997], [69.6969411, 23.262595400000006], [69.6970056, 23.2625746], [69.6970232, 23.262620700000006]]]}}, {"type": "Feature", "properties": {"layer": "building", "distance_m": 177.4, "source": "Microsoft ML Buildings", "in_industrial_zone": false, "ghsl_2018": 1}, "geometry": {"type": "Polygon", "coordinates": [[[69.696969, 23.2621434], [69.6969694, 23.262168900000006], [69.6970355, 23.262168100000004], [69.6970359, 23.262196799999998], [69.6969045, 23.2621984], [69.6969037, 23.262144200000005], [69.696969, 23.2621434]]]}}, {"type": "Feature", "properties": {"layer": "building", "distance_m": 165.4, "source": "Microsoft ML Buildings", "in_industrial_zone": false, "ghsl_2018": 1}, "geometry": {"type": "Polygon", "coordinates": [[[69.6969782, 23.262306900000002], [69.6969818, 23.2622315], [69.6970478, 23.2622342], [69.6970441, 23.262309500000008], [69.6969782, 23.262306900000002]]]}}, {"type": "Feature", "properties": {"layer": "building", "distance_m": 184.4, "source": "Google Open Buildings", "in_industrial_zone": false, "ghsl_2018": 1}, "geometry": {"type": "Polygon", "coordinates": [[[69.6969395, 23.2620471], [69.6971131, 23.262051900000007], [69.69711130000002, 23.262108200000004], [69.69693770000002, 23.262103400000004], [69.6969395, 23.2620471]]]}}, {"type": "Feature", "properties": {"layer": "building", "distance_m": 213.8, "source": "Microsoft ML Buildings", "in_industrial_zone": false, "ghsl_2018": 1}, "geometry": {"type": "Polygon", "coordinates": [[[69.697041, 23.261851200000002], [69.6969688, 23.261847700000008], [69.6969741, 23.261756800000008], [69.6970463, 23.2617603], [69.697041, 23.261851200000002]]]}}, {"type": "Feature", "properties": {"layer": "building", "distance_m": 229.5, "source": "Microsoft ML Buildings", "in_industrial_zone": false, "ghsl_2018": 1}, "geometry": {"type": "Polygon", "coordinates": [[[69.6969754, 23.261692500000002], [69.6969779, 23.2616285], [69.697077, 23.261631700000002], [69.6970745, 23.2616957], [69.6969754, 23.261692500000002]]]}}, {"type": "Feature", "properties": {"layer": "building", "distance_m": 237.2, "source": "Microsoft ML Buildings", "in_industrial_zone": false, "ghsl_2018": 1}, "geometry": {"type": "Polygon", "coordinates": [[[69.69707310000001, 23.261561600000004], [69.6970684, 23.2616254], [69.6969669, 23.2616191], [69.6969716, 23.261555400000002], [69.69707310000001, 23.261561600000004]]]}}, {"type": "Feature", "properties": {"layer": "building", "distance_m": 209.2, "source": "Google Open Buildings", "in_industrial_zone": false, "ghsl_2018": 1}, "geometry": {"type": "Polygon", "coordinates": [[[69.6970733, 23.261863000000005], [69.6970759, 23.261835899999998], [69.6971487, 23.261841800000003], [69.6971461, 23.261868900000003], [69.6970733, 23.261863000000005]]]}}, {"type": "Feature", "properties": {"layer": "building", "distance_m": 216.3, "source": "Google Open Buildings", "in_industrial_zone": false, "ghsl_2018": 1}, "geometry": {"type": "Polygon", "coordinates": [[[69.6970823, 23.26176810000001], [69.69715510000002, 23.261774000000003], [69.6971525, 23.2618018], [69.6970797, 23.261795900000003], [69.6970823, 23.26176810000001]]]}}, {"type": "Feature", "properties": {"layer": "building", "distance_m": 241.1, "source": "Google Open Buildings", "in_industrial_zone": false, "ghsl_2018": 1}, "geometry": {"type": "Polygon", "coordinates": [[[69.6970825, 23.261548299999998], [69.6971308, 23.26154530000001], [69.697133, 23.261576099999996], [69.6970848, 23.261579100000002], [69.6970825, 23.261548299999998]]]}}, {"type": "Feature", "properties": {"layer": "building", "distance_m": 248.5, "source": "Microsoft ML Buildings", "in_industrial_zone": false, "ghsl_2018": 1}, "geometry": {"type": "Polygon", "coordinates": [[[69.6971529, 23.261503700000002], [69.6970753, 23.2615003], [69.697079, 23.261429], [69.6971566, 23.2614324], [69.6971529, 23.261503700000002]]]}}, {"type": "Feature", "properties": {"layer": "building", "distance_m": 268.3, "source": "Microsoft ML Buildings", "in_industrial_zone": false, "ghsl_2018": 1}, "geometry": {"type": "Polygon", "coordinates": [[[69.6970896, 23.261333300000008], [69.69704740000002, 23.2613386], [69.6970421, 23.26130230000001], [69.6970842, 23.261296999999995], [69.6970896, 23.261333300000008]]]}}, {"type": "Feature", "properties": {"layer": "building", "distance_m": 274.8, "source": "Microsoft ML Buildings", "in_industrial_zone": false, "ghsl_2018": 1}, "geometry": {"type": "Polygon", "coordinates": [[[69.6970071, 23.261250700000005], [69.6970335, 23.261169299999995], [69.6971164, 23.261192000000005], [69.6970899, 23.2612734], [69.6970071, 23.261250700000005]]]}}, {"type": "Feature", "properties": {"layer": "building", "distance_m": 282.8, "source": "Microsoft ML Buildings", "in_industrial_zone": false, "ghsl_2018": 1}, "geometry": {"type": "Polygon", "coordinates": [[[69.6970226, 23.261140199999996], [69.69706990000002, 23.261059100000008], [69.6971741, 23.261110400000003], [69.6971268, 23.261191499999995], [69.6970226, 23.261140199999996]]]}}, {"type": "Feature", "properties": {"layer": "building", "distance_m": 305.0, "source": "Microsoft ML Buildings", "in_industrial_zone": false, "ghsl_2018": 1}, "geometry": {"type": "Polygon", "coordinates": [[[69.6969067, 23.260984600000004], [69.69692280000001, 23.260946], [69.697007, 23.260975599999995], [69.6969909, 23.261014299999992], [69.6969067, 23.260984600000004]]]}}, {"type": "Feature", "properties": {"layer": "building", "distance_m": 291.5, "source": "Microsoft ML Buildings", "in_industrial_zone": false, "ghsl_2018": 1}, "geometry": {"type": "Polygon", "coordinates": [[[69.6970232, 23.261132], [69.6969603, 23.2611055], [69.6970009, 23.261024000000003], [69.6970638, 23.261050499999996], [69.6970232, 23.261132]]]}}, {"type": "Feature", "properties": {"layer": "building", "distance_m": 269.4, "source": "Microsoft ML Buildings", "in_industrial_zone": false, "ghsl_2018": 1}, "geometry": {"type": "Polygon", "coordinates": [[[69.6969421, 23.261355000000002], [69.6968703, 23.26134070000001], [69.6968952, 23.261234800000008], [69.696967, 23.261249000000003], [69.6969421, 23.261355000000002]]]}}, {"type": "Feature", "properties": {"layer": "building", "distance_m": 265.9, "source": "Microsoft ML Buildings", "in_industrial_zone": false, "ghsl_2018": 1}, "geometry": {"type": "Polygon", "coordinates": [[[69.6968926, 23.261347599999997], [69.6968881, 23.26140150000001], [69.6968401, 23.261398200000002], [69.6968446, 23.261344300000005], [69.6968926, 23.261347599999997]]]}}, {"type": "Feature", "properties": {"layer": "building", "distance_m": 303.6, "source": "Google Open Buildings", "in_industrial_zone": false, "ghsl_2018": 1}, "geometry": {"type": "Polygon", "coordinates": [[[69.6968505, 23.2610133], [69.6968869, 23.261020400000007], [69.6968797, 23.261051599999995], [69.6968433, 23.2610444], [69.6968505, 23.2610133]]]}}, {"type": "Feature", "properties": {"layer": "building", "distance_m": 302.3, "source": "Google Open Buildings", "in_industrial_zone": false, "ghsl_2018": 1}, "geometry": {"type": "Polygon", "coordinates": [[[69.6969343, 23.261002400000006], [69.6969317, 23.261051900000002], [69.6968968, 23.2610503], [69.6968995, 23.2610008], [69.6969343, 23.261002400000006]]]}}, {"type": "Feature", "properties": {"layer": "building", "distance_m": 250.6, "source": "Google Open Buildings", "in_industrial_zone": false, "ghsl_2018": 1}, "geometry": {"type": "Polygon", "coordinates": [[[69.6967465, 23.261509799999995], [69.6968179, 23.2615138], [69.6968143, 23.261568699999998], [69.6967429, 23.261564700000005], [69.6967465, 23.261509799999995]]]}}, {"type": "Feature", "properties": {"layer": "building", "distance_m": 237.7, "source": "Microsoft ML Buildings", "in_industrial_zone": false, "ghsl_2018": 1}, "geometry": {"type": "Polygon", "coordinates": [[[69.6967707, 23.261674699999997], [69.696778, 23.261632400000003], [69.6968444, 23.261642100000003], [69.696837, 23.2616845], [69.6967707, 23.261674699999997]]]}}, {"type": "Feature", "properties": {"layer": "building", "distance_m": 201.6, "source": "Microsoft ML Buildings", "in_industrial_zone": false, "ghsl_2018": 1}, "geometry": {"type": "Polygon", "coordinates": [[[69.6968019, 23.2620193], [69.6968015, 23.2619824], [69.6968756, 23.261981700000003], [69.696876, 23.262018700000002], [69.6968019, 23.2620193]]]}}, {"type": "Feature", "properties": {"layer": "building", "distance_m": 208.6, "source": "Google Open Buildings", "in_industrial_zone": false, "ghsl_2018": 1}, "geometry": {"type": "Polygon", "coordinates": [[[69.6968267, 23.261841700000012], [69.6968724, 23.261844000000004], [69.6968659, 23.2619551], [69.6968202, 23.261952800000007], [69.6968267, 23.261841700000012]]]}}, {"type": "Feature", "properties": {"layer": "building", "distance_m": 220.4, "source": "Microsoft ML Buildings", "in_industrial_zone": false, "ghsl_2018": 1}, "geometry": {"type": "Polygon", "coordinates": [[[69.6968658, 23.26180150000001], [69.6968643, 23.261840900000006], [69.6968027, 23.2618388], [69.6968042, 23.261799400000005], [69.6968658, 23.26180150000001]]]}}, {"type": "Feature", "properties": {"layer": "building", "distance_m": 240.5, "source": "Microsoft ML Buildings", "in_industrial_zone": false, "ghsl_2018": 1}, "geometry": {"type": "Polygon", "coordinates": [[[69.6969649, 23.261620400000005], [69.6969176, 23.261618800000008], [69.6969193, 23.2615769], [69.69696660000001, 23.2615785], [69.6969649, 23.261620400000005]]]}}, {"type": "Feature", "properties": {"layer": "building", "distance_m": 221.1, "source": "Microsoft ML Buildings", "in_industrial_zone": false, "ghsl_2018": 1}, "geometry": {"type": "Polygon", "coordinates": [[[69.6969557, 23.261805400000004], [69.696913, 23.261802700000004], [69.6969167, 23.26175359999999], [69.6969594, 23.261756400000003], [69.6969557, 23.261805400000004]]]}}, {"type": "Feature", "properties": {"layer": "building", "distance_m": 214.4, "source": "Google Open Buildings", "in_industrial_zone": false, "ghsl_2018": 1}, "geometry": {"type": "Polygon", "coordinates": [[[69.6969473, 23.261838499999996], [69.6969519, 23.26187020000001], [69.6969143, 23.2618748], [69.6969098, 23.261843100000004], [69.6969473, 23.261838499999996]]]}}, {"type": "Feature", "properties": {"layer": "building", "distance_m": 196.8, "source": "Microsoft ML Buildings", "in_industrial_zone": false, "ghsl_2018": 1}, "geometry": {"type": "Polygon", "coordinates": [[[69.6969737, 23.2620312], [69.6969308, 23.2620318], [69.6969288, 23.2619185], [69.6969718, 23.261917800000003], [69.6969737, 23.2620312]]]}}, {"type": "Feature", "properties": {"layer": "building", "distance_m": 190.6, "source": "Google Open Buildings", "in_industrial_zone": false, "ghsl_2018": 1}, "geometry": {"type": "Polygon", "coordinates": [[[69.696913, 23.262046400000003], [69.6969395, 23.2620471], [69.69693770000002, 23.262103400000004], [69.6969112, 23.262102700000003], [69.696913, 23.262046400000003]]]}}, {"type": "Feature", "properties": {"layer": "building", "distance_m": 200.4, "source": "Microsoft ML Buildings", "in_industrial_zone": false, "ghsl_2018": 1}, "geometry": {"type": "Polygon", "coordinates": [[[69.6969207, 23.2620148], [69.6968795, 23.262013600000007], [69.6968818, 23.261942200000004], [69.696923, 23.2619434], [69.6969207, 23.2620148]]]}}, {"type": "Feature", "properties": {"layer": "building", "distance_m": 186.2, "source": "Microsoft ML Buildings", "in_industrial_zone": false, "ghsl_2018": 1}, "geometry": {"type": "Polygon", "coordinates": [[[69.6969008, 23.262097000000004], [69.6968982, 23.2621609], [69.6968527, 23.26215940000001], [69.6968553, 23.262095400000007], [69.6969008, 23.262097000000004]]]}}, {"type": "Feature", "properties": {"layer": "building", "distance_m": 166.2, "source": "Microsoft ML Buildings", "in_industrial_zone": false, "ghsl_2018": 1}, "geometry": {"type": "Polygon", "coordinates": [[[69.6969673, 23.262329700000002], [69.6969298, 23.262331000000003], [69.6969257, 23.262236600000005], [69.6969632, 23.2622353], [69.6969673, 23.262329700000002]]]}}, {"type": "Feature", "properties": {"layer": "building", "distance_m": 130.5, "source": "Microsoft ML Buildings", "in_industrial_zone": false, "ghsl_2018": 1}, "geometry": {"type": "Polygon", "coordinates": [[[69.6969757, 23.262686500000004], [69.6969057, 23.262711400000004], [69.6968729, 23.2626335], [69.6969428, 23.262608600000007], [69.6969757, 23.262686500000004]]]}}, {"type": "Feature", "properties": {"layer": "building", "distance_m": 146.7, "source": "Google Open Buildings", "in_industrial_zone": false, "ghsl_2018": 1}, "geometry": {"type": "Polygon", "coordinates": [[[69.6968889, 23.262399200000008], [69.6969157, 23.262469400000004], [69.6969433, 23.262460400000002], [69.6969677, 23.262524300000003], [69.6968743, 23.262554700000003], [69.6968232, 23.262420600000002], [69.6968889, 23.262399200000008]]]}}, {"type": "Feature", "properties": {"layer": "building", "distance_m": 169.5, "source": "Microsoft ML Buildings", "in_industrial_zone": false, "ghsl_2018": 1}, "geometry": {"type": "Polygon", "coordinates": [[[69.6967748, 23.262302500000008], [69.6968578, 23.2622995], [69.6968598, 23.262343700000006], [69.6967767, 23.2623468], [69.6967748, 23.262302500000008]]]}}, {"type": "Feature", "properties": {"layer": "building", "distance_m": 264.5, "source": "Google Open Buildings", "in_industrial_zone": false, "ghsl_2018": 1}, "geometry": {"type": "Polygon", "coordinates": [[[69.698163, 23.2612883], [69.6982095, 23.261290200000005], [69.6982074, 23.2613353], [69.6981608, 23.261333500000006], [69.698163, 23.2612883]]]}}, {"type": "Feature", "properties": {"layer": "building", "distance_m": 265.7, "source": "Google Open Buildings", "in_industrial_zone": false, "ghsl_2018": 1}, "geometry": {"type": "Polygon", "coordinates": [[[69.698093, 23.261248099999996], [69.6981648, 23.2612509], [69.6981617, 23.261315500000006], [69.6980899, 23.261312600000007], [69.698093, 23.261248099999996]]]}}, {"type": "Feature", "properties": {"layer": "building", "distance_m": 273.9, "source": "Google Open Buildings", "in_industrial_zone": false, "ghsl_2018": 1}, "geometry": {"type": "Polygon", "coordinates": [[[69.6980975, 23.261150400000005], [69.6981693, 23.261153300000004], [69.6981652, 23.261241200000004], [69.6980934, 23.261238300000002], [69.6980975, 23.261150400000005]]]}}, {"type": "Feature", "properties": {"layer": "building", "distance_m": 302.0, "source": "Microsoft ML Buildings", "in_industrial_zone": false, "ghsl_2018": 1}, "geometry": {"type": "Polygon", "coordinates": [[[69.6981445, 23.260948599999995], [69.6981381, 23.2609872], [69.6980621, 23.260976499999998], [69.6980685, 23.260938000000007], [69.6981445, 23.260948599999995]]]}}, {"type": "Feature", "properties": {"layer": "building", "distance_m": 285.6, "source": "Microsoft ML Buildings", "in_industrial_zone": false, "ghsl_2018": 1}, "geometry": {"type": "Polygon", "coordinates": [[[69.6981411, 23.26106340000001], [69.6982134, 23.261065100000003], [69.6982113, 23.261139], [69.698139, 23.261137200000004], [69.6981411, 23.26106340000001]]]}}, {"type": "Feature", "properties": {"layer": "building", "distance_m": 339.4, "source": "Microsoft ML Buildings", "in_industrial_zone": true, "ghsl_2018": 1}, "geometry": {"type": "Polygon", "coordinates": [[[69.6980783, 23.260623099999993], [69.6980929, 23.26059190000001], [69.6981518, 23.2606152], [69.6981372, 23.260646400000002], [69.6980783, 23.260623099999993]]]}}, {"type": "Feature", "properties": {"layer": "building", "distance_m": 357.4, "source": "Google Open Buildings", "in_industrial_zone": true, "ghsl_2018": 1}, "geometry": {"type": "Polygon", "coordinates": [[[69.6981112, 23.260397400000002], [69.6981153, 23.26047000000001], [69.6980408, 23.260473599999994], [69.6980367, 23.260401], [69.6981112, 23.260397400000002]]]}}, {"type": "Feature", "properties": {"layer": "building", "distance_m": 293.8, "source": "Microsoft ML Buildings", "in_industrial_zone": false, "ghsl_2018": 1}, "geometry": {"type": "Polygon", "coordinates": [[[69.6981271, 23.261048899999995], [69.6980511, 23.2610518], [69.698049, 23.261005000000008], [69.698125, 23.261002100000006], [69.6981271, 23.261048899999995]]]}}, {"type": "Feature", "properties": {"layer": "building", "distance_m": 284.5, "source": "Microsoft ML Buildings", "in_industrial_zone": false, "ghsl_2018": 1}, "geometry": {"type": "Polygon", "coordinates": [[[69.6980495, 23.261054400000003], [69.6981369, 23.261057200000003], [69.6981338, 23.26113850000001], [69.6980464, 23.261135600000003], [69.6980495, 23.261054400000003]]]}}, {"type": "Feature", "properties": {"layer": "building", "distance_m": 260.5, "source": "Microsoft ML Buildings", "in_industrial_zone": false, "ghsl_2018": 1}, "geometry": {"type": "Polygon", "coordinates": [[[69.698045, 23.261353499999995], [69.6980507, 23.261309800000003], [69.69813, 23.2613185], [69.6981243, 23.261362300000002], [69.698045, 23.261353499999995]]]}}, {"type": "Feature", "properties": {"layer": "building", "distance_m": 246.9, "source": "Microsoft ML Buildings", "in_industrial_zone": false, "ghsl_2018": 1}, "geometry": {"type": "Polygon", "coordinates": [[[69.6979855, 23.261458400000002], [69.6980112, 23.261403600000012], [69.6980572, 23.2614218], [69.6980315, 23.2614766], [69.6979855, 23.261458400000002]]]}}, {"type": "Feature", "properties": {"layer": "building", "distance_m": 239.4, "source": "Google Open Buildings", "in_industrial_zone": false, "ghsl_2018": 1}, "geometry": {"type": "Polygon", "coordinates": [[[69.6978928, 23.261477700000004], [69.6979718, 23.261482700000002], [69.6979679, 23.26153590000001], [69.6978889, 23.261531000000005], [69.6978928, 23.261477700000004]]]}}, {"type": "Feature", "properties": {"layer": "building", "distance_m": 343.5, "source": "Microsoft ML Buildings", "in_industrial_zone": true, "ghsl_2018": 1}, "geometry": {"type": "Polygon", "coordinates": [[[69.6979675, 23.260579300000007], [69.6979929, 23.260518300000008], [69.6980435, 23.260536100000014], [69.6980181, 23.260597100000012], [69.6979675, 23.260579300000007]]]}}, {"type": "Feature", "properties": {"layer": "building", "distance_m": 340.8, "source": "Google Open Buildings", "in_industrial_zone": true, "ghsl_2018": 1}, "geometry": {"type": "Polygon", "coordinates": [[[69.6979169, 23.2604929], [69.6979892, 23.2605162], [69.6979512, 23.260616799999994], [69.6979161, 23.260605500000008], [69.6979254, 23.26058090000001], [69.6978882, 23.260568900000003], [69.6979169, 23.2604929]]]}}, {"type": "Feature", "properties": {"layer": "building", "distance_m": 316.2, "source": "Google Open Buildings", "in_industrial_zone": false, "ghsl_2018": 1}, "geometry": {"type": "Polygon", "coordinates": [[[69.6979229, 23.260801399999995], [69.6979494, 23.260804799999995], [69.6979443, 23.260839399999995], [69.69791780000001, 23.260836000000005], [69.6979229, 23.260801399999995]]]}}, {"type": "Feature", "properties": {"layer": "building", "distance_m": 276.2, "source": "Microsoft ML Buildings", "in_industrial_zone": false, "ghsl_2018": 1}, "geometry": {"type": "Polygon", "coordinates": [[[69.6978778, 23.2610757], [69.6979422, 23.261076699999997], [69.69794, 23.261197400000004], [69.6978757, 23.261196400000003], [69.6978778, 23.2610757]]]}}, {"type": "Feature", "properties": {"layer": "building", "distance_m": 267.9, "source": "Microsoft ML Buildings", "in_industrial_zone": false, "ghsl_2018": 1}, "geometry": {"type": "Polygon", "coordinates": [[[69.6978732, 23.261271900000008], [69.6978749, 23.261200500000005], [69.6979419, 23.261201900000003], [69.6979402, 23.261273300000006], [69.6978732, 23.261271900000008]]]}}, {"type": "Feature", "properties": {"layer": "building", "distance_m": 260.9, "source": "Microsoft ML Buildings", "in_industrial_zone": false, "ghsl_2018": 1}, "geometry": {"type": "Polygon", "coordinates": [[[69.6979446, 23.261340099999998], [69.69787280000001, 23.261333699999998], [69.6978791, 23.26127510000001], [69.6979508, 23.261281500000006], [69.6979446, 23.261340099999998]]]}}, {"type": "Feature", "properties": {"layer": "building", "distance_m": 246.5, "source": "Microsoft ML Buildings", "in_industrial_zone": false, "ghsl_2018": 1}, "geometry": {"type": "Polygon", "coordinates": [[[69.6978675, 23.261378700000016], [69.697929, 23.261382000000005], [69.6979234, 23.261468000000008], [69.697862, 23.26146460000001], [69.6978675, 23.261378700000016]]]}}, {"type": "Feature", "properties": {"layer": "building", "distance_m": 241.4, "source": "Google Open Buildings", "in_industrial_zone": false, "ghsl_2018": 1}, "geometry": {"type": "Polygon", "coordinates": [[[69.6978561, 23.261475400000005], [69.6978928, 23.261477700000004], [69.6978903, 23.26151290000001], [69.69785350000001, 23.261510600000005], [69.6978561, 23.261475400000005]]]}}, {"type": "Feature", "properties": {"layer": "building", "distance_m": 222.8, "source": "Google Open Buildings", "in_industrial_zone": false, "ghsl_2018": 1}, "geometry": {"type": "Polygon", "coordinates": [[[69.6978607, 23.26160120000001], [69.6979342, 23.261608600000002], [69.6979252, 23.261684300000002], [69.6978517, 23.2616769], [69.6978607, 23.26160120000001]]]}}, {"type": "Feature", "properties": {"layer": "building", "distance_m": 236.1, "source": "Google Open Buildings", "in_industrial_zone": false, "ghsl_2018": 1}, "geometry": {"type": "Polygon", "coordinates": [[[69.69797610000002, 23.261511900000002], [69.6980348, 23.261515500000005], [69.6980307, 23.261571399999998], [69.6979721, 23.261567800000005], [69.69797610000002, 23.261511900000002]]]}}, {"type": "Feature", "properties": {"layer": "building", "distance_m": 207.5, "source": "Google Open Buildings", "in_industrial_zone": false, "ghsl_2018": 1}, "geometry": {"type": "Polygon", "coordinates": [[[69.697797, 23.261768900000007], [69.6978338, 23.261771300000007], [69.6978304, 23.261815300000006], [69.6977936, 23.261812900000002], [69.697797, 23.261768900000007]]]}}, {"type": "Feature", "properties": {"layer": "building", "distance_m": 185.4, "source": "Microsoft ML Buildings", "in_industrial_zone": false, "ghsl_2018": 1}, "geometry": {"type": "Polygon", "coordinates": [[[69.6976026, 23.262015500000004], [69.6975285, 23.2620149], [69.69753, 23.261865500000003], [69.6976042, 23.261866100000006], [69.6976026, 23.262015500000004]]]}}, {"type": "Feature", "properties": {"layer": "building", "distance_m": 180.0, "source": "Google Open Buildings", "in_industrial_zone": false, "ghsl_2018": 1}, "geometry": {"type": "Polygon", "coordinates": [[[69.69750150000002, 23.262024300000004], [69.6975365, 23.262025000000005], [69.6975356, 23.262069800000013], [69.6975005, 23.26206910000001], [69.69750150000002, 23.262024300000004]]]}}, {"type": "Feature", "properties": {"layer": "building", "distance_m": 225.3, "source": "Microsoft ML Buildings", "in_industrial_zone": false, "ghsl_2018": 1}, "geometry": {"type": "Polygon", "coordinates": [[[69.6975268, 23.261657800000002], [69.6975241, 23.261593800000007], [69.6975616, 23.261592500000003], [69.6975643, 23.261656500000004], [69.6975268, 23.261657800000002]]]}}, {"type": "Feature", "properties": {"layer": "building", "distance_m": 224.1, "source": "Microsoft ML Buildings", "in_industrial_zone": false, "ghsl_2018": 1}, "geometry": {"type": "Polygon", "coordinates": [[[69.6976436, 23.261592500000006], [69.6976332, 23.261664200000006], [69.6975673, 23.261656200000004], [69.6975777, 23.261584400000007], [69.6976436, 23.261592500000006]]]}}, {"type": "Feature", "properties": {"layer": "building", "distance_m": 207.5, "source": "Microsoft ML Buildings", "in_industrial_zone": false, "ghsl_2018": 1}, "geometry": {"type": "Polygon", "coordinates": [[[69.6976517, 23.261706700000012], [69.6976401, 23.26181399999999], [69.6975402, 23.261805000000003], [69.6975469, 23.261742400000003], [69.6975814, 23.261745600000005], [69.6975862, 23.261700699999995], [69.6976517, 23.261706700000012]]]}}, {"type": "Feature", "properties": {"layer": "building", "distance_m": 275.0, "source": "Microsoft ML Buildings", "in_industrial_zone": false, "ghsl_2018": 1}, "geometry": {"type": "Polygon", "coordinates": [[[69.6976278, 23.261147699999995], [69.6976643, 23.261148399999996], [69.697663, 23.2612035], [69.6976264, 23.2612028], [69.6976278, 23.261147699999995]]]}}, {"type": "Feature", "properties": {"layer": "building", "distance_m": 266.4, "source": "Microsoft ML Buildings", "in_industrial_zone": false, "ghsl_2018": 1}, "geometry": {"type": "Polygon", "coordinates": [[[69.6976516, 23.2612818], [69.6975782, 23.261280100000004], [69.6975803, 23.261204600000006], [69.6976537, 23.2612064], [69.6976516, 23.2612818]]]}}, {"type": "Feature", "properties": {"layer": "building", "distance_m": 254.4, "source": "Microsoft ML Buildings", "in_industrial_zone": false, "ghsl_2018": 1}, "geometry": {"type": "Polygon", "coordinates": [[[69.6976379, 23.261327600000005], [69.6976366, 23.261390800000008], [69.6975481, 23.261389300000005], [69.6975502, 23.26128580000001], [69.6976602, 23.261287700000004], [69.6976594, 23.26132800000001], [69.6976379, 23.261327600000005]]]}}, {"type": "Feature", "properties": {"layer": "building", "distance_m": 238.4, "source": "Microsoft ML Buildings", "in_industrial_zone": false, "ghsl_2018": 1}, "geometry": {"type": "Polygon", "coordinates": [[[69.6975756, 23.26151730000001], [69.6975976, 23.261478600000004], [69.6976355, 23.26149690000001], [69.6976135, 23.2615355], [69.6975756, 23.26151730000001]]]}}, {"type": "Feature", "properties": {"layer": "building", "distance_m": 239.1, "source": "Microsoft ML Buildings", "in_industrial_zone": false, "ghsl_2018": 1}, "geometry": {"type": "Polygon", "coordinates": [[[69.697599, 23.261470199999998], [69.697557, 23.261532599999995], [69.6975163, 23.261509499999995], [69.6975582, 23.261447100000005], [69.697599, 23.261470199999998]]]}}, {"type": "Feature", "properties": {"layer": "building", "distance_m": 241.8, "source": "Microsoft ML Buildings", "in_industrial_zone": false, "ghsl_2018": 1}, "geometry": {"type": "Polygon", "coordinates": [[[69.6974986, 23.261512400000004], [69.6974314, 23.261457899999996], [69.697478, 23.261409400000005], [69.6975452, 23.261464000000004], [69.6974986, 23.261512400000004]]]}}, {"type": "Feature", "properties": {"layer": "building", "distance_m": 284.1, "source": "Microsoft ML Buildings", "in_industrial_zone": false, "ghsl_2018": 1}, "geometry": {"type": "Polygon", "coordinates": [[[69.697608, 23.2610833], [69.697607, 23.261122700000005], [69.697539, 23.261121200000012], [69.69754, 23.2610818], [69.697608, 23.2610833]]]}}, {"type": "Feature", "properties": {"layer": "building", "distance_m": 324.9, "source": "Google Open Buildings", "in_industrial_zone": false, "ghsl_2018": 1}, "geometry": {"type": "Polygon", "coordinates": [[[69.6975156, 23.260692100000007], [69.6975692, 23.2606939], [69.6975668, 23.26075549999999], [69.6975132, 23.260753700000002], [69.6975156, 23.260692100000007]]]}}, {"type": "Feature", "properties": {"layer": "building", "distance_m": 312.4, "source": "Google Open Buildings", "in_industrial_zone": false, "ghsl_2018": 1}, "geometry": {"type": "Polygon", "coordinates": [[[69.6975245, 23.260806900000002], [69.6975663, 23.26080740000001], [69.6975654, 23.2608691], [69.6975237, 23.260868600000002], [69.6975245, 23.260806900000002]]]}}, {"type": "Feature", "properties": {"layer": "building", "distance_m": 356.4, "source": "Google Open Buildings", "in_industrial_zone": true, "ghsl_2018": 1}, "geometry": {"type": "Polygon", "coordinates": [[[69.6974981, 23.260337600000007], [69.6976588, 23.2604052], [69.6976274, 23.260469000000004], [69.6974667, 23.2604014], [69.6974981, 23.260337600000007]]]}}, {"type": "Feature", "properties": {"layer": "building", "distance_m": 305.8, "source": "Microsoft ML Buildings", "in_industrial_zone": false, "ghsl_2018": 1}, "geometry": {"type": "Polygon", "coordinates": [[[69.6976137, 23.260848000000006], [69.6976898, 23.2608497], [69.6976878, 23.260925100000005], [69.6976117, 23.2609235], [69.6976137, 23.260848000000006]]]}}, {"type": "Feature", "properties": {"layer": "building", "distance_m": 315.0, "source": "Microsoft ML Buildings", "in_industrial_zone": false, "ghsl_2018": 1}, "geometry": {"type": "Polygon", "coordinates": [[[69.6976356, 23.2607998], [69.6976839, 23.260798500000003], [69.6976853, 23.260841900000003], [69.697637, 23.260843200000007], [69.6976356, 23.2607998]]]}}, {"type": "Feature", "properties": {"layer": "building", "distance_m": 251.5, "source": "Microsoft ML Buildings", "in_industrial_zone": false, "ghsl_2018": 1}, "geometry": {"type": "Polygon", "coordinates": [[[69.6976566, 23.2614138], [69.69766, 23.261350800000006], [69.6977001, 23.261352600000006], [69.69769680000002, 23.261415700000004], [69.6976566, 23.2614138]]]}}, {"type": "Feature", "properties": {"layer": "building", "distance_m": 249.6, "source": "Microsoft ML Buildings", "in_industrial_zone": false, "ghsl_2018": 1}, "geometry": {"type": "Polygon", "coordinates": [[[69.6978283, 23.261360200000006], [69.6978263, 23.261434100000002], [69.697703, 23.261431100000003], [69.697705, 23.261357300000004], [69.6978283, 23.261360200000006]]]}}, {"type": "Feature", "properties": {"layer": "building", "distance_m": 244.7, "source": "Microsoft ML Buildings", "in_industrial_zone": false, "ghsl_2018": 1}, "geometry": {"type": "Polygon", "coordinates": [[[69.6978084, 23.261442000000002], [69.69780330000002, 23.261478300000004], [69.6977373, 23.26147050000001], [69.6977424, 23.2614342], [69.6978084, 23.261442000000002]]]}}, {"type": "Feature", "properties": {"layer": "building", "distance_m": 271.8, "source": "Microsoft ML Buildings", "in_industrial_zone": false, "ghsl_2018": 1}, "geometry": {"type": "Polygon", "coordinates": [[[69.697786, 23.261233100000002], [69.6977898, 23.261092700000006], [69.6978622, 23.2610943], [69.6978584, 23.261234700000006], [69.697786, 23.261233100000002]]]}}, {"type": "Feature", "properties": {"layer": "building", "distance_m": 300.5, "source": "Microsoft ML Buildings", "in_industrial_zone": false, "ghsl_2018": 1}, "geometry": {"type": "Polygon", "coordinates": [[[69.6978602, 23.260976100000008], [69.6977959, 23.260974300000004], [69.6977981, 23.26090780000001], [69.6978624, 23.26090960000001], [69.6978602, 23.260976100000008]]]}}, {"type": "Feature", "properties": {"layer": "building", "distance_m": 288.1, "source": "Microsoft ML Buildings", "in_industrial_zone": false, "ghsl_2018": 1}, "geometry": {"type": "Polygon", "coordinates": [[[69.6977746, 23.261085400000002], [69.6977762, 23.2609794], [69.6978647, 23.260980599999996], [69.6978631, 23.2610865], [69.6977746, 23.261085400000002]]]}}, {"type": "Feature", "properties": {"layer": "building", "distance_m": 311.2, "source": "Microsoft ML Buildings", "in_industrial_zone": false, "ghsl_2018": 1}, "geometry": {"type": "Polygon", "coordinates": [[[69.6977928, 23.260877200000014], [69.6977965, 23.260793600000003], [69.6978768, 23.260796500000005], [69.6978732, 23.260880100000012], [69.6977928, 23.260877200000014]]]}}, {"type": "Feature", "properties": {"layer": "building", "distance_m": 349.5, "source": "Microsoft ML Buildings", "in_industrial_zone": true, "ghsl_2018": 2}, "geometry": {"type": "Polygon", "coordinates": [[[69.6977326, 23.260427800000002], [69.6978192, 23.260458200000006], [69.6977954, 23.260515500000004], [69.6977556, 23.260501500000007], [69.6977437, 23.26053020000001], [69.6976969, 23.260513800000005], [69.6977326, 23.260427800000002]]]}}, {"type": "Feature", "properties": {"layer": "building", "distance_m": 392.0, "source": "Google Open Buildings", "in_industrial_zone": true, "ghsl_2018": 1}, "geometry": {"type": "Polygon", "coordinates": [[[69.6976992, 23.260005], [69.697928, 23.2600835], [69.697901, 23.2601506], [69.6976722, 23.260072099999995], [69.6976992, 23.260005]]]}}, {"type": "Feature", "properties": {"layer": "building", "distance_m": 405.9, "source": "Google Open Buildings", "in_industrial_zone": true, "ghsl_2018": 2}, "geometry": {"type": "Polygon", "coordinates": [[[69.6977216, 23.259864800000006], [69.6978852, 23.2599189], [69.6978449, 23.260023000000004], [69.6976813, 23.259968800000003], [69.6977216, 23.259864800000006]]]}}, {"type": "Feature", "properties": {"layer": "building", "distance_m": 367.8, "source": "Microsoft ML Buildings", "in_industrial_zone": true, "ghsl_2018": 1}, "geometry": {"type": "Polygon", "coordinates": [[[69.697539, 23.260349400000006], [69.6975539, 23.2603069], [69.6974688, 23.260281800000005], [69.6974852, 23.2602349], [69.6976301, 23.2602777], [69.6975989, 23.260367], [69.697539, 23.260349400000006]]]}}, {"type": "Feature", "properties": {"layer": "building", "distance_m": 422.5, "source": "Google Open Buildings", "in_industrial_zone": true, "ghsl_2018": 1}, "geometry": {"type": "Polygon", "coordinates": [[[69.6975165, 23.2596927], [69.6976585, 23.259744200000004], [69.6976037, 23.2598731], [69.6974617, 23.259821500000008], [69.6975165, 23.2596927]]]}}, {"type": "Feature", "properties": {"layer": "building", "distance_m": 462.1, "source": "Microsoft ML Buildings", "in_industrial_zone": true, "ghsl_2018": 1}, "geometry": {"type": "Polygon", "coordinates": [[[69.6974206, 23.259428899999996], [69.6974567, 23.259348], [69.6976827, 23.259433100000003], [69.6976466, 23.259514000000006], [69.6974206, 23.259428899999996]]]}}, {"type": "Feature", "properties": {"layer": "building", "distance_m": 449.3, "source": "Google Open Buildings", "in_industrial_zone": true, "ghsl_2018": 1}, "geometry": {"type": "Polygon", "coordinates": [[[69.6975527, 23.259517100000007], [69.6976286, 23.259543700000002], [69.6976231, 23.2595571], [69.6977315, 23.2595951], [69.6977174, 23.2596294], [69.6975331, 23.2595649], [69.6975527, 23.259517100000007]]]}}, {"type": "Feature", "properties": {"layer": "building", "distance_m": 440.9, "source": "Google Open Buildings", "in_industrial_zone": true, "ghsl_2018": 1}, "geometry": {"type": "Polygon", "coordinates": [[[69.69781090000001, 23.259567600000004], [69.6979621, 23.259618199999995], [69.697926, 23.2597104], [69.6977747, 23.259659800000005], [69.69781090000001, 23.259567600000004]]]}}, {"type": "Feature", "properties": {"layer": "building", "distance_m": 417.1, "source": "Google Open Buildings", "in_industrial_zone": true, "ghsl_2018": 1}, "geometry": {"type": "Polygon", "coordinates": [[[69.6977402, 23.2597171], [69.6980439, 23.2598264], [69.6980005, 23.259929300000014], [69.69769680000002, 23.259820000000015], [69.6977402, 23.2597171]]]}}, {"type": "Feature", "properties": {"layer": "building", "distance_m": 388.8, "source": "Google Open Buildings", "in_industrial_zone": true, "ghsl_2018": 1}, "geometry": {"type": "Polygon", "coordinates": [[[69.6979508, 23.260093199999996], [69.6980181, 23.2601172], [69.6979897, 23.260185099999998], [69.6979224, 23.2601611], [69.6979508, 23.260093199999996]]]}}, {"type": "Feature", "properties": {"layer": "building", "distance_m": 470.2, "source": "Google Open Buildings", "in_industrial_zone": true, "ghsl_2018": 1}, "geometry": {"type": "Polygon", "coordinates": [[[69.6979295, 23.259277299999994], [69.6980863, 23.259333799999997], [69.6980367, 23.2594513], [69.6978799, 23.2593948], [69.6979295, 23.259277299999994]]]}}, {"type": "Feature", "properties": {"layer": "building", "distance_m": 486.5, "source": "Google Open Buildings", "in_industrial_zone": true, "ghsl_2018": 1}, "geometry": {"type": "Polygon", "coordinates": [[[69.6979719, 23.259216100000003], [69.6981202, 23.259265100000007], [69.6981035, 23.2593081], [69.6979553, 23.259259200000006], [69.6979719, 23.259216100000003]]]}}, {"type": "Feature", "properties": {"layer": "building", "distance_m": 408.7, "source": "Google Open Buildings", "in_industrial_zone": true, "ghsl_2018": 1}, "geometry": {"type": "Polygon", "coordinates": [[[69.6981729, 23.259920000000005], [69.6981695, 23.260015700000007], [69.6981146, 23.260014000000016], [69.6981181, 23.2599183], [69.6981729, 23.259920000000005]]]}}, {"type": "Feature", "properties": {"layer": "building", "distance_m": 469.0, "source": "Google Open Buildings", "in_industrial_zone": true, "ghsl_2018": 1}, "geometry": {"type": "Polygon", "coordinates": [[[69.6983905, 23.2594012], [69.6984623, 23.259424100000007], [69.6984327, 23.259503700000003], [69.6983608, 23.2594808], [69.6983905, 23.2594012]]]}}, {"type": "Feature", "properties": {"layer": "building", "distance_m": 489.0, "source": "Microsoft ML Buildings", "in_industrial_zone": true, "ghsl_2018": 1}, "geometry": {"type": "Polygon", "coordinates": [[[69.6985189, 23.259334100000004], [69.6984725, 23.259319100000003], [69.6984871, 23.259281000000012], [69.6985335, 23.2592959], [69.6985189, 23.259334100000004]]]}}, {"type": "Feature", "properties": {"layer": "building", "distance_m": 469.1, "source": "Microsoft ML Buildings", "in_industrial_zone": true, "ghsl_2018": 1}, "geometry": {"type": "Polygon", "coordinates": [[[69.6983674, 23.2594015], [69.6983338, 23.2594892], [69.6982588, 23.25946490000001], [69.6982925, 23.259377300000004], [69.6983674, 23.2594015]]]}}, {"type": "Feature", "properties": {"layer": "building", "distance_m": 332.6, "source": "Google Open Buildings", "in_industrial_zone": true, "ghsl_2018": 1}, "geometry": {"type": "Polygon", "coordinates": [[[69.6982683, 23.260676000000007], [69.6983053, 23.260682900000003], [69.6982949, 23.260731], [69.6982579, 23.26072420000001], [69.6982683, 23.260676000000007]]]}}, {"type": "Feature", "properties": {"layer": "building", "distance_m": 292.9, "source": "Google Open Buildings", "in_industrial_zone": false, "ghsl_2018": 1}, "geometry": {"type": "Polygon", "coordinates": [[[69.6982301, 23.260960199999996], [69.6983439, 23.261005200000003], [69.698301, 23.2610978], [69.6981872, 23.26105280000001], [69.6982301, 23.260960199999996]]]}}, {"type": "Feature", "properties": {"layer": "building", "distance_m": 157.5, "source": "Google Open Buildings", "in_industrial_zone": false, "ghsl_2018": 1}, "geometry": {"type": "Polygon", "coordinates": [[[69.69843460000001, 23.262281099999996], [69.6984704, 23.262288399999996], [69.6984387, 23.26242140000001], [69.6984029, 23.262414200000006], [69.69843460000001, 23.262281099999996]]]}}, {"type": "Feature", "properties": {"layer": "building", "distance_m": 137.2, "source": "Microsoft ML Buildings", "in_industrial_zone": false, "ghsl_2018": 1}, "geometry": {"type": "Polygon", "coordinates": [[[69.6985248, 23.26265860000001], [69.6984493, 23.2626494], [69.6984743, 23.262476500000005], [69.6985498, 23.262485700000013], [69.6985248, 23.26265860000001]]]}}, {"type": "Feature", "properties": {"layer": "building", "distance_m": 152.0, "source": "Microsoft ML Buildings", "in_industrial_zone": false, "ghsl_2018": 1}, "geometry": {"type": "Polygon", "coordinates": [[[69.6987492, 23.2625178], [69.6983537, 23.2624472], [69.6983889, 23.262281000000016], [69.6984225, 23.262287000000004], [69.6983949, 23.262417599999996], [69.6987567, 23.262482200000008], [69.6987492, 23.2625178]]]}}, {"type": "Feature", "properties": {"layer": "building", "distance_m": 173.6, "source": "Google Open Buildings", "in_industrial_zone": false, "ghsl_2018": 1}, "geometry": {"type": "Polygon", "coordinates": [[[69.6985921, 23.2622178], [69.6986554, 23.262231400000005], [69.6986274, 23.262343], [69.6985642, 23.2623295], [69.6985921, 23.2622178]]]}}, {"type": "Feature", "properties": {"layer": "building", "distance_m": 221.6, "source": "Google Open Buildings", "in_industrial_zone": false, "ghsl_2018": 1}, "geometry": {"type": "Polygon", "coordinates": [[[69.698788, 23.2618996], [69.6988486, 23.2619276], [69.6988282, 23.2619654], [69.6987676, 23.261937399999994], [69.698788, 23.2618996]]]}}, {"type": "Feature", "properties": {"layer": "building", "distance_m": 201.4, "source": "Microsoft ML Buildings", "in_industrial_zone": false, "ghsl_2018": 1}, "geometry": {"type": "Polygon", "coordinates": [[[69.6988488, 23.2620659], [69.6988375, 23.262140900000002], [69.698727, 23.262126900000002], [69.6987382, 23.262051900000007], [69.6988488, 23.2620659]]]}}, {"type": "Feature", "properties": {"layer": "building", "distance_m": 168.5, "source": "Google Open Buildings", "in_industrial_zone": false, "ghsl_2018": 1}, "geometry": {"type": "Polygon", "coordinates": [[[69.6986833, 23.262370800000006], [69.6988141, 23.262398800000003], [69.6987958, 23.262471599999994], [69.6986651, 23.26244360000001], [69.6986833, 23.262370800000006]]]}}, {"type": "Feature", "properties": {"layer": "building", "distance_m": 179.6, "source": "Microsoft ML Buildings", "in_industrial_zone": false, "ghsl_2018": 1}, "geometry": {"type": "Polygon", "coordinates": [[[69.6988635, 23.262380500000003], [69.6989331, 23.262383100000005], [69.6989297, 23.26245930000001], [69.6988601, 23.262456800000006], [69.6988635, 23.262380500000003]]]}}, {"type": "Feature", "properties": {"layer": "building", "distance_m": 222.1, "source": "Microsoft ML Buildings", "in_industrial_zone": false, "ghsl_2018": 1}, "geometry": {"type": "Polygon", "coordinates": [[[69.6988445, 23.2619742], [69.6988834, 23.2619035], [69.6989475, 23.2619333], [69.6989086, 23.262003899999996], [69.6988445, 23.2619742]]]}}, {"type": "Feature", "properties": {"layer": "building", "distance_m": 231.9, "source": "Microsoft ML Buildings", "in_industrial_zone": false, "ghsl_2018": 1}, "geometry": {"type": "Polygon", "coordinates": [[[69.6988065, 23.26184920000001], [69.6988435, 23.261793600000004], [69.6989821, 23.2618715], [69.698945, 23.261927100000005], [69.6988065, 23.26184920000001]]]}}, {"type": "Feature", "properties": {"layer": "building", "distance_m": 460.5, "source": "Google Open Buildings", "in_industrial_zone": true, "ghsl_2018": 1}, "geometry": {"type": "Polygon", "coordinates": [[[69.698878, 23.25956040000001], [69.6989272, 23.259565500000008], [69.6989144, 23.259671300000004], [69.6988652, 23.2596662], [69.698878, 23.25956040000001]]]}}, {"type": "Feature", "properties": {"layer": "building", "distance_m": 486.2, "source": "Microsoft ML Buildings", "in_industrial_zone": true, "ghsl_2018": 1}, "geometry": {"type": "Polygon", "coordinates": [[[69.6986165, 23.259376300000003], [69.6985224, 23.259340800000007], [69.6985554, 23.259267000000005], [69.6986495, 23.25930250000001], [69.6986165, 23.259376300000003]]]}}, {"type": "Feature", "properties": {"layer": "building", "distance_m": 472.0, "source": "Google Open Buildings", "in_industrial_zone": true, "ghsl_2018": 1}, "geometry": {"type": "Polygon", "coordinates": [[[69.6986759, 23.259482600000002], [69.6987211, 23.2594857], [69.69871830000001, 23.259520000000002], [69.6986731, 23.259516899999998], [69.6986759, 23.259482600000002]]]}}, {"type": "Feature", "properties": {"layer": "building", "distance_m": 462.9, "source": "Google Open Buildings", "in_industrial_zone": true, "ghsl_2018": 1}, "geometry": {"type": "Polygon", "coordinates": [[[69.6989372, 23.2595135], [69.6990028, 23.259517999999996], [69.6989991, 23.25956360000001], [69.6990667, 23.259568300000005], [69.6990623, 23.259622699999998], [69.6991259, 23.259627100000003], [69.6991222, 23.259672300000002], [69.6989255, 23.259658800000004], [69.6989372, 23.2595135]]]}}, {"type": "Feature", "properties": {"layer": "building", "distance_m": 481.7, "source": "OpenStreetMap", "in_industrial_zone": true, "ghsl_2018": 1}, "geometry": {"type": "Polygon", "coordinates": [[[69.6991958, 23.259557899999997], [69.6990916, 23.2595125], [69.69921400000001, 23.259274999999995], [69.6993183, 23.259320399999996], [69.6991958, 23.259557899999997]]]}}, {"type": "Feature", "properties": {"layer": "building", "distance_m": 326.6, "source": "Microsoft ML Buildings", "in_industrial_zone": false, "ghsl_2018": 1}, "geometry": {"type": "Polygon", "coordinates": [[[69.6993558, 23.261099400000003], [69.69941, 23.261104199999995], [69.6994043, 23.261157900000004], [69.6993502, 23.2611532], [69.6993558, 23.261099400000003]]]}}, {"type": "Feature", "properties": {"layer": "building", "distance_m": 356.0, "source": "Google Open Buildings", "in_industrial_zone": false, "ghsl_2018": 1}, "geometry": {"type": "Polygon", "coordinates": [[[69.6994547, 23.260828300000007], [69.6995268, 23.260865700000007], [69.6994927, 23.26092190000001], [69.6994206, 23.26088450000001], [69.6994547, 23.260828300000007]]]}}, {"type": "Feature", "properties": {"layer": "building", "distance_m": 358.2, "source": "Google Open Buildings", "in_industrial_zone": false, "ghsl_2018": 1}, "geometry": {"type": "Polygon", "coordinates": [[[69.6995265, 23.2608658], [69.6995582, 23.260878200000004], [69.699539, 23.2609201], [69.6995073, 23.260907700000008], [69.6995265, 23.2608658]]]}}, {"type": "Feature", "properties": {"layer": "building", "distance_m": 319.5, "source": "Google Open Buildings", "in_industrial_zone": false, "ghsl_2018": 1}, "geometry": {"type": "Polygon", "coordinates": [[[69.6994775, 23.261269200000005], [69.6995046, 23.261278700000005], [69.6994928, 23.261307399999993], [69.6994657, 23.2612979], [69.6994775, 23.261269200000005]]]}}, {"type": "Feature", "properties": {"layer": "building", "distance_m": 320.1, "source": "Google Open Buildings", "in_industrial_zone": false, "ghsl_2018": 1}, "geometry": {"type": "Polygon", "coordinates": [[[69.6995046, 23.261278700000005], [69.6995545, 23.261296300000005], [69.6995427, 23.261325000000006], [69.6994928, 23.261307399999993], [69.6995046, 23.261278700000005]]]}}, {"type": "Feature", "properties": {"layer": "building", "distance_m": 348.2, "source": "Microsoft ML Buildings", "in_industrial_zone": false, "ghsl_2018": 1}, "geometry": {"type": "Polygon", "coordinates": [[[69.6995272, 23.260993300000003], [69.6994515, 23.260982], [69.6994598, 23.260935000000003], [69.6995356, 23.2609463], [69.6995272, 23.260993300000003]]]}}, {"type": "Feature", "properties": {"layer": "building", "distance_m": 327.7, "source": "Microsoft ML Buildings", "in_industrial_zone": false, "ghsl_2018": 1}, "geometry": {"type": "Polygon", "coordinates": [[[69.6994381, 23.2611354], [69.6994852, 23.2611423], [69.6994761, 23.261194200000006], [69.6994291, 23.261187200000002], [69.6994381, 23.2611354]]]}}, {"type": "Feature", "properties": {"layer": "building", "distance_m": 247.5, "source": "Microsoft ML Buildings", "in_industrial_zone": false, "ghsl_2018": 1}, "geometry": {"type": "Polygon", "coordinates": [[[69.6994493, 23.2621282], [69.6994696, 23.262090600000004], [69.6995398, 23.2621226], [69.6995195, 23.262160200000007], [69.6994493, 23.2621282]]]}}, {"type": "Feature", "properties": {"layer": "building", "distance_m": 284.7, "source": "Microsoft ML Buildings", "in_industrial_zone": false, "ghsl_2018": 1}, "geometry": {"type": "Polygon", "coordinates": [[[69.699636, 23.261770200000004], [69.6995571, 23.261759800000004], [69.6995769, 23.2616328], [69.6996557, 23.261643199999998], [69.699636, 23.261770200000004]]]}}, {"type": "Feature", "properties": {"layer": "building", "distance_m": 251.5, "source": "Microsoft ML Buildings", "in_industrial_zone": false, "ghsl_2018": 1}, "geometry": {"type": "Polygon", "coordinates": [[[69.6996288, 23.261771300000003], [69.6996194, 23.262188600000005], [69.6995621, 23.262187500000007], [69.6995716, 23.2617702], [69.6996288, 23.261771300000003]]]}}, {"type": "Feature", "properties": {"layer": "building", "distance_m": 265.8, "source": "Google Open Buildings", "in_industrial_zone": false, "ghsl_2018": 1}, "geometry": {"type": "Polygon", "coordinates": [[[69.6995195, 23.261905299999995], [69.6995424, 23.2619074], [69.6995371, 23.261956499999997], [69.6995142, 23.26195440000001], [69.6995195, 23.261905299999995]]]}}, {"type": "Feature", "properties": {"layer": "building", "distance_m": 226.3, "source": "Google Open Buildings", "in_industrial_zone": false, "ghsl_2018": 1}, "geometry": {"type": "Polygon", "coordinates": [[[69.6996332, 23.262406500000008], [69.6996028, 23.2625558], [69.6995628, 23.262548900000002], [69.6995933, 23.262399500000004], [69.6996332, 23.262406500000008]]]}}, {"type": "Feature", "properties": {"layer": "building", "distance_m": 217.4, "source": "Google Open Buildings", "in_industrial_zone": false, "ghsl_2018": 1}, "geometry": {"type": "Polygon", "coordinates": [[[69.6995453, 23.262616299999998], [69.6996481, 23.262633100000002], [69.6996412, 23.2626696], [69.6995383, 23.262652800000005], [69.6995453, 23.262616299999998]]]}}, {"type": "Feature", "properties": {"layer": "building", "distance_m": 233.5, "source": "Google Open Buildings", "in_industrial_zone": false, "ghsl_2018": 1}, "geometry": {"type": "Polygon", "coordinates": [[[69.69949, 23.262313200000012], [69.6995262, 23.262316100000003], [69.6995223, 23.262359500000002], [69.699486, 23.262356700000012], [69.69949, 23.262313200000012]]]}}, {"type": "Feature", "properties": {"layer": "building", "distance_m": 235.0, "source": "Microsoft ML Buildings", "in_industrial_zone": false, "ghsl_2018": 1}, "geometry": {"type": "Polygon", "coordinates": [[[69.6994758, 23.262235700000005], [69.6994423, 23.26227680000001], [69.6994096, 23.2622543], [69.6994431, 23.262213300000003], [69.6994758, 23.262235700000005]]]}}, {"type": "Feature", "properties": {"layer": "building", "distance_m": 212.5, "source": "Microsoft ML Buildings", "in_industrial_zone": false, "ghsl_2018": 1}, "geometry": {"type": "Polygon", "coordinates": [[[69.6994428, 23.262547700000002], [69.6994856, 23.262545599999996], [69.6994894, 23.262612000000004], [69.6994466, 23.262614100000004], [69.6994428, 23.262547700000002]]]}}, {"type": "Feature", "properties": {"layer": "building", "distance_m": 201.8, "source": "Google Open Buildings", "in_industrial_zone": false, "ghsl_2018": 1}, "geometry": {"type": "Polygon", "coordinates": [[[69.6994377, 23.262694800000002], [69.6994694, 23.262700900000002], [69.699457, 23.26275600000001], [69.6994252, 23.262749900000006], [69.6994377, 23.262694800000002]]]}}, {"type": "Feature", "properties": {"layer": "building", "distance_m": 217.8, "source": "Microsoft ML Buildings", "in_industrial_zone": false, "ghsl_2018": 1}, "geometry": {"type": "Polygon", "coordinates": [[[69.699412, 23.262467600000008], [69.6994502, 23.262464300000005], [69.6994537, 23.262498499999996], [69.6994155, 23.262501800000006], [69.699412, 23.262467600000008]]]}}, {"type": "Feature", "properties": {"layer": "building", "distance_m": 206.4, "source": "Microsoft ML Buildings", "in_industrial_zone": false, "ghsl_2018": 1}, "geometry": {"type": "Polygon", "coordinates": [[[69.6994039, 23.262505100000002], [69.69938820000002, 23.262573500000006], [69.699324, 23.262561100000003], [69.6993397, 23.262492700000006], [69.6994039, 23.262505100000002]]]}}, {"type": "Feature", "properties": {"layer": "building", "distance_m": 234.0, "source": "Microsoft ML Buildings", "in_industrial_zone": false, "ghsl_2018": 1}, "geometry": {"type": "Polygon", "coordinates": [[[69.6993508, 23.262209099999996], [69.69934560000002, 23.2621231], [69.6994348, 23.262118499999996], [69.6994401, 23.262204500000003], [69.6993508, 23.262209099999996]]]}}, {"type": "Feature", "properties": {"layer": "building", "distance_m": 222.2, "source": "Microsoft ML Buildings", "in_industrial_zone": false, "ghsl_2018": 1}, "geometry": {"type": "Polygon", "coordinates": [[[69.69936890000001, 23.262385999999996], [69.6993856, 23.2622859], [69.6994469, 23.262294500000003], [69.6994302, 23.26239470000001], [69.69936890000001, 23.262385999999996]]]}}, {"type": "Feature", "properties": {"layer": "building", "distance_m": 280.5, "source": "Microsoft ML Buildings", "in_industrial_zone": false, "ghsl_2018": 1}, "geometry": {"type": "Polygon", "coordinates": [[[69.6994667, 23.261581200000006], [69.6994378, 23.2616853], [69.6993748, 23.261670600000002], [69.6994037, 23.2615664], [69.6994667, 23.261581200000006]]]}}, {"type": "Feature", "properties": {"layer": "building", "distance_m": 247.9, "source": "Microsoft ML Buildings", "in_industrial_zone": false, "ghsl_2018": 1}, "geometry": {"type": "Polygon", "coordinates": [[[69.6993099, 23.261944900000014], [69.6993473, 23.261943300000006], [69.6993503, 23.262002299999995], [69.6993128, 23.262003899999996], [69.6993099, 23.261944900000014]]]}}, {"type": "Feature", "properties": {"layer": "building", "distance_m": 283.6, "source": "Microsoft ML Buildings", "in_industrial_zone": false, "ghsl_2018": 1}, "geometry": {"type": "Polygon", "coordinates": [[[69.6993264, 23.261516400000005], [69.6993204, 23.261570100000007], [69.6992673, 23.261565000000004], [69.6992733, 23.261511400000003], [69.6993264, 23.261516400000005]]]}}, {"type": "Feature", "properties": {"layer": "building", "distance_m": 191.5, "source": "Microsoft ML Buildings", "in_industrial_zone": false, "ghsl_2018": 1}, "geometry": {"type": "Polygon", "coordinates": [[[69.6993553, 23.2627437], [69.6992894, 23.2627358], [69.6992981, 23.262675200000004], [69.699364, 23.2626832], [69.6993553, 23.2627437]]]}}, {"type": "Feature", "properties": {"layer": "building", "distance_m": 191.8, "source": "Google Open Buildings", "in_industrial_zone": false, "ghsl_2018": 1}, "geometry": {"type": "Polygon", "coordinates": [[[69.6992096, 23.262555600000006], [69.6992606, 23.262558500000004], [69.6992553, 23.262636299999993], [69.6992043, 23.262633400000002], [69.6992096, 23.262555600000006]]]}}, {"type": "Feature", "properties": {"layer": "building", "distance_m": 190.4, "source": "Microsoft ML Buildings", "in_industrial_zone": false, "ghsl_2018": 1}, "geometry": {"type": "Polygon", "coordinates": [[[69.6992056, 23.262608600000004], [69.6991629, 23.2626061], [69.6991675, 23.262538900000003], [69.6992103, 23.262541399999996], [69.6992056, 23.262608600000004]]]}}, {"type": "Feature", "properties": {"layer": "building", "distance_m": 175.5, "source": "Google Open Buildings", "in_industrial_zone": false, "ghsl_2018": 1}, "geometry": {"type": "Polygon", "coordinates": [[[69.6990872, 23.262663], [69.6991937, 23.2626801], [69.6991829, 23.2627378], [69.6990764, 23.262720799999997], [69.6990872, 23.262663]]]}}, {"type": "Feature", "properties": {"layer": "building", "distance_m": 190.8, "source": "Microsoft ML Buildings", "in_industrial_zone": false, "ghsl_2018": 1}, "geometry": {"type": "Polygon", "coordinates": [[[69.6990588, 23.262491100000005], [69.69905950000002, 23.262450299999998], [69.6991024, 23.2624509], [69.6991017, 23.262491700000005], [69.6990588, 23.262491100000005]]]}}, {"type": "Feature", "properties": {"layer": "building", "distance_m": 274.1, "source": "Google Open Buildings", "in_industrial_zone": false, "ghsl_2018": 1}, "geometry": {"type": "Polygon", "coordinates": [[[69.6991935, 23.261479000000012], [69.6991257, 23.261581700000004], [69.6990802, 23.261556000000006], [69.6991479, 23.2614534], [69.6991935, 23.261479000000012]]]}}, {"type": "Feature", "properties": {"layer": "building", "distance_m": 228.2, "source": "Google Open Buildings", "in_industrial_zone": false, "ghsl_2018": 1}, "geometry": {"type": "Polygon", "coordinates": [[[69.699058, 23.261965600000003], [69.6990792, 23.2619857], [69.6990352, 23.262025299999998], [69.699014, 23.2620052], [69.699058, 23.261965600000003]]]}}, {"type": "Feature", "properties": {"layer": "building", "distance_m": 228.7, "source": "Google Open Buildings", "in_industrial_zone": false, "ghsl_2018": 1}, "geometry": {"type": "Polygon", "coordinates": [[[69.699051, 23.2619316], [69.6990728, 23.261952300000008], [69.699014, 23.2620052], [69.6989922, 23.2619845], [69.699051, 23.2619316]]]}}, {"type": "Feature", "properties": {"layer": "building", "distance_m": 190.7, "source": "Microsoft ML Buildings", "in_industrial_zone": false, "ghsl_2018": 1}, "geometry": {"type": "Polygon", "coordinates": [[[69.6990456, 23.262429600000004], [69.6989777, 23.2624193], [69.6989914, 23.262344], [69.6990592, 23.2623543], [69.6990456, 23.262429600000004]]]}}, {"type": "Feature", "properties": {"layer": "building", "distance_m": 184.5, "source": "Google Open Buildings", "in_industrial_zone": false, "ghsl_2018": 1}, "geometry": {"type": "Polygon", "coordinates": [[[69.699034, 23.262487500000002], [69.6990582, 23.262487599999996], [69.6990576, 23.2625499], [69.6990335, 23.2625498], [69.699034, 23.262487500000002]]]}}, {"type": "Feature", "properties": {"layer": "building", "distance_m": 169.8, "source": "Microsoft ML Buildings", "in_industrial_zone": false, "ghsl_2018": 1}, "geometry": {"type": "Polygon", "coordinates": [[[69.699084, 23.2626642], [69.6990674, 23.262716400000006], [69.6989784, 23.2626925], [69.698995, 23.262640299999997], [69.699084, 23.2626642]]]}}, {"type": "Feature", "properties": {"layer": "building", "distance_m": 187.3, "source": "Microsoft ML Buildings", "in_industrial_zone": false, "ghsl_2018": 1}, "geometry": {"type": "Polygon", "coordinates": [[[69.6990284, 23.262434500000005], [69.699027, 23.26246050000001], [69.6989735, 23.2624583], [69.6989748, 23.26243220000001], [69.6990284, 23.262434500000005]]]}}, {"type": "Feature", "properties": {"layer": "building", "distance_m": 185.0, "source": "Microsoft ML Buildings", "in_industrial_zone": false, "ghsl_2018": 1}, "geometry": {"type": "Polygon", "coordinates": [[[69.6989379, 23.262389300000002], [69.698962, 23.262390300000003], [69.69895860000001, 23.262454300000005], [69.6989345, 23.262453200000003], [69.6989379, 23.262389300000002]]]}}, {"type": "Feature", "properties": {"layer": "building", "distance_m": 78.1, "source": "Microsoft ML Buildings", "in_industrial_zone": false, "ghsl_2018": 1}, "geometry": {"type": "Polygon", "coordinates": [[[69.6990696, 23.264870200000004], [69.69901619999999, 23.264866800000007], [69.6990214, 23.2647967], [69.6990748, 23.264800000000005], [69.6990696, 23.264870200000004]]]}}, {"type": "Feature", "properties": {"layer": "building", "distance_m": 129.9, "source": "Microsoft ML Buildings", "in_industrial_zone": false, "ghsl_2018": 0}, "geometry": {"type": "Polygon", "coordinates": [[[69.6990655, 23.2641754], [69.6990781, 23.26413060000001], [69.69912700000002, 23.264142300000003], [69.6991143, 23.264187000000003], [69.6990655, 23.2641754]]]}}, {"type": "Feature", "properties": {"layer": "building", "distance_m": 137.6, "source": "Google Open Buildings", "in_industrial_zone": false, "ghsl_2018": 1}, "geometry": {"type": "Polygon", "coordinates": [[[69.6989661, 23.262968800000003], [69.6992431, 23.263023700000005], [69.69921, 23.263166000000002], [69.698933, 23.263111100000007], [69.6989661, 23.262968800000003]]]}}, {"type": "Feature", "properties": {"layer": "building", "distance_m": 167.1, "source": "Microsoft ML Buildings", "in_industrial_zone": false, "ghsl_2018": 1}, "geometry": {"type": "Polygon", "coordinates": [[[69.6994923, 23.2632721], [69.6994881, 23.263304700000003], [69.6993479, 23.263289400000005], [69.6993521, 23.2632568], [69.6994923, 23.2632721]]]}}, {"type": "Feature", "properties": {"layer": "building", "distance_m": 169.5, "source": "Microsoft ML Buildings", "in_industrial_zone": false, "ghsl_2018": 1}, "geometry": {"type": "Polygon", "coordinates": [[[69.6993674, 23.263193100000006], [69.6995099, 23.2632202], [69.6994982, 23.263272200000003], [69.6993557, 23.263245100000002], [69.6993674, 23.263193100000006]]]}}, {"type": "Feature", "properties": {"layer": "building", "distance_m": 184.1, "source": "Google Open Buildings", "in_industrial_zone": false, "ghsl_2018": 1}, "geometry": {"type": "Polygon", "coordinates": [[[69.6994436, 23.263039900000006], [69.6995254, 23.26305270000001], [69.6995175, 23.2630956], [69.6994357, 23.263082699999995], [69.6994436, 23.263039900000006]]]}}, {"type": "Feature", "properties": {"layer": "building", "distance_m": 188.4, "source": "Microsoft ML Buildings", "in_industrial_zone": false, "ghsl_2018": 1}, "geometry": {"type": "Polygon", "coordinates": [[[69.6996126, 23.2632396], [69.6996077, 23.263273500000007], [69.6995592, 23.2632676], [69.699564, 23.263233700000004], [69.6996126, 23.2632396]]]}}, {"type": "Feature", "properties": {"layer": "building", "distance_m": 180.3, "source": "Microsoft ML Buildings", "in_industrial_zone": false, "ghsl_2018": 1}, "geometry": {"type": "Polygon", "coordinates": [[[69.6995866, 23.263284400000003], [69.69958110000002, 23.2633242], [69.6994929, 23.263313899999996], [69.6994984, 23.263274100000007], [69.6995866, 23.263284400000003]]]}}, {"type": "Feature", "properties": {"layer": "building", "distance_m": 153.0, "source": "Microsoft ML Buildings", "in_industrial_zone": false, "ghsl_2018": 1}, "geometry": {"type": "Polygon", "coordinates": [[[69.6994902, 23.264151200000008], [69.6994316, 23.264141400000007], [69.6994387, 23.264105600000008], [69.6994973, 23.264115500000006], [69.6994902, 23.264151200000008]]]}}, {"type": "Feature", "properties": {"layer": "building", "distance_m": 131.6, "source": "Google Open Buildings", "in_industrial_zone": false, "ghsl_2018": 1}, "geometry": {"type": "Polygon", "coordinates": [[[69.6993784, 23.264312900000004], [69.6994134, 23.264316300000004], [69.6994099, 23.2643469], [69.6993749, 23.264343500000003], [69.6993784, 23.264312900000004]]]}}, {"type": "Feature", "properties": {"layer": "building", "distance_m": 138.2, "source": "Google Open Buildings", "in_industrial_zone": false, "ghsl_2018": 1}, "geometry": {"type": "Polygon", "coordinates": [[[69.6992916, 23.264251100000003], [69.6993533, 23.26426010000001], [69.6993477, 23.2642929], [69.699286, 23.264283900000006], [69.6992916, 23.264251100000003]]]}}, {"type": "Feature", "properties": {"layer": "building", "distance_m": 140.3, "source": "Google Open Buildings", "in_industrial_zone": false, "ghsl_2018": 1}, "geometry": {"type": "Polygon", "coordinates": [[[69.699253, 23.264247000000005], [69.6992869, 23.264256100000015], [69.699279, 23.26428140000001], [69.699245, 23.2642724], [69.699253, 23.264247000000005]]]}}, {"type": "Feature", "properties": {"layer": "building", "distance_m": 120.8, "source": "Google Open Buildings", "in_industrial_zone": false, "ghsl_2018": 1}, "geometry": {"type": "Polygon", "coordinates": [[[69.6986242, 23.26294210000001], [69.6986902, 23.2629502], [69.6986842, 23.262992000000008], [69.6986182, 23.262983900000002], [69.6986242, 23.26294210000001]]]}}, {"type": "Feature", "properties": {"layer": "building", "distance_m": 125.0, "source": "Google Open Buildings", "in_industrial_zone": false, "ghsl_2018": 1}, "geometry": {"type": "Polygon", "coordinates": [[[69.6986056, 23.262881700000005], [69.6986398, 23.262882300000005], [69.6986392, 23.262913299999997], [69.698605, 23.262912700000008], [69.6986056, 23.262881700000005]]]}}, {"type": "Feature", "properties": {"layer": "building", "distance_m": 75.3, "source": "Google Open Buildings", "in_industrial_zone": false, "ghsl_2018": 1}, "geometry": {"type": "Polygon", "coordinates": [[[69.6985611, 23.263949900000004], [69.698619, 23.263961200000004], [69.6985997, 23.2640453], [69.6985418, 23.264034], [69.6985611, 23.263949900000004]]]}}, {"type": "Feature", "properties": {"layer": "building", "distance_m": 84.0, "source": "Google Open Buildings", "in_industrial_zone": false, "ghsl_2018": 1}, "geometry": {"type": "Polygon", "coordinates": [[[69.6986491, 23.2639741], [69.6987267, 23.263989899999995], [69.6987039, 23.2640857], [69.6986263, 23.26407], [69.6986491, 23.2639741]]]}}, {"type": "Feature", "properties": {"layer": "building", "distance_m": 62.3, "source": "Google Open Buildings", "in_industrial_zone": false, "ghsl_2018": 1}, "geometry": {"type": "Polygon", "coordinates": [[[69.6984194, 23.263959800000006], [69.6984908, 23.263966000000003], [69.6984858, 23.264014700000004], [69.6984144, 23.264008600000015], [69.6984194, 23.263959800000006]]]}}, {"type": "Feature", "properties": {"layer": "building", "distance_m": 70.3, "source": "Google Open Buildings", "in_industrial_zone": false, "ghsl_2018": 1}, "geometry": {"type": "Polygon", "coordinates": [[[69.6985096, 23.263692700000007], [69.69854150000002, 23.2637109], [69.6985231, 23.263738500000006], [69.6984911, 23.2637204], [69.6985096, 23.263692700000007]]]}}, {"type": "Feature", "properties": {"layer": "building", "distance_m": 84.6, "source": "Microsoft ML Buildings", "in_industrial_zone": false, "ghsl_2018": 0}, "geometry": {"type": "Polygon", "coordinates": [[[69.6984878, 23.2633228], [69.6985426, 23.2633049], [69.698573, 23.263383700000006], [69.6985183, 23.263401600000005], [69.6984878, 23.2633228]]]}}, {"type": "Feature", "properties": {"layer": "building", "distance_m": 98.2, "source": "Microsoft ML Buildings", "in_industrial_zone": false, "ghsl_2018": 1}, "geometry": {"type": "Polygon", "coordinates": [[[69.698456, 23.2629571], [69.6984994, 23.262963600000003], [69.69848280000001, 23.263057200000002], [69.6985988, 23.263074600000003], [69.6985907, 23.2631202], [69.6984313, 23.263096400000002], [69.698456, 23.2629571]]]}}, {"type": "Feature", "properties": {"layer": "building", "distance_m": 111.8, "source": "Microsoft ML Buildings", "in_industrial_zone": false, "ghsl_2018": 1}, "geometry": {"type": "Polygon", "coordinates": [[[69.6985546, 23.262928], [69.6985529, 23.262988600000007], [69.6985036, 23.262987400000004], [69.69850530000001, 23.262926800000002], [69.6985546, 23.262928]]]}}, {"type": "Feature", "properties": {"layer": "building", "distance_m": 116.8, "source": "Microsoft ML Buildings", "in_industrial_zone": false, "ghsl_2018": 1}, "geometry": {"type": "Polygon", "coordinates": [[[69.6984871, 23.262909000000008], [69.6984803, 23.2628207], [69.6985336, 23.262817200000004], [69.6985405, 23.262905500000002], [69.6984871, 23.262909000000008]]]}}, {"type": "Feature", "properties": {"layer": "building", "distance_m": 103.8, "source": "Microsoft ML Buildings", "in_industrial_zone": false, "ghsl_2018": 1}, "geometry": {"type": "Polygon", "coordinates": [[[69.6984509, 23.262916400000005], [69.6984366, 23.262982800000003], [69.6983711, 23.262970900000006], [69.6983854, 23.262904500000005], [69.6984509, 23.262916400000005]]]}}, {"type": "Feature", "properties": {"layer": "building", "distance_m": 60.3, "source": "Microsoft ML Buildings", "in_industrial_zone": false, "ghsl_2018": 1}, "geometry": {"type": "Polygon", "coordinates": [[[69.6984364, 23.2639477], [69.6983976, 23.263940800000007], [69.6984086, 23.263888600000005], [69.6984474, 23.263895400000003], [69.6984364, 23.2639477]]]}}, {"type": "Feature", "properties": {"layer": "building", "distance_m": 110.1, "source": "Microsoft ML Buildings", "in_industrial_zone": false, "ghsl_2018": 1}, "geometry": {"type": "Polygon", "coordinates": [[[69.6984264, 23.2628154], [69.6984213, 23.2628592], [69.6982903, 23.262846400000004], [69.6982954, 23.262802600000008], [69.6984264, 23.2628154]]]}}, {"type": "Feature", "properties": {"layer": "building", "distance_m": 86.3, "source": "Microsoft ML Buildings", "in_industrial_zone": false, "ghsl_2018": 0}, "geometry": {"type": "Polygon", "coordinates": [[[69.6983762, 23.2648023], [69.6983356, 23.264811200000004], [69.6983283, 23.2647832], [69.6983689, 23.264774299999992], [69.6983762, 23.2648023]]]}}, {"type": "Feature", "properties": {"layer": "building", "distance_m": 77.8, "source": "Microsoft ML Buildings", "in_industrial_zone": false, "ghsl_2018": 0}, "geometry": {"type": "Polygon", "coordinates": [[[69.6982487, 23.2648561], [69.698295, 23.264839100000003], [69.6983306, 23.2649212], [69.6982844, 23.264938200000007], [69.6982487, 23.2648561]]]}}, {"type": "Feature", "properties": {"layer": "building", "distance_m": 274.4, "source": "Microsoft ML Buildings", "in_industrial_zone": false, "ghsl_2018": 1}, "geometry": {"type": "Polygon", "coordinates": [[[69.6981695, 23.269830700000004], [69.6982072, 23.2697652], [69.6982974, 23.269809000000002], [69.6982597, 23.26987450000001], [69.6981695, 23.269830700000004]]]}}, {"type": "Feature", "properties": {"layer": "building", "distance_m": 434.0, "source": "Google Open Buildings", "in_industrial_zone": false, "ghsl_2018": 0}, "geometry": {"type": "Polygon", "coordinates": [[[69.6987129, 23.2713855], [69.6987639, 23.271405399999995], [69.6987441, 23.271448800000005], [69.6986931, 23.271429], [69.6987129, 23.2713855]]]}}, {"type": "Feature", "properties": {"layer": "building", "distance_m": 439.5, "source": "Microsoft ML Buildings", "in_industrial_zone": false, "ghsl_2018": 0}, "geometry": {"type": "Polygon", "coordinates": [[[69.6988454, 23.2714531], [69.6988371, 23.271497600000004], [69.698798, 23.271491400000006], [69.6988064, 23.271446900000004], [69.6988454, 23.2714531]]]}}, {"type": "Feature", "properties": {"layer": "building", "distance_m": 476.0, "source": "Microsoft ML Buildings", "in_industrial_zone": false, "ghsl_2018": 0}, "geometry": {"type": "Polygon", "coordinates": [[[69.6986451, 23.271798500000003], [69.6986595, 23.2717613], [69.6987024, 23.2717752], [69.698688, 23.2718124], [69.6986451, 23.271798500000003]]]}}, {"type": "Feature", "properties": {"layer": "building", "distance_m": 439.1, "source": "Google Open Buildings", "in_industrial_zone": false, "ghsl_2018": 0}, "geometry": {"type": "Polygon", "coordinates": [[[69.6987232, 23.271440699999996], [69.6986593, 23.2715831], [69.6986292, 23.27157160000001], [69.6986932, 23.271429100000002], [69.6987232, 23.271440699999996]]]}}, {"type": "Feature", "properties": {"layer": "building", "distance_m": 472.1, "source": "Google Open Buildings", "in_industrial_zone": false, "ghsl_2018": 0}, "geometry": {"type": "Polygon", "coordinates": [[[69.6985585, 23.2717118], [69.698612, 23.271730900000005], [69.6985738, 23.271821900000006], [69.6985204, 23.271802800000003], [69.6985585, 23.2717118]]]}}, {"type": "Feature", "properties": {"layer": "building", "distance_m": 284.8, "source": "Microsoft ML Buildings", "in_industrial_zone": false, "ghsl_2018": 1}, "geometry": {"type": "Polygon", "coordinates": [[[69.6983203, 23.270001099999998], [69.69826, 23.26991840000001], [69.6982908, 23.269899500000005], [69.698351, 23.269982200000012], [69.6983203, 23.270001099999998]]]}}, {"type": "Feature", "properties": {"layer": "building", "distance_m": 428.9, "source": "Google Open Buildings", "in_industrial_zone": false, "ghsl_2018": 0}, "geometry": {"type": "Polygon", "coordinates": [[[69.6983181, 23.2712686], [69.6983529, 23.2712767], [69.6983442, 23.2713087], [69.6983093, 23.271300600000004], [69.6983181, 23.2712686]]]}}, {"type": "Feature", "properties": {"layer": "building", "distance_m": 447.3, "source": "Google Open Buildings", "in_industrial_zone": false, "ghsl_2018": 0}, "geometry": {"type": "Polygon", "coordinates": [[[69.6982788, 23.271431400000004], [69.6983984, 23.271475200000005], [69.6983554, 23.2715753], [69.6982359, 23.271531500000005], [69.6982788, 23.271431400000004]]]}}, {"type": "Feature", "properties": {"layer": "building", "distance_m": 495.5, "source": "Microsoft ML Buildings", "in_industrial_zone": false, "ghsl_2018": 0}, "geometry": {"type": "Polygon", "coordinates": [[[69.6982197, 23.2719446], [69.6981635, 23.271922000000004], [69.6981935, 23.271859199999998], [69.6982497, 23.271881899999997], [69.6982197, 23.2719446]]]}}, {"type": "Feature", "properties": {"layer": "building", "distance_m": 452.4, "source": "Microsoft ML Buildings", "in_industrial_zone": false, "ghsl_2018": 0}, "geometry": {"type": "Polygon", "coordinates": [[[69.6994138, 23.271605200000003], [69.69938440000001, 23.271661200000004], [69.6993496, 23.271645799999995], [69.699379, 23.271589800000005], [69.6994138, 23.271605200000003]]]}}, {"type": "Feature", "properties": {"layer": "building", "distance_m": 434.4, "source": "Google Open Buildings", "in_industrial_zone": false, "ghsl_2018": 0}, "geometry": {"type": "Polygon", "coordinates": [[[69.6989907, 23.271416899999995], [69.6990455, 23.2714377], [69.6990062, 23.271526100000003], [69.6989514, 23.2715053], [69.6989907, 23.271416899999995]]]}}, {"type": "Feature", "properties": {"layer": "building", "distance_m": 450.4, "source": "Google Open Buildings", "in_industrial_zone": false, "ghsl_2018": 0}, "geometry": {"type": "Polygon", "coordinates": [[[69.6990404, 23.271568700000003], [69.69902450000001, 23.2716213], [69.6990032, 23.271615800000003], [69.6990191, 23.271563200000003], [69.6990404, 23.271568700000003]]]}}, {"type": "Feature", "properties": {"layer": "building", "distance_m": 258.8, "source": "Google Open Buildings", "in_industrial_zone": false, "ghsl_2018": 0}, "geometry": {"type": "Polygon", "coordinates": [[[69.7004502, 23.269761], [69.7004861, 23.269761500000005], [69.70048540000002, 23.269801500000007], [69.7004495, 23.269801000000005], [69.7004502, 23.269761]]]}}, {"type": "Feature", "properties": {"layer": "building", "distance_m": 63.4, "source": "Microsoft ML Buildings", "in_industrial_zone": false, "ghsl_2018": 0}, "geometry": {"type": "Polygon", "coordinates": [[[69.70080830000002, 23.267360200000006], [69.70075220000001, 23.267372100000006], [69.70074230000002, 23.2673323], [69.70079830000002, 23.267320400000003], [69.70080830000002, 23.267360200000006]]]}}, {"type": "Feature", "properties": {"layer": "building", "distance_m": 27.7, "source": "Microsoft ML Buildings", "in_industrial_zone": false, "ghsl_2018": 0}, "geometry": {"type": "Polygon", "coordinates": [[[69.700772, 23.2660566], [69.700782, 23.2660052], [69.7008508, 23.266016600000007], [69.7008408, 23.266068], [69.700772, 23.2660566]]]}}, {"type": "Feature", "properties": {"layer": "building", "distance_m": 230.0, "source": "Microsoft ML Buildings", "in_industrial_zone": false, "ghsl_2018": 1}, "geometry": {"type": "Polygon", "coordinates": [[[69.7009409, 23.263761999999993], [69.701019, 23.263722300000005], [69.7010502, 23.263774200000007], [69.70097209999999, 23.263813800000005], [69.7009409, 23.263761999999993]]]}}, {"type": "Feature", "properties": {"layer": "building", "distance_m": 264.0, "source": "Microsoft ML Buildings", "in_industrial_zone": false, "ghsl_2018": 1}, "geometry": {"type": "Polygon", "coordinates": [[[69.7009041, 23.263463800000004], [69.700911, 23.2634078], [69.7009666, 23.2634136], [69.7009598, 23.2634696], [69.7009041, 23.263463800000004]]]}}, {"type": "Feature", "properties": {"layer": "building", "distance_m": 212.8, "source": "Google Open Buildings", "in_industrial_zone": false, "ghsl_2018": 1}, "geometry": {"type": "Polygon", "coordinates": [[[69.7007684, 23.26374380000001], [69.7008706, 23.2638573], [69.70079170000001, 23.263918000000004], [69.7006895, 23.2638045], [69.7007684, 23.26374380000001]]]}}, {"type": "Feature", "properties": {"layer": "building", "distance_m": 208.4, "source": "Google Open Buildings", "in_industrial_zone": false, "ghsl_2018": 1}, "geometry": {"type": "Polygon", "coordinates": [[[69.700692, 23.2638116], [69.70079489999999, 23.263913900000006], [69.7007549, 23.263948299999996], [69.700652, 23.263846], [69.700692, 23.2638116]]]}}, {"type": "Feature", "properties": {"layer": "building", "distance_m": 176.6, "source": "Google Open Buildings", "in_industrial_zone": false, "ghsl_2018": 1}, "geometry": {"type": "Polygon", "coordinates": [[[69.700317, 23.264059900000007], [69.70035379999999, 23.264079700000018], [69.7003325, 23.264113500000004], [69.7002957, 23.264093699999997], [69.700317, 23.264059900000007]]]}}, {"type": "Feature", "properties": {"layer": "building", "distance_m": 161.0, "source": "Microsoft ML Buildings", "in_industrial_zone": false, "ghsl_2018": 1}, "geometry": {"type": "Polygon", "coordinates": [[[69.7005144, 23.2642831], [69.70047589999999, 23.264310600000005], [69.7003875, 23.264205900000015], [69.7004261, 23.264178499999993], [69.7005144, 23.2642831]]]}}, {"type": "Feature", "properties": {"layer": "building", "distance_m": 54.8, "source": "Microsoft ML Buildings", "in_industrial_zone": false, "ghsl_2018": 0}, "geometry": {"type": "Polygon", "coordinates": [[[69.699878, 23.265032200000004], [69.6998468, 23.265118899999997], [69.69976939999998, 23.26509530000001], [69.6998006, 23.265008700000003], [69.699878, 23.265032200000004]]]}}, {"type": "Feature", "properties": {"layer": "building", "distance_m": 209.8, "source": "Google Open Buildings", "in_industrial_zone": false, "ghsl_2018": 1}, "geometry": {"type": "Polygon", "coordinates": [[[69.6996241, 23.2627943], [69.6996878, 23.262805900000004], [69.6996694, 23.26289190000001], [69.6996057, 23.2628803], [69.6996241, 23.2627943]]]}}, {"type": "Feature", "properties": {"layer": "building", "distance_m": 223.7, "source": "Microsoft ML Buildings", "in_industrial_zone": false, "ghsl_2018": 1}, "geometry": {"type": "Polygon", "coordinates": [[[69.6997521, 23.262796600000005], [69.6997124, 23.262800700000003], [69.6997092, 23.2627739], [69.6997489, 23.26276990000001], [69.6997521, 23.262796600000005]]]}}, {"type": "Feature", "properties": {"layer": "building", "distance_m": 217.1, "source": "Microsoft ML Buildings", "in_industrial_zone": false, "ghsl_2018": 1}, "geometry": {"type": "Polygon", "coordinates": [[[69.6997967, 23.262977700000004], [69.6997354, 23.262973499999998], [69.6997401, 23.262914700000003], [69.6998015, 23.2629189], [69.6997967, 23.262977700000004]]]}}, {"type": "Feature", "properties": {"layer": "building", "distance_m": 113.8, "source": "Google Open Buildings", "in_industrial_zone": false, "ghsl_2018": 0}, "geometry": {"type": "Polygon", "coordinates": [[[69.7000219, 23.26455990000001], [69.70001039999998, 23.264605900000003], [69.6999822, 23.264599899999993], [69.69999380000002, 23.2645539], [69.7000219, 23.26455990000001]]]}}, {"type": "Feature", "properties": {"layer": "building", "distance_m": 156.4, "source": "Microsoft ML Buildings", "in_industrial_zone": false, "ghsl_2018": 0}, "geometry": {"type": "Polygon", "coordinates": [[[69.7000907, 23.2642275], [69.7000109, 23.2641967], [69.70004549999999, 23.264121300000006], [69.7001252, 23.2641521], [69.7000907, 23.2642275]]]}}, {"type": "Feature", "properties": {"layer": "building", "distance_m": 160.4, "source": "Microsoft ML Buildings", "in_industrial_zone": false, "ghsl_2018": 1}, "geometry": {"type": "Polygon", "coordinates": [[[69.70025740000001, 23.264194700000004], [69.7002528, 23.264231200000005], [69.7001999, 23.26422560000001], [69.7002045, 23.2641891], [69.70025740000001, 23.264194700000004]]]}}, {"type": "Feature", "properties": {"layer": "building", "distance_m": 177.6, "source": "Google Open Buildings", "in_industrial_zone": false, "ghsl_2018": 0}, "geometry": {"type": "Polygon", "coordinates": [[[69.700233, 23.263993099999997], [69.7003079, 23.264058500000004], [69.70027939999999, 23.264086300000006], [69.7002046, 23.264020799999997], [69.700233, 23.263993099999997]]]}}, {"type": "Feature", "properties": {"layer": "building", "distance_m": 306.5, "source": "Google Open Buildings", "in_industrial_zone": false, "ghsl_2018": 1}, "geometry": {"type": "Polygon", "coordinates": [[[69.7002494, 23.262112300000002], [69.7003042, 23.2621234], [69.7002901, 23.262182400000007], [69.7002353, 23.262171200000004], [69.7002494, 23.262112300000002]]]}}, {"type": "Feature", "properties": {"layer": "building", "distance_m": 298.9, "source": "Google Open Buildings", "in_industrial_zone": false, "ghsl_2018": 1}, "geometry": {"type": "Polygon", "coordinates": [[[69.7002298, 23.262194500000003], [69.7002846, 23.262205700000003], [69.7002686, 23.262272700000008], [69.7002138, 23.262261499999997], [69.7002298, 23.262194500000003]]]}}, {"type": "Feature", "properties": {"layer": "building", "distance_m": 290.9, "source": "Google Open Buildings", "in_industrial_zone": false, "ghsl_2018": 1}, "geometry": {"type": "Polygon", "coordinates": [[[69.7002152, 23.2622814], [69.7002715, 23.262295900000005], [69.7002477, 23.2623748], [69.7001913, 23.2623603], [69.7002152, 23.2622814]]]}}, {"type": "Feature", "properties": {"layer": "building", "distance_m": 299.2, "source": "Microsoft ML Buildings", "in_industrial_zone": false, "ghsl_2018": 1}, "geometry": {"type": "Polygon", "coordinates": [[[69.7002316, 23.262055800000002], [69.7001963, 23.26218190000001], [69.700146, 23.262170100000002], [69.7001813, 23.2620439], [69.7002316, 23.262055800000002]]]}}, {"type": "Feature", "properties": {"layer": "building", "distance_m": 318.4, "source": "Google Open Buildings", "in_industrial_zone": false, "ghsl_2018": 1}, "geometry": {"type": "Polygon", "coordinates": [[[69.7002364, 23.261940700000004], [69.7003106, 23.261973799999996], [69.700293, 23.262007500000003], [69.7002188, 23.261974300000002], [69.7002364, 23.261940700000004]]]}}, {"type": "Feature", "properties": {"layer": "building", "distance_m": 339.5, "source": "Google Open Buildings", "in_industrial_zone": false, "ghsl_2018": 1}, "geometry": {"type": "Polygon", "coordinates": [[[69.7003198, 23.2617049], [69.7003077, 23.261746100000003], [69.7002764, 23.2617382], [69.70028850000001, 23.261697], [69.7003198, 23.2617049]]]}}, {"type": "Feature", "properties": {"layer": "building", "distance_m": 342.1, "source": "Microsoft ML Buildings", "in_industrial_zone": false, "ghsl_2018": 1}, "geometry": {"type": "Polygon", "coordinates": [[[69.7002421, 23.261663700000007], [69.70029660000002, 23.2615045], [69.7003429, 23.26151790000001], [69.7002885, 23.2616771], [69.7002421, 23.261663700000007]]]}}, {"type": "Feature", "properties": {"layer": "building", "distance_m": 373.2, "source": "Microsoft ML Buildings", "in_industrial_zone": false, "ghsl_2018": 1}, "geometry": {"type": "Polygon", "coordinates": [[[69.70030970000002, 23.261087900000007], [69.7002762, 23.261236800000002], [69.7002042, 23.261223200000007], [69.7002377, 23.2610743], [69.70030970000002, 23.261087900000007]]]}}, {"type": "Feature", "properties": {"layer": "building", "distance_m": 392.9, "source": "Microsoft ML Buildings", "in_industrial_zone": false, "ghsl_2018": 1}, "geometry": {"type": "Polygon", "coordinates": [[[69.70034050000001, 23.2610169], [69.70033600000001, 23.2610559], [69.7002856, 23.261050900000004], [69.70029010000002, 23.2610119], [69.70034050000001, 23.2610169]]]}}, {"type": "Feature", "properties": {"layer": "building", "distance_m": 355.3, "source": "Microsoft ML Buildings", "in_industrial_zone": false, "ghsl_2018": 1}, "geometry": {"type": "Polygon", "coordinates": [[[69.7002425, 23.261347200000003], [69.7002244, 23.2614198], [69.7001581, 23.2614059], [69.7001762, 23.261333300000008], [69.7002425, 23.261347200000003]]]}}, {"type": "Feature", "properties": {"layer": "building", "distance_m": 364.0, "source": "Microsoft ML Buildings", "in_industrial_zone": false, "ghsl_2018": 1}, "geometry": {"type": "Polygon", "coordinates": [[[69.7001998, 23.261334100000006], [69.7002073, 23.261303599999994], [69.7002532, 23.2613131], [69.7002457, 23.2613436], [69.7001998, 23.261334100000006]]]}}, {"type": "Feature", "properties": {"layer": "building", "distance_m": 345.4, "source": "Google Open Buildings", "in_industrial_zone": false, "ghsl_2018": 1}, "geometry": {"type": "Polygon", "coordinates": [[[69.6999603, 23.261324500000004], [69.6999962, 23.2613316], [69.6999897, 23.2613595], [69.6999538, 23.261352400000007], [69.6999603, 23.261324500000004]]]}}, {"type": "Feature", "properties": {"layer": "building", "distance_m": 304.7, "source": "Microsoft ML Buildings", "in_industrial_zone": false, "ghsl_2018": 1}, "geometry": {"type": "Polygon", "coordinates": [[[69.7000278, 23.261862800000007], [69.700017, 23.261900600000004], [69.6999702, 23.261889300000007], [69.6999811, 23.261851400000005], [69.7000278, 23.261862800000007]]]}}, {"type": "Feature", "properties": {"layer": "building", "distance_m": 299.5, "source": "Microsoft ML Buildings", "in_industrial_zone": false, "ghsl_2018": 1}, "geometry": {"type": "Polygon", "coordinates": [[[69.7000454, 23.261978500000005], [69.69997690000001, 23.261970199999997], [69.6999855, 23.2619097], [69.7000541, 23.261918], [69.7000454, 23.261978500000005]]]}}, {"type": "Feature", "properties": {"layer": "building", "distance_m": 310.5, "source": "Microsoft ML Buildings", "in_industrial_zone": false, "ghsl_2018": 1}, "geometry": {"type": "Polygon", "coordinates": [[[69.7001571, 23.2619029], [69.7001436, 23.261937900000007], [69.7000658, 23.261912600000002], [69.7000793, 23.2618776], [69.7001571, 23.2619029]]]}}, {"type": "Feature", "properties": {"layer": "building", "distance_m": 311.5, "source": "Google Open Buildings", "in_industrial_zone": false, "ghsl_2018": 1}, "geometry": {"type": "Polygon", "coordinates": [[[69.7000545, 23.261832300000002], [69.7000876, 23.2618451], [69.7000714, 23.2618808], [69.7000383, 23.261868000000003], [69.7000545, 23.261832300000002]]]}}, {"type": "Feature", "properties": {"layer": "building", "distance_m": 289.1, "source": "Microsoft ML Buildings", "in_industrial_zone": false, "ghsl_2018": 1}, "geometry": {"type": "Polygon", "coordinates": [[[69.7001363, 23.2621777], [69.6999955, 23.262139700000013], [69.7000665, 23.261917399999994], [69.7001011, 23.261926700000007], [69.7000395, 23.26211950000001], [69.7001457, 23.26214820000001], [69.7001363, 23.2621777]]]}}, {"type": "Feature", "properties": {"layer": "building", "distance_m": 281.2, "source": "Google Open Buildings", "in_industrial_zone": false, "ghsl_2018": 1}, "geometry": {"type": "Polygon", "coordinates": [[[69.7000781, 23.262327199999998], [69.70012400000002, 23.262330000000002], [69.7001217, 23.262361100000007], [69.7000759, 23.262358300000002], [69.7000781, 23.262327199999998]]]}}, {"type": "Feature", "properties": {"layer": "building", "distance_m": 277.7, "source": "Microsoft ML Buildings", "in_industrial_zone": false, "ghsl_2018": 1}, "geometry": {"type": "Polygon", "coordinates": [[[69.7000417, 23.262248700000004], [69.70003760000002, 23.262302600000005], [69.6999885, 23.262299400000007], [69.6999927, 23.262245500000006], [69.7000417, 23.262248700000004]]]}}, {"type": "Feature", "properties": {"layer": "building", "distance_m": 248.4, "source": "Google Open Buildings", "in_industrial_zone": false, "ghsl_2018": 1}, "geometry": {"type": "Polygon", "coordinates": [[[69.699914, 23.2626467], [69.6999433, 23.262646500000006], [69.6999435, 23.2626768], [69.6999141, 23.262676899999995], [69.699914, 23.2626467]]]}}, {"type": "Feature", "properties": {"layer": "building", "distance_m": 285.0, "source": "Microsoft ML Buildings", "in_industrial_zone": false, "ghsl_2018": 1}, "geometry": {"type": "Polygon", "coordinates": [[[69.6999203, 23.2621137], [69.6999292, 23.262043200000004], [69.70000590000001, 23.2620514], [69.69999700000001, 23.2621219], [69.6999203, 23.2621137]]]}}, {"type": "Feature", "properties": {"layer": "building", "distance_m": 305.6, "source": "Google Open Buildings", "in_industrial_zone": false, "ghsl_2018": 1}, "geometry": {"type": "Polygon", "coordinates": [[[69.69997, 23.26177200000001], [69.69996, 23.261836300000002], [69.6999262, 23.26183180000001], [69.6999363, 23.26176750000001], [69.69997, 23.26177200000001]]]}}, {"type": "Feature", "properties": {"layer": "building", "distance_m": 281.7, "source": "Microsoft ML Buildings", "in_industrial_zone": false, "ghsl_2018": 1}, "geometry": {"type": "Polygon", "coordinates": [[[69.6999048, 23.26210920000001], [69.6998671, 23.2621001], [69.6998936, 23.262008000000005], [69.6999313, 23.2620171], [69.6999048, 23.26210920000001]]]}}, {"type": "Feature", "properties": {"layer": "building", "distance_m": 300.2, "source": "Google Open Buildings", "in_industrial_zone": false, "ghsl_2018": 1}, "geometry": {"type": "Polygon", "coordinates": [[[69.6998314, 23.261756400000003], [69.6998712, 23.261761700000005], [69.6998639, 23.261807900000004], [69.6998241, 23.261802500000005], [69.6998314, 23.261756400000003]]]}}, {"type": "Feature", "properties": {"layer": "building", "distance_m": 231.8, "source": "Google Open Buildings", "in_industrial_zone": false, "ghsl_2018": 1}, "geometry": {"type": "Polygon", "coordinates": [[[69.6997742, 23.2626651], [69.6998509, 23.262656699999997], [69.699865, 23.2627665], [69.6997883, 23.262774900000004], [69.6997742, 23.2626651]]]}}, {"type": "Feature", "properties": {"layer": "building", "distance_m": 249.0, "source": "Microsoft ML Buildings", "in_industrial_zone": false, "ghsl_2018": 1}, "geometry": {"type": "Polygon", "coordinates": [[[69.6998341, 23.262418399999998], [69.699755, 23.2624433], [69.699741, 23.262405900000005], [69.6998201, 23.262380900000004], [69.6998341, 23.262418399999998]]]}}, {"type": "Feature", "properties": {"layer": "building", "distance_m": 246.3, "source": "Microsoft ML Buildings", "in_industrial_zone": false, "ghsl_2018": 1}, "geometry": {"type": "Polygon", "coordinates": [[[69.6996442, 23.262306500000008], [69.699699, 23.262282699999997], [69.6997398, 23.262362100000004], [69.6997982, 23.2623368], [69.6998169, 23.262373100000005], [69.6997036, 23.262422200000003], [69.6996442, 23.262306500000008]]]}}, {"type": "Feature", "properties": {"layer": "building", "distance_m": 223.1, "source": "Microsoft ML Buildings", "in_industrial_zone": false, "ghsl_2018": 1}, "geometry": {"type": "Polygon", "coordinates": [[[69.699567, 23.26260140000001], [69.6995731, 23.2625628], [69.6997202, 23.2625825], [69.699714, 23.262621100000008], [69.699567, 23.26260140000001]]]}}, {"type": "Feature", "properties": {"layer": "building", "distance_m": 239.5, "source": "Google Open Buildings", "in_industrial_zone": false, "ghsl_2018": 1}, "geometry": {"type": "Polygon", "coordinates": [[[69.6996015, 23.2623734], [69.6996398, 23.262376600000007], [69.6996372, 23.2624022], [69.6995989, 23.262399000000006], [69.6996015, 23.2623734]]]}}, {"type": "Feature", "properties": {"layer": "building", "distance_m": 249.9, "source": "Microsoft ML Buildings", "in_industrial_zone": false, "ghsl_2018": 1}, "geometry": {"type": "Polygon", "coordinates": [[[69.6996716, 23.2622885], [69.6996444, 23.262302600000005], [69.6996221, 23.262266300000007], [69.6996493, 23.262252200000006], [69.6996716, 23.2622885]]]}}, {"type": "Feature", "properties": {"layer": "building", "distance_m": 253.4, "source": "Google Open Buildings", "in_industrial_zone": false, "ghsl_2018": 1}, "geometry": {"type": "Polygon", "coordinates": [[[69.6996389, 23.262211600000008], [69.69967390000001, 23.2622137], [69.6996717, 23.262245000000004], [69.6996367, 23.262242900000004], [69.6996389, 23.262211600000008]]]}}, {"type": "Feature", "properties": {"layer": "building", "distance_m": 281.9, "source": "Microsoft ML Buildings", "in_industrial_zone": false, "ghsl_2018": 1}, "geometry": {"type": "Polygon", "coordinates": [[[69.6996399, 23.261818200000008], [69.6996799, 23.2618208], [69.6996766, 23.261864900000003], [69.6996365, 23.261862300000004], [69.6996399, 23.261818200000008]]]}}, {"type": "Feature", "properties": {"layer": "building", "distance_m": 299.5, "source": "Microsoft ML Buildings", "in_industrial_zone": false, "ghsl_2018": 1}, "geometry": {"type": "Polygon", "coordinates": [[[69.6997052, 23.261624799999996], [69.6997005, 23.261661200000002], [69.6996476, 23.261655500000003], [69.6996523, 23.261619000000003], [69.6997052, 23.261624799999996]]]}}, {"type": "Feature", "properties": {"layer": "building", "distance_m": 281.0, "source": "Microsoft ML Buildings", "in_industrial_zone": false, "ghsl_2018": 1}, "geometry": {"type": "Polygon", "coordinates": [[[69.6997554, 23.2619506], [69.6997178, 23.26195], [69.6997213, 23.2617814], [69.6997588, 23.261782100000005], [69.6997554, 23.2619506]]]}}, {"type": "Feature", "properties": {"layer": "building", "distance_m": 285.4, "source": "Microsoft ML Buildings", "in_industrial_zone": false, "ghsl_2018": 1}, "geometry": {"type": "Polygon", "coordinates": [[[69.6997971, 23.261937800000005], [69.6997591, 23.261933400000007], [69.6997732, 23.261829100000007], [69.6998111, 23.261833400000008], [69.6997971, 23.261937800000005]]]}}, {"type": "Feature", "properties": {"layer": "building", "distance_m": 296.6, "source": "Microsoft ML Buildings", "in_industrial_zone": false, "ghsl_2018": 1}, "geometry": {"type": "Polygon", "coordinates": [[[69.6998044, 23.261782400000005], [69.6997525, 23.2617808], [69.6997541, 23.261737500000006], [69.6998059, 23.261739100000003], [69.6998044, 23.261782400000005]]]}}, {"type": "Feature", "properties": {"layer": "building", "distance_m": 404.0, "source": "Microsoft ML Buildings", "in_industrial_zone": false, "ghsl_2018": 1}, "geometry": {"type": "Polygon", "coordinates": [[[69.7004723, 23.261075000000005], [69.7004818, 23.2610172], [69.7005107, 23.261021200000005], [69.7005011, 23.261079000000002], [69.7004723, 23.261075000000005]]]}}, {"type": "Feature", "properties": {"layer": "building", "distance_m": 366.5, "source": "Microsoft ML Buildings", "in_industrial_zone": false, "ghsl_2018": 1}, "geometry": {"type": "Polygon", "coordinates": [[[69.7003817, 23.2614764], [69.7003913, 23.261406], [69.70046, 23.261414], [69.70045030000001, 23.261484300000006], [69.7003817, 23.2614764]]]}}, {"type": "Feature", "properties": {"layer": "building", "distance_m": 393.7, "source": "Microsoft ML Buildings", "in_industrial_zone": false, "ghsl_2018": 1}, "geometry": {"type": "Polygon", "coordinates": [[[69.7003508, 23.261096400000007], [69.7003542, 23.261049800000002], [69.7004369, 23.26105490000001], [69.7004335, 23.2611015], [69.7003508, 23.261096400000007]]]}}, {"type": "Feature", "properties": {"layer": "building", "distance_m": 383.5, "source": "Microsoft ML Buildings", "in_industrial_zone": false, "ghsl_2018": 1}, "geometry": {"type": "Polygon", "coordinates": [[[69.7003078, 23.261185699999995], [69.70030940000001, 23.261157599999994], [69.7003585, 23.261160000000007], [69.7003569, 23.261188100000005], [69.7003078, 23.261185699999995]]]}}, {"type": "Feature", "properties": {"layer": "building", "distance_m": 374.6, "source": "Microsoft ML Buildings", "in_industrial_zone": false, "ghsl_2018": 1}, "geometry": {"type": "Polygon", "coordinates": [[[69.7003756, 23.261278800000003], [69.7003645, 23.261317999999996], [69.7003168, 23.2613066], [69.7003279, 23.261267300000004], [69.7003756, 23.261278800000003]]]}}, {"type": "Feature", "properties": {"layer": "building", "distance_m": 357.5, "source": "Microsoft ML Buildings", "in_industrial_zone": false, "ghsl_2018": 1}, "geometry": {"type": "Polygon", "coordinates": [[[69.70028210000001, 23.261496900000004], [69.7002938, 23.261389600000005], [69.7003761, 23.261397199999998], [69.7003644, 23.2615045], [69.70028210000001, 23.261496900000004]]]}}, {"type": "Feature", "properties": {"layer": "building", "distance_m": 344.5, "source": "Google Open Buildings", "in_industrial_zone": false, "ghsl_2018": 1}, "geometry": {"type": "Polygon", "coordinates": [[[69.7003124, 23.261612700000008], [69.7003557, 23.261625200000008], [69.7003326, 23.261693700000002], [69.7002893, 23.261681300000006], [69.7003124, 23.261612700000008]]]}}, {"type": "Feature", "properties": {"layer": "building", "distance_m": 351.0, "source": "Google Open Buildings", "in_industrial_zone": false, "ghsl_2018": 1}, "geometry": {"type": "Polygon", "coordinates": [[[69.7003275, 23.261564400000008], [69.7003745, 23.261576200000004], [69.70035950000002, 23.261627200000003], [69.7003125, 23.261615399999997], [69.7003275, 23.261564400000008]]]}}, {"type": "Feature", "properties": {"layer": "building", "distance_m": 344.7, "source": "Google Open Buildings", "in_industrial_zone": false, "ghsl_2018": 1}, "geometry": {"type": "Polygon", "coordinates": [[[69.7003772, 23.261606300000004], [69.7004208, 23.261617200000007], [69.7003962, 23.261701200000005], [69.7004604, 23.26171730000001], [69.7004473, 23.261761900000007], [69.70033940000002, 23.261734800000003], [69.7003772, 23.261606300000004]]]}}, {"type": "Feature", "properties": {"layer": "building", "distance_m": 321.3, "source": "Google Open Buildings", "in_industrial_zone": false, "ghsl_2018": 1}, "geometry": {"type": "Polygon", "coordinates": [[[69.7003768, 23.26205520000001], [69.7004391, 23.262062900000004], [69.7004308, 23.262119900000002], [69.7003686, 23.262112300000013], [69.7003768, 23.26205520000001]]]}}, {"type": "Feature", "properties": {"layer": "building", "distance_m": 299.0, "source": "Google Open Buildings", "in_industrial_zone": false, "ghsl_2018": 1}, "geometry": {"type": "Polygon", "coordinates": [[[69.7003342, 23.262358900000002], [69.7003964, 23.262358700000004], [69.7003968, 23.262435400000008], [69.7003346, 23.26243570000001], [69.7003342, 23.262358900000002]]]}}, {"type": "Feature", "properties": {"layer": "building", "distance_m": 305.0, "source": "Google Open Buildings", "in_industrial_zone": false, "ghsl_2018": 1}, "geometry": {"type": "Polygon", "coordinates": [[[69.7003481, 23.26227140000001], [69.7004114, 23.2622722], [69.7004102, 23.262350100000003], [69.70034690000001, 23.2623493], [69.7003481, 23.26227140000001]]]}}, {"type": "Feature", "properties": {"layer": "building", "distance_m": 311.5, "source": "Google Open Buildings", "in_industrial_zone": false, "ghsl_2018": 1}, "geometry": {"type": "Polygon", "coordinates": [[[69.7004242, 23.262268600000002], [69.7004971, 23.2622737], [69.7004908, 23.262349800000003], [69.7004179, 23.262344600000006], [69.7004242, 23.262268600000002]]]}}, {"type": "Feature", "properties": {"layer": "building", "distance_m": 318.4, "source": "Google Open Buildings", "in_industrial_zone": false, "ghsl_2018": 1}, "geometry": {"type": "Polygon", "coordinates": [[[69.7004239, 23.2621558], [69.7005217, 23.26215330000001], [69.7005241, 23.262235800000006], [69.7004264, 23.2622383], [69.7004239, 23.2621558]]]}}, {"type": "Feature", "properties": {"layer": "building", "distance_m": 356.7, "source": "Google Open Buildings", "in_industrial_zone": false, "ghsl_2018": 1}, "geometry": {"type": "Polygon", "coordinates": [[[69.7003941, 23.261548700000002], [69.700502, 23.261575800000003], [69.7004782, 23.26165690000001], [69.7004139, 23.261640800000002], [69.7004208, 23.261617200000007], [69.7003772, 23.261606300000004], [69.7003941, 23.261548700000002]]]}}, {"type": "Feature", "properties": {"layer": "building", "distance_m": 362.1, "source": "Google Open Buildings", "in_industrial_zone": false, "ghsl_2018": 1}, "geometry": {"type": "Polygon", "coordinates": [[[69.7004159, 23.26149], [69.70049670000002, 23.261511199999998], [69.7004774, 23.261573900000002], [69.7003966, 23.2615527], [69.7004159, 23.26149]]]}}, {"type": "Feature", "properties": {"layer": "building", "distance_m": 364.3, "source": "Microsoft ML Buildings", "in_industrial_zone": false, "ghsl_2018": 1}, "geometry": {"type": "Polygon", "coordinates": [[[69.7005184, 23.261657200000005], [69.70053410000001, 23.2616086], [69.7006262, 23.261633700000004], [69.7006105, 23.261682300000004], [69.7005184, 23.261657200000005]]]}}, {"type": "Feature", "properties": {"layer": "building", "distance_m": 355.7, "source": "Microsoft ML Buildings", "in_industrial_zone": false, "ghsl_2018": 1}, "geometry": {"type": "Polygon", "coordinates": [[[69.7005149, 23.2617372], [69.7005332, 23.2616685], [69.700599, 23.261683300000005], [69.7005831, 23.2617427], [69.7005756, 23.261741000000004], [69.700561, 23.26179550000001], [69.7005231, 23.261786900000008], [69.7005351, 23.261741800000003], [69.7005149, 23.2617372]]]}}, {"type": "Feature", "properties": {"layer": "building", "distance_m": 321.0, "source": "Google Open Buildings", "in_industrial_zone": false, "ghsl_2018": 1}, "geometry": {"type": "Polygon", "coordinates": [[[69.7004971, 23.262283200000006], [69.7005598, 23.262274400000006], [69.7005679, 23.2623238], [69.70054400000001, 23.2623271], [69.7005395, 23.2622999], [69.7005007, 23.2623053], [69.7004971, 23.262283200000006]]]}}, {"type": "Feature", "properties": {"layer": "building", "distance_m": 317.2, "source": "Google Open Buildings", "in_industrial_zone": false, "ghsl_2018": 1}, "geometry": {"type": "Polygon", "coordinates": [[[69.70049850000001, 23.262330300000002], [69.7005509, 23.262337000000002], [69.7005461, 23.262368700000003], [69.7004938, 23.262361999999996], [69.70049850000001, 23.262330300000002]]]}}, {"type": "Feature", "properties": {"layer": "building", "distance_m": 320.3, "source": "Google Open Buildings", "in_industrial_zone": false, "ghsl_2018": 1}, "geometry": {"type": "Polygon", "coordinates": [[[69.7005489, 23.2623532], [69.7005728, 23.262353600000004], [69.7005721, 23.2623942], [69.7005481, 23.262393900000003], [69.7005489, 23.2623532]]]}}, {"type": "Feature", "properties": {"layer": "building", "distance_m": 325.7, "source": "Google Open Buildings", "in_industrial_zone": false, "ghsl_2018": 1}, "geometry": {"type": "Polygon", "coordinates": [[[69.7006703, 23.26237320000001], [69.7006593, 23.26242450000001], [69.7006216, 23.26241750000001], [69.7006326, 23.262366300000007], [69.7006703, 23.26237320000001]]]}}, {"type": "Feature", "properties": {"layer": "building", "distance_m": 328.7, "source": "Microsoft ML Buildings", "in_industrial_zone": false, "ghsl_2018": 1}, "geometry": {"type": "Polygon", "coordinates": [[[69.700705, 23.262150200000008], [69.70066910000001, 23.262344199999998], [69.7006066, 23.2623344], [69.7006424, 23.262140400000003], [69.700705, 23.262150200000008]]]}}, {"type": "Feature", "properties": {"layer": "building", "distance_m": 371.7, "source": "Microsoft ML Buildings", "in_industrial_zone": false, "ghsl_2018": 1}, "geometry": {"type": "Polygon", "coordinates": [[[69.7006409, 23.261577100000004], [69.7006189, 23.26162830000001], [69.7005702, 23.26161060000001], [69.7005922, 23.261559400000007], [69.7006409, 23.261577100000004]]]}}, {"type": "Feature", "properties": {"layer": "building", "distance_m": 375.0, "source": "Microsoft ML Buildings", "in_industrial_zone": false, "ghsl_2018": 1}, "geometry": {"type": "Polygon", "coordinates": [[[69.7007027, 23.261654], [69.7006335, 23.261635400000007], [69.7006469, 23.261593300000005], [69.7007161, 23.261611800000008], [69.7007027, 23.261654]]]}}, {"type": "Feature", "properties": {"layer": "building", "distance_m": 380.0, "source": "Google Open Buildings", "in_industrial_zone": false, "ghsl_2018": 1}, "geometry": {"type": "Polygon", "coordinates": [[[69.7006226, 23.261511300000002], [69.7006633, 23.261519400000005], [69.7006561, 23.261550500000002], [69.7006154, 23.261542500000004], [69.7006226, 23.261511300000002]]]}}, {"type": "Feature", "properties": {"layer": "building", "distance_m": 413.5, "source": "Google Open Buildings", "in_industrial_zone": false, "ghsl_2018": 1}, "geometry": {"type": "Polygon", "coordinates": [[[69.7006324, 23.261052000000003], [69.70070650000001, 23.261058700000003], [69.7007016, 23.261104500000005], [69.70062750000001, 23.261097800000005], [69.7006324, 23.261052000000003]]]}}, {"type": "Feature", "properties": {"layer": "building", "distance_m": 406.2, "source": "Microsoft ML Buildings", "in_industrial_zone": false, "ghsl_2018": 1}, "geometry": {"type": "Polygon", "coordinates": [[[69.7005854, 23.2610339], [69.70057440000001, 23.261096400000003], [69.70051690000001, 23.261087800000002], [69.7005279, 23.26102540000001], [69.7005854, 23.2610339]]]}}, {"type": "Feature", "properties": {"layer": "building", "distance_m": 415.1, "source": "Microsoft ML Buildings", "in_industrial_zone": false, "ghsl_2018": 1}, "geometry": {"type": "Polygon", "coordinates": [[[69.70074560000002, 23.261194000000003], [69.70077660000001, 23.261080400000004], [69.70083220000001, 23.2610931], [69.7008012, 23.261206700000002], [69.70074560000002, 23.261194000000003]]]}}, {"type": "Feature", "properties": {"layer": "building", "distance_m": 405.1, "source": "Microsoft ML Buildings", "in_industrial_zone": false, "ghsl_2018": 1}, "geometry": {"type": "Polygon", "coordinates": [[[69.7008599, 23.261424300000005], [69.700826, 23.261423000000008], [69.700829, 23.261359000000002], [69.70078880000001, 23.2613575], [69.70079130000002, 23.261303400000003], [69.70086530000002, 23.2613063], [69.7008599, 23.261424300000005]]]}}, {"type": "Feature", "properties": {"layer": "building", "distance_m": 390.9, "source": "Google Open Buildings", "in_industrial_zone": false, "ghsl_2018": 1}, "geometry": {"type": "Polygon", "coordinates": [[[69.7007247, 23.26147000000001], [69.7007569, 23.261483300000002], [69.7007438, 23.26151030000001], [69.7007117, 23.261497000000006], [69.7007247, 23.26147000000001]]]}}, {"type": "Feature", "properties": {"layer": "building", "distance_m": 398.4, "source": "Microsoft ML Buildings", "in_industrial_zone": false, "ghsl_2018": 1}, "geometry": {"type": "Polygon", "coordinates": [[[69.70076480000002, 23.261355700000003], [69.7007556, 23.261395800000003], [69.70070940000001, 23.2613868], [69.70071860000002, 23.2613467], [69.70076480000002, 23.261355700000003]]]}}, {"type": "Feature", "properties": {"layer": "building", "distance_m": 400.7, "source": "Microsoft ML Buildings", "in_industrial_zone": false, "ghsl_2018": 1}, "geometry": {"type": "Polygon", "coordinates": [[[69.70068750000002, 23.2613304], [69.70071210000002, 23.261253300000003], [69.70078950000001, 23.261274200000003], [69.7007649, 23.2613513], [69.70068750000002, 23.2613304]]]}}, {"type": "Feature", "properties": {"layer": "building", "distance_m": 401.0, "source": "Google Open Buildings", "in_industrial_zone": false, "ghsl_2018": 1}, "geometry": {"type": "Polygon", "coordinates": [[[69.700664, 23.26126500000001], [69.70070000000001, 23.261268599999998], [69.7006962, 23.261301400000008], [69.7006601, 23.2612977], [69.700664, 23.26126500000001]]]}}, {"type": "Feature", "properties": {"layer": "building", "distance_m": 385.5, "source": "Microsoft ML Buildings", "in_industrial_zone": false, "ghsl_2018": 1}, "geometry": {"type": "Polygon", "coordinates": [[[69.7006979, 23.261558200000007], [69.70070520000002, 23.261518900000002], [69.70074340000001, 23.261524800000007], [69.7007361, 23.261564200000006], [69.7006979, 23.261558200000007]]]}}, {"type": "Feature", "properties": {"layer": "building", "distance_m": 328.7, "source": "Google Open Buildings", "in_industrial_zone": false, "ghsl_2018": 1}, "geometry": {"type": "Polygon", "coordinates": [[[69.7006646, 23.262396600000002], [69.70070080000002, 23.262401799999996], [69.7006958, 23.262431100000004], [69.7006596, 23.2624259], [69.7006646, 23.262396600000002]]]}}, {"type": "Feature", "properties": {"layer": "building", "distance_m": 328.8, "source": "Google Open Buildings", "in_industrial_zone": false, "ghsl_2018": 1}, "geometry": {"type": "Polygon", "coordinates": [[[69.7006982, 23.2624382], [69.7007244, 23.262448], [69.7007111, 23.2624783], [69.7006849, 23.262468500000008], [69.7006982, 23.2624382]]]}}, {"type": "Feature", "properties": {"layer": "building", "distance_m": 331.6, "source": "Google Open Buildings", "in_industrial_zone": false, "ghsl_2018": 1}, "geometry": {"type": "Polygon", "coordinates": [[[69.70083140000001, 23.262203600000007], [69.7008791, 23.2622215], [69.700772, 23.262465800000005], [69.7006981, 23.262438100000004], [69.70071, 23.262410900000003], [69.7007363, 23.262420700000007], [69.70083140000001, 23.262203600000007]]]}}, {"type": "Feature", "properties": {"layer": "building", "distance_m": 371.1, "source": "Microsoft ML Buildings", "in_industrial_zone": false, "ghsl_2018": 1}, "geometry": {"type": "Polygon", "coordinates": [[[69.7007374, 23.261816100000004], [69.7007744, 23.2617238], [69.7008397, 23.261745800000007], [69.7008027, 23.26183820000001], [69.7007374, 23.261816100000004]]]}}, {"type": "Feature", "properties": {"layer": "building", "distance_m": 386.8, "source": "Microsoft ML Buildings", "in_industrial_zone": false, "ghsl_2018": 1}, "geometry": {"type": "Polygon", "coordinates": [[[69.7008671, 23.261675299999997], [69.7008, 23.261657900000003], [69.7008176, 23.261600800000004], [69.7008847, 23.2616183], [69.7008671, 23.261675299999997]]]}}, {"type": "Feature", "properties": {"layer": "building", "distance_m": 391.9, "source": "Google Open Buildings", "in_industrial_zone": false, "ghsl_2018": 1}, "geometry": {"type": "Polygon", "coordinates": [[[69.70081920000001, 23.26156270000001], [69.7008765, 23.2615811], [69.7008654, 23.261610600000008], [69.7008081, 23.2615921], [69.70081920000001, 23.26156270000001]]]}}, {"type": "Feature", "properties": {"layer": "building", "distance_m": 395.6, "source": "Google Open Buildings", "in_industrial_zone": false, "ghsl_2018": 1}, "geometry": {"type": "Polygon", "coordinates": [[[69.7008354, 23.261510500000004], [69.70086660000001, 23.2615194], [69.7008521, 23.26156270000001], [69.70082090000001, 23.261553700000007], [69.7008354, 23.261510500000004]]]}}, {"type": "Feature", "properties": {"layer": "building", "distance_m": 384.3, "source": "Microsoft ML Buildings", "in_industrial_zone": false, "ghsl_2018": 1}, "geometry": {"type": "Polygon", "coordinates": [[[69.7009357, 23.261767200000012], [69.7008357, 23.261738300000008], [69.7008572, 23.261675500000003], [69.7009573, 23.26170440000001], [69.7009357, 23.261767200000012]]]}}, {"type": "Feature", "properties": {"layer": "building", "distance_m": 353.6, "source": "Google Open Buildings", "in_industrial_zone": false, "ghsl_2018": 1}, "geometry": {"type": "Polygon", "coordinates": [[[69.7008888, 23.262199300000002], [69.70098550000002, 23.262235500000003], [69.7009491, 23.262318400000012], [69.7008525, 23.262282200000005], [69.7008888, 23.262199300000002]]]}}, {"type": "Feature", "properties": {"layer": "building", "distance_m": 351.2, "source": "Google Open Buildings", "in_industrial_zone": false, "ghsl_2018": 1}, "geometry": {"type": "Polygon", "coordinates": [[[69.7010227, 23.262503600000002], [69.7010501, 23.262531400000004], [69.70099400000001, 23.262578600000005], [69.7009667, 23.2625507], [69.7010227, 23.262503600000002]]]}}, {"type": "Feature", "properties": {"layer": "building", "distance_m": 364.6, "source": "Google Open Buildings", "in_industrial_zone": false, "ghsl_2018": 1}, "geometry": {"type": "Polygon", "coordinates": [[[69.7009961, 23.262246800000003], [69.7010807, 23.262290800000006], [69.7010589, 23.262326700000006], [69.7009742, 23.2622828], [69.7009961, 23.262246800000003]]]}}, {"type": "Feature", "properties": {"layer": "building", "distance_m": 379.8, "source": "Google Open Buildings", "in_industrial_zone": false, "ghsl_2018": 1}, "geometry": {"type": "Polygon", "coordinates": [[[69.70098140000002, 23.261838300000004], [69.7010519, 23.261863399999996], [69.7010068, 23.26197150000002], [69.7009362, 23.2619463], [69.70098140000002, 23.261838300000004]]]}}, {"type": "Feature", "properties": {"layer": "building", "distance_m": 374.7, "source": "Microsoft ML Buildings", "in_industrial_zone": false, "ghsl_2018": 1}, "geometry": {"type": "Polygon", "coordinates": [[[69.7009938, 23.262017500000006], [69.7009779, 23.26205350000001], [69.700941, 23.262039800000004], [69.7009569, 23.262003800000002], [69.7009938, 23.262017500000006]]]}}, {"type": "Feature", "properties": {"layer": "building", "distance_m": 394.9, "source": "Microsoft ML Buildings", "in_industrial_zone": false, "ghsl_2018": 1}, "geometry": {"type": "Polygon", "coordinates": [[[69.7009708, 23.2616945], [69.7009043, 23.261663900000006], [69.7009279, 23.261620500000003], [69.7009944, 23.26165110000001], [69.7009708, 23.2616945]]]}}, {"type": "Feature", "properties": {"layer": "building", "distance_m": 424.2, "source": "Microsoft ML Buildings", "in_industrial_zone": false, "ghsl_2018": 1}, "geometry": {"type": "Polygon", "coordinates": [[[69.70100260000001, 23.261218000000003], [69.70099830000001, 23.261288100000005], [69.70094480000002, 23.261285400000002], [69.7009491, 23.261215300000003], [69.70100260000001, 23.261218000000003]]]}}, {"type": "Feature", "properties": {"layer": "building", "distance_m": 420.7, "source": "Microsoft ML Buildings", "in_industrial_zone": false, "ghsl_2018": 1}, "geometry": {"type": "Polygon", "coordinates": [[[69.70101290000001, 23.261310100000003], [69.70100300000001, 23.261344699999995], [69.70094030000001, 23.261329600000007], [69.7009501, 23.261295000000004], [69.70101290000001, 23.261310100000003]]]}}, {"type": "Feature", "properties": {"layer": "building", "distance_m": 411.3, "source": "Microsoft ML Buildings", "in_industrial_zone": false, "ghsl_2018": 1}, "geometry": {"type": "Polygon", "coordinates": [[[69.7009066, 23.26142620000001], [69.7009335, 23.261333100000005], [69.70100030000002, 23.261349300000006], [69.7009734, 23.26144250000001], [69.7009066, 23.26142620000001]]]}}, {"type": "Feature", "properties": {"layer": "building", "distance_m": 411.8, "source": "Microsoft ML Buildings", "in_industrial_zone": false, "ghsl_2018": 1}, "geometry": {"type": "Polygon", "coordinates": [[[69.70083770000001, 23.261196100000006], [69.7008955, 23.261199200000004], [69.7008909, 23.261270400000008], [69.7009186, 23.261271900000008], [69.7009118, 23.2613786], [69.700869, 23.2613763], [69.70087370000002, 23.261304], [69.7008309, 23.261301699999997], [69.70083770000001, 23.261196100000006]]]}}, {"type": "Feature", "properties": {"layer": "building", "distance_m": 424.0, "source": "Microsoft ML Buildings", "in_industrial_zone": false, "ghsl_2018": 1}, "geometry": {"type": "Polygon", "coordinates": [[[69.70091580000002, 23.261199000000005], [69.70085740000002, 23.261190100000007], [69.7008744, 23.261096600000002], [69.70093270000001, 23.2611055], [69.70091580000002, 23.261199000000005]]]}}, {"type": "Feature", "properties": {"layer": "building", "distance_m": 424.6, "source": "Google Open Buildings", "in_industrial_zone": false, "ghsl_2018": 1}, "geometry": {"type": "Polygon", "coordinates": [[[69.70108620000002, 23.261317499999997], [69.70114640000001, 23.26132850000001], [69.7011253, 23.26142740000001], [69.70106510000001, 23.261416500000006], [69.70108620000002, 23.261317499999997]]]}}, {"type": "Feature", "properties": {"layer": "building", "distance_m": 382.5, "source": "Google Open Buildings", "in_industrial_zone": false, "ghsl_2018": 1}, "geometry": {"type": "Polygon", "coordinates": [[[69.7010548, 23.26200240000001], [69.7011003, 23.262018900000005], [69.7010807, 23.262065100000004], [69.7010352, 23.262048600000007], [69.7010548, 23.26200240000001]]]}}, {"type": "Feature", "properties": {"layer": "building", "distance_m": 362.3, "source": "Microsoft ML Buildings", "in_industrial_zone": false, "ghsl_2018": 1}, "geometry": {"type": "Polygon", "coordinates": [[[69.701143, 23.26253190000001], [69.7010593, 23.262496000000002], [69.7011128, 23.262390799999995], [69.7011965, 23.2624267], [69.701143, 23.26253190000001]]]}}, {"type": "Feature", "properties": {"layer": "building", "distance_m": 391.4, "source": "Google Open Buildings", "in_industrial_zone": false, "ghsl_2018": 1}, "geometry": {"type": "Polygon", "coordinates": [[[69.7011587, 23.261952700000002], [69.70122330000001, 23.261981300000002], [69.7011857, 23.26205380000001], [69.7011211, 23.262025200000004], [69.7011587, 23.261952700000002]]]}}, {"type": "Feature", "properties": {"layer": "building", "distance_m": 354.8, "source": "Google Open Buildings", "in_industrial_zone": false, "ghsl_2018": 1}, "geometry": {"type": "Polygon", "coordinates": [[[69.7013979, 23.26253960000001], [69.70130119999999, 23.262724900000006], [69.7011306, 23.262648800000004], [69.7011925, 23.262530400000003], [69.7012817, 23.2625702], [69.70131659999998, 23.26250340000001], [69.7013979, 23.26253960000001]]]}}, {"type": "Feature", "properties": {"layer": "building", "distance_m": 438.8, "source": "Microsoft ML Buildings", "in_industrial_zone": false, "ghsl_2018": 1}, "geometry": {"type": "Polygon", "coordinates": [[[69.70122530000002, 23.261398999999994], [69.70124320000001, 23.261317399999996], [69.701287, 23.2613255], [69.70126910000002, 23.2614071], [69.70122530000002, 23.261398999999994]]]}}, {"type": "Feature", "properties": {"layer": "building", "distance_m": 428.7, "source": "Google Open Buildings", "in_industrial_zone": false, "ghsl_2018": 1}, "geometry": {"type": "Polygon", "coordinates": [[[69.70114640000001, 23.26132850000001], [69.70121060000001, 23.261340200000003], [69.70118950000001, 23.2614391], [69.7011253, 23.26142740000001], [69.70114640000001, 23.26132850000001]]]}}, {"type": "Feature", "properties": {"layer": "building", "distance_m": 434.9, "source": "Microsoft ML Buildings", "in_industrial_zone": false, "ghsl_2018": 1}, "geometry": {"type": "Polygon", "coordinates": [[[69.70111180000002, 23.261321800000008], [69.70111920000001, 23.261260900000003], [69.701196, 23.261268900000005], [69.7011886, 23.261329700000005], [69.70111180000002, 23.261321800000008]]]}}, {"type": "Feature", "properties": {"layer": "building", "distance_m": 447.2, "source": "Google Open Buildings", "in_industrial_zone": false, "ghsl_2018": 1}, "geometry": {"type": "Polygon", "coordinates": [[[69.70113350000001, 23.261149900000003], [69.701187, 23.261152800000005], [69.70118570000001, 23.2611722], [69.70113230000001, 23.2611693], [69.70113350000001, 23.261149900000003]]]}}, {"type": "Feature", "properties": {"layer": "building", "distance_m": 439.1, "source": "Google Open Buildings", "in_industrial_zone": false, "ghsl_2018": 1}, "geometry": {"type": "Polygon", "coordinates": [[[69.7013289, 23.26141970000001], [69.7014275, 23.261443800000002], [69.7014054, 23.261521100000003], [69.7013068, 23.26149700000001], [69.7013289, 23.26141970000001]]]}}, {"type": "Feature", "properties": {"layer": "building", "distance_m": 451.0, "source": "Google Open Buildings", "in_industrial_zone": false, "ghsl_2018": 1}, "geometry": {"type": "Polygon", "coordinates": [[[69.70129130000001, 23.261184200000002], [69.70136130000002, 23.261200600000002], [69.7013379, 23.26128570000001], [69.70126790000002, 23.261269300000006], [69.70129130000001, 23.261184200000002]]]}}, {"type": "Feature", "properties": {"layer": "building", "distance_m": 412.3, "source": "Google Open Buildings", "in_industrial_zone": false, "ghsl_2018": 1}, "geometry": {"type": "Polygon", "coordinates": [[[69.701262, 23.2617551], [69.7013291, 23.2617776], [69.70129940000001, 23.261853000000002], [69.7012323, 23.261830400000004], [69.701262, 23.2617551]]]}}, {"type": "Feature", "properties": {"layer": "building", "distance_m": 418.5, "source": "Microsoft ML Buildings", "in_industrial_zone": false, "ghsl_2018": 1}, "geometry": {"type": "Polygon", "coordinates": [[[69.7012305, 23.261723700000005], [69.70124550000001, 23.261675899999993], [69.70134360000002, 23.26170200000001], [69.70132860000001, 23.261749700000003], [69.7012305, 23.261723700000005]]]}}, {"type": "Feature", "properties": {"layer": "building", "distance_m": 424.9, "source": "Microsoft ML Buildings", "in_industrial_zone": false, "ghsl_2018": 1}, "geometry": {"type": "Polygon", "coordinates": [[[69.7013474, 23.26169180000001], [69.7012762, 23.261683000000005], [69.7012866, 23.2616117], [69.7013578, 23.261620500000006], [69.7013474, 23.26169180000001]]]}}, {"type": "Feature", "properties": {"layer": "building", "distance_m": 404.6, "source": "Microsoft ML Buildings", "in_industrial_zone": false, "ghsl_2018": 1}, "geometry": {"type": "Polygon", "coordinates": [[[69.7013478, 23.261879100000005], [69.7013245, 23.261924400000005], [69.70132100000001, 23.2619228], [69.7012935, 23.2619764], [69.7012181, 23.261943699999996], [69.7012511, 23.261879200000006], [69.70127170000002, 23.261888100000004], [69.7012893, 23.261853800000004], [69.7013478, 23.261879100000005]]]}}, {"type": "Feature", "properties": {"layer": "building", "distance_m": 422.1, "source": "Microsoft ML Buildings", "in_industrial_zone": false, "ghsl_2018": 1}, "geometry": {"type": "Polygon", "coordinates": [[[69.7014399, 23.261928700000006], [69.70139, 23.2619026], [69.70141120000001, 23.261868200000002], [69.7014612, 23.261894300000005], [69.7014399, 23.261928700000006]]]}}, {"type": "Feature", "properties": {"layer": "building", "distance_m": 408.5, "source": "Google Open Buildings", "in_industrial_zone": false, "ghsl_2018": 1}, "geometry": {"type": "Polygon", "coordinates": [[[69.7014982, 23.2622563], [69.7015182, 23.26224050000001], [69.7015431, 23.262267300000005], [69.701523, 23.2622831], [69.7014982, 23.2622563]]]}}, {"type": "Feature", "properties": {"layer": "building", "distance_m": 421.2, "source": "Microsoft ML Buildings", "in_industrial_zone": false, "ghsl_2018": 1}, "geometry": {"type": "Polygon", "coordinates": [[[69.7014759, 23.262065000000007], [69.70149400000001, 23.26202510000001], [69.7015548, 23.262048400000012], [69.7015367, 23.2620883], [69.7014759, 23.262065000000007]]]}}, {"type": "Feature", "properties": {"layer": "building", "distance_m": 442.3, "source": "Google Open Buildings", "in_industrial_zone": false, "ghsl_2018": 1}, "geometry": {"type": "Polygon", "coordinates": [[[69.7014504, 23.261604500000004], [69.70151560000001, 23.261621200000004], [69.7015079, 23.26164680000001], [69.70144270000002, 23.261630100000005], [69.7014504, 23.261604500000004]]]}}, {"type": "Feature", "properties": {"layer": "building", "distance_m": 435.0, "source": "Microsoft ML Buildings", "in_industrial_zone": false, "ghsl_2018": 1}, "geometry": {"type": "Polygon", "coordinates": [[[69.70153210000001, 23.261747700000008], [69.70151510000001, 23.2618091], [69.7014714, 23.261799000000003], [69.7014883, 23.261737500000006], [69.70153210000001, 23.261747700000008]]]}}, {"type": "Feature", "properties": {"layer": "building", "distance_m": 468.9, "source": "Google Open Buildings", "in_industrial_zone": false, "ghsl_2018": 1}, "geometry": {"type": "Polygon", "coordinates": [[[69.70185480000002, 23.26177300000001], [69.7018979, 23.261779700000005], [69.7018933, 23.261804900000005], [69.70185020000001, 23.261798200000005], [69.70185480000002, 23.26177300000001]]]}}, {"type": "Feature", "properties": {"layer": "building", "distance_m": 470.2, "source": "Microsoft ML Buildings", "in_industrial_zone": false, "ghsl_2018": 1}, "geometry": {"type": "Polygon", "coordinates": [[[69.70190920000002, 23.2617123], [69.7018924, 23.261761700000008], [69.70183380000002, 23.261745000000005], [69.7018505, 23.2616955], [69.70190920000002, 23.2617123]]]}}, {"type": "Feature", "properties": {"layer": "building", "distance_m": 464.1, "source": "Microsoft ML Buildings", "in_industrial_zone": false, "ghsl_2018": 1}, "geometry": {"type": "Polygon", "coordinates": [[[69.70181730000002, 23.2618329], [69.70182930000001, 23.261799499999995], [69.70187370000001, 23.2618129], [69.7018618, 23.261846300000002], [69.70181730000002, 23.2618329]]]}}, {"type": "Feature", "properties": {"layer": "building", "distance_m": 469.2, "source": "Google Open Buildings", "in_industrial_zone": false, "ghsl_2018": 1}, "geometry": {"type": "Polygon", "coordinates": [[[69.70175890000002, 23.261603300000004], [69.7017924, 23.261617600000005], [69.70178130000001, 23.2616396], [69.70174790000002, 23.2616253], [69.70175890000002, 23.261603300000004]]]}}, {"type": "Feature", "properties": {"layer": "building", "distance_m": 369.1, "source": "Google Open Buildings", "in_industrial_zone": false, "ghsl_2018": 1}, "geometry": {"type": "Polygon", "coordinates": [[[69.7016454, 23.262627700000003], [69.7017201, 23.2626485], [69.70169580000001, 23.2627231], [69.70162110000001, 23.262702300000004], [69.7016454, 23.262627700000003]]]}}, {"type": "Feature", "properties": {"layer": "building", "distance_m": 433.2, "source": "Microsoft ML Buildings", "in_industrial_zone": false, "ghsl_2018": 1}, "geometry": {"type": "Polygon", "coordinates": [[[69.7017404, 23.262022400000003], [69.7017198, 23.2620885], [69.70160330000002, 23.2620578], [69.70162390000002, 23.261991800000008], [69.7017404, 23.262022400000003]]]}}, {"type": "Feature", "properties": {"layer": "building", "distance_m": 455.6, "source": "Microsoft ML Buildings", "in_industrial_zone": false, "ghsl_2018": 1}, "geometry": {"type": "Polygon", "coordinates": [[[69.701655, 23.261721400000003], [69.7016816, 23.261608500000012], [69.7017405, 23.261620200000007], [69.70171390000002, 23.261733200000005], [69.701655, 23.261721400000003]]]}}, {"type": "Feature", "properties": {"layer": "building", "distance_m": 453.4, "source": "Google Open Buildings", "in_industrial_zone": false, "ghsl_2018": 1}, "geometry": {"type": "Polygon", "coordinates": [[[69.70171430000002, 23.2617976], [69.7017863, 23.261819400000004], [69.7017724, 23.261858400000012], [69.7017004, 23.2618366], [69.70171430000002, 23.2617976]]]}}, {"type": "Feature", "properties": {"layer": "building", "distance_m": 425.6, "source": "Microsoft ML Buildings", "in_industrial_zone": false, "ghsl_2018": 1}, "geometry": {"type": "Polygon", "coordinates": [[[69.7016319, 23.261904900000008], [69.7015619, 23.26204560000001], [69.7014976, 23.2620185], [69.70156750000001, 23.261877900000005], [69.7016319, 23.261904900000008]]]}}, {"type": "Feature", "properties": {"layer": "building", "distance_m": 444.9, "source": "Google Open Buildings", "in_industrial_zone": false, "ghsl_2018": 1}, "geometry": {"type": "Polygon", "coordinates": [[[69.70155360000001, 23.261713099999998], [69.701598, 23.261743000000003], [69.7015841, 23.261760500000012], [69.7015398, 23.2617307], [69.70155360000001, 23.261713099999998]]]}}, {"type": "Feature", "properties": {"layer": "building", "distance_m": 455.8, "source": "Google Open Buildings", "in_industrial_zone": false, "ghsl_2018": 1}, "geometry": {"type": "Polygon", "coordinates": [[[69.7016231, 23.2615858], [69.70162210000001, 23.261623900000007], [69.7015934, 23.2616233], [69.70159440000002, 23.261585100000005], [69.7016231, 23.2615858]]]}}, {"type": "Feature", "properties": {"layer": "building", "distance_m": 443.0, "source": "Microsoft ML Buildings", "in_industrial_zone": false, "ghsl_2018": 1}, "geometry": {"type": "Polygon", "coordinates": [[[69.7015863, 23.261839200000008], [69.70160820000001, 23.261771199999995], [69.70167970000001, 23.26179060000001], [69.7016578, 23.261858600000004], [69.7015863, 23.261839200000008]]]}}, {"type": "Feature", "properties": {"layer": "building", "distance_m": 411.2, "source": "Google Open Buildings", "in_industrial_zone": false, "ghsl_2018": 1}, "geometry": {"type": "Polygon", "coordinates": [[[69.7015879, 23.262139900000005], [69.70167510000002, 23.2621645], [69.70163310000001, 23.262291400000002], [69.7015711, 23.2622739], [69.701604, 23.2621743], [69.70157890000002, 23.262167200000004], [69.7015879, 23.262139900000005]]]}}, {"type": "Feature", "properties": {"layer": "building", "distance_m": 380.7, "source": "Google Open Buildings", "in_industrial_zone": false, "ghsl_2018": 1}, "geometry": {"type": "Polygon", "coordinates": [[[69.70160320000001, 23.262537399999996], [69.7016656, 23.262550400000002], [69.7016556, 23.262591000000008], [69.7015933, 23.262578100000006], [69.70160320000001, 23.262537399999996]]]}}, {"type": "Feature", "properties": {"layer": "building", "distance_m": 380.4, "source": "Microsoft ML Buildings", "in_industrial_zone": false, "ghsl_2018": 1}, "geometry": {"type": "Polygon", "coordinates": [[[69.70155560000002, 23.2625661], [69.7015637, 23.26252420000002], [69.7016011, 23.26253020000001], [69.701593, 23.262572100000007], [69.70155560000002, 23.2625661]]]}}, {"type": "Feature", "properties": {"layer": "building", "distance_m": 412.2, "source": "Google Open Buildings", "in_industrial_zone": false, "ghsl_2018": 1}, "geometry": {"type": "Polygon", "coordinates": [[[69.7015301, 23.262208900000005], [69.7015703, 23.262225200000014], [69.7015546, 23.262258200000005], [69.70151440000001, 23.262241900000003], [69.7015301, 23.262208900000005]]]}}, {"type": "Feature", "properties": {"layer": "building", "distance_m": 292.3, "source": "Microsoft ML Buildings", "in_industrial_zone": false, "ghsl_2018": 0}, "geometry": {"type": "Polygon", "coordinates": [[[69.7015907, 23.263399300000003], [69.7016923, 23.263404200000007], [69.7016886, 23.263468099999997], [69.701587, 23.263463200000004], [69.7015907, 23.263399300000003]]]}}, {"type": "Feature", "properties": {"layer": "building", "distance_m": 289.6, "source": "Microsoft ML Buildings", "in_industrial_zone": false, "ghsl_2018": 0}, "geometry": {"type": "Polygon", "coordinates": [[[69.701541, 23.2634676], [69.7015389, 23.2634011], [69.7015738, 23.263400199999996], [69.70157590000001, 23.2634667], [69.701541, 23.2634676]]]}}, {"type": "Feature", "properties": {"layer": "building", "distance_m": 232.9, "source": "Microsoft ML Buildings", "in_industrial_zone": false, "ghsl_2018": 0}, "geometry": {"type": "Polygon", "coordinates": [[[69.7014875, 23.264040200000004], [69.7014929, 23.264003900000006], [69.70155349999999, 23.264011600000007], [69.701548, 23.264047900000005], [69.7014875, 23.264040200000004]]]}}, {"type": "Feature", "properties": {"layer": "building", "distance_m": 353.0, "source": "Microsoft ML Buildings", "in_industrial_zone": false, "ghsl_2018": 1}, "geometry": {"type": "Polygon", "coordinates": [[[69.7016651, 23.26287170000001], [69.7016081, 23.26285680000001], [69.7016234, 23.262807900000002], [69.7016804, 23.262822800000006], [69.7016651, 23.26287170000001]]]}}, {"type": "Feature", "properties": {"layer": "building", "distance_m": 363.2, "source": "Microsoft ML Buildings", "in_industrial_zone": false, "ghsl_2018": 1}, "geometry": {"type": "Polygon", "coordinates": [[[69.7016516, 23.262774200000003], [69.70166590000001, 23.262718100000004], [69.7017142, 23.262728500000005], [69.70169989999998, 23.262784600000014], [69.7016516, 23.262774200000003]]]}}, {"type": "Feature", "properties": {"layer": "building", "distance_m": 274.6, "source": "Microsoft ML Buildings", "in_industrial_zone": false, "ghsl_2018": 0}, "geometry": {"type": "Polygon", "coordinates": [[[69.70177709999999, 23.263767700000002], [69.7017816, 23.263733700000003], [69.70182650000001, 23.263738699999998], [69.7018221, 23.263772700000008], [69.70177709999999, 23.263767700000002]]]}}, {"type": "Feature", "properties": {"layer": "building", "distance_m": 337.0, "source": "Google Open Buildings", "in_industrial_zone": false, "ghsl_2018": 1}, "geometry": {"type": "Polygon", "coordinates": [[[69.7019271, 23.262971799999992], [69.7018543, 23.26313440000001], [69.70182040000002, 23.263121500000004], [69.7018932, 23.262958900000008], [69.7019271, 23.262971799999992]]]}}, {"type": "Feature", "properties": {"layer": "building", "distance_m": 335.6, "source": "Google Open Buildings", "in_industrial_zone": false, "ghsl_2018": 1}, "geometry": {"type": "Polygon", "coordinates": [[[69.7019244, 23.263123000000007], [69.7019505, 23.263141500000003], [69.7019121, 23.263187600000006], [69.701886, 23.26316900000001], [69.7019244, 23.263123000000007]]]}}, {"type": "Feature", "properties": {"layer": "building", "distance_m": 370.2, "source": "Microsoft ML Buildings", "in_industrial_zone": false, "ghsl_2018": 1}, "geometry": {"type": "Polygon", "coordinates": [[[69.7020368, 23.262833000000008], [69.702019, 23.26287170000001], [69.7019484, 23.262844400000002], [69.70196610000002, 23.2628057], [69.7020368, 23.262833000000008]]]}}, {"type": "Feature", "properties": {"layer": "building", "distance_m": 375.7, "source": "Microsoft ML Buildings", "in_industrial_zone": false, "ghsl_2018": 1}, "geometry": {"type": "Polygon", "coordinates": [[[69.7020165, 23.262816600000004], [69.7019504, 23.262788300000015], [69.7019704, 23.262748900000002], [69.7020365, 23.262777200000006], [69.7020165, 23.262816600000004]]]}}, {"type": "Feature", "properties": {"layer": "building", "distance_m": 262.6, "source": "Microsoft ML Buildings", "in_industrial_zone": false, "ghsl_2018": 0}, "geometry": {"type": "Polygon", "coordinates": [[[69.7018424, 23.263807200000006], [69.70193119999999, 23.263799500000005], [69.7019457, 23.2639412], [69.70185680000002, 23.26394880000001], [69.7018424, 23.263807200000006]]]}}, {"type": "Feature", "properties": {"layer": "building", "distance_m": 221.5, "source": "Microsoft ML Buildings", "in_industrial_zone": false, "ghsl_2018": 0}, "geometry": {"type": "Polygon", "coordinates": [[[69.7019945, 23.264522500000012], [69.70195999999999, 23.26451310000001], [69.70197380000002, 23.2644701], [69.7020084, 23.264479400000003], [69.7019945, 23.264522500000012]]]}}, {"type": "Feature", "properties": {"layer": "building", "distance_m": 154.0, "source": "Microsoft ML Buildings", "in_industrial_zone": false, "ghsl_2018": 0}, "geometry": {"type": "Polygon", "coordinates": [[[69.7018851, 23.265561900000005], [69.7019095, 23.265479300000003], [69.70199079999999, 23.2654996], [69.7019664, 23.265582199999997], [69.7018851, 23.265561900000005]]]}}, {"type": "Feature", "properties": {"layer": "building", "distance_m": 160.6, "source": "Microsoft ML Buildings", "in_industrial_zone": false, "ghsl_2018": 0}, "geometry": {"type": "Polygon", "coordinates": [[[69.7019324, 23.265404600000004], [69.70197720000002, 23.265415900000004], [69.7019573, 23.265482300000006], [69.7019125, 23.265471], [69.7019324, 23.265404600000004]]]}}, {"type": "Feature", "properties": {"layer": "building", "distance_m": 97.3, "source": "Google Open Buildings", "in_industrial_zone": false, "ghsl_2018": 0}, "geometry": {"type": "Polygon", "coordinates": [[[69.7015129, 23.2660928], [69.7015694, 23.266097700000003], [69.70156610000001, 23.2661298], [69.7015096, 23.266124800000004], [69.7015129, 23.2660928]]]}}, {"type": "Feature", "properties": {"layer": "building", "distance_m": 108.5, "source": "Google Open Buildings", "in_industrial_zone": false, "ghsl_2018": 0}, "geometry": {"type": "Polygon", "coordinates": [[[69.701479, 23.265637300000005], [69.7015551, 23.265649000000007], [69.701543, 23.2657161], [69.7014669, 23.265704400000004], [69.701479, 23.265637300000005]]]}}, {"type": "Feature", "properties": {"layer": "building", "distance_m": 213.2, "source": "Microsoft ML Buildings", "in_industrial_zone": false, "ghsl_2018": 0}, "geometry": {"type": "Polygon", "coordinates": [[[69.7014515, 23.264203200000004], [69.701409, 23.2642069], [69.7013873, 23.263998200000007], [69.7014643, 23.263991400000002], [69.70146930000001, 23.264039000000004], [69.7014347, 23.264042], [69.7014515, 23.264203200000004]]]}}, {"type": "Feature", "properties": {"layer": "building", "distance_m": 269.9, "source": "Google Open Buildings", "in_industrial_zone": false, "ghsl_2018": 1}, "geometry": {"type": "Polygon", "coordinates": [[[69.7012615, 23.263496300000003], [69.7013124, 23.263498300000006], [69.7013107, 23.263536300000005], [69.7012597, 23.263534300000003], [69.7012615, 23.263496300000003]]]}}, {"type": "Feature", "properties": {"layer": "building", "distance_m": 191.7, "source": "Google Open Buildings", "in_industrial_zone": false, "ghsl_2018": 1}, "geometry": {"type": "Polygon", "coordinates": [[[69.7012801, 23.264321200000005], [69.70131409999999, 23.264330700000002], [69.70130369999998, 23.264362700000003], [69.70126959999999, 23.264353200000006], [69.7012801, 23.264321200000005]]]}}, {"type": "Feature", "properties": {"layer": "building", "distance_m": 197.3, "source": "Microsoft ML Buildings", "in_industrial_zone": false, "ghsl_2018": 1}, "geometry": {"type": "Polygon", "coordinates": [[[69.70135619999999, 23.264346700000008], [69.70132079999999, 23.264290400000007], [69.7013539, 23.264272900000005], [69.7013893, 23.264329200000002], [69.70135619999999, 23.264346700000008]]]}}, {"type": "Feature", "properties": {"layer": "building", "distance_m": 248.7, "source": "Microsoft ML Buildings", "in_industrial_zone": false, "ghsl_2018": 1}, "geometry": {"type": "Polygon", "coordinates": [[[69.7010978, 23.2636785], [69.7009706, 23.263534000000007], [69.7010289, 23.263490700000002], [69.70115620000001, 23.263635099999995], [69.7010978, 23.2636785]]]}}, {"type": "Feature", "properties": {"layer": "building", "distance_m": 195.6, "source": "Microsoft ML Buildings", "in_industrial_zone": false, "ghsl_2018": 1}, "geometry": {"type": "Polygon", "coordinates": [[[69.7010753, 23.264189500000004], [69.70111, 23.264146800000002], [69.7011693, 23.2641875], [69.7011345, 23.2642302], [69.7010753, 23.264189500000004]]]}}, {"type": "Feature", "properties": {"layer": "building", "distance_m": 161.6, "source": "Microsoft ML Buildings", "in_industrial_zone": false, "ghsl_2018": 1}, "geometry": {"type": "Polygon", "coordinates": [[[69.70114659999999, 23.264512600000007], [69.70113990000002, 23.264564699999994], [69.70107110000001, 23.264557299999996], [69.7010778, 23.2645051], [69.70114659999999, 23.264512600000007]]]}}, {"type": "Feature", "properties": {"layer": "building", "distance_m": 461.7, "source": "Microsoft ML Buildings", "in_industrial_zone": false, "ghsl_2018": 0}, "geometry": {"type": "Polygon", "coordinates": [[[69.702269, 23.271113100000004], [69.7022376, 23.271108600000005], [69.702244, 23.2710701], [69.7022755, 23.271074500000005], [69.702269, 23.271113100000004]]]}}, {"type": "Feature", "properties": {"layer": "building", "distance_m": 456.9, "source": "Google Open Buildings", "in_industrial_zone": false, "ghsl_2018": 0}, "geometry": {"type": "Polygon", "coordinates": [[[69.70230540000001, 23.270985800000002], [69.7023542, 23.270988999999997], [69.7023518, 23.271021200000003], [69.702303, 23.271018100000006], [69.70230540000001, 23.270985800000002]]]}}, {"type": "Feature", "properties": {"layer": "building", "distance_m": 430.6, "source": "Google Open Buildings", "in_industrial_zone": false, "ghsl_2018": 0}, "geometry": {"type": "Polygon", "coordinates": [[[69.7024139, 23.270635400000007], [69.7024718, 23.27064280000002], [69.7024662, 23.270680400000003], [69.70240820000001, 23.270673000000002], [69.7024139, 23.270635400000007]]]}}, {"type": "Feature", "properties": {"layer": "building", "distance_m": 446.9, "source": "Microsoft ML Buildings", "in_industrial_zone": false, "ghsl_2018": 0}, "geometry": {"type": "Polygon", "coordinates": [[[69.7024055, 23.270883400000002], [69.702413, 23.2708151], [69.7024794, 23.270821200000007], [69.7024719, 23.270889500000006], [69.7024055, 23.270883400000002]]]}}, {"type": "Feature", "properties": {"layer": "building", "distance_m": 464.9, "source": "Google Open Buildings", "in_industrial_zone": false, "ghsl_2018": 0}, "geometry": {"type": "Polygon", "coordinates": [[[69.7024149, 23.271007700000002], [69.7025047, 23.271028700000002], [69.7024608, 23.271188600000002], [69.70237100000001, 23.271167500000004], [69.7024149, 23.271007700000002]]]}}, {"type": "Feature", "properties": {"layer": "building", "distance_m": 480.2, "source": "Google Open Buildings", "in_industrial_zone": false, "ghsl_2018": 0}, "geometry": {"type": "Polygon", "coordinates": [[[69.7023946, 23.271181900000006], [69.7024585, 23.27119620000001], [69.7024348, 23.271286], [69.702371, 23.271271600000002], [69.7023946, 23.271181900000006]]]}}, {"type": "Feature", "properties": {"layer": "building", "distance_m": 465.1, "source": "Microsoft ML Buildings", "in_industrial_zone": false, "ghsl_2018": 0}, "geometry": {"type": "Polygon", "coordinates": [[[69.7022276, 23.271141700000005], [69.7022327, 23.27111160000001], [69.702272, 23.271117300000007], [69.7022669, 23.271147300000006], [69.7022276, 23.271141700000005]]]}}, {"type": "Feature", "properties": {"layer": "building", "distance_m": 497.8, "source": "Google Open Buildings", "in_industrial_zone": false, "ghsl_2018": 0}, "geometry": {"type": "Polygon", "coordinates": [[[69.7027129, 23.2711826], [69.7027405, 23.271184599999998], [69.7027376, 23.271219400000003], [69.70271, 23.271217400000005], [69.7027129, 23.2711826]]]}}, {"type": "Feature", "properties": {"layer": "building", "distance_m": 484.4, "source": "Google Open Buildings", "in_industrial_zone": false, "ghsl_2018": 0}, "geometry": {"type": "Polygon", "coordinates": [[[69.7024608, 23.271188600000002], [69.7025852, 23.271217700000005], [69.7025633, 23.271297600000004], [69.7024389, 23.271268400000004], [69.7024608, 23.271188600000002]]]}}, {"type": "Feature", "properties": {"layer": "building", "distance_m": 479.9, "source": "Google Open Buildings", "in_industrial_zone": false, "ghsl_2018": 0}, "geometry": {"type": "Polygon", "coordinates": [[[69.7025999, 23.271057300000006], [69.7026789, 23.2710787], [69.7026699, 23.271107300000004], [69.70259090000002, 23.271085900000006], [69.7025999, 23.271057300000006]]]}}, {"type": "Feature", "properties": {"layer": "building", "distance_m": 244.3, "source": "Microsoft ML Buildings", "in_industrial_zone": false, "ghsl_2018": 0}, "geometry": {"type": "Polygon", "coordinates": [[[69.7029739, 23.2659826], [69.7029372, 23.265977300000003], [69.7029502, 23.265902800000006], [69.7029868, 23.2659081], [69.7029739, 23.2659826]]]}}, {"type": "Feature", "properties": {"layer": "building", "distance_m": 293.8, "source": "Google Open Buildings", "in_industrial_zone": false, "ghsl_2018": 1}, "geometry": {"type": "Polygon", "coordinates": [[[69.7026935, 23.264255000000002], [69.70304519999999, 23.264287900000006], [69.7030406, 23.264329700000005], [69.7026889, 23.264296799999997], [69.7026935, 23.264255000000002]]]}}, {"type": "Feature", "properties": {"layer": "building", "distance_m": 306.8, "source": "Google Open Buildings", "in_industrial_zone": false, "ghsl_2018": 1}, "geometry": {"type": "Polygon", "coordinates": [[[69.7027396, 23.26412070000001], [69.7030225, 23.264147100000002], [69.703018, 23.26418830000001], [69.7027351, 23.264161800000007], [69.7027396, 23.26412070000001]]]}}, {"type": "Feature", "properties": {"layer": "building", "distance_m": 335.1, "source": "Microsoft ML Buildings", "in_industrial_zone": false, "ghsl_2018": 1}, "geometry": {"type": "Polygon", "coordinates": [[[69.7028931, 23.2639377], [69.70289440000002, 23.263876200000002], [69.7030526, 23.263878800000004], [69.7030513, 23.263940400000003], [69.7028931, 23.2639377]]]}}, {"type": "Feature", "properties": {"layer": "building", "distance_m": 398.0, "source": "Google Open Buildings", "in_industrial_zone": false, "ghsl_2018": 1}, "geometry": {"type": "Polygon", "coordinates": [[[69.7029542, 23.26316080000001], [69.703002, 23.2631636], [69.7030001, 23.263191100000004], [69.7029523, 23.263188200000005], [69.7029542, 23.26316080000001]]]}}, {"type": "Feature", "properties": {"layer": "building", "distance_m": 382.9, "source": "Microsoft ML Buildings", "in_industrial_zone": false, "ghsl_2018": 1}, "geometry": {"type": "Polygon", "coordinates": [[[69.7028877, 23.263316800000005], [69.7028946, 23.263269600000008], [69.7029568, 23.263277200000005], [69.7029499, 23.263324400000002], [69.7028877, 23.263316800000005]]]}}, {"type": "Feature", "properties": {"layer": "building", "distance_m": 307.8, "source": "Google Open Buildings", "in_industrial_zone": false, "ghsl_2018": 1}, "geometry": {"type": "Polygon", "coordinates": [[[69.702777, 23.2641672], [69.7028112, 23.2641677], [69.70281069999999, 23.264195400000002], [69.70277639999999, 23.264194800000006], [69.702777, 23.2641672]]]}}, {"type": "Feature", "properties": {"layer": "building", "distance_m": 318.6, "source": "Google Open Buildings", "in_industrial_zone": false, "ghsl_2018": 1}, "geometry": {"type": "Polygon", "coordinates": [[[69.7027821, 23.2639777], [69.70291739999999, 23.2639923], [69.7029098, 23.264052600000007], [69.70277439999998, 23.264038000000003], [69.7027821, 23.2639777]]]}}, {"type": "Feature", "properties": {"layer": "building", "distance_m": 304.5, "source": "Google Open Buildings", "in_industrial_zone": false, "ghsl_2018": 1}, "geometry": {"type": "Polygon", "coordinates": [[[69.70270849999999, 23.26411780000001], [69.7027396, 23.26412070000001], [69.7027351, 23.264161800000007], [69.702704, 23.264158900000012], [69.70270849999999, 23.26411780000001]]]}}, {"type": "Feature", "properties": {"layer": "building", "distance_m": 388.9, "source": "Microsoft ML Buildings", "in_industrial_zone": false, "ghsl_2018": 0}, "geometry": {"type": "Polygon", "coordinates": [[[69.70272810000002, 23.26311129999999], [69.7026946, 23.263100700000006], [69.70270670000001, 23.263068800000006], [69.7027402, 23.263079400000006], [69.70272810000002, 23.26311129999999]]]}}, {"type": "Feature", "properties": {"layer": "building", "distance_m": 341.2, "source": "Google Open Buildings", "in_industrial_zone": false, "ghsl_2018": 0}, "geometry": {"type": "Polygon", "coordinates": [[[69.7026277, 23.263568400000004], [69.7026864, 23.263570300000005], [69.70268490000001, 23.2636088], [69.7026263, 23.26360690000001], [69.7026277, 23.263568400000004]]]}}, {"type": "Feature", "properties": {"layer": "building", "distance_m": 329.2, "source": "Google Open Buildings", "in_industrial_zone": false, "ghsl_2018": 1}, "geometry": {"type": "Polygon", "coordinates": [[[69.7026168, 23.263708300000008], [69.7026758, 23.26371410000001], [69.7026718, 23.263748500000002], [69.70261279999998, 23.263742600000004], [69.7026168, 23.263708300000008]]]}}, {"type": "Feature", "properties": {"layer": "building", "distance_m": 342.9, "source": "Google Open Buildings", "in_industrial_zone": false, "ghsl_2018": 1}, "geometry": {"type": "Polygon", "coordinates": [[[69.7025686, 23.263465000000007], [69.7026488, 23.26347090000001], [69.70264280000002, 23.26354089999999], [69.70256260000001, 23.263535], [69.7025686, 23.263465000000007]]]}}, {"type": "Feature", "properties": {"layer": "building", "distance_m": 337.6, "source": "Google Open Buildings", "in_industrial_zone": false, "ghsl_2018": 1}, "geometry": {"type": "Polygon", "coordinates": [[[69.7025438, 23.263478899999996], [69.7025267, 23.26355060000001], [69.70249400000002, 23.263543900000002], [69.7025111, 23.263472300000007], [69.7025438, 23.263478899999996]]]}}, {"type": "Feature", "properties": {"layer": "building", "distance_m": 320.8, "source": "Google Open Buildings", "in_industrial_zone": false, "ghsl_2018": 0}, "geometry": {"type": "Polygon", "coordinates": [[[69.7024944, 23.2635513], [69.7025608, 23.263556200000007], [69.7025453, 23.26373630000001], [69.7024789, 23.263731399999998], [69.7024944, 23.2635513]]]}}, {"type": "Feature", "properties": {"layer": "building", "distance_m": 244.4, "source": "Google Open Buildings", "in_industrial_zone": false, "ghsl_2018": 0}, "geometry": {"type": "Polygon", "coordinates": [[[69.70269009999998, 23.265192700000004], [69.70273229999998, 23.2651948], [69.70273050000002, 23.265224800000002], [69.7026883, 23.265222700000002], [69.70269009999998, 23.265192700000004]]]}}, {"type": "Feature", "properties": {"layer": "building", "distance_m": 215.7, "source": "Google Open Buildings", "in_industrial_zone": false, "ghsl_2018": 1}, "geometry": {"type": "Polygon", "coordinates": [[[69.7026688, 23.266475100000008], [69.7027678, 23.266492800000005], [69.7027384, 23.266632600000005], [69.70263940000001, 23.266614800000006], [69.7026688, 23.266475100000008]]]}}, {"type": "Feature", "properties": {"layer": "building", "distance_m": 206.0, "source": "Google Open Buildings", "in_industrial_zone": false, "ghsl_2018": 1}, "geometry": {"type": "Polygon", "coordinates": [[[69.7025716, 23.266479400000005], [69.7026644, 23.266496], [69.70263940000001, 23.266614800000006], [69.70254660000002, 23.2665981], [69.7025716, 23.266479400000005]]]}}, {"type": "Feature", "properties": {"layer": "building", "distance_m": 174.2, "source": "Google Open Buildings", "in_industrial_zone": false, "ghsl_2018": 0}, "geometry": {"type": "Polygon", "coordinates": [[[69.7022829, 23.266151200000007], [69.70232329999999, 23.266157100000004], [69.7023111, 23.26622720000001], [69.7022708, 23.26622130000001], [69.7022829, 23.266151200000007]]]}}, {"type": "Feature", "properties": {"layer": "building", "distance_m": 163.4, "source": "Google Open Buildings", "in_industrial_zone": false, "ghsl_2018": 0}, "geometry": {"type": "Polygon", "coordinates": [[[69.7020175, 23.2655323], [69.7021037, 23.265555200000005], [69.7020851, 23.265615099999994], [69.7019989, 23.26559230000001], [69.7020175, 23.2655323]]]}}, {"type": "Feature", "properties": {"layer": "building", "distance_m": 168.0, "source": "Google Open Buildings", "in_industrial_zone": false, "ghsl_2018": 0}, "geometry": {"type": "Polygon", "coordinates": [[[69.70222690000001, 23.266142000000006], [69.7022809, 23.2661543], [69.7022636, 23.266219400000004], [69.7022096, 23.266207100000003], [69.70222690000001, 23.266142000000006]]]}}, {"type": "Feature", "properties": {"layer": "building", "distance_m": 247.4, "source": "Google Open Buildings", "in_industrial_zone": false, "ghsl_2018": 0}, "geometry": {"type": "Polygon", "coordinates": [[[69.70222529999998, 23.2643906], [69.70226169999998, 23.2643955], [69.7022558, 23.264432600000003], [69.7022195, 23.264427800000004], [69.70222529999998, 23.2643906]]]}}, {"type": "Feature", "properties": {"layer": "building", "distance_m": 242.3, "source": "Google Open Buildings", "in_industrial_zone": false, "ghsl_2018": 0}, "geometry": {"type": "Polygon", "coordinates": [[[69.70220430000002, 23.264444999999995], [69.70223919999998, 23.264449100000004], [69.7022348, 23.2644813], [69.70219989999998, 23.264477200000005], [69.70220430000002, 23.264444999999995]]]}}, {"type": "Feature", "properties": {"layer": "building", "distance_m": 223.9, "source": "Google Open Buildings", "in_industrial_zone": false, "ghsl_2018": 0}, "geometry": {"type": "Polygon", "coordinates": [[[69.70213469999999, 23.2646181], [69.7021741, 23.26462430000001], [69.70216669999999, 23.264664500000002], [69.7021273, 23.264658300000004], [69.70213469999999, 23.2646181]]]}}, {"type": "Feature", "properties": {"layer": "building", "distance_m": 221.1, "source": "Microsoft ML Buildings", "in_industrial_zone": false, "ghsl_2018": 0}, "geometry": {"type": "Polygon", "coordinates": [[[69.7020746, 23.264636900000006], [69.7020762, 23.264543300000007], [69.7021325, 23.264544100000002], [69.7021309, 23.264637700000012], [69.7020746, 23.264636900000006]]]}}, {"type": "Feature", "properties": {"layer": "building", "distance_m": 233.5, "source": "Microsoft ML Buildings", "in_industrial_zone": false, "ghsl_2018": 0}, "geometry": {"type": "Polygon", "coordinates": [[[69.70206770000001, 23.26442680000001], [69.70202490000001, 23.2644192], [69.70203290000002, 23.264381200000006], [69.7020757, 23.2643888], [69.70206770000001, 23.26442680000001]]]}}, {"type": "Feature", "properties": {"layer": "building", "distance_m": 240.6, "source": "Microsoft ML Buildings", "in_industrial_zone": false, "ghsl_2018": 0}, "geometry": {"type": "Polygon", "coordinates": [[[69.70208229999999, 23.264381200000006], [69.7020938, 23.264343499999995], [69.70213610000002, 23.2643544], [69.70212449999998, 23.264392100000002], [69.70208229999999, 23.264381200000006]]]}}, {"type": "Feature", "properties": {"layer": "building", "distance_m": 315.0, "source": "Google Open Buildings", "in_industrial_zone": false, "ghsl_2018": 0}, "geometry": {"type": "Polygon", "coordinates": [[[69.7020411, 23.263432500000008], [69.7021077, 23.263435100000006], [69.702105, 23.263492900000006], [69.7020384, 23.263490200000003], [69.7020411, 23.263432500000008]]]}}, {"type": "Feature", "properties": {"layer": "building", "distance_m": 360.5, "source": "Microsoft ML Buildings", "in_industrial_zone": false, "ghsl_2018": 1}, "geometry": {"type": "Polygon", "coordinates": [[[69.7021034, 23.2629677], [69.7020874, 23.263012000000003], [69.7020439, 23.262998800000002], [69.7020599, 23.262954400000012], [69.7021034, 23.2629677]]]}}, {"type": "Feature", "properties": {"layer": "building", "distance_m": 361.9, "source": "Microsoft ML Buildings", "in_industrial_zone": false, "ghsl_2018": 1}, "geometry": {"type": "Polygon", "coordinates": [[[69.702098, 23.263016700000005], [69.7021044, 23.262970600000006], [69.7021413, 23.262974900000003], [69.70213490000002, 23.263021000000002], [69.702098, 23.263016700000005]]]}}, {"type": "Feature", "properties": {"layer": "building", "distance_m": 367.1, "source": "Google Open Buildings", "in_industrial_zone": false, "ghsl_2018": 1}, "geometry": {"type": "Polygon", "coordinates": [[[69.702061, 23.262901300000003], [69.70215170000002, 23.2629287], [69.7021408, 23.262959500000015], [69.70205010000001, 23.2629322], [69.702061, 23.262901300000003]]]}}, {"type": "Feature", "properties": {"layer": "building", "distance_m": 374.4, "source": "Microsoft ML Buildings", "in_industrial_zone": false, "ghsl_2018": 1}, "geometry": {"type": "Polygon", "coordinates": [[[69.70227070000001, 23.26298780000001], [69.7022773, 23.2629443], [69.7023141, 23.26294890000001], [69.7023076, 23.262992500000003], [69.70227070000001, 23.26298780000001]]]}}, {"type": "Feature", "properties": {"layer": "building", "distance_m": 374.5, "source": "Google Open Buildings", "in_industrial_zone": false, "ghsl_2018": 1}, "geometry": {"type": "Polygon", "coordinates": [[[69.7023124, 23.262973800000008], [69.7023509, 23.26297550000001], [69.7023489, 23.263013400000006], [69.70231040000002, 23.263011600000006], [69.7023124, 23.262973800000008]]]}}, {"type": "Feature", "properties": {"layer": "building", "distance_m": 244.9, "source": "Google Open Buildings", "in_industrial_zone": false, "ghsl_2018": 0}, "geometry": {"type": "Polygon", "coordinates": [[[69.70224459999999, 23.264452299999995], [69.70227579999998, 23.2644586], [69.7022688, 23.26448810000001], [69.70223759999999, 23.264481800000002], [69.70224459999999, 23.264452299999995]]]}}, {"type": "Feature", "properties": {"layer": "building", "distance_m": 261.5, "source": "Microsoft ML Buildings", "in_industrial_zone": false, "ghsl_2018": 1}, "geometry": {"type": "Polygon", "coordinates": [[[69.7023432, 23.2642594], [69.70239059999999, 23.26426530000001], [69.702377, 23.264357200000003], [69.7023296, 23.264351300000005], [69.7023432, 23.2642594]]]}}, {"type": "Feature", "properties": {"layer": "building", "distance_m": 251.8, "source": "Google Open Buildings", "in_industrial_zone": false, "ghsl_2018": 0}, "geometry": {"type": "Polygon", "coordinates": [[[69.70230530000002, 23.264418999999997], [69.7023656, 23.264441500000007], [69.7023535, 23.2644692], [69.7022932, 23.2644467], [69.70230530000002, 23.264418999999997]]]}}, {"type": "Feature", "properties": {"layer": "building", "distance_m": 266.5, "source": "Google Open Buildings", "in_industrial_zone": false, "ghsl_2018": 1}, "geometry": {"type": "Polygon", "coordinates": [[[69.70237459999998, 23.264178900000008], [69.70236739999999, 23.264259900000006], [69.7023018, 23.264255000000013], [69.70230419999999, 23.2642271], [69.7023436, 23.264230100000002], [69.7023483, 23.264176900000006], [69.70237459999998, 23.264178900000008]]]}}, {"type": "Feature", "properties": {"layer": "building", "distance_m": 271.1, "source": "Google Open Buildings", "in_industrial_zone": false, "ghsl_2018": 1}, "geometry": {"type": "Polygon", "coordinates": [[[69.70237459999998, 23.264178900000008], [69.7024239, 23.2641826], [69.7024167, 23.26426370000001], [69.70236739999999, 23.264259900000006], [69.70237459999998, 23.264178900000008]]]}}, {"type": "Feature", "properties": {"layer": "building", "distance_m": 262.9, "source": "Google Open Buildings", "in_industrial_zone": false, "ghsl_2018": 0}, "geometry": {"type": "Polygon", "coordinates": [[[69.7024081, 23.264360900000003], [69.7024738, 23.264365800000004], [69.7024692, 23.264418100000007], [69.7024035, 23.2644132], [69.7024081, 23.264360900000003]]]}}, {"type": "Feature", "properties": {"layer": "building", "distance_m": 289.6, "source": "Google Open Buildings", "in_industrial_zone": false, "ghsl_2018": 1}, "geometry": {"type": "Polygon", "coordinates": [[[69.7022822, 23.263852700000005], [69.7026685, 23.263884600000004], [69.7026601, 23.263971800000007], [69.7022738, 23.263939900000004], [69.7022822, 23.263852700000005]]]}}, {"type": "Feature", "properties": {"layer": "building", "distance_m": 309.0, "source": "Google Open Buildings", "in_industrial_zone": false, "ghsl_2018": 1}, "geometry": {"type": "Polygon", "coordinates": [[[69.7022803, 23.263717000000003], [69.702286, 23.263650700000003], [69.702486, 23.263665300000007], [69.7024802, 23.263731700000005], [69.7022803, 23.263717000000003]]]}}, {"type": "Feature", "properties": {"layer": "building", "distance_m": 369.3, "source": "Microsoft ML Buildings", "in_industrial_zone": false, "ghsl_2018": 1}, "geometry": {"type": "Polygon", "coordinates": [[[69.70241780000002, 23.263023200000013], [69.70241460000001, 23.263089600000004], [69.7023396, 23.263086500000004], [69.70234280000001, 23.2630201], [69.70241780000002, 23.263023200000013]]]}}, {"type": "Feature", "properties": {"layer": "building", "distance_m": 373.0, "source": "Microsoft ML Buildings", "in_industrial_zone": false, "ghsl_2018": 1}, "geometry": {"type": "Polygon", "coordinates": [[[69.7024792, 23.26304650000001], [69.7024729, 23.263102600000014], [69.7024225, 23.2630978], [69.7024288, 23.263041699999995], [69.7024792, 23.26304650000001]]]}}, {"type": "Feature", "properties": {"layer": "building", "distance_m": 426.7, "source": "Google Open Buildings", "in_industrial_zone": true, "ghsl_2018": 1}, "geometry": {"type": "Polygon", "coordinates": [[[69.70245380000001, 23.2622817], [69.70252339999999, 23.262313100000007], [69.7024224, 23.262504000000007], [69.7023528, 23.2624725], [69.70245380000001, 23.2622817]]]}}, {"type": "Feature", "properties": {"layer": "building", "distance_m": 467.1, "source": "Google Open Buildings", "in_industrial_zone": true, "ghsl_2018": 1}, "geometry": {"type": "Polygon", "coordinates": [[[69.702409, 23.262043200000008], [69.70245150000001, 23.262061499999994], [69.70243720000002, 23.262089999999997], [69.7023946, 23.2620718], [69.702409, 23.262043200000008]]]}}, {"type": "Feature", "properties": {"layer": "building", "distance_m": 449.7, "source": "Google Open Buildings", "in_industrial_zone": true, "ghsl_2018": 1}, "geometry": {"type": "Polygon", "coordinates": [[[69.70265980000002, 23.262355800000012], [69.70272330000002, 23.262383800000002], [69.7027021, 23.262424700000008], [69.7026387, 23.262396699999996], [69.70265980000002, 23.262355800000012]]]}}, {"type": "Feature", "properties": {"layer": "building", "distance_m": 444.8, "source": "Microsoft ML Buildings", "in_industrial_zone": true, "ghsl_2018": 1}, "geometry": {"type": "Polygon", "coordinates": [[[69.702693, 23.262484300000004], [69.702711, 23.26244130000001], [69.7027437, 23.262452900000003], [69.70272570000002, 23.26249580000001], [69.702693, 23.262484300000004]]]}}, {"type": "Feature", "properties": {"layer": "building", "distance_m": 450.8, "source": "Google Open Buildings", "in_industrial_zone": true, "ghsl_2018": 1}, "geometry": {"type": "Polygon", "coordinates": [[[69.70272330000002, 23.262383800000002], [69.702785, 23.262411100000005], [69.7027639, 23.262451900000013], [69.7027021, 23.262424700000008], [69.70272330000002, 23.262383800000002]]]}}, {"type": "Feature", "properties": {"layer": "building", "distance_m": 424.3, "source": "Microsoft ML Buildings", "in_industrial_zone": true, "ghsl_2018": 1}, "geometry": {"type": "Polygon", "coordinates": [[[69.7027947, 23.2627568], [69.70270230000001, 23.262714500000005], [69.70278680000001, 23.262558499999997], [69.7028792, 23.262600700000004], [69.7027947, 23.2627568]]]}}, {"type": "Feature", "properties": {"layer": "building", "distance_m": 446.4, "source": "Google Open Buildings", "in_industrial_zone": true, "ghsl_2018": 1}, "geometry": {"type": "Polygon", "coordinates": [[[69.7028389, 23.262511500000006], [69.7029314, 23.26255330000001], [69.7029126, 23.262588800000003], [69.7028201, 23.262546900000004], [69.7028389, 23.262511500000006]]]}}, {"type": "Feature", "properties": {"layer": "building", "distance_m": 453.0, "source": "Google Open Buildings", "in_industrial_zone": true, "ghsl_2018": 0}, "geometry": {"type": "Polygon", "coordinates": [[[69.7028653, 23.262444600000002], [69.7029317, 23.262469700000008], [69.7029115, 23.262515200000003], [69.70284510000002, 23.2624901], [69.7028653, 23.262444600000002]]]}}, {"type": "Feature", "properties": {"layer": "building", "distance_m": 454.5, "source": "Google Open Buildings", "in_industrial_zone": true, "ghsl_2018": 1}, "geometry": {"type": "Polygon", "coordinates": [[[69.70293110000001, 23.2624696], [69.7029977, 23.26249610000001], [69.7029767, 23.262541100000004], [69.7029101, 23.262514700000004], [69.70293110000001, 23.2624696]]]}}, {"type": "Feature", "properties": {"layer": "building", "distance_m": 394.4, "source": "Microsoft ML Buildings", "in_industrial_zone": false, "ghsl_2018": 1}, "geometry": {"type": "Polygon", "coordinates": [[[69.7030016, 23.26327170000001], [69.70301299999998, 23.263229900000006], [69.70307360000001, 23.263243800000005], [69.70306220000002, 23.2632856], [69.7030016, 23.26327170000001]]]}}, {"type": "Feature", "properties": {"layer": "building", "distance_m": 377.2, "source": "Google Open Buildings", "in_industrial_zone": false, "ghsl_2018": 1}, "geometry": {"type": "Polygon", "coordinates": [[[69.70298020000001, 23.2634214], [69.7030373, 23.263426100000007], [69.7030333, 23.2634678], [69.70297619999998, 23.263463200000007], [69.70298020000001, 23.2634214]]]}}, {"type": "Feature", "properties": {"layer": "building", "distance_m": 348.6, "source": "Microsoft ML Buildings", "in_industrial_zone": false, "ghsl_2018": 1}, "geometry": {"type": "Polygon", "coordinates": [[[69.7029138, 23.2637749], [69.7029214, 23.263604000000008], [69.70309279999998, 23.263610400000008], [69.70308870000001, 23.2637026], [69.7029655, 23.263697999999998], [69.702962, 23.263776700000008], [69.7029138, 23.2637749]]]}}, {"type": "Feature", "properties": {"layer": "building", "distance_m": 360.0, "source": "Google Open Buildings", "in_industrial_zone": false, "ghsl_2018": 1}, "geometry": {"type": "Polygon", "coordinates": [[[69.70320050000001, 23.2638997], [69.70323959999999, 23.263899600000006], [69.70323980000002, 23.2639312], [69.7032007, 23.263931400000004], [69.70320050000001, 23.2638997]]]}}, {"type": "Feature", "properties": {"layer": "building", "distance_m": 360.2, "source": "Microsoft ML Buildings", "in_industrial_zone": false, "ghsl_2018": 1}, "geometry": {"type": "Polygon", "coordinates": [[[69.7031597, 23.263879400000008], [69.70317950000002, 23.263762700000008], [69.7032554, 23.2637736], [69.7032357, 23.2638903], [69.7031597, 23.263879400000008]]]}}, {"type": "Feature", "properties": {"layer": "building", "distance_m": 315.3, "source": "Microsoft ML Buildings", "in_industrial_zone": false, "ghsl_2018": 0}, "geometry": {"type": "Polygon", "coordinates": [[[69.70308570000002, 23.264500900000005], [69.703092, 23.264458500000003], [69.7031446, 23.264465100000002], [69.70313839999999, 23.264507400000003], [69.70308570000002, 23.264500900000005]]]}}, {"type": "Feature", "properties": {"layer": "building", "distance_m": 321.6, "source": "Microsoft ML Buildings", "in_industrial_zone": false, "ghsl_2018": 0}, "geometry": {"type": "Polygon", "coordinates": [[[69.703282, 23.2645207], [69.7031656, 23.264517400000003], [69.70316720000001, 23.264468199999996], [69.70328359999999, 23.264471400000005], [69.703282, 23.2645207]]]}}, {"type": "Feature", "properties": {"layer": "building", "distance_m": 341.8, "source": "Google Open Buildings", "in_industrial_zone": false, "ghsl_2018": 1}, "geometry": {"type": "Polygon", "coordinates": [[[69.70304090000002, 23.2639437], [69.70308370000001, 23.263946699999998], [69.7030789, 23.2640055], [69.70303599999998, 23.2640025], [69.70304090000002, 23.2639437]]]}}, {"type": "Feature", "properties": {"layer": "building", "distance_m": 254.2, "source": "Google Open Buildings", "in_industrial_zone": false, "ghsl_2018": 0}, "geometry": {"type": "Polygon", "coordinates": [[[69.7030441, 23.2659822], [69.7030762, 23.265986600000005], [69.7030715, 23.266015700000004], [69.7030394, 23.26601120000001], [69.7030441, 23.2659822]]]}}, {"type": "Feature", "properties": {"layer": "building", "distance_m": 247.9, "source": "Google Open Buildings", "in_industrial_zone": false, "ghsl_2018": 0}, "geometry": {"type": "Polygon", "coordinates": [[[69.70298840000001, 23.265923], [69.7030273, 23.265930300000004], [69.7030132, 23.2659944], [69.7029743, 23.2659871], [69.70298840000001, 23.265923]]]}}, {"type": "Feature", "properties": {"layer": "building", "distance_m": 255.7, "source": "Google Open Buildings", "in_industrial_zone": false, "ghsl_2018": 0}, "geometry": {"type": "Polygon", "coordinates": [[[69.7030539, 23.266515800000004], [69.7030836, 23.2665212], [69.7030774, 23.266550300000002], [69.7030477, 23.266544900000003], [69.7030539, 23.266515800000004]]]}}, {"type": "Feature", "properties": {"layer": "building", "distance_m": 256.6, "source": "Google Open Buildings", "in_industrial_zone": false, "ghsl_2018": 0}, "geometry": {"type": "Polygon", "coordinates": [[[69.7030546, 23.2665568], [69.70312, 23.266559099999995], [69.70311920000002, 23.266577800000007], [69.7030538, 23.266575500000002], [69.7030546, 23.2665568]]]}}, {"type": "Feature", "properties": {"layer": "building", "distance_m": 262.0, "source": "Microsoft ML Buildings", "in_industrial_zone": false, "ghsl_2018": 0}, "geometry": {"type": "Polygon", "coordinates": [[[69.7031143, 23.266505600000002], [69.70312230000002, 23.266465000000004], [69.7031885, 23.266476099999995], [69.7031805, 23.2665166], [69.7031143, 23.266505600000002]]]}}, {"type": "Feature", "properties": {"layer": "building", "distance_m": 267.1, "source": "Microsoft ML Buildings", "in_industrial_zone": false, "ghsl_2018": 0}, "geometry": {"type": "Polygon", "coordinates": [[[69.7032606, 23.266294900000002], [69.703179, 23.266291300000002], [69.7031818, 23.266237200000003], [69.7032635, 23.266240800000002], [69.7032606, 23.266294900000002]]]}}, {"type": "Feature", "properties": {"layer": "building", "distance_m": 282.0, "source": "Google Open Buildings", "in_industrial_zone": false, "ghsl_2018": 0}, "geometry": {"type": "Polygon", "coordinates": [[[69.7032461, 23.2656035], [69.7032829, 23.2656073], [69.7032791, 23.265639000000007], [69.7032423, 23.265635200000006], [69.7032461, 23.2656035]]]}}, {"type": "Feature", "properties": {"layer": "building", "distance_m": 277.9, "source": "Microsoft ML Buildings", "in_industrial_zone": false, "ghsl_2018": 0}, "geometry": {"type": "Polygon", "coordinates": [[[69.7032306, 23.265753100000005], [69.7032413, 23.2657059], [69.7033326, 23.26572330000001], [69.7033407, 23.265687900000007], [69.7033792, 23.265695300000008], [69.7033605, 23.2657779], [69.7032306, 23.265753100000005]]]}}, {"type": "Feature", "properties": {"layer": "building", "distance_m": 274.5, "source": "Google Open Buildings", "in_industrial_zone": false, "ghsl_2018": 0}, "geometry": {"type": "Polygon", "coordinates": [[[69.7032562, 23.266311000000005], [69.7032949, 23.2663174], [69.70328790000002, 23.2663536], [69.7032492, 23.266347200000006], [69.7032562, 23.266311000000005]]]}}, {"type": "Feature", "properties": {"layer": "building", "distance_m": 275.4, "source": "Google Open Buildings", "in_industrial_zone": false, "ghsl_2018": 0}, "geometry": {"type": "Polygon", "coordinates": [[[69.7032526, 23.266522800000008], [69.7032937, 23.266530200000005], [69.70327240000002, 23.26663100000001], [69.703421, 23.2666578], [69.7034128, 23.266697], [69.7032231, 23.266662800000002], [69.7032526, 23.266522800000008]]]}}, {"type": "Feature", "properties": {"layer": "building", "distance_m": 278.4, "source": "Google Open Buildings", "in_industrial_zone": false, "ghsl_2018": 0}, "geometry": {"type": "Polygon", "coordinates": [[[69.7032987, 23.2663217], [69.7033724, 23.2663332], [69.70335950000002, 23.26640360000001], [69.70328580000002, 23.2663921], [69.7032987, 23.2663217]]]}}, {"type": "Feature", "properties": {"layer": "building", "distance_m": 272.2, "source": "Microsoft ML Buildings", "in_industrial_zone": false, "ghsl_2018": 0}, "geometry": {"type": "Polygon", "coordinates": [[[69.7033488, 23.266407600000004], [69.703338, 23.266457400000004], [69.7034232, 23.266473000000012], [69.7034144, 23.266513199999995], [69.70337570000001, 23.266506199999995], [69.7033645, 23.266558300000007], [69.7033219, 23.266550499999997], [69.70333270000002, 23.266500800000003], [69.7032178, 23.266479800000003], [69.7032379, 23.266387300000005], [69.7033488, 23.266407600000004]]]}}, {"type": "Feature", "properties": {"layer": "building", "distance_m": 290.1, "source": "Google Open Buildings", "in_industrial_zone": false, "ghsl_2018": 0}, "geometry": {"type": "Polygon", "coordinates": [[[69.70341180000001, 23.266339400000007], [69.70349190000002, 23.2663519], [69.703479, 23.266422300000002], [69.703399, 23.266409799999998], [69.70341180000001, 23.266339400000007]]]}}, {"type": "Feature", "properties": {"layer": "building", "distance_m": 292.9, "source": "Microsoft ML Buildings", "in_industrial_zone": false, "ghsl_2018": 0}, "geometry": {"type": "Polygon", "coordinates": [[[69.7033397, 23.265589200000004], [69.70334879999999, 23.265507500000002], [69.7034166, 23.2655139], [69.7034075, 23.2655956], [69.7033397, 23.265589200000004]]]}}, {"type": "Feature", "properties": {"layer": "building", "distance_m": 371.6, "source": "Google Open Buildings", "in_industrial_zone": false, "ghsl_2018": 1}, "geometry": {"type": "Polygon", "coordinates": [[[69.7033991, 23.263907100000004], [69.7035505, 23.263918799999995], [69.70354250000001, 23.2640068], [69.7033912, 23.2639951], [69.7033991, 23.263907100000004]]]}}, {"type": "Feature", "properties": {"layer": "building", "distance_m": 362.8, "source": "Microsoft ML Buildings", "in_industrial_zone": false, "ghsl_2018": 1}, "geometry": {"type": "Polygon", "coordinates": [[[69.7033481, 23.26400650000001], [69.70329340000002, 23.2640053], [69.70329590000001, 23.263910400000004], [69.7033506, 23.263911700000005], [69.7033481, 23.26400650000001]]]}}, {"type": "Feature", "properties": {"layer": "building", "distance_m": 370.2, "source": "Google Open Buildings", "in_industrial_zone": false, "ghsl_2018": 1}, "geometry": {"type": "Polygon", "coordinates": [[[69.70327100000002, 23.2637183], [69.7034151, 23.263729400000003], [69.7033991, 23.263907100000004], [69.70329920000002, 23.2638994], [69.703311, 23.26376850000001], [69.7032668, 23.263765100000004], [69.70327100000002, 23.2637183]]]}}, {"type": "Feature", "properties": {"layer": "building", "distance_m": 391.8, "source": "Google Open Buildings", "in_industrial_zone": false, "ghsl_2018": 1}, "geometry": {"type": "Polygon", "coordinates": [[[69.703254, 23.263404699999995], [69.7033476, 23.2634127], [69.7033353, 23.263536399999992], [69.7032416, 23.263528400000002], [69.703254, 23.263404699999995]]]}}, {"type": "Feature", "properties": {"layer": "building", "distance_m": 405.4, "source": "Microsoft ML Buildings", "in_industrial_zone": false, "ghsl_2018": 1}, "geometry": {"type": "Polygon", "coordinates": [[[69.70330570000002, 23.263319400000004], [69.7033005, 23.263353200000005], [69.70323739999999, 23.263345100000013], [69.7032425, 23.263311300000005], [69.70330570000002, 23.263319400000004]]]}}, {"type": "Feature", "properties": {"layer": "building", "distance_m": 394.3, "source": "Google Open Buildings", "in_industrial_zone": false, "ghsl_2018": 1}, "geometry": {"type": "Polygon", "coordinates": [[[69.70333019999998, 23.2635874], [69.70333280000001, 23.2635611], [69.70342440000002, 23.2635689], [69.7034218, 23.2635952], [69.70333019999998, 23.2635874]]]}}, {"type": "Feature", "properties": {"layer": "building", "distance_m": 400.4, "source": "Google Open Buildings", "in_industrial_zone": false, "ghsl_2018": 1}, "geometry": {"type": "Polygon", "coordinates": [[[69.7034495, 23.263467799999997], [69.70343989999999, 23.263547900000006], [69.703365, 23.263540300000003], [69.70337240000002, 23.2634791], [69.703409, 23.263482899999996], [69.7034113, 23.26346390000001], [69.7034495, 23.263467799999997]]]}}, {"type": "Feature", "properties": {"layer": "building", "distance_m": 409.5, "source": "Google Open Buildings", "in_industrial_zone": false, "ghsl_2018": 1}, "geometry": {"type": "Polygon", "coordinates": [[[69.7034177, 23.263410900000004], [69.7034558, 23.2634148], [69.7034495, 23.263467799999997], [69.7034113, 23.26346390000001], [69.7034177, 23.263410900000004]]]}}, {"type": "Feature", "properties": {"layer": "building", "distance_m": 387.5, "source": "Google Open Buildings", "in_industrial_zone": false, "ghsl_2018": 1}, "geometry": {"type": "Polygon", "coordinates": [[[69.7034261, 23.263607500000006], [69.70348090000002, 23.263611699999995], [69.70346569999998, 23.263780400000005], [69.7034109, 23.2637762], [69.7034261, 23.263607500000006]]]}}, {"type": "Feature", "properties": {"layer": "building", "distance_m": 386.9, "source": "Google Open Buildings", "in_industrial_zone": false, "ghsl_2018": 1}, "geometry": {"type": "Polygon", "coordinates": [[[69.7034795, 23.2637838], [69.7035364, 23.2637876], [69.70353010000001, 23.263867], [69.7034732, 23.263863199999996], [69.7034795, 23.2637838]]]}}, {"type": "Feature", "properties": {"layer": "building", "distance_m": 382.2, "source": "Google Open Buildings", "in_industrial_zone": false, "ghsl_2018": 1}, "geometry": {"type": "Polygon", "coordinates": [[[69.70345710000001, 23.2638754], [69.7035928, 23.2638858], [69.70358960000002, 23.2639218], [69.70345390000001, 23.263911300000004], [69.70345710000001, 23.2638754]]]}}, {"type": "Feature", "properties": {"layer": "building", "distance_m": 407.0, "source": "Microsoft ML Buildings", "in_industrial_zone": false, "ghsl_2018": 1}, "geometry": {"type": "Polygon", "coordinates": [[[69.7035508, 23.263564800000005], [69.7034614, 23.263553400000006], [69.7034689, 23.263503899999996], [69.70355829999998, 23.2635153], [69.7035508, 23.263564800000005]]]}}, {"type": "Feature", "properties": {"layer": "building", "distance_m": 413.6, "source": "Microsoft ML Buildings", "in_industrial_zone": false, "ghsl_2018": 1}, "geometry": {"type": "Polygon", "coordinates": [[[69.7036067, 23.263473800000007], [69.7035929, 23.26356820000001], [69.70355450000001, 23.263563399999995], [69.70356830000001, 23.263469000000004], [69.7036067, 23.263473800000007]]]}}, {"type": "Feature", "properties": {"layer": "building", "distance_m": 363.5, "source": "Google Open Buildings", "in_industrial_zone": false, "ghsl_2018": 1}, "geometry": {"type": "Polygon", "coordinates": [[[69.7036132, 23.264388600000004], [69.7036774, 23.26439540000001], [69.70367349999998, 23.264426500000006], [69.7037927, 23.2644392], [69.7037857, 23.2644955], [69.70360220000002, 23.264475900000004], [69.7036132, 23.264388600000004]]]}}, {"type": "Feature", "properties": {"layer": "building", "distance_m": 383.4, "source": "Google Open Buildings", "in_industrial_zone": false, "ghsl_2018": 1}, "geometry": {"type": "Polygon", "coordinates": [[[69.70354500000002, 23.263990100000004], [69.7035851, 23.263986800000005], [69.703588, 23.264017900000002], [69.70354789999999, 23.264021100000004], [69.70354500000002, 23.263990100000004]]]}}, {"type": "Feature", "properties": {"layer": "building", "distance_m": 306.8, "source": "Google Open Buildings", "in_industrial_zone": false, "ghsl_2018": 0}, "geometry": {"type": "Polygon", "coordinates": [[[69.7034632, 23.2653499], [69.7035248, 23.265373999999998], [69.7034912, 23.2654474], [69.70342960000002, 23.2654232], [69.7034632, 23.2653499]]]}}, {"type": "Feature", "properties": {"layer": "building", "distance_m": 340.0, "source": "Microsoft ML Buildings", "in_industrial_zone": false, "ghsl_2018": 1}, "geometry": {"type": "Polygon", "coordinates": [[[69.70364530000002, 23.267413500000004], [69.70381500000002, 23.267423900000004], [69.7038104, 23.2674877], [69.70364070000001, 23.2674773], [69.70364530000002, 23.267413500000004]]]}}, {"type": "Feature", "properties": {"layer": "building", "distance_m": 357.5, "source": "Microsoft ML Buildings", "in_industrial_zone": false, "ghsl_2018": 1}, "geometry": {"type": "Polygon", "coordinates": [[[69.7038225, 23.2674793], [69.7038239, 23.267423800000003], [69.7038587, 23.267424600000002], [69.7038573, 23.2674801], [69.7038225, 23.2674793]]]}}, {"type": "Feature", "properties": {"layer": "building", "distance_m": 359.3, "source": "Google Open Buildings", "in_industrial_zone": false, "ghsl_2018": 0}, "geometry": {"type": "Polygon", "coordinates": [[[69.70392940000002, 23.2671927], [69.70395279999998, 23.267197600000006], [69.70394240000002, 23.267239900000003], [69.703919, 23.267235000000007], [69.70392940000002, 23.2671927]]]}}, {"type": "Feature", "properties": {"layer": "building", "distance_m": 388.7, "source": "Google Open Buildings", "in_industrial_zone": false, "ghsl_2018": 1}, "geometry": {"type": "Polygon", "coordinates": [[[69.7038461, 23.26429640000001], [69.7039821, 23.2643079], [69.703972, 23.264410600000005], [69.703836, 23.2643991], [69.7038461, 23.26429640000001]]]}}, {"type": "Feature", "properties": {"layer": "building", "distance_m": 404.5, "source": "Microsoft ML Buildings", "in_industrial_zone": false, "ghsl_2018": 1}, "geometry": {"type": "Polygon", "coordinates": [[[69.7039114, 23.2641018], [69.7038373, 23.2640938], [69.7038426, 23.264052500000005], [69.7039167, 23.264060500000006], [69.7039114, 23.2641018]]]}}, {"type": "Feature", "properties": {"layer": "building", "distance_m": 398.4, "source": "Google Open Buildings", "in_industrial_zone": false, "ghsl_2018": 1}, "geometry": {"type": "Polygon", "coordinates": [[[69.7038568, 23.2642163], [69.7039049, 23.2642129], [69.7039073, 23.264242400000004], [69.70385920000001, 23.264245800000005], [69.7038568, 23.2642163]]]}}, {"type": "Feature", "properties": {"layer": "building", "distance_m": 408.5, "source": "Google Open Buildings", "in_industrial_zone": false, "ghsl_2018": 1}, "geometry": {"type": "Polygon", "coordinates": [[[69.7038856, 23.263953300000004], [69.70387539999999, 23.264042200000006], [69.70384860000001, 23.264039600000004], [69.7038587, 23.263950699999995], [69.7038856, 23.263953300000004]]]}}, {"type": "Feature", "properties": {"layer": "building", "distance_m": 376.5, "source": "Microsoft ML Buildings", "in_industrial_zone": false, "ghsl_2018": 1}, "geometry": {"type": "Polygon", "coordinates": [[[69.70389669999999, 23.26451550000001], [69.70389390000001, 23.2645721], [69.7037868, 23.264567600000003], [69.7037896, 23.26451100000001], [69.70389669999999, 23.26451550000001]]]}}, {"type": "Feature", "properties": {"layer": "building", "distance_m": 352.0, "source": "Microsoft ML Buildings", "in_industrial_zone": false, "ghsl_2018": 0}, "geometry": {"type": "Polygon", "coordinates": [[[69.7038186, 23.265106600000003], [69.7037718, 23.265093800000002], [69.7037928, 23.2650294], [69.70383959999998, 23.265042200000007], [69.7038186, 23.265106600000003]]]}}, {"type": "Feature", "properties": {"layer": "building", "distance_m": 375.2, "source": "Google Open Buildings", "in_industrial_zone": false, "ghsl_2018": 1}, "geometry": {"type": "Polygon", "coordinates": [[[69.7037186, 23.264192900000005], [69.70383930000001, 23.2642026], [69.70383489999999, 23.264248800000004], [69.7038585, 23.264250700000005], [69.7038418, 23.264426900000004], [69.7036975, 23.264415200000002], [69.7037186, 23.264192900000005]]]}}, {"type": "Feature", "properties": {"layer": "building", "distance_m": 426.9, "source": "Microsoft ML Buildings", "in_industrial_zone": false, "ghsl_2018": 0}, "geometry": {"type": "Polygon", "coordinates": [[[69.70387139999998, 23.26362140000001], [69.70386810000001, 23.263660600000005], [69.70379229999999, 23.263655200000013], [69.70379559999999, 23.26361610000001], [69.70387139999998, 23.26362140000001]]]}}, {"type": "Feature", "properties": {"layer": "building", "distance_m": 399.4, "source": "Google Open Buildings", "in_industrial_zone": false, "ghsl_2018": 1}, "geometry": {"type": "Polygon", "coordinates": [[[69.70368130000001, 23.263853999999995], [69.7037956, 23.263865100000004], [69.70378670000001, 23.2639437], [69.70367229999998, 23.263932600000008], [69.70368130000001, 23.263853999999995]]]}}, {"type": "Feature", "properties": {"layer": "building", "distance_m": 414.4, "source": "Google Open Buildings", "in_industrial_zone": false, "ghsl_2018": 1}, "geometry": {"type": "Polygon", "coordinates": [[[69.7038676, 23.263872100000007], [69.70389450000002, 23.26387470000001], [69.7038856, 23.263953300000004], [69.7038587, 23.263950699999995], [69.7038676, 23.263872100000007]]]}}, {"type": "Feature", "properties": {"layer": "building", "distance_m": 436.7, "source": "Google Open Buildings", "in_industrial_zone": false, "ghsl_2018": 0}, "geometry": {"type": "Polygon", "coordinates": [[[69.70386149999999, 23.263561300000003], [69.703915, 23.263571400000004], [69.7039098, 23.263595200000008], [69.7038562, 23.2635852], [69.70386149999999, 23.263561300000003]]]}}, {"type": "Feature", "properties": {"layer": "building", "distance_m": 469.6, "source": "Microsoft ML Buildings", "in_industrial_zone": false, "ghsl_2018": 0}, "geometry": {"type": "Polygon", "coordinates": [[[69.7044632, 23.263872900000003], [69.70454089999998, 23.26387560000001], [69.70453880000001, 23.263924900000003], [69.70446109999999, 23.263922100000006], [69.7044632, 23.263872900000003]]]}}, {"type": "Feature", "properties": {"layer": "building", "distance_m": 448.7, "source": "Microsoft ML Buildings", "in_industrial_zone": false, "ghsl_2018": 0}, "geometry": {"type": "Polygon", "coordinates": [[[69.7046393, 23.2644821], [69.704629, 23.264548400000006], [69.7045437, 23.264537299999997], [69.704554, 23.264471], [69.7046393, 23.2644821]]]}}, {"type": "Feature", "properties": {"layer": "building", "distance_m": 452.5, "source": "Microsoft ML Buildings", "in_industrial_zone": false, "ghsl_2018": 0}, "geometry": {"type": "Polygon", "coordinates": [[[69.7046397, 23.2643969], [69.7046411, 23.264467], [69.7045512, 23.264468500000003], [69.70454969999999, 23.2643985], [69.7046397, 23.2643969]]]}}, {"type": "Feature", "properties": {"layer": "building", "distance_m": 418.7, "source": "Google Open Buildings", "in_industrial_zone": false, "ghsl_2018": 1}, "geometry": {"type": "Polygon", "coordinates": [[[69.7042767, 23.264243500000003], [69.7042767, 23.2643332], [69.7042603, 23.2643332], [69.7042603, 23.2643577], [69.7042767, 23.264357700000005], [69.7042766, 23.26439280000001], [69.70415429999998, 23.264392700000013], [69.7041544, 23.26424340000001], [69.7042767, 23.264243500000003]]]}}, {"type": "Feature", "properties": {"layer": "building", "distance_m": 449.5, "source": "Microsoft ML Buildings", "in_industrial_zone": false, "ghsl_2018": 1}, "geometry": {"type": "Polygon", "coordinates": [[[69.7042935, 23.263954200000004], [69.7043551, 23.2639564], [69.7043526, 23.2640155], [69.704291, 23.2640133], [69.7042935, 23.263954200000004]]]}}, {"type": "Feature", "properties": {"layer": "building", "distance_m": 411.6, "source": "Google Open Buildings", "in_industrial_zone": false, "ghsl_2018": 1}, "geometry": {"type": "Polygon", "coordinates": [[[69.7041563, 23.26441730000001], [69.70426139999998, 23.2644292], [69.70424689999999, 23.264538400000003], [69.70414180000002, 23.264526500000002], [69.7041563, 23.26441730000001]]]}}, {"type": "Feature", "properties": {"layer": "building", "distance_m": 446.2, "source": "Google Open Buildings", "in_industrial_zone": false, "ghsl_2018": 1}, "geometry": {"type": "Polygon", "coordinates": [[[69.7041533, 23.263814200000002], [69.70418259999998, 23.263814000000004], [69.7041828, 23.2638457], [69.70415339999998, 23.263845800000006], [69.7041533, 23.263814200000002]]]}}, {"type": "Feature", "properties": {"layer": "building", "distance_m": 418.3, "source": "Microsoft ML Buildings", "in_industrial_zone": false, "ghsl_2018": 1}, "geometry": {"type": "Polygon", "coordinates": [[[69.7039378, 23.264005700000002], [69.7039412, 23.263960400000002], [69.70400529999999, 23.2639645], [69.7040018, 23.264009800000004], [69.7039378, 23.264005700000002]]]}}, {"type": "Feature", "properties": {"layer": "building", "distance_m": 401.2, "source": "Google Open Buildings", "in_industrial_zone": false, "ghsl_2018": 1}, "geometry": {"type": "Polygon", "coordinates": [[[69.7039286, 23.2642246], [69.7040223, 23.2642324], [69.7040146, 23.264310600000005], [69.7039209, 23.264302700000002], [69.7039286, 23.2642246]]]}}, {"type": "Feature", "properties": {"layer": "building", "distance_m": 366.3, "source": "Microsoft ML Buildings", "in_industrial_zone": false, "ghsl_2018": 0}, "geometry": {"type": "Polygon", "coordinates": [[[69.703996, 23.265297500000006], [69.7040138, 23.265251500000005], [69.7040638, 23.2652678], [69.70404610000001, 23.265313800000005], [69.703996, 23.265297500000006]]]}}, {"type": "Feature", "properties": {"layer": "building", "distance_m": 371.2, "source": "Microsoft ML Buildings", "in_industrial_zone": false, "ghsl_2018": 0}, "geometry": {"type": "Polygon", "coordinates": [[[69.7041519, 23.265403300000003], [69.7040729, 23.265384500000003], [69.7040842, 23.2653442], [69.7041633, 23.265363000000004], [69.7041519, 23.265403300000003]]]}}, {"type": "Feature", "properties": {"layer": "building", "distance_m": 341.9, "source": "Google Open Buildings", "in_industrial_zone": false, "ghsl_2018": 1}, "geometry": {"type": "Polygon", "coordinates": [[[69.7036062, 23.267556300000003], [69.7036569, 23.2675643], [69.7036489, 23.267607400000003], [69.70359820000002, 23.267599400000005], [69.7036062, 23.267556300000003]]]}}, {"type": "Feature", "properties": {"layer": "building", "distance_m": 337.1, "source": "Google Open Buildings", "in_industrial_zone": false, "ghsl_2018": 1}, "geometry": {"type": "Polygon", "coordinates": [[[69.70354940000001, 23.2675705], [69.7035836, 23.267572900000005], [69.70358130000001, 23.267601], [69.7035471, 23.2675986], [69.70354940000001, 23.2675705]]]}}, {"type": "Feature", "properties": {"layer": "building", "distance_m": 349.0, "source": "Microsoft ML Buildings", "in_industrial_zone": false, "ghsl_2018": 0}, "geometry": {"type": "Polygon", "coordinates": [[[69.70299820000001, 23.2689669], [69.7030003, 23.268923900000008], [69.7030779, 23.268927000000005], [69.70307590000003, 23.268970000000014], [69.70299820000001, 23.2689669]]]}}, {"type": "Feature", "properties": {"layer": "building", "distance_m": 357.3, "source": "Google Open Buildings", "in_industrial_zone": false, "ghsl_2018": 0}, "geometry": {"type": "Polygon", "coordinates": [[[69.70307970000002, 23.2689448], [69.7031167, 23.2689471], [69.70311300000002, 23.268998000000007], [69.7030761, 23.26899570000001], [69.70307970000002, 23.2689448]]]}}, {"type": "Feature", "properties": {"layer": "flood_100yr"}, "geometry": {"type": "Polygon", "coordinates": [[[69.67958479339943, 23.254566666672808], [69.6787514600638, 23.254566666672808], [69.6787514600638, 23.256233333339463], [69.67958479339943, 23.256233333339473], [69.67958479339943, 23.254566666672808]]]}}, {"type": "Feature", "properties": {"layer": "permanent_water_jrc"}, "geometry": {"type": "Polygon", "coordinates": [[[69.67958479339943, 23.254566666672808], [69.6787514600638, 23.254566666672808], [69.6787514600638, 23.256233333339463], [69.67958479339943, 23.256233333339473], [69.67958479339943, 23.254566666672808]]]}}, {"type": "Feature", "properties": {"layer": "airport", "name": "Bhuj Rudra Mata Air Force Base", "icao": "VABJ", "distance_m": 3314.6}, "geometry": {"type": "Polygon", "coordinates": [[[69.6607039, 23.27590540000001], [69.66077070000001, 23.277342700000002], [69.6607885, 23.277346], [69.6611636, 23.277414500000006], [69.6614395, 23.277452600000004], [69.6614612, 23.277398900000005], [69.6616449, 23.27723370000001], [69.66170800000002, 23.277284699999996], [69.6617316, 23.277268300000006], [69.66202359999998, 23.277544300000002], [69.66200099999999, 23.277563400000005], [69.6622967, 23.2778351], [69.6625624, 23.277582400000007], [69.6639414, 23.278135299999995], [69.6644032, 23.27771750000001], [69.6645635, 23.277572400000004], [69.6646408, 23.277398600000012], [69.6653343, 23.2775021], [69.66572459999999, 23.277772600000002], [69.6659684, 23.277728500000006], [69.66596170000001, 23.277617200000005], [69.66606559999998, 23.277049400000003], [69.66624680000001, 23.276727500000003], [69.6656274, 23.276443600000004], [69.6652957, 23.276175600000006], [69.6650412, 23.2757951], [69.6649759, 23.275410800000007], [69.66510250000002, 23.274965400000003], [69.665301, 23.274348600000003], [69.6650411, 23.274228400000002], [69.66493469999999, 23.2741792], [69.6643059, 23.2738885], [69.663364, 23.273462600000002], [69.6626367, 23.2731652], [69.6619973, 23.273829700000004], [69.66184810000001, 23.274021900000008], [69.66137249999998, 23.274778100000002], [69.66223699999999, 23.275182000000004], [69.66227430000002, 23.2754855], [69.6625075, 23.275578500000005], [69.66241689999998, 23.275828100000005], [69.66198529999998, 23.276275999999996], [69.6607039, 23.27590540000001]]]}}, {"type": "Feature", "properties": {"layer": "airport_reference_point", "name": "Bhuj Rudra Mata Air Force Base", "icao": "VABJ", "distance_m": 3590.6}, "geometry": {"type": "Point", "coordinates": [69.6701965332, 23.287799835200005]}}]}