{"type": "Feature", "properties": {"name": "Gujarat", "source": "DataMeet India maps (states.geojson)"}, "geometry": {"type": "MultiPolygon", "coordinates": [[[[71.69819831150295, 20.99931144706568], [71.70375251096965, 20.995138167392554], [71.69542121221923, 20.996812820155583], [71.69819831150295, 20.99931144706568]]], [[[71.70652961025337, 20.99875450051985], [71.71402930590779, 20.99774360678208], [71.70597266460686, 20.997362136853155], [71.70652961025337, 20.99875450051985]]], [[[72.64763599410588, 21.07624900029117], [72.65458799364103, 21.073748999217003], [72.6573569936304, 21.065140999757375], [72.647918994566, 21.06792100025399], [72.64763599410588, 21.07624900029117]]], [[[72.67874899357128, 21.096804999451194], [72.68068599386356, 21.096530999406127], [72.68068599386356, 21.095421000378906], [72.67874899357128, 21.096804999451194]]], [[[72.67207999359687, 21.115140000510678], [72.67292099370894, 21.104304999975795], [72.67624599415734, 21.097079999542416], [72.66929699386122, 21.10486099953556], [72.67207999359687, 21.115140000510678]]], [[[72.70207999479595, 21.12236099986029], [72.70318599453805, 21.114579999867146], [72.69957799452891, 21.112360000014064], [72.69763799409822, 21.11681100022753], [72.70207999479595, 21.12236099986029]]], [[[72.67652899371814, 21.155700000354784], [72.71041999448721, 21.140693999928203], [72.69680899453954, 21.118749999712747], [72.68902499440804, 21.089860000238843], [72.67569699402111, 21.105141999903424], [72.66513799362355, 21.14208400017651], [72.67652899371814, 21.155700000354784]]], [[[72.10208199428865, 21.27069099988978], [72.1032029947225, 21.270419999983062], [72.09902999383922, 21.265410000071483], [72.10208199428865, 21.27069099988978]]], [[[72.58708199403884, 21.339860999785344], [72.58735599408391, 21.336250999683955], [72.58598299372022, 21.336250999683955], [72.58708199403884, 21.339860999785344]]], [[[72.57958099436746, 21.364311000452346], [72.58291599347837, 21.36236000041373], [72.57874899467043, 21.360140000560648], [72.57958099436746, 21.364311000452346]]], [[[72.60041699474857, 21.38708199923491], [72.59986099339017, 21.377914999177904], [72.58763799449792, 21.36736099991026], [72.59375099401319, 21.380700999951216], [72.60041699474857, 21.38708199923491]]], [[[72.62819799434203, 21.417359999764244], [72.62180199436659, 21.403193000256806], [72.61263999454019, 21.395695000723777], [72.61708899376208, 21.405140000110976], [72.62819799434203, 21.417359999764244]]], [[[72.6351309939003, 21.417641000132107], [72.63569599387506, 21.413192000010838], [72.6315299942139, 21.411805999946978], [72.6351309939003, 21.417641000132107]]], [[[72.67597388628587, 21.446809768755884], [72.67263984045633, 21.44014167709679], [72.66375159605934, 21.439584732349545], [72.66541480405004, 21.443201065476842], [72.67597388628587, 21.446809768755884]]], [[[72.6933350303874, 21.461810000031505], [72.69291599397798, 21.461134405928135], [72.69291599397798, 21.461810000031505], [72.6933350303874, 21.461810000031505]]], [[[72.65791511019421, 21.470651627170923], [72.65791510929489, 21.470972061011878], [72.65819358256783, 21.470972061011878], [72.65791511019421, 21.470651627170923]]], [[[72.67132864150364, 21.514786558053288], [72.67097499480025, 21.51486000028882], [72.67139588471235, 21.51513417570169], [72.67132864150364, 21.514786558053288]]], [[[72.67434107358173, 21.52069375940954], [72.67430899386505, 21.52064322560443], [72.67430899386505, 21.520694000427852], [72.67434107358173, 21.52069375940954]]], [[[72.67466522881733, 21.521262000540958], [72.67457599448659, 21.521085532871098], [72.67457599448659, 21.521261999641638], [72.67466522881733, 21.521262000540958]]], [[[72.6956869940596, 21.527361000309952], [72.69436357871626, 21.52720133287528], [72.69378071280971, 21.527361007504567], [72.6956869940596, 21.527361000309952]]], [[[72.70652699482503, 21.532361000659705], [72.70614326310118, 21.532361000659705], [72.70652699482503, 21.53258167540406], [72.70652699482503, 21.532361000659705]]], [[[72.6852118536442, 21.54084228564301], [72.68514199430763, 21.540696000120363], [72.68514199340831, 21.54089123574198], [72.6852118536442, 21.54084228564301]]], [[[72.35319499385395, 21.613470999886772], [72.36514199440757, 21.59764000008596], [72.35874899367116, 21.579861000384938], [72.3454139938608, 21.6023509996989], [72.35319499385395, 21.613470999886772]]], [[[72.58347399402965, 21.629030999780866], [72.58402299416588, 21.62596999981571], [72.58125199408431, 21.626250000137475], [72.58347399402965, 21.629030999780866]]], [[[72.60624699380378, 21.62847200008281], [72.60736199396092, 21.619029999934583], [72.60514899353126, 21.619581000163066], [72.60624699380378, 21.62847200008281]]], [[[72.61013799427309, 21.63125000048717], [72.61068699440932, 21.629860000238864], [72.60986399422802, 21.629590999525078], [72.61013799427309, 21.63125000048717]]], [[[72.61429499441851, 21.636529000213216], [72.6159749936511, 21.636248999891507], [72.61458699439436, 21.63541699929516], [72.61429499441851, 21.636529000213216]]], [[[72.59570399324474, 21.639031000480315], [72.5959619943506, 21.630140999707407], [72.61152599442914, 21.635695000423993], [72.60151599416787, 21.626810999927727], [72.59902199426966, 21.617361000309984], [72.58790499422014, 21.630140999707407], [72.59570399324474, 21.639031000480315]]], [[[72.61707999334709, 21.639582999855634], [72.61846999449472, 21.638459000182763], [72.61707999424641, 21.63902900038812], [72.61707999334709, 21.639582999855634]]], [[[72.5987469941785, 21.63708299968073], [72.60263699460165, 21.641250999434135], [72.60263699460165, 21.639861000085148], [72.5987469941785, 21.63708299968073]]], [[[72.74896414328066, 21.64402999988465], [72.74874799392484, 21.643856212194464], [72.74874799482416, 21.64402999988465], [72.74896414328066, 21.64402999988465]]], [[[72.74903099348563, 21.644083749665356], [72.75030142167333, 21.646982973285617], [72.7509648011847, 21.646284633529092], [72.74903099348563, 21.644083749665356]]], [[[72.70569499422868, 21.651529999509933], [72.70569499422868, 21.65151433062192], [72.70566679238863, 21.651530000409252], [72.70569499422868, 21.651529999509933]]], [[[72.82014289228073, 21.658751000658185], [72.81986199443554, 21.658633153497306], [72.81986199443554, 21.658750999758865], [72.82014289228073, 21.658751000658185]]], [[[72.82124917710792, 21.659308999410825], [72.82096899422373, 21.65910624725558], [72.82096899422373, 21.659309000310145], [72.82124917710792, 21.659308999410825]]], [[[72.82163611131756, 21.65958899973259], [72.82125199468385, 21.65931103817394], [72.82125199378453, 21.65958899973259], [72.82163611131756, 21.65958899973259]]], [[[72.82201061060124, 21.65985999963931], [72.82180099392082, 21.659708315486398], [72.82180099392082, 21.65985999963931], [72.82201061060124, 21.65985999963931]]], [[[72.72263999414048, 21.6659709999617], [72.74597199361267, 21.658750999758865], [72.75096799377792, 21.652916000473112], [72.737921993805, 21.643751999655137], [72.71679699448578, 21.644589999628806], [72.7101369940271, 21.65903100008063], [72.72263999414048, 21.6659709999617]]], [[[72.26319498126344, 21.740690052503965], [72.26319199371557, 21.740689999443987], [72.26319199461494, 21.740695979935595], [72.26319498126344, 21.740690052503965]]], [[[72.26193248149889, 21.743194999849436], [72.26180399355951, 21.743194999849436], [72.26180399355951, 21.743449927971824], [72.26193248149889, 21.743194999849436]]], [[[72.26158590706399, 21.74388262418381], [72.26152799342219, 21.743470999986698], [72.26152799342219, 21.743997528762975], [72.26158590706399, 21.74388262418381]]], [[[72.26041399421052, 21.746207720609846], [72.26150700954094, 21.74403916377645], [72.26041399421052, 21.745139000464576], [72.26041399421052, 21.746207720609846]]], [[[72.2743069936729, 21.749582999455924], [72.28263999394062, 21.734582000159207], [72.28763599410593, 21.707362000356056], [72.26763799369849, 21.73653099920631], [72.2743069936729, 21.749582999455924]]], [[[72.25624999464162, 21.75430599962226], [72.2582324628579, 21.752321452173305], [72.25833982662175, 21.751250591641565], [72.25624999464162, 21.75430599962226]]], [[[72.54291499423164, 21.754583999851775], [72.544326346184, 21.752016971406135], [72.54402899344336, 21.748994782583225], [72.54291499423164, 21.754583999851775]]], [[[72.25541799404522, 21.757767831919978], [72.25591346203669, 21.756809069183248], [72.2554179949446, 21.757083999127303], [72.25541799404522, 21.757767831919978]]], [[[72.25520052268604, 21.75819006002331], [72.25514199390796, 21.75818899972262], [72.25514199480727, 21.758307575334356], [72.25520052268604, 21.75819006002331]]], [[[72.25492163932228, 21.75874999951293], [72.25485899434716, 21.75874999951293], [72.25485899344784, 21.75887577689565], [72.25492163932228, 21.75874999951293]]], [[[72.25477620455825, 21.759041999488716], [72.25430299388813, 21.75931100020256], [72.25430299388813, 21.759992088264312], [72.25477620455825, 21.759041999488716]]], [[[72.547652998687, 21.76961838468077], [72.54763699435188, 21.769861000185074], [72.54774839876967, 21.769860999285754], [72.547652998687, 21.76961838468077]]], [[[72.24974839986879, 21.773471000286463], [72.24958099376789, 21.773471000286463], [72.24958099376789, 21.7738369775945], [72.24974839986879, 21.773471000286463]]], [[[72.24947724887602, 21.77406378121856], [72.24930499363063, 21.774026999846228], [72.24930916288764, 21.774413298235174], [72.24947724887602, 21.77406378121856]]], [[[72.24909385709589, 21.77486099963545], [72.24903199453098, 21.77486099963545], [72.24903199453098, 21.774989635063662], [72.24909385709589, 21.77486099963545]]], [[[72.55459600500171, 21.797639000539505], [72.55458199446355, 21.797612205239147], [72.55458199356423, 21.797638999640185], [72.55459600500171, 21.797639000539505]]], [[[72.55612215181588, 21.800691920995405], [72.55596999372028, 21.800335717519374], [72.55596999372028, 21.800693000181866], [72.55612215181588, 21.800691920995405]]], [[[72.55748730289679, 21.803192999457394], [72.5573579938764, 21.80294900349378], [72.55735799477571, 21.803193000356714], [72.55748730289679, 21.803192999457394]]], [[[72.55766390906223, 21.80347282081408], [72.55763999429035, 21.803441080141795], [72.55763999429035, 21.80347299977916], [72.55766390906223, 21.80347282081408]]], [[[72.55910230722577, 21.805139000164786], [72.55902799444647, 21.805054768762602], [72.55902799444647, 21.805139000164786], [72.55910230722577, 21.805139000164786]]], [[[72.55937754743593, 21.805418700112966], [72.55930399368441, 21.805356166653837], [72.55930399368441, 21.80541999963333], [72.55937754743593, 21.805418700112966]]], [[[72.56475928211523, 21.813751999854958], [72.56386347641836, 21.81209416621283], [72.56343835609533, 21.81089707683867], [72.56197303672633, 21.808728224128288], [72.56164272922865, 21.80779148668779], [72.56014299460355, 21.806126717474058], [72.56475928211523, 21.813751999854958]]], [[[72.56487602311006, 21.81402987238073], [72.564857994401, 21.81398695943068], [72.56485799350168, 21.814029999185152], [72.56487602311006, 21.81402987238073]]], [[[72.35514099366196, 21.942919999358537], [72.35736099441442, 21.929309000310184], [72.36041999428738, 21.924584000051595], [72.34764099403668, 21.929028999988418], [72.35514099366196, 21.942919999358537]]], [[[72.21235599393401, 22.00542100017907], [72.21597299345893, 22.00208200088366], [72.21041799449489, 22.00319200081026], [72.21235599393401, 22.00542100017907]]], [[[72.56167584766229, 22.176808313452966], [72.56153099475966, 22.176648256611827], [72.56153099475966, 22.17681200067335], [72.56167584766229, 22.176808313452966]]], [[[72.56382514281614, 22.180139001214002], [72.56375099461275, 22.18004662735001], [72.56375099551207, 22.180139000314682], [72.56382514281614, 22.180139001214002]]], [[[72.56440646188878, 22.180918838433684], [72.56430899516403, 22.180786981633958], [72.56430899516403, 22.180973001003224], [72.56440646188878, 22.180918838433684]]], [[[72.5662881026139, 22.18374900041607], [72.56624599545637, 22.183732615667736], [72.56624599545637, 22.18374900041607], [72.5662881026139, 22.18374900041607]]], [[[72.56722267268827, 22.185140000710533], [72.56709399499192, 22.18493079771821], [72.56709399499192, 22.185140000710533], [72.56722267268827, 22.185140000710533]]], [[[72.56739474986784, 22.185419760913305], [72.56736099471419, 22.185364882483384], [72.56736099471419, 22.1854200010323], [72.56739474986784, 22.185419760913305]]], [[[72.5677344300999, 22.18597200040756], [72.56764299512815, 22.185823349667885], [72.56764299512815, 22.18597200040756], [72.5677344300999, 22.18597200040756]]], [[[72.56825563219172, 22.186809105555824], [72.56819299531054, 22.18670870074601], [72.56819299531054, 22.186810001280605], [72.56825563219172, 22.186809105555824]]], [[[72.56882850303305, 22.187642000977633], [72.56874899487025, 22.18755970221855], [72.56874899487025, 22.187642000977633], [72.56882850303305, 22.187642000977633]]], [[[72.56936178122129, 22.188194000352894], [72.56930499532933, 22.1881352215633], [72.56930499532933, 22.188194001252214], [72.56936178122129, 22.188194000352894]]], [[[72.57306685854871, 22.19208185409434], [72.5729149945314, 22.191899494965753], [72.57291499543078, 22.19208400077605], [72.57306685854871, 22.19208185409434]]], [[[72.57353166865164, 22.192640000335814], [72.57347099499049, 22.192567143558904], [72.57347099499049, 22.192640001235134], [72.57353166865164, 22.192640000335814]]], [[[72.46791699537312, 22.20541900058646], [72.47235899517153, 22.20319000031833], [72.46791699537312, 22.20236100075965], [72.46791699537312, 22.20541900058646]]], [[[72.38430699327319, 22.21569400047781], [72.39013699412703, 22.213481000947468], [72.39208099384285, 22.210411000567262], [72.38764199418273, 22.210137001421515], [72.38430699327319, 22.21569400047781]]], [[[72.37069599422483, 22.23513900146378], [72.3681869945342, 22.22402900083779], [72.37652599417936, 22.20375100100796], [72.3634709937914, 22.214028000991505], [72.37069599422483, 22.23513900146378]]], [[[69.30928799134779, 22.304580002165437], [69.31207999149848, 22.304029001936954], [69.31180699149951, 22.303194002101577], [69.30928799134779, 22.304580002165437]]], [[[69.43958199331439, 22.356809002333648], [69.45819099262025, 22.352080002789933], [69.43736199256199, 22.35430600291977], [69.43958199331439, 22.356809002333648]]], [[[69.18263899109661, 22.366810002179932], [69.1856909915461, 22.367083002178845], [69.18541699150103, 22.364040002144407], [69.18263899109661, 22.366810002179932]]], [[[69.19264199193441, 22.370969002417553], [69.19457899132743, 22.36763900173861], [69.18985699210657, 22.36930500212418], [69.19264199193441, 22.370969002417553]]], [[[69.21236399130521, 22.3840280020907], [69.21514199170963, 22.38402800299002], [69.21430299168975, 22.382360001612824], [69.21236399130521, 22.3840280020907]]], [[[69.20236299145893, 22.38764100233044], [69.20069199174208, 22.38486000268705], [69.19957799163109, 22.3840280020907], [69.19958399190773, 22.38708300177916], [69.20236299145893, 22.38764100233044]]], [[[69.33541899219279, 22.389031002578747], [69.34041699155097, 22.38097200235609], [69.33207699185976, 22.37264000213446], [69.32290599161826, 22.382360002512144], [69.33541899219279, 22.389031002578747]]], [[[69.48319299266251, 22.398749002864236], [69.48902799284764, 22.392919002010387], [69.48458099281862, 22.38764100233044], [69.4801409931124, 22.390139002413093], [69.48319299266251, 22.398749002864236]]], [[[69.27819899119055, 22.41792200299807], [69.28069199194192, 22.41569500192287], [69.27763999239181, 22.415973002152384], [69.27819899119055, 22.41792200299807]]], [[[69.27569599177667, 22.419861002483344], [69.27791599252907, 22.418193002005466], [69.27513799122539, 22.419031002878512], [69.27569599177667, 22.419861002483344]]], [[[69.14069399213406, 22.454584002050126], [69.1418079922451, 22.454306001820555], [69.14263999194213, 22.45291800256382], [69.14069399213406, 22.454584002050126]]], [[[69.62763999349096, 22.459493052162657], [69.64319499315445, 22.450700001903613], [69.6448589925485, 22.434028001091406], [69.65708199234012, 22.42819400185175], [69.63652899241913, 22.40653000105874], [69.59596899257502, 22.424583002603526], [69.58819499290468, 22.43708000244021], [69.62763999349096, 22.459493052162657]]], [[[69.30208599287431, 22.474029002136774], [69.32458599264947, 22.469583003053174], [69.32680599250261, 22.457082003032042], [69.320419992089, 22.450969002617455], [69.30124799110195, 22.45291800256382], [69.29291499173354, 22.459304002078056], [69.30208599287431, 22.474029002136774]]], [[[69.13680299166481, 22.47763900223822], [69.14848399254225, 22.474029003036094], [69.14680399241036, 22.463194002501268], [69.11096899192552, 22.464031002428896], [69.10846699165842, 22.437360001862658], [69.08486199218726, 22.420960002801962], [69.08513499218617, 22.43264000273399], [69.09596999182173, 22.441251002331967], [69.09348399139316, 22.46153100225399], [69.13680299166481, 22.47763900223822]]], [[[69.08513499218617, 22.488190003166153], [69.08680799109595, 22.486804003102293], [69.08402999159091, 22.485138002716724], [69.08513499218617, 22.488190003166153]]], [[[69.32485899264844, 22.527361001908787], [69.35124999289292, 22.52654100186578], [69.36374599268345, 22.512362001805002], [69.35013499273578, 22.504027002344344], [69.33513599263199, 22.50735900221622], [69.31569699282204, 22.51986000223735], [69.32485899264844, 22.527361001908787]]], [[[69.94347399283055, 22.530417001643343], [69.94708199283974, 22.53153000170829], [69.94763999339102, 22.530417001643343], [69.94347399283055, 22.530417001643343]]], [[[69.40513499298561, 22.53264000253415], [69.40651599191955, 22.52708100248634], [69.40319799359258, 22.524305002174174], [69.40180299311368, 22.52819500259733], [69.40513499298561, 22.53264000253415]]], [[[69.95513799292411, 22.535972001506707], [69.95680199321748, 22.53403000188314], [69.95236899293474, 22.53264000163483], [69.95513799292411, 22.535972001506707]]], [[[69.95818999337354, 22.54264000143496], [69.96347099319183, 22.541811001876283], [69.95403299322811, 22.535972001506707], [69.95818999337354, 22.54264000143496]]], [[[69.9418029931137, 22.550421001428106], [69.95764099233799, 22.545141001655963], [69.95319399320829, 22.536806002195306], [69.93875099356353, 22.538481001197283], [69.9418029931137, 22.550421001428106]]], [[[69.91874699287945, 22.553195001648078], [69.93235799282718, 22.5445840020501], [69.92957999332208, 22.53070000210346], [69.94208599267449, 22.528749001165522], [69.94152699297638, 22.51791600162221], [69.89652999266508, 22.511806001345917], [69.86235699238136, 22.52708100158702], [69.89514199250902, 22.522921001303246], [69.90040499329587, 22.546248001444155], [69.91874699287945, 22.553195001648078]]], [[[70.02430799281967, 22.553195001648078], [70.0198589926984, 22.54791700196813], [70.01152899346835, 22.54958300145438], [70.01597499345127, 22.551531001354704], [70.02430799281967, 22.553195001648078]]], [[[70.01125299333103, 22.553751002107106], [70.00485999259462, 22.5490310011798], [69.9959709936665, 22.548751001757353], [70.00068699261067, 22.5523610018588], [70.01125299333103, 22.553751002107106]]], [[[70.01682299298682, 22.55792000100729], [70.02458099281864, 22.555139001363898], [70.01264099258782, 22.554027002244425], [70.01682299298682, 22.55792000100729]]], [[[70.03847499322643, 22.564584000751097], [70.04097099231751, 22.566530001458432], [70.0404119926194, 22.564306001420903], [70.03847499322643, 22.564584000751097]]], [[[70.04207599291277, 22.570140001559878], [70.04596699248276, 22.569860002137432], [70.04207599291277, 22.567360001063264], [70.04207599291277, 22.570140001559878]]], [[[70.18013699332761, 22.581529001562217], [70.18319799329282, 22.582639001488758], [70.18319799329282, 22.580971001910257], [70.18013699332761, 22.581529001562217]]], [[[70.00903299257862, 22.593147364659217], [70.02485699205658, 22.586249001590204], [70.02708399313184, 22.567916001522292], [69.99263699370238, 22.548195002197644], [69.9579169924753, 22.54958000131603], [69.96514199290868, 22.577921001553023], [70.00903299257862, 22.593147364659217]]], [[[70.18875199311003, 22.599582001308363], [70.1918039926602, 22.598194001152308], [70.1893079926698, 22.597640001684795], [70.18875199311003, 22.599582001308363]]], [[[69.94847199308805, 22.606251001282715], [69.95818999337354, 22.603751002007186], [69.96375399275263, 22.59902800094153], [69.95319399320829, 22.59541600164721], [69.94847199308805, 22.606251001282715]]], [[[70.21680399350953, 22.642084001675414], [70.22096999227136, 22.64347200183147], [70.22041399271166, 22.640140001060274], [70.21680399350953, 22.642084001675414]]], [[[70.23513699357744, 22.682361001059405], [70.23847099354157, 22.6832020020708], [70.23847099264225, 22.682361001059405], [70.23513699357744, 22.682361001059405]]], [[[70.23902999323963, 22.68208000159086], [70.24375199246055, 22.684311001951244], [70.24346999294585, 22.682361001958725], [70.23902999323963, 22.68208000159086]]], [[[70.2418079306915, 22.689584733448726], [70.24736212925893, 22.688192368882767], [70.24263953468682, 22.686811448189815], [70.2418079306915, 22.689584733448726]]], [[[70.24402599340493, 22.720139001213965], [70.24652799277271, 22.714583001304504], [70.24541399356099, 22.711805000900142], [70.24346999294585, 22.71236100225849], [70.24402599340493, 22.720139001213965]]], [[[69.64264106023677, 22.7648639700962], [69.6548633504633, 22.755971910775088], [69.66652869504333, 22.753194811491426], [69.66652869414395, 22.7506923696572], [69.6309757156568, 22.76125145189303], [69.64264106023677, 22.7648639700962]]], [[[69.63514136548167, 22.777917864318056], [69.63735388927063, 22.77874946831338], [69.63764380641658, 22.77569008083259], [69.63514136548167, 22.777917864318056]]], [[[69.8170929923478, 22.852565217510858], [69.8168039925103, 22.85208300282835], [69.81583640652502, 22.852081017125272], [69.8170929923478, 22.852565217510858]]], [[[69.82125099253932, 22.854210920197886], [69.82125099253932, 22.85403000268252], [69.82085439781224, 22.85403000358184], [69.82125099253932, 22.854210920197886]]], [[[69.8229079925099, 22.8548590022412], [69.82267171632668, 22.8548590022412], [69.8229079925099, 22.85496678149184], [69.8229079925099, 22.8548590022412]]], [[[70.45513999381569, 22.995701001400164], [70.45096699383174, 22.985969001368346], [70.43263999404053, 22.978751001257763], [70.43569199449001, 22.983749001515264], [70.45513999381569, 22.995701001400164]]], [[[70.44152899386802, 23.049584001400603], [70.43041999328813, 23.035417000993846], [70.41457999397159, 23.02263800164252], [70.42901599419281, 23.046530000858922], [70.44152899386802, 23.049584001400603]]], [[[70.44847099384134, 23.05208400157545], [70.4343039943339, 23.01374900181503], [70.41375099351359, 22.98985000137651], [70.41457999307227, 23.01931000105577], [70.44847099384134, 23.05208400157545]]], [[[70.4515299937143, 23.05236000171277], [70.45124899334644, 23.05041600199695], [70.45014199355819, 23.050138001767436], [70.4515299937143, 23.05236000171277]]], [[[70.4590299942389, 23.057641001531067], [70.45735999366883, 23.050138001767436], [70.44958599309916, 23.043193001655766], [70.45735999366883, 23.055141001356162], [70.45485699425495, 23.055141002255482], [70.45181199322894, 23.052640002034536], [70.45041699364941, 23.05236000171277], [70.44959199427518, 23.052640001135217], [70.4590299942389, 23.057641001531067]]], [[[70.44708999310876, 23.05932000161681], [70.44902699430043, 23.057921000953456], [70.44596899357424, 23.058195001897843], [70.44708999310876, 23.05932000161681]]], [[[70.46124999409199, 23.057921001852776], [70.46819199316599, 23.05875100145761], [70.46041799349564, 23.055710001515422], [70.46124999409199, 23.057921001852776]]], [[[70.4823619937111, 23.065419001385862], [70.45180499380547, 23.026528001166355], [70.44625099398826, 23.025138001817368], [70.45819199426518, 23.049862002529437], [70.4823619937111, 23.065419001385862]]], [[[68.60346999244626, 23.225695002822192], [68.61180899299069, 23.227639003437332], [68.61292399224851, 23.221251002931467], [68.60346999244626, 23.225695002822192]]], [[[68.59458099261877, 23.259581003360665], [68.5954129923158, 23.26068200287216], [68.59764199258393, 23.260140003958043], [68.59458099261877, 23.259581003360665]]], [[[68.65708199253999, 23.268750003509922], [68.66042299282691, 23.268750002610602], [68.6601399923668, 23.267916003720643], [68.65708199253999, 23.268750003509922]]], [[[68.62791299279041, 23.28652700401807], [68.62930399218556, 23.289030003431947], [68.62902799204824, 23.285418003238306], [68.62791299279041, 23.28652700401807]]], [[[68.55819699289697, 23.3137520031525], [68.57402799269778, 23.2943060030197], [68.57235699298087, 23.303751003306218], [68.58819499310448, 23.29541600384556], [68.58207799250539, 23.310142003051055], [68.59569599277592, 23.299582003506714], [68.61207599271296, 23.296531003103382], [68.61486099344017, 23.271531003153314], [68.5723639924044, 23.26097400374732], [68.58429799325785, 23.253749003313885], [68.57290599311716, 23.25125100413061], [68.57402799269778, 23.245141003854314], [68.54096899252505, 23.26569400377531], [68.54096899252505, 23.285142003100987], [68.5562509930889, 23.27403100332822], [68.56791699327465, 23.281249003438802], [68.55319199321599, 23.29681100342509], [68.55819699289697, 23.3137520031525]]], [[[68.63430899276585, 23.3137520031525], [68.64624699200516, 23.307359003315412], [68.63318699228591, 23.307919003059567], [68.63430899276585, 23.3137520031525]]], [[[68.63041599220435, 23.313193003454387], [68.63402599230574, 23.314028003289764], [68.6312479928007, 23.312081003435594], [68.63041599220435, 23.313193003454387]]], [[[68.63957999302232, 23.316250004134417], [68.64347099259231, 23.318210003688762], [68.643194992455, 23.315420003630322], [68.63957999302232, 23.316250004134417]]], [[[68.58291599337844, 23.315140003308557], [68.60791899256753, 23.309861003582512], [68.60513999301634, 23.314862003978362], [68.60930699272359, 23.316806002794863], [68.61875099296401, 23.299311002700676], [68.59847199308808, 23.302080003589367], [68.58291599337844, 23.315140003308557]]], [[[68.6312479928007, 23.31957900296868], [68.63180599335197, 23.320138003566058], [68.63236199291168, 23.318750003410003], [68.6312479928007, 23.31957900296868]]], [[[68.62708399323174, 23.32181100337516], [68.62985999264458, 23.315696002868265], [68.62790699341309, 23.311532003299362], [68.62568699266063, 23.312081003435594], [68.62708399323174, 23.32181100337516]]], [[[68.6251369924783, 23.324306003319464], [68.62847199248853, 23.32486300292527], [68.62902799294756, 23.321530003007297], [68.6251369924783, 23.324306003319464]]], [[[68.54041299206597, 23.339310003653793], [68.5445859929493, 23.33847100363397], [68.54152699307633, 23.337081003385663], [68.54041299206597, 23.339310003653793]]], [[[68.54541799264632, 23.340420003580334], [68.55069599322559, 23.339305003423192], [68.54513499308553, 23.338752004001833], [68.54541799264632, 23.340420003580334]]], [[[68.55319199321599, 23.339862003928374], [68.55680899274086, 23.34181000292932], [68.5554209925848, 23.3390210038163], [68.55319199321599, 23.339862003928374]]], [[[68.5059729929593, 23.34236200320396], [68.52764099303744, 23.337083003477858], [68.52625299288138, 23.32902700339355], [68.53763699265312, 23.318470003088237], [68.50235799262731, 23.32375000286038], [68.5059729929593, 23.34236200320396]]], [[[68.5212479932004, 23.34263800334122], [68.53180699269859, 23.34236200320396], [68.53208299193659, 23.339305003423192], [68.5212479932004, 23.34263800334122]]], [[[68.56263699260319, 23.344584003149293], [68.56513899287029, 23.342640003433473], [68.56096599288634, 23.34209100329724], [68.56263699260319, 23.344584003149293]]], [[[68.62847199248853, 23.348750002810448], [68.632637993049, 23.34791800311342], [68.63569699292196, 23.345420003930087], [68.63430899276585, 23.34235900396493], [68.62847199248853, 23.348750002810448]]], [[[68.47096999217143, 23.355970003912603], [68.47651699256522, 23.35542100287705], [68.47625099288905, 23.353470003737755], [68.47096999217143, 23.355970003912603]]], [[[68.56957899257651, 23.35874900256448], [68.57457699193469, 23.359029003785565], [68.57569199209183, 23.352360002911837], [68.56957899257651, 23.35874900256448]]], [[[68.59625199233562, 23.360695003271815], [68.59958599319907, 23.35958300325302], [68.59596899277483, 23.359581003160827], [68.59625199233562, 23.360695003271815]]], [[[68.58902699280151, 23.37431100255077], [68.5979219929057, 23.36403200337429], [68.59513899317005, 23.3587490034638], [68.6106949928797, 23.35180400335213], [68.60679699298692, 23.363751003006428], [68.6087499922184, 23.364312002796737], [68.61791899326698, 23.354031003528064], [68.61736299280795, 23.32764100332969], [68.59986199243707, 23.345694003075835], [68.60735999286942, 23.331809003083094], [68.57847699191967, 23.35152800321481], [68.56791699327465, 23.37207000262856], [68.58791499278277, 23.368474003172764], [68.58902699280151, 23.37431100255077]]], [[[68.53902499280923, 23.37708200353171], [68.53930699322319, 23.37486000358632], [68.53791699297489, 23.375129003400843], [68.53902499280923, 23.37708200353171]]], [[[68.50264099308743, 23.378470003687767], [68.50291399218702, 23.380973003101644], [68.5051429924552, 23.379863003175103], [68.5051429924552, 23.37736200385342], [68.50264099308743, 23.378470003687767]]], [[[68.50375299310622, 23.38430700306577], [68.5051429924552, 23.381260003746206], [68.50430199234313, 23.380970002963295], [68.50375299310622, 23.38430700306577]]], [[[68.57791799312093, 23.384029003735577], [68.58625099248934, 23.380141003404617], [68.58708999250922, 23.3759700026136], [68.57791799312093, 23.384029003735577]]], [[[68.53542399312283, 23.38070100314883], [68.53652899281883, 23.382361003257756], [68.54291499233307, 23.380138003266268], [68.53542399312283, 23.38070100314883]]], [[[68.53041899254254, 23.38319500304698], [68.53208299283591, 23.38458300320309], [68.53680499205677, 23.3773620029541], [68.53430199354221, 23.37125000348493], [68.53041899254254, 23.38319500304698]]], [[[68.5529179922716, 23.40208000338947], [68.5565259922808, 23.403750003060225], [68.55680899274086, 23.402640003133683], [68.5529179922716, 23.40208000338947]]], [[[68.53736099251586, 23.40458200365657], [68.55069599322559, 23.402360002811918], [68.55625099218958, 23.379028003339727], [68.56735899272337, 23.375972003605114], [68.55569399258377, 23.36041700394162], [68.5501399927665, 23.37125000348493], [68.56069299198805, 23.37542100337663], [68.5540309923365, 23.37708200353171], [68.54624999324267, 23.39680600299471], [68.54374699292941, 23.388200003627333], [68.54125199298517, 23.401250002885376], [68.53347099299197, 23.38958100346059], [68.5281989926894, 23.390691003387133], [68.53736099251586, 23.40458200365657]]], [[[68.46208099324332, 23.402360002811918], [68.4629059926175, 23.403750003060225], [68.46901699293994, 23.403470003637835], [68.46208099324332, 23.402360002811918]]], [[[68.52347699256921, 23.40458200365657], [68.52735799257738, 23.399030003032237], [68.52735799257738, 23.386249003588716], [68.52041599260406, 23.39403000358186], [68.52347699256921, 23.40458200365657]]], [[[68.46985499291367, 23.40458200275725], [68.47125199258545, 23.40430600351931], [68.47597499275179, 23.402916003271002], [68.46985499291367, 23.40458200275725]]], [[[68.42958099276865, 23.405970002913364], [68.43235699308082, 23.40570100399816], [68.43235699308082, 23.404860003886142], [68.42958099276865, 23.405970002913364]]], [[[68.46153199220771, 23.40625000323513], [68.46319599250108, 23.40681100302544], [68.46457699323372, 23.405141003354686], [68.46153199220771, 23.40625000323513]]], [[[68.40902799284765, 23.40625000323513], [68.40985899249858, 23.40792100295198], [68.40985899249858, 23.40570100309884], [68.40902799284765, 23.40625000323513]]], [[[68.55457999247272, 23.405970003812683], [68.5554209925848, 23.405141003354686], [68.5512459925086, 23.40430600261999], [68.55457999247272, 23.405970003812683]]], [[[68.41458199266486, 23.409861002483353], [68.42236299265807, 23.405141003354686], [68.42346999244626, 23.400689003095067], [68.41319399340813, 23.403750003060225], [68.41458199266486, 23.409861002483353]]], [[[68.45791699277504, 23.412083003328007], [68.46291299204103, 23.41097300340141], [68.45791699277504, 23.411249003538728], [68.45791699277504, 23.412083003328007]]], [[[68.54985799235254, 23.41486100283305], [68.54791999291342, 23.41041700294238], [68.54152699307633, 23.405430004091443], [68.54985799235254, 23.41486100283305]]], [[[68.39848399224252, 23.419032003624125], [68.40264099238794, 23.418471002934496], [68.40180299331354, 23.415971002759647], [68.39848399224252, 23.419032003624125]]], [[[68.40125299313121, 23.422920003955085], [68.40264099238794, 23.420691003686898], [68.40180299331354, 23.420415003549635], [68.40125299313121, 23.422920003955085]]], [[[68.39847499272679, 23.427084003523987], [68.40125299223189, 23.423180003354503], [68.39819199226667, 23.42180600384404], [68.39847499272679, 23.427084003523987]]], [[[68.50041899314209, 23.43125000318514], [68.50124999279296, 23.4301400032586], [68.50041899224277, 23.4301400032586], [68.50041899314209, 23.43125000318514]]], [[[68.51402999308976, 23.432641003479603], [68.5162519930351, 23.429860002936834], [68.5137489927219, 23.430416003395862], [68.51402999308976, 23.432641003479603]]], [[[68.49874799342524, 23.436251002681672], [68.50096799327832, 23.43541700379177], [68.4968039928101, 23.43458000296482], [68.49874799342524, 23.436251002681672]]], [[[68.4993059930772, 23.442361003857286], [68.50208199248999, 23.443195002747245], [68.50068799295656, 23.43902900308609], [68.4993059930772, 23.442361003857286]]], [[[68.49597199311307, 23.44847400337261], [68.50235799262731, 23.44958100406012], [68.4968039928101, 23.444027003343592], [68.49597199311307, 23.44847400337261]]], [[[68.50681399307138, 23.456542003110997], [68.52513799362356, 23.44320200307004], [68.5256959923762, 23.436251003580992], [68.52291799287116, 23.44320200396936], [68.51346699230788, 23.447920003005777], [68.52124799230108, 23.441541003814336], [68.52097399315534, 23.43708000403899], [68.51708099259378, 23.442083002728452], [68.51569299243772, 23.433472003130476], [68.50985599216034, 23.438751003755897], [68.51152699277657, 23.430416003395862], [68.50290699186422, 23.429311003699922], [68.50681399307138, 23.456542003110997]]], [[[68.40791299179119, 23.45792100285206], [68.40624899239714, 23.452360003611318], [68.40125299313121, 23.453750002960305], [68.40125299223189, 23.455140003208612], [68.40791299179119, 23.45792100285206]]], [[[68.49513999251667, 23.474030002882387], [68.50235799262731, 23.45819400375035], [68.50013799277423, 23.455140003208612], [68.49513999251667, 23.474030002882387]]], [[[68.4701379924744, 23.47819600344286], [68.4854199930383, 23.475420003130694], [68.49485699295593, 23.45597200380496], [68.48458099211916, 23.40319000331607], [68.4634709925923, 23.407085003070506], [68.46652999246521, 23.41180900328294], [68.45819099192079, 23.417917003466982], [68.4645769923344, 23.421249003338858], [68.45874699327919, 23.43403100372791], [68.46763499306053, 23.442083003627772], [68.4604199930883, 23.444027003343592], [68.46180799234503, 23.453479003952907], [68.47070299244922, 23.453189004069316], [68.47458699259568, 23.45986300337495], [68.44013999316621, 23.444861004032134], [68.43041899274237, 23.43125000318514], [68.42847499302655, 23.437361003507533], [68.4181989930891, 23.439861003682438], [68.42903099348564, 23.431531002653685], [68.42125099263927, 23.420142003550666], [68.41208599267446, 23.443471002884507], [68.42485799260231, 23.44764000358333], [68.4348589924486, 23.440417003242146], [68.43263899259551, 23.450140003758236], [68.45263599295674, 23.46097000406246], [68.4451379925244, 23.467919002559995], [68.46013699262818, 23.468471002834576], [68.45707599266296, 23.478750002910374], [68.4701379924744, 23.47819600344286]]], [[[68.49846799310347, 23.489031003078367], [68.49597199221375, 23.477360003561387], [68.48208499212876, 23.47792000330554], [68.48708299238626, 23.48569400387521], [68.49846799310347, 23.489031003078367]]], [[[68.50680499265633, 23.490417003142227], [68.50736299230829, 23.492080003389503], [68.50902499250947, 23.490417003142227], [68.50680499265633, 23.490417003142227]]], [[[68.5109709932168, 23.49265000269554], [68.51069699227241, 23.49069500337174], [68.50930699292343, 23.49265000359486], [68.5109709932168, 23.49265000269554]]], [[[68.48596899227522, 23.489031003977686], [68.48958599269946, 23.493749003014102], [68.48763899194597, 23.48652200338779], [68.48596899227522, 23.489031003977686]]], [[[68.46652999246521, 23.49792200299811], [68.47125199348477, 23.480418003388195], [68.45958799249189, 23.479584003598916], [68.45874699327919, 23.487363003499865], [68.46652999246521, 23.49792200299811]]], [[[68.4373619927618, 23.49903200292465], [68.43930799256987, 23.499583003153134], [68.43959099302998, 23.498751003456107], [68.4373619927618, 23.49903200292465]]], [[[68.48069699287197, 23.501252002777733], [68.4868099923873, 23.48597000311321], [68.47957599243813, 23.47792000330554], [68.47374799257585, 23.48181100287553], [68.48430699297342, 23.49069500337174], [68.47485999259465, 23.48652200338779], [68.4729229923023, 23.494029003335868], [68.481528992569, 23.49152900316102], [68.48069699287197, 23.501252002777733]]], [[[68.46791799262132, 23.524032003773982], [68.47041399261173, 23.518751003955742], [68.4643009930964, 23.515417003092296], [68.46319599250108, 23.518751003955742], [68.46791799262132, 23.524032003773982]]], [[[68.47513599273191, 23.528761003317697], [68.474586993495, 23.522078003597017], [68.47152599263052, 23.52069000344096], [68.46874999231835, 23.524583003103146], [68.47513599273191, 23.528761003317697]]], [[[68.47347199243853, 23.537082003032083], [68.47651699256522, 23.532920002656056], [68.47485999259465, 23.530420003380527], [68.4720779929051, 23.53096900261744], [68.47347199243853, 23.537082003032083]]], [[[68.481528992569, 23.548749004163255], [68.48319299196305, 23.548749004163255], [68.48208499212876, 23.54708300287831], [68.481528992569, 23.548749004163255]]], [[[68.47957599243813, 23.55486200277926], [68.4757009918074, 23.538750003509904], [68.4531929925626, 23.52874900366362], [68.46180799234503, 23.53375000405947], [68.45347499297662, 23.536811003125365], [68.45735899222376, 23.542641003079893], [68.47957599243813, 23.55486200277926]]], [[[68.22402999259015, 23.584028003289745], [68.22735499303855, 23.585420003630304], [68.2281959922513, 23.584306003519316], [68.22402999259015, 23.584028003289745]]], [[[68.25514299205548, 23.59014000275897], [68.25347199323795, 23.582081003435633], [68.24485699255621, 23.587079003693134], [68.24597099266725, 23.58903000373175], [68.25514299205548, 23.59014000275897]]], [[[68.21514099276266, 23.587079002793814], [68.21763699275306, 23.587084003923678], [68.217100992317, 23.586250003235136], [68.21514099276266, 23.587079002793814]]], [[[68.48208499212876, 23.596809003632643], [68.48124599210888, 23.561250003285068], [68.47347199243853, 23.562921003001918], [68.44596799302849, 23.54014100290499], [68.43041899274237, 23.50765100379084], [68.43541799304597, 23.557084003623913], [68.44819699239736, 23.565694003175736], [68.45318599313913, 23.561250003285068], [68.4556949928297, 23.572361003057893], [68.47291599287882, 23.578193003104673], [68.46236399280406, 23.5815270030688], [68.46791799262132, 23.591531003053376], [68.47957599243813, 23.589860003336526], [68.48208499212876, 23.596809003632643]]], [[[68.4584729923348, 23.60041900373409], [68.46763499216121, 23.591806003144598], [68.46152499278423, 23.58347100278462], [68.46208099324332, 23.576812003271357], [68.45124799280069, 23.57319500374649], [68.44430599282737, 23.578193003104673], [68.4531929925626, 23.577917002967354], [68.4584729923348, 23.60041900373409]]], [[[68.47875999257963, 23.60263900358717], [68.48652699192718, 23.603195004046256], [68.48014099331226, 23.59819000346596], [68.47875999257963, 23.60263900358717]]], [[[68.43459299277248, 23.6162500035349], [68.4659739929055, 23.621531003353198], [68.46652999246521, 23.60098000262508], [68.45182099224508, 23.602922003147967], [68.44040699288848, 23.586530003556845], [68.43459299277248, 23.6162500035349]]], [[[68.48458099211916, 23.627919002959686], [68.4909739919562, 23.604305003972797], [68.47875999347895, 23.606532003249413], [68.47791199214475, 23.600139003412323], [68.47985799285215, 23.590970003263067], [68.46819399275864, 23.59264000383314], [68.46956599307617, 23.61625000263558], [68.48458099211916, 23.627919002959686]]], [[[68.47347199243853, 23.720972003455245], [68.48208499212876, 23.719860002537132], [68.4726399927415, 23.714581003710407], [68.47347199243853, 23.720972003455245]]], [[[68.44763799269924, 23.73264100377935], [68.4501409930125, 23.730416002796346], [68.4473579932768, 23.731809003183002], [68.44763799269924, 23.73264100377935]]], [[[68.46736199216224, 23.739861003082865], [68.48513699257819, 23.732361003457584], [68.48763899284529, 23.729031002778584], [68.4592959925161, 23.72486200297908], [68.45707599266296, 23.733749003613696], [68.46736199216224, 23.739861003082865]]], [[[68.48346599286134, 23.742371002819596], [68.48486299253312, 23.73763900403685], [68.48179599229127, 23.736240003373496], [68.48346599286134, 23.742371002819596]]], [[[68.21652899291877, 23.77931100300043], [68.22402999259015, 23.7640310034281], [68.21763699275306, 23.75569400297593], [68.21485899324801, 23.758195003196874], [68.21652899291877, 23.77931100300043]]], [[[68.34931199275434, 23.800140003058743], [68.34680299306376, 23.780138003366233], [68.34041599260405, 23.77708200363162], [68.3418039927601, 23.789305003423237], [68.34931199275434, 23.800140003058743]]], [[[68.35846699225795, 23.805140002509177], [68.39791899226776, 23.784860003486415], [68.4262459918591, 23.7948610033327], [68.4181989930891, 23.7626390030876], [68.41152999311475, 23.76152900406032], [68.39930699242382, 23.75097200375501], [68.41735799207771, 23.76041700314221], [68.41845599324955, 23.724299003995895], [68.39041799259633, 23.65430700306581], [68.37541899249254, 23.64318900386951], [68.3859719926134, 23.66764000278397], [68.39013599218237, 23.684861002833088], [68.3895799926226, 23.685973002851824], [68.37569499262986, 23.650695002872112], [68.37458099341819, 23.639310003953597], [68.34792399259823, 23.61598100282106], [68.34680299306376, 23.59819000346596], [68.31458199286476, 23.589860003336526], [68.3148579921027, 23.5831960026934], [68.30847199258847, 23.582915003224855], [68.30432199276584, 23.59653100340313], [68.29958299276097, 23.587918002813637], [68.30763999199212, 23.584028003289745], [68.29486099264074, 23.578751003655952], [68.27430799271974, 23.591811003375142], [68.27902999283998, 23.597085003769962], [68.27819799224358, 23.589860003336526], [68.28013599258207, 23.588750002510665], [68.28319599250113, 23.60069500297209], [68.29264099278765, 23.600139003412323], [68.27291999256369, 23.61792100415107], [68.27791599272894, 23.63125100373088], [68.28652899331843, 23.627359003215474], [68.30458199216525, 23.63014100380434], [68.31375099231451, 23.622360002911876], [68.30680799319441, 23.63070200359465], [68.27709299254764, 23.632642003125966], [68.2640309927362, 23.602359004164782], [68.24208099314336, 23.60625100288155], [68.23986099239096, 23.59986100318281], [68.2562479926508, 23.595695003521655], [68.25013799327382, 23.590694004025124], [68.23680899284079, 23.595695003521655], [68.23319199331587, 23.587079003693134], [68.22125199218573, 23.589860003336526], [68.22598299272101, 23.606810002579607], [68.19708199273981, 23.597085002870642], [68.18624899229724, 23.62430900285824], [68.20458199326441, 23.64764100412907], [68.21013599308168, 23.640418003787886], [68.22319799289312, 23.647082002632374], [68.23374799287564, 23.641250003484913], [68.25595799276721, 23.645140003008805], [68.25819399245881, 23.640418002888566], [68.26013799307395, 23.639860003236606], [68.25818699303534, 23.644862002779234], [68.27986199253701, 23.649026003247513], [68.2995769933836, 23.647360002861888], [68.31181299287539, 23.650141003404656], [68.28041799299604, 23.652089003304923], [68.25930899261596, 23.645961003097852], [68.23124599260854, 23.64291600297122], [68.26957599303768, 23.649580003614346], [68.28208199239009, 23.67069400332565], [68.29235899237364, 23.678473003226543], [68.30432199186646, 23.679029002786308], [68.30625199273533, 23.68124900353871], [68.29736399295399, 23.68403200327441], [68.31846599301122, 23.718200003327524], [68.32958099206917, 23.723750003859664], [68.32986399252928, 23.719862003528704], [68.33402999219044, 23.71097100270964], [68.33040599234272, 23.72236000271198], [68.339301992493, 23.742639003487284], [68.34986099289057, 23.73180700309075], [68.35180799274474, 23.742920003855147], [68.34097299220986, 23.744859003340366], [68.34319199291622, 23.752362003103997], [68.33486199278678, 23.75875100365596], [68.34874699277952, 23.78152800271522], [68.35041699245028, 23.800689004094295], [68.35846699225795, 23.805140002509177]]], [[[68.60513999301634, 23.809585003345262], [68.60180599305221, 23.796249003488754], [68.59513899227073, 23.79680500304852], [68.59347599202346, 23.80347200293062], [68.60513999301634, 23.809585003345262]]], [[[68.59347599292278, 23.812085003520167], [68.5954129923158, 23.810138002766678], [68.5943079926198, 23.810138002766678], [68.59347599292278, 23.812085003520167]]], [[[68.29013899252055, 23.816805003548097], [68.31291899261748, 23.821251003531017], [68.31819299211293, 23.807640003583344], [68.32236599299625, 23.804862003178982], [68.31375099231451, 23.786807003340584], [68.32430299238922, 23.73430900335785], [68.29125299353086, 23.727641003429596], [68.28624799295056, 23.733749003613696], [68.29458499250347, 23.741252003377326], [68.28569899281433, 23.75458400304933], [68.29319699234736, 23.74041700354195], [68.28541599325354, 23.73569500342171], [68.28485799270226, 23.73208500332032], [68.29458499250347, 23.723189003170035], [68.27208799196734, 23.707639003737086], [68.27402499225963, 23.70624900348878], [68.272919993463, 23.703751003406126], [68.27458099271871, 23.701811002975433], [68.27403199258242, 23.701250003185123], [68.25736199276179, 23.715974003197744], [68.26597499245202, 23.729585003145417], [68.26763899274539, 23.772362002704313], [68.27540599209294, 23.795142003700562], [68.29819499260486, 23.80375000316019], [68.2970809933932, 23.812085003520167], [68.29013899252055, 23.816805003548097]]], [[[68.49791599192952, 23.83069400282602], [68.51985999304429, 23.81792200379749], [68.52291799287116, 23.802360003811202], [68.5123589924736, 23.788749002964153], [68.50402899234416, 23.79403200377402], [68.49847399338017, 23.794583003103185], [68.52236199241207, 23.77542000343044], [68.51680799259486, 23.754580002864884], [68.48958599269946, 23.759583003352986], [68.50736299320761, 23.74847000348791], [68.48763899194597, 23.73708100348557], [68.4881979925434, 23.74847200358016], [68.47152599263052, 23.755141002655193], [68.46541599235422, 23.767639002537976], [68.4667969930868, 23.772079003143517], [68.46541599235422, 23.77542000253112], [68.46402799309743, 23.76625100328124], [68.47680699244881, 23.740691003587017], [68.4373619927618, 23.739312003845953], [68.45652699252673, 23.774028003989258], [68.44790699251377, 23.8065310037029], [68.45819099282011, 23.817650002945356], [68.49791599192952, 23.83069400282602]]], [[[68.70263699250324, 23.85041500394931], [68.71069399263371, 23.849861003582475], [68.71041799249639, 23.848751003655934], [68.70263699250324, 23.85041500394931]]], [[[68.69513699287796, 23.85153000320713], [68.70041699265016, 23.85152700306878], [68.6948629928329, 23.84931000335405], [68.69513699287796, 23.85153000320713]]], [[[68.53041899254254, 23.870971003109332], [68.53485899314808, 23.86486000278694], [68.52402599270545, 23.858472004079772], [68.53041899254254, 23.870971003109332]]], [[[68.39568999199957, 23.87819600354277], [68.42069199294116, 23.868473003026736], [68.4287489921723, 23.84597100315932], [68.43930799256987, 23.83903100327825], [68.42652899231922, 23.810421003226793], [68.41014199295864, 23.80903100387775], [68.40791299269051, 23.814309002658376], [68.41291799237149, 23.819583003053197], [68.41152999221543, 23.820973003301503], [68.40651599211941, 23.811809003382848], [68.41596999282098, 23.802079003443282], [68.40541699270011, 23.793191002762626], [68.39180899289079, 23.809028003739456], [68.38986199303662, 23.832082002982077], [68.38430799232003, 23.837360003561344], [68.37958599309917, 23.83819500339672], [68.38931299290039, 23.830420003680274], [68.39013599308169, 23.809585003345262], [68.40152699227696, 23.79041700344203], [68.35513999261661, 23.810973002602054], [68.3301399926666, 23.787361003707417], [68.3251419924091, 23.79792000320566], [68.34735899262347, 23.819583003053197], [68.34430699217398, 23.839309003507765], [68.37708299278597, 23.857916002721424], [68.37790599296727, 23.87431000330406], [68.38764199318348, 23.874032003074547], [68.39568999199957, 23.87819600354277]]], [[[68.24819099252034, 23.880420003580355], [68.25485999339406, 23.875142003001088], [68.25180799204526, 23.862360003511412], [68.23402399211358, 23.84291700351696], [68.21597299245968, 23.847630003222093], [68.21597299245968, 23.866809002733362], [68.24819099252034, 23.880420003580355]]], [[[68.4493019920933, 23.938472003380298], [68.45874699327919, 23.930691003387153], [68.45456699297239, 23.929310003553894], [68.45096599238667, 23.921249003238984], [68.44402999269005, 23.91930900370761], [68.45180499330587, 23.915972003605134], [68.44430599282737, 23.913194003200715], [68.45153099236148, 23.913472003430286], [68.45041699225044, 23.905420003530367], [68.44431299225084, 23.90931000305426], [68.44291599257906, 23.908189003519738], [68.45041699314976, 23.904583003602795], [68.44680899224124, 23.898751003556015], [68.45207999249772, 23.881810002929342], [68.4437479931754, 23.878471003633933], [68.44209299239776, 23.8704220029731], [68.42597299275945, 23.864580003364495], [68.41958699324522, 23.870971004008652], [68.42069199294116, 23.87708300347788], [68.41069799251841, 23.885421003976205], [68.42930499263139, 23.89597100395872], [68.42236299265807, 23.89486100313286], [68.4084689931496, 23.885140002709022], [68.41707499251697, 23.872361003357696], [68.39346999304581, 23.880420003580355], [68.37735699283098, 23.876530003157143], [68.37236099266573, 23.85957100259975], [68.34986099199125, 23.846251003481086], [68.3565299919656, 23.863201003623487], [68.35597199231364, 23.890141003104873], [68.3676379924994, 23.89069400342555], [68.35846699315726, 23.894029003435833], [68.35430999301184, 23.88820100267418], [68.35569799226857, 23.88458000296481], [68.35320199227817, 23.883739003752055], [68.35291299244068, 23.900693004078903], [68.40513699327767, 23.912362003503688], [68.42736099291557, 23.933472003030545], [68.44097199286324, 23.934579002818793], [68.4493019920933, 23.938472003380298]]], [[[68.53541499270779, 23.945973003051677], [68.54235899187404, 23.933750003260116], [68.55819699289697, 23.93097400384727], [68.55847299213491, 23.923195003047], [68.58875299275644, 23.916811003624957], [68.56708599272446, 23.90347400372235], [68.54680599280238, 23.872917002917404], [68.53708799251689, 23.867361003907263], [68.53263899329494, 23.87625200292763], [68.51708099259378, 23.856528003464632], [68.50041899314209, 23.866529003310916], [68.50208199338937, 23.87542000412992], [68.49096699253272, 23.866251003081402], [68.48596899317454, 23.889869003152], [68.51208499242853, 23.903195003446683], [68.5256959923762, 23.89264100327972], [68.51402999219044, 23.904583002703475], [68.53180699269859, 23.923471003184318], [68.53763699355244, 23.91763800309144], [68.52541399286156, 23.94014000385812], [68.53541499270779, 23.945973003051677]]], [[[68.514578993226, 23.949583004052442], [68.52291799287116, 23.94541600344587], [68.514578993226, 23.949307003015804], [68.514578993226, 23.949583004052442]]], [[[68.49764299282992, 23.967470865787902], [68.49957999312227, 23.948749003363844], [68.51875199320995, 23.940694003325632], [68.50569199259144, 23.941804003252173], [68.51847199288824, 23.935694003875255], [68.51847199288824, 23.92430500297354], [68.48041499245801, 23.890416003196037], [68.46736199306156, 23.89458300290329], [68.47957599243813, 23.88903100317833], [68.47180199276778, 23.861531003053415], [68.44402999269005, 23.84847100333417], [68.43235699308082, 23.852084003573964], [68.4281929926126, 23.86181100337518], [68.4398569927061, 23.866529003310916], [68.45318599223981, 23.879859002890726], [68.45819099282011, 23.914584002549702], [68.45124799280069, 23.91986100398219], [68.46291299294035, 23.93180500349814], [68.44876199327143, 23.9401400029588], [68.4281929926126, 23.93653000375673], [68.43680599230277, 23.957361003907238], [68.4490289929937, 23.959584002999406], [68.44374799227609, 23.968287456500946], [68.49764299282992, 23.967470865787902]]], [[[68.35846699315726, 23.97500411155056], [68.37518094464491, 23.967455875887993], [68.43402999288992, 23.965972003505215], [68.41152999311475, 23.925980002874894], [68.3870839926322, 23.914304003127313], [68.37625099308889, 23.920419002734832], [68.37654099297248, 23.91486000358634], [68.34652699202712, 23.90403000328206], [68.34874699277952, 23.865141004054124], [68.3362499929429, 23.838760003371533], [68.33763799219963, 23.819305003723002], [68.3209689924251, 23.807082003032065], [68.31458199286476, 23.824030003981534], [68.30374999336755, 23.824584003449047], [68.28875099236444, 23.817361003107862], [68.29569299233776, 23.8043110029505], [68.27430799271974, 23.797362003553644], [68.27041699225043, 23.785690003091247], [68.26568599261452, 23.792922002948103], [68.26597499245202, 23.746250003634827], [68.25402799279766, 23.71875000261059], [68.26680699214904, 23.69180600384408], [68.25595799276721, 23.67958000301479], [68.23847299223485, 23.680971003309196], [68.22680599290231, 23.690140003458453], [68.22930899321551, 23.70292100290203], [68.20764099223805, 23.70680700314074], [68.19264199303359, 23.73097000316318], [68.21180699189921, 23.76348200329187], [68.2137529926066, 23.755416002746358], [68.21958099246888, 23.75486000318665], [68.22598299272101, 23.7626390030876], [68.22458599214985, 23.771806003144604], [68.23430699257369, 23.774860002786966], [68.23263599285684, 23.782084003174248], [68.22429699231242, 23.773469002492504], [68.21791699307482, 23.781250003385026], [68.20929799310795, 23.810970003363025], [68.21291199249453, 23.834584003249176], [68.23457999347198, 23.835970003313037], [68.24540599359176, 23.85375900257594], [68.24958099276864, 23.84653200294963], [68.25707999324715, 23.84458300300321], [68.26040699288848, 23.824859002640892], [68.26096999277098, 23.837360003561344], [68.27735999226991, 23.834304002927468], [68.28735999207004, 23.839307003415513], [68.26347299308424, 23.83791600312111], [68.25791899236765, 23.84542200302309], [68.24958099276864, 23.84874900266442], [68.25791899236765, 23.870702003294866], [68.28041799209672, 23.86791700346697], [68.29319699234736, 23.872922003148005], [68.2976369929529, 23.86791700346697], [68.30513799262434, 23.865695003521637], [68.31764299282992, 23.880420003580355], [68.30235899217382, 23.8670800035394], [68.29319699234736, 23.875142003001088], [68.28180599225277, 23.870141003504557], [68.25901699264017, 23.875142003001088], [68.26125299233178, 23.88653000295733], [68.27847199228864, 23.90236100365746], [68.28346999344552, 23.92041900363415], [68.3248589928483, 23.914304004026633], [68.33819699279701, 23.920417003541957], [68.34597099246736, 23.932640003333518], [68.34623699214353, 23.9604200037802], [68.35846699315726, 23.97500411155056]]], [[[72.65791511019421, 21.470651627170923], [72.66514014570123, 21.47875022903986], [72.67180823736032, 21.51292228683411], [72.68208503049982, 21.515970229542518], [72.67130469705415, 21.51458167990063], [72.6746654455539, 21.521261214533467], [72.73291968759355, 21.536527633443598], [72.74069022577333, 21.54181098948561], [72.74236487763704, 21.55014228823609], [72.73486518288195, 21.556249618425227], [72.7370777066709, 21.54042243984378], [72.71290778546597, 21.53542137199878], [72.70930671113587, 21.53319358851337], [72.70847510714054, 21.533472060886936], [72.70597266530632, 21.532361984518047], [72.70597266620564, 21.532083511245105], [72.68319892269216, 21.542921065854557], [72.66097449677568, 21.52736091577367], [72.6416089949592, 21.526260526002545], [72.64441431317005, 21.5337413727662], [72.61417922199354, 21.55462540503845], [72.60791968694406, 21.58296314343437], [72.6281986175722, 21.616811751960824], [72.67514228229055, 21.62903022726323], [72.70096778343651, 21.65181159972559], [72.7231998392013, 21.638750076554857], [72.74736213145724, 21.64236259475797], [72.74875068109912, 21.643472671126915], [72.75096701981215, 21.64628410292903], [72.75208472602935, 21.65014076278601], [72.787363047067, 21.645139694941008], [72.80903052643771, 21.651807784801463], [72.81430625353084, 21.654581069161054], [72.81652899361819, 21.65682000064254], [72.82068824116948, 21.65875053391005], [72.82958411541466, 21.66514015139694], [72.83513831488136, 21.66792106560473], [72.8323612155977, 21.673196791798546], [72.79818915780345, 21.6615314481179], [72.77985953648846, 21.663194656108544], [72.73625373252378, 21.689584731849948], [72.71124839239945, 21.67847251889168], [72.60041617816415, 21.681531905473094], [72.56263923111567, 21.65875053391005], [72.54736518235734, 21.658472061536486], [72.52402686424847, 21.680139541806454], [72.51791572003452, 21.714582443025392], [72.52153205316176, 21.706529617547858], [72.52179526673825, 21.716249465940166], [72.54041480429981, 21.735692977648853], [72.5434741917806, 21.742921828979263], [72.54417228152562, 21.74991416940344], [72.544328683522, 21.752016067587476], [72.54440879243191, 21.75636863700305], [72.54408454276751, 21.75736045791882], [72.54430579577593, 21.758474349211895], [72.54292487508297, 21.76152992266782], [72.54763984070615, 21.7673625945082], [72.55652599417937, 21.802082999530853], [72.5573596890984, 21.80264091464653], [72.56118964538587, 21.807104110566286], [72.56164359437645, 21.807790756438294], [72.56197547298973, 21.808729171114408], [72.5634403166174, 21.81089973523467], [72.56386374891292, 21.81209373453828], [72.56442069455949, 21.812940597330737], [72.5647602021217, 21.813753128504118], [72.56485938475288, 21.813753127604798], [72.56487845757482, 21.81403160087774], [72.56514167205057, 21.814027785953613], [72.56540870055113, 21.815141678146006], [72.56709479718722, 21.817079544485466], [72.56747626621677, 21.818922043117823], [72.57110170048315, 21.82354747223809], [72.61673859900719, 21.868077205498707], [72.62873769009241, 21.90906192276958], [72.60835456311264, 21.932420731031982], [72.63675702481692, 21.954174113644456], [72.62552811672924, 21.953006796326633], [72.58850669282964, 21.92290306102751], [72.57952915654539, 21.884410315683567], [72.51661975919461, 21.879489979978644], [72.50486182491335, 21.909582137405778], [72.50486182581267, 21.98097419750127], [72.54736518415598, 22.149862290312512], [72.56903799560706, 22.187920001207146], [72.6012515970836, 22.2134838113289], [72.64848517804859, 22.21681022731019], [72.70014380839012, 22.184305190632074], [72.75403022221701, 22.173196792597935], [72.80874824003928, 22.245973587411186], [72.87790870172529, 22.22375297551946], [72.9104251813771, 22.24319267320334], [72.91874885117858, 22.27264213642553], [72.91319465171188, 22.276533127002267], [72.8993091534947, 22.24819374104834], [72.8668041177159, 22.24263954158164], [72.85264014712516, 22.28181266722089], [72.84374808690472, 22.28236579884259], [72.75208472782799, 22.230970382077544], [72.68792151906291, 22.23847007773196], [72.65625953205182, 22.279031753912363], [72.63541221100479, 22.284582139354313], [72.59597205596566, 22.273473740420854], [72.55985450198375, 22.245969773386378], [72.55735968999772, 22.259309769830054], [72.54125403814339, 22.243196489026786], [72.54181098468922, 22.248750687594224], [72.53320502758999, 22.246252060684128], [72.5409717508457, 22.257081986344645], [72.53486060573243, 22.26041603217419], [72.53735923264253, 22.27375221279442], [72.55375098671874, 22.278192520968105], [72.5426425886846, 22.28097343517595], [72.52597236133545, 22.269311906419375], [72.52403449589531, 22.244859696118112], [72.485971446625, 22.19735908575325], [72.47374915639853, 22.201250077229304], [72.48513984262968, 22.222639084226387], [72.47876166811653, 22.228479386814286], [72.49125098684362, 22.23013877988086], [72.49263953738478, 22.2370853430142], [72.48903083320647, 22.235418320998747], [72.47986030061242, 22.23430442880641], [72.47764014697526, 22.23513984772586], [72.49236487903602, 22.238752365928974], [72.49292182468253, 22.24819374194766], [72.47069739786667, 22.238752365928974], [72.43514441937953, 22.30125236580409], [72.38874625643462, 22.31041908347396], [72.41236304781648, 22.35847282456126], [72.39375114010306, 22.382642747564773], [72.37623786398632, 22.3851375595508], [72.36097144597551, 22.371530533707187], [72.38237189774492, 22.3754215251833], [72.40430640741482, 22.35153007635199], [72.37903022296649, 22.335973740295913], [72.37317847650553, 22.31264305113598], [72.3831882429431, 22.29986000123813], [72.413751596559, 22.29763984760092], [72.41652869584271, 22.22736167969782], [72.3995838101448, 22.199308395965772], [72.39264106193554, 22.213193894182893], [72.37735938512759, 22.226251603328876], [72.37986182516318, 22.257360459617587], [72.35624884960475, 22.271249771859516], [72.37097358076619, 22.245141983415863], [72.36013984018155, 22.22514152606061], [72.362077706521, 22.205141068705416], [72.38652610189814, 22.189031601926956], [72.39152716974314, 22.167917252379368], [72.38652610189814, 22.172361374577804], [72.38707541859577, 22.159860611977706], [72.37735938512759, 22.158472062335875], [72.37597083368706, 22.149862290312512], [72.37209510190746, 22.171808243855423], [72.3590183199396, 22.172643662774874], [72.36374854435991, 22.189031601926956], [72.3576450290949, 22.19292259340301], [72.35320472092121, 22.164579392525013], [72.34402655937828, 22.168474198925196], [72.35679816540306, 22.150140763585398], [72.34349250147784, 22.12486076421294], [72.33957862225566, 22.138750077354246], [72.31624411907092, 22.146532059407093], [72.31764411348513, 22.18069648825241], [72.2943057953762, 22.202363968522377], [72.30014228214065, 22.185968400421416], [72.312639230716, 22.18069648825241], [72.31041907617947, 22.14458274919457], [72.32375525859834, 22.130136490406755], [72.31125068107411, 22.111532211642327], [72.31541632999966, 22.09958458066393], [72.27986335151252, 21.964307785076244], [72.27098273606447, 21.967641830905848], [72.2790317475172, 21.954862595932127], [72.27847480187069, 21.93208122167107], [72.26319312416342, 21.94653129718165], [72.2615299170721, 21.980974198400588], [72.25180625285634, 21.98736381678674], [72.26069831307672, 22.01931190512039], [72.2451419770207, 22.032915116039817], [72.24153327374165, 22.049585343388912], [72.28653144317161, 22.07430458129147], [72.2979221285035, 22.06347084070677], [72.30403327361677, 22.072080612730133], [72.29515265816872, 22.080690384753495], [72.30263328010187, 22.089025498428043], [72.30014228214065, 22.10875129743448], [72.27736091057761, 22.090696335367625], [72.2768039649311, 22.098196030122722], [72.2654170927247, 22.10542106742838], [72.27819251367362, 22.08041954132881], [72.23319434514298, 22.05375480723859], [72.23263739949647, 22.017641068180808], [72.22319983930117, 22.020971299086227], [72.20958899853349, 22.010419845799277], [72.19597052881693, 22.02264213602581], [72.18596839312687, 22.019582749444396], [72.18208503149907, 22.035142899525226], [72.17236518220744, 22.041532517012115], [72.180971140206, 22.03319358931276], [72.17986106293779, 22.01902961782264], [72.19708442100927, 22.016809464185485], [72.20041846593949, 22.00430488666126], [72.21373938956123, 21.999029159568124], [72.23097419150577, 22.007642746515614], [72.22097205581576, 21.956251145573958], [72.19069861754724, 21.942361832432653], [72.16401862465983, 21.959863662877808], [72.15625190140418, 21.975694657282645], [72.14653205301187, 21.983472824411365], [72.16097449687561, 21.961812973989595], [72.14708899865843, 21.954862595032807], [72.16707801214062, 21.954862595032807], [72.19014167190068, 21.937082291314766], [72.22014045182044, 21.947919846823538], [72.25319861832162, 21.897363662103373], [72.26014136653089, 21.784311294230918], [72.27098273606447, 21.751531600103306], [72.26458167470457, 21.74041938714504], [72.24708747230903, 21.790971755142436], [72.21875190127929, 21.80180549572708], [72.20903205198766, 21.820695876713387], [72.20319556612253, 21.824861526538257], [72.19708442100927, 21.827360152549034], [72.18931006790535, 21.828199386392612], [72.18541526240449, 21.827360152549034], [72.1829166354944, 21.82375144926999], [72.20514106231025, 21.82236289962816], [72.21541785544974, 21.802080154975215], [72.24124717151983, 21.787363052762714], [72.24708747320835, 21.751249312805612], [72.30597113995623, 21.628469467591913], [72.2690296118272, 21.573751448870325], [72.2540264064935, 21.501810073875845], [72.23513984133069, 21.456529617148135], [72.12153052691235, 21.325422286309504], [72.10902594938813, 21.301530837478197], [72.10901831953987, 21.28292274378964], [72.10180854193072, 21.277917861919832], [72.09291264340385, 21.287363052862645], [72.09819983865168, 21.264028549677903], [72.08125495295377, 21.248472213621824], [72.0909748022454, 21.226530075002984], [72.11235999431835, 21.22263908352693], [72.10514258776027, 21.215421676968845], [72.11429023080956, 21.21181297279054], [72.1137485448595, 21.196527481058467], [72.05568885135943, 21.174032210817927], [72.04651831966476, 21.159032821307733], [72.01819037758389, 21.154310226735618], [72.00818824189389, 21.13264274556633], [72.00373267582239, 21.141530989963258], [71.98986243640235, 21.141530990862577], [71.97403144289683, 21.12903022736316], [71.97680854218055, 21.120969772037427], [71.9601383148314, 21.124586105164667], [71.89930915189592, 21.109312057305658], [71.8790302203684, 21.089582442475773], [71.80208777662966, 21.062921524209003], [71.79625128986521, 21.053190231943688], [71.80681037300036, 21.03791618318536], [71.77820014182316, 21.039865493397826], [71.78542517912877, 21.03153037972328], [71.7293033537668, 21.013471602732352], [71.72736548742733, 21.02124977165971], [71.71514319720086, 21.02041816766433], [71.67958258886546, 20.997362136853155], [71.64653205221248, 20.99486350994306], [71.62791632867567, 20.96930503819698], [71.6123403469295, 20.972669861524935], [71.5651416704518, 20.949583054114726], [71.54569434381898, 20.95070075943255], [71.53402900013828, 20.943197250652645], [71.51486396080321, 20.948194503573518], [71.50653266205279, 20.931806564421436], [71.51597785299555, 20.92236137347868], [71.488199226713, 20.914861678723526], [71.48513984013158, 20.910696029797975], [71.49513816089745, 20.90764045724137], [71.4823551109996, 20.906251906700163], [71.47708319972992, 20.88986015352333], [71.44847297035136, 20.88153266879766], [71.43958472505506, 20.869306563647058], [71.38680457357225, 20.863470076882606], [71.38903235795703, 20.874029159118436], [71.37790870022639, 20.874029160017756], [71.38458442083441, 20.857084274319845], [71.32264136570655, 20.8462505337352], [71.23263739879695, 20.804029464488224], [71.20903205218752, 20.802087783224692], [71.20208167413, 20.78847312933152], [71.15569495505821, 20.77847480766627], [71.14321050795866, 20.764171047356], [71.14556781720108, 20.757081986644437], [71.08597754772569, 20.756250381749794], [71.07763861912701, 20.750143050661336], [71.08152960970381, 20.738470077132376], [71.07375525749922, 20.7354183194999], [71.04569434481823, 20.73097038237728], [71.00528017723843, 20.746637495124332], [70.9978590922234, 20.73552752687391], [70.99125098444546, 20.731532857955074], [70.99902915247344, 20.74236106860849], [70.99125098444546, 20.74597358591234], [70.9389796450946, 20.73322999466859], [70.92195312343796, 20.744351695474393], [70.87486456984408, 20.72680473255241], [70.86347388451219, 20.739862441698392], [70.8631954112393, 20.754861831208586], [70.85291480227636, 20.754030228112583], [70.86235999231985, 20.752084731924867], [70.85736273939898, 20.74319267260381], [70.87264441620692, 20.72430992146576], [70.86792182073549, 20.712640761961666], [70.87403296674808, 20.704862594832946], [70.84485816097538, 20.707361221743042], [70.83403205113831, 20.699312210290316], [70.83819770006386, 20.690141677696317], [70.82235526268528, 20.690969466767513], [70.79208563934083, 20.712362289588043], [70.75847052809246, 20.722642898550987], [70.74375342498064, 20.71986198344382], [70.70347785192138, 20.737916945510676], [70.67347144305273, 20.764585494525022], [70.66291617574097, 20.762083052690798], [70.66652869394414, 20.75597190847685], [70.66625403649465, 20.752359389374362], [70.65708350390065, 20.764585494525022], [70.61458777540554, 20.769861221618157], [70.43902777870909, 20.852640152121353], [70.41124915242648, 20.877641678220925], [70.4195842670004, 20.88152885567223], [70.41708564009025, 20.88708305423961], [70.40735434692562, 20.882360459667552], [70.37097357936727, 20.90263939029569], [70.37458228264626, 20.89624977190948], [70.37375067865094, 20.89486122226765], [70.3509731211127, 20.91041755652509], [70.35125159438564, 20.920694352362545], [70.34514044927238, 20.915697097642976], [70.32070349866757, 20.927362442223], [70.25152777818448, 20.979028702412734], [70.23958777615502, 20.992639542281097], [70.24764441655662, 21.000421524333944], [70.23819922561381, 20.993749618650043], [70.24041937925102, 20.999582290490366], [70.2262515937361, 20.999029160667305], [70.14290045968852, 21.068471909650953], [70.13791846466546, 21.0779247295427], [70.14624976341588, 21.080694199877485], [70.13597296847774, 21.08570289667142], [70.13236426519876, 21.079862594982842], [70.09958457197047, 21.104581832885344], [70.03208350335103, 21.17402839769244], [70.0381946484643, 21.183473587735932], [70.02847479917273, 21.178750992264554], [69.99846839120335, 21.20736122164311], [69.77820014132351, 21.457914353664535], [69.78763770241807, 21.45153236512658], [69.79985999354392, 21.45208168182421], [69.80486487541373, 21.46402931370193], [69.79569434281973, 21.452642441495527], [69.77514075384278, 21.45985984985225], [69.6137485426612, 21.627641679420037], [69.59097480004704, 21.638471605080554], [69.59319495278493, 21.629304887410683], [69.58764075421749, 21.620969773736135], [69.59097480004704, 21.635419847448077], [69.4323596872498, 21.76736259630684], [69.3737506788508, 21.82819938819125], [69.32375525649996, 21.860971451571288], [69.23652838797477, 21.938196184406422], [69.19736670620858, 21.980695726026966], [69.20153235603345, 21.98458290257895], [69.19291876908596, 21.9837474836595], [69.17708014663151, 21.999570848216138], [68.95736884329756, 22.23765373523173], [68.95263861797787, 22.25125313032777], [68.95791815909581, 22.257921221087543], [68.93597602047703, 22.312086108187373], [68.9426441112368, 22.332921984462075], [68.95513724488802, 22.3351383231751], [68.95680426690348, 22.366529467660882], [68.98457907736258, 22.414304735475184], [69.00791739637083, 22.439859392297194], [69.05986212893418, 22.467363360230934], [69.06736182368928, 22.480142595204654], [69.08542059978089, 22.472360613151807], [69.07347296880255, 22.45208168252367], [69.0437488472316, 22.432638170814982], [69.06930731897762, 22.395696642685948], [69.09153174579347, 22.39458275139293], [69.10264014382761, 22.410142901473762], [69.12903021956902, 22.397920611247287], [69.1698627391741, 22.41430473637456], [69.17569922593856, 22.424322130861697], [69.19403266037904, 22.423749926417997], [69.19346808578359, 22.408750536907803], [69.20430945621649, 22.401811601824022], [69.19821356900104, 22.38764381630915], [69.17875098447041, 22.377920152992715], [69.17624854263619, 22.347639086674576], [69.16764258463763, 22.34514045976448], [69.16819953118346, 22.32652855115174], [69.15791510729645, 22.312917711283376], [69.20263861837759, 22.266530993110905], [69.23263739739804, 22.257917407062735], [69.28375433999088, 22.272085192577606], [69.29514502622203, 22.279863359706326], [69.29236029709011, 22.286252977193215], [69.31986045099904, 22.291250231013407], [69.32375525560064, 22.30347252123994], [69.33764075471709, 22.311807634914487], [69.33429907903934, 22.33041954262785], [69.3665332713934, 22.322084428953303], [69.36458777610505, 22.316526415461738], [69.38318823904604, 22.32236290222619], [69.41930579392732, 22.315694811466415], [69.45430945571684, 22.335702898669865], [69.46736335083801, 22.33014107025423], [69.48847388456215, 22.33791923738295], [69.49013709345218, 22.35569572707618], [69.52375220559986, 22.385694506096627], [69.51513861865237, 22.416814806258344], [69.50319861662291, 22.42458153041332], [69.49819373385378, 22.435693743371587], [69.50708197825077, 22.423749926417997], [69.52292060160454, 22.426530839726524], [69.55069922698777, 22.40486336035582], [69.55735968879867, 22.37542152608262], [69.55042456863896, 22.37235832457708], [69.56180762592123, 22.35569572617686], [69.57569312413841, 22.368474962049902], [69.59124945929517, 22.360971452370677], [69.57180976161129, 22.33430671828046], [69.57569312413841, 22.31903267042145], [69.57291602395537, 22.33319664191157], [69.58180426835236, 22.34625053613337], [69.60486029916353, 22.35125160397837], [69.60569953210779, 22.340974809939553], [69.60735511025018, 22.33847236810533], [69.60901831824083, 22.349309922714838], [69.61235999391863, 22.340414049368917], [69.60624884880536, 22.327085496798304], [69.60680579445193, 22.325693132232345], [69.61736487668776, 22.34625053523405], [69.61792182233427, 22.368474962049902], [69.6431941909592, 22.355970383626357], [69.65458869211449, 22.35902977110709], [69.66401862336085, 22.39375114649829], [69.69930457334743, 22.395971300135443], [69.69236182513816, 22.41986274896675], [69.70208167263115, 22.433752061208736], [69.69790839475667, 22.442922593802734], [69.67180442123708, 22.439306260675437], [69.67180442123708, 22.450700761830717], [69.67485617886962, 22.442083359959156], [69.6881961753133, 22.444307328520438], [69.7009677822374, 22.457361222742293], [69.70347785302056, 22.44708061377935], [69.72820472077132, 22.473752977717822], [69.74041938025027, 22.459032060581194], [69.73486136675871, 22.44375038287393], [69.74458503007514, 22.430692673727947], [69.7556934290086, 22.426248551529454], [69.75958441958534, 22.44153022923672], [69.77903174711747, 22.41263771256041], [69.79763983900745, 22.39985847578805], [69.8229160243551, 22.42735862879772], [69.82903479751792, 22.444860460142195], [69.82092997863566, 22.45208168252367], [69.82708167328065, 22.458196641661743], [69.82985877346368, 22.449861527987196], [69.83429526581392, 22.453191758892615], [69.834588997884, 22.475431443606283], [69.83625220587464, 22.454030991836873], [69.86042212707957, 22.446805955430534], [69.87597083418672, 22.448194505072422], [69.90040778389215, 22.467920304978122], [69.91402625270945, 22.456251146373347], [69.91319464871412, 22.48958397122334], [69.93818854496544, 22.51375007750414], [69.95735739922463, 22.495416643063663], [69.95903205108834, 22.509309770229777], [69.94486426557347, 22.51486015477235], [69.94597052881693, 22.52847480956484], [69.97347449585135, 22.5407009147155], [69.98401831929004, 22.541810991084446], [69.98153113535369, 22.535421373597558], [69.98291968589484, 22.53486442705173], [69.98569678517856, 22.541528702887376], [69.97625159513507, 22.54319572580215], [70.0040302205183, 22.544305803070415], [70.01040839503145, 22.54875374019298], [70.01986121402388, 22.54680824490464], [70.02680014910766, 22.55097389383019], [70.02819251367362, 22.54680824490464], [70.02347754715112, 22.54319572580215], [70.02208899750929, 22.53957939267491], [70.02347754715112, 22.53958320759898], [70.03901862351074, 22.562921525707907], [70.06458472510502, 22.54680824400532], [70.08569525972848, 22.544862748716923], [70.16291999076503, 22.551530839476698], [70.18820380506162, 22.5854206099732], [70.19430732032663, 22.582918169038294], [70.19429969047837, 22.60375023128819], [70.20318030592642, 22.60542106822777], [70.19736670780736, 22.61680793863553], [70.21985434819965, 22.629579545559636], [70.2162494580461, 22.641534807285552], [70.21930884552688, 22.637361528511803], [70.22598456703417, 22.6398601554219], [70.23513983993172, 22.649869920060837], [70.22902869391913, 22.657365800791126], [70.24292182198457, 22.66264152698494], [70.24680518361237, 22.67181205867962], [70.23874854411008, 22.678194047217573], [70.2454090050216, 22.679311754334037], [70.2531986169227, 22.69292259330308], [70.23847006993782, 22.701810837700066], [70.24653052616293, 22.711530686991637], [70.25514411221104, 22.706533433171444], [70.25875281549008, 22.726530076501888], [70.2509708334373, 22.72458458121349], [70.25291632962495, 22.733472825610477], [70.26071356957561, 22.730962754827317], [70.2626438069662, 22.737363817086532], [70.26458167330566, 22.738195421081855], [70.27597235863749, 22.731252671973266], [70.28875159540985, 22.745969773286447], [70.28375434158966, 22.746805192205898], [70.28264044939726, 22.74875450241842], [70.30319403927354, 22.75763893279054], [70.30681037150151, 22.780141831980018], [70.3012485439852, 22.777639390145794], [70.3004169390905, 22.77819633669162], [70.3129215175141, 22.78569603144672], [70.30930136946267, 22.795972825485535], [70.31986426572337, 22.79652977203142], [70.31846808713254, 22.805421830453156], [70.32375525719942, 22.803194046967747], [70.33735846721953, 22.82458305576347], [70.35373877742268, 22.87070274543538], [70.38513755175666, 22.909864427201626], [70.41347693771058, 22.918195725952046], [70.42347144445165, 22.932638169815732], [70.44264411363497, 22.974851610113774], [70.43763922996652, 22.975141526360403], [70.45430945731567, 22.985139848924916], [70.47152900046308, 23.012361527762323], [70.49347113908186, 23.07514000091038], [70.43792151816359, 23.062643052335034], [70.40125464748405, 23.030702592051057], [70.39375495272895, 23.001527788077], [70.38263511082175, 22.997922898822765], [70.39457511285121, 22.99542045788786], [70.38680457377211, 22.94819450587181], [70.34764289290524, 22.930418016178578], [70.3101444191297, 22.941530230036165], [70.3073596890984, 22.951250078428416], [70.27929877461884, 22.948751450619], [70.23764228086662, 22.979585649458215], [70.22931098301552, 22.97708320762399], [70.22707938460599, 22.965974808690532], [70.19936354718999, 22.992975985453427], [70.20068930886458, 22.981527329822484], [70.22513770424172, 22.9601383228254], [70.16179847052302, 22.942640306405053], [70.11985968767448, 22.964582445923213], [70.13402747408873, 22.98486137655135], [70.1290264053444, 22.992086412957633], [70.14347266503154, 23.009031298655543], [70.14125251049501, 23.012575328088985], [70.112077706521, 22.97153282488], [70.11097144417687, 22.96013832372472], [70.12652777933363, 22.946527482957038], [70.11097144417687, 22.952642442994375], [70.10125159488524, 22.94180870330905], [70.09541129319666, 22.95097542097892], [70.09097480084642, 22.952642443893694], [70.09986304524341, 22.93819237018181], [70.11125373057524, 22.949583055513642], [70.13903235595853, 22.941251757662542], [70.13207816297688, 22.924581528514807], [70.10597419035668, 22.909032824105623], [70.03264044989692, 22.89542198423726], [69.9959735801167, 22.902921678992357], [69.93708228352062, 22.893194201651113], [69.90569495395903, 22.86625099428801], [69.8668079305416, 22.87292289907259], [69.8573627404981, 22.869592669066492], [69.86207770522196, 22.85847282625997], [69.85375022229499, 22.868196490475725], [69.8015587787147, 22.850623155834], [69.75235938317905, 22.819585801943276], [69.74680518461162, 22.7937526727477], [69.72014045052146, 22.762361529161296], [69.70514106011188, 22.72791862704304], [69.70597266410721, 22.740419389643193], [69.6623630452184, 22.75680732969454], [69.66681098234102, 22.77736473359562], [69.65930365773767, 22.756528856421653], [69.64319419185853, 22.765695574091524], [69.63875006876071, 22.773748399569058], [69.63735389016995, 22.78875160400338], [69.63375281583984, 22.795419695662474], [69.63458441983516, 22.77736473359562], [69.64125251059494, 22.766530993910294], [69.60930823538683, 22.767084123733355], [69.6158574600538, 22.757212406827136], [69.60136331776295, 22.757679960761607], [69.56318854571487, 22.773748400468378], [69.55513953516146, 22.792360308181742], [69.54815360060826, 22.779353595991722], [69.48458289398542, 22.787923814932185], [69.49755925765368, 22.782312330449713], [69.46958350447522, 22.773748400468378], [69.44600423820509, 22.777624016235393], [69.39070319439696, 22.813749316078145], [69.36125373117483, 22.82264137449988], [69.35208319858083, 22.8176403075542], [69.35569953170807, 22.828752520512467], [69.34847449530179, 22.8204174059386], [69.31430625153234, 22.832639697064394], [69.26680945609161, 22.82402992504103], [69.2306995319579, 22.834581378327982], [69.22847174847249, 22.842359544557382], [69.2231998372028, 22.83596992707055], [69.19069861724745, 22.841249468188437], [68.83597754682637, 23.043470384950353], [68.81653022109288, 23.05680656736922], [68.82346915527734, 23.05458259970726], [68.81458472400584, 23.0673618355803], [68.80819892144314, 23.060697558845334], [68.75930976143638, 23.080419543826963], [68.71347235906217, 23.118474963249014], [68.65291785447545, 23.154584888282045], [68.6309642719836, 23.17346000957184], [68.63125037420548, 23.17736244492096], [68.65569495375917, 23.15347481101378], [68.67318534033126, 23.143480304272657], [68.68152808475338, 23.141805652409005], [68.65598487090512, 23.155141833928553], [68.63903235625827, 23.182085040392337], [68.58513831348245, 23.221822741526353], [68.58542060078014, 23.23458671950158], [68.59903144154782, 23.240419391341902], [68.60125159518503, 23.218469623774183], [68.6306934276596, 23.213193896681048], [68.63986396025359, 23.22236061435092], [68.62403296674808, 23.220697406360273], [68.62375067945032, 23.226251604927654], [68.61902808487827, 23.219861987440822], [68.60375403611994, 23.242929462125005], [68.64042090590016, 23.244581226242644], [68.64792060155457, 23.257642749413378], [68.67180823546175, 23.270139697089405], [68.656251900305, 23.272081378352993], [68.64068793530004, 23.266530993810363], [68.62959479516371, 23.295141223188978], [68.68430518403704, 23.300416950282056], [68.69476965489571, 23.30986214032555], [68.6587543412399, 23.303472522838717], [68.6606998365283, 23.3198604619908], [68.66819953218271, 23.322916034547404], [68.6679248738339, 23.325422290406436], [68.65875434213922, 23.32292366439566], [68.65680884595156, 23.303197864489903], [68.65014075519173, 23.30430794085885], [68.64457511185196, 23.32264137529927], [68.63569831132804, 23.316530231085324], [68.63764380661644, 23.331251148221952], [68.6245822834457, 23.339029315350672], [68.62708472527993, 23.34680748337871], [68.63485907748452, 23.339311603547742], [68.63709067499474, 23.346250537732203], [68.63319586949382, 23.352083209572527], [68.622919075455, 23.350416186657753], [68.61291312394155, 23.361806872888906], [68.61958502962545, 23.365419391991395], [68.60013770389196, 23.384584430427196], [68.60319709047343, 23.35930824597881], [68.5809726645569, 23.389860156620955], [68.56819342868386, 23.388200763554437], [68.58013724473813, 23.37903023096044], [68.57068824066982, 23.375131610535448], [68.55708121572559, 23.38958168334807], [68.5645847245055, 23.4001407655839], [68.56041907557994, 23.419309619843148], [68.53569983767744, 23.421251300207416], [68.53264045019665, 23.43347359043389], [68.53791617639047, 23.42430687276402], [68.54097174894713, 23.425691607481724], [68.51597785269581, 23.475420002231374], [68.51236151956851, 23.467920306576957], [68.52485465232041, 23.45542335890093], [68.52319525925384, 23.446531298680554], [68.5023593829792, 23.46542167966686], [68.51208686032038, 23.46597481128856], [68.51152610064906, 23.47375297841728], [68.50042151663973, 23.475973132054435], [68.5023593829792, 23.491811755408264], [68.51291846521508, 23.48486137645142], [68.51902961032829, 23.489030841200417], [68.51291846521508, 23.487642291558586], [68.51458167320573, 23.492921832676473], [68.4990329669979, 23.49402809502061], [68.50403021991877, 23.499582294487368], [68.50375556246928, 23.5059719119742], [68.50013922844272, 23.49846077334604], [68.49180793059156, 23.5009708441292], [68.4990329669979, 23.51514244366888], [68.48401831869052, 23.54818916629705], [68.497362129159, 23.547361377225855], [68.487359993469, 23.577917101892808], [68.48652838947368, 23.595972064858984], [68.4948596882241, 23.60764122256444], [68.48903083040858, 23.635419848846993], [68.50069617498855, 23.65708351509221], [68.51736640233764, 23.660692218371253], [68.51958655597485, 23.6526393919944], [68.52319525925384, 23.651250842352567], [68.53901862381048, 23.662363056210154], [68.52014350072204, 23.654584887282795], [68.52486609709274, 23.690698627239897], [68.54625129006502, 23.69681358637797], [68.55847357939223, 23.719312670643262], [68.59541510752126, 23.730138782279028], [68.60347174882219, 23.74875068999239], [68.63263892384731, 23.757917407662262], [68.66625403689432, 23.808473590583787], [68.67791938057502, 23.807641986588465], [68.68736457061851, 23.821809772103336], [68.7184772418313, 23.825971607004135], [68.74263953498661, 23.837080005038274], [68.74318885078492, 23.843751910722176], [68.7276401445771, 23.830972674849136], [68.72208594600966, 23.831808093768586], [68.73707770567165, 23.843202594024547], [68.7256946492887, 23.846250537632272], [68.72902869421893, 23.854860309655635], [68.74680136988735, 23.859861376601316], [68.76125525672478, 23.875421527581466], [68.71624945834589, 23.85736275059054], [68.66013907685698, 23.858472827858748], [68.6659717486973, 23.852079395447788], [68.64486121407384, 23.846250537632272], [68.64679526548917, 23.839582446872498], [68.63736151931874, 23.83596992777001], [68.60486029846408, 23.838197711255418], [68.60375403701926, 23.850141528209008], [68.60013770389196, 23.839582446872498], [68.57625006818614, 23.82347679501811], [68.52903174691767, 23.755422595676293], [68.52625464673463, 23.77347374281902], [68.51542090614993, 23.78542137469674], [68.51790808918702, 23.795419696361932], [68.53098487115494, 23.800142291833367], [68.53514289113156, 23.806249622022506], [68.53736304566809, 23.81514168134356], [68.52597235853756, 23.802080158172828], [68.52292060090508, 23.81708336260715], [68.51513861885223, 23.82486153063519], [68.54680823571158, 23.83596992866933], [68.5729122092311, 23.880971912124096], [68.61347388451219, 23.90319633804063], [68.63846778166283, 23.894861224366082], [68.66319464851426, 23.917360309530693], [68.6623706743672, 23.922639849749316], [68.65957831538702, 23.921808245753994], [68.63819312331407, 23.90319633804063], [68.61985968797427, 23.906530382970857], [68.62235831488437, 23.927362445220695], [68.61429785955863, 23.922639850648636], [68.59596823914296, 23.941804889084437], [68.58736609696786, 23.940694812715492], [68.588472359312, 23.922357562451623], [68.55874823774104, 23.924028400290467], [68.55930136936274, 23.931806567419187], [68.54374884823079, 23.935140613248734], [68.53736304476877, 23.946809771853566], [68.54500777768686, 23.96728313321006], [68.75255316749474, 23.96737093492078], [68.7695993267476, 24.272605169393103], [68.76167782027522, 24.292084471421276], [68.8243374174379, 24.316757719792975], [68.84238695479416, 24.28075763435737], [68.85276602872932, 24.216833068791118], [68.8679182724104, 24.21192750445084], [68.88455959734762, 24.22516399971886], [68.90273745177205, 24.274598414185505], [68.94317492618194, 24.302120570907675], [68.96905277326692, 24.271706085667347], [68.98208288311861, 24.233380259891135], [69.00519074365798, 24.223190692896196], [69.09201412415257, 24.272334459068077], [69.19276826034701, 24.237929034397496], [69.30863075780331, 24.280705843300098], [69.37507297004157, 24.270400722415445], [69.4430566166696, 24.280015817775848], [69.48444599198899, 24.267795153523593], [69.5878698637033, 24.291326259299467], [69.73009270081752, 24.17183901645751], [70.0164739705973, 24.169912895263963], [70.0656002620425, 24.198072472566594], [70.10926246249272, 24.294571679639375], [70.24600490120531, 24.32456146723797], [70.30403949822431, 24.348114432834848], [70.37243529425348, 24.35369155781916], [70.42521085199928, 24.38014306714888], [70.57357694721838, 24.421688958678544], [70.60002655448199, 24.40824606450434], [70.58001772803578, 24.36638668549716], [70.55990815323872, 24.352381661984168], [70.58197012562084, 24.27808282486251], [70.57605174209425, 24.25222683490057], [70.66956958776632, 24.220318727727147], [70.72203817182424, 24.21652866716431], [70.8339203112734, 24.228845987852083], [70.85487962309617, 24.2445334711428], [70.8789920956088, 24.246411526270947], [70.90659020007774, 24.261454644416347], [70.87790390783914, 24.27535634122222], [70.87400949084537, 24.2972803189316], [70.9490480113567, 24.352516171783975], [70.98789472086474, 24.36670553023606], [71.00246834793597, 24.352925980249836], [71.0367976863642, 24.353276894812893], [71.0561225936828, 24.36152639123003], [71.07813073084861, 24.38725439237635], [71.1120755425523, 24.39654753584017], [71.12182770628368, 24.407451763488154], [71.12418439139662, 24.419459848693123], [71.10902040526753, 24.436773038245178], [71.02843795374861, 24.43619164902543], [70.99727620922971, 24.448389580215007], [71.00529571482542, 24.52894598646816], [70.98820833334798, 24.547589122240254], [70.99066582256972, 24.605497382498243], [71.01074819557283, 24.636737605456176], [71.05122063832187, 24.65252399618555], [71.09782056326844, 24.686576570052694], [71.13750183014542, 24.66377395470431], [71.28890364628631, 24.612805531550066], [71.31294768758579, 24.64542997391419], [71.34248844188812, 24.658225818466804], [71.3481809184147, 24.65902773584139], [71.35908698067965, 24.632191987570195], [71.3745260721206, 24.62654511746325], [71.48027552679417, 24.67837924330746], [71.52908810323345, 24.68326921340355], [71.54357822825267, 24.674938377803926], [71.56943487921637, 24.68162267884361], [71.59009782935141, 24.667998943596444], [71.6089519532701, 24.674757509751316], [71.65397345650985, 24.637169039919286], [71.70897492625193, 24.658065980160927], [71.7384984090744, 24.657923252356284], [71.79193830680748, 24.67399486397187], [71.80805416866502, 24.658094892465385], [71.80463320335969, 24.625224274180937], [71.83955201501357, 24.618146588993966], [71.85137225252748, 24.607423891299618], [71.86174410130928, 24.626708747310886], [71.85587813207019, 24.65800506997806], [71.86967300020888, 24.678382769549216], [71.8870412525518, 24.66891622690241], [71.91340983449635, 24.6704342996033], [71.91930329960763, 24.66177473751418], [71.91205297336609, 24.64928035920127], [71.92778298649569, 24.62986457269193], [71.93749525899904, 24.629771667328612], [71.98677821953925, 24.655978640202136], [71.98342970181932, 24.669912138834206], [71.99470783789644, 24.685809802680296], [72.04630600861549, 24.70848244081202], [72.07916435205328, 24.69959309654422], [72.08618883514669, 24.677312300222525], [72.07624705205984, 24.67104907795266], [72.0786948106171, 24.65531332175243], [72.11488438230845, 24.634408628455503], [72.14468946714527, 24.636459848942934], [72.15937179617151, 24.616807390548672], [72.20473323325217, 24.614744226165158], [72.22418340713858, 24.635002911255413], [72.24316271758539, 24.62284264637111], [72.26908643908797, 24.624227045641703], [72.30947965606134, 24.610753474693126], [72.32547013443923, 24.613706789836556], [72.33471231422197, 24.624799087308077], [72.34833917551259, 24.6198681351064], [72.33666822276035, 24.595305894551416], [72.3203890512138, 24.588689945584576], [72.30838239772953, 24.587260613486592], [72.29466826352962, 24.602057306599477], [72.27354787953107, 24.6019693627959], [72.24516325587962, 24.582202920728264], [72.2658314940283, 24.552131859597694], [72.28428255979236, 24.560202356753393], [72.28931671639339, 24.540335739203044], [72.33135508207141, 24.54593587873785], [72.32925105249416, 24.56047907814701], [72.35235576270833, 24.554242715029318], [72.36835780366977, 24.539038307971566], [72.36528842741905, 24.53044858273597], [72.3807207073948, 24.502139066864515], [72.41562962111016, 24.50960649934052], [72.43706267600174, 24.505726016442566], [72.44272623932454, 24.494782327442522], [72.43114453709074, 24.461991950268327], [72.4507076748194, 24.439545686784072], [72.45911706799836, 24.408502543057978], [72.50226805872398, 24.411196448757153], [72.49520516019004, 24.45159731716251], [72.50639895155041, 24.448662251961423], [72.50858387154847, 24.465832019432185], [72.53946082145978, 24.5080563424263], [72.58344844249166, 24.473575029364156], [72.65376142764785, 24.457323709821424], [72.69248807496473, 24.458004650394344], [72.68860655874573, 24.420072012713263], [72.72768424563151, 24.361944835885538], [72.81072513695557, 24.35866716945435], [72.86366386229747, 24.36615255599571], [72.89617598743195, 24.35171533359579], [72.91955467161085, 24.326524778995406], [72.9873487321583, 24.364011458162338], [72.97719312446316, 24.380136001175572], [72.95912937152332, 24.38386181057416], [72.98661902854536, 24.420963684226706], [72.97703717392648, 24.45114624690183], [72.99646656448044, 24.470682841140274], [73.00897223108365, 24.48243223276137], [73.01803541520229, 24.465117736494392], [73.04729503154056, 24.46519855317075], [73.09079742606042, 24.494575790040756], [73.10360132853856, 24.456631455777085], [73.10467268010018, 24.426116270749333], [73.08118563660793, 24.39431772348422], [73.1074813006216, 24.38658646229544], [73.12368241191382, 24.36857428277699], [73.16634347357251, 24.350319654128782], [73.18683473863234, 24.35537105882736], [73.20751378483334, 24.374989109160083], [73.22805309347552, 24.364180633229694], [73.20752260538399, 24.333788155299203], [73.18937044369108, 24.343180834827706], [73.17694181930955, 24.30111629438153], [73.14117242616658, 24.307553272865277], [73.13510857639972, 24.27976312806595], [73.11214042104365, 24.262345130623316], [73.09689589612879, 24.237498868877765], [73.10719443847262, 24.230862611420434], [73.08764335165938, 24.22068574914806], [73.07851349899886, 24.18479756815327], [73.11238569134662, 24.152596390810857], [73.10999941943771, 24.1383234106969], [73.1192521860396, 24.1400316846146], [73.16768841778628, 24.110931094494447], [73.1898642128632, 24.104744576301186], [73.19361432644007, 24.11034815034691], [73.21987547267497, 24.097719187590485], [73.19486346767496, 24.051009958143084], [73.241801526919, 24.010168023535527], [73.2714060089802, 24.027403659151616], [73.28716919720074, 24.026751050820394], [73.32884379880232, 24.072948366374078], [73.33159081306565, 24.11439175857288], [73.35729453881197, 24.113315217923002], [73.37001945653276, 24.12733438417456], [73.36608883733004, 24.08718474857733], [73.39310941067083, 24.071672072807985], [73.41028554084511, 24.050180141999988], [73.40147226213526, 23.989671334664422], [73.41599608295292, 23.98175938798539], [73.42102674568781, 23.93014482622283], [73.40402142734706, 23.915232502777826], [73.39235181368531, 23.915941768397943], [73.35813832772169, 23.861074069212975], [73.36869152389477, 23.82110350032633], [73.35858641043455, 23.78662591765203], [73.37184289043711, 23.765839976233963], [73.38583659238486, 23.76840009518827], [73.39604886276487, 23.783100879202266], [73.41657198990549, 23.778414751239836], [73.42828257667963, 23.76114404116464], [73.44694469983807, 23.751617094653227], [73.47541020941367, 23.70794503493545], [73.50474153049731, 23.702251989138063], [73.50711472266636, 23.67230883588411], [73.49663909212046, 23.649666961760943], [73.50773670188732, 23.643992152415933], [73.49717625537994, 23.632766397351418], [73.50955907009507, 23.61572411237796], [73.52836892938262, 23.61241498046701], [73.57359647719574, 23.654161827306552], [73.61544973811499, 23.65014494962975], [73.65724860893619, 23.621547650703576], [73.64645368578903, 23.60636366005491], [73.64762964199446, 23.57953641397438], [73.63347136411221, 23.546721775789365], [73.63330000998752, 23.529828843026735], [73.65367390902372, 23.514846679130983], [73.6547408763904, 23.50278272444325], [73.64009742235822, 23.49546939079977], [73.62890274606491, 23.451099968888514], [73.64941039227585, 23.439171161619868], [73.67821692027474, 23.455708682309876], [73.70059224883329, 23.4543707878816], [73.71357968585386, 23.41741147925643], [73.7225221629675, 23.411218665808804], [73.76127759668378, 23.457061601711587], [73.77964500841045, 23.4330818043818], [73.82885400061167, 23.445134019319596], [73.83317355861288, 23.42906685215354], [73.89168806804997, 23.350886060843095], [73.89100392409188, 23.335435307893192], [73.9357753852259, 23.339655719236077], [73.9442361135059, 23.37174143621837], [73.95945802676658, 23.379592164247015], [73.97592458195396, 23.36601402282895], [73.98778118445415, 23.335792744339756], [74.02978185324997, 23.330451637433157], [74.03468106927596, 23.303837554059896], [74.04680255899098, 23.305173184894613], [74.04156280028309, 23.294182169071917], [74.10384874442406, 23.292126690294594], [74.11114920697037, 23.275350654109445], [74.1334005019317, 23.262692124342095], [74.13673972515824, 23.224792016038748], [74.12189557751896, 23.20456518043875], [74.12418404096076, 23.176846374360764], [74.14289847588401, 23.173212195986082], [74.15238550778503, 23.155705605429375], [74.18026979631412, 23.150151600216248], [74.20495488156257, 23.189940734477375], [74.23448896379472, 23.18055690517707], [74.24353801236941, 23.186099567241286], [74.26459784231662, 23.163793003544356], [74.28567383757758, 23.11653597635427], [74.28001907232237, 23.09282440542205], [74.30770253864131, 23.07733060552306], [74.32525637058507, 23.040469663843965], [74.34676526080818, 23.027996910628985], [74.36836655277426, 22.9749771473775], [74.3546702809088, 22.97498087326875], [74.3391009676356, 22.962474468322114], [74.35950795362919, 22.930857523855707], [74.39791702964726, 22.89711287246115], [74.42961010802014, 22.920282107233504], [74.43626713711876, 22.91535823359567], [74.44919295619002, 22.921673383619805], [74.46055524273032, 22.911123657930546], [74.47662991923545, 22.856305493403852], [74.46959168910524, 22.830322592913376], [74.46255673520523, 22.812766894876347], [74.43674024076955, 22.8071675737246], [74.43675194454664, 22.783274946781432], [74.40042912840158, 22.728502697141835], [74.37825094022878, 22.636493886883443], [74.32510918394172, 22.6421133087822], [74.31418911923254, 22.634385209609775], [74.26221995118988, 22.64280048885155], [74.25324412721477, 22.63366460084069], [74.25444539663778, 22.622428153736337], [74.23337893059323, 22.611881166482704], [74.21044602326543, 22.565499524983125], [74.18663441804404, 22.565482358723898], [74.19173387621748, 22.554946464607724], [74.15510544166284, 22.5324331647588], [74.14968694089964, 22.515562723141215], [74.12978141058369, 22.51694720065285], [74.11488309318025, 22.537991321242544], [74.10201468323112, 22.535864644038156], [74.07424196639369, 22.549860631163256], [74.04070267069176, 22.54039230516082], [74.03309404015789, 22.48980533754633], [74.05487462906092, 22.508813786027474], [74.08142159333192, 22.506754090329082], [74.08657554772338, 22.48077873694922], [74.07643138300199, 22.48426912991647], [74.07416313092381, 22.463897226475865], [74.09950413220997, 22.466051989507775], [74.10118412244935, 22.431640690465542], [74.11916553346265, 22.419023949495738], [74.12657978183154, 22.41974012550645], [74.14050932884248, 22.454880233336155], [74.15259237523799, 22.454888621312875], [74.1573501027251, 22.430320313032098], [74.18305998523022, 22.442280358251992], [74.17909577544975, 22.46265009252778], [74.18725798097108, 22.475998253016996], [74.20094595119474, 22.464780398496657], [74.20102627414332, 22.43527693098565], [74.2127205939803, 22.432485120591878], [74.21504684873315, 22.440913494861945], [74.25055577752715, 22.43110844739698], [74.26777686031392, 22.40302490597469], [74.29080161270434, 22.39249848082028], [74.25452250181206, 22.39809500238249], [74.25261669090764, 22.384055515050022], [74.24210027700622, 22.37561617174896], [74.22183186754671, 22.376309197411558], [74.22343726172033, 22.356648703574876], [74.20314581702587, 22.365758217168036], [74.19853284081802, 22.341176371392464], [74.19111827768643, 22.347487467272856], [74.18729142675801, 22.320097373295198], [74.13036793852962, 22.33055472961712], [74.12523762731473, 22.350916387081668], [74.11314434483569, 22.35580967117943], [74.10802457907113, 22.369854602108262], [74.06791999141456, 22.358545926853083], [74.07188394488821, 22.33959151773439], [74.06227961081544, 22.30376042570316], [74.05487774521185, 22.303739393258468], [74.05495005160367, 22.284084551660783], [74.08742545022443, 22.242013365224693], [74.07032893073563, 22.232855165033868], [74.07153904229301, 22.22021407671832], [74.11868100932116, 22.211170059850417], [74.12076179052428, 22.1704498898506], [74.13090802458572, 22.159932200710557], [74.12244419544334, 22.13042675199307], [74.12605380433968, 22.096030670379207], [74.1505430532194, 22.103787402166915], [74.16611021981083, 22.09959797336785], [74.17664680010978, 22.084866133964965], [74.16343587526546, 22.080640933732184], [74.15883912282732, 22.058864014063033], [74.13359472851397, 22.051816244823897], [74.14099659231891, 22.041993802671925], [74.09330019594734, 22.01384476542364], [74.10058395088868, 21.99732614938233], [74.14957424955202, 21.984750966983597], [74.14891904757604, 21.973902176244508], [74.13934235326707, 21.970573243060755], [74.14458749981333, 21.959055115701062], [74.14169342391244, 21.95241290473183], [74.0419762743856, 21.921279585084847], [73.931240837095, 21.861772356309245], [73.89428557631834, 21.85316137919432], [73.87428590766854, 21.837341697361467], [73.83608994759305, 21.837250447650092], [73.8049647308377, 21.82213630464679], [73.8079927571601, 21.808914818164396], [73.82660074382932, 21.8096201528478], [73.83015892769242, 21.792248817628888], [73.83947565048095, 21.78943504669013], [73.83286155861407, 21.78289960143553], [73.8357600214079, 21.76741772474827], [73.82564295146108, 21.761678436710554], [73.890931408158, 21.699012148591862], [73.89263060162102, 21.666014573913515], [73.8800932716872, 21.643821783448573], [73.86468134067138, 21.637577486511816], [73.85462986817396, 21.64064771082326], [73.83955706880374, 21.63197788657027], [73.82329699346155, 21.638626649100615], [73.78172335874609, 21.623944467563206], [73.80100362641627, 21.601238234357083], [73.81736574333445, 21.59952954135531], [73.8392275086427, 21.52042991001241], [73.85500973101432, 21.49467194705278], [73.8768739343846, 21.50860244464718], [73.89797264921845, 21.507538891107004], [73.90489661238882, 21.518954109944275], [73.92826544989066, 21.522330656834413], [73.93390665247011, 21.508860513202194], [73.95183191341215, 21.51520569518675], [73.96092687777326, 21.537786985580965], [73.96909160139637, 21.522790900179928], [73.98035381857392, 21.520054613030027], [73.97819521363823, 21.540735701591416], [74.0000810807773, 21.539440417940966], [74.02038116975524, 21.551267556852338], [74.04205060964796, 21.548304063182], [74.06418276602187, 21.55809974690584], [74.13038586561527, 21.555401438125898], [74.14104560986704, 21.54886231194621], [74.17821698042934, 21.56003379832117], [74.20062072756457, 21.527683600617706], [74.2347078821631, 21.548720645341575], [74.25050710262076, 21.534879955845327], [74.26570028434071, 21.534038811841754], [74.28102204393224, 21.55330587476635], [74.30573089556441, 21.56567778879895], [74.31156483185157, 21.54152200763457], [74.33133347366095, 21.538569728510197], [74.32913287668094, 21.518161339574192], [74.32346265837504, 21.49412010146159], [74.3050765281593, 21.479577491108387], [74.26390541740113, 21.47317108777554], [74.24914271416498, 21.46148823159666], [74.2264397032298, 21.478288987446888], [74.21842284164086, 21.474002189049827], [74.21800887920648, 21.457474081563646], [74.18079422247547, 21.4655352095823], [74.15163724576234, 21.45168463563749], [74.12399737947555, 21.462090965325842], [74.11749656261634, 21.449280355703877], [74.10197407254549, 21.44672443478487], [74.07304350015744, 21.456437615603534], [74.06203801334368, 21.48056691623026], [74.04328834568065, 21.41810582282551], [74.01044535906613, 21.416686187217806], [73.96315708403228, 21.390828645925296], [73.94726130606449, 21.401157413583803], [73.95137814428597, 21.343254297447913], [73.94277975947836, 21.296377138494222], [73.88605323716723, 21.261320949102583], [73.82601114919521, 21.26643380357723], [73.83019234110373, 21.241314148828963], [73.81389164428401, 21.220860150775366], [73.81251945690747, 21.202876263928488], [73.81508529465066, 21.194333816052847], [73.8296991268133, 21.194172948922528], [73.81626907945451, 21.170943485653368], [73.78995231464768, 21.18077778536656], [73.77723187105408, 21.164126819697003], [73.73505305195681, 21.16622449916133], [73.74140297336857, 21.15064602089717], [73.73006778520016, 21.137415013292298], [73.71037809577257, 21.140899093918108], [73.70651934139454, 21.149615720688985], [73.67449995211115, 21.151309048773612], [73.62942168186521, 21.1319148468927], [73.63048165070768, 21.15238099388779], [73.61268516189074, 21.157210741782364], [73.6061474692304, 21.175327794841905], [73.58117419982949, 21.167199935328824], [73.58166361448428, 21.15349279605573], [73.6044063574675, 21.15374286424185], [73.62208126603764, 21.1409075862162], [73.61655629903402, 21.13725114062771], [73.6216880212852, 21.119417593447224], [73.6508072687405, 21.120286368221343], [73.65301353324804, 21.107617122132524], [73.68655321116182, 21.10018845313465], [73.70385661609004, 21.118197461643604], [73.70803735114288, 21.10636330891964], [73.73222566887955, 21.10047308766292], [73.7460128136405, 21.113214183287994], [73.73241561019233, 21.093986016041868], [73.7337941584737, 21.08400759907147], [73.76376373111134, 21.067362641772547], [73.79170180089744, 21.06732885784055], [73.81131902025663, 21.083801853073112], [73.81248158735542, 21.059811727928945], [73.79619851095259, 21.04500565938372], [73.84740891379039, 20.9981663510963], [73.90025327686732, 20.982157330496477], [73.90920592261529, 20.963835700557183], [73.8955628753265, 20.960730140083967], [73.88875234004848, 20.939186733880717], [73.92112763423302, 20.89813399278961], [73.92482201772202, 20.847445490816824], [73.93889168810097, 20.839174337825455], [73.93204469520657, 20.75987550125342], [73.94091154832932, 20.759854851020634], [73.94324881078404, 20.74138944736518], [73.91450138173343, 20.72264641130289], [73.87905822845454, 20.728761838088417], [73.85695991716648, 20.69348254218562], [73.83605386049732, 20.701325034222975], [73.81586559771921, 20.693053471140843], [73.81864000443272, 20.672854678200906], [73.83476946134164, 20.674362534603347], [73.8386346764492, 20.666291612068278], [73.8396414521913, 20.622752849864185], [73.8314893703382, 20.615010965883414], [73.79902058533179, 20.60080575328294], [73.7800487212715, 20.601569069956668], [73.74102749022654, 20.566724983870984], [73.69366485654797, 20.577788260220075], [73.66322759327886, 20.56178611943392], [73.62917990452905, 20.578769102212334], [73.618347548001, 20.620569867005827], [73.59966082568661, 20.635781211433823], [73.56645000556335, 20.650569170330982], [73.55514153715228, 20.646917610759203], [73.53050283263968, 20.673405433813798], [73.50985498032315, 20.669709915380338], [73.49039620801864, 20.653033137369448], [73.4793488118982, 20.67517132010039], [73.48927237472037, 20.68561393653397], [73.47458203992926, 20.716833578506908], [73.46713553377793, 20.72127361778331], [73.44555453411454, 20.710107307905957], [73.43911829217552, 20.700755853300052], [73.44838042161922, 20.693038510019278], [73.44634908334359, 20.685689618081483], [73.43165074098897, 20.66451291673775], [73.39524335080006, 20.652091486033328], [73.39430190810663, 20.642327165266522], [73.4224469559623, 20.620227955555777], [73.43202892839241, 20.594812781784526], [73.47263837476123, 20.58325087812557], [73.47357209587557, 20.5430329534081], [73.49259257728568, 20.539887547572334], [73.46397621363138, 20.51373929323387], [73.46765414402358, 20.494715396198615], [73.44056663953882, 20.4664390707066], [73.42117941459838, 20.414170466194093], [73.38260402065907, 20.390033504242865], [73.3828097558656, 20.372735091451375], [73.40610597311223, 20.38138267816811], [73.41476292626811, 20.351907077949363], [73.42824909761782, 20.281949000346117], [73.4158777825337, 20.276677471288338], [73.41162484451104, 20.256860409080673], [73.42114122308902, 20.206097842541453], [73.3939032997975, 20.19492913417224], [73.38638029191702, 20.209074700137364], [73.36732054071047, 20.205246426481438], [73.36528284602656, 20.19260255026751], [73.35574353203845, 20.20094628664185], [73.35856983952652, 20.21330572977564], [73.3437413131112, 20.198434650139063], [73.30186746760961, 20.20721752097188], [73.28471816151398, 20.193890415410408], [73.2842393435709, 20.153926563560105], [73.25892851903598, 20.13937536737933], [73.24989713314625, 20.124743481326675], [73.22846480041028, 20.12824401954589], [73.22296145760527, 20.14072418047658], [73.21175579789184, 20.120943020104335], [73.19086066528752, 20.129876420360574], [73.18551197349882, 20.151103267002213], [73.21951747685011, 20.184417126948915], [73.20022220668955, 20.197484447149577], [73.17133384038448, 20.202572667394747], [73.1703761721227, 20.20878058045946], [73.15909216617058, 20.199885547080385], [73.13220639041265, 20.204616304798662], [73.14241920847974, 20.176282691592974], [73.12580122184897, 20.17255844791407], [73.11794798021515, 20.15738048632045], [73.09496626847857, 20.16026396281171], [73.08595408491317, 20.174526444240087], [73.0762224823817, 20.15731921550946], [73.0621387816795, 20.163797492660194], [73.06408634540855, 20.19283712313478], [73.05395326483136, 20.20348651439116], [73.06662707048298, 20.230103964826185], [73.10039053299676, 20.232380642652572], [73.09844527872667, 20.238805050412793], [73.1269110122335, 20.260677645357077], [73.13642740879794, 20.28071711170537], [73.14373026803747, 20.277207538896846], [73.14838055262044, 20.290648374522902], [73.15933319257283, 20.28248232439978], [73.16981694219817, 20.29000185819922], [73.16740567902895, 20.312457159870064], [73.15162869071156, 20.317344494053202], [73.13195019334682, 20.317639174908038], [73.12438991576204, 20.305527012961306], [73.10289293885808, 20.30516786240696], [73.11204682050442, 20.333084239645984], [73.09744325140497, 20.36093050483896], [73.08084271431989, 20.327086649229557], [73.04027077687493, 20.323308544253962], [73.03387920875855, 20.29143601695864], [73.0161548275833, 20.294469151430235], [73.00947023965989, 20.317751898631286], [73.0100938475531, 20.2912581094742], [72.97993308264569, 20.29249332290857], [72.9735186654541, 20.272096250141885], [72.93527039091589, 20.293895024236008], [72.91376792544946, 20.279163772090442], [72.91292322282851, 20.268710024747918], [72.93007349659467, 20.247311547889694], [72.95895210075889, 20.234391334292695], [72.96477514715536, 20.219646119273023], [72.95855587115659, 20.21136522482533], [72.917559336794, 20.223887092715188], [72.86345181924611, 20.226402927253332], [72.86087215532575, 20.208842786565413], [72.83906047685957, 20.20857252320343], [72.83287864773149, 20.198435393878356], [72.83843356935381, 20.18989778435531], [72.8242171251203, 20.18833062485851], [72.81746757107163, 20.15725705077233], [72.82399016591347, 20.14531529056825], [72.8044339556626, 20.15398450508087], [72.7905616864727, 20.149202078613087], [72.79032555777832, 20.125744353918833], [72.72927533698726, 20.13680666979201], [72.73752586402748, 20.19015358571943], [72.75625252433457, 20.210351834569565], [72.76944581347357, 20.212476428044795], [72.7607940566005, 20.217027603740974], [72.74488364216643, 20.21116613740736], [72.73841676662056, 20.235013625578404], [72.76025919560544, 20.3126756672483], [72.75984686274256, 20.334737159392432], [72.77645284342407, 20.357655892505477], [72.8019824127582, 20.374169796998558], [72.82332580434246, 20.368619235289543], [72.84152185025323, 20.375412662764234], [72.89354408818917, 20.372146287321357], [72.88632181629885, 20.39336854652123], [72.90330624428782, 20.41033667160019], [72.89583590160561, 20.42136094255352], [72.86031702541044, 20.41961418124953], [72.87340245346053, 20.444207253262164], [72.88877798981241, 20.439155757732067], [72.89334544683499, 20.445387627836794], [72.88248083792041, 20.462766680138202], [72.84460874080082, 20.474556634780924], [72.87302357447845, 20.506412411303813], [72.87067280510593, 20.53555328745432], [72.88575375053523, 20.571494747884344], [72.88267951794546, 20.61017978986547], [72.8123071055885, 20.83700951857446], [72.78286722554208, 20.899793016234753], [72.78312142791162, 20.931337476243584], [72.82476178692696, 20.949924264992887], [72.84577387276607, 20.947522956419334], [72.82890397703699, 20.95572762522977], [72.80703513406422, 20.953475255178944], [72.77418135918242, 20.935965917193357], [72.77091574186807, 20.917678281627445], [72.75609543705485, 20.93063898899817], [72.72202378047314, 21.03997750126075], [72.72619339990553, 21.052609556785683], [72.75507572636371, 21.05185888098265], [72.72865697753753, 21.06620445257346], [72.69388856310678, 21.065148127783914], [72.70625181576872, 21.077530830083788], [72.70014380839012, 21.100973129606302], [72.70652961095283, 21.127363205347706], [72.7206973982664, 21.143194199752543], [72.67069434606725, 21.15736198436815], [72.66042136605324, 21.142641069030162], [72.6590290023866, 21.08793067925751], [72.65264319892452, 21.07819175804326], [72.6326389266452, 21.08123207090341], [72.62458228534427, 21.09181022775988], [72.62735938462794, 21.11986351059261], [72.617639537135, 21.163473129481417], [72.62403296864665, 21.21208381621517], [72.61847114023101, 21.22263908352693], [72.64680671036143, 21.217363357333113], [72.65236091072751, 21.220140457516152], [72.65319632964696, 21.2268047333518], [72.64653205381131, 21.219583510970324], [72.62208747335825, 21.233472825010892], [72.60958289583402, 21.22986030590846], [72.59708594725873, 21.250139235637278], [72.59652900161217, 21.271806716806566], [72.60486029946333, 21.277360916273324], [72.58735846991749, 21.275690078434423], [72.58930396430657, 21.282365799941772], [72.59847449690056, 21.27985954318342], [72.58790778481648, 21.29125022941463], [72.5931911408585, 21.312086104789955], [72.63540839608066, 21.36236000131305], [72.63458060790879, 21.369863510992275], [72.64792060345314, 21.37236213610373], [72.64347266633052, 21.358472824761122], [72.64930915309498, 21.36736107005737], [72.647363656008, 21.375692367009208], [72.63958167485447, 21.37597465610554], [72.62319373570239, 21.365140914621577], [72.6254215191878, 21.38153267049637], [72.66485404437873, 21.42736244122375], [72.68013953521142, 21.43375206050922], [72.69680976256058, 21.46458244352499], [72.69014167180075, 21.463193893883158], [72.6818065581262, 21.448751450019472], [72.6693057955261, 21.4470844271047], [72.64514350237079, 21.4337520596099], [72.65791511019421, 21.470651627170923]], [[73.38691482465947, 20.824714518160533], [73.38477148301757, 20.824545981611834], [73.39051569754145, 20.824997593264357], [73.38691482465947, 20.824714518160533]], [[74.17775532874549, 22.388477652421784], [74.17260899161175, 22.418668317089214], [74.15897117028334, 22.41304016996793], [74.17775532874549, 22.388477652421784]], [[73.81121921529461, 22.547043124440677], [73.80474859766969, 22.54871326260701], [73.8151455249461, 22.546029546226634], [73.81121921529461, 22.547043124440677]]]]}}