{"type": "FeatureCollection", "features": [{"type": "Feature", "properties": {"site_id": "JAM-01", "epoch": 2026, "part": "main"}, "geometry": {"type": "Polygon", "coordinates": [[[70.10525946271562, 22.480630120237887], [70.10532539261635, 22.479587170007363], [70.10543202216219, 22.47945247107983], [70.10565661819679, 22.47942276217082], [70.10591997580704, 22.4795209778784], [70.10606010853773, 22.479685511222502], [70.10616356437049, 22.4797837413922], [70.10646170318796, 22.479843678252738], [70.10661383727603, 22.479866127331107], [70.10662216927777, 22.48007031513978], [70.10655223665863, 22.480053966668994], [70.10649085291644, 22.48035167284088], [70.1067937346142, 22.48040138418456], [70.10707086760561, 22.480370142244457], [70.10725199542367, 22.480496007064158], [70.10733341893352, 22.480645869885812], [70.10732621454818, 22.480883957134406], [70.10726725498462, 22.48134523563768], [70.10704514738956, 22.48138020968999], [70.10664299762533, 22.481327014120563], [70.10642174289048, 22.48126305789128], [70.10629809439679, 22.4811441002007], [70.10606282848389, 22.481006006884844], [70.10582628199741, 22.48089674948037], [70.10556595464134, 22.48083102092465], [70.10526522638438, 22.480732690555836], [70.10525946271562, 22.480630120237887]]]}}, {"type": "Feature", "properties": {"site_id": "JAM-01", "epoch": 2024, "part": "main"}, "geometry": {"type": "Polygon", "coordinates": [[[70.10559769564709, 22.479766071234334], [70.10646329489737, 22.479818706988585], [70.10656837188112, 22.480096849870268], [70.10650223720855, 22.480363072204362], [70.10655216389748, 22.480474174627197], [70.10683040285458, 22.480524215699266], [70.10709928522361, 22.480377252046114], [70.10721891830488, 22.480480834415772], [70.10726595665295, 22.480869829411287], [70.10709420477843, 22.480876047664147], [70.107249013766, 22.481173491623217], [70.10717082391032, 22.481349806496297], [70.10706183943287, 22.481385110851487], [70.10653116044284, 22.481300403295496], [70.1059398524159, 22.481001958737377], [70.10539750694839, 22.480693923220695], [70.10543946955657, 22.480229244014467], [70.10545593088952, 22.479969062277508], [70.10559769564709, 22.479766071234334]]]}}, {"type": "Feature", "properties": {"site_id": "JAM-01", "epoch": 2022, "part": "main"}, "geometry": {"type": "Polygon", "coordinates": [[[70.10535974117249, 22.479750198020326], [70.10577138558051, 22.47978793911083], [70.1064293263889, 22.479875154822647], [70.1065074132162, 22.479840508489634], [70.10687570021851, 22.479862311110434], [70.10715384857275, 22.479852213228355], [70.10736275219786, 22.47981677199358], [70.10727349974519, 22.48002516328746], [70.10708097227564, 22.48004610700081], [70.10696224212285, 22.480105627184912], [70.10676042188582, 22.480032401092522], [70.10669968864894, 22.479984940608112], [70.1065777419049, 22.479995793958476], [70.10648789062849, 22.480431731926235], [70.10680520166846, 22.480464678030796], [70.10689660268676, 22.480481317199846], [70.10693221746268, 22.480375949391636], [70.10711646447398, 22.48029893735642], [70.10720153851224, 22.480269972064807], [70.10727627961444, 22.480360317140708], [70.10721543733338, 22.480456418585025], [70.10713525259652, 22.48047874439373], [70.10717137625392, 22.480603366176787], [70.10726398612887, 22.480704462116396], [70.10743243443383, 22.481511621922518], [70.10701802709102, 22.4814457016915], [70.10675098836975, 22.48132477273389], [70.1064735041847, 22.481184306241456], [70.10639240758404, 22.481108222684256], [70.10625209493374, 22.48100597969787], [70.10611322413574, 22.481011114761028], [70.10603284152472, 22.480960390496357], [70.10591612227938, 22.480975165659732], [70.10578748611717, 22.48091669647805], [70.10557204160368, 22.480876035289967], [70.10549982423656, 22.48080775240279], [70.10535804332866, 22.480740939113005], [70.1053554929016, 22.48065542558659], [70.1052992506968, 22.480576934280705], [70.10530374752467, 22.480296493693775], [70.10533110169081, 22.48021314213948], [70.10532523255749, 22.48010729625355], [70.10535974117249, 22.479750198020326]]]}}, {"type": "Feature", "properties": {"site_id": "JAM-01", "epoch": 2020, "part": "main"}, "geometry": {"type": "Polygon", "coordinates": [[[70.10535531013741, 22.47963071210487], [70.10542776530332, 22.479706778833734], [70.10643294461569, 22.47978934617581], [70.10651570962163, 22.47973599337133], [70.10736445819155, 22.47976516517696], [70.10732110511009, 22.4800001010205], [70.1071433512129, 22.48010981829628], [70.10684629486362, 22.480100623924255], [70.10652997876853, 22.480091535557257], [70.10649608993326, 22.48040076540919], [70.10678546222803, 22.480478838625242], [70.10699758867916, 22.480312879039847], [70.10712187104697, 22.480279849427408], [70.10724109599444, 22.48037342077055], [70.1072756539168, 22.48073823992866], [70.10734554996344, 22.480983925719585], [70.1074488829639, 22.481246499340735], [70.10747154014888, 22.481369435787897], [70.10740361315582, 22.481473185288248], [70.10730454045348, 22.481484367398465], [70.1072508711211, 22.48143563590009], [70.10706848437754, 22.48145893986413], [70.10700421046954, 22.48137843579542], [70.10674374876587, 22.48131458216932], [70.10627870979687, 22.48104304654427], [70.1060984644835, 22.481011790715467], [70.10603149582336, 22.48095642981131], [70.10583623771721, 22.480916222495438], [70.1057283839714, 22.48088872530781], [70.10560476175543, 22.48082867741561], [70.10545888659499, 22.48083775489053], [70.10529586871712, 22.48077819659512], [70.10529435620329, 22.4801827030058], [70.1053190527564, 22.47971164079775], [70.10535531013741, 22.47963071210487]]]}}, {"type": "Feature", "properties": {"site_id": "JAM-01", "epoch": 2018, "part": "main"}, "geometry": {"type": "Polygon", "coordinates": [[[70.1067871098374, 22.480421578102604], [70.10725636030679, 22.480787229727316], [70.10732998588321, 22.48100366683502], [70.1074283102782, 22.481303238748346], [70.10730690501725, 22.481336307635633], [70.10715105722183, 22.48133139770048], [70.10695099792737, 22.481374121636335], [70.106720858658, 22.48135798530755], [70.10652548972861, 22.481322451192177], [70.10639370521451, 22.481322714712284], [70.10631943527498, 22.481252582296037], [70.106232200082, 22.481162723861313], [70.10614497358722, 22.48113253083453], [70.10613540233663, 22.481017279642245], [70.10588669142331, 22.48092618481497], [70.10584923270518, 22.480872192398646], [70.10557467746537, 22.480792775310025], [70.10539741993892, 22.480707531273183], [70.10530150883233, 22.480723658172522], [70.10528307886494, 22.480439459899056], [70.10531809331378, 22.47970737203218], [70.10589798566926, 22.479823718600212], [70.1059410785553, 22.479784445440295], [70.1061501803106, 22.47977693572601], [70.10639494359715, 22.47979941718359], [70.10661873082472, 22.47981090601322], [70.1067580077518, 22.479884639620963], [70.10685270539179, 22.480018624879982], [70.10675142871092, 22.480099711422767], [70.10670057311054, 22.48011535165459], [70.10653684564437, 22.480088339860167], [70.1065339059788, 22.480099347317864], [70.1065290798325, 22.48013684945132], [70.10654837671423, 22.48014003157191], [70.10649886946997, 22.480365490374066], [70.1067871098374, 22.480421578102604]]]}}, {"type": "Feature", "properties": {"site_id": "JAM-01", "epoch": 2016, "part": "main"}, "geometry": {"type": "Polygon", "coordinates": [[[70.10548315684349, 22.480566773622552], [70.10559499294841, 22.480475553280435], [70.10580895041122, 22.48045248282721], [70.1058506918673, 22.48016090018876], [70.10603643589445, 22.480025510275876], [70.10622162889554, 22.480026676417594], [70.10644455794143, 22.480156581825515], [70.10653457080103, 22.480207854905142], [70.10650039723787, 22.480374582116745], [70.10687547688477, 22.48045036942311], [70.1070572278974, 22.480609979044715], [70.10712661006538, 22.48068499342576], [70.10722693524112, 22.480701308979256], [70.10743078071825, 22.481284432003534], [70.10733253588548, 22.481318915745163], [70.10725135020942, 22.481492511126422], [70.10688809222916, 22.481384922626365], [70.10675096110748, 22.481402974219446], [70.10662106383566, 22.481328449475352], [70.10654162791185, 22.481214800529603], [70.10635026631661, 22.48112222319627], [70.10624956015315, 22.480996035079837], [70.10600072053276, 22.480775473803934], [70.10571254943977, 22.480693013419778], [70.1055795711942, 22.480648765164446], [70.10548315684349, 22.480566773622552]]]}}, {"type": "Feature", "properties": {"site_id": "VAP-01", "epoch": 2026, "part": "main"}, "geometry": {"type": "Polygon", "coordinates": [[[72.88348919194299, 20.367412569449016], [72.88362078507407, 20.366550743029936], [72.88400808965167, 20.3665942174855], [72.88403948400462, 20.36635579333484], [72.88404369140072, 20.366269714969], [72.884065183296, 20.36624562340335], [72.88409912973202, 20.36625857628707], [72.88406200421636, 20.36661657828006], [72.88419871944046, 20.36664157852311], [72.88421785017019, 20.366569181978154], [72.88447222530557, 20.366584552246696], [72.8845144475624, 20.366472537829818], [72.88449958096312, 20.36641980544347], [72.88455130932154, 20.36601978778106], [72.88468506031407, 20.36610907256719], [72.88463265510057, 20.3662144576122], [72.88462066427657, 20.366400111052197], [72.88460591930713, 20.366564874999703], [72.88459988836122, 20.36660419071269], [72.88461507384515, 20.366625218791395], [72.88469215429484, 20.366657418574157], [72.88478783641858, 20.3667117853492], [72.88480343256849, 20.366745226686575], [72.88482362545182, 20.366808462700345], [72.88484005972158, 20.366862579586503], [72.88484796553892, 20.36695540347882], [72.88477327568549, 20.367115393099386], [72.88474532751603, 20.36721278336132], [72.88468697584179, 20.367224431875137], [72.88462228127025, 20.36722766172608], [72.88454492471915, 20.367270436236634], [72.88450368309155, 20.367322830393036], [72.88440218634443, 20.36742726041888], [72.88437186304493, 20.367474357821617], [72.88434432813936, 20.36757769839714], [72.8842990090862, 20.367679093988652], [72.88396731235761, 20.367619832886007], [72.88373551313819, 20.367580040020325], [72.88363943543621, 20.367559593703376], [72.88350908665055, 20.3675118435373], [72.88348919194299, 20.367412569449016]]]}}, {"type": "Feature", "properties": {"site_id": "VAP-01", "epoch": 2024, "part": "main"}, "geometry": {"type": "Polygon", "coordinates": [[[72.88361754140496, 20.366542075839043], [72.88396376339936, 20.366573103421047], [72.88405626406363, 20.366184943052446], [72.8841096528866, 20.366177844256644], [72.88406479516772, 20.366606181713458], [72.88407204146232, 20.36661553986849], [72.8840956469988, 20.36662185296525], [72.88411401984932, 20.36662192084031], [72.88415031193422, 20.366624088877067], [72.88418488638364, 20.36661775452218], [72.88425817283023, 20.36653876109984], [72.88446493761913, 20.36657874328663], [72.88448948984406, 20.366409108399992], [72.88449650733396, 20.36635839308003], [72.88451551970824, 20.36626212529942], [72.88452517215507, 20.36619235134375], [72.88453609883105, 20.36611358682114], [72.88453415388287, 20.366066560002597], [72.88453980027168, 20.366057171754715], [72.88456083794135, 20.366050443554602], [72.88458793877507, 20.36605419296722], [72.8846812352886, 20.366114958381146], [72.88467833534418, 20.366129585286025], [72.88466365342181, 20.36615352272499], [72.88465164877907, 20.366170269911375], [72.88464030020543, 20.366188776108366], [72.88462799666932, 20.366211281300554], [72.88462541898829, 20.36623441130433], [72.88462131569975, 20.36627683787958], [72.88462329967001, 20.36630621391389], [72.88462446388021, 20.366331079093705], [72.88462343484287, 20.36636080777265], [72.88462325219407, 20.366385136644666], [72.88462691851547, 20.366414812064416], [72.88462966326071, 20.366462031241966], [72.88463241877373, 20.3665228621521], [72.8846309061121, 20.366588744960495], [72.88464011563, 20.366641695135], [72.8847954162606, 20.366738895598488], [72.88483507383773, 20.36683176016039], [72.88485194240442, 20.366932826734438], [72.88480403309006, 20.36709464786647], [72.88473143152821, 20.367225518345112], [72.88462554364332, 20.36723672279893], [72.88436276445307, 20.367477424897054], [72.88434684830536, 20.36757270495602], [72.88430452746255, 20.367684971761804], [72.88362724116199, 20.36756957604419], [72.88350601826527, 20.36750579985667], [72.88361754140496, 20.366542075839043]]]}}, {"type": "Feature", "properties": {"site_id": "VAP-01", "epoch": 2022, "part": "main"}, "geometry": {"type": "Polygon", "coordinates": [[[72.88361754140496, 20.366542075839043], [72.88386370352703, 20.36547133265528], [72.88396350748938, 20.36567533104125], [72.8839663986111, 20.365925631703497], [72.88411713095829, 20.36600999665623], [72.88402298735346, 20.366578073405947], [72.88405344373164, 20.366582764626298], [72.88406479516772, 20.366606181713458], [72.88407204146232, 20.36661553986849], [72.8840956469988, 20.36662185296525], [72.88411401984932, 20.36662192084031], [72.88415031193422, 20.366624088877067], [72.88418488638364, 20.36661775452218], [72.88425817283023, 20.36653876109984], [72.88446493761913, 20.36657874328663], [72.88448948984406, 20.366409108399992], [72.88449650733396, 20.36635839308003], [72.88451551970824, 20.36626212529942], [72.88452517215507, 20.36619235134375], [72.88453609883105, 20.36611358682114], [72.88453415388287, 20.366066560002597], [72.88453980027168, 20.366057171754715], [72.88456083794135, 20.366050443554602], [72.88458793877507, 20.36605419296722], [72.8846812352886, 20.366114958381146], [72.88467833534418, 20.366129585286025], [72.88466365342181, 20.36615352272499], [72.88465164877907, 20.366170269911375], [72.88464030020543, 20.366188776108366], [72.88462799666932, 20.366211281300554], [72.88462541898829, 20.36623441130433], [72.88462131569975, 20.36627683787958], [72.88462329967001, 20.36630621391389], [72.88462446388021, 20.366331079093705], [72.88462343484287, 20.36636080777265], [72.88462325219407, 20.366385136644666], [72.88462691851547, 20.366414812064416], [72.88462966326071, 20.366462031241966], [72.88463241877373, 20.3665228621521], [72.8846309061121, 20.366588744960495], [72.8846495771449, 20.36662213552285], [72.88472687121711, 20.36667574818174], [72.8847954162606, 20.366738895598488], [72.88483507383773, 20.36683176016039], [72.88485194240442, 20.366932826734438], [72.88480403309006, 20.36709464786647], [72.88473143152821, 20.367225518345112], [72.88462554364332, 20.36723672279893], [72.88436276445307, 20.367477424897054], [72.88434684830536, 20.36757270495602], [72.88433617872897, 20.367619687872942], [72.88429740583982, 20.36767083936471], [72.88366609354931, 20.36752086914086], [72.88347343473437, 20.36745880890372], [72.88361754140496, 20.366542075839043]]]}}, {"type": "Feature", "properties": {"site_id": "VAP-01", "epoch": 2020, "part": "main"}, "geometry": {"type": "Polygon", "coordinates": [[[72.88383270985267, 20.367458706953204], [72.88385046314988, 20.367411679177327], [72.8839685296091, 20.367351109634566], [72.8837275651259, 20.367267052102264], [72.88379195076354, 20.366777304567], [72.88364938752183, 20.366745591032267], [72.88377467341883, 20.366508694972904], [72.88429363425192, 20.36662187406232], [72.88433654607346, 20.366558328792745], [72.8845773770192, 20.366508230011252], [72.88458866407221, 20.3665910202762], [72.88469588724081, 20.366679846661416], [72.88470313236932, 20.366748712305043], [72.88476787919123, 20.36682187370169], [72.88464278951189, 20.367081392654192], [72.88442020601241, 20.367317395518366], [72.88441268332325, 20.36737768006474], [72.88437211548192, 20.367405021840845], [72.88424473830523, 20.36766682450331], [72.88399507710525, 20.367609534066965], [72.88383270985267, 20.367458706953204]]]}}, {"type": "Feature", "properties": {"site_id": "VAP-01", "epoch": 2018, "part": "main"}, "geometry": {"type": "Polygon", "coordinates": [[[72.8837620631169, 20.367424403570954], [72.88384377865235, 20.36705198502665], [72.88400878226352, 20.367189867256766], [72.88414779647478, 20.36724096225069], [72.88424941741468, 20.367163643028373], [72.88424521058415, 20.36708387593762], [72.88418332838627, 20.366981139282473], [72.88402060037407, 20.36695334778104], [72.88384328633568, 20.3668823843966], [72.88398797835583, 20.36633149105219], [72.88415828148717, 20.366018323275934], [72.88420343805039, 20.366120814074748], [72.88446360777104, 20.36607584493443], [72.88445148951728, 20.36618859136591], [72.88447758092539, 20.36627539610037], [72.8844903035977, 20.36632083950737], [72.88453714282892, 20.36640537103546], [72.88456418215199, 20.366536884983898], [72.88461771942563, 20.36670016549925], [72.8845917021355, 20.36681602928142], [72.88456430884611, 20.366914126050766], [72.88453752227329, 20.367026134134356], [72.88451954520549, 20.367141270629705], [72.88445556551426, 20.36724335503831], [72.88439832744567, 20.367301596883657], [72.8843049238364, 20.367374881079968], [72.8842145554665, 20.367433828896793], [72.88413574281759, 20.36747585493174], [72.88401932535446, 20.367491742722073], [72.8839279813566, 20.367465382971943], [72.88385700768731, 20.36745492577421], [72.8837620631169, 20.367424403570954]]]}}, {"type": "Feature", "properties": {"site_id": "VAP-01", "epoch": 2016, "part": "main"}, "geometry": {"type": "Polygon", "coordinates": [[[72.8837510027596, 20.367490443141847], [72.88387079427868, 20.3668029247131], [72.88396287663346, 20.36642191322369], [72.88404420070613, 20.36612030530773], [72.88407894474643, 20.366055392187477], [72.8841748850022, 20.366041222984006], [72.88420818525128, 20.36610326579175], [72.88407999977129, 20.366269955251507], [72.88408978225746, 20.36646054979315], [72.88414330830061, 20.36661932730687], [72.8842354895759, 20.366715496811974], [72.88427458232364, 20.36681334831485], [72.8843209209295, 20.366904330752714], [72.88430434767922, 20.36696426261325], [72.88430490975365, 20.366992891663276], [72.88435401624744, 20.36709859471726], [72.88434926540234, 20.367188518945508], [72.88433130976732, 20.36726117359901], [72.8842290529523, 20.36731985936285], [72.8841685185922, 20.367334239665574], [72.88410787382006, 20.367462447596285], [72.88398014478246, 20.367504900177817], [72.8837510027596, 20.367490443141847]]]}}, {"type": "Feature", "properties": {"site_id": "MEH-01", "epoch": 2016, "part": "main"}, "geometry": {"type": "Polygon", "coordinates": [[[72.39505855642858, 23.58835503347686], [72.39716797252564, 23.588473131909403], [72.39731858619798, 23.5885192141551], [72.39736758021517, 23.588608357670477], [72.3972836026247, 23.5893265903749], [72.39708079595685, 23.58933814774273], [72.39706328739179, 23.589468793169075], [72.39677624532153, 23.589520682175596], [72.39658554505448, 23.589502944137507], [72.39601161658695, 23.58945654426374], [72.39578127030791, 23.58943289484902], [72.39550573840987, 23.589370461851107], [72.39551715492959, 23.58930092398773], [72.39541007008901, 23.589288073891275], [72.3953223426433, 23.589279291604264], [72.39521076575512, 23.58926622776429], [72.39514818566803, 23.58921509757997], [72.3951126352114, 23.589110638241102], [72.39509563714182, 23.58901648740984], [72.39501825289851, 23.588852195632576], [72.39497984044745, 23.588712230106847], [72.3949382742278, 23.588619714035396], [72.39505855642858, 23.58835503347686]]]}}, {"type": "Feature", "properties": {"site_id": "MEH-01", "epoch": 2018, "part": "main"}, "geometry": {"type": "Polygon", "coordinates": [[[72.39483592792814, 23.588565249631166], [72.39493157310554, 23.588339755728715], [72.39537634399223, 23.588372244415563], [72.39620818616571, 23.588415024778783], [72.3971649280466, 23.588475582541676], [72.3973252637807, 23.5885469466558], [72.39734027264275, 23.588856996340933], [72.39729049492327, 23.589318129172604], [72.39550853867287, 23.58925508252084], [72.39527188712539, 23.58913139881732], [72.39518657989414, 23.589059729368998], [72.39511279761145, 23.58884962847809], [72.39508385020638, 23.58869928153035], [72.39483592792814, 23.588565249631166]]]}}, {"type": "Feature", "properties": {"site_id": "MEH-01", "epoch": 2020, "part": "main"}, "geometry": {"type": "Polygon", "coordinates": [[[72.39599369999979, 23.588389460837387], [72.3961991529123, 23.588412131769257], [72.3966348281767, 23.58843721885465], [72.3970154399457, 23.588460255115113], [72.39723351781771, 23.588464614772285], [72.3972949491039, 23.588510288617783], [72.39730916119896, 23.58860843798062], [72.39732162871971, 23.58875389999505], [72.39731193030181, 23.588963480697306], [72.39730305060341, 23.5891296188317], [72.39728315165952, 23.58925439354803], [72.39713930138086, 23.589354635073974], [72.39716696122545, 23.58945473759694], [72.39721359245887, 23.58961764733197], [72.3972302360502, 23.58977568432108], [72.39722978137785, 23.5899020261235], [72.397200305388, 23.590005754726807], [72.39714668688325, 23.590080496145077], [72.39605813935046, 23.590073845612423], [72.39597384909831, 23.590049595436795], [72.39583024044953, 23.5900408096733], [72.3955964128018, 23.590037219315974], [72.39543371109536, 23.59004308167424], [72.39534429589138, 23.589992865004337], [72.39529983472282, 23.589877825379165], [72.39530377741505, 23.58973368759814], [72.39521239340945, 23.58967288162558], [72.39523117291215, 23.589559318584808], [72.39525597599847, 23.58936057480568], [72.39533950786955, 23.589280642786957], [72.39533985410094, 23.58922484236634], [72.39511719692514, 23.589196919295986], [72.39508309664464, 23.588924016367017], [72.39494701233272, 23.58863978830047], [72.3948464312478, 23.58858262798255], [72.39487551884159, 23.58837885936851], [72.39599369999979, 23.588389460837387]]]}}, {"type": "Feature", "properties": {"site_id": "MEH-01", "epoch": 2022, "part": "main"}, "geometry": {"type": "Polygon", "coordinates": [[[72.394998150679, 23.588331781265936], [72.39504206520479, 23.58836581292093], [72.39549371039128, 23.5884035840804], [72.39591457642817, 23.588439789828588], [72.39600191779536, 23.58842774281472], [72.39695538774356, 23.58851412635102], [72.39726801917504, 23.588562198861947], [72.39732651095956, 23.588611541850703], [72.39732915631973, 23.5886900081594], [72.39726672158734, 23.588732620010447], [72.39719273883958, 23.58871083490765], [72.39712416990925, 23.58864847738783], [72.39694982425553, 23.588643029363066], [72.39692020000483, 23.588930593788415], [72.39691900321914, 23.589128032263943], [72.39695192784598, 23.58929169156177], [72.39707518261855, 23.589397290871712], [72.39716344014101, 23.58947623941062], [72.39721632996732, 23.589583256946117], [72.39725196207709, 23.58970714286808], [72.3972294091351, 23.58981766208652], [72.39721404918208, 23.59002506648747], [72.3971526567933, 23.59010271195905], [72.39633578089366, 23.59001969594817], [72.39622795123535, 23.59006938071288], [72.3960165375088, 23.590071554124638], [72.39573550673599, 23.590025344389858], [72.39536920016168, 23.59004200860129], [72.39531089347737, 23.589927986928966], [72.39521470954345, 23.589666757562735], [72.39524741915214, 23.589432599478094], [72.39521542615537, 23.58921382841077], [72.39518606245778, 23.589079293964218], [72.39506353490381, 23.58884123765202], [72.39497197156902, 23.588727489902784], [72.39489899147337, 23.58856071795807], [72.39490067531712, 23.58846385538723], [72.39492957671068, 23.588387364024967], [72.394998150679, 23.588331781265936]]]}}, {"type": "Feature", "properties": {"site_id": "MEH-01", "epoch": 2024, "part": "main"}, "geometry": {"type": "Polygon", "coordinates": [[[72.39596461271486, 23.588429773518747], [72.39692845702622, 23.588477709209172], [72.39707031326938, 23.588439217615004], [72.39710409801145, 23.58850140326633], [72.39712361332428, 23.588608929136175], [72.39733239036345, 23.58863210130214], [72.39734103535002, 23.58904077292257], [72.39734632318412, 23.589218138972246], [72.39732132944218, 23.589279836864748], [72.39713587202695, 23.589306443006805], [72.39718084037445, 23.589657517927993], [72.39715210946987, 23.590070211408822], [72.39722610635714, 23.590077861860305], [72.39721190035031, 23.590164077751382], [72.39705438485366, 23.590193870898588], [72.39695898451888, 23.590187392924662], [72.39693611856171, 23.590157982828377], [72.39675160599757, 23.590185650522905], [72.39650488050842, 23.59015119603173], [72.39607364245512, 23.590144409235076], [72.39596173847121, 23.59017177425225], [72.39538710254176, 23.590147258854298], [72.39532260094597, 23.59011869839449], [72.3951066499242, 23.590084355511575], [72.39511089717806, 23.58991298963315], [72.39502103861184, 23.589881030145925], [72.39501914445512, 23.589247595776325], [72.39515017705652, 23.58924952410571], [72.39516085784521, 23.589186302131132], [72.39496797024623, 23.58855560699424], [72.39498014589925, 23.588365852028154], [72.39596461271486, 23.588429773518747]]]}}, {"type": "Feature", "properties": {"site_id": "MEH-01", "epoch": 2026, "part": "main"}, "geometry": {"type": "Polygon", "coordinates": [[[72.39502095523454, 23.58840342563288], [72.39683299014811, 23.588515704012146], [72.39689809644803, 23.588421759481406], [72.39724765131065, 23.588395604136196], [72.39737754460293, 23.588488049026054], [72.39744463070105, 23.588756128824496], [72.397184771313, 23.588987480035566], [72.39698228240452, 23.589010945075074], [72.396820279976, 23.5889261026382], [72.3963485802904, 23.588936312392743], [72.39648165775964, 23.58927054403992], [72.39618537540464, 23.589264086204302], [72.39613779143211, 23.590198790941344], [72.39732818234266, 23.59023598032244], [72.39731582677021, 23.590347471460177], [72.39711009853588, 23.59039748222526], [72.39632084978257, 23.59037762131757], [72.39613939708524, 23.590327156421665], [72.39490385532348, 23.590301217879727], [72.39494378269733, 23.589260394240405], [72.39509505073376, 23.58927719166372], [72.39505766782055, 23.589972057126182], [72.39594194082049, 23.58999083204107], [72.39600299530494, 23.58926568920057], [72.39500240035964, 23.58917386153597], [72.39495987372882, 23.588514360114388], [72.39502095523454, 23.58840342563288]]]}}, {"type": "Feature", "properties": {"site_id": "BHJ-01", "epoch": 2026, "part": "main"}, "geometry": {"type": "Polygon", "coordinates": [[[69.69685842399738, 23.26671815700178], [69.69680138264202, 23.266614118409322], [69.69681416718, 23.266570314806355], [69.69678572308428, 23.26630966432764], [69.69665300565713, 23.266070142806388], [69.69675901831168, 23.266001024638523], [69.69673432217172, 23.26586853264005], [69.69670720204698, 23.26580679965454], [69.69641240567171, 23.26578744196369], [69.69624393228804, 23.26542667740809], [69.69708762361122, 23.265380857282082], [69.69682673900562, 23.26432182422667], [69.69692734383432, 23.264193876901356], [69.69716478696951, 23.264227258522368], [69.69738532944484, 23.26393124986285], [69.69761008259405, 23.263708369851702], [69.69771517447786, 23.263686318330656], [69.69780838055817, 23.263792766884215], [69.69781121263178, 23.26388264016028], [69.6977671670666, 23.26398626246012], [69.69780597692606, 23.264030955807605], [69.69760076149403, 23.26433255232355], [69.69746579688331, 23.264711812394747], [69.697544281686, 23.265354336644613], [69.69733759809199, 23.26560202870279], [69.69881399706668, 23.266065874956134], [69.69874775369871, 23.266164418314677], [69.69955333076659, 23.266690740569647], [69.69965798841677, 23.266556003514996], [69.69937117064224, 23.26576697692812], [69.69922816233664, 23.265705930933468], [69.69911050719206, 23.265651836247223], [69.69917615689533, 23.265568204031126], [69.69950115147114, 23.26553244291513], [69.70016116546029, 23.265750433344436], [69.70040311181126, 23.26590258127456], [69.70056867069792, 23.26625208815901], [69.70034862601308, 23.266781002625297], [69.69997589874816, 23.267465920957502], [69.6996725055664, 23.26747690527377], [69.69947252667545, 23.26739195385899], [69.69930674774814, 23.267505305184326], [69.69898710380139, 23.267277261480157], [69.69890938192485, 23.26714137546037], [69.69876851440068, 23.267185898105314], [69.69845988140108, 23.26703985974654], [69.69819300991826, 23.267028712865727], [69.6978138234409, 23.267155227241165], [69.6974128292909, 23.267120750133426], [69.69735570713158, 23.266776870197734], [69.69685842399738, 23.26671815700178]]]}}, {"type": "Feature", "properties": {"site_id": "BHJ-01", "epoch": 2024, "part": "main"}, "geometry": {"type": "Polygon", "coordinates": [[[69.69760529764248, 23.263552412252086], [69.69796287913111, 23.263778216664207], [69.69812233411095, 23.263935001721926], [69.6981964418488, 23.26401195707193], [69.69822499982092, 23.264117484987743], [69.69799057520788, 23.26419457513085], [69.69804845338619, 23.264342540980625], [69.69769370353828, 23.264412928818658], [69.69767593226597, 23.26463676649353], [69.69783712368627, 23.26514828766478], [69.6978625543841, 23.26528389927916], [69.69776127230709, 23.26532076877989], [69.69759446144852, 23.2653191090774], [69.69759645165057, 23.265382017491074], [69.69783961551772, 23.26577879679242], [69.69880430188319, 23.266084896066104], [69.69936141395908, 23.266056334805285], [69.69940391354989, 23.265755651043456], [69.69947987042137, 23.26566779648414], [69.69944742905099, 23.265518335658037], [69.69954413530225, 23.265390690714657], [69.69973006662524, 23.26546302854432], [69.69999873660218, 23.265593555945692], [69.7001539767356, 23.26562699631778], [69.70030382748104, 23.26614567714579], [69.70031043845609, 23.266781595508164], [69.69994199572845, 23.26692055050409], [69.70000098238778, 23.267223335133878], [69.6995996832407, 23.267374467273818], [69.69934426241844, 23.26729633311789], [69.69881630663318, 23.267235611350753], [69.69847520536248, 23.267061086253964], [69.69842587551508, 23.26696179852753], [69.69797306495562, 23.26695837112326], [69.69797563548808, 23.267095761941405], [69.69742564627865, 23.26715229005991], [69.69661774990719, 23.267032516816055], [69.69675549122024, 23.266791763730716], [69.69687436306204, 23.266691462075887], [69.69686687747097, 23.26635184326347], [69.69684707862021, 23.266296139733143], [69.69650606064205, 23.266272048615715], [69.69650621392246, 23.26598080981501], [69.6961814109777, 23.265858675214698], [69.69613057774491, 23.26543255685495], [69.6965074692448, 23.26543409177308], [69.69707411898911, 23.265394780545744], [69.6973133931003, 23.26532020421422], [69.69701698935822, 23.264692697052325], [69.69684175471245, 23.264228310253557], [69.69686556117993, 23.264130182507927], [69.69760529764248, 23.263552412252086]]]}}, {"type": "Feature", "properties": {"site_id": "BHJ-01", "epoch": 2022, "part": "main"}, "geometry": {"type": "Polygon", "coordinates": [[[69.6965319192831, 23.266015295296675], [69.6963759669816, 23.26595984977423], [69.69622725924688, 23.265852089010522], [69.69596105531254, 23.265314237925757], [69.69625782751784, 23.26541771492172], [69.69646806947605, 23.265432462901774], [69.69681156014698, 23.26540932345434], [69.69699796574632, 23.26535188632252], [69.6973122448096, 23.265217196381787], [69.69720402579297, 23.264774122449523], [69.69683461887195, 23.264465280734708], [69.6965666365357, 23.264581803570003], [69.69627392296175, 23.26464689828946], [69.69604965022994, 23.264590646771996], [69.6960125658651, 23.264535588354462], [69.69599411918618, 23.264329636383568], [69.6963587998579, 23.264112478375687], [69.69658792661096, 23.264010591176703], [69.69676221124482, 23.26402751493989], [69.69699465763233, 23.263869583845366], [69.69766640558342, 23.264371331950098], [69.69761758282172, 23.264532003543994], [69.69774750912386, 23.26484415543287], [69.69776150887692, 23.26513937190419], [69.69782984889329, 23.26565019942404], [69.69805308840007, 23.26580766085981], [69.69863861715231, 23.266050061250624], [69.69891701050175, 23.26617259191135], [69.69921197924647, 23.266112194132205], [69.69943956379173, 23.265816390077898], [69.69963021814561, 23.266035852007235], [69.6998356061731, 23.266137069492668], [69.70000621599632, 23.266021058485016], [69.70009666348707, 23.26611156404871], [69.70000692331547, 23.26628004182562], [69.70024967944374, 23.26655064082045], [69.70035829248718, 23.2665988178799], [69.70048428087479, 23.266559642783758], [69.7006601597098, 23.26661572259066], [69.70066926278146, 23.266778777274986], [69.70061905220558, 23.26687622677205], [69.700194300775, 23.266830607167915], [69.70004008690502, 23.2669787410881], [69.6998722326422, 23.267052579160797], [69.69956679759417, 23.267296284667378], [69.69916441902133, 23.26722603107291], [69.69879970459748, 23.26699426301753], [69.69852808187647, 23.266649759724046], [69.69834584544363, 23.26670979362651], [69.69800085887019, 23.266695936897968], [69.69772100135796, 23.266499857243733], [69.6975164695815, 23.26618554994656], [69.69681426430502, 23.266277017733767], [69.69653279165586, 23.266236672041604], [69.6965319192831, 23.266015295296675]]]}}, {"type": "Feature", "properties": {"site_id": "BHJ-01", "epoch": 2020, "part": "main"}, "geometry": {"type": "Polygon", "coordinates": [[[69.69632095761526, 23.266460667992373], [69.69626699629713, 23.26623146291027], [69.6962424715655, 23.265876104273936], [69.69602329476248, 23.265443393632694], [69.69641643281014, 23.265444849411534], [69.69678955557607, 23.265416513119014], [69.69694211364525, 23.264841812553154], [69.69657832717229, 23.264598730313406], [69.69640916859854, 23.264410912539216], [69.69613131018109, 23.264459649456086], [69.69609084350064, 23.264267762061777], [69.69660059768904, 23.26401253981365], [69.69676914697995, 23.264022156635907], [69.69688713827414, 23.263927233931398], [69.69696605979567, 23.26401184695592], [69.69739099402608, 23.26437880591259], [69.69752217090242, 23.26446655788243], [69.6976051012401, 23.264536125535663], [69.69774495165261, 23.26482819012437], [69.69780318808263, 23.26527930908196], [69.69806217254636, 23.26547349034957], [69.69794793008313, 23.265639498170213], [69.6978345466331, 23.265777836166436], [69.69863293808979, 23.26610067660508], [69.69909061601133, 23.26622550622464], [69.69928778275964, 23.266372838509227], [69.69973409510145, 23.266382526066227], [69.69990916354146, 23.26636803628753], [69.70020478324025, 23.26638403138998], [69.70039338259873, 23.26662987053974], [69.70055012374576, 23.266768430274627], [69.70039402176658, 23.266916136291737], [69.70037116265053, 23.267091022550836], [69.70011916981188, 23.267112782372195], [69.70006606218153, 23.26726414793], [69.69996261444695, 23.26734403587537], [69.69985461430981, 23.267266499430335], [69.69949604359098, 23.26729866419241], [69.69934779906723, 23.267202968009133], [69.69925851465416, 23.266960993939076], [69.69891226112985, 23.26680883850164], [69.6977230247181, 23.266506742943672], [69.69748822958886, 23.266406827801852], [69.69732477159212, 23.26653902404439], [69.69742118438478, 23.26679178699271], [69.69738920621167, 23.266857890226685], [69.69683521901557, 23.266894315158524], [69.69680001746077, 23.266981232580108], [69.6964650042671, 23.267061037536294], [69.69632095761526, 23.266460667992373]]]}}, {"type": "Feature", "properties": {"site_id": "BHJ-01", "epoch": 2018, "part": "main"}, "geometry": {"type": "Polygon", "coordinates": [[[69.69628327015171, 23.26687135013444], [69.69623293254405, 23.266807664593724], [69.69623259634136, 23.266577151037694], [69.69633685364553, 23.266569852743146], [69.69651661825634, 23.26656406581713], [69.69666627274225, 23.266515341054205], [69.69673479085269, 23.266444189857197], [69.69673936429379, 23.266386711325556], [69.69672113258872, 23.266352975673595], [69.69662644183161, 23.26633463598552], [69.69640136640855, 23.266309932569087], [69.69625849549489, 23.26628817757874], [69.6960355353627, 23.26547309980704], [69.69617013947085, 23.26546054235134], [69.69648822293854, 23.2654692207285], [69.6967945068242, 23.265418370401516], [69.6969905694379, 23.265367899939815], [69.69687892128165, 23.264952145406223], [69.69681384139929, 23.264661596628237], [69.69666291584622, 23.264564397408936], [69.69654110295504, 23.26432735463727], [69.69586341941226, 23.26451003544167], [69.6958287749719, 23.26433285650389], [69.69661174635783, 23.26413999714303], [69.69684427027657, 23.26421227835878], [69.6971182706424, 23.26444737424903], [69.69740841164267, 23.264704501932204], [69.69751510914007, 23.265091939112843], [69.6976445543524, 23.2657330610461], [69.69774747141359, 23.266191230880036], [69.69812061656114, 23.266274924871603], [69.69848558502731, 23.26624560395953], [69.6987558409895, 23.266279710274105], [69.69918567376216, 23.266629417453288], [69.69961991115925, 23.266911711201413], [69.69981177664688, 23.267031480924093], [69.69987381977006, 23.26714734588754], [69.6998205378914, 23.267263676882905], [69.69962554598895, 23.267269800556658], [69.6994228990951, 23.267257853577025], [69.69924971343495, 23.267157807899167], [69.69921609063078, 23.266963971597086], [69.69907955134126, 23.26684985915037], [69.69893133000117, 23.266803002895887], [69.69888931765456, 23.26692066008091], [69.69863831653662, 23.26684033364245], [69.69848784430306, 23.266659472076018], [69.6983933716917, 23.266679799788065], [69.69819042230839, 23.266778334616127], [69.69785254547708, 23.266667477117853], [69.69769638439277, 23.266487988888805], [69.69752013963982, 23.2663802403749], [69.69729771175633, 23.266394105155438], [69.69740586102088, 23.266835644345935], [69.69677069420699, 23.266896822379522], [69.69666983189727, 23.267002210415455], [69.69642675457301, 23.26701950488045], [69.69628327015171, 23.26687135013444]]]}}, {"type": "Feature", "properties": {"site_id": "BHJ-01", "epoch": 2016, "part": "main"}, "geometry": {"type": "Polygon", "coordinates": [[[69.69751087724599, 23.26529451604105], [69.69748414568005, 23.26512847043588], [69.69746006103533, 23.265016724969517], [69.69739979682326, 23.264911100966582], [69.69723734474047, 23.26487131828397], [69.69713747811778, 23.264823990694275], [69.6970686392599, 23.2646858996678], [69.69701837723204, 23.264568621128873], [69.69689972582673, 23.264487765035952], [69.69682451942795, 23.264595546903042], [69.69671557662309, 23.264563427893272], [69.69665225989208, 23.26447619264124], [69.69656804306734, 23.264412817660716], [69.6964232076686, 23.26441448448163], [69.69630296084387, 23.264493545424322], [69.69617718722111, 23.264463285469272], [69.69608804553114, 23.26450254069174], [69.69600604684062, 23.264621251769658], [69.6959144820346, 23.264668634983547], [69.69580694239953, 23.264614992617204], [69.69580591525285, 23.264542816077896], [69.69576375879355, 23.264341070285514], [69.69591460480095, 23.264260708056476], [69.69604765465266, 23.264237700596087], [69.69614981371859, 23.26416897312995], [69.69625149042409, 23.264146138288968], [69.6964567906648, 23.264150869454685], [69.69658657264007, 23.26409160328806], [69.69663903780665, 23.264030791008885], [69.69676163193752, 23.26397500960578], [69.69684368068711, 23.263871342245316], [69.69693597395514, 23.263836325714525], [69.69718271697045, 23.26413492773408], [69.69719995798131, 23.264236612421538], [69.69736655605399, 23.264315123728515], [69.69748837145308, 23.26445348954739], [69.69749746801978, 23.26464340850888], [69.69762893381673, 23.26468931766597], [69.69760587446768, 23.26478501267484], [69.69750874490782, 23.264824486738718], [69.69746523146664, 23.26491523621859], [69.69751221907867, 23.26504177582611], [69.69763332581189, 23.26535467977876], [69.6974909854316, 23.265450557461584], [69.69769782143366, 23.265930148282084], [69.697947364292, 23.265953663372688], [69.69796263155449, 23.26624318701996], [69.6981809515822, 23.266278523586244], [69.69855965184207, 23.266037916212643], [69.69887946329835, 23.266181925385286], [69.69893473825995, 23.266464320434682], [69.69910802004456, 23.266521794151036], [69.6994024757589, 23.266258293599204], [69.6995698374488, 23.26625491445254], [69.69966535177042, 23.26606449253052], [69.69980191641439, 23.26604016292687], [69.69998492961402, 23.266304906256487], [69.70015997540267, 23.26626034630062], [69.7002694227742, 23.26634433664357], [69.70027583977038, 23.266607339384212], [69.70016747720179, 23.266779469065888], [69.70003579339014, 23.266913240355876], [69.70001725531029, 23.26717718546795], [69.69991808601223, 23.267137007484937], [69.69984024435183, 23.26698948093496], [69.69964450219553, 23.266982874622776], [69.69951095301334, 23.26698342610608], [69.6994902756346, 23.267071689620156], [69.69935472572351, 23.267134916537543], [69.69923571516195, 23.26703682321156], [69.69917643310596, 23.2669208867277], [69.69906430591236, 23.266882213620963], [69.69899726324138, 23.266913131886344], [69.69878375227498, 23.266883713490323], [69.6985985820993, 23.266820763600997], [69.69850443284514, 23.26667952486337], [69.69839163038483, 23.266675910691994], [69.69822354287165, 23.26666960031524], [69.69816252212627, 23.266547565124824], [69.69816677950692, 23.26647907262858], [69.69807523749888, 23.266419133007975], [69.69800668973814, 23.266499477221142], [69.69793640310186, 23.26655296427687], [69.69782560928432, 23.266470650695165], [69.69771081013576, 23.266444108884766], [69.69757843269176, 23.266424335262656], [69.6974493818333, 23.266384804707293], [69.69734215554956, 23.266320528490215], [69.69728641271838, 23.26634003110411], [69.69729900840878, 23.26653102429662], [69.69704203386424, 23.266728888272198], [69.69684726603197, 23.266887422862453], [69.69660938842487, 23.26690925069636], [69.6964373859307, 23.26683859082404], [69.69624387427679, 23.266652203569002], [69.69612774091893, 23.2658752431669], [69.69632626010561, 23.26579324150402], [69.69638365499897, 23.265588080949925], [69.69619737743133, 23.26548155020715], [69.69616691228464, 23.265383520857853], [69.6962996601661, 23.26535428394703], [69.69638178468455, 23.26531472622199], [69.69645607573733, 23.265245676255443], [69.69657246733355, 23.2652944468086], [69.69670891755193, 23.26526266072246], [69.69679384746716, 23.2653228490296], [69.69683233222324, 23.26543104052814], [69.69709128356263, 23.26535912356109], [69.6972078369925, 23.265232704200386], [69.6973380237909, 23.265249182123906], [69.69751087724599, 23.26529451604105]]]}}, {"type": "Feature", "properties": {"site_id": "BHV-01", "epoch": 2016, "part": "main"}, "geometry": {"type": "Polygon", "coordinates": [[[72.09164635702763, 21.795948031470434], [72.0921432971183, 21.79589242190935], [72.09274455386281, 21.79591276706233], [72.0932508770634, 21.795897713612508], [72.093351143824, 21.796054199166907], [72.09333542903578, 21.796114744578574], [72.09318499304268, 21.79608592848122], [72.09299420366402, 21.79622079590075], [72.0929089888453, 21.79606008106212], [72.09238557387425, 21.796108344257053], [72.09230835086859, 21.796208586978917], [72.0922846169228, 21.79685419594711], [72.09291167840979, 21.796845578877527], [72.0929265301619, 21.797012063091486], [72.09280092070216, 21.79716260399756], [72.09278664422423, 21.79730195508207], [72.09264275379806, 21.79756334717992], [72.09251139650858, 21.797681165198266], [72.09232767210634, 21.797777613647312], [72.0922907161027, 21.79784280474624], [72.0921778359128, 21.797945340371342], [72.0920194320687, 21.798000003163345], [72.0918954447235, 21.798016234253968], [72.09173980392548, 21.797969983900554], [72.09164058528714, 21.797845045750446], [72.09153892545967, 21.79767843712543], [72.09144572932169, 21.797489035814415], [72.09142338447718, 21.797340369248538], [72.09130925754316, 21.797382073136216], [72.09117669256112, 21.797446752044273], [72.09107680067119, 21.797410630052877], [72.0909987255762, 21.79734198656128], [72.09083174163978, 21.797273767592426], [72.09073420667315, 21.797224215784347], [72.09060862692367, 21.79705237491529], [72.09067312006368, 21.796780710447138], [72.09080758614101, 21.79652548128817], [72.09082386919256, 21.79635483619234], [72.09094740279423, 21.796261089120982], [72.09093974024537, 21.796080367013225], [72.09113356088633, 21.79594593625393], [72.09164635702763, 21.795948031470434]]]}}, {"type": "Feature", "properties": {"site_id": "BHV-01", "epoch": 2018, "part": "main"}, "geometry": {"type": "Polygon", "coordinates": [[[72.0938020015768, 21.797121126352987], [72.0928873098312, 21.799113489921822], [72.09266717355891, 21.799030706490345], [72.09272670155748, 21.798672404899172], [72.09104877677606, 21.79884470535567], [72.0910074090582, 21.799106333894805], [72.09081485606482, 21.799058262619724], [72.09075788974508, 21.799722156516097], [72.09055702611637, 21.79982019789211], [72.09035233378788, 21.80051725174868], [72.08946729614756, 21.800899291446495], [72.08917668046179, 21.800904741114884], [72.08925062301131, 21.800736586220207], [72.08942430096165, 21.80051484392162], [72.08951346256185, 21.80038065353184], [72.08865073125523, 21.799498048404917], [72.0885444547273, 21.79892648783744], [72.0886274441697, 21.79849511568773], [72.088736683338, 21.79831298925394], [72.08917996892049, 21.798051003295864], [72.08937365192989, 21.79813225999336], [72.08949694782933, 21.798478250358727], [72.08955089260985, 21.798788632583193], [72.08959547591668, 21.798440250742463], [72.08969359303552, 21.79823377683805], [72.08977848464474, 21.798082414276944], [72.08966314847163, 21.797771127073116], [72.09005463101005, 21.797528887697368], [72.09021839071653, 21.797394643089838], [72.09037750685806, 21.79741268554785], [72.09051069031506, 21.797279985481506], [72.09044394645795, 21.79710126950171], [72.09022397892218, 21.79681568218088], [72.09021307726853, 21.796610582486938], [72.0899187860738, 21.79650801355168], [72.08991754623372, 21.796312127784482], [72.09010922384384, 21.79613947110002], [72.09040464129266, 21.796146525324325], [72.09074752341787, 21.79623610648924], [72.09096721482942, 21.796207119358513], [72.09126354852964, 21.796085673939004], [72.09158121878461, 21.7959823429067], [72.09208333096785, 21.795863266238744], [72.09233512114105, 21.79591514077062], [72.09241014476751, 21.79618997733207], [72.09243494974135, 21.796389425793212], [72.0923552684807, 21.796545967004953], [72.09237816242049, 21.796654080970356], [72.09237420402833, 21.79671318861694], [72.09228161156682, 21.796718362168672], [72.09229286550142, 21.796852249863942], [72.09329481754585, 21.796787421403945], [72.09335613733056, 21.79640140828145], [72.09347457909949, 21.796424533486572], [72.09378177392665, 21.79622836963475], [72.09399332926063, 21.79645823684642], [72.09402839047061, 21.796517403489805], [72.09403728298967, 21.79657023757195], [72.09401288265845, 21.79666783109364], [72.0938020015768, 21.797121126352987]]]}}, {"type": "Feature", "properties": {"site_id": "BHV-01", "epoch": 2020, "part": "main"}, "geometry": {"type": "Polygon", "coordinates": [[[72.0938020015768, 21.797121126352987], [72.0928873098312, 21.799113489921822], [72.09266717355891, 21.799030706490345], [72.09272670155748, 21.798672404899172], [72.09177016295553, 21.79879170784373], [72.09172621069656, 21.799147059570426], [72.09172559257927, 21.799361265780718], [72.09161526115007, 21.79965062692132], [72.09156221212993, 21.799953948621997], [72.09231027245687, 21.80014743225067], [72.09237313433783, 21.80042989883508], [72.09224954569363, 21.800599178189536], [72.09206048197817, 21.800595595599024], [72.09161852536037, 21.80089239941885], [72.09091805593546, 21.801171933990116], [72.09006311161158, 21.800776552772103], [72.08946729614756, 21.800899291446495], [72.08917668046179, 21.800904741114884], [72.08925062301131, 21.800736586220207], [72.08942430096165, 21.80051484392162], [72.08951346256185, 21.80038065353184], [72.08898421190625, 21.80039598777368], [72.08877827742342, 21.800303727663973], [72.08860308743351, 21.80020838179481], [72.08844112814731, 21.800141477965596], [72.08824428913427, 21.799882528735107], [72.08806383924079, 21.799601050539575], [72.08816269538497, 21.799483109595965], [72.08839646372648, 21.79942999262281], [72.08853042329561, 21.799399086952967], [72.08863778880159, 21.799285449783145], [72.0885444547273, 21.79892648783744], [72.0886274441697, 21.79849511568773], [72.088736683338, 21.79831298925394], [72.08917996892049, 21.798051003295864], [72.08937365192989, 21.79813225999336], [72.08949694782933, 21.798478250358727], [72.08955089260985, 21.798788632583193], [72.08959547591668, 21.798440250742463], [72.08969359303552, 21.79823377683805], [72.08977848464474, 21.798082414276944], [72.08966314847163, 21.797771127073116], [72.09005463101005, 21.797528887697368], [72.09021839071653, 21.797394643089838], [72.09037750685806, 21.79741268554785], [72.09051069031506, 21.797279985481506], [72.09044394645795, 21.79710126950171], [72.09022397892218, 21.79681568218088], [72.09021307726853, 21.796610582486938], [72.0899187860738, 21.79650801355168], [72.08991754623372, 21.796312127784482], [72.09010922384384, 21.79613947110002], [72.09040464129266, 21.796146525324325], [72.09074752341787, 21.79623610648924], [72.09096721482942, 21.796207119358513], [72.09126354852964, 21.796085673939004], [72.09158121878461, 21.7959823429067], [72.09208333096785, 21.795863266238744], [72.09233512114105, 21.79591514077062], [72.0930113357519, 21.795866163481527], [72.0931132630409, 21.796100509128426], [72.09274626800824, 21.79610473261732], [72.09276060040615, 21.79641314078558], [72.09285833942575, 21.79647349272237], [72.0929585442261, 21.796436898474532], [72.0930447293677, 21.79639755103774], [72.09313367167027, 21.79616865324082], [72.09324196662706, 21.79617140669804], [72.09323505958237, 21.79636309471332], [72.09329785971933, 21.79646763879679], [72.09336822094392, 21.796386113686143], [72.09358453151782, 21.796396659660427], [72.09363359760613, 21.796295969057013], [72.09378177392665, 21.79622836963475], [72.09399332926063, 21.79645823684642], [72.09402839047061, 21.796517403489805], [72.09403728298967, 21.79657023757195], [72.09401288265845, 21.79666783109364], [72.0938020015768, 21.797121126352987]]]}}, {"type": "Feature", "properties": {"site_id": "BHV-01", "epoch": 2022, "part": "main"}, "geometry": {"type": "Polygon", "coordinates": [[[72.09373403551999, 21.79611012246743], [72.09404517412578, 21.79644669984938], [72.09408471099621, 21.796529759214863], [72.09408713860499, 21.796642191731113], [72.09371191021908, 21.79746576052463], [72.0930643037304, 21.797306071393045], [72.0930970732463, 21.797896763505108], [72.09297576820325, 21.797978909845103], [72.09272953363403, 21.79803746231039], [72.09258829389412, 21.797974229889295], [72.09239893556303, 21.798145300330773], [72.09223916700968, 21.79809348499397], [72.09213815604669, 21.798134190594535], [72.0920902087552, 21.79816102339604], [72.09201738129781, 21.798129729873658], [72.09192678363812, 21.79815152030762], [72.09178848451431, 21.798112802941215], [72.09166579348727, 21.79801395788745], [72.09156856442216, 21.797888215983587], [72.09156925332576, 21.797856106074857], [72.09147599779519, 21.797830810723188], [72.09140132872653, 21.797871795726667], [72.09120628212226, 21.798025351405382], [72.09113235038836, 21.798100870749643], [72.09103715739299, 21.798191800762893], [72.09093000603278, 21.798209038974125], [72.09081683219964, 21.79804188873123], [72.09056793011868, 21.798128557591713], [72.0905780281908, 21.79852907409507], [72.09066381539627, 21.798494685328226], [72.09072638367108, 21.798452662609062], [72.09075420885199, 21.798418202435123], [72.09082224766689, 21.79841560735466], [72.09086105383189, 21.798436024702525], [72.09091653592223, 21.79845444748999], [72.09095216925562, 21.79852312239746], [72.09096559632809, 21.7986018414998], [72.09087628945531, 21.798640843118182], [72.09081533725586, 21.79863548092112], [72.09076807382914, 21.798678754830565], [72.09074001889852, 21.798761167686443], [72.09069361758033, 21.79871945284722], [72.09066178172802, 21.798743411156533], [72.0906843401974, 21.79877669750687], [72.0906417452464, 21.798815486528405], [72.09048704125114, 21.798806092132384], [72.09037645582718, 21.798665773816076], [72.0902023134821, 21.79849572693855], [72.09009799911973, 21.798398569575877], [72.08998030318119, 21.798437444105005], [72.08995066088012, 21.79855004598472], [72.08985207312207, 21.79871280941674], [72.08973344840612, 21.79889837455288], [72.08962612917787, 21.798962806351536], [72.08945663043875, 21.79892507350276], [72.08935255735948, 21.79883449403022], [72.08933028095824, 21.79876628865856], [72.08918888249833, 21.79876055256985], [72.08906112178163, 21.798771614978094], [72.0888579134047, 21.79873586442887], [72.08861462007654, 21.798693662406407], [72.08852950340912, 21.798716308685933], [72.08848675170906, 21.798811797639445], [72.0886041671755, 21.79890699044846], [72.08866972283693, 21.799075430331808], [72.09051367193342, 21.799811826541447], [72.0898143800121, 21.80157109962841], [72.08757704069724, 21.800693891844492], [72.08836151284332, 21.798962502102395], [72.0884535354012, 21.79862587150686], [72.08866927568873, 21.798378079539308], [72.08874453682694, 21.79790579509997], [72.08881399760637, 21.79758054637195], [72.08908117168818, 21.7973636207743], [72.08917546381831, 21.797181423211153], [72.08922525996053, 21.79667194171015], [72.08915691064321, 21.79646159029314], [72.08910240508892, 21.796003480764412], [72.08917171222846, 21.795716743393445], [72.08918145178797, 21.79541319667619], [72.08915762561652, 21.795041246979167], [72.08927559042486, 21.795000018624293], [72.08938143145885, 21.79505398984243], [72.08931750021964, 21.79522256320283], [72.0893950495232, 21.795395906418317], [72.08959263946005, 21.79541846851593], [72.08977996144601, 21.79540447947051], [72.09015004935128, 21.795357917494243], [72.09027462662085, 21.795165083218368], [72.09040556597778, 21.795039480208825], [72.09069263123486, 21.79505954075512], [72.09097267696043, 21.79518305755375], [72.09114100468717, 21.7953156680855], [72.09116107579072, 21.795671327505836], [72.09106976273235, 21.79585706858841], [72.09106927074001, 21.796049153917355], [72.09113783611782, 21.796271313585397], [72.09131869093852, 21.79634481288439], [72.09150800285695, 21.79634184065401], [72.09166036186335, 21.79636020048723], [72.091760980666, 21.79605963160462], [72.09186830513381, 21.795936720172637], [72.09203078234306, 21.795922871048315], [72.0921128464646, 21.79606411310179], [72.09228179155889, 21.796039226645856], [72.09247654461903, 21.79607303256864], [72.09255199329259, 21.79610344492542], [72.09281387263262, 21.796097424824367], [72.09294407014697, 21.79612943613879], [72.0930236161106, 21.79620536334879], [72.09299981869722, 21.796374355389187], [72.09234576110322, 21.796436856520632], [72.09235944567335, 21.796488573113944], [72.0926008435041, 21.796493528692707], [72.09280599407705, 21.79662198670607], [72.09285146952176, 21.79667471887797], [72.093220808484, 21.796661630129233], [72.09327633431866, 21.796891702028887], [72.09334381854285, 21.796880631004697], [72.09336677682491, 21.796824383753886], [72.09352666943546, 21.79677533466857], [72.09353826634839, 21.7965184225952], [72.0934620029109, 21.79637338318786], [72.0935002771131, 21.796245879242417], [72.09373403551999, 21.79611012246743]]]}}, {"type": "Feature", "properties": {"site_id": "BHV-01", "epoch": 2024, "part": "main"}, "geometry": {"type": "Polygon", "coordinates": [[[72.09340501998399, 21.79680191837075], [72.09387916033864, 21.797000214801745], [72.09363027946621, 21.79755691756079], [72.09312489169972, 21.79735317942468], [72.09289109005799, 21.79789441830101], [72.09337554476032, 21.798074064310867], [72.09334314656572, 21.798178479405877], [72.09287542613667, 21.79805419511472], [72.09274381002146, 21.798228807327543], [72.0924720671219, 21.79833222367245], [72.09227635301066, 21.79842411501066], [72.09215459637363, 21.79846396598792], [72.09214851761415, 21.798343793889632], [72.09218795437175, 21.79819605088955], [72.0920443414151, 21.798156149134755], [72.09183989010073, 21.798142623522697], [72.09165237473967, 21.79799596662053], [72.09159239409122, 21.797923231304175], [72.09137900453601, 21.797847662973425], [72.09122557016747, 21.797886233821846], [72.09110785812965, 21.79811072185277], [72.09099354717941, 21.798172322045513], [72.09087660768739, 21.798127034735387], [72.09085250371781, 21.79805486398349], [72.09073310371221, 21.798056500287018], [72.09068998418346, 21.79807825761025], [72.09067784504529, 21.79821097526323], [72.09070228401784, 21.79823517039564], [72.09067370034481, 21.798287127773676], [72.0906560347961, 21.798351574625737], [72.09066899200987, 21.7984008330076], [72.09064847808425, 21.798483681928033], [72.0907361779692, 21.798476099588992], [72.0908027372558, 21.79841709688606], [72.09086594541091, 21.79844470252153], [72.0909203933556, 21.798502620183264], [72.0908779750782, 21.79859987572282], [72.09076677870034, 21.79859845767746], [72.09073048648014, 21.798616555492913], [72.09079160903023, 21.7986855689332], [72.09079804131679, 21.798764651551718], [72.09071996522562, 21.79877568593158], [72.09058598502781, 21.79879628933129], [72.09048124828058, 21.798771065705996], [72.09041810393074, 21.79876664027858], [72.09038006044837, 21.798678389435736], [72.0903365112083, 21.79863099070801], [72.09040171005529, 21.798629566020985], [72.09038494311652, 21.798555530720073], [72.09031432626269, 21.798505651112194], [72.09032766234773, 21.798402769638837], [72.09043395644653, 21.798354535545304], [72.09047394273404, 21.79826338842216], [72.0905165524306, 21.798213700713525], [72.0904969397032, 21.79833831008391], [72.09052192329324, 21.798376326689493], [72.09056223426134, 21.798366357457265], [72.09060263687819, 21.79826802118811], [72.09064080972122, 21.7982107853923], [72.09063231807613, 21.798163117292173], [72.09062708127313, 21.79811412742992], [72.09054049733524, 21.798126205824747], [72.09053140638487, 21.798003143432567], [72.09037054539877, 21.798129529941203], [72.09026371741513, 21.79812326827528], [72.09024403612499, 21.79815550352085], [72.09027914691687, 21.79823649323897], [72.09031280922646, 21.798298206846393], [72.09028705896773, 21.79834902975474], [72.09022245083554, 21.798364943334423], [72.09008225437933, 21.79823759341867], [72.09007450619605, 21.79813921888314], [72.08997891787467, 21.79809655101633], [72.08992199686462, 21.798091027622682], [72.08989360928844, 21.798157484471773], [72.08990537848436, 21.798217233277825], [72.0899658402747, 21.79824578918669], [72.09002170002599, 21.798229864646938], [72.09008977379916, 21.79830318776465], [72.09022423831539, 21.798429093995935], [72.09019236617121, 21.798461557619977], [72.09012734016999, 21.798469412400433], [72.09005464817092, 21.798478643694484], [72.0900065197829, 21.798430860759314], [72.08993047135615, 21.798438615017837], [72.08981863965029, 21.798526911910784], [72.08984128075653, 21.798435337662276], [72.0899576725414, 21.79835530933381], [72.0899882556688, 21.798288642745717], [72.0899093833041, 21.79824630699359], [72.0898380735706, 21.798253785569457], [72.08974401645162, 21.798222826599616], [72.08960275518423, 21.798298224086118], [72.08954680117145, 21.79838691600395], [72.08953231540222, 21.798546357356933], [72.08949227891625, 21.798647456947634], [72.0894063337123, 21.79850593314707], [72.08918666588632, 21.798495667113777], [72.08900612434309, 21.798483783623976], [72.08893909231007, 21.798422570858325], [72.08892969312109, 21.798301754257096], [72.08913165758277, 21.798263143786592], [72.08929706035934, 21.798297737299222], [72.08941078271525, 21.79821707190474], [72.08954819791389, 21.79810818552002], [72.08937127224965, 21.798099844941056], [72.08930213100942, 21.79800335307182], [72.08939006560882, 21.797895006412194], [72.08938229690972, 21.79779201954906], [72.08924190243759, 21.79768998057184], [72.08905922771164, 21.797747833330796], [72.0889746283888, 21.798119708711123], [72.08876482975268, 21.798157198878155], [72.08867540546957, 21.79835407142542], [72.0886941189178, 21.798589119952858], [72.08848123438388, 21.79898213207192], [72.09047484667313, 21.799841474529916], [72.09046355039872, 21.799981466183663], [72.08979022211211, 21.801500196998102], [72.08765299923164, 21.80065329644385], [72.08837390486927, 21.798961842509172], [72.0886105348057, 21.798527761988414], [72.08859155060104, 21.798220237465603], [72.08887013760626, 21.79769818681677], [72.08912993017492, 21.797328783463186], [72.08885579786258, 21.796872112469703], [72.08875990944621, 21.79630267232028], [72.08880289651364, 21.79606038389583], [72.08909677063338, 21.795964545614297], [72.089173499542, 21.795714564650066], [72.08916271839907, 21.795229412657395], [72.08932945216898, 21.795248088516544], [72.08952067832942, 21.795414494473267], [72.08978048482064, 21.79539912081824], [72.08994052330097, 21.795375136233048], [72.0901082580636, 21.795314098564518], [72.09019227998385, 21.795097135277356], [72.09034323050301, 21.79498052529989], [72.09044426286273, 21.79506554149052], [72.0905654832982, 21.79500421632729], [72.0906069823649, 21.79490926069302], [72.09080481028073, 21.795041894795432], [72.09096146733663, 21.794915851633313], [72.09117050193075, 21.79501282021625], [72.09123185488166, 21.795750294550643], [72.09114449377223, 21.79597629775174], [72.09128336636144, 21.79624038842773], [72.09158668739556, 21.796292650206574], [72.09176459654748, 21.79619754238328], [72.09181668580007, 21.79597980132646], [72.09221846585623, 21.79598991231967], [72.09243882711266, 21.795964620850253], [72.09254593086057, 21.796099840800704], [72.09278594655714, 21.79610647531835], [72.09278063546452, 21.79639674392087], [72.09247255862425, 21.79641886509658], [72.09251249746622, 21.79651223229345], [72.092856006319, 21.796525275748433], [72.09285923987855, 21.796576323340997], [72.09301857948347, 21.79666433245], [72.09258044464761, 21.796697373117766], [72.09258725976508, 21.796813770529816], [72.09340501998399, 21.79680191837075]]]}}, {"type": "Feature", "properties": {"site_id": "BHV-01", "epoch": 2026, "part": "main"}, "geometry": {"type": "Polygon", "coordinates": [[[72.09319158877688, 21.796782260700315], [72.09310188890122, 21.797307064286667], [72.09283306586148, 21.797279619341207], [72.09242564998337, 21.797535379118305], [72.09232000113167, 21.797929571649373], [72.09196053690027, 21.79800261137733], [72.09195853782818, 21.798200205634004], [72.09171032228285, 21.798216709124848], [72.09185178275543, 21.79850293936999], [72.09156422873218, 21.79855099182282], [72.09151975433981, 21.798065861850226], [72.09102185065994, 21.79813255546851], [72.09079349557656, 21.798119949278636], [72.09061644325277, 21.79825610515223], [72.09067598582094, 21.79850440545808], [72.09076047572836, 21.798710651597716], [72.0905308614376, 21.798699283808002], [72.0899922265159, 21.79849357342169], [72.08983682541697, 21.79872646940863], [72.08971704822008, 21.79861260264314], [72.09001750518836, 21.79823979252816], [72.08987626886737, 21.79819732896338], [72.08984448912058, 21.798074461196595], [72.08976477780585, 21.79812287914185], [72.08915375416346, 21.79808098675395], [72.08897105734749, 21.798117664189025], [72.08851828949672, 21.79906350003566], [72.09050768101775, 21.79985328414744], [72.08977085246387, 21.80149860540893], [72.08764188742033, 21.80065366821095], [72.0883768094118, 21.7990169283552], [72.08847551119528, 21.79903951574082], [72.08896125069248, 21.7980488803441], [72.08880144707143, 21.798114896824867], [72.08877803008697, 21.797981400282985], [72.08883789572879, 21.797544828408707], [72.08904221394371, 21.797273888360955], [72.08909721571986, 21.797236906135307], [72.08892099175293, 21.79701200341209], [72.0888505575792, 21.796696310708636], [72.08884136424655, 21.79655470317341], [72.0891011657, 21.79639534521472], [72.08931742389474, 21.7964055866899], [72.08932674165041, 21.79631568143916], [72.08918553908217, 21.796133676528004], [72.08927748567321, 21.79591919546245], [72.08942665800132, 21.79580952178948], [72.08957027587492, 21.79555676610521], [72.08978808025542, 21.795578987956766], [72.09012235209984, 21.795659609282225], [72.09057998876345, 21.795605896620785], [72.0908125837848, 21.79544738442445], [72.09102164000596, 21.7954506758529], [72.09117856592032, 21.795579131940332], [72.09116805655609, 21.795783567271798], [72.0909918780775, 21.79577879701923], [72.09128194764547, 21.79590081060425], [72.09133563380777, 21.79624600439421], [72.09239538666498, 21.79615193145593], [72.09237259840474, 21.796401718915142], [72.09250855778663, 21.796475298947975], [72.09259378792467, 21.79668241375687], [72.09259747798697, 21.796814641282495], [72.09319158877688, 21.796782260700315]]]}}, {"type": "Feature", "properties": {"site_id": "AHM-02", "epoch": 2026, "part": "a"}, "geometry": {"type": "Polygon", "coordinates": [[[72.55230265633313, 22.972135178510698], [72.55207143516135, 22.97253643005467], [72.55234993189238, 22.97306495701221], [72.5510971941096, 22.973500018849883], [72.55056860345559, 22.971886033867847], [72.54996774447343, 22.97003648229722], [72.55066444448954, 22.969826484449992], [72.55213752392613, 22.969423177247293], [72.55266028239912, 22.97062256201898], [72.55255910858351, 22.97064105939756], [72.55240144086378, 22.970688861479264], [72.55217851506208, 22.970774929163085], [72.5518591650548, 22.970842755681627], [72.55194004353025, 22.97118873372548], [72.55227243077857, 22.971094013912328], [72.55237603561727, 22.971228384456612], [72.55287046486373, 22.971112610459823], [72.55320873125136, 22.971844371138847], [72.55230265633313, 22.972135178510698]]]}}, {"type": "Feature", "properties": {"site_id": "AHM-02", "epoch": 2024, "part": "a"}, "geometry": {"type": "Polygon", "coordinates": [[[72.55322930358409, 22.972154915625655], [72.55211033530999, 22.97256342036445], [72.55216673616223, 22.97275773083252], [72.55326484786052, 22.972368619413455], [72.55345511583819, 22.972649502662016], [72.55234993189238, 22.97306495701221], [72.5510971941096, 22.973500018849883], [72.55056860345559, 22.971886033867847], [72.54996774447343, 22.97003648229722], [72.55066444448954, 22.969826484449992], [72.55213752392613, 22.969423177247293], [72.55266028239912, 22.97062256201898], [72.55255910858351, 22.97064105939756], [72.55240144086378, 22.970688861479264], [72.5521646193656, 22.970745854796412], [72.55176411332799, 22.970826372371832], [72.55192855969815, 22.971333604272996], [72.55237603561727, 22.971228384456612], [72.55287046486373, 22.971112610459823], [72.55320873125136, 22.971844371138847], [72.55322930358409, 22.972154915625655]]]}}, {"type": "Feature", "properties": {"site_id": "AHM-02", "epoch": 2022, "part": "a"}, "geometry": {"type": "Polygon", "coordinates": [[[72.55322930358409, 22.972154915625655], [72.55211033530999, 22.97256342036445], [72.55216673616223, 22.97275773083252], [72.55326484786052, 22.972368619413455], [72.55345511583819, 22.972649502662016], [72.55234993189238, 22.97306495701221], [72.5510971941096, 22.973500018849883], [72.55056860345559, 22.971886033867847], [72.54996774447343, 22.97003648229722], [72.55066444448954, 22.969826484449992], [72.55146943898072, 22.969612523018153], [72.55224360722053, 22.969479736992245], [72.55274102218146, 22.970562369984968], [72.55279825559684, 22.97073708423875], [72.55273652231801, 22.970931323105027], [72.55287046486373, 22.971112610459823], [72.55320873125136, 22.971844371138847], [72.55322930358409, 22.972154915625655]]]}}, {"type": "Feature", "properties": {"site_id": "AHM-02", "epoch": 2020, "part": "a"}, "geometry": {"type": "Polygon", "coordinates": [[[72.55330812520275, 22.972124974418332], [72.55211033530999, 22.97256342036445], [72.55216673616223, 22.97275773083252], [72.55336805295286, 22.972341791916886], [72.55353289511365, 22.972674461814822], [72.55234993189238, 22.97306495701221], [72.5510971941096, 22.973500018849883], [72.55056860345559, 22.971886033867847], [72.54996774447343, 22.97003648229722], [72.55066444448954, 22.969826484449992], [72.55115713797689, 22.96969919489639], [72.55107625535999, 22.969982103478735], [72.55109633496086, 22.97038115634185], [72.55031107305807, 22.970777360173937], [72.55040168574156, 22.971075174324668], [72.55092451878681, 22.97111389515465], [72.5513348853884, 22.97147587242077], [72.55187814220909, 22.971355226374055], [72.55248390294888, 22.971214181784614], [72.55268563543035, 22.971159483373704], [72.55287046486373, 22.971112610459823], [72.55320873125136, 22.971844371138847], [72.55330812520275, 22.972124974418332]]]}}, {"type": "Feature", "properties": {"site_id": "AHM-02", "epoch": 2018, "part": "a"}, "geometry": {"type": "Polygon", "coordinates": [[[72.55321165256959, 22.97210270414298], [72.55211033530999, 22.97256342036445], [72.55216673616223, 22.97275773083252], [72.55328057162522, 22.972358725902716], [72.55341299954365, 22.97270595899561], [72.55234993189238, 22.97306495701221], [72.55115206037497, 22.97345735454518], [72.55056860345559, 22.971886033867847], [72.55078429912929, 22.971778762814495], [72.55138295593214, 22.971549625651758], [72.55189069024203, 22.971390090447432], [72.55248390294888, 22.971214181784614], [72.55268563543035, 22.971159483373704], [72.55287046486373, 22.971112610459823], [72.55311287941595, 22.971843440535867], [72.55321165256959, 22.97210270414298]]]}}, {"type": "Feature", "properties": {"site_id": "AHM-02", "epoch": 2016, "part": "a"}, "geometry": {"type": "Polygon", "coordinates": [[[72.55238824113717, 22.973065941532163], [72.5510971941096, 22.973500018849883], [72.55056860345559, 22.971886033867847], [72.55141611199572, 22.971564084327905], [72.5528591201263, 22.97110175565195], [72.55296189480157, 22.971431316621146], [72.5526288714688, 22.971574178731547], [72.55288161759094, 22.972072671893017], [72.55275730541112, 22.97229093660523], [72.552066906302, 22.972570168163195], [72.55216208406621, 22.972777960359654], [72.55281770801828, 22.972502847172233], [72.55238824113717, 22.973065941532163]]]}}, {"type": "Feature", "properties": {"site_id": "AHM-02", "epoch": 2016, "part": "b"}, "geometry": {"type": "Polygon", "coordinates": [[[72.55639926728769, 22.97248034735276], [72.55558298704355, 22.97279423057104], [72.55505051058338, 22.9729441105628], [72.55469888871825, 22.972916253772826], [72.55392707532286, 22.97124465994348], [72.55388285690213, 22.97113696886776], [72.55380741072283, 22.97094599984246], [72.55545818225426, 22.97031608381498], [72.55639926728769, 22.97248034735276]]]}}, {"type": "Feature", "properties": {"site_id": "AHM-02", "epoch": 2018, "part": "b"}, "geometry": {"type": "Polygon", "coordinates": [[[72.55646561829462, 22.97262032223053], [72.55438382326801, 22.973424326821853], [72.55345631291381, 22.971306801873336], [72.55388285690213, 22.97113696886776], [72.55348227341318, 22.970125441290435], [72.55506689912148, 22.969442415628436], [72.55646561829462, 22.97262032223053]]]}}, {"type": "Feature", "properties": {"site_id": "AHM-02", "epoch": 2020, "part": "b"}, "geometry": {"type": "Polygon", "coordinates": [[[72.55646561829462, 22.97262032223053], [72.55426116913581, 22.97348301282522], [72.55332739175836, 22.971371172799643], [72.55388285690213, 22.97113696886776], [72.55348227341318, 22.970125441290435], [72.55403158037635, 22.96979015601796], [72.55412903186517, 22.969512570184055], [72.55436836283518, 22.969323914184443], [72.55417201147132, 22.968719164423845], [72.5546838177012, 22.968566381850312], [72.55646561829462, 22.97262032223053]]]}}, {"type": "Feature", "properties": {"site_id": "AHM-02", "epoch": 2022, "part": "b"}, "geometry": {"type": "Polygon", "coordinates": [[[72.55645835972037, 22.972571739945124], [72.55425343951072, 22.973476349934636], [72.55332739175836, 22.971371172799643], [72.55390458196376, 22.971139172576198], [72.55346801957155, 22.97005505078814], [72.55451718888968, 22.96963584447138], [72.55506246612788, 22.96944114819186], [72.55645835972037, 22.972571739945124]]]}}, {"type": "Feature", "properties": {"site_id": "AHM-02", "epoch": 2024, "part": "b"}, "geometry": {"type": "Polygon", "coordinates": [[[72.55637897955805, 22.972485370733416], [72.5562716562129, 22.972667472968375], [72.55561465953043, 22.972941882901075], [72.55486396986747, 22.97315999197978], [72.55464652655616, 22.97293639819271], [72.55435914044145, 22.97302220991229], [72.5540540247448, 22.97300737094776], [72.55391563945484, 22.972675072011576], [72.55372275733103, 22.97221327554139], [72.5542999617508, 22.972000020926945], [72.55390458196376, 22.971139172576198], [72.55346801957155, 22.97005505078814], [72.55452112854898, 22.969670206978], [72.5551036296064, 22.96946325830492], [72.55606227156221, 22.971602850513598], [72.55637897955805, 22.972485370733416]]]}}, {"type": "Feature", "properties": {"site_id": "AHM-01", "epoch": 2026, "part": "main"}, "geometry": {"type": "Polygon", "coordinates": [[[72.57239581185004, 22.985303568404305], [72.57242189023103, 22.98675765122275], [72.57232541287117, 22.98686570529755], [72.57225216053872, 22.987035506453843], [72.5721050878946, 22.98713864127476], [72.57191507056334, 22.98714247021953], [72.57191864217315, 22.986855354153217], [72.57165410073878, 22.986846391019448], [72.57165002567062, 22.9871440365192], [72.571272924125, 22.987140780301196], [72.57132130904004, 22.986919033933088], [72.57132279901535, 22.98672667668692], [72.57128621722337, 22.986585645518765], [72.57095344062158, 22.986515075882103], [72.5706490474016, 22.986549743369476], [72.57058473320858, 22.986278908494327], [72.57048186539934, 22.986085593132202], [72.57040394840567, 22.98574954213575], [72.57013638495587, 22.98470145030567], [72.57007028626056, 22.98431204462999], [72.56987765435169, 22.9837803746005], [72.5697403726855, 22.983686376435134], [72.56956891936852, 22.983626153998816], [72.56928242359852, 22.98364956476582], [72.5688441269321, 22.983808894953675], [72.5684908585277, 22.983932185895576], [72.56826861594747, 22.983945090355625], [72.56820218690841, 22.983813163600985], [72.56736436497603, 22.984160934814987], [72.56705310743888, 22.98420395962741], [72.56667991794542, 22.98420361613487], [72.56595691293752, 22.983642502502473], [72.56554389437852, 22.983025154020567], [72.5650665544948, 22.982219689727025], [72.56548156263362, 22.98204541747322], [72.5661953936675, 22.98168991207679], [72.5664702021799, 22.98103267088392], [72.56656125883335, 22.98040556116074], [72.56668505839038, 22.97958363302172], [72.56661450678757, 22.979054547075894], [72.56747054320748, 22.97906953503965], [72.56756792559364, 22.97874257071201], [72.56802185342562, 22.97843035734785], [72.56834184084956, 22.978449686931228], [72.56875772743898, 22.97861480236971], [72.56903466873696, 22.979035624315788], [72.5691265333663, 22.979448585027487], [72.56892871957261, 22.98000020574002], [72.56869079103996, 22.980763259919133], [72.56880050782755, 22.980933718880905], [72.56977883314549, 22.98120284014962], [72.57053308178486, 22.98166493853694], [72.5714535727733, 22.982145946052093], [72.57144339234321, 22.9823454410127], [72.57128300856685, 22.982407082027276], [72.57131022505006, 22.982676205387477], [72.571397496504, 22.982807878268165], [72.57164530077279, 22.98286736439264], [72.57202006111406, 22.98304791239659], [72.57189170208771, 22.98389345978603], [72.57182047448786, 22.984068831204468], [72.57168610412427, 22.98496507490384], [72.57172256461483, 22.98503002228816], [72.57193160642547, 22.985097683987497], [72.57239581185004, 22.985303568404305]]]}}, {"type": "Feature", "properties": {"site_id": "AHM-01", "epoch": 2024, "part": "main"}, "geometry": {"type": "Polygon", "coordinates": [[[72.57191463398973, 22.983710065491014], [72.57181616330341, 22.984382666142817], [72.57164484824719, 22.984806260882017], [72.57149855022615, 22.98505782453291], [72.57136780554423, 22.9851530087715], [72.5713885627341, 22.9853376692082], [72.57123702574032, 22.985443100882577], [72.57106153578086, 22.985459031626096], [72.57093700113407, 22.98528992098926], [72.57055269623152, 22.985181317937332], [72.57016993497633, 22.984821127413525], [72.5701332038777, 22.984440558814146], [72.57008756966079, 22.98415483768875], [72.56993894831433, 22.983831318435517], [72.56985436685287, 22.98367002765856], [72.56963984552954, 22.98359588041764], [72.56879535310998, 22.983615618844155], [72.56869587240966, 22.983760204334814], [72.56857016952797, 22.983818091033555], [72.56821214649726, 22.98382518995748], [72.56717862863991, 22.984225565530476], [72.56622063583947, 22.984566040725074], [72.56598314123659, 22.9843460646961], [72.56540540256896, 22.983074246630867], [72.56556018404872, 22.98297873630155], [72.56564632934115, 22.982538365595545], [72.56557064802122, 22.982354063999747], [72.56559679002487, 22.98222371298598], [72.56553229343226, 22.98214776222117], [72.56544188685152, 22.98167012197224], [72.5655908495002, 22.981214264069365], [72.565492125956, 22.98074210798813], [72.56582648684233, 22.980188303059514], [72.56585812515043, 22.979398818992323], [72.5657410991419, 22.979021383924195], [72.5664784369258, 22.979055381743358], [72.56712488505266, 22.97902294347058], [72.56730951166747, 22.978962396521364], [72.56755071896211, 22.978923763642968], [72.5676405458024, 22.978700929743358], [72.56796735216767, 22.97848136481424], [72.56835983333548, 22.978496369786562], [72.56869556749987, 22.9786291287197], [72.56897278198507, 22.978845460131016], [72.56919248335804, 22.979211775958284], [72.5690653451478, 22.979625900421677], [72.56889317122526, 22.98015879644367], [72.56873000971315, 22.98074236027245], [72.56897746976043, 22.98098148302504], [72.56943323738496, 22.98111045922669], [72.5695091481212, 22.981142895516104], [72.56954708355903, 22.98104205102], [72.57017575027537, 22.981361680944083], [72.57055921196105, 22.981587964195356], [72.57062277043612, 22.98171280643463], [72.57111246175006, 22.981985582712454], [72.57145288815738, 22.982052397400015], [72.57151878896407, 22.982180638162024], [72.57135319352899, 22.98269521416053], [72.57142020137391, 22.982793012257307], [72.5716168841075, 22.982888916674792], [72.57178177810427, 22.982993943193467], [72.57191835432522, 22.983326458912163], [72.57191463398973, 22.983710065491014]]]}}, {"type": "Feature", "properties": {"site_id": "AHM-01", "epoch": 2022, "part": "main"}, "geometry": {"type": "Polygon", "coordinates": [[[72.57079578434838, 22.98518896007741], [72.57048722655465, 22.985103880784266], [72.57021635300475, 22.98496109270325], [72.57017694982859, 22.98478518709794], [72.57021110108808, 22.984623356583132], [72.57011591351403, 22.98447974644672], [72.57010574366413, 22.984289580540928], [72.56991661086728, 22.983842130114162], [72.56994783219642, 22.983733637055693], [72.5696962166549, 22.983660305567756], [72.56935235460928, 22.983673488049465], [72.56851631203759, 22.98397321077834], [72.56834688214812, 22.983775349586725], [72.56601350860535, 22.984619259107955], [72.5652778932759, 22.983082109834466], [72.56577195477556, 22.982875868622184], [72.56567073456108, 22.982698815778896], [72.56574286380976, 22.982664515960153], [72.56607428526794, 22.982515751405483], [72.5661555410043, 22.982241275016598], [72.56601599116011, 22.98196186176261], [72.56552963120552, 22.98218470769736], [72.5649676347193, 22.982431722323017], [72.56479939126307, 22.982120706480966], [72.56456989835803, 22.981576254132115], [72.56416104004823, 22.980708103992264], [72.56372206950422, 22.979771317984486], [72.56378158102662, 22.979595176164636], [72.56402662630964, 22.979023790777248], [72.56437589505988, 22.979020616419092], [72.56530475780197, 22.979055286663936], [72.5654881161297, 22.97891643858857], [72.5664281654533, 22.979066319863623], [72.56716721020153, 22.97913348806516], [72.56752502186373, 22.979059126384115], [72.56755587370196, 22.978910913239922], [72.56758636762326, 22.978681071980983], [72.56775151203924, 22.978588764287405], [72.56792227394621, 22.97850538987711], [72.56819030891509, 22.978414543834397], [72.56842350512366, 22.97842736057446], [72.56870615754207, 22.978619840818787], [72.56896655701135, 22.978884089460006], [72.56912316623371, 22.979123765761837], [72.56907177322196, 22.979445304208983], [72.56895363135357, 22.980027490957415], [72.56869910369412, 22.980763070730024], [72.56947778628941, 22.98097105699825], [72.57005731342922, 22.981247825960423], [72.57024274410138, 22.98140836776061], [72.57077216325338, 22.981695470636613], [72.57118812029793, 22.98197613562138], [72.57131739254662, 22.982172689102267], [72.57134685426776, 22.982705967299022], [72.5716683998069, 22.982982286421368], [72.5718645052409, 22.98334989484516], [72.57186354462084, 22.98356139526016], [72.57191216017644, 22.98387394512046], [72.57178842222702, 22.98410337869354], [72.57174156843041, 22.98436919604696], [72.57163601253241, 22.98469791146287], [72.57146506394375, 22.984898511817406], [72.57127763429116, 22.985131094754323], [72.57108670830529, 22.985193729754368], [72.57079578434838, 22.98518896007741]]]}}, {"type": "Feature", "properties": {"site_id": "AHM-01", "epoch": 2020, "part": "main"}, "geometry": {"type": "Polygon", "coordinates": [[[72.57076886672422, 22.985544766897405], [72.57037648802597, 22.985486495024745], [72.57021635300475, 22.98496109270325], [72.57017694982859, 22.98478518709794], [72.57021110108808, 22.984623356583132], [72.57011591351403, 22.98447974644672], [72.57010574366413, 22.984289580540928], [72.56991661086728, 22.983842130114162], [72.56994783219642, 22.983733637055693], [72.5696962166549, 22.983660305567756], [72.56935235460928, 22.983673488049465], [72.56851631203759, 22.98397321077834], [72.56834688214812, 22.983775349586725], [72.56743621259704, 22.98403323564791], [72.56785916651356, 22.982850050014275], [72.56808446979674, 22.982424292214034], [72.56834930489721, 22.981855698603233], [72.56792221702788, 22.981731494510935], [72.56705149713804, 22.98144323097225], [72.56732863693917, 22.983090389926236], [72.56694658205888, 22.98386053636934], [72.56601350860535, 22.984619259107955], [72.5652778932759, 22.983082109834466], [72.56577195477556, 22.982875868622184], [72.56567073456108, 22.982698815778896], [72.56574286380976, 22.982664515960153], [72.56607428526794, 22.982515751405483], [72.5661555410043, 22.982241275016598], [72.56601599116011, 22.98196186176261], [72.56552963120552, 22.98218470769736], [72.5649676347193, 22.982431722323017], [72.56479939126307, 22.982120706480966], [72.56456989835803, 22.981576254132115], [72.56416104004823, 22.980708103992264], [72.56372206950422, 22.979771317984486], [72.56378158102662, 22.979595176164636], [72.56289561441076, 22.977895770265757], [72.56223934695576, 22.976491774565627], [72.56234643730781, 22.97627314673786], [72.56257846075323, 22.97597374120953], [72.56295175916155, 22.975797022618117], [72.56368433677466, 22.975673884868108], [72.56408529243004, 22.97600347449389], [72.56428351511954, 22.97707586011975], [72.56455762653731, 22.977968307773434], [72.564380585446, 22.97840109177331], [72.56437589505988, 22.979020616419092], [72.56530475780197, 22.979055286663936], [72.5654881161297, 22.97891643858857], [72.5664281654533, 22.979066319863623], [72.56716721020153, 22.97913348806516], [72.56752502186373, 22.979059126384115], [72.56755587370196, 22.978910913239922], [72.56758636762326, 22.978681071980983], [72.56775151203924, 22.978588764287405], [72.56792227394621, 22.97850538987711], [72.56819030891509, 22.978414543834397], [72.56842350512366, 22.97842736057446], [72.56870615754207, 22.978619840818787], [72.56896655701135, 22.978884089460006], [72.56912316623371, 22.979123765761837], [72.56907177322196, 22.979445304208983], [72.56895363135357, 22.980027490957415], [72.56869910369412, 22.980763070730024], [72.56947778628941, 22.98097105699825], [72.57005731342922, 22.981247825960423], [72.57024274410138, 22.98140836776061], [72.57077216325338, 22.981695470636613], [72.57118812029793, 22.98197613562138], [72.57131739254662, 22.982172689102267], [72.57134685426776, 22.982705967299022], [72.5716683998069, 22.982982286421368], [72.57190553217356, 22.983339108713807], [72.57194892486575, 22.983558521710165], [72.57193939643689, 22.98371743940729], [72.57196357932264, 22.983858698020477], [72.57191780434376, 22.984120893570186], [72.5718547785197, 22.98438408102298], [72.57179219115952, 22.984689941060026], [72.57165815321716, 22.985010808097087], [72.5714013438647, 22.98529774200547], [72.57115252404834, 22.98531884892066], [72.57105586357102, 22.985468666846625], [72.57076886672422, 22.985544766897405]]]}}, {"type": "Feature", "properties": {"site_id": "AHM-01", "epoch": 2018, "part": "main"}, "geometry": {"type": "Polygon", "coordinates": [[[72.57048215211961, 22.983780215745643], [72.570180563328, 22.983772198176553], [72.57003483949163, 22.983742327492596], [72.56994783219642, 22.983733637055693], [72.5696979983833, 22.983823499816253], [72.569402782491, 22.983897903128625], [72.56891709851845, 22.984122373903247], [72.56841118519343, 22.984150109857605], [72.56823905578182, 22.983794633516613], [72.56743621259704, 22.98403323564791], [72.56704834658284, 22.984196259047113], [72.56601350860535, 22.984619259107955], [72.5652778932759, 22.983082109834466], [72.56577195477556, 22.982875868622184], [72.56567073456108, 22.982698815778896], [72.56574286380976, 22.982664515960153], [72.56607428526794, 22.982515751405483], [72.5661555410043, 22.982241275016598], [72.56601599116011, 22.98196186176261], [72.56552963120552, 22.98218470769736], [72.5649676347193, 22.982431722323017], [72.56479939126307, 22.982120706480966], [72.56456989835803, 22.981576254132115], [72.56416104004823, 22.980708103992264], [72.56372206950422, 22.979771317984486], [72.56378158102662, 22.979595176164636], [72.56289561441076, 22.977895770265757], [72.56223934695576, 22.976491774565627], [72.56202003472481, 22.976021715633173], [72.56250792607983, 22.97586810981128], [72.56295175916155, 22.975797022618117], [72.56368433677466, 22.975673884868108], [72.56408529243004, 22.97600347449389], [72.56428351511954, 22.97707586011975], [72.56455762653731, 22.977968307773434], [72.564380585446, 22.97840109177331], [72.56437589505988, 22.979020616419092], [72.56530475780197, 22.979055286663936], [72.56553143826679, 22.979027115781246], [72.5664281654533, 22.979066319863623], [72.56716721020153, 22.97913348806516], [72.5672193525386, 22.978770887533194], [72.56741244231557, 22.978722144889193], [72.56746502922547, 22.978701571666914], [72.56747743294942, 22.978645253921762], [72.56754075241177, 22.978619220227415], [72.56765490622314, 22.97861026981722], [72.56774139524528, 22.978558689530715], [72.56789838569908, 22.978463019840206], [72.56815033590357, 22.97835490092454], [72.56840747055631, 22.97834411312247], [72.56868893877498, 22.978382938508535], [72.5689924823883, 22.97841894713407], [72.56912443836492, 22.97885714049571], [72.56912316623371, 22.979123765761837], [72.56907177322196, 22.979445304208983], [72.56895363135357, 22.980027490957415], [72.56869910369412, 22.980763070730024], [72.56947778628941, 22.98097105699825], [72.57005731342922, 22.981247825960423], [72.57024274410138, 22.98140836776061], [72.57077216325338, 22.981695470636613], [72.57118812029793, 22.98197613562138], [72.57131739254662, 22.982172689102267], [72.57134685426776, 22.982705967299022], [72.57093021339351, 22.983057640273035], [72.57097295506055, 22.98349361405643], [72.57091966369438, 22.98381884732444], [72.57048215211961, 22.983780215745643]]]}}, {"type": "Feature", "properties": {"site_id": "AHM-01", "epoch": 2016, "part": "main"}, "geometry": {"type": "Polygon", "coordinates": [[[72.57048215211961, 22.983780215745643], [72.570180563328, 22.983772198176553], [72.57003483949163, 22.983742327492596], [72.56994783219642, 22.983733637055693], [72.5696979983833, 22.983823499816253], [72.569402782491, 22.983897903128625], [72.56891709851845, 22.984122373903247], [72.56841118519343, 22.984150109857605], [72.56823905578182, 22.983794633516613], [72.56743621259704, 22.98403323564791], [72.56704834658284, 22.984196259047113], [72.56601350860535, 22.984619259107955], [72.5652778932759, 22.983082109834466], [72.56577195477556, 22.982875868622184], [72.56567073456108, 22.982698815778896], [72.56574286380976, 22.982664515960153], [72.56607428526794, 22.982515751405483], [72.5661555410043, 22.982241275016598], [72.56601599116011, 22.98196186176261], [72.56552963120552, 22.98218470769736], [72.5649676347193, 22.982431722323017], [72.56479939126307, 22.982120706480966], [72.56456989835803, 22.981576254132115], [72.56416104004823, 22.980708103992264], [72.56372206950422, 22.979771317984486], [72.56359309322801, 22.97956813510804], [72.56345440956152, 22.979270992132864], [72.56324752334496, 22.978779329204404], [72.56282992506117, 22.97792276390263], [72.56213681087893, 22.976513336271474], [72.56185974813086, 22.975912013254185], [72.56200616088854, 22.975850996621578], [72.56250109332302, 22.975646884914855], [72.56291391563086, 22.975482723019194], [72.56335078493258, 22.975447946307316], [72.56368433677466, 22.975673884868108], [72.56408529243004, 22.97600347449389], [72.56428351511954, 22.97707586011975], [72.56455762653731, 22.977968307773434], [72.564380585446, 22.97840109177331], [72.56437589505988, 22.979020616419092], [72.56530475780197, 22.979055286663936], [72.56553143826679, 22.979027115781246], [72.5664281654533, 22.979066319863623], [72.5671676087132, 22.97909776852607], [72.56749409494476, 22.97903686112136], [72.56747183425149, 22.978745571008837], [72.56746502922547, 22.978701571666914], [72.56747743294942, 22.978645253921762], [72.56754075241177, 22.978619220227415], [72.56765490622314, 22.97861026981722], [72.56774139524528, 22.978558689530715], [72.56789838569908, 22.978463019840206], [72.56815033590357, 22.97835490092454], [72.56840747055631, 22.97834411312247], [72.56857910851103, 22.97839805163301], [72.56881063635782, 22.97845614616754], [72.56897210063549, 22.9785160914982], [72.56907994591766, 22.978655255199712], [72.56912443836492, 22.97885714049571], [72.56912316623371, 22.979123765761837], [72.56907177322196, 22.979445304208983], [72.56895363135357, 22.980027490957415], [72.56869910369412, 22.980763070730024], [72.56947778628941, 22.98097105699825], [72.57005731342922, 22.981247825960423], [72.57024274410138, 22.98140836776061], [72.5706533136529, 22.981675777907007], [72.570974657696, 22.981860756913132], [72.57113122865097, 22.98210871934092], [72.57116343969169, 22.98230609354452], [72.5711127645044, 22.98293404826792], [72.57091307229472, 22.98309438251636], [72.57086560717245, 22.98345409516105], [72.57082438691788, 22.983678928289354], [72.57048215211961, 22.983780215745643]]]}}, {"type": "Feature", "properties": {"site_id": "AHM-03", "epoch": 2016, "part": "main"}, "geometry": {"type": "Polygon", "coordinates": [[[72.54580556746261, 22.961077463077427], [72.54551258087207, 22.959752641353653], [72.54736913571607, 22.959379977016695], [72.547699128088, 22.960871004636903], [72.54580556746261, 22.961077463077427]]]}}, {"type": "Feature", "properties": {"site_id": "AHM-03", "epoch": 2018, "part": "main"}, "geometry": {"type": "Polygon", "coordinates": [[[72.54586557451493, 22.961153601837253], [72.54551258087207, 22.959752641353653], [72.54736913571607, 22.959379977016695], [72.54776189268482, 22.961287208371623], [72.54685535006044, 22.961051628375852], [72.54632014826764, 22.96100923524054], [72.54586557451493, 22.961153601837253]]]}}, {"type": "Feature", "properties": {"site_id": "AHM-03", "epoch": 2020, "part": "main"}, "geometry": {"type": "Polygon", "coordinates": [[[72.5459275298295, 22.96158632117197], [72.54551258087207, 22.959752641353653], [72.54736913571607, 22.959379977016695], [72.54776189268482, 22.961287208371623], [72.5459275298295, 22.96158632117197]]]}}, {"type": "Feature", "properties": {"site_id": "AHM-03", "epoch": 2022, "part": "main"}, "geometry": {"type": "Polygon", "coordinates": [[[72.54587801062027, 22.961687875892657], [72.54562164142122, 22.960813363963915], [72.54525423573182, 22.960508249354074], [72.54498140130524, 22.9594453544331], [72.54636392922346, 22.95919606269497], [72.54769496237827, 22.95899587692916], [72.54819659514713, 22.96125889630261], [72.54587801062027, 22.961687875892657]]]}}, {"type": "Feature", "properties": {"site_id": "AHM-03", "epoch": 2024, "part": "main"}, "geometry": {"type": "Polygon", "coordinates": [[[72.54555424046379, 22.962129382871677], [72.54533635017391, 22.96101996959542], [72.54521149329388, 22.960510228333366], [72.54498140130524, 22.9594453544331], [72.54636392922346, 22.95919606269497], [72.54769496237827, 22.95899587692916], [72.54828947291566, 22.961618474029326], [72.54555424046379, 22.962129382871677]]]}}, {"type": "Feature", "properties": {"site_id": "AHM-03", "epoch": 2026, "part": "main"}, "geometry": {"type": "Polygon", "coordinates": [[[72.54555424046379, 22.962129382871677], [72.54533635017391, 22.96101996959542], [72.54521149329388, 22.960510228333366], [72.54498140130524, 22.9594453544331], [72.54636392922346, 22.95919606269497], [72.54769496237827, 22.95899587692916], [72.54828947291566, 22.961618474029326], [72.54555424046379, 22.962129382871677]]]}}, {"type": "Feature", "properties": {"site_id": "GNR-01", "epoch": 2026, "part": "main"}, "geometry": {"type": "Polygon", "coordinates": [[[72.68084042130415, 23.250210483103377], [72.68056793866786, 23.25034358812233], [72.6804397347521, 23.25076475008213], [72.6805196487952, 23.25093792337564], [72.68016041433758, 23.251429541563656], [72.68021849976432, 23.25163956854895], [72.6798889713325, 23.25261990508876], [72.67977337482547, 23.25247666186556], [72.68010117756624, 23.251468756851025], [72.67999543487275, 23.2514213638252], [72.6804622111845, 23.250525286164432], [72.6804295366437, 23.250401362798893], [72.67921215298989, 23.250396089224335], [72.6786098579103, 23.250450047247654], [72.67861913836379, 23.250815733689986], [72.67883850202116, 23.251331632692366], [72.67900497933589, 23.25173432591609], [72.67913370510426, 23.251954673028333], [72.67929287105237, 23.25215079391928], [72.67946992819716, 23.252288546343745], [72.67973289947778, 23.252467914575426], [72.67987380268784, 23.25262869692971], [72.67991546111313, 23.252925685324925], [72.6798147003578, 23.25362043307952], [72.67963520111616, 23.254364285477372], [72.67963399076282, 23.254477657812146], [72.67955963466201, 23.25447939293773], [72.6794493963257, 23.2547237439322], [72.67948283537952, 23.254792540327642], [72.67941657877229, 23.25503783388336], [72.67914961262886, 23.255002078677936], [72.67914580895149, 23.25527457482459], [72.67904525584488, 23.255641886923033], [72.6790299600084, 23.25595128488964], [72.6789469920908, 23.25614326929793], [72.67880818722956, 23.2564170998408], [72.67865448327053, 23.25644300435302], [72.67849105874608, 23.256165452455846], [72.6784202806339, 23.25587446911581], [72.6783181009117, 23.25553590408617], [72.67813986771854, 23.25540046617477], [72.67804268816022, 23.255218711212613], [72.67779387962825, 23.25482669839693], [72.67792852344799, 23.254605210642403], [72.67781607516622, 23.253930601904916], [72.6776772155246, 23.253840801894118], [72.67771022474652, 23.253604842667876], [72.67722477922382, 23.25322043759], [72.6772153821581, 23.252840491107452], [72.6781759966075, 23.252804175679845], [72.6782072102056, 23.25220249217062], [72.67758449139758, 23.252173968342547], [72.67754699801137, 23.252005085065594], [72.67769714310492, 23.251852001531354], [72.67777031715787, 23.251670989303257], [72.67761562628876, 23.251409878484342], [72.67765548311397, 23.251325664295763], [72.67778873982832, 23.25124067838837], [72.67779979172207, 23.25080287862736], [72.67804545944551, 23.250657652688034], [72.67842332715132, 23.25051050564798], [72.67847034452572, 23.250038987387153], [72.67849092501417, 23.2498167311461], [72.678663665928, 23.24979547078445], [72.6787566318063, 23.249658414238983], [72.67875703381243, 23.24956194973432], [72.67886215387864, 23.249379148301696], [72.67911300230342, 23.24926247716045], [72.67980805363393, 23.249342887387055], [72.67976453083675, 23.24956030484418], [72.68013886698661, 23.24965476233871], [72.68025742222115, 23.249360046105735], [72.68070448443964, 23.249311697376427], [72.68101549583301, 23.249472389759237], [72.68086538126163, 23.24971975438719], [72.68094940326591, 23.249948647415057], [72.68113634073437, 23.250061013244853], [72.6811633306437, 23.250157504454986], [72.68109534887107, 23.250283889111746], [72.68084042130415, 23.250210483103377]]]}}, {"type": "Feature", "properties": {"site_id": "GNR-01", "epoch": 2024, "part": "main"}, "geometry": {"type": "Polygon", "coordinates": [[[72.68049471376803, 23.24997756115719], [72.6804622111845, 23.250525286164432], [72.68046899334632, 23.250783209663478], [72.68036646255884, 23.250941043366616], [72.68018944118268, 23.25139985326814], [72.68027214492518, 23.251774776434775], [72.68012111286065, 23.252218549918897], [72.67987380268784, 23.25262869692971], [72.67991546111313, 23.252925685324925], [72.67968917715176, 23.253298137359945], [72.67944520510284, 23.25433412416811], [72.6791961339724, 23.254530072226704], [72.67899724993848, 23.25432110557896], [72.6787936182049, 23.254190044154573], [72.67879119199405, 23.253886856234015], [72.67877871220735, 23.253544527920894], [72.67825776229685, 23.25351934751772], [72.67820533728649, 23.25318385626612], [72.67840455593652, 23.252945189494707], [72.67872129793675, 23.252693859413437], [72.67871018684922, 23.25240857551447], [72.67861680851996, 23.25224127455402], [72.67867787649872, 23.252010163979975], [72.67879879886942, 23.25184800414859], [72.678504643021, 23.251801378429313], [72.6784141578561, 23.25154666169738], [72.6785419234784, 23.25119034865939], [72.67843323653453, 23.250912112568617], [72.67841514543821, 23.250732242834776], [72.6784080657215, 23.25060889669017], [72.67842332715132, 23.25051050564798], [72.67842223248363, 23.250342179402285], [72.67848932504309, 23.250224279563316], [72.67863601037581, 23.249959004063783], [72.67878345676517, 23.249976338758103], [72.67882756574006, 23.249874033227222], [72.67885309891712, 23.249760892311965], [72.67893276618946, 23.249680664293408], [72.6791938571666, 23.249592972197277], [72.67938524119214, 23.249556884552344], [72.67980805363393, 23.249342887387055], [72.68003439575007, 23.249376466186746], [72.68025742222115, 23.249360046105735], [72.68039797505432, 23.24898470432798], [72.68072494301555, 23.24906886602653], [72.68070069397592, 23.249401344864793], [72.68060270708375, 23.24970448493893], [72.68049471376803, 23.24997756115719]]]}}, {"type": "Feature", "properties": {"site_id": "GNR-01", "epoch": 2022, "part": "main"}, "geometry": {"type": "Polygon", "coordinates": [[[72.68049471376803, 23.24997756115719], [72.6804622111845, 23.250525286164432], [72.68036722185298, 23.250499035111357], [72.68008500359066, 23.250388566884553], [72.68004926109506, 23.25088530575476], [72.67989808459424, 23.251367420316917], [72.67977601550123, 23.251831510150097], [72.67987380268784, 23.25262869692971], [72.67974954758873, 23.25286201195913], [72.67968917715176, 23.253298137359945], [72.67942482214012, 23.25397039727025], [72.67944520510284, 23.25433412416811], [72.67919634829238, 23.254362632250547], [72.67899724993848, 23.25432110557896], [72.67893260041484, 23.254108079362666], [72.67896388189207, 23.25386658235533], [72.67897640441231, 23.25340721286499], [72.67877325043149, 23.25304472067883], [72.67872287580103, 23.252864257167097], [72.67871419119746, 23.25277170100236], [72.67872129793675, 23.252693859413437], [72.67871018684922, 23.25240857551447], [72.67861680851996, 23.25224127455402], [72.67867787649872, 23.252010163979975], [72.67879879886942, 23.25184800414859], [72.67854622590401, 23.251648849955448], [72.67846284321966, 23.2514128816247], [72.6785419234784, 23.25119034865939], [72.67843323653453, 23.250912112568617], [72.67841514543821, 23.250732242834776], [72.6784080657215, 23.25060889669017], [72.67842332715132, 23.25051050564798], [72.67842223248363, 23.250342179402285], [72.67848932504309, 23.250224279563316], [72.67875942072035, 23.250172000272904], [72.67878345676517, 23.249976338758103], [72.67882756574006, 23.249874033227222], [72.67885309891712, 23.249760892311965], [72.67893276618946, 23.249680664293408], [72.6791938571666, 23.249592972197277], [72.67938524119214, 23.249556884552344], [72.67980805363393, 23.249342887387055], [72.68003439575007, 23.249376466186746], [72.68025742222115, 23.249360046105735], [72.68039797505432, 23.24898470432798], [72.68072494301555, 23.24906886602653], [72.68070069397592, 23.249401344864793], [72.68060270708375, 23.24970448493893], [72.68049471376803, 23.24997756115719]]]}}, {"type": "Feature", "properties": {"site_id": "GNR-01", "epoch": 2020, "part": "main"}, "geometry": {"type": "Polygon", "coordinates": [[[72.67966722883989, 23.247950598927925], [72.67985972376945, 23.247725787286292], [72.68060206916735, 23.24758601724866], [72.6809771885562, 23.24775144836366], [72.68110455200458, 23.24850382740174], [72.68090885639826, 23.248649890237868], [72.68071013556767, 23.248977835345265], [72.68060054052715, 23.248853322891637], [72.68012376340711, 23.248337442449188], [72.68047721059065, 23.248228614894686], [72.68031284956963, 23.247981526640192], [72.67988195181175, 23.24807924307076], [72.67966722883989, 23.247950598927925]]]}}, {"type": "Feature", "properties": {"site_id": "GNR-01", "epoch": 2018, "part": "main"}, "geometry": {"type": "Polygon", "coordinates": [[[72.67966722883989, 23.247950598927925], [72.67985972376945, 23.247725787286292], [72.68060206916735, 23.24758601724866], [72.68079536094153, 23.247632402152608], [72.68083560780933, 23.24776032969423], [72.68084540931687, 23.247855887918547], [72.68094900079704, 23.24794663891546], [72.68094528161129, 23.248126270405113], [72.68112906158547, 23.248441429998973], [72.68108045642067, 23.24847543652572], [72.6808756659352, 23.24848473839439], [72.68071658126117, 23.248581575710222], [72.68058021089641, 23.248548118734885], [72.68047603265546, 23.24859134607821], [72.68027786318352, 23.24836948843657], [72.6802137611545, 23.24827945530652], [72.68020931597975, 23.248199419450426], [72.6801456055242, 23.248097410599687], [72.67995134192581, 23.24798075314929], [72.67977610596533, 23.248024376075062], [72.67966722883989, 23.247950598927925]]]}}, {"type": "Feature", "properties": {"site_id": "GNR-01", "epoch": 2016, "part": "main"}, "geometry": {"type": "Polygon", "coordinates": [[[72.67958021680828, 23.24798737169435], [72.67985972376945, 23.247725787286292], [72.67997301931652, 23.247746499938167], [72.68030966236763, 23.247716511416055], [72.68066179904653, 23.24764035879521], [72.68080849144084, 23.247669077967128], [72.68083560780933, 23.24776032969423], [72.68087965664725, 23.247915633668892], [72.68084655971687, 23.24799060215194], [72.68094528161129, 23.248126270405113], [72.68111475366575, 23.248438993148454], [72.68108045642067, 23.24847543652572], [72.68090368561738, 23.248563157953775], [72.68075278227951, 23.2486230006736], [72.68062174301264, 23.24862241971515], [72.68047297985864, 23.24859940079017], [72.6802360911471, 23.248519209720452], [72.6801663405814, 23.24846066599803], [72.6801119850821, 23.2484228918558], [72.67998760608181, 23.248348744444627], [72.6798146128127, 23.248251993507516], [72.67966877120844, 23.248145990521607], [72.67958021680828, 23.24798737169435]]]}}, {"type": "Feature", "properties": {"site_id": "RAJ-01", "epoch": 2026, "part": "main"}, "geometry": {"type": "Polygon", "coordinates": [[[70.86261528195037, 22.373045836574587], [70.86279410450047, 22.37338037470008], [70.86111989778021, 22.374444826271485], [70.86105031314615, 22.374383830867774], [70.86079791893961, 22.374520889803343], [70.8608584204613, 22.37459823372607], [70.86070299738144, 22.374694894672754], [70.86143521436061, 22.37637687679932], [70.85944118684014, 22.377368994028604], [70.85936666820834, 22.377419198613726], [70.85904855943613, 22.377550411714285], [70.85890942191307, 22.37734471048752], [70.85876644356681, 22.37733575931857], [70.85861384794318, 22.37732974395606], [70.85845632926146, 22.37727634065689], [70.85842579035166, 22.377223332307704], [70.85832112895366, 22.377273590477092], [70.8582091442565, 22.3773858279128], [70.85813743974143, 22.377523377423206], [70.85802964861294, 22.37752507390457], [70.85822615608475, 22.37668296613003], [70.85812258467274, 22.376445070216644], [70.85780643851152, 22.37643835360655], [70.85719159007523, 22.376290446539667], [70.85672989295541, 22.376420106776376], [70.85673292910715, 22.37677474602336], [70.85682929812342, 22.37693753596453], [70.85684851002065, 22.377114175464587], [70.85669635810854, 22.37804963137184], [70.8560879647067, 22.377767616599638], [70.85581875916091, 22.377411562286305], [70.85549844608143, 22.377063383742684], [70.85533111644456, 22.37662829294834], [70.85580841660651, 22.376123237594054], [70.856532888531, 22.375413496063736], [70.8570977562557, 22.374841344900076], [70.85676896593829, 22.374387082091875], [70.85966868738336, 22.37187526259064], [70.86028827651477, 22.371317188238546], [70.86142820752126, 22.371702298651154], [70.86211291482809, 22.37137430425888], [70.86299536790476, 22.372821653890053], [70.86261528195037, 22.373045836574587]]]}}, {"type": "Feature", "properties": {"site_id": "RAJ-01", "epoch": 2024, "part": "main"}, "geometry": {"type": "Polygon", "coordinates": [[[70.86261528195037, 22.373045836574587], [70.86279410450047, 22.37338037470008], [70.86111989778021, 22.374444826271485], [70.86099137952047, 22.374520471303878], [70.8608584204613, 22.37459823372607], [70.86070299738144, 22.374694894672754], [70.86143521436061, 22.37637687679932], [70.85950980664049, 22.377330208538215], [70.85904593480937, 22.377549517468346], [70.85897855842958, 22.3775470663558], [70.8588850617431, 22.377360742186582], [70.8587824778784, 22.3773747071864], [70.85870658292147, 22.3773306111492], [70.85862401839879, 22.377335013163144], [70.85849492520977, 22.377263441695384], [70.85802177442342, 22.37756179759286], [70.8580149149154, 22.377419350793215], [70.85812256156849, 22.377023838429686], [70.85820043559086, 22.376609671641685], [70.85807965342813, 22.37640803750374], [70.85713133176071, 22.376285140043514], [70.85673288887183, 22.376386010268636], [70.85672718028745, 22.37671604213217], [70.856837426817, 22.377035121761267], [70.85669635810854, 22.37804963137184], [70.8560879647067, 22.377767616599638], [70.85581875916091, 22.377411562286305], [70.85549844608143, 22.377063383742684], [70.85533111644456, 22.37662829294834], [70.85580841660651, 22.376123237594054], [70.856532888531, 22.375413496063736], [70.8570977562557, 22.374841344900076], [70.85676896593829, 22.374387082091875], [70.85966868738336, 22.37187526259064], [70.86028827651477, 22.371317188238546], [70.86142820752126, 22.371702298651154], [70.86212962605194, 22.371367262449652], [70.8622117406806, 22.37125399751043], [70.86259791677149, 22.37207016077771], [70.86278776609494, 22.37245320221955], [70.86299536790476, 22.372821653890053], [70.86261528195037, 22.373045836574587]]]}}, {"type": "Feature", "properties": {"site_id": "RAJ-01", "epoch": 2022, "part": "main"}, "geometry": {"type": "Polygon", "coordinates": [[[70.86111989778021, 22.374444826271485], [70.86099137952047, 22.374520471303878], [70.8608584204613, 22.37459823372607], [70.86070299738144, 22.374694894672754], [70.86143521436061, 22.37637687679932], [70.85950980664049, 22.377330208538215], [70.85904593480937, 22.377549517468346], [70.85897855842958, 22.3775470663558], [70.8588850617431, 22.377360742186582], [70.8587824778784, 22.3773747071864], [70.85870658292147, 22.3773306111492], [70.85862401839879, 22.377335013163144], [70.85849492520977, 22.377263441695384], [70.85802177442342, 22.37756179759286], [70.8580149149154, 22.377419350793215], [70.85812256156849, 22.377023838429686], [70.85820043559086, 22.376609671641685], [70.85807965342813, 22.37640803750374], [70.85713133176071, 22.376285140043514], [70.85673288887183, 22.376386010268636], [70.85672718028745, 22.37671604213217], [70.856837426817, 22.377035121761267], [70.85669635810854, 22.37804963137184], [70.8560879647067, 22.377767616599638], [70.85581875916091, 22.377411562286305], [70.85549844608143, 22.377063383742684], [70.85533111644456, 22.37662829294834], [70.85580841660651, 22.376123237594054], [70.856532888531, 22.375413496063736], [70.8570977562557, 22.374841344900076], [70.85676896593829, 22.374387082091875], [70.8587677533572, 22.37262294977313], [70.8593393466083, 22.373077935710835], [70.85972811114164, 22.37284128005791], [70.86003543022107, 22.373004995274385], [70.86080515934775, 22.373536567448618], [70.86118529044762, 22.373410807482585], [70.86150737915952, 22.373481012449837], [70.86179982914277, 22.374013638149453], [70.86111989778021, 22.374444826271485]]]}}, {"type": "Feature", "properties": {"site_id": "RAJ-01", "epoch": 2020, "part": "main"}, "geometry": {"type": "Polygon", "coordinates": [[[70.86153340674512, 22.374597691319636], [70.86221388125149, 22.37592527249368], [70.85950980664049, 22.377330208538215], [70.85930363158174, 22.377437094162772], [70.85924052702241, 22.377357172547125], [70.85913451279708, 22.377223273134167], [70.8590050680308, 22.377275232682027], [70.85894486459524, 22.377239197377737], [70.85880368383366, 22.377289466045745], [70.858573575073, 22.37720278954559], [70.857975909383, 22.37616533344555], [70.85773221859283, 22.37571731315028], [70.85719066195428, 22.37472473943251], [70.85695484327753, 22.374530103622586], [70.8567590028205, 22.374421846403425], [70.85875878252283, 22.37267965244798], [70.8593393466083, 22.373077935710835], [70.85976521671277, 22.37302692006668], [70.86002596456083, 22.373055740204222], [70.86063693509867, 22.373688642439333], [70.86109907743773, 22.373808956686105], [70.86145203426805, 22.373899047043363], [70.86169364213778, 22.37405512881881], [70.86153340674512, 22.374597691319636]]]}}, {"type": "Feature", "properties": {"site_id": "RAJ-01", "epoch": 2018, "part": "main"}, "geometry": {"type": "Polygon", "coordinates": [[[70.85820526378383, 22.376362260898226], [70.85824978727562, 22.376099665911845], [70.85796139488254, 22.375746888593856], [70.85780090355847, 22.375413831766544], [70.85729931144328, 22.37483225413162], [70.85706657999762, 22.37443867819001], [70.85733836228026, 22.37414845757535], [70.85764153381888, 22.373917781654402], [70.85791373980207, 22.37393544637358], [70.85843097244523, 22.373630109667697], [70.8590806943466, 22.3733298803944], [70.85959897346633, 22.373053189021583], [70.85984049773253, 22.37303512373011], [70.86008615708951, 22.373246122178216], [70.86019398771354, 22.37367907640657], [70.86049421221378, 22.374202491605367], [70.86133725099583, 22.375842627761884], [70.86122703106082, 22.376013931249975], [70.86100049414019, 22.3762144402155], [70.86072838026168, 22.37602109477125], [70.86057027776538, 22.37579428267803], [70.86041831165177, 22.37556772404004], [70.86032922229882, 22.37544555110982], [70.86039550694773, 22.375107758152353], [70.86026527952218, 22.374798753982294], [70.86020550691046, 22.374386442036116], [70.86011249210357, 22.374341294595933], [70.8599408429811, 22.374400172239206], [70.85950821059714, 22.374495107132475], [70.85919288713785, 22.374551317488134], [70.85915808585976, 22.37486331488251], [70.85908848303418, 22.37515237593723], [70.85913693911306, 22.375712877078946], [70.85900054080507, 22.37601690824374], [70.85880846931319, 22.376442894281027], [70.85901383891827, 22.376937206806804], [70.85857983608902, 22.376718478716295], [70.85820526378383, 22.376362260898226]]]}}, {"type": "Feature", "properties": {"site_id": "RAJ-01", "epoch": 2016, "part": "main"}, "geometry": {"type": "Polygon", "coordinates": [[[70.85820526378383, 22.376362260898226], [70.85824978727562, 22.376099665911845], [70.85796139488254, 22.375746888593856], [70.85780090355847, 22.375413831766544], [70.85729931144328, 22.37483225413162], [70.85706657999762, 22.37443867819001], [70.85733836228026, 22.37414845757535], [70.85764153381888, 22.373917781654402], [70.85791373980207, 22.37393544637358], [70.85843097244523, 22.373630109667697], [70.8590806943466, 22.3733298803944], [70.85959897346633, 22.373053189021583], [70.85984049773253, 22.37303512373011], [70.86008615708951, 22.373246122178216], [70.86019398771354, 22.37367907640657], [70.86049421221378, 22.374202491605367], [70.86133725099583, 22.375842627761884], [70.86122703106082, 22.376013931249975], [70.86112848891347, 22.376033629545045], [70.86096929535739, 22.37605544610179], [70.86086906575639, 22.375937570174404], [70.8606474230621, 22.37575128932979], [70.86049551485439, 22.375524332342472], [70.86040364827348, 22.375423310968618], [70.86039550694773, 22.375107758152353], [70.86034779328394, 22.37478532705618], [70.86036315463623, 22.37461196442623], [70.86028613473182, 22.37432648108804], [70.86011249210357, 22.374341294595933], [70.8599408429811, 22.374400172239206], [70.85950821059714, 22.374495107132475], [70.85919288713785, 22.374551317488134], [70.85923453652858, 22.37471395145796], [70.85915808585976, 22.37486331488251], [70.85908848303418, 22.37515237593723], [70.85927637100885, 22.375492848869463], [70.85919466387263, 22.375807113316593], [70.85888004580495, 22.376000660396013], [70.85863692192316, 22.3762837406707], [70.85875755835133, 22.376795957285996], [70.8585883278167, 22.3766456915531], [70.85828835790944, 22.376423182371028], [70.85820526378383, 22.376362260898226]]]}}, {"type": "Feature", "properties": {"site_id": "VAD-01", "epoch": 2026, "part": "main"}, "geometry": {"type": "Polygon", "coordinates": [[[73.20861247882785, 22.23435570196256], [73.20851187324439, 22.234447969440044], [73.20833568895989, 22.234538569167217], [73.2080798598324, 22.234626576208985], [73.20777998717554, 22.23468379681933], [73.20742873822978, 22.23468075592503], [73.20713063472104, 22.234667620745647], [73.20686180279792, 22.23461335971034], [73.2066347119248, 22.23451273225292], [73.20643366436431, 22.234416501060895], [73.2062793145329, 22.234169384448787], [73.20610727452609, 22.23380977116527], [73.20605149577997, 22.233508405297485], [73.20610763358032, 22.233250304359682], [73.20623102454822, 22.232976278570938], [73.20626272869318, 22.23269533925581], [73.2063551442228, 22.23247453520528], [73.20639558391878, 22.23234076583856], [73.20638462132781, 22.232118709720694], [73.20648496594328, 22.231434025300775], [73.20651620752889, 22.231396377243], [73.20670540002702, 22.231477164435255], [73.20672539075855, 22.231554750027893], [73.2068628701456, 22.231588604608046], [73.2068867083141, 22.23150844844971], [73.20690964362068, 22.231389477680096], [73.20652710116487, 22.231163865329233], [73.206090530107, 22.23090921046832], [73.20600602411663, 22.23098875001693], [73.2059098983361, 22.231065075540723], [73.20580903484704, 22.231100873348762], [73.20563781424944, 22.231026490091004], [73.20534153713346, 22.230880831727262], [73.2050996706195, 22.23073711611196], [73.2049548897121, 22.230590246640542], [73.20492784592287, 22.230443564028626], [73.20499527452553, 22.23027957984247], [73.20494039558378, 22.23023486606756], [73.2049609689375, 22.230030945142367], [73.20504389296073, 22.229966729956487], [73.2051565631963, 22.22997405982874], [73.2054152866491, 22.229941909941747], [73.20541119437351, 22.229545402117513], [73.20537700492923, 22.229260052196953], [73.20518149290358, 22.229172670432227], [73.20499027213583, 22.229152622665627], [73.20485937543859, 22.229184614691956], [73.20465362049379, 22.22923872026961], [73.20451114352689, 22.229211623096596], [73.20441069141853, 22.22917995038061], [73.20434862313331, 22.229009880907284], [73.2043971635555, 22.22883239015216], [73.20451183183533, 22.22871738708178], [73.20471809443299, 22.22862037255295], [73.20489849038417, 22.228568697293447], [73.20507272162288, 22.22853577200401], [73.20531502812754, 22.228562826101374], [73.20557703711307, 22.22864118542075], [73.20577531744395, 22.22867416640275], [73.20587738004593, 22.22869408866838], [73.20592016040669, 22.228750931033204], [73.20603137501138, 22.22878553957232], [73.20615905780734, 22.228836567828917], [73.20641401513582, 22.22879424251882], [73.20659654617288, 22.228731090522196], [73.2067883349808, 22.228632860762115], [73.20688680787727, 22.228567759879592], [73.20698665656425, 22.22854521632657], [73.20710733671407, 22.228566343410936], [73.20722548095641, 22.22866552032583], [73.2072631692597, 22.228881877746865], [73.20731711538244, 22.22904039946876], [73.20751312973685, 22.229241713497764], [73.20768653304984, 22.229423780423414], [73.20783377668494, 22.22954643575028], [73.20792521396334, 22.2296733223655], [73.2079400650917, 22.2298142017791], [73.20787955105592, 22.2299174024262], [73.20773234196665, 22.230041341854093], [73.20767409431471, 22.230142350831883], [73.20768321757971, 22.230261571071903], [73.20760764325325, 22.23034528312887], [73.20745495663863, 22.230528736727617], [73.20748745219468, 22.2306852614698], [73.20745655906441, 22.230882004102945], [73.20741645336304, 22.23116912491344], [73.20743384054063, 22.231324405966276], [73.20751623701958, 22.23149704716704], [73.2075116320247, 22.231634055496535], [73.2074590630123, 22.23183482995527], [73.20748198444808, 22.232088485035597], [73.20744697837577, 22.23229052839125], [73.207351245966, 22.232368147145415], [73.20722968752648, 22.23242265544476], [73.20713238320936, 22.23250999413712], [73.20713433892354, 22.23265203905452], [73.20735725288492, 22.232931948215835], [73.20746803761648, 22.232963612233934], [73.20768645494084, 22.233058299427], [73.20785426830436, 22.23320347784019], [73.20800340259714, 22.23335324853588], [73.20817276555287, 22.233486836501587], [73.20834292011844, 22.23368167122122], [73.20842952570715, 22.23378732684006], [73.2085153118558, 22.23395503575795], [73.20857358867497, 22.234107404213894], [73.20860617017713, 22.234263758441614], [73.20861247882785, 22.23435570196256]]]}}, {"type": "Feature", "properties": {"site_id": "VAD-01", "epoch": 2024, "part": "main"}, "geometry": {"type": "Polygon", "coordinates": [[[73.20828842451803, 22.234251395049988], [73.20819047577199, 22.23436602562485], [73.20812633735927, 22.23447080160554], [73.20795357963398, 22.23453423977493], [73.20765440523309, 22.234598323678426], [73.20737818587152, 22.234593862304997], [73.20706846534662, 22.234574965878096], [73.20681328668657, 22.234587999613666], [73.2066347119248, 22.23451273225292], [73.20643366436431, 22.234416501060895], [73.20622802302185, 22.23419038864145], [73.20599634704907, 22.23397979565292], [73.2058554651629, 22.23394523696974], [73.20576585264321, 22.233810005212167], [73.20597259359423, 22.233639111388996], [73.20605149577997, 22.233508405297485], [73.20574292216413, 22.233124126260847], [73.20576661128824, 22.233007703454206], [73.20581944562936, 22.23292495958109], [73.20601981116914, 22.232976571312545], [73.206120094465, 22.233032668302485], [73.20623015504587, 22.23304031212193], [73.20626272869318, 22.23269533925581], [73.20631190287027, 22.23247470070639], [73.20632751807415, 22.23233321366544], [73.20638462132781, 22.232118709720694], [73.20648496594328, 22.231434025300775], [73.20651620752889, 22.231396377243], [73.20670540002702, 22.231477164435255], [73.20672539075855, 22.231554750027893], [73.2068628701456, 22.231588604608046], [73.2068867083141, 22.23150844844971], [73.20690964362068, 22.231389477680096], [73.20652710116487, 22.231163865329233], [73.206090530107, 22.23090921046832], [73.20600602411663, 22.23098875001693], [73.2059098983361, 22.231065075540723], [73.20580903484704, 22.231100873348762], [73.20563781424944, 22.231026490091004], [73.20530301491814, 22.23102653002813], [73.20499490985148, 22.230855339227116], [73.20492755320792, 22.230612822280754], [73.20492784592287, 22.230443564028626], [73.20499527452553, 22.23027957984247], [73.2051249694358, 22.230132531987053], [73.20513509406064, 22.23006398193676], [73.20519225093527, 22.230013242057424], [73.20524193946183, 22.2299638844158], [73.2053253617359, 22.22981569985204], [73.20530903802376, 22.22955394109856], [73.20529659854279, 22.229326576500707], [73.20515356318592, 22.22931996996711], [73.20497870592082, 22.229242592350428], [73.20486155595138, 22.229245130565353], [73.20465362049379, 22.22923872026961], [73.20455865161794, 22.229172153015195], [73.20446168216561, 22.22908454322553], [73.20436373626498, 22.22900183359873], [73.20431417803125, 22.22889403544658], [73.20435812589352, 22.228799038702437], [73.20448968990418, 22.228660883175973], [73.20471206750986, 22.228535488100327], [73.20481186761185, 22.22844603657502], [73.20491887625793, 22.228461018894876], [73.20497930974771, 22.228449743729985], [73.2050118455079, 22.22847377909978], [73.20500795885208, 22.22851652074103], [73.20497184273584, 22.228557368732464], [73.20504942372122, 22.22858500237715], [73.20510532674311, 22.228631035546716], [73.20512667918908, 22.228669020008372], [73.2052431385017, 22.228603078152226], [73.20531100981876, 22.22855901917714], [73.20531871245217, 22.228511335233144], [73.20535290099403, 22.228484468990594], [73.20539863599247, 22.228502024902596], [73.2054797882156, 22.228578901165644], [73.20562301993431, 22.22865897924266], [73.20568720203651, 22.228636385596985], [73.20576349375152, 22.228636709318646], [73.20581206791202, 22.228652070225827], [73.20584731775894, 22.22869269489031], [73.20592016040669, 22.228750931033204], [73.20603137501138, 22.22878553957232], [73.20615905724141, 22.228821187193287], [73.20626244557282, 22.22885284877294], [73.20632643289882, 22.22877022274613], [73.206450265658, 22.228737219415812], [73.20655798768892, 22.228686079109355], [73.20674729935611, 22.228593289202397], [73.20686906824741, 22.228551390919538], [73.20693400517831, 22.228533025189336], [73.20704444545645, 22.22859663241289], [73.20713972544257, 22.228738817478998], [73.20721253967821, 22.22892886150757], [73.20729024530677, 22.229063815208317], [73.20747423352609, 22.229244431990036], [73.20761368448191, 22.229395348124175], [73.20768705509843, 22.229497906063326], [73.20767457192966, 22.229598867460794], [73.20765595767021, 22.229768546854228], [73.20773638521985, 22.229860118237585], [73.20773862422456, 22.229945876036304], [73.20767365964824, 22.230002825212935], [73.20756721184803, 22.230014416731255], [73.20747570225774, 22.23000595057829], [73.20740974864941, 22.230025864223528], [73.20736473644045, 22.230060819332156], [73.20738771423784, 22.230217965781666], [73.20735852908871, 22.230386792458457], [73.20745495663863, 22.230528736727617], [73.20748745219468, 22.2306852614698], [73.20736586214417, 22.231002785646815], [73.20741617913447, 22.2311315443772], [73.20743384054063, 22.231324405966276], [73.20751623701958, 22.23149704716704], [73.2075116320247, 22.231634055496535], [73.207439740077, 22.231843989308853], [73.20748198444808, 22.232088485035597], [73.20744697837577, 22.23229052839125], [73.207351245966, 22.232368147145415], [73.20722968752648, 22.23242265544476], [73.20713068397802, 22.23247904130421], [73.20713433892354, 22.23265203905452], [73.20733913871364, 22.232860198608467], [73.207463328438, 22.232805436656175], [73.20757748209788, 22.23290047742955], [73.20764513526497, 22.233078871341185], [73.2078163410331, 22.233253105525694], [73.20800340259714, 22.23335324853588], [73.20806100406406, 22.233628109652155], [73.20824204560458, 22.2337990708145], [73.20832101863178, 22.233960987964448], [73.20831157761316, 22.234047371415457], [73.2083164522559, 22.23413173136723], [73.20828842451803, 22.234251395049988]]]}}, {"type": "Feature", "properties": {"site_id": "VAD-01", "epoch": 2022, "part": "main"}, "geometry": {"type": "Polygon", "coordinates": [[[73.20852440137736, 22.234434008005138], [73.20818854250436, 22.23457201670933], [73.20787730384404, 22.23465876177821], [73.2075021959315, 22.234689132195907], [73.20716251214454, 22.23465529293499], [73.20683724088049, 22.2345619003462], [73.20656613284945, 22.234307630182375], [73.20621666646228, 22.234001130172327], [73.20601751799583, 22.233956050373575], [73.2058456849129, 22.233816461834056], [73.2059293355849, 22.23358372662044], [73.2059435905008, 22.233410020509243], [73.2058297268267, 22.233276747094855], [73.20576919763181, 22.233256750117388], [73.20571146674514, 22.23327213768858], [73.20565735965576, 22.23322306849367], [73.20567829645145, 22.233105141217187], [73.20570959493467, 22.23306639751734], [73.20597936118581, 22.232541925804465], [73.2062218639041, 22.23213945028071], [73.2065088282959, 22.23115184773295], [73.20616665994952, 22.230841595091473], [73.20600640732408, 22.230998306335024], [73.2057566613598, 22.23104515565024], [73.20561960052069, 22.230973776586573], [73.20585749172146, 22.230739799863215], [73.20559169613243, 22.23046565356756], [73.20539078698977, 22.23065495331351], [73.20532130759379, 22.230748557347603], [73.2055513539202, 22.2310156521623], [73.20547828688025, 22.231107165406055], [73.2050628682059, 22.230974528616205], [73.20516319713259, 22.23042629753316], [73.20531423683148, 22.2303010826684], [73.20519800435912, 22.23006398299714], [73.20523121573544, 22.229904696519824], [73.20535650548393, 22.229840569063285], [73.20533422283864, 22.22929298107791], [73.20507814352177, 22.22915213285392], [73.20483231357603, 22.22911568146335], [73.20485040486926, 22.2289291472091], [73.20509510671766, 22.228990761332444], [73.20522110102172, 22.229020172577275], [73.20532849362722, 22.228935702393102], [73.20517786320765, 22.228787031933013], [73.20530266532191, 22.2287594612835], [73.20548950943737, 22.228808307659], [73.2055679171642, 22.229005549543295], [73.20559358162967, 22.228771200821782], [73.20567095618584, 22.228642516998246], [73.20585305572749, 22.228679089799037], [73.20590832013686, 22.22874386691645], [73.20606025843428, 22.228831202138085], [73.20625710256277, 22.22886261695418], [73.2065802006596, 22.228768589885583], [73.2066367053257, 22.228707482813338], [73.2067179209164, 22.22878180262454], [73.20666852577713, 22.228882145832106], [73.2065464059734, 22.22902866598779], [73.20649248845919, 22.22911772167978], [73.20647541229198, 22.229248349723463], [73.20646710910044, 22.22936761694356], [73.20651680599312, 22.22940915714646], [73.20660350020474, 22.22941590716897], [73.20672867549152, 22.22951580215597], [73.20681944291923, 22.229621777402528], [73.20683664763135, 22.229795421188616], [73.20684049221626, 22.22986854238441], [73.20678853681888, 22.230130607965727], [73.2069025757983, 22.230278914978395], [73.20699523031175, 22.23028580602668], [73.20706780094396, 22.230342435519837], [73.20717093071755, 22.230498259002268], [73.20719287732814, 22.23058245714219], [73.20737163392036, 22.230763892576054], [73.20739888162734, 22.230964889109966], [73.20731392459378, 22.231073169060455], [73.20739859429075, 22.231264920281834], [73.20749364203587, 22.23145501604143], [73.20753195386098, 22.231594786207726], [73.20747450714661, 22.23176996577437], [73.20742962418154, 22.231874369522252], [73.20743470066888, 22.23213525409674], [73.20738894902293, 22.232226690335466], [73.20726265922139, 22.23234537689416], [73.20723282783428, 22.23247829762376], [73.20712344043935, 22.232590530879108], [73.2073792066907, 22.232850170141827], [73.20759463570135, 22.232889597600938], [73.20760833562167, 22.233032296228593], [73.20764464614926, 22.23318646412599], [73.208045451408, 22.233385229395303], [73.20820782073854, 22.233561132302754], [73.2084014063791, 22.233778453662506], [73.20853180682363, 22.233970300548183], [73.20857883310485, 22.23416625937223], [73.20859343120554, 22.23432698493497], [73.20852440137736, 22.234434008005138]]]}}, {"type": "Feature", "properties": {"site_id": "VAD-01", "epoch": 2020, "part": "main"}, "geometry": {"type": "Polygon", "coordinates": [[[73.20840036095099, 22.23436133192504], [73.20818854250436, 22.23457201670933], [73.20787730384404, 22.23465876177821], [73.2075021959315, 22.234689132195907], [73.20716251214454, 22.23465529293499], [73.20683724088049, 22.2345619003462], [73.20656613284945, 22.234307630182375], [73.20621666646228, 22.234001130172327], [73.20610197630705, 22.2338739876312], [73.20607205930237, 22.23372149343233], [73.20604639484732, 22.23353478279803], [73.2059435905008, 22.233410020509243], [73.20589780293254, 22.23324635400668], [73.20588422386881, 22.232778577939104], [73.20597936118581, 22.232541925804465], [73.2062218639041, 22.23213945028071], [73.2065088282959, 22.23115184773295], [73.20616665994952, 22.230841595091473], [73.20600640732408, 22.230998306335024], [73.2057566613598, 22.23104515565024], [73.20561960052069, 22.230973776586573], [73.20585749172146, 22.230739799863215], [73.20559169613243, 22.23046565356756], [73.20539078698977, 22.23065495331351], [73.20532130759379, 22.230748557347603], [73.20521090767389, 22.230778532315217], [73.20519310928786, 22.230966573600092], [73.2050628682059, 22.230974528616205], [73.20460706867793, 22.2308969342456], [73.20448683032141, 22.230793144488246], [73.20445157447492, 22.230627019279215], [73.20436134705834, 22.23052806717685], [73.20409311372472, 22.230390069672417], [73.20404152844723, 22.230364788113565], [73.20401409652115, 22.23032307986583], [73.2040326852191, 22.230218495189554], [73.20418561953394, 22.23017509335002], [73.20428775461032, 22.230257713913126], [73.2043604812649, 22.230249232478883], [73.20442404712577, 22.23019248585249], [73.20446024353416, 22.230242677709757], [73.20460494529577, 22.230224458088312], [73.20463364200104, 22.230132223282617], [73.20472570662456, 22.230137903186566], [73.2047378107519, 22.22991326536318], [73.20502765656005, 22.229888935532625], [73.20522806276608, 22.229888508383667], [73.20548011261164, 22.2299016090686], [73.20574192413014, 22.229709567207124], [73.20605255194741, 22.22973957673179], [73.20623236163033, 22.22989746074261], [73.20634720868189, 22.23004729549106], [73.20646189047501, 22.230096546133417], [73.20643801392339, 22.23014784672407], [73.20640457554065, 22.23021028399996], [73.20657492929402, 22.230345180887614], [73.20669360595654, 22.230411761692654], [73.20679579958103, 22.23057673876069], [73.2070256715288, 22.230469543509077], [73.2070515428545, 22.230569954638966], [73.20707181158716, 22.230693788966263], [73.20710369880369, 22.230830454284607], [73.2071190712154, 22.23100595570618], [73.20712526205554, 22.231194578245955], [73.20704322396563, 22.231337273418003], [73.20723841251582, 22.231419868234067], [73.20729298372706, 22.231522869595302], [73.20731337325678, 22.23163962258984], [73.20732402624377, 22.231766326967545], [73.2072468040085, 22.231895700183404], [73.20701989768095, 22.23196835515176], [73.20675513187452, 22.23193235757986], [73.20672890550267, 22.2320925349439], [73.20666521402917, 22.2323153227598], [73.2068873361494, 22.23244835475236], [73.20709573943783, 22.23256321878777], [73.2073792066907, 22.232850170141827], [73.20759463570135, 22.232889597600938], [73.20782466288384, 22.23257037621726], [73.20791165266985, 22.23252135542806], [73.20799281056331, 22.23264567779583], [73.20813441610412, 22.232661122355886], [73.20813822970528, 22.232781403791243], [73.20804437870726, 22.23279300586778], [73.20800057391004, 22.232873886134755], [73.20808332534793, 22.233031843210032], [73.20798742823256, 22.233395304166145], [73.20791205248501, 22.233591978062268], [73.20823506275752, 22.233788915998417], [73.20834748301398, 22.233971335491688], [73.20839976800585, 22.234097413535043], [73.2084055516702, 22.234246551726354], [73.20840036095099, 22.23436133192504]]]}}, {"type": "Feature", "properties": {"site_id": "VAD-01", "epoch": 2018, "part": "main"}, "geometry": {"type": "Polygon", "coordinates": [[[73.20834013957945, 22.234362132473073], [73.2079987026147, 22.2344841765458], [73.20773346016924, 22.23455089728866], [73.20738010087975, 22.23459413622278], [73.20716886228229, 22.23464472799361], [73.2069092741688, 22.23462227416067], [73.20655140944824, 22.234269842827743], [73.2062070355407, 22.2339331864937], [73.20608292836367, 22.23366862419338], [73.206062481811, 22.233490035408774], [73.20608024204685, 22.233282592112324], [73.20594535302303, 22.23313823479964], [73.20588422386881, 22.232778577939104], [73.20601100248716, 22.232562526396844], [73.2063360654721, 22.23232440318374], [73.20666521402917, 22.2323153227598], [73.2068873361494, 22.23244835475236], [73.20709573943783, 22.23256321878777], [73.20724509372661, 22.23288227717628], [73.20742133651873, 22.233313945770405], [73.20791205248501, 22.233591978062268], [73.20823506275752, 22.233788915998417], [73.20834748301398, 22.233971335491688], [73.20839976800585, 22.234097413535043], [73.20843228282078, 22.234214270644195], [73.20834013957945, 22.234362132473073]]]}}, {"type": "Feature", "properties": {"site_id": "VAD-01", "epoch": 2016, "part": "main"}, "geometry": {"type": "Polygon", "coordinates": [[[73.20786943072947, 22.234457002781888], [73.2076965585261, 22.23452360688323], [73.20737511696825, 22.23455155743058], [73.20716611314843, 22.23454131835306], [73.20699313886432, 22.23447834546286], [73.20665011364107, 22.23414791104394], [73.20628148254269, 22.23381586457673], [73.20622303728297, 22.233611866061104], [73.20618692938207, 22.23344070970448], [73.20608024204685, 22.233282592112324], [73.20606241866922, 22.233067361972417], [73.206070897405, 22.232765214911698], [73.20613075441902, 22.232562822894884], [73.2063360654721, 22.23232440318374], [73.20666521402917, 22.2323153227598], [73.2068873361494, 22.23244835475236], [73.20709573943783, 22.23256321878777], [73.20724509372661, 22.23288227717628], [73.20725412637157, 22.23341393454332], [73.20755248589036, 22.233642964831084], [73.20791425266042, 22.233793857029866], [73.20814225157012, 22.233955763559283], [73.20820816624015, 22.23415141876934], [73.20805488691062, 22.234287432808838], [73.2079399363406, 22.23440959162798], [73.20786943072947, 22.234457002781888]]]}}, {"type": "Feature", "properties": {"site_id": "VAD-02", "epoch": 2026, "part": "a"}, "geometry": {"type": "Polygon", "coordinates": [[[73.16695999755909, 22.277540768900373], [73.16660841268875, 22.277549357771914], [73.1666415334919, 22.27814099633237], [73.16617310102039, 22.27818030352189], [73.16617198379656, 22.278059905931965], [73.1663145319009, 22.277990243059747], [73.16627461754541, 22.277399166016775], [73.1662465657752, 22.277232309836585], [73.16632561207169, 22.2771841770009], [73.16666962304497, 22.27731259217197], [73.16669473149024, 22.277368708471776], [73.16668746575965, 22.27741731068519], [73.16686179562078, 22.277423556038897], [73.16695987450905, 22.277461429989266], [73.16695999755909, 22.277540768900373]]]}}, {"type": "Feature", "properties": {"site_id": "VAD-02", "epoch": 2026, "part": "b"}, "geometry": {"type": "Polygon", "coordinates": [[[73.16690651671637, 22.27954691499524], [73.16690381126502, 22.279502692420813], [73.16701946262762, 22.279495405243743], [73.16701098221415, 22.279453723837275], [73.16710064828558, 22.27944345971779], [73.1671035085909, 22.27935322061621], [73.16713643690424, 22.27929839449497], [73.1671306709217, 22.2792433499169], [73.1672928502785, 22.279224146284555], [73.1672915322423, 22.279160719862272], [73.16699654274738, 22.279183108059726], [73.1670246038442, 22.279030720996737], [73.16751391651685, 22.278968313897717], [73.16756606375341, 22.27889543132185], [73.16759355035403, 22.2795064453419], [73.16690651671637, 22.27954691499524]]]}}, {"type": "Feature", "properties": {"site_id": "VAD-02", "epoch": 2024, "part": "a"}, "geometry": {"type": "Polygon", "coordinates": [[[73.16634838178273, 22.27817759092491], [73.16636910528332, 22.278103770639177], [73.16635183422662, 22.277930713984063], [73.16637902738954, 22.277750810307065], [73.1664399244395, 22.277562769860165], [73.16667137618514, 22.27744811962346], [73.166867824787, 22.27738634520891], [73.16704383570068, 22.277431905291238], [73.16704124145565, 22.27745637282347], [73.16722061053952, 22.27749161929779], [73.16727023836192, 22.277462854994], [73.1673554316867, 22.27748464920262], [73.16743082522741, 22.27751941340483], [73.16744062170092, 22.27768038389714], [73.16749414913261, 22.277727236552472], [73.16751000398448, 22.27792597155206], [73.16747434949856, 22.277993931476345], [73.16744959551362, 22.278057736518235], [73.16731609586508, 22.278060900869207], [73.16712423613639, 22.278062394579024], [73.1671264565549, 22.27827011964918], [73.16713753171192, 22.278453451617416], [73.16704478420571, 22.278469379106], [73.16705903249951, 22.27865059119583], [73.16735355691374, 22.2786308768193], [73.16740544422146, 22.27876904827263], [73.16749245299034, 22.278817542869493], [73.16721699531679, 22.27904016444627], [73.16710019879875, 22.27908076475357], [73.16697696083556, 22.279111304861093], [73.16687457095617, 22.279093016827222], [73.16682928122533, 22.278963465202708], [73.16716318949965, 22.278855301716266], [73.1671438168506, 22.278801796031765], [73.16694356459877, 22.278804777688688], [73.1668876002343, 22.278186420341296], [73.16698268401707, 22.278180461845555], [73.16699980606111, 22.278153797348118], [73.16701665546147, 22.27805299498768], [73.16696805588792, 22.27754721341388], [73.1666083608178, 22.27755917473472], [73.16664393682059, 22.278069460610634], [73.16685333838394, 22.278069205587474], [73.16685293873618, 22.278159129544274], [73.16676378408289, 22.27825811816722], [73.16644632990736, 22.278277396409727], [73.16634838178273, 22.27817759092491]]]}}, {"type": "Feature", "properties": {"site_id": "VAD-02", "epoch": 2024, "part": "b"}, "geometry": {"type": "Polygon", "coordinates": [[[73.16711533314405, 22.279542668038324], [73.1670977364106, 22.279300710468863], [73.16734121309923, 22.279264207225], [73.1674652715187, 22.279298556729646], [73.16752953270152, 22.27930981519381], [73.1675718925341, 22.27928157131011], [73.16760061048382, 22.27929917895834], [73.16761410774015, 22.27951295457467], [73.16711533314405, 22.279542668038324]]]}}, {"type": "Feature", "properties": {"site_id": "VAD-02", "epoch": 2022, "part": "a"}, "geometry": {"type": "Polygon", "coordinates": [[[73.16692213741965, 22.278242842779612], [73.16696971371513, 22.278298879132834], [73.16707624355912, 22.278295662631745], [73.16713628026525, 22.278390053475533], [73.16716490680733, 22.27864230886513], [73.16735788243943, 22.27862701679023], [73.16736489835667, 22.278659657118173], [73.16724545304446, 22.27867801581447], [73.16722052036539, 22.278704859350658], [73.16738901292567, 22.278739374714515], [73.16730775686183, 22.278749821163], [73.16724618679498, 22.27878208687707], [73.16724378662492, 22.278843766746537], [73.16717404836098, 22.27884156784341], [73.16715923285939, 22.278792513014988], [73.16694122303662, 22.27879789495855], [73.16689422091828, 22.27825756452831], [73.16692213741965, 22.278242842779612]]]}}, {"type": "Feature", "properties": {"site_id": "VAD-02", "epoch": 2022, "part": "b"}, "geometry": {"type": "Polygon", "coordinates": [[[73.16620262552185, 22.279594896860548], [73.16617097804424, 22.279360253993662], [73.16623126729576, 22.279299610664758], [73.166280872173, 22.27923722380735], [73.16642803043972, 22.27906886742168], [73.16646650253723, 22.278764006442923], [73.16660985394572, 22.27890516934909], [73.16726213618685, 22.278868586991955], [73.16725708742341, 22.278801356889474], [73.16754787634345, 22.278775891356318], [73.16756719206238, 22.27886862345109], [73.16757143666244, 22.27896335642247], [73.16757132500156, 22.27905920783423], [73.16738926327791, 22.27917842910393], [73.16705999037488, 22.27912906535139], [73.16673569753294, 22.27914392989634], [73.16656550180451, 22.27921990288862], [73.16657931708792, 22.27953259412653], [73.16733414670773, 22.279486087150516], [73.16739299747624, 22.27940388485463], [73.16752262612843, 22.27940092841161], [73.16761769577796, 22.279312123493142], [73.16761708322066, 22.279513921764934], [73.16620262552185, 22.279594896860548]]]}}, {"type": "Feature", "properties": {"site_id": "VAD-02", "epoch": 2018, "part": "a+b"}, "geometry": {"type": "Polygon", "coordinates": [[[73.16748038973199, 22.27755007138978], [73.16749128518762, 22.277749264901505], [73.16750253729889, 22.2778855931703], [73.16752695303438, 22.27818962548298], [73.16756214242409, 22.278341598218507], [73.16755775565274, 22.278844325869887], [73.16725424189033, 22.27889045172849], [73.16738806646896, 22.27859587790249], [73.16730045592604, 22.278540490887742], [73.16723840804079, 22.27836339105372], [73.16698339997802, 22.278128854975296], [73.1670159177254, 22.2780430920656], [73.16698344833043, 22.277526042967843], [73.16661004983526, 22.27753453303868], [73.16663485832618, 22.277959876757794], [73.16632373418994, 22.27799500036262], [73.16627369886076, 22.27760708692141], [73.16627475620078, 22.27749937315163], [73.16624652198531, 22.2773739027017], [73.1662170640437, 22.277190329364895], [73.16643198987501, 22.277228785840833], [73.16662326686547, 22.27731444381413], [73.16685028977474, 22.27741270258557], [73.16721378204652, 22.277466984321876], [73.16748038973199, 22.27755007138978]]]}}, {"type": "Feature", "properties": {"site_id": "VAD-02", "epoch": 2016, "part": "a"}, "geometry": {"type": "Polygon", "coordinates": [[[73.16742316306299, 22.2781476264247], [73.16730563661476, 22.2780008246719], [73.16721303811983, 22.277949400597414], [73.16721869804796, 22.27785539338286], [73.16702038504583, 22.277759765152627], [73.16700233950858, 22.277532973655546], [73.16663742875224, 22.27754080773272], [73.16666455968065, 22.277930033255778], [73.16635566717622, 22.27792868355876], [73.16630107104382, 22.27732508737821], [73.16668658181757, 22.277419522780452], [73.16678611653236, 22.277371164123892], [73.16748775221733, 22.27754533132919], [73.16752397222706, 22.278212977369822], [73.16742316306299, 22.2781476264247]]]}}, {"type": "Feature", "properties": {"site_id": "VAD-02", "epoch": 2016, "part": "b"}, "geometry": {"type": "Polygon", "coordinates": [[[73.16754748384541, 22.27852028967139], [73.16756058952014, 22.278826923037652], [73.16710718779737, 22.279034790262315], [73.16687696346266, 22.27908585048386], [73.16652028993315, 22.27911197530509], [73.16643093655104, 22.278984757355065], [73.16655425944651, 22.278836083957557], [73.16684740632269, 22.27880272214852], [73.16686753198015, 22.278878056740513], [73.16718949660529, 22.278866146588097], [73.16718641803072, 22.27879539061978], [73.16707394928605, 22.278718196501078], [73.16718119759436, 22.27860347654522], [73.16705323911533, 22.278388847126347], [73.16694667335807, 22.278283359008086], [73.1668847872815, 22.27812622328815], [73.16689340814499, 22.278038097993328], [73.16706665377346, 22.278048861721928], [73.16721852730105, 22.278208045920238], [73.16746409525297, 22.278305029862004], [73.16754836132172, 22.278435949708566], [73.16754748384541, 22.27852028967139]]]}}, {"type": "Feature", "properties": {"site_id": "VAD-02", "epoch": 2016, "part": "main"}, "geometry": {"type": "Polygon", "coordinates": [[[73.17030547205971, 22.280014381665133], [73.17013160176212, 22.279812960828547], [73.17006101663974, 22.279671072330476], [73.17004931970541, 22.27926228638617], [73.16999128824258, 22.27899226789862], [73.1699855461668, 22.278633238451665], [73.16991569979851, 22.278145964295437], [73.16986531168959, 22.278017975003984], [73.16927607505369, 22.278076210141325], [73.16944359559041, 22.27783907152857], [73.17006822052959, 22.277521210087645], [73.17067584208789, 22.277294838123172], [73.17121298596804, 22.277132188223156], [73.17155433635635, 22.27709649039332], [73.17161096151872, 22.27726907610746], [73.17191790658892, 22.277737750781764], [73.17209739759288, 22.27815598041782], [73.17203518225776, 22.278783590274077], [73.171936075677, 22.279080362837327], [73.17188688154275, 22.2794139960316], [73.17166639325706, 22.279555149212904], [73.17150032457683, 22.279606134001995], [73.17108169344908, 22.27985062434732], [73.17081195935255, 22.279934471668433], [73.17050776549294, 22.280093289793253], [73.17030547205971, 22.280014381665133]]]}}, {"type": "Feature", "properties": {"site_id": "VAD-02", "epoch": 2018, "part": "main"}, "geometry": {"type": "Polygon", "coordinates": [[[73.16999128824258, 22.27899226789862], [73.1699855461668, 22.278633238451665], [73.16991569979851, 22.278145964295437], [73.16986531168959, 22.278017975003984], [73.16943257758737, 22.27809475499045], [73.16944359559041, 22.27783907152857], [73.16959939621515, 22.27755873745197], [73.17026924526262, 22.277536625551697], [73.17067584208789, 22.277294838123172], [73.17121298596804, 22.277132188223156], [73.17155433635635, 22.27709649039332], [73.17161096151872, 22.27726907610746], [73.17191790658892, 22.277737750781764], [73.17209739759288, 22.27815598041782], [73.17203518225776, 22.278783590274077], [73.171936075677, 22.279080362837327], [73.17151956936753, 22.27921540496222], [73.17003534470757, 22.279341524168792], [73.17003667793132, 22.279145939360955], [73.16999128824258, 22.27899226789862]]]}}, {"type": "Feature", "properties": {"site_id": "VAD-02", "epoch": 2020, "part": "main"}, "geometry": {"type": "Polygon", "coordinates": [[[73.17056290470099, 22.27861123809711], [73.17054924547172, 22.2784160304272], [73.17018146491559, 22.278105873051956], [73.17022346301337, 22.2778948651627], [73.17023745607831, 22.27772117879291], [73.17026924526262, 22.277536625551697], [73.17067584208789, 22.277294838123172], [73.17121298596804, 22.277132188223156], [73.17155433635635, 22.27709649039332], [73.17161096151872, 22.27726907610746], [73.17191790658892, 22.277737750781764], [73.17202968347601, 22.27816893610457], [73.17203518225776, 22.278783590274077], [73.171936075677, 22.279080362837327], [73.17176500361111, 22.27893024993175], [73.17142185864576, 22.27898669273026], [73.1711705539049, 22.279020949571315], [73.17097892981198, 22.27893989828065], [73.1707098726512, 22.278712546345776], [73.17056290470099, 22.27861123809711]]]}}, {"type": "Feature", "properties": {"site_id": "SUR-01", "epoch": 2016, "part": "main"}, "geometry": {"type": "Polygon", "coordinates": [[[72.81563948427804, 21.156529720643366], [72.81589806385647, 21.156217958803193], [72.8159885062516, 21.156068743501173], [72.81609671682233, 21.155995271770287], [72.81630355267299, 21.155882774434676], [72.81648484642238, 21.155793155660536], [72.81657347327855, 21.15577599038974], [72.81707249499429, 21.156045512725218], [72.81733813339868, 21.15612202225637], [72.81749436879863, 21.156085607697353], [72.81831734195158, 21.157090771141025], [72.8178314933812, 21.15709196519778], [72.81736597987786, 21.15690460065674], [72.8164987729251, 21.15671882037879], [72.81607146596208, 21.156643770005132], [72.81563948427804, 21.156529720643366]]]}}, {"type": "Feature", "properties": {"site_id": "SUR-01", "epoch": 2018, "part": "main"}, "geometry": {"type": "Polygon", "coordinates": [[[72.81578119235563, 21.15654332088749], [72.81589806385647, 21.156217958803193], [72.81609671682233, 21.155995271770287], [72.81630355267299, 21.155882774434676], [72.81648484642238, 21.155793155660536], [72.81655336016526, 21.155807186762416], [72.81707249499429, 21.156045512725218], [72.81733813339868, 21.15612202225637], [72.81747403339416, 21.156135733481037], [72.81794075269963, 21.15680546972651], [72.8179718434429, 21.156997890694015], [72.81784319991519, 21.15715031553241], [72.8173455614142, 21.15696094468762], [72.81692230697801, 21.156867816446976], [72.8164987729251, 21.15671882037879], [72.81607146596208, 21.156643770005132], [72.81578119235563, 21.15654332088749]]]}}, {"type": "Feature", "properties": {"site_id": "SUR-01", "epoch": 2020, "part": "main"}, "geometry": {"type": "Polygon", "coordinates": [[[72.81575508550809, 21.156567068328307], [72.81575953351042, 21.156429807384924], [72.81589806385647, 21.156217958803193], [72.81609671682233, 21.155995271770287], [72.81630355267299, 21.155882774434676], [72.81639765032216, 21.15594147156504], [72.81649150331364, 21.15600285674222], [72.81676976952252, 21.156165961739436], [72.81717918862311, 21.15617368573247], [72.81733813339868, 21.15612202225637], [72.8174553464624, 21.156131399454537], [72.81784087141362, 21.15654185824521], [72.81785995521496, 21.156933773129015], [72.81781363426823, 21.157161966921617], [72.81770915899972, 21.157034396370385], [72.8173455614142, 21.15696094468762], [72.81692230697801, 21.156867816446976], [72.8164987729251, 21.15671882037879], [72.81607146596208, 21.156643770005132], [72.81575508550809, 21.156567068328307]]]}}, {"type": "Feature", "properties": {"site_id": "SUR-01", "epoch": 2022, "part": "main"}, "geometry": {"type": "Polygon", "coordinates": [[[72.81733012611649, 21.156208065985467], [72.8173994505769, 21.156337408540303], [72.81734266754238, 21.156569467588668], [72.81717801788018, 21.156568310965806], [72.81715280802935, 21.15650866584303], [72.8169773390762, 21.156495564031417], [72.816893249027, 21.156519278767785], [72.81688430305012, 21.15645826314451], [72.81668457249754, 21.15647443435791], [72.81664722384019, 21.156706604161638], [72.81643106058148, 21.156653175415215], [72.81630116629852, 21.156537891173656], [72.8161707376383, 21.1566267890306], [72.81605466257038, 21.156631979817064], [72.81571468030975, 21.15656078557888], [72.81582634877478, 21.15632376411832], [72.8162019275297, 21.155959357200725], [72.8162613444553, 21.1559106108028], [72.81668381095048, 21.156133143491417], [72.81697558599252, 21.15620795923009], [72.81716382983394, 21.15621478020715], [72.81721727136504, 21.156140067861095], [72.81730123553388, 21.15616477365451], [72.81733012611649, 21.156208065985467]]]}}, {"type": "Feature", "properties": {"site_id": "SUR-01", "epoch": 2024, "part": "main"}, "geometry": {"type": "Polygon", "coordinates": [[[72.81668457249754, 21.15647443435791], [72.81657852846655, 21.156606453026455], [72.81643106058148, 21.156653175415215], [72.81637527846432, 21.156680638143772], [72.81632851083589, 21.156724410176317], [72.81604813994629, 21.15666444887529], [72.81570009691883, 21.156556023129433], [72.81582634877478, 21.15632376411832], [72.81613398377709, 21.15603248246979], [72.81636135413684, 21.156072415545225], [72.81653368146203, 21.15638247018395], [72.81668457249754, 21.15647443435791]]]}}, {"type": "Feature", "properties": {"site_id": "SUR-01", "epoch": 2026, "part": "main"}, "geometry": {"type": "Polygon", "coordinates": [[[72.81604813994629, 21.15666444887529], [72.81530097840822, 21.15647462306591], [72.81566699520074, 21.156178035265143], [72.81576289358937, 21.155945350547594], [72.81581341580933, 21.155736314022246], [72.81595077590929, 21.15601777045555], [72.81612075182787, 21.1559071480922], [72.81608628364457, 21.156311689999676], [72.81606860766642, 21.156585080695773], [72.81604813994629, 21.15666444887529]]]}}, {"type": "Feature", "properties": {"site_id": "SUR-02", "epoch": 2016, "part": "a"}, "geometry": {"type": "Polygon", "coordinates": [[[72.80191294935071, 21.101436488817427], [72.79619376765768, 21.101253059035077], [72.79567314618896, 21.098884649310616], [72.79549496211845, 21.096050639343428], [72.79596165712297, 21.095900845640983], [72.79838840529791, 21.095978564534956], [72.80156480863229, 21.09611679957053], [72.80168525286898, 21.09799736534834], [72.80191294935071, 21.101436488817427]]]}}, {"type": "Feature", "properties": {"site_id": "SUR-02", "epoch": 2016, "part": "b"}, "geometry": {"type": "Polygon", "coordinates": [[[72.8048977481611, 21.101354885496406], [72.8048118340295, 21.10190242382158], [72.80221699665194, 21.102194747702498], [72.80180006960768, 21.096100004966413], [72.804206650638, 21.09614713467464], [72.80659375634917, 21.096849952878603], [72.8063953384259, 21.097694895629168], [72.80593321415557, 21.098117746281286], [72.80593069105547, 21.1013002466163], [72.8048977481611, 21.101354885496406]]]}}, {"type": "Feature", "properties": {"site_id": "SUR-02", "epoch": 2016, "part": "c"}, "geometry": {"type": "Polygon", "coordinates": [[[72.80249939930528, 21.107208080851798], [72.804804383895, 21.1070208459713], [72.80490413664256, 21.10916782956988], [72.80441360688165, 21.10921203697581], [72.80404938604781, 21.109197398473338], [72.80384881834276, 21.109163743210416], [72.80368950311401, 21.10919094531275], [72.80351372993886, 21.109213916942437], [72.80340733119893, 21.109298105915553], [72.80324410707667, 21.10938370490692], [72.80258417501483, 21.109428825415083], [72.80247506997017, 21.108568650840713], [72.80247421768263, 21.108208904411384], [72.80250647148691, 21.107817571574433], [72.80249939930528, 21.107208080851798]]]}}, {"type": "Feature", "properties": {"site_id": "SUR-02", "epoch": 2018, "part": "a"}, "geometry": {"type": "Polygon", "coordinates": [[[72.80191294935071, 21.101436488817427], [72.79619376765768, 21.101253059035077], [72.79567314618896, 21.098884649310616], [72.79549496211845, 21.096050639343428], [72.79596165712297, 21.095900845640983], [72.79838840529791, 21.095978564534956], [72.80156480863229, 21.09611679957053], [72.80168525286898, 21.09799736534834], [72.80191294935071, 21.101436488817427]]]}}, {"type": "Feature", "properties": {"site_id": "SUR-02", "epoch": 2018, "part": "b"}, "geometry": {"type": "Polygon", "coordinates": [[[72.80237780055216, 21.10182056316014], [72.8022179982571, 21.098439389051524], [72.8019259027029, 21.097477198292815], [72.80187577573724, 21.09612050880297], [72.80287455055857, 21.09615738691328], [72.80456968193242, 21.09632156193448], [72.80511159664756, 21.09646205903197], [72.80519965712891, 21.097343483979415], [72.80607449892244, 21.097473897811366], [72.80594005654616, 21.098231940964403], [72.80589454707024, 21.10137926491561], [72.80588944475254, 21.101757129427646], [72.8052649641763, 21.10196616007984], [72.80521453611041, 21.102367285625267], [72.80469325534003, 21.102393501297616], [72.80395821919377, 21.102605630045346], [72.8033992146834, 21.10257180375764], [72.80306517710017, 21.102616601686925], [72.80235676281076, 21.102606825891506], [72.80237780055216, 21.10182056316014]]]}}, {"type": "Feature", "properties": {"site_id": "SUR-02", "epoch": 2018, "part": "c"}, "geometry": {"type": "Polygon", "coordinates": [[[72.8050490116249, 21.106313274261613], [72.80499070315591, 21.105859256278194], [72.80501695159587, 21.105769750059345], [72.80509258923512, 21.10568506748478], [72.80522655911605, 21.10585088014275], [72.80549799095895, 21.105844323797204], [72.80555170417725, 21.10607758169893], [72.80612713729764, 21.10597933348283], [72.80618386216159, 21.105809939994202], [72.80672418983384, 21.105742428118514], [72.80666799186099, 21.105370977331283], [72.80611057840008, 21.105443842389523], [72.80498097319109, 21.10557086583863], [72.80475462004036, 21.10438991027432], [72.80495691789608, 21.104512737380738], [72.80506311612045, 21.104881285618706], [72.80583270042565, 21.1048052623504], [72.80580781304526, 21.10457811598663], [72.80564364699053, 21.104485866041426], [72.80565789474566, 21.104277119355125], [72.80587034612323, 21.104179985975573], [72.80587808308766, 21.10435116968068], [72.80611988303747, 21.104248648834854], [72.80643112670514, 21.104052010600096], [72.80674808259198, 21.104021546531005], [72.80730820535697, 21.103919061626765], [72.80769647178381, 21.10470636501334], [72.80814499985382, 21.105676677349884], [72.80603031097317, 21.106401439905824], [72.80513972892318, 21.106709717555134], [72.80445741358409, 21.106859910155073], [72.80441013364144, 21.10638865725518], [72.8050490116249, 21.106313274261613]]]}}, {"type": "Feature", "properties": {"site_id": "SUR-02", "epoch": 2020, "part": "b"}, "geometry": {"type": "Polygon", "coordinates": [[[72.80227158223143, 21.098450624243718], [72.80450200239625, 21.09837482728821], [72.80465928469629, 21.099528109010322], [72.80504827448875, 21.09951256178202], [72.80542346114865, 21.099576742330665], [72.80572211032244, 21.099680203517757], [72.80577063630429, 21.100147754387116], [72.80570612907268, 21.10053038901642], [72.80535157566196, 21.10076387841304], [72.80513481251252, 21.100779416434417], [72.80495957881121, 21.10136038876974], [72.80490817538349, 21.102084158187203], [72.8024972430438, 21.102312116314955], [72.80241919480471, 21.1014740026675], [72.80238737126365, 21.100344916653444], [72.80232846034492, 21.09945414730156], [72.80227158223143, 21.098450624243718]]]}}, {"type": "Feature", "properties": {"site_id": "SUR-02", "epoch": 2020, "part": "c"}, "geometry": {"type": "Polygon", "coordinates": [[[72.80288901674601, 21.10824335468061], [72.80285754624522, 21.1076247751354], [72.80286832277704, 21.10739159109393], [72.80510034301415, 21.107202099562805], [72.80657078327727, 21.106857354914908], [72.80682685521874, 21.10678258163032], [72.80697749163359, 21.106771133967687], [72.80638362857084, 21.107861072044155], [72.80613764247013, 21.108258665013768], [72.80614681887145, 21.10850801919047], [72.80625718484458, 21.10872769544565], [72.80617113329012, 21.108903997338505], [72.80290680103256, 21.10899579709116], [72.80288901674601, 21.10824335468061]]]}}, {"type": "Feature", "properties": {"site_id": "SUR-02", "epoch": 2022, "part": "b"}, "geometry": {"type": "Polygon", "coordinates": [[[72.80227158223143, 21.098450624243718], [72.80337862076617, 21.098342167196517], [72.80449034150213, 21.09831409587923], [72.80465928469629, 21.099528109010322], [72.80504827448875, 21.09951256178202], [72.80535247987069, 21.099870567525628], [72.8056798640292, 21.099894144292556], [72.80577063630429, 21.100147754387116], [72.80556191542917, 21.100433708131835], [72.80531821208365, 21.1006756663117], [72.80513481251252, 21.100779416434417], [72.80495957881121, 21.10136038876974], [72.80490817538349, 21.102084158187203], [72.80611385783543, 21.101954611102137], [72.80610412469933, 21.10232645224476], [72.8062076669312, 21.102554914020185], [72.80601823052542, 21.10321261509282], [72.80553427531432, 21.103403239560517], [72.80480691087573, 21.10375088054114], [72.80473925226347, 21.104196272427874], [72.80447240167756, 21.104370652890633], [72.80446884280619, 21.10475889714692], [72.8043930980122, 21.104968097962853], [72.80407104696836, 21.105131708543865], [72.80295629372989, 21.105089100276118], [72.80297679985962, 21.10398326242023], [72.8024972430438, 21.102312116314955], [72.80241919480471, 21.1014740026675], [72.80238737126365, 21.100344916653444], [72.80232846034492, 21.09945414730156], [72.80227158223143, 21.098450624243718]]]}}, {"type": "Feature", "properties": {"site_id": "SUR-02", "epoch": 2022, "part": "c"}, "geometry": {"type": "Polygon", "coordinates": [[[72.80737144073296, 21.10631635875393], [72.80740853204342, 21.106676155191025], [72.80626335082603, 21.108855992099695], [72.80601607373436, 21.109234317727584], [72.80628916193706, 21.109591696226655], [72.80591700060343, 21.11035733862568], [72.80568464763796, 21.11089979563108], [72.80546329796387, 21.111061556769744], [72.8052679535629, 21.111502858751678], [72.8050753126276, 21.111554216981883], [72.8048395366855, 21.11153571595603], [72.80456940602303, 21.11173697983813], [72.80432652022769, 21.111738995325727], [72.80415640509956, 21.111650291245027], [72.80407348231431, 21.11148269545335], [72.80404586490302, 21.111238738702976], [72.80385975574374, 21.11106483519168], [72.80381961014548, 21.110921450569993], [72.80367073718384, 21.1108550812397], [72.80346970090656, 21.11086654499625], [72.80332583411816, 21.110774631749408], [72.80331592211937, 21.110578285304502], [72.8036914974939, 21.110537136884815], [72.80388030569675, 21.11050840483841], [72.80432613762092, 21.110525070464902], [72.80456881902116, 21.110531791228958], [72.8047398920297, 21.110514943085207], [72.80464759698656, 21.110009468875756], [72.80462801761529, 21.10951889881557], [72.80518825250836, 21.109463498396927], [72.80522909621784, 21.10975132387889], [72.80570627010123, 21.109751396258563], [72.80570096537399, 21.109386516079272], [72.8053411202111, 21.10934342561274], [72.80522125501771, 21.108893107470184], [72.80292424876448, 21.10893033396954], [72.80288078224102, 21.10866759619292], [72.80280916142549, 21.10738195847145], [72.80289719868139, 21.107329695864877], [72.80304951833644, 21.107316907587556], [72.80347352481938, 21.10728975867953], [72.80370805695277, 21.10729711417919], [72.80405453554488, 21.107252936033397], [72.80465729172315, 21.10716087416726], [72.80436804927373, 21.10571721707787], [72.80569197183021, 21.105528747275127], [72.80607676825785, 21.10592264877492], [72.80625998871021, 21.10609796509712], [72.80624821619892, 21.106261985385828], [72.80467694218288, 21.1068392001408], [72.8047231125868, 21.107135832291828], [72.80711298100334, 21.106391583264365], [72.80737144073296, 21.10631635875393]]]}}, {"type": "Feature", "properties": {"site_id": "SUR-02", "epoch": 2024, "part": "b"}, "geometry": {"type": "Polygon", "coordinates": [[[72.80181745868045, 21.096124357863786], [72.80423303737389, 21.09620799005609], [72.80527463689263, 21.09642596261689], [72.80578886711854, 21.097017742228395], [72.80588384162625, 21.101324401481588], [72.80617660494926, 21.10180748636598], [72.80681111462734, 21.10290653440391], [72.80725471085438, 21.103806361272714], [72.80697952737363, 21.104031272285084], [72.80481478804712, 21.104345009185632], [72.80437392160616, 21.104936980391386], [72.80366041137178, 21.10433560903885], [72.80344037537346, 21.105449367830186], [72.80315047388011, 21.10537835602411], [72.80313402328372, 21.104595055503793], [72.80316433794314, 21.10429917977398], [72.80282799641955, 21.10394207015018], [72.80263138218004, 21.10326666679694], [72.80254274669954, 21.10268508985269], [72.80225661289175, 21.10195264128859], [72.80218062833436, 21.09837161554666], [72.80181471084995, 21.09760048187074], [72.80181745868045, 21.096124357863786]]]}}, {"type": "Feature", "properties": {"site_id": "SUR-02", "epoch": 2024, "part": "c"}, "geometry": {"type": "Polygon", "coordinates": [[[72.80279844636041, 21.107382041200086], [72.8045094809811, 21.107229156113288], [72.80672473754241, 21.106513853254025], [72.80726458252225, 21.106365611506213], [72.80736615543663, 21.106425303778437], [72.80740024964557, 21.106568653497717], [72.80623144010758, 21.108895818714018], [72.80560544998139, 21.10891182540767], [72.80567266239355, 21.10985264315281], [72.80584016282776, 21.11037800619552], [72.8057513245789, 21.11070162257766], [72.80553748115827, 21.111181233108752], [72.80535459479407, 21.111545289105717], [72.80501273545642, 21.112008560872017], [72.80488691814041, 21.112069022777217], [72.80474266489918, 21.112385492156534], [72.80431526629776, 21.11241510237253], [72.80398602992618, 21.11239416102959], [72.80363465081463, 21.112377213598187], [72.80341661911707, 21.1123429360904], [72.80299901433214, 21.112432714303743], [72.80276104573046, 21.112427846451833], [72.80270551015458, 21.112237760683875], [72.80274394752854, 21.112156716450002], [72.80302427304295, 21.112110882707412], [72.80328171778109, 21.11207863594651], [72.80329230984607, 21.111957683903658], [72.80329471876786, 21.111768954128642], [72.80329600227168, 21.111567465228802], [72.80278364151226, 21.11154650860733], [72.80253545910294, 21.11155183777953], [72.80251201212326, 21.11125344105942], [72.80527716515387, 21.11117662977239], [72.80525043968603, 21.110573831553886], [72.8037854863633, 21.11062860160995], [72.80379972692491, 21.111207387766985], [72.80320527834851, 21.111219894033084], [72.80313644796236, 21.110582121249852], [72.802607920693, 21.110633879176547], [72.80264046581662, 21.110102933992277], [72.80318645888022, 21.110083556465696], [72.80314984287851, 21.10978317678195], [72.80267880226664, 21.109787572764787], [72.80279398499172, 21.10949658285857], [72.80312953719988, 21.10938605619275], [72.80385565494728, 21.10926105403584], [72.8045251755616, 21.109205749592093], [72.80551552101886, 21.109224679938947], [72.80562341288349, 21.10922673185818], [72.80559514134934, 21.10890827847586], [72.80285451043811, 21.10898229284377], [72.80279844636041, 21.107382041200086]]]}}, {"type": "Feature", "properties": {"site_id": "SUR-02", "epoch": 2026, "part": "b"}, "geometry": {"type": "Polygon", "coordinates": [[[72.80199149187298, 21.09612483778811], [72.80228253805176, 21.096107512669594], [72.80260669366767, 21.09611303974751], [72.80333204557506, 21.096131990440686], [72.804156351502, 21.096204162121346], [72.80525966254558, 21.096482374612993], [72.80588593828934, 21.09670128682098], [72.80614014183692, 21.096924402592055], [72.8063476742205, 21.09690174855171], [72.80660246336242, 21.09688471597878], [72.80679779931319, 21.09699951158518], [72.806841772338, 21.097288472765722], [72.80668378258257, 21.097553735901517], [72.80657991023763, 21.09760899870445], [72.80660984215928, 21.09781185787431], [72.80641327604205, 21.09789550264415], [72.80624033985515, 21.09806195963681], [72.8062880693547, 21.098353355427307], [72.80621584589093, 21.09856880009628], [72.80601151330771, 21.09858294587253], [72.80599018792907, 21.098357558071367], [72.8058983934684, 21.09818110117121], [72.80219988447354, 21.098273769052877], [72.80200396930657, 21.09844724975362], [72.80188378714115, 21.098441132950335], [72.80187627833573, 21.09831929448507], [72.80174659166039, 21.09615326268027], [72.80199149187298, 21.09612483778811]]]}}, {"type": "Feature", "properties": {"site_id": "SUR-02", "epoch": 2026, "part": "c"}, "geometry": {"type": "Polygon", "coordinates": [[[72.8028098135291, 21.10706227733067], [72.80367481944351, 21.106999971870298], [72.80387859271819, 21.106942551571404], [72.80408928366336, 21.107268438736938], [72.8045094809811, 21.107229156113288], [72.80672473754241, 21.106513853254025], [72.80726458252225, 21.106365611506213], [72.80736615543663, 21.106425303778437], [72.80740024964557, 21.106568653497717], [72.80623144010758, 21.108895818714018], [72.80645778373865, 21.10942978846737], [72.80614253828024, 21.110133597053007], [72.80596968957802, 21.110547196298796], [72.80581905947015, 21.110774779702524], [72.80553748115827, 21.111181233108752], [72.80566315835895, 21.11147720645991], [72.80551859285194, 21.11179137030609], [72.80529202876143, 21.112127078757013], [72.80510490181044, 21.112429540701843], [72.80489254464153, 21.112700789498607], [72.80460289502474, 21.112692541754082], [72.80423757187253, 21.11265809818503], [72.80387279472744, 21.1126404124591], [72.80350418715992, 21.11261618087198], [72.80323349878252, 21.112597088225925], [72.8029346538332, 21.112560823372924], [72.80257983918709, 21.11246706488266], [72.80257168428363, 21.112085228746047], [72.80279655096257, 21.11209331560367], [72.80330285100317, 21.11215207342079], [72.80332135934968, 21.11206567847551], [72.80333778390947, 21.11191515652023], [72.80335105821463, 21.111740351594786], [72.80335807011821, 21.111596651020566], [72.80286251328876, 21.111568813586715], [72.80279511240335, 21.11208593988119], [72.80257095483303, 21.11207864026914], [72.80253545910294, 21.11155183777953], [72.80251201212326, 21.11125344105942], [72.80530345163976, 21.111198303160176], [72.80530692248341, 21.11089044089801], [72.80527344831194, 21.110609262386717], [72.8037854863633, 21.11062860160995], [72.80379972692491, 21.111207387766985], [72.80324577286063, 21.11119218271491], [72.80324486995286, 21.110877042066875], [72.80318900512567, 21.11088342820833], [72.80317040076449, 21.110631992195273], [72.80265547531171, 21.110662496831], [72.80264763459613, 21.1101291130444], [72.80321363255207, 21.110122268108327], [72.80314984287851, 21.10978317678195], [72.80267880226664, 21.109787572764787], [72.80272259398714, 21.109337556679506], [72.80293704689149, 21.10927716403107], [72.80293258997669, 21.109161885155576], [72.80285451043811, 21.10898229284377], [72.8028098135291, 21.10706227733067]]]}}]}