{"type": "FeatureCollection", "features": [{"type": "Feature", "properties": {"layer": "outline_2026", "site": "VAD-01"}, "geometry": {"type": "Polygon", "coordinates": [[[73.20861247882785, 22.234355701962564], [73.20851187324439, 22.234447969440044], [73.20833568895989, 22.234538569167213], [73.2080798598324, 22.234626576208985], [73.20777998717554, 22.234683796819326], [73.20742873822978, 22.234680755925037], [73.20713063472104, 22.234667620745647], [73.20686180279792, 22.234613359710337], [73.2066347119248, 22.23451273225291], [73.20643366436431, 22.23441650106089], [73.2062793145329, 22.234169384448787], [73.20610727452609, 22.23380977116527], [73.20605149577997, 22.233508405297485], [73.20610763358032, 22.233250304359682], [73.20623102454822, 22.232976278570934], [73.20626272869318, 22.23269533925581], [73.2063551442228, 22.23247453520528], [73.20639558391878, 22.23234076583857], [73.20638462132781, 22.23211870972069], [73.20648496594328, 22.23143402530077], [73.20651620752889, 22.231396377243], [73.20670540002702, 22.231477164435255], [73.20672539075855, 22.23155475002789], [73.2068628701456, 22.231588604608042], [73.2068867083141, 22.23150844844971], [73.20690964362068, 22.2313894776801], [73.20652710116487, 22.231163865329236], [73.206090530107, 22.230909210468322], [73.20600602411663, 22.23098875001693], [73.20590989833612, 22.231065075540723], [73.20580903484704, 22.231100873348765], [73.20563781424944, 22.231026490091008], [73.20534153713348, 22.230880831727266], [73.20509967061949, 22.230737116111953], [73.2049548897121, 22.23059024664054], [73.20492784592287, 22.23044356402863], [73.20499527452553, 22.230279579842474], [73.20494039558378, 22.230234866067555], [73.2049609689375, 22.230030945142364], [73.20504389296073, 22.22996672995649], [73.20515656319628, 22.229974059828734], [73.2054152866491, 22.229941909941743], [73.20541119437351, 22.229545402117516], [73.20537700492923, 22.22926005219695], [73.20518149290358, 22.229172670432224], [73.20499027213583, 22.229152622665627], [73.20485937543859, 22.229184614691956], [73.20465362049379, 22.229238720269617], [73.20451114352689, 22.2292116230966], [73.20441069141853, 22.22917995038061], [73.20434862313331, 22.22900988090729], [73.2043971635555, 22.22883239015216], [73.20451183183533, 22.22871738708178], [73.20471809443299, 22.228620372552953], [73.20489849038417, 22.228568697293447], [73.20507272162288, 22.22853577200401], [73.20531502812754, 22.228562826101374], [73.20557703711307, 22.22864118542075], [73.20577531744395, 22.22867416640276], [73.20587738004593, 22.22869408866838], [73.20592016040669, 22.228750931033197], [73.20603137501138, 22.228785539572314], [73.20615905780734, 22.228836567828917], [73.20641401513582, 22.228794242518816], [73.20659654617288, 22.228731090522192], [73.2067883349808, 22.228632860762115], [73.20688680787727, 22.228567759879596], [73.20698665656425, 22.228545216326573], [73.20710733671407, 22.228566343410947], [73.20722548095641, 22.22866552032583], [73.2072631692597, 22.22888187774686], [73.20731711538244, 22.229040399468758], [73.20751312973685, 22.229241713497764], [73.20768653304984, 22.229423780423417], [73.20783377668494, 22.229546435750276], [73.20792521396334, 22.229673322365503], [73.2079400650917, 22.229814201779092], [73.20787955105592, 22.229917402426196], [73.20773234196665, 22.23004134185409], [73.2076740943147, 22.230142350831883], [73.20768321757971, 22.2302615710719], [73.20760764325325, 22.230345283128873], [73.20745495663863, 22.23052873672761], [73.20748745219468, 22.230685261469798], [73.20745655906441, 22.23088200410295], [73.20741645336304, 22.231169124913436], [73.20743384054065, 22.23132440596628], [73.20751623701958, 22.231497047167043], [73.20751163202472, 22.23163405549654], [73.2074590630123, 22.231834829955275], [73.20748198444808, 22.2320884850356], [73.20744697837577, 22.23229052839125], [73.207351245966, 22.232368147145415], [73.20722968752648, 22.232422655444758], [73.20713238320936, 22.23250999413712], [73.20713433892354, 22.232652039054514], [73.20735725288492, 22.232931948215835], [73.20746803761648, 22.232963612233938], [73.20768645494084, 22.233058299426997], [73.20785426830436, 22.233203477840185], [73.20800340259714, 22.23335324853588], [73.20817276555287, 22.233486836501587], [73.20834292011844, 22.233681671221216], [73.20842952570715, 22.23378732684005], [73.2085153118558, 22.233955035757948], [73.20857358867497, 22.234107404213898], [73.20860617017713, 22.234263758441614], [73.20861247882785, 22.234355701962564]]]}}, {"type": "Feature", "properties": {"layer": "union_2016_2026", "site": "VAD-01"}, "geometry": {"type": "Polygon", "coordinates": [[[73.20686180279792, 22.234613359710337], [73.20713063472104, 22.234667620745647], [73.20740968626346, 22.234679916464557], [73.2075021959315, 22.234689132195907], [73.20758856218615, 22.23468213967525], [73.20777998717554, 22.234683796819326], [73.2080798598324, 22.234626576208985], [73.20833568895989, 22.234538569167213], [73.20851187324439, 22.234447969440044], [73.20861247882785, 22.234355701962564], [73.20860617017713, 22.234263758441614], [73.20857358867497, 22.234107404213898], [73.20854975423828, 22.2340450875991], [73.20853180682363, 22.233970300548187], [73.20849670146666, 22.233918653133518], [73.20842952570715, 22.23378732684005], [73.20834292011844, 22.233681671221216], [73.20817276555287, 22.233486836501587], [73.20804947710435, 22.23338959064269], [73.208045451408, 22.233385229395296], [73.20804140193894, 22.2333832212111], [73.20800340259714, 22.23335324853588], [73.20799954622696, 22.233349375714823], [73.20808332534793, 22.233031843210032], [73.20800057391004, 22.232873886134758], [73.20804437870726, 22.23279300586778], [73.20813822970528, 22.232781403791247], [73.2081344161041, 22.23266112235589], [73.20799281056331, 22.232645677795826], [73.20791165266985, 22.232521355428055], [73.20782466288384, 22.23257037621726], [73.20759463570135, 22.23288959760093], [73.2075558991005, 22.23288250811509], [73.207463328438, 22.23280543665617], [73.20737396001616, 22.232844844031096], [73.20713363454355, 22.232600879375227], [73.20713335204667, 22.23258036141895], [73.20723282783428, 22.232478297623754], [73.20724706436518, 22.23241486346498], [73.207351245966, 22.232368147145415], [73.20744697837577, 22.23229052839125], [73.20748198444808, 22.2320884850356], [73.2074590630123, 22.231834829955275], [73.20748214411329, 22.23174667743105], [73.207531953861, 22.23159478620773], [73.20751502743785, 22.231533034834683], [73.20751623701958, 22.231497047167043], [73.20743384054065, 22.23132440596628], [73.20741836640592, 22.23115542927864], [73.20745655906441, 22.23088200410295], [73.20748745219468, 22.230685261469798], [73.20745495663863, 22.23052873672761], [73.20760764325325, 22.230345283128873], [73.20768321757971, 22.2302615710719], [73.2076740943147, 22.230142350831883], [73.20773234196665, 22.23004134185409], [73.20787955105592, 22.229917402426196], [73.2079400650917, 22.229814201779092], [73.20792521396334, 22.229673322365503], [73.20783377668494, 22.229546435750276], [73.20768653304984, 22.229423780423417], [73.20751312973685, 22.229241713497764], [73.20731711538244, 22.229040399468758], [73.2072631692597, 22.22888187774686], [73.20722548095641, 22.22866552032583], [73.20710733671407, 22.228566343410947], [73.20698665656425, 22.228545216326573], [73.20696403889133, 22.228550322886647], [73.20693400517831, 22.228533025189336], [73.20686906824741, 22.228551390919538], [73.20674729935611, 22.228593289202397], [73.20655798768892, 22.22868607910936], [73.206450265658, 22.22873721941581], [73.20632643289882, 22.228770222746128], [73.20629216644737, 22.228814470598778], [73.20619162639944, 22.22883116116088], [73.20615905724141, 22.22882118719328], [73.20603137501138, 22.228785539572314], [73.20592113998224, 22.228751235864767], [73.20591981787025, 22.22875047590444], [73.20587738004593, 22.22869408866838], [73.2058635485981, 22.2286913888218], [73.20585305572749, 22.22867908979904], [73.20583181029427, 22.228674822885864], [73.20581206791202, 22.22865207022583], [73.20576349375152, 22.228636709318646], [73.20568720203651, 22.228636385596985], [73.20564259176669, 22.228652089489845], [73.20559718827477, 22.22864453727819], [73.2054797882156, 22.228578901165644], [73.20539863599247, 22.2285020249026], [73.20535290099403, 22.228484468990597], [73.20531871245217, 22.228511335233144], [73.20531100981876, 22.22855901917714], [73.20530659572269, 22.228561884609515], [73.20507272162288, 22.22853577200401], [73.20497453173078, 22.2285543274309], [73.20500795885208, 22.22851652074103], [73.2050118455079, 22.22847377909978], [73.20497930974771, 22.22844974372998], [73.20491887625793, 22.228461018894876], [73.20481186761185, 22.228446036575015], [73.20471206750986, 22.228535488100327], [73.20448968990418, 22.228660883175976], [73.2043581258935, 22.228799038702427], [73.20431417803125, 22.228894035446576], [73.20435564010498, 22.228984222992754], [73.20434862313331, 22.22900988090729], [73.20441069141853, 22.22917995038061], [73.20451114352689, 22.2292116230966], [73.20465362049379, 22.229238720269617], [73.20486155595138, 22.229245130565356], [73.20497870592082, 22.229242592350424], [73.20515356318592, 22.229319969967108], [73.20529659854279, 22.229326576500704], [73.20530903802376, 22.22955394109856], [73.2053253617359, 22.229815699852036], [73.20529308806832, 22.229873028223945], [73.20525963710811, 22.229890149530934], [73.20522806276608, 22.22988850838366], [73.20502765656005, 22.22988893553262], [73.2047378107519, 22.229913265363177], [73.20472570662456, 22.230137903186563], [73.20463364200104, 22.230132223282617], [73.20460494529578, 22.23022445808832], [73.20446024353416, 22.230242677709754], [73.20442404712577, 22.23019248585249], [73.2043604812649, 22.230249232478883], [73.20428775461032, 22.230257713913126], [73.20418561953394, 22.230175093350017], [73.2040326852191, 22.230218495189558], [73.20401409652115, 22.230323079865826], [73.20404152844722, 22.23036478811356], [73.20409311372472, 22.23039006967242], [73.20436134705832, 22.230528067176845], [73.20445157447492, 22.230627019279208], [73.20448683032143, 22.23079314448825], [73.20460706867792, 22.230896934245596], [73.20506286820589, 22.2309745286162], [73.20547828688025, 22.231107165406055], [73.20554269146952, 22.231026501508037], [73.20563781424944, 22.231026490091008], [73.20580903484704, 22.231100873348765], [73.20590989833612, 22.231065075540723], [73.2059901472363, 22.231001356543175], [73.20599014723632, 22.231001356543178], [73.20600640732408, 22.230998306335028], [73.20609490630001, 22.23091176314147], [73.20650849065923, 22.231153009736374], [73.2062218639041, 22.232139450280705], [73.20597936118581, 22.232541925804465], [73.20570959493467, 22.233066397517344], [73.20567829645145, 22.233105141217187], [73.20565735965576, 22.23322306849367], [73.20571146674514, 22.23327213768858], [73.20576919763181, 22.233256750117388], [73.2058297268267, 22.233276747094855], [73.2059435905008, 22.233410020509243], [73.2059293355849, 22.23358372662044], [73.20588273030418, 22.233713393233884], [73.20576585264321, 22.233810005212167], [73.2058554651629, 22.233945236969742], [73.20599634704907, 22.233979795652914], [73.20622802302185, 22.234190388641455], [73.20643366436431, 22.23441650106089], [73.2066347119248, 22.23451273225291], [73.20686180279792, 22.234613359710337]]]}}, {"type": "Feature", "properties": {"layer": "buffer_100m", "site": "VAD-01"}, "geometry": {"type": "Polygon", "coordinates": [[[73.20396895420654, 22.230307384907707], [73.20395881162563, 22.230403614503217], [73.20395977805228, 22.230500302112024], [73.20397184243015, 22.230596339306434], [73.20399888525408, 22.23074302207451], [73.20401886961001, 22.230827132188416], [73.2040473710026, 22.230909086863505], [73.20408413010627, 22.230988140376986], [73.2041288124552, 22.23106357340316], [73.20418101148626, 22.231134699558833], [73.20424025223812, 22.231200871649097], [73.2043850330281, 22.231347741745587], [73.20444453286245, 22.231403079892086], [73.20450895785949, 22.231453411545463], [73.20457782369287, 22.231498358324753], [73.20481969098076, 22.23164207470259], [73.20488859555459, 22.23167939929522], [73.20518487388071, 22.23182505846971], [73.20522765046957, 22.23184485031236], [73.20539887184461, 22.231919233994393], [73.20543297930959, 22.231932158550144], [73.20542353178521, 22.231996618840153], [73.2054156010079, 22.232078227850977], [73.20541564846334, 22.232160170184113], [73.20541881688337, 22.23222435809394], [73.20535892306971, 22.232367457276293], [73.20533120767645, 22.232443510900307], [73.20531085951511, 22.232521556216824], [73.20529803952807, 22.232600975978922], [73.20528125278922, 22.23274971910144], [73.20521306082927, 22.23290115705185], [73.20518049212826, 22.23298482579326], [73.20515692706071, 22.233071072678023], [73.20510078759122, 22.23332917329336], [73.2050870580605, 22.233411791876883], [73.20508159383958, 22.233495238469978], [73.20508444177199, 22.233578797927898], [73.20509557746537, 22.233661754137387], [73.20515135422869, 22.23396312032727], [73.20516824968051, 22.234036191292457], [73.20519157791158, 22.234107711191932], [73.2052211791216, 22.23417719007911], [73.20539321731643, 22.23453680428359], [73.20544076904419, 22.234623343559807], [73.2055951179027, 22.234870460953843], [73.20564507728, 22.23494236929775], [73.20570212852287, 22.235009548492478], [73.2057657585715, 22.235071394386527], [73.2058353951997, 22.235127350790737], [73.20591041216096, 22.235176914480405], [73.20599013482033, 22.23521963972098], [73.20619118322345, 22.235315871451736], [73.20621783075484, 22.235328149248684], [73.20644492264393, 22.23542877727806], [73.20654851602691, 22.235468032661483], [73.20665627456106, 22.23549592529986], [73.20692510808814, 22.235550186668963], [73.20700450640861, 22.235563023507062], [73.20708477526547, 22.235569680362815], [73.2073828806775, 22.235582815624785], [73.20741971714959, 22.235583786283705], [73.2077709683452, 22.235586827197107], [73.20787338260585, 22.235582670628453], [73.20797475378428, 22.235568475160658], [73.20827462824397, 22.235511254197426], [73.20834611561513, 22.23549495971364], [73.20841607017731, 22.235473666092403], [73.20867190063215, 22.235385658530962], [73.20873944113963, 22.235359692295454], [73.20880469038394, 22.235329066305237], [73.20898087535494, 22.235238466078837], [73.20905616212018, 22.23519547458707], [73.20912693652762, 22.23514628607189], [73.20919261183637, 22.23509130832413], [73.20929321743337, 22.23499904043289], [73.20935581420407, 22.2349358926003], [73.20941168076261, 22.234867491737834], [73.2094603112996, 22.23479445715126], [73.2095012655232, 22.23471745009942], [73.20953417264515, 22.234637167806948], [73.2095587347376, 22.234554337151458], [73.20957472943009, 22.2344697080822], [73.20958201192228, 22.23438404682994], [73.2095805162946, 22.234298128969453], [73.20957420701511, 22.23420618548542], [73.20955842484844, 22.234091764825095], [73.2095258423299, 22.233935410784852], [73.20950926385608, 22.233869266421934], [73.20948739250217, 22.233804469164056], [73.20942911482061, 22.23365210102986], [73.20939108156888, 22.233566754016298], [73.20930529461471, 22.233399045552314], [73.20925741534595, 22.233316728549408], [73.20920064035562, 22.233239468207568], [73.2091140345256, 22.233133812992207], [73.20909554475227, 22.233111962445214], [73.20892538983422, 22.232917128499256], [73.20886556156711, 22.232854759459304], [73.20879979334906, 22.232797809833816], [73.20867502190106, 22.232699394571167], [73.2085656202798, 22.232589526602492], [73.2085145588425, 22.232541932617856], [73.20840222008755, 22.232444746742573], [73.20840459763734, 22.23243433717229], [73.20843960237299, 22.232232293614146], [73.20845127983118, 22.232122788661698], [73.2084485646264, 22.232012774390334], [73.2084388922213, 22.231905745056288], [73.20845403011344, 22.231847928051934], [73.20847277425568, 22.231755769416317], [73.20848114985569, 22.231662297795562], [73.20848575390932, 22.23152528943911], [73.20848456279639, 22.231444152538657], [73.20847555367212, 22.231363442718415], [73.20845879928711, 22.231283811608026], [73.20843443492457, 22.231205902126817], [73.20840265730762, 22.23113034329315], [73.20840062218768, 22.231126079270243], [73.20841745648889, 22.23100555477184], [73.20844714575085, 22.230816470760438], [73.20848230084535, 22.230773490288716], [73.20853144861906, 22.23069961692955], [73.20857274259372, 22.230621687734295], [73.2086058004407, 22.230540424251252], [73.20861665639332, 22.23050329609756], [73.20867366498042, 22.230435978506133], [73.20873092692999, 22.23035012419132], [73.2087914405283, 22.23024692323299], [73.2088334330878, 22.230165969708196], [73.20886657230663, 22.23008153017884], [73.20889052978919, 22.22999444144585], [73.20890506813296, 22.229905566562383], [73.20891004328044, 22.22981578628081], [73.20890540594615, 22.229725990324358], [73.20889055386255, 22.229585110997387], [73.20887653396699, 22.229497047434823], [73.20885326895261, 22.229410696977684], [73.20882098493001, 22.229326898796355], [73.20877999565673, 22.229246467256257], [73.20873069948743, 22.229170184003866], [73.20863926181048, 22.229043297833602], [73.208591490979, 22.22898263044863], [73.20853846277487, 22.22892587504908], [73.20848054513814, 22.228873425430027], [73.20837508371321, 22.228785575439307], [73.2082388769146, 22.228642564154914], [73.20823177102062, 22.228635185224114], [73.20819653886889, 22.228599000741365], [73.2081829417731, 22.228520946792358], [73.20816349727072, 22.228435631615227], [73.20813530403568, 22.22835246060567], [73.20809862503688, 22.22827220948618], [73.20805380238694, 22.228195626744654], [73.20800125415082, 22.228123426653486], [73.20794147044637, 22.22805628260789], [73.20787500887275, 22.227994820845545], [73.20775686473554, 22.22789564439424], [73.20768847231514, 22.22784329750287], [73.20761523813889, 22.22779697476922], [73.2075377723646, 22.227757062133026], [73.20745672040407, 22.22772389212773], [73.2073727575459, 22.22769774111013], [73.20728658332968, 22.227678826957966], [73.20716590391258, 22.22765770000427], [73.20706409547634, 22.227645028764258], [73.20696141868146, 22.227642451876157], [73.20685902489072, 22.227649998235833], [73.20675806229357, 22.22766758322241], [73.2066582141915, 22.227690126637544], [73.20656993158877, 22.22771423891401], [73.20648449982855, 22.227746030162532], [73.2064026875176, 22.227785214366452], [73.20632523070125, 22.227831438996557], [73.20627209382559, 22.22786656795385], [73.20626847302108, 22.22786842244424], [73.20625053895905, 22.2278605218535], [73.20616474763156, 22.227831561044383], [73.20607641273253, 22.22781023480614], [73.20597435074218, 22.227790312663235], [73.20594590746651, 22.227785172286303], [73.20581170931793, 22.22776285045178], [73.2056116783507, 22.22770302695275], [73.20552204788294, 22.227680564024393], [73.20543052165509, 22.227666180413898], [73.20518821666907, 22.227639126485624], [73.20508515455758, 22.227632775999272], [73.20498195146862, 22.227636664745358], [73.20487977762551, 22.227650748629262], [73.20470554743531, 22.22768367371564], [73.20461325081826, 22.227705557656716], [73.20443285586681, 22.22775723260539], [73.20435549029511, 22.22778277774549], [73.20428072164619, 22.22781432170273], [73.20407445992674, 22.227911335686596], [73.2039994938793, 22.227950572189748], [73.20392855527386, 22.227995836626686], [73.20386220175678, 22.22804677317753], [73.20380095493302, 22.228102981433988], [73.20368628657306, 22.228217984011916], [73.2036240820387, 22.22828697240498], [73.20356956851712, 22.22836138695403], [73.20352328834987, 22.228440487344105], [73.20348570197119, 22.228523486641816], [73.20345718332689, 22.2286095591239], [73.20340864179819, 22.22878704960334], [73.20339000692263, 22.22887208952995], [73.20338022639903, 22.228958402207596], [73.20337939058248, 22.22904519040005], [73.20338750720963, 22.22913165247753], [73.2034045013264, 22.229216989821005], [73.20343021597996, 22.229300414198786], [73.2034922832853, 22.229470484016453], [73.20352877348701, 22.229555921406575], [73.20357440559592, 22.229637461548702], [73.20362870660736, 22.229714259202108], [73.20369111365261, 22.229785518285155], [73.20376097983315, 22.229850500127675], [73.20383758092619, 22.22990853112829], [73.20392012289189, 22.229959009737232], [73.20399053799825, 22.229993083731063], [73.20397466442984, 22.230150410144944], [73.20397041340028, 22.230235675471462], [73.20397315271553, 22.230288579113694], [73.20396895420654, 22.230307384907707]], [[73.20851187324439, 22.234447969440044], [73.20833568895989, 22.234538569167213], [73.2080798598324, 22.234626576208985], [73.20777998717554, 22.234683796819326], [73.20742873822978, 22.234680755925037], [73.20713063472104, 22.234667620745647], [73.20686180279792, 22.234613359710337], [73.2066347119248, 22.23451273225291], [73.20643366436431, 22.23441650106089], [73.2062793145329, 22.234169384448787], [73.20610727452609, 22.23380977116527], [73.20605149577997, 22.233508405297485], [73.20610763358032, 22.233250304359682], [73.20623102454822, 22.232976278570934], [73.20626272869318, 22.23269533925581], [73.2063551442228, 22.23247453520528], [73.20639558391878, 22.23234076583857], [73.20638462132781, 22.23211870972069], [73.20648496594328, 22.23143402530077], [73.20651620752889, 22.231396377243], [73.20670540002702, 22.231477164435255], [73.20672539075855, 22.23155475002789], [73.2068628701456, 22.231588604608042], [73.2068867083141, 22.23150844844971], [73.20690964362068, 22.2313894776801], [73.20652710116487, 22.231163865329236], [73.206090530107, 22.230909210468322], [73.20600602411663, 22.23098875001693], [73.20590989833612, 22.231065075540723], [73.20580903484704, 22.231100873348765], [73.20563781424944, 22.231026490091008], [73.20534153713348, 22.230880831727266], [73.20509967061949, 22.230737116111953], [73.2049548897121, 22.23059024664054], [73.20492784592287, 22.23044356402863], [73.20499527452553, 22.230279579842474], [73.20494039558378, 22.230234866067555], [73.2049609689375, 22.230030945142364], [73.20504389296073, 22.22996672995649], [73.20515656319628, 22.229974059828734], [73.2054152866491, 22.229941909941743], [73.20541119437351, 22.229545402117516], [73.20537700492923, 22.22926005219695], [73.20518149290358, 22.229172670432224], [73.20499027213583, 22.229152622665627], [73.20485937543859, 22.229184614691956], [73.20465362049379, 22.229238720269617], [73.20451114352689, 22.2292116230966], [73.20441069141853, 22.22917995038061], [73.20434862313331, 22.22900988090729], [73.2043971635555, 22.22883239015216], [73.20451183183533, 22.22871738708178], [73.20471809443299, 22.228620372552953], [73.20489849038417, 22.228568697293447], [73.20507272162288, 22.22853577200401], [73.20531502812754, 22.228562826101374], [73.20557703711307, 22.22864118542075], [73.20577531744395, 22.22867416640276], [73.20587738004593, 22.22869408866838], [73.20592016040669, 22.228750931033197], [73.20603137501138, 22.228785539572314], [73.20615905780734, 22.228836567828917], [73.20641401513582, 22.228794242518816], [73.20659654617288, 22.228731090522192], [73.2067883349808, 22.228632860762115], [73.20688680787727, 22.228567759879596], [73.20698665656425, 22.228545216326573], [73.20710733671407, 22.228566343410947], [73.20722548095641, 22.22866552032583], [73.2072631692597, 22.22888187774686], [73.20731711538244, 22.229040399468758], [73.20751312973685, 22.229241713497764], [73.20768653304984, 22.229423780423417], [73.20783377668494, 22.229546435750276], [73.20792521396334, 22.229673322365503], [73.2079400650917, 22.229814201779092], [73.20787955105592, 22.229917402426196], [73.20773234196665, 22.23004134185409], [73.2076740943147, 22.230142350831883], [73.20768321757971, 22.2302615710719], [73.20760764325325, 22.230345283128873], [73.20745495663863, 22.23052873672761], [73.20748745219468, 22.230685261469798], [73.20745655906441, 22.23088200410295], [73.20741645336304, 22.231169124913436], [73.20743384054065, 22.23132440596628], [73.20751623701958, 22.231497047167043], [73.20751163202472, 22.23163405549654], [73.2074590630123, 22.231834829955275], [73.20748198444808, 22.2320884850356], [73.20744697837577, 22.23229052839125], [73.207351245966, 22.232368147145415], [73.20722968752648, 22.232422655444758], [73.20713238320936, 22.23250999413712], [73.20713433892354, 22.232652039054514], [73.20735725288492, 22.232931948215835], [73.20746803761648, 22.232963612233938], [73.20768645494084, 22.233058299426997], [73.20785426830436, 22.233203477840185], [73.20800340259714, 22.23335324853588], [73.20817276555287, 22.233486836501587], [73.20834292011844, 22.233681671221216], [73.20842952570715, 22.23378732684005], [73.2085153118558, 22.233955035757948], [73.20857358867497, 22.234107404213898], [73.20860617017713, 22.234263758441614], [73.20861247882785, 22.234355701962564], [73.20851187324439, 22.234447969440044]]]}}, {"type": "Feature", "properties": {"layer": "buffer_200m", "site": "VAD-01"}, "geometry": {"type": "Polygon", "coordinates": [[[73.2029917094026, 22.230557034433556], [73.20301583686566, 22.230749108962545], [73.20304287872428, 22.23089579188677], [73.20308284636263, 22.231064012342987], [73.20313984818851, 22.231227922010536], [73.2032133655856, 22.231386029432375], [73.20330272965165, 22.231536895942742], [73.2034071272834, 22.23167914875864], [73.2035256085738, 22.2318114934719], [73.20367038924631, 22.23195836419346], [73.20378938891608, 22.23206904097885], [73.20391823909699, 22.23216970477051], [73.20405597113073, 22.232259598791973], [73.20429783919256, 22.232403315932366], [73.20434582926808, 22.232429311517848], [73.20433335165437, 22.23250660697959], [73.20433148408281, 22.23252315407988], [73.20431849250913, 22.2325520048092], [73.20425335416797, 22.23271934193356], [73.20420622295845, 22.232891835435712], [73.20415008181983, 22.233149935728566], [73.20412262166292, 22.233315172736734], [73.20411169208037, 22.23348206585904], [73.2041173867983, 22.233649184808172], [73.2041396570712, 22.233815097356484], [73.20419543185169, 22.234116463868435], [73.20422922181864, 22.234262605992196], [73.20427587742655, 22.23440564605253], [73.20433507909829, 22.234544604149086], [73.20450711548105, 22.2349042192745], [73.20460221815489, 22.235077298322388], [73.20475656604044, 22.235324416498344], [73.20485648431224, 22.23546823367729], [73.20497058652637, 22.235602592590684], [73.20509784657294, 22.23572628491675], [73.20523712000139, 22.235838198257888], [73.20538715431248, 22.235937326145518], [73.20554660022243, 22.236022777092337], [73.20574764946821, 22.236119009361826], [73.20580094476199, 22.236143565094242], [73.20602803766708, 22.23624419369558], [73.20623522545702, 22.236322704919427], [73.2064507437507, 22.236378490533948], [73.20671957888177, 22.236432752236873], [73.20687837649393, 22.23645842607215], [73.20703891522308, 22.236471739867063], [73.20733702253845, 22.236484875211598], [73.20741069595394, 22.236486816541657], [73.20776194939951, 22.236489857474172], [73.20796677922745, 22.236481544284633], [73.20816952283788, 22.236453153172544], [73.20846939910045, 22.236395931856414], [73.20861237467845, 22.236363342689707], [73.20875228456313, 22.23632075519258], [73.20900811634537, 22.236232747111444], [73.2091431980233, 22.23618081433847], [73.20927369706823, 22.23611956201398], [73.20944988272575, 22.23602896128833], [73.20960045676856, 22.235942977843873], [73.20974200590474, 22.23584460031779], [73.20987335664189, 22.23573464430811], [73.20997396225242, 22.235642376003103], [73.21009915569915, 22.235516079799368], [73.21021088850044, 22.235379277553815], [73.21030814904897, 22.235233207896787], [73.21039005678003, 22.235079193363454], [73.21045587014298, 22.23491862841862], [73.21050499331398, 22.234752966830488], [73.21053698158865, 22.2345837085076], [73.21055154540655, 22.234412385918137], [73.21054855297061, 22.234240550214725], [73.21054224306236, 22.23414860676763], [73.21051067719618, 22.23391976563013], [73.2104780936613, 22.233763411777385], [73.2104449358761, 22.233631123240666], [73.21040119240219, 22.23350152896932], [73.21034291385827, 22.2333491611569], [73.21026684645794, 22.233178467541016], [73.21018105869827, 22.233010759530945], [73.21008529945775, 22.232846126017964], [73.209971749011, 22.23269160588276], [73.20988514293968, 22.232585951070867], [73.20984816330348, 22.232542250147077], [73.209678008033, 22.23234741697481], [73.20955835136938, 22.232222679417337], [73.20942681501649, 22.23210878069077], [73.20941923555154, 22.232102802306613], [73.20941586432096, 22.23196624524018], [73.20943391814612, 22.231877477654866], [73.20945066807504, 22.2316905343157], [73.20945527118747, 22.23155352593232], [73.20945288784658, 22.2313912521454], [73.20943486850649, 22.23122983260987], [73.20940530228219, 22.231089313245683], [73.20946227215171, 22.230981799516144], [73.20948206900158, 22.230933133766], [73.20958230802998, 22.230782841477104], [73.20964282119083, 22.230679640207537], [73.20972680554166, 22.230517732715334], [73.20979308303491, 22.230348853292313], [73.20984099691668, 22.23017467555472], [73.20987007242482, 22.229996925619606], [73.20988002149095, 22.229817364998347], [73.20987074559267, 22.2296377731397], [73.20985589255385, 22.229496893899388], [73.20982785159195, 22.22932076693663], [73.2097813204847, 22.229148066286534], [73.20971675149507, 22.228980470279613], [73.20963477217474, 22.22881960763292], [73.20953617926314, 22.22866704162261], [73.20944474118765, 22.22854015589731], [73.20934919921366, 22.228418821578508], [73.20924314266217, 22.22830531124788], [73.20912730741742, 22.22820041248264], [73.20908884438245, 22.22816837268751], [73.20904512307494, 22.228039395784627], [73.20897176424639, 22.22787889394075], [73.20888211829681, 22.227725728918433], [73.2087770213804, 22.227581329245318], [73.20865745374935, 22.227447041692926], [73.20852453061023, 22.227324118716478], [73.20840638657816, 22.227224942728764], [73.20826960195652, 22.227120249454472], [73.20812313402139, 22.22702760446898], [73.2079682030745, 22.226947779635704], [73.2078060999194, 22.22688144000694], [73.20763817510789, 22.22682913828356], [73.20746582768902, 22.226791310210718], [73.20734514900462, 22.226770183387693], [73.20714153339978, 22.226744841065514], [73.20693618112189, 22.226739687321686], [73.2067313948378, 22.22675477994648], [73.20652947086846, 22.22678994970237], [73.20642962335128, 22.226812492979608], [73.20625305913639, 22.226860717241628], [73.20614427523864, 22.226901198385143], [73.20611649533802, 22.226896177893845], [73.20604637859915, 22.226884515049456], [73.20590832495608, 22.226843227172253], [73.20572906504759, 22.226798301588275], [73.20554601371364, 22.22676953454562], [73.20530371024621, 22.226742480786424], [73.20509758733279, 22.22672977989339], [73.20489118247166, 22.22673755733676], [73.20468683604986, 22.22676572492948], [73.20451260690814, 22.226798649812803], [73.20432801474408, 22.226842417428358], [73.20414762079234, 22.226894092066207], [73.20399289046473, 22.22694518204365], [73.20384335385947, 22.227008269596823], [73.2036370930182, 22.227105283035716], [73.20348716149529, 22.227183755611946], [73.20334528468153, 22.227274284016318], [73.20321257785714, 22.227376156623816], [73.20309008422548, 22.227488572633337], [73.20297541578545, 22.22760357471882], [73.20285100650241, 22.227741550947286], [73.20274197900753, 22.227890379518207], [73.20264941800184, 22.228048579822644], [73.20257424438043, 22.228214578012633], [73.20251720606922, 22.228386722657767], [73.20246866343406, 22.22856421286151], [73.20243139258558, 22.228734292500942], [73.20241183037189, 22.22890691774229], [73.20241015754625, 22.229080494117376], [73.20242638962586, 22.229253418366937], [73.20246037674595, 22.22942409324944], [73.20251180504178, 22.229590942294287], [73.20257387136719, 22.22976101245628], [73.20264685085218, 22.229931887633366], [73.20273811434603, 22.230094968391253], [73.2028467158694, 22.230248564228926], [73.20297152970544, 22.230391082961127], [73.2029902254871, 22.230408471820606], [73.2029917094026, 22.230557034433556]], [[73.20851187324439, 22.234447969440044], [73.20833568895989, 22.234538569167213], [73.2080798598324, 22.234626576208985], [73.20777998717554, 22.234683796819326], [73.20742873822978, 22.234680755925037], [73.20713063472104, 22.234667620745647], [73.20686180279792, 22.234613359710337], [73.2066347119248, 22.23451273225291], [73.20643366436431, 22.23441650106089], [73.2062793145329, 22.234169384448787], [73.20610727452609, 22.23380977116527], [73.20605149577997, 22.233508405297485], [73.20610763358032, 22.233250304359682], [73.20623102454822, 22.232976278570934], [73.20626272869318, 22.23269533925581], [73.2063551442228, 22.23247453520528], [73.20639558391878, 22.23234076583857], [73.20638462132781, 22.23211870972069], [73.20648496594328, 22.23143402530077], [73.20651620752889, 22.231396377243], [73.20670540002702, 22.231477164435255], [73.20672539075855, 22.23155475002789], [73.2068628701456, 22.231588604608042], [73.2068867083141, 22.23150844844971], [73.20690964362068, 22.2313894776801], [73.20652710116487, 22.231163865329236], [73.206090530107, 22.230909210468322], [73.20600602411663, 22.23098875001693], [73.20590989833612, 22.231065075540723], [73.20580903484704, 22.231100873348765], [73.20563781424944, 22.231026490091008], [73.20534153713348, 22.230880831727266], [73.20509967061949, 22.230737116111953], [73.2049548897121, 22.23059024664054], [73.20492784592287, 22.23044356402863], [73.20499527452553, 22.230279579842474], [73.20494039558378, 22.230234866067555], [73.2049609689375, 22.230030945142364], [73.20504389296073, 22.22996672995649], [73.20515656319628, 22.229974059828734], [73.2054152866491, 22.229941909941743], [73.20541119437351, 22.229545402117516], [73.20537700492923, 22.22926005219695], [73.20518149290358, 22.229172670432224], [73.20499027213583, 22.229152622665627], [73.20485937543859, 22.229184614691956], [73.20465362049379, 22.229238720269617], [73.20451114352689, 22.2292116230966], [73.20441069141853, 22.22917995038061], [73.20434862313331, 22.22900988090729], [73.2043971635555, 22.22883239015216], [73.20451183183533, 22.22871738708178], [73.20471809443299, 22.228620372552953], [73.20489849038417, 22.228568697293447], [73.20507272162288, 22.22853577200401], [73.20531502812754, 22.228562826101374], [73.20557703711307, 22.22864118542075], [73.20577531744395, 22.22867416640276], [73.20587738004593, 22.22869408866838], [73.20592016040669, 22.228750931033197], [73.20603137501138, 22.228785539572314], [73.20615905780734, 22.228836567828917], [73.20641401513582, 22.228794242518816], [73.20659654617288, 22.228731090522192], [73.2067883349808, 22.228632860762115], [73.20688680787727, 22.228567759879596], [73.20698665656425, 22.228545216326573], [73.20710733671407, 22.228566343410947], [73.20722548095641, 22.22866552032583], [73.2072631692597, 22.22888187774686], [73.20731711538244, 22.229040399468758], [73.20751312973685, 22.229241713497764], [73.20768653304984, 22.229423780423417], [73.20783377668494, 22.229546435750276], [73.20792521396334, 22.229673322365503], [73.2079400650917, 22.229814201779092], [73.20787955105592, 22.229917402426196], [73.20773234196665, 22.23004134185409], [73.2076740943147, 22.230142350831883], [73.20768321757971, 22.2302615710719], [73.20760764325325, 22.230345283128873], [73.20745495663863, 22.23052873672761], [73.20748745219468, 22.230685261469798], [73.20745655906441, 22.23088200410295], [73.20741645336304, 22.231169124913436], [73.20743384054065, 22.23132440596628], [73.20751623701958, 22.231497047167043], [73.20751163202472, 22.23163405549654], [73.2074590630123, 22.231834829955275], [73.20748198444808, 22.2320884850356], [73.20744697837577, 22.23229052839125], [73.207351245966, 22.232368147145415], [73.20722968752648, 22.232422655444758], [73.20713238320936, 22.23250999413712], [73.20713433892354, 22.232652039054514], [73.20735725288492, 22.232931948215835], [73.20746803761648, 22.232963612233938], [73.20768645494084, 22.233058299426997], [73.20785426830436, 22.233203477840185], [73.20800340259714, 22.23335324853588], [73.20817276555287, 22.233486836501587], [73.20834292011844, 22.233681671221216], [73.20842952570715, 22.23378732684005], [73.2085153118558, 22.233955035757948], [73.20857358867497, 22.234107404213898], [73.20860617017713, 22.234263758441614], [73.20861247882785, 22.234355701962564], [73.20851187324439, 22.234447969440044]]]}}, {"type": "Feature", "properties": {"layer": "river", "name": "Jambuwa", "osm": "way/29137878", "distance_m": 69.7}, "geometry": {"type": "LineString", "coordinates": [[73.23030227652121, 22.220980076039563], [73.2303026, 22.2209818], [73.23013100000001, 22.220981799999997], [73.2297361, 22.2208547], [73.2294529, 22.220767199999997], [73.22913530000001, 22.220934099999994], [73.2290495, 22.221140699999992], [73.22903230000001, 22.2213711], [73.2291353, 22.2216095], [73.2294787, 22.221879599999998], [73.2297276, 22.222205400000007], [73.22979620000001, 22.222412], [73.22956449999998, 22.222801299999997], [73.22872330000001, 22.223579999999995], [73.2282169, 22.223858099999998], [73.2279852, 22.2237071], [73.2278822, 22.223460799999998], [73.2280539, 22.2230953], [73.2280539, 22.222785399999996], [73.2279165, 22.222475499999998], [73.2277449, 22.22238019999999], [73.2274015, 22.222332500000004], [73.2270496, 22.222563], [73.22619130000001, 22.222785399999992], [73.2258223, 22.222833099999995], [73.2253502, 22.2227219], [73.225024, 22.2226821], [73.22456910000001, 22.22270599999999], [73.2242001, 22.222896699999993], [73.2239254, 22.2229284], [73.2237108, 22.222841], [73.22362499999998, 22.222626500000004], [73.2233332, 22.221990899999994], [73.2230757, 22.2217287], [73.22256930000002, 22.221784299999992], [73.22202, 22.222046499999998], [73.22165089999999, 22.22231660000001], [73.2216681, 22.2228569], [73.22182260000001, 22.223357500000002], [73.2220715, 22.223603799999996], [73.2223461, 22.2236833], [73.2228354, 22.22368330000001], [73.223007, 22.2237627], [73.22312720000001, 22.224072599999996], [73.2228525, 22.224382500000004], [73.222183, 22.2248195], [73.2215651, 22.2250578], [73.22121320000001, 22.2256617], [73.22086980000002, 22.226392599999997], [73.2196768, 22.226861399999997], [73.21934199999998, 22.2270918], [73.21928199999999, 22.227298400000006], [73.2193077, 22.227497000000007], [73.21944499999998, 22.228243900000006], [73.2193592, 22.228617299999996], [73.2191704, 22.228935100000005], [73.2186812, 22.229197299999996], [73.2180374, 22.229205299999997], [73.2175568, 22.229197299999996], [73.21738510000002, 22.2292768], [73.2172306, 22.2294913], [73.217016, 22.230103099999997], [73.2165182, 22.2306592], [73.2159346, 22.231215400000004], [73.2155912, 22.2314696], [73.2152651, 22.231501399999996], [73.2147329, 22.2314219], [73.2142351, 22.231255099999995], [73.2140291, 22.2309293], [73.2140291, 22.230516199999997], [73.2138575, 22.2303255], [73.2136343, 22.230333499999997], [73.2132052, 22.230651299999995], [73.2128017, 22.230826100000005], [73.21257000000001, 22.230746599999996], [73.2123983, 22.2304606], [73.21211509999999, 22.230150699999996], [73.2116945, 22.2297853], [73.21164300000001, 22.229546899999992], [73.2117804, 22.229316499999996], [73.211849, 22.228847700000003], [73.21217520000002, 22.2280214], [73.2123125, 22.227775100000006], [73.2124842, 22.227226899999998], [73.2124241, 22.2270124], [73.2122095, 22.226885300000003], [73.2118576, 22.226885299999996], [73.21147140000001, 22.226853499999997], [73.21116240000002, 22.226980600000005], [73.2107933, 22.227139499999993], [73.21057870000001, 22.227147400000003], [73.21011520000002, 22.2271316], [73.20965180000002, 22.2271474], [73.2094544, 22.22723480000001], [73.2099608, 22.227989600000004], [73.21028690000001, 22.228180300000005], [73.2106817, 22.228561700000004], [73.21080189999999, 22.228823900000005], [73.2107761, 22.229014599999996], [73.2105702, 22.229133799999996], [73.21035560000001, 22.229197299999996], [73.21002940000001, 22.22918939999999], [73.209832, 22.2292132], [73.2096603, 22.229070200000002], [73.20923980000002, 22.228871600000005], [73.20899090000002, 22.228617299999996], [73.2087076, 22.2286173], [73.2083986, 22.228665], [73.2083729, 22.228863600000004], [73.20830420000001, 22.229094]]}}, {"type": "Feature", "properties": {"layer": "river", "name": "", "osm": "way/29154407", "distance_m": 4.0}, "geometry": {"type": "MultiLineString", "coordinates": [[[73.20830420000001, 22.229094], [73.2080725, 22.229245000000006], [73.2078493, 22.229245000000002], [73.2075747, 22.229189400000003], [73.2073429, 22.228982800000004], [73.2072743, 22.2287206], [73.2072743, 22.228371], [73.207197, 22.228235899999998], [73.2070168, 22.2281644], [73.2068537, 22.2282201], [73.2065704, 22.228585500000005], [73.2062357, 22.22864119999999], [73.2060555, 22.228609399999996], [73.2058752, 22.228482200000002], [73.2058495, 22.2281883], [73.205858, 22.227791000000003], [73.20581510000001, 22.227497], [73.205901, 22.2271951], [73.2061155, 22.226639000000002], [73.2061155, 22.226321099999993], [73.20596100000002, 22.2260192], [73.2056177, 22.225892100000003], [73.2053431, 22.225900000000003], [73.2052057, 22.226384700000004], [73.2051628, 22.226797899999998], [73.2052572, 22.227274600000005], [73.2052572, 22.227489099999996], [73.2051285, 22.227957900000003], [73.20490529999998, 22.228156499999994], [73.2045706, 22.2284346], [73.2043646, 22.228482199999995], [73.2040041, 22.228474300000002], [73.2038754, 22.228156499999997], [73.20387539999999, 22.227918099999993], [73.2039011, 22.227679799999997], [73.20353199999998, 22.226980600000008], [73.20343759999999, 22.2266628], [73.20335179999998, 22.226488], [73.202854, 22.2260192], [73.20260510000001, 22.225749099999998], [73.20260510000001, 22.225478900000002], [73.2026995, 22.2252962], [73.2030685, 22.225041899999994], [73.2034376, 22.224803599999998], [73.2037123, 22.2246526], [73.2037552, 22.224501599999996], [73.2037123, 22.224199700000007], [73.2036093, 22.2239693], [73.2033003, 22.2237786], [73.202957, 22.223500500000004], [73.2029226, 22.2233257], [73.2029484, 22.22311910000001], [73.2031029, 22.222849], [73.2034548, 22.2227457], [73.2037638, 22.222427900000007], [73.2038754, 22.222054399999994], [73.2039526, 22.221720699999995], [73.2038496, 22.221482399999996], [73.2033861, 22.2214188], [73.2029741, 22.221442600000003], [73.2026823, 22.221585600000004], [73.2023819, 22.2219114], [73.2021502, 22.221990900000005], [73.2017897, 22.221871699999998], [73.2013176, 22.221720699999995], [73.2011202, 22.221768400000002], [73.2009657, 22.221975000000008], [73.2007082, 22.2229602], [73.2007511, 22.2234211], [73.2007855, 22.2238978], [73.2004164, 22.2242077], [73.2000216, 22.224438100000004], [73.1994637, 22.2246844], [73.1987856, 22.2246844], [73.19863970000002, 22.2244222], [73.1984594, 22.224128199999996], [73.1981762, 22.223977199999997], [73.1978329, 22.223929599999998], [73.197687, 22.223770699999996], [73.1975239, 22.2234846], [73.1973436, 22.223349599999995], [73.19702610000002, 22.223373400000007], [73.19648530000002, 22.2234211], [73.1962364, 22.2232463], [73.1954811, 22.2226742], [73.1948889, 22.222332500000004], [73.1946228, 22.222253100000003], [73.1943052, 22.22216570000001], [73.19397049999999, 22.222284899999995], [73.1936272, 22.222412], [73.1933611, 22.222563000000005], [73.1930779, 22.222531200000002], [73.1929405, 22.2224358], [73.19294050000002, 22.222197500000004], [73.1929663, 22.2218479], [73.1929062, 22.2216413], [73.1928547, 22.221450599999997], [73.19259720000001, 22.221323400000006], [73.192477, 22.221331400000004], [73.1922195, 22.2215698], [73.1919964, 22.221832], [73.19167879999999, 22.222054399999994], [73.1914728, 22.222046500000005], [73.1911982, 22.2219353], [73.1907604, 22.2217287], [73.190357, 22.2215618], [73.18991930000001, 22.22153800000001], [73.18937, 22.2216969], [73.1891211, 22.221704800000005], [73.1887863, 22.221641299999995], [73.1886318, 22.221545899999995], [73.18848590000002, 22.221132700000002], [73.1883572, 22.220886399999998], [73.18803100000001, 22.2206878], [73.1870525, 22.220465300000004], [73.18657190000002, 22.220433499999988], [73.1860912, 22.220409700000005], [73.1857737, 22.2202746], [73.1855677, 22.219932999999997], [73.1854303, 22.2196231], [73.184881, 22.219082799999992], [73.1843317, 22.218780799999994], [73.1841686, 22.218669600000005], [73.1839026, 22.2186616], [73.1835335, 22.218661600000004], [73.18338759999999, 22.218526599999997], [73.18310561119924, 22.218086991431548]], [[73.18260515233052, 22.21894214057499], [73.1829327, 22.2193211], [73.1829413, 22.2195277], [73.18276100000001, 22.219734299999995], [73.1824606, 22.219766100000005], [73.18225254410818, 22.219693886592836]]]}}, {"type": "Feature", "properties": {"layer": "river", "name": "", "osm": "way/219984093", "distance_m": 1497.3}, "geometry": {"type": "LineString", "coordinates": [[73.2165443, 22.2467692], [73.2164805, 22.245753100000005]]}}, {"type": "Feature", "properties": {"layer": "river", "name": "", "osm": "way/219984094", "distance_m": 0.0}, "geometry": {"type": "LineString", "coordinates": [[73.2164805, 22.245753100000005], [73.2165955, 22.244872200000003], [73.2165096, 22.244482999999995], [73.216235, 22.2432039], [73.2165268, 22.243267500000005], [73.2167242, 22.243386600000004], [73.2168358, 22.2435694], [73.2169817, 22.243577299999995], [73.2170933, 22.243497899999994], [73.2170675, 22.243339], [73.2171019, 22.243029200000006], [73.2169989, 22.2427273], [73.2169045, 22.242616], [73.2168186, 22.242616], [73.2165783, 22.242830499999997], [73.2163122, 22.242774899999997], [73.2161921, 22.242679599999995], [73.2163122, 22.2424889], [73.2164496, 22.2424095], [73.2164839, 22.24228239999999], [73.2164753, 22.24215529999999], [73.2162436, 22.2421473], [73.21619210000001, 22.241909000000003], [73.2158316, 22.241750099999997], [73.2158745, 22.2415118], [73.2157887, 22.241074799999996], [73.2156599, 22.240963599999997], [73.2157114, 22.240765], [73.2157543, 22.240629900000002], [73.2154882, 22.2402963], [73.215308, 22.2401691], [73.21534230000002, 22.2400023], [73.2152393, 22.239978500000003], [73.2151106, 22.2401691], [73.2148445, 22.240479], [73.2147329, 22.2404154], [73.2145527, 22.240240599999996], [73.2144754, 22.240097599999995], [73.2145355, 22.2399229], [73.21443250000002, 22.2399149], [73.2142265, 22.239930800000007], [73.2141235, 22.2399229], [73.2139519, 22.239851400000003], [73.2137888, 22.2396607], [73.21375450000001, 22.23947], [73.2135828, 22.2392635], [73.2135485, 22.2390251], [73.2134798, 22.2388821], [73.21335110000001, 22.23877879999999], [73.2130592, 22.2387947], [73.2128361, 22.23894569999999], [73.2126902, 22.239041], [73.2125786, 22.238985399999997], [73.2126301, 22.238802699999997], [73.2127674, 22.238516700000005], [73.2128361, 22.2383101], [73.21282750000002, 22.238230699999995], [73.2127073, 22.238143299999997], [73.2124327, 22.2381512], [73.2122953, 22.2382307], [73.21223530000002, 22.238103600000006], [73.212055, 22.237984400000002], [73.211952, 22.237976399999997], [73.2119434, 22.2381671], [73.2119177, 22.2384054], [73.211849, 22.2385087], [73.2116602, 22.238477], [73.2116602, 22.2382942], [73.2116602, 22.238143299999997], [73.2118233, 22.237769900000004], [73.211746, 22.2376904], [73.2116001, 22.237714299999993], [73.2113855, 22.237634800000006], [73.2113083, 22.2374998], [73.2114199, 22.237221700000003], [73.2116774, 22.237118400000004], [73.2117975, 22.2371184], [73.2117889, 22.2369992], [73.2116173, 22.2368165], [73.2115572, 22.236673499999995], [73.2117374, 22.236514600000007], [73.2119434, 22.236498700000002], [73.2119692, 22.236705300000004], [73.2120808, 22.2367132], [73.2122524, 22.236721199999995], [73.2122524, 22.2368801], [73.2123726, 22.237031], [73.2125357, 22.237078700000005], [73.2125958, 22.236911799999998], [73.2130335, 22.23684029999999], [73.2131708, 22.2368165], [73.2133339, 22.2365782], [73.2135313, 22.236562299999992], [73.2136858, 22.2366576], [73.2139347, 22.236657600000004], [73.2140892, 22.236546400000005], [73.2140463, 22.2364431], [73.213909, 22.23637159999999], [73.21361710000001, 22.236292200000005], [73.2135313, 22.2361571], [73.2136601, 22.236125299999998], [73.21390899999999, 22.236212699999996], [73.214115, 22.236228600000008], [73.21428660000001, 22.236165000000003], [73.21430380000001, 22.2360061], [73.2140978, 22.235839300000002], [73.2138489, 22.235672499999996], [73.2136, 22.235887], [73.2134884, 22.235887000000005], [73.21344550000002, 22.2357837], [73.2134541, 22.235521500000004], [73.2138832, 22.2354818], [73.2143038, 22.235370600000003], [73.2143553, 22.235203699999992], [73.21426090000001, 22.235084599999993], [73.2141064, 22.235076600000003], [73.2139347, 22.234973300000007], [73.21389180000003, 22.2347032], [73.21349699999999, 22.234464899999995], [73.21361710000001, 22.2342742], [73.21362570000001, 22.234043800000002], [73.2136171, 22.233916699999995], [73.2134455, 22.233876899999995], [73.21320520000002, 22.233916699999995], [73.21311930000002, 22.233781600000004], [73.21281890000002, 22.2337975], [73.21273310000001, 22.2337657], [73.21273310000001, 22.233535299999996], [73.2124756, 22.233463799999992], [73.2122953, 22.233463799999996], [73.2121838, 22.233281099999996], [73.21234680000002, 22.2332731], [73.2123898, 22.2332016], [73.21232969999998, 22.2330904], [73.2121666, 22.233090399999995], [73.21196060000001, 22.233090399999995], [73.2119091, 22.233257200000004], [73.21207220000001, 22.2335115], [73.21195199999998, 22.233606800000004], [73.21168590000002, 22.233606800000004], [73.21146280000002, 22.233686299999995], [73.2113512, 22.2336227], [73.2110937, 22.23388490000001], [73.2109564, 22.2341471], [73.21072460000002, 22.23411530000001], [73.21052720000002, 22.2339325], [73.21044140000001, 22.233726], [73.210347, 22.233463799999992], [73.2101152, 22.233543199999996], [73.20981480000002, 22.2337975], [73.20960880000001, 22.233606800000004], [73.2094629, 22.233559099999994], [73.2095402, 22.23321749999999], [73.20942, 22.2330666], [73.2090338, 22.2332016], [73.2086132, 22.233463799999992], [73.2083815, 22.233543200000007], [73.2082527, 22.233439999999998], [73.2081411, 22.233304900000007], [73.2078922, 22.2332255], [73.2076862, 22.233177799999993], [73.207609, 22.233066599999997], [73.2076262, 22.232844100000005], [73.2074373, 22.232661400000005], [73.2074631, 22.232399200000003], [73.2074814, 22.2322827], [73.2074956, 22.232164], [73.2074802, 22.231954300000005], [73.2075146, 22.231811199999996], [73.2080296, 22.231843], [73.2080038, 22.231580799999993], [73.2081669, 22.231398100000003], [73.20833000000002, 22.2314617], [73.2084673, 22.231286899999997], [73.2084501, 22.2312074], [73.2078837, 22.2311439], [73.2078751, 22.231271], [73.2078322, 22.2314219], [73.2077034, 22.2314219], [73.2075232, 22.231294800000004], [73.20752320000001, 22.2311836], [73.20752320000001, 22.2310167], [73.2076862, 22.230937300000004], [73.2079695, 22.230857800000003], [73.2081326, 22.2307069], [73.2080296, 22.230619499999996], [73.2078751, 22.23052409999999], [73.2078322, 22.2303652], [73.2077463, 22.230277899999994], [73.2076519, 22.2303017], [73.2075146, 22.2304368], [73.2072485, 22.2305162], [73.2072571, 22.230333499999997], [73.2071884, 22.230039499999997], [73.2072571, 22.229761399999997], [73.2073601, 22.2297535], [73.2075232, 22.229888499999998], [73.2076347, 22.229912400000003], [73.2077892, 22.229880600000005], [73.2077892, 22.229777300000006], [73.2076519, 22.2296502], [73.2077206, 22.229539000000003], [73.2078579, 22.22953099999999], [73.2080296, 22.229539000000003], [73.2080296, 22.22972959999999], [73.2080381, 22.229864699999997], [73.2080982, 22.229888499999994], [73.208227, 22.229817000000004], [73.2083214, 22.229689899999997], [73.2085445, 22.229618400000003], [73.208802, 22.229705799999998], [73.20894800000002, 22.229666100000003], [73.2089823, 22.22953900000001], [73.2089136, 22.229308499999995], [73.2087677, 22.229101999999997], [73.2084673, 22.229141699999996], [73.20830420000001, 22.229094]]}}, {"type": "Feature", "properties": {"layer": "river", "name": "", "osm": "way/552709321", "distance_m": 1596.0}, "geometry": {"type": "LineString", "coordinates": [[73.22049646015003, 22.254062649804045], [73.2205351, 22.253912499999995], [73.2204407, 22.253793400000003], [73.2192648, 22.2538966], [73.2189644, 22.253849000000002], [73.2184408, 22.253451800000004], [73.2181233, 22.253300800000005], [73.2180203, 22.253149900000004], [73.2180117, 22.252951299999992], [73.2182091, 22.252736800000008], [73.2186297, 22.252665299999993], [73.2189644, 22.2525859], [73.2190931, 22.252427], [73.2191361, 22.2522761], [73.2189644, 22.252188700000005], [73.2186039, 22.251998100000005], [73.2184837, 22.251871000000005], [73.2184494, 22.251664399999996], [73.2180718, 22.251553199999993], [73.2182005, 22.2511878], [73.2180374, 22.250790599999995], [73.2174023, 22.2496784], [73.217059, 22.249209699999998], [73.2167757, 22.248733099999995], [73.2168015, 22.248462999999997], [73.2168615, 22.248327900000003], [73.21681, 22.247986400000002], [73.216647, 22.247676500000004], [73.2165955, 22.2473826], [73.2165228, 22.2470121], [73.2165443, 22.2467692]]}}, {"type": "Feature", "properties": {"layer": "pond", "name": "", "osm": "way/135069335", "distance_m": 1881.7}, "geometry": {"type": "Polygon", "coordinates": [[[73.18892240000001, 22.24155689999999], [73.1889653, 22.241636399999994], [73.1889653, 22.241874700000004], [73.189137, 22.242073299999994], [73.189137, 22.242192499999998], [73.1892443, 22.242291799999997], [73.18937300000002, 22.242291799999993], [73.1894374, 22.242351400000008], [73.18943740000002, 22.242510199999998], [73.1893516, 22.242629399999995], [73.1896734, 22.2429273], [73.189888, 22.2429671], [73.1899738, 22.242887599999992], [73.1900811, 22.242867699999994], [73.190124, 22.242669100000004], [73.1902099, 22.242549999999998], [73.1900597, 22.2424904], [73.1899095, 22.242351399999993], [73.1900382, 22.24215279999999], [73.18990949999998, 22.2420336], [73.1899095, 22.2419144], [73.1898236, 22.241835000000002], [73.1898236, 22.241636399999994], [73.18978070000001, 22.2415966], [73.18978070000001, 22.2414378], [73.18973780000002, 22.241358299999995], [73.18941589999999, 22.241298700000005], [73.1893301, 22.241219299999997], [73.1892014, 22.241219299999997], [73.1891155, 22.2412987], [73.1890297, 22.241417900000002], [73.18892240000001, 22.24155689999999]]]}}, {"type": "Feature", "properties": {"layer": "pond", "name": "", "osm": "way/135069369", "distance_m": 2109.7}, "geometry": {"type": "Polygon", "coordinates": [[[73.2156566, 22.2539872], [73.2157016, 22.254148300000004], [73.2157136, 22.2541599], [73.2157202, 22.254183099999995], [73.2157478, 22.254225999999996], [73.2157748, 22.254274100000007], [73.2157922, 22.254291900000002], [73.2157994, 22.254327299999996], [73.2158245, 22.25436899999999], [73.2158921, 22.254412599999995], [73.2159106, 22.254474999999996], [73.2160839, 22.254556499999996], [73.2162211, 22.2545803], [73.2163112, 22.254595000000005], [73.216401, 22.25461200000001], [73.2164728, 22.2546236], [73.2165237, 22.2546243], [73.2165934, 22.254627899999996], [73.2166729, 22.254573099999995], [73.2166886, 22.254386600000004], [73.2166457, 22.254187999999996], [73.2166478, 22.254100399999995], [73.2166028, 22.253632000000003], [73.21655990000001, 22.253314199999988], [73.2165732, 22.2532745], [73.21655990000001, 22.2532348], [73.21655990000001, 22.253036200000007], [73.2165665, 22.2529486], [73.2165687, 22.2528128], [73.2164526, 22.252738299999994], [73.2161951, 22.252698600000006], [73.2158089, 22.252460299999996], [73.2151651, 22.2525], [73.2148433, 22.252718399999996], [73.2147237, 22.252887899999998], [73.2147015, 22.2530027], [73.2147419, 22.253192800000004], [73.2149214, 22.253304800000002], [73.2153143, 22.2533736], [73.2153991, 22.253487500000002], [73.2154857, 22.253792], [73.2156012, 22.253908799999998], [73.2156566, 22.2539872]]]}}, {"type": "Feature", "properties": {"layer": "pond", "name": "", "osm": "way/135069426", "distance_m": 2485.5}, "geometry": {"type": "Polygon", "coordinates": [[[73.18190570000002, 22.23740589999999], [73.18197010000002, 22.237386], [73.1818628, 22.237207299999998], [73.18178252920848, 22.237222112324744], [73.18187692569565, 22.23744320999964], [73.18190570000002, 22.23740589999999]]]}}, {"type": "Feature", "properties": {"layer": "pond", "name": "", "osm": "way/135069427", "distance_m": 2291.1}, "geometry": {"type": "Polygon", "coordinates": [[[73.182807, 22.2220718], [73.18276410000001, 22.222111500000004], [73.1825495, 22.2221512], [73.18250659999998, 22.222111499999997], [73.1824207, 22.22211149999999], [73.18237779999998, 22.22219099999999], [73.18227049999999, 22.222250599999995], [73.1823564, 22.22233], [73.1823564, 22.222488899999995], [73.1822705, 22.2226081], [73.182528, 22.2228465], [73.1826353, 22.2230252], [73.1828499, 22.222985499999997], [73.183043, 22.2228067], [73.18312880000002, 22.2224889], [73.1832147, 22.222449199999996], [73.18334340000001, 22.222210799999996], [73.1833434, 22.2220916], [73.183279, 22.222032099999993], [73.1830859, 22.2220519], [73.18289280000002, 22.222111499999997], [73.182807, 22.2220718]]]}}, {"type": "Feature", "properties": {"layer": "pond", "name": "", "osm": "way/135069474", "distance_m": 148.0}, "geometry": {"type": "Polygon", "coordinates": [[[73.20081, 22.2283685], [73.2007241, 22.228447999999997], [73.2007241, 22.228606900000003], [73.20063829999998, 22.228646600000005], [73.2005954, 22.228765799999998], [73.20046659999998, 22.228884900000004], [73.20046660000001, 22.229123300000005], [73.2005739, 22.229222600000003], [73.20070270000001, 22.229262299999995], [73.201046, 22.2292623], [73.2013035, 22.229182900000005], [73.2013464, 22.229222600000007], [73.20138929999999, 22.229143199999996], [73.2014322, 22.2292226], [73.20147509999998, 22.2291432], [73.201561, 22.2291034], [73.20181849999999, 22.229143199999996], [73.2018614, 22.2291034], [73.20194719999999, 22.229143200000006], [73.20207599999999, 22.229143199999992], [73.2021189, 22.2291829], [73.20224759999999, 22.229182899999998], [73.20254800000001, 22.229302099999995], [73.2026339, 22.229381499999995], [73.20271969999999, 22.2293815], [73.20282699999998, 22.229282199999997], [73.2029128, 22.229123300000005], [73.20291279999998, 22.22876579999999], [73.20280549999998, 22.228586999999997], [73.2026553, 22.228606900000003], [73.20267679999999, 22.228745899999993], [73.20259089999999, 22.228666399999994], [73.2024193, 22.2286664], [73.2022905, 22.2287459], [73.2021618, 22.228666399999998], [73.20203299999999, 22.2286664], [73.20181849999999, 22.22878559999999], [73.20173259999999, 22.22878559999999], [73.2014322, 22.228745900000007], [73.20132489999999, 22.228646600000005], [73.2014108, 22.2285274], [73.2013464, 22.2284281], [73.20126059999998, 22.228587], [73.2011962, 22.2285274], [73.201282, 22.228288999999993], [73.2012391, 22.228249300000005], [73.20123909999998, 22.2281301], [73.20145369999999, 22.228090399999996], [73.20141080000002, 22.228010999999995], [73.20145369999999, 22.227931499999997], [73.2013893, 22.227832200000005], [73.20128199999999, 22.22781229999999], [73.20136789999998, 22.227772599999994], [73.20128199999999, 22.227732899999996], [73.2013249, 22.227653399999994], [73.20121769999999, 22.2275938], [73.20117470000001, 22.227633600000008], [73.20113179999998, 22.2275938], [73.20104599999999, 22.2275938], [73.20106740000001, 22.227534300000002], [73.20097229999999, 22.227401399999998], [73.2008824, 22.227473399999997], [73.2009816, 22.227613699999992], [73.2008958, 22.227653399999998], [73.20093869999998, 22.227693200000004], [73.2008529, 22.227732899999996], [73.20081, 22.227812299999997], [73.2008529, 22.22801099999999], [73.20081, 22.2280507], [73.20076700000001, 22.2282493], [73.20081, 22.2283685]]]}}, {"type": "Feature", "properties": {"layer": "highway", "name": "", "osm": "way/28840204", "distance_m": 1829.2}, "geometry": {"type": "LineString", "coordinates": [[73.186911, 22.2217875], [73.1867864, 22.221939699999997], [73.1866971, 22.222399800000005], [73.1867108, 22.223045400000004], [73.18679570000002, 22.223705000000002], [73.18695330000001, 22.2249287], [73.1869707, 22.2250882], [73.1869889, 22.225319600000002], [73.1870052, 22.225527199999995]]}}, {"type": "Feature", "properties": {"layer": "highway", "name": "NH48", "osm": "way/29137887", "distance_m": 1982.2}, "geometry": {"type": "LineString", "coordinates": [[73.1875912, 22.220138399999996], [73.1876557, 22.219928799999998], [73.1877235, 22.219661899999995], [73.1878545, 22.2192062], [73.18802420000002, 22.2187278], [73.18832970000001, 22.218089100000007], [73.188499, 22.2177994], [73.1887462, 22.2173558], [73.1889353, 22.216999299999994], [73.18914640000001, 22.2166355], [73.18921559999998, 22.216516199999994], [73.18947570000002, 22.216034900000004], [73.1895891, 22.215745499999997], [73.1896715, 22.2155351], [73.1897482, 22.215255599999995], [73.1898902, 22.214717999999998], [73.1901523, 22.213146599999998], [73.1903255, 22.212111499999995], [73.1903456, 22.211989300000003], [73.190546, 22.2107702], [73.19063495060048, 22.2102292851522]]}}, {"type": "Feature", "properties": {"layer": "highway", "name": "NH48", "osm": "way/29137904", "distance_m": 1990.9}, "geometry": {"type": "LineString", "coordinates": [[73.18734069999998, 22.2201088], [73.1871339, 22.220774900000002]]}}, {"type": "Feature", "properties": {"layer": "highway", "name": "Vadodara Bypass", "osm": "way/29137905", "distance_m": 1964.3}, "geometry": {"type": "LineString", "coordinates": [[73.1871339, 22.220774900000002], [73.18707079999999, 22.2210672], [73.18701710000002, 22.221287799999995], [73.186947, 22.221619400000005], [73.186911, 22.2217875]]}}, {"type": "Feature", "properties": {"layer": "highway", "name": "NH48", "osm": "way/29137912", "distance_m": 1962.8}, "geometry": {"type": "LineString", "coordinates": [[73.18736290000001, 22.2209163], [73.1875912, 22.220138399999996]]}}, {"type": "Feature", "properties": {"layer": "highway", "name": "Vadodara Bypass Flyover", "osm": "way/29154223", "distance_m": 1404.3}, "geometry": {"type": "LineString", "coordinates": [[73.19083260000001, 22.227433099999995], [73.1903666, 22.2272728]]}}, {"type": "Feature", "properties": {"layer": "highway", "name": "Vadodara Bypass", "osm": "way/29154231", "distance_m": 69.0}, "geometry": {"type": "LineString", "coordinates": [[73.1918477, 22.227900699999996], [73.1921269, 22.2279984], [73.19453690000002, 22.228935800000002], [73.1955139, 22.2293419], [73.19657040000001, 22.229769799999993], [73.197716, 22.230239299999994], [73.1992539, 22.230863800000005], [73.1994752, 22.230953999999997], [73.19959049999999, 22.2310035], [73.1998415, 22.231121499999997], [73.1999295, 22.231149699999996], [73.2016774, 22.231880300000004], [73.2025042, 22.2322178], [73.2030926, 22.232482100000002], [73.20361450000001, 22.23275389999999], [73.20404059999998, 22.233011000000005], [73.2043966, 22.23327619999999], [73.2048619, 22.2336989], [73.2051924, 22.2340427], [73.2061371, 22.235047699999996], [73.2068555, 22.235801400000007], [73.20695920000001, 22.235914], [73.2073379, 22.236343899999998], [73.2081043, 22.237156100000004], [73.20818380000001, 22.237242399999996], [73.20831220000001, 22.237379800000003], [73.2109269, 22.240178099999998], [73.211169, 22.240454899999996], [73.2135205, 22.242992600000008], [73.2136187, 22.243098600000003], [73.2153051, 22.245022800000005], [73.2156041, 22.245363899999997], [73.2167421, 22.246644399999997]]}}, {"type": "Feature", "properties": {"layer": "highway", "name": "", "osm": "way/180175367", "distance_m": 1294.6}, "geometry": {"type": "LineString", "coordinates": [[73.18679570000002, 22.223705000000002], [73.1870344, 22.224439799999992], [73.1873333, 22.2250503], [73.18750709999999, 22.225308599999998], [73.18755560000001, 22.2253807], [73.1876115, 22.225463700000002], [73.1877262, 22.225623], [73.18795500000002, 22.225940700000002], [73.18844080000001, 22.226427900000004], [73.1885321, 22.226519400000004], [73.1888299, 22.2267271], [73.1890611, 22.226888299999995], [73.1894424, 22.2271427], [73.1895854, 22.227204200000003], [73.1899638, 22.2273669], [73.1905314, 22.227584700000005], [73.19095050000001, 22.227718200000005], [73.19151729999999, 22.227908999999993], [73.1918477, 22.227900699999996]]}}, {"type": "Feature", "properties": {"layer": "highway", "name": "", "osm": "way/180175368", "distance_m": 1273.5}, "geometry": {"type": "LineString", "coordinates": [[73.1920633, 22.227809700000005], [73.1919597, 22.227708899999993], [73.1919039, 22.227684599999996], [73.19144550000001, 22.227523900000005], [73.19069730000001, 22.227254100000003], [73.1900609, 22.2270157], [73.1900095, 22.226993100000005], [73.189682, 22.226849299999998], [73.1891622, 22.22653], [73.1886861, 22.226170299999996], [73.1883169, 22.225815000000004], [73.18800110000001, 22.225414800000003], [73.18793140000001, 22.225311], [73.1878827, 22.225238399999995], [73.1878436, 22.2251801], [73.1876028, 22.224821199999997], [73.187355, 22.224281499999993], [73.1873024, 22.224067399999992], [73.1872335, 22.223786799999992], [73.1871795, 22.223536800000005], [73.1871072, 22.2232022], [73.1870927, 22.2225051], [73.1871288, 22.222106100000005], [73.1870707, 22.2219124]]}}, {"type": "Feature", "properties": {"layer": "highway", "name": "", "osm": "way/180175369", "distance_m": 1794.9}, "geometry": {"type": "LineString", "coordinates": [[73.1870052, 22.225527199999995], [73.18703329999998, 22.225677399999995], [73.187086, 22.225959099999997], [73.18714460000001, 22.2265241]]}}, {"type": "Feature", "properties": {"layer": "highway", "name": "Makarpura Main Road", "osm": "way/180175370", "distance_m": 1715.1}, "geometry": {"type": "LineString", "coordinates": [[73.19856482850413, 22.255804275924532], [73.198469, 22.255519099999997], [73.19832050000001, 22.2550774], [73.1981571, 22.254591200000004], [73.1980261, 22.254201299999995], [73.1979312, 22.253918999999996], [73.1975565, 22.2528019], [73.19712820000001, 22.2515249], [73.1968807, 22.250787000000003], [73.196589, 22.249917399999998], [73.1965109, 22.249684699999996], [73.1963005, 22.249057400000005], [73.1962623, 22.2489367], [73.1960208, 22.248173500000004], [73.1959628, 22.247964], [73.1956488, 22.2469976], [73.1956172, 22.2468977], [73.1954937, 22.2465073], [73.1953563, 22.246269], [73.1952331, 22.246111499999994], [73.1951761, 22.246038599999995], [73.19489280000002, 22.245697], [73.1947793, 22.245603300000003], [73.194498, 22.245371300000002], [73.1941204, 22.245148899999997], [73.1939062, 22.245067699999996], [73.1937372, 22.2449981], [73.1936054, 22.2449661], [73.1928844, 22.244807299999998], [73.19236870000002, 22.244690999999996], [73.19224509999998, 22.2446631], [73.1917309, 22.244547099999995], [73.19119349999998, 22.244425900000007], [73.1911437, 22.2444097], [73.1908801, 22.244323799999997], [73.1907301, 22.244274999999995], [73.19039529999999, 22.244139900000008], [73.1901035, 22.243957200000004], [73.189846, 22.243726799999997], [73.1895971, 22.243425000000006], [73.18942410000001, 22.243224300000005], [73.1892538, 22.242988], [73.1887216, 22.2419711], [73.1885843, 22.24159769999999], [73.188565, 22.241389599999998], [73.1885687, 22.2413278], [73.1885729, 22.2412572], [73.1885929, 22.240962200000002], [73.1888454, 22.239937199999996], [73.1888761, 22.239754599999998], [73.1889131, 22.239275499999998], [73.1889223, 22.2391297], [73.1889362, 22.2388648], [73.1889317, 22.238782599999986], [73.1889238, 22.238561599999997], [73.188919, 22.2384279], [73.18890550000002, 22.238345099999997], [73.188868, 22.238118499999995], [73.1888365, 22.2379043], [73.18875649999998, 22.237503599999997], [73.1887367, 22.2374158], [73.1886565, 22.2368587], [73.18843930000001, 22.235301299999996], [73.18832840000002, 22.23461169999999], [73.1880536, 22.23260700000001], [73.1880076, 22.232145800000005], [73.1879942, 22.232050600000004], [73.1879124, 22.231583099999998], [73.1878387, 22.230914], [73.1876396, 22.2294571], [73.1875283, 22.228521500000003], [73.1873934, 22.227651599999994], [73.187288, 22.227249999999998], [73.18727870000001, 22.227179599999996], [73.18720880000001, 22.226502000000004]]}}, {"type": "Feature", "properties": {"layer": "highway", "name": "", "osm": "way/180175371", "distance_m": 1754.3}, "geometry": {"type": "LineString", "coordinates": [[73.1871399, 22.225716499999997], [73.1872978, 22.225581599999998], [73.187429, 22.22553889999999], [73.18756020000001, 22.225550100000003], [73.1877262, 22.225623]]}}, {"type": "Feature", "properties": {"layer": "highway", "name": "", "osm": "way/180175372", "distance_m": 1753.7}, "geometry": {"type": "LineString", "coordinates": [[73.1878436, 22.2251801], [73.18750709999999, 22.225308599999998], [73.1874047, 22.225347699999997], [73.1871812, 22.2254826], [73.1870841, 22.225538899999993]]}}, {"type": "Feature", "properties": {"layer": "highway", "name": "", "osm": "way/180175373", "distance_m": 1816.8}, "geometry": {"type": "LineString", "coordinates": [[73.1870344, 22.224439799999992], [73.187191, 22.22483280000001], [73.18722500000001, 22.225026200000002], [73.1872031, 22.225203800000003], [73.187174, 22.2253342], [73.1870841, 22.225538899999993], [73.18703329999998, 22.225677399999995]]}}, {"type": "Feature", "properties": {"layer": "highway", "name": "", "osm": "way/180175375", "distance_m": 1748.2}, "geometry": {"type": "LineString", "coordinates": [[73.18720880000001, 22.226502000000004], [73.1871667, 22.226103200000004], [73.1871424, 22.2258402], [73.1871399, 22.225716499999997], [73.1872104, 22.225590599999997], [73.1873003, 22.22550740000001], [73.18749699999998, 22.2254062], [73.18755560000001, 22.2253807], [73.1878827, 22.225238399999995]]}}, {"type": "Feature", "properties": {"layer": "highway", "name": "Vadodara Bypass Flyover", "osm": "way/180175376", "distance_m": 1454.3}, "geometry": {"type": "LineString", "coordinates": [[73.1903666, 22.2272728], [73.18988600000002, 22.2270593], [73.18934550000002, 22.226774200000005], [73.1891032, 22.226606], [73.18868739999999, 22.226286700000003], [73.1882605, 22.2258714], [73.1880176, 22.22560509999999], [73.1877595, 22.225248199999996], [73.18752649999999, 22.2248474], [73.1873986, 22.224619799999996], [73.1873256, 22.2244434], [73.1871291, 22.2238649], [73.1870413, 22.223431699999995], [73.18699890000002, 22.222985700000013]]}}, {"type": "Feature", "properties": {"layer": "highway", "name": "Vadodara Bypass Flyover", "osm": "way/180175377", "distance_m": 1464.2}, "geometry": {"type": "LineString", "coordinates": [[73.1868537, 22.2228107], [73.1869204, 22.223446], [73.1869891, 22.223821299999997], [73.1871164, 22.224263599999997], [73.1871955, 22.224476700000004], [73.18730199999999, 22.224695199999996], [73.18741229999999, 22.224900900000005], [73.18763900000002, 22.2252856], [73.1879222, 22.225659], [73.188143, 22.225934899999995], [73.1883773, 22.226176599999988], [73.1886627, 22.226446300000003], [73.189038, 22.2267077], [73.18937470000002, 22.2269252], [73.1897581, 22.227136199999997], [73.1902562, 22.22736679999999]]}}, {"type": "Feature", "properties": {"layer": "highway", "name": "Vadodara Bypass Flyover", "osm": "way/180175378", "distance_m": 1408.4}, "geometry": {"type": "LineString", "coordinates": [[73.1902562, 22.22736679999999], [73.19077739999999, 22.2275528]]}}, {"type": "Feature", "properties": {"layer": "highway", "name": "Vadodara Bypass", "osm": "way/180175380", "distance_m": 1943.7}, "geometry": {"type": "LineString", "coordinates": [[73.1870707, 22.2219124], [73.1872074, 22.2214024], [73.18736290000001, 22.2209163]]}}, {"type": "Feature", "properties": {"layer": "highway", "name": "Vadodara Bypass", "osm": "way/219869069", "distance_m": 2337.0}, "geometry": {"type": "LineString", "coordinates": [[73.2207815, 22.252194299999996], [73.2213836, 22.2529867], [73.22169413586782, 22.25337870217515]]}}, {"type": "Feature", "properties": {"layer": "highway", "name": "Vadodara Bypass", "osm": "way/219869070", "distance_m": 2336.6}, "geometry": {"type": "LineString", "coordinates": [[73.22182461731232, 22.253304188184604], [73.2214511, 22.252873700000002], [73.2208897, 22.2521252]]}}, {"type": "Feature", "properties": {"layer": "highway", "name": "Vadodara Bypass", "osm": "way/219869073", "distance_m": 52.6}, "geometry": {"type": "LineString", "coordinates": [[73.2168412, 22.246571799999995], [73.2157311, 22.245278599999995], [73.2153944, 22.2448916], [73.21377870000002, 22.243034600000005], [73.2128835, 22.242074000000002], [73.2118924, 22.241010399999997], [73.211446, 22.240531399999995], [73.2112951, 22.240369500000007], [73.21055500000001, 22.2395667], [73.2101587, 22.2391368], [73.2099139, 22.238871300000003], [73.2095005, 22.2384228], [73.2092199, 22.238123899999994], [73.20874260000001, 22.237615500000004], [73.2082943, 22.237137999999995], [73.2080754, 22.236904199999998], [73.207379, 22.236160399999996], [73.2069807, 22.235735], [73.2068581, 22.2356025], [73.205338, 22.2339596], [73.2052164, 22.2338407], [73.2050091, 22.233622899999997], [73.2045166, 22.2331691], [73.2041591, 22.232892100000004], [73.2037768, 22.232648500000003], [73.2037169, 22.232618399999993], [73.2031796, 22.232348499999993], [73.2026287, 22.2321025], [73.202368, 22.231992099999996], [73.20176429999998, 22.2317366], [73.200941, 22.231401900000005], [73.2000242, 22.2310185], [73.1999385, 22.230986299999998], [73.19949870000002, 22.230812600000004], [73.1987318, 22.2305015], [73.19812699999999, 22.2302561], [73.1975779, 22.230033400000003], [73.1966527, 22.22965799999999], [73.19561859999999, 22.2292342], [73.1945951, 22.228806600000002], [73.1920633, 22.227809700000005]]}}, {"type": "Feature", "properties": {"layer": "highway", "name": "Vadodara Bypass", "osm": "way/219869078", "distance_m": 1594.9}, "geometry": {"type": "LineString", "coordinates": [[73.2167421, 22.246644399999997], [73.2170992, 22.2470935], [73.2178769, 22.248120299999997], [73.2201431, 22.251287100000003], [73.2207815, 22.252194299999996]]}}, {"type": "Feature", "properties": {"layer": "highway", "name": "Vadodara Bypass", "osm": "way/219869080", "distance_m": 1593.6}, "geometry": {"type": "LineString", "coordinates": [[73.2208897, 22.2521252], [73.2206359, 22.2517903], [73.2202693, 22.2512509], [73.2192964, 22.249827499999995], [73.2180173, 22.248084699999996], [73.2172519, 22.24706730000001], [73.2168412, 22.246571799999995]]}}, {"type": "Feature", "properties": {"layer": "highway", "name": "Susen Tarsali Ring Road", "osm": "way/552709326", "distance_m": 2384.4}, "geometry": {"type": "LineString", "coordinates": [[73.2151971112773, 22.256196024047007], [73.2147087, 22.256160599999998], [73.2139131, 22.256102799999997], [73.2131053, 22.2560811], [73.2124354, 22.256050500000004], [73.212004, 22.2560308], [73.2113403, 22.255992399999997], [73.2112691, 22.255994899999994], [73.2106704, 22.2560489], [73.2098517, 22.256135699999998], [73.2097665, 22.256144699999997], [73.2096604, 22.2561557], [73.2090855, 22.256215499999996], [73.2085109, 22.256275300000006], [73.2083932, 22.256287600000004], [73.2080372, 22.2563402], [73.207705, 22.256389300000002], [73.2067796, 22.256526000000004], [73.2067582, 22.2565281], [73.20672450000002, 22.2565313], [73.2060694, 22.2565947], [73.2059384, 22.256607399999996], [73.2054924, 22.2566506], [73.2053612, 22.256663299999992], [73.2053033, 22.256668899999998], [73.2049736, 22.256702400000005], [73.2038702, 22.2568143], [73.2034187, 22.2568601], [73.20302985186903, 22.256899510957794]]}}, {"type": "Feature", "properties": {"layer": "highway", "name": "NH48", "osm": "way/914556470", "distance_m": 2006.4}, "geometry": {"type": "LineString", "coordinates": [[73.1904585403638, 22.21034184180691], [73.19045180000002, 22.2103837], [73.1904047, 22.210677], [73.1902519, 22.211628000000005], [73.19019200000001, 22.2119844], [73.1900806, 22.212646799999995], [73.1897721, 22.214501299999995], [73.1897363, 22.2147163], [73.1896175, 22.215230599999995], [73.18953740000002, 22.2154992], [73.1893519, 22.215930999999998], [73.189318, 22.215996699999998], [73.1892813, 22.216067700000007], [73.189092, 22.216434499999995], [73.188795, 22.216947600000005], [73.1884801, 22.217538600000005], [73.1882287, 22.2179977], [73.1881333, 22.218169299999992], [73.1880166, 22.218380800000002], [73.1877162, 22.219048299999987], [73.1874673, 22.219652099999998], [73.18734069999998, 22.2201088]]}}, {"type": "Feature", "properties": {"layer": "highway", "name": "Susen Tarsali Ring Road", "osm": "way/915060887", "distance_m": 2397.5}, "geometry": {"type": "LineString", "coordinates": [[73.20344426046657, 22.256966510512264], [73.2040363, 22.2569112], [73.2048336, 22.256836799999995], [73.2052386, 22.256795999999998], [73.20550690000002, 22.256768900000004], [73.2057991, 22.2567372], [73.2060808, 22.256706599999998], [73.2064611, 22.256663999999994], [73.2067825, 22.256628], [73.2068536, 22.25662], [73.2069268, 22.256609900000008], [73.2080562, 22.256451399999996], [73.2090822, 22.2563287], [73.209848, 22.256252399999994], [73.210681, 22.256169099999997], [73.2112786, 22.256130499999998], [73.2113582, 22.256131700000005], [73.2120082, 22.256166499999996], [73.2129469, 22.256228599999996], [73.2136014, 22.256250899999998], [73.2139059, 22.256249799999996], [73.2142773, 22.2562484], [73.2147467, 22.256265800000005], [73.21493474775266, 22.256275885425694]]}}, {"type": "Feature", "properties": {"layer": "highway", "name": "Makarpura Main Road", "osm": "way/917800519", "distance_m": 1727.4}, "geometry": {"type": "LineString", "coordinates": [[73.18714460000001, 22.2265241], [73.187236, 22.22725579999999], [73.1874177, 22.2285283], [73.1876447, 22.230330300000002], [73.1877221, 22.2309498], [73.1877656, 22.231253], [73.1878817, 22.232062399999997], [73.1878933, 22.232152399999993], [73.187994, 22.232854699999994], [73.1881146, 22.233695400000002], [73.1882119, 22.234362], [73.1883207, 22.235090800000005], [73.18835320000001, 22.2353006], [73.1884021, 22.235654299999997], [73.18859159999998, 22.2370242], [73.1886361, 22.237424599999997], [73.18865309999998, 22.237515499999997], [73.1887888, 22.2383367], [73.18878950000001, 22.2389448], [73.18879690000001, 22.2393947], [73.1887964, 22.239527100000007], [73.1887787, 22.2396942], [73.1887365, 22.239924899999995], [73.1886509, 22.240224299999998], [73.188591, 22.2404973], [73.18846550000002, 22.241384699999998], [73.18848620000001, 22.241680699999996], [73.1885023, 22.2417765], [73.1885336, 22.241873399999996], [73.18901910000001, 22.242828999999997], [73.1890582, 22.242902099999995], [73.18909519999998, 22.242952], [73.18932670000001, 22.2433356], [73.1897971, 22.2438161], [73.1898984, 22.243921000000004], [73.1900014, 22.244011100000005], [73.190089, 22.244075799999997], [73.190175, 22.2441316], [73.19043520000001, 22.2442679], [73.1906671, 22.244355599999988], [73.1907098, 22.244370499999995], [73.190984, 22.2444545], [73.19111, 22.244493200000008], [73.1914839, 22.2446031], [73.1923293, 22.2448119], [73.1925069, 22.244855799999996], [73.1930418, 22.244973000000005], [73.19363819999998, 22.2451036], [73.1937073, 22.2451296], [73.1938187, 22.245165699999998], [73.1940427, 22.245275900000003], [73.1942743, 22.245402], [73.19436429999999, 22.245457900000005], [73.19461370000002, 22.24561999999999], [73.1951664, 22.246212699999997], [73.1951813, 22.246228699999996], [73.1952517, 22.2463187], [73.1953053, 22.246394799999997], [73.1953439, 22.246484799999998], [73.1954934, 22.246916300000002], [73.1958934, 22.248185100000004], [73.1961446, 22.248959500000005], [73.19646, 22.249932099999995], [73.1967584, 22.2508217], [73.1970081, 22.251547800000004], [73.1974438, 22.252814799999996], [73.1982157, 22.255059100000004], [73.1982313, 22.2551044], [73.19846423060213, 22.255766155480668]]}}, {"type": "Feature", "properties": {"layer": "highway", "name": "", "osm": "way/919079125", "distance_m": 1739.7}, "geometry": {"type": "LineString", "coordinates": [[73.1952517, 22.2463187], [73.1953563, 22.246269]]}}, {"type": "Feature", "properties": {"layer": "highway", "name": "", "osm": "way/923609997", "distance_m": 1919.5}, "geometry": {"type": "LineString", "coordinates": [[73.1961446, 22.248959500000005], [73.1962623, 22.2489367]]}}, {"type": "Feature", "properties": {"layer": "highway", "name": "", "osm": "way/932866087", "distance_m": 1843.0}, "geometry": {"type": "LineString", "coordinates": [[73.1923293, 22.2448119], [73.19236870000002, 22.244690999999996]]}}, {"type": "Feature", "properties": {"layer": "highway", "name": "Vadodara Bypass Flyover", "osm": "way/1316317373", "distance_m": 1935.4}, "geometry": {"type": "LineString", "coordinates": [[73.18701690000002, 22.222227400000005], [73.1870707, 22.2219124]]}}, {"type": "Feature", "properties": {"layer": "highway", "name": "Vadodara Bypass Flyover", "osm": "way/1316317374", "distance_m": 1954.3}, "geometry": {"type": "LineString", "coordinates": [[73.186911, 22.2217875], [73.18688469999998, 22.2219804], [73.1868632, 22.222125500000004]]}}, {"type": "Feature", "properties": {"layer": "highway", "name": "Vadodara Bypass Flyover", "osm": "way/1316317375", "distance_m": 1326.7}, "geometry": {"type": "LineString", "coordinates": [[73.19077739999999, 22.2275528], [73.19154720000002, 22.2277903]]}}, {"type": "Feature", "properties": {"layer": "highway", "name": "Vadodara Bypass Flyover", "osm": "way/1316317376", "distance_m": 1294.6}, "geometry": {"type": "LineString", "coordinates": [[73.19154720000002, 22.2277903], [73.1918477, 22.227900699999996]]}}, {"type": "Feature", "properties": {"layer": "highway", "name": "Vadodara Bypass Flyover", "osm": "way/1316317377", "distance_m": 1330.9}, "geometry": {"type": "LineString", "coordinates": [[73.191523, 22.227647399999995], [73.19083260000001, 22.227433099999995]]}}, {"type": "Feature", "properties": {"layer": "highway", "name": "Vadodara Bypass Flyover", "osm": "way/1316317378", "distance_m": 1273.5}, "geometry": {"type": "LineString", "coordinates": [[73.1920633, 22.227809700000005], [73.19183340000001, 22.227743800000002], [73.191523, 22.227647399999995]]}}, {"type": "Feature", "properties": {"layer": "highway", "name": "Vadodara Bypass Flyover", "osm": "way/1316317379", "distance_m": 1927.7}, "geometry": {"type": "LineString", "coordinates": [[73.1868632, 22.222125500000004], [73.1868517, 22.222432099999995], [73.1868537, 22.2228107]]}}, {"type": "Feature", "properties": {"layer": "highway", "name": "Vadodara Bypass Flyover", "osm": "way/1316317380", "distance_m": 1907.0}, "geometry": {"type": "LineString", "coordinates": [[73.18699890000002, 22.222985700000013], [73.18698460000002, 22.222835099999998], [73.1869896, 22.22252629999999], [73.18701690000002, 22.222227400000005]]}}, {"type": "Feature", "properties": {"layer": "park", "name": "", "osm": "way/944622042", "distance_m": 1673.2}, "geometry": {"type": "Polygon", "coordinates": [[[73.189909, 22.236396399999997], [73.1898826, 22.2361943], [73.18942450000002, 22.236245399999994], [73.1894508, 22.236447500000004], [73.189909, 22.236396399999997]]]}}, {"type": "Feature", "properties": {"layer": "park", "name": "", "osm": "way/944622145", "distance_m": 1076.8}, "geometry": {"type": "Polygon", "coordinates": [[[73.2123035, 22.243924300000007], [73.2123247, 22.24362489999999], [73.2120964, 22.243611099999992], [73.2120752, 22.243910399999997], [73.2123035, 22.243924300000007]]]}}, {"type": "Feature", "properties": {"layer": "park", "name": "", "osm": "way/944622210", "distance_m": 471.0}, "geometry": {"type": "Polygon", "coordinates": [[[73.2015954, 22.234479800000003], [73.2013732, 22.234414200000003], [73.201312, 22.234591899999995], [73.20153419999998, 22.2346575], [73.2015954, 22.234479800000003]]]}}, {"type": "Feature", "properties": {"layer": "residential", "name": "", "osm": "way/571831295", "distance_m": 1568.0}, "geometry": {"type": "Polygon", "coordinates": [[[73.2182693, 22.245407], [73.21838, 22.2454017], [73.218381, 22.245320600000003], [73.2182664, 22.2453126], [73.2182693, 22.245407]]]}}, {"type": "Feature", "properties": {"layer": "residential", "name": "Shivam Tenaments", "osm": "way/577417464", "distance_m": 1737.0}, "geometry": {"type": "Polygon", "coordinates": [[[73.2030752, 22.250498499999996], [73.2034697, 22.250553399999998], [73.2035966, 22.250004799999992], [73.2028353, 22.2498847], [73.2027338, 22.250453999999998], [73.2030752, 22.250498499999996]]]}}, {"type": "Feature", "properties": {"layer": "residential", "name": "", "osm": "way/623473827", "distance_m": 2322.2}, "geometry": {"type": "Polygon", "coordinates": [[[73.22534810000002, 22.250608899999996], [73.22339, 22.2505338], [73.222557, 22.250844200000007], [73.2221514, 22.251505], [73.2221243, 22.2521709], [73.2232868172, 22.25232461374848], [73.22389028407312, 22.251905169209135], [73.22535582281105, 22.25067823676963], [73.22534810000002, 22.250608899999996]]]}}, {"type": "Feature", "properties": {"layer": "residential", "name": "", "osm": "way/623473828", "distance_m": 2229.6}, "geometry": {"type": "Polygon", "coordinates": [[[73.2259017458425, 22.250166959470683], [73.22632911613482, 22.249735777560943], [73.2263758, 22.249512500000005], [73.22653680572934, 22.24952623426453], [73.22719769932768, 22.24885943601513], [73.2273857847462, 22.24862911793705], [73.2273603, 22.2485163], [73.227494250185, 22.24849629724793], [73.22809943907411, 22.247755210937044], [73.2276794, 22.2476702], [73.2270195, 22.2462484], [73.2262893, 22.245957999999998], [73.2257484, 22.246819100000007], [73.225413, 22.247219599999994], [73.2251155, 22.249041899999998], [73.2254779, 22.250208399999995], [73.2259017458425, 22.250166959470683]]]}}, {"type": "Feature", "properties": {"layer": "residential", "name": "", "osm": "way/623473830", "distance_m": 1435.3}, "geometry": {"type": "Polygon", "coordinates": [[[73.1895937, 22.226525300000002], [73.1900626, 22.2264235], [73.1900109, 22.2257888], [73.19090670000001, 22.2256301], [73.1910102, 22.224567300000007], [73.19013049999998, 22.224567299999997], [73.19002710000001, 22.225004400000003], [73.1890568, 22.225094200000004], [73.1889533, 22.2258996], [73.1895937, 22.226525300000002]]]}}, {"type": "Feature", "properties": {"layer": "residential", "name": "Aatmiya Heights", "osm": "way/944622038", "distance_m": 1612.3}, "geometry": {"type": "Polygon", "coordinates": [[[73.1904048, 22.23672289999999], [73.1902518, 22.2355529], [73.1892599, 22.235663999999996], [73.1893048, 22.236008], [73.18877890000002, 22.2360669], [73.1888869, 22.236892899999997], [73.1904048, 22.23672289999999]]]}}, {"type": "Feature", "properties": {"layer": "residential", "name": "Shree Siddheshwar Hari", "osm": "way/944622133", "distance_m": 1382.3}, "geometry": {"type": "Polygon", "coordinates": [[[73.2140359, 22.2468796], [73.2149345, 22.24718], [73.2150793, 22.246653699999996], [73.2154226, 22.246425299999995], [73.2156935, 22.246772899999996], [73.2161173, 22.246519599999996], [73.215428, 22.245663199999996], [73.2143176, 22.245710300000002], [73.2140359, 22.2468796]]]}}, {"type": "Feature", "properties": {"layer": "residential", "name": "Mangla Marvel Towers", "osm": "way/944622142", "distance_m": 1272.2}, "geometry": {"type": "Polygon", "coordinates": [[[73.2127109, 22.245735099999994], [73.2119894, 22.2455241], [73.2117185, 22.246326], [73.2120457, 22.246614000000005], [73.2127109, 22.245735099999994]]]}}, {"type": "Feature", "properties": {"layer": "residential", "name": "Mangla Greens", "osm": "way/944622178", "distance_m": 977.6}, "geometry": {"type": "Polygon", "coordinates": [[[73.2110506, 22.243895600000005], [73.2116407, 22.2442183], [73.2115281, 22.24538509999999], [73.2125527, 22.2455341], [73.2126385, 22.244263], [73.2134163, 22.244307699999993], [73.2134217, 22.2441637], [73.2127941, 22.2434487], [73.21243730000002, 22.2430142], [73.21218250000001, 22.243287300000002], [73.2118258, 22.243264999999997], [73.2117775, 22.2430688], [73.211174, 22.242972000000005], [73.2110506, 22.243895600000005]]]}}, {"type": "Feature", "properties": {"layer": "residential", "name": "Swami Enclave", "osm": "way/944622209", "distance_m": 811.5}, "geometry": {"type": "Polygon", "coordinates": [[[73.21010650000001, 22.2430465], [73.2097833, 22.241781600000003], [73.2091047, 22.241949199999993], [73.2096344, 22.2434785], [73.21010650000001, 22.2430465]]]}}, {"type": "Feature", "properties": {"layer": "residential", "name": "Surya Darshan", "osm": "way/944622248", "distance_m": 424.5}, "geometry": {"type": "Polygon", "coordinates": [[[73.20198209999998, 22.23409140000001], [73.2014671, 22.2338338], [73.2009655, 22.2350752], [73.2015476, 22.235176400000007], [73.20198209999998, 22.23409140000001]]]}}, {"type": "Feature", "properties": {"layer": "residential", "name": "Radhe Residency", "osm": "way/944622249", "distance_m": 702.9}, "geometry": {"type": "Polygon", "coordinates": [[[73.199482, 22.2366863], [73.19957080000002, 22.2365816], [73.1996566, 22.2363259], [73.1996083, 22.235730000000004], [73.1988253, 22.2357744], [73.19888949999999, 22.23674550000001], [73.199482, 22.2366863]]]}}, {"type": "Feature", "properties": {"layer": "residential", "name": "", "osm": "way/981223411", "distance_m": 2319.9}, "geometry": {"type": "Polygon", "coordinates": [[[73.2315749, 22.2377286], [73.23257468221037, 22.237704739232903], [73.23266921062917, 22.23720414658708], [73.2327955507325, 22.235715181938946], [73.2325754, 22.2357027], [73.2325566, 22.235573599999995], [73.2314086, 22.235543800000006], [73.2313898, 22.235665500000003], [73.23107330000002, 22.235643100000004], [73.2311887, 22.236445100000005], [73.2311377, 22.237316500000002], [73.23119939999998, 22.237415799999997], [73.2315749, 22.2377286]]]}}, {"type": "Feature", "properties": {"layer": "residential", "name": "Bakeri Swara", "osm": "way/1268977447", "distance_m": 2081.1}, "geometry": {"type": "Polygon", "coordinates": [[[73.1867687, 22.240350299999996], [73.1867754, 22.2400527], [73.1865936, 22.2400386], [73.1866496, 22.2388152], [73.1855959, 22.238763799999997], [73.18553180000002, 22.23883929999999], [73.18531149999998, 22.239100100000005], [73.1853061, 22.239691], [73.1857782, 22.2397158], [73.1857621, 22.2402769], [73.1867687, 22.240350299999996]]]}}, {"type": "Feature", "properties": {"layer": "residential", "name": "Bakeri group", "osm": "way/1272468375", "distance_m": 1941.5}, "geometry": {"type": "Polygon", "coordinates": [[[73.18762509999999, 22.240399699999998], [73.1879106, 22.240521700000002], [73.18853170000001, 22.2404694], [73.1885913, 22.240251599999993], [73.1868063, 22.240126799999995], [73.1867906, 22.240347399999997], [73.18762509999999, 22.240399699999998]]]}}, {"type": "Feature", "properties": {"layer": "residential", "name": "Shivabhi Society", "osm": "way/1272468376", "distance_m": 1893.3}, "geometry": {"type": "Polygon", "coordinates": [[[73.1885779, 22.2398708], [73.1885854, 22.238931199999996], [73.1881542, 22.2389125], [73.1874889, 22.238869499999996], [73.1867938, 22.238824599999997], [73.1866496, 22.2388152], [73.1865936, 22.2400386], [73.1885055, 22.240181], [73.1885779, 22.2398708]]]}}, {"type": "Feature", "properties": {"layer": "residential", "name": "Vajrabhumi Society", "osm": "way/1272468377", "distance_m": 2249.0}, "geometry": {"type": "Polygon", "coordinates": [[[73.1847714, 22.239865], [73.1847597, 22.2405251], [73.1849327, 22.240674500000004], [73.1852928, 22.240639799999997], [73.18528579999999, 22.2398715], [73.1847714, 22.239865]]]}}, {"type": "Feature", "properties": {"layer": "residential", "name": "Pavitra township", "osm": "way/1272505468", "distance_m": 1889.3}, "geometry": {"type": "Polygon", "coordinates": [[[73.1868686, 22.2377049], [73.1867938, 22.238824599999997], [73.1874889, 22.238869499999996], [73.18848900000002, 22.238913700000005], [73.1883338, 22.2379694], [73.1881318, 22.23795129999999], [73.1881557, 22.237716000000002], [73.1878028, 22.2376963], [73.18768929999999, 22.237689999999997], [73.1876918, 22.2375592], [73.1869086, 22.237490800000003], [73.1868686, 22.2377049]]]}}, {"type": "Feature", "properties": {"layer": "residential", "name": "Ambica Niketan Society", "osm": "way/1273971694", "distance_m": 2010.8}, "geometry": {"type": "Polygon", "coordinates": [[[73.185695, 22.237376099999995], [73.1856045, 22.237968799999994], [73.18559900000001, 22.2387519], [73.1855959, 22.238763799999997], [73.1866496, 22.2388152], [73.1867938, 22.238824599999997], [73.1868686, 22.2377049], [73.1869086, 22.237490800000003], [73.18689889999999, 22.237457400000004], [73.185695, 22.237376099999995]]]}}, {"type": "Feature", "properties": {"layer": "residential", "name": "Samnidhi Society", "osm": "way/1273971695", "distance_m": 2265.5}, "geometry": {"type": "Polygon", "coordinates": [[[73.18427730000002, 22.240693199999995], [73.1842278, 22.2400885], [73.1843862, 22.2400812], [73.18475449999998, 22.240079300000005], [73.1847714, 22.239865], [73.18479210000001, 22.239811799999995], [73.18482770000001, 22.2389193], [73.1843896, 22.2388913], [73.18425360000002, 22.238881099999997], [73.1842456, 22.2390567], [73.1842318, 22.2393848], [73.18355070000001, 22.239379299999992], [73.18355419999999, 22.239189000000003], [73.18338619999999, 22.2391921], [73.1833906, 22.238759800000008], [73.1833309, 22.238757999999997], [73.1828755, 22.238763499999997], [73.1828835, 22.238906500000002], [73.1829211, 22.239366399999998], [73.1829132, 22.239738499999998], [73.18293052103846, 22.240388141480746], [73.18303276580723, 22.240701755136932], [73.18427730000002, 22.240693199999995]]]}}, {"type": "Feature", "properties": {"layer": "residential", "name": "", "osm": "way/1273971696", "distance_m": 2217.0}, "geometry": {"type": "Polygon", "coordinates": [[[73.1849947, 22.2380408], [73.1847946, 22.2380011], [73.1847851, 22.238045199999995], [73.1844992, 22.238005500000007], [73.1843896, 22.2388913], [73.18482770000001, 22.2389193], [73.18484539999999, 22.238922900000006], [73.1849947, 22.2380408]]]}}, {"type": "Feature", "properties": {"layer": "residential", "name": "Sanskruti Darshan Society", "osm": "way/1273971697", "distance_m": 2249.8}, "geometry": {"type": "Polygon", "coordinates": [[[73.1844992, 22.238005500000007], [73.1845342, 22.237755599999993], [73.1841577, 22.2376954], [73.1841234, 22.238217], [73.1839042, 22.238187200000002], [73.1839243, 22.2384804], [73.1839307, 22.2388567], [73.18425360000002, 22.238881099999997], [73.1843896, 22.2388913], [73.1844992, 22.238005500000007]]]}}, {"type": "Feature", "properties": {"layer": "residential", "name": "Vraj Darshan Society", "osm": "way/1273971698", "distance_m": 2270.3}, "geometry": {"type": "Polygon", "coordinates": [[[73.1839307, 22.2388567], [73.1839243, 22.2384804], [73.1839042, 22.238187200000002], [73.1841234, 22.238217], [73.1841577, 22.2376954], [73.1841918, 22.237423900000003], [73.1834354, 22.237337100000005], [73.1833906, 22.238759800000008], [73.18362360000002, 22.238752599999998], [73.18362089999998, 22.2388319], [73.1839307, 22.2388567]]]}}, {"type": "Feature", "properties": {"layer": "residential", "name": "Jambuva Housing society", "osm": "way/1283480236", "distance_m": 1797.6}, "geometry": {"type": "Polygon", "coordinates": [[[73.1956582, 22.214732099999992], [73.1961246, 22.2138039], [73.1961304, 22.213075299999993], [73.1948479, 22.213129199999997], [73.19488870000002, 22.213803900000002], [73.1950344, 22.2138362], [73.195151, 22.214748300000007], [73.1956582, 22.214732099999992]]]}}, {"type": "Feature", "properties": {"layer": "nonresidential_zone"}, "geometry": {"type": "MultiPolygon", "coordinates": [[[[73.230333, 22.2349629], [73.2301238, 22.2349703], [73.2300943, 22.234126199999995], [73.2290402, 22.233935000000006], [73.2290643, 22.235134200000005], [73.2299978, 22.2353849], [73.2303706, 22.2353651], [73.230333, 22.2349629]]], [[[73.1845504, 22.235116800000007], [73.1847221, 22.235126699999995], [73.1852907, 22.235173900000003], [73.1852451, 22.2345085], [73.1851834, 22.2344812], [73.1845584, 22.2344613], [73.18441360000001, 22.234491099999996], [73.184419, 22.234563100000003], [73.1824797, 22.234399299999993], [73.1825092, 22.235091999999995], [73.18246359999999, 22.235998200000004], [73.18230780000002, 22.2368896], [73.1843305, 22.2370657], [73.1844968, 22.2356878], [73.1845504, 22.235116800000007]]], [[[73.1974686, 22.253245499999995], [73.1956232, 22.2475496], [73.1951683, 22.24631039999999], [73.1947477, 22.245722500000003], [73.194207, 22.2453729], [73.1936234, 22.245102799999998], [73.19109129999998, 22.2445229], [73.1900957, 22.244681800000006], [73.190851, 22.2476211], [73.18744350000001, 22.247502], [73.1875895, 22.245952900000006], [73.18729760000001, 22.245928999999997], [73.1874681, 22.24393939999999], [73.1889161, 22.243534300000007], [73.1886452, 22.242719500000007], [73.187332, 22.243005499999995], [73.1868942, 22.2427195], [73.1848343, 22.243323299999997], [73.184285, 22.242330299999995], [73.18369943318768, 22.24239723662321], [73.18395350365493, 22.24299379059394], [73.18412549833936, 22.243353426894743], [73.18531405689426, 22.24551705740589], [73.18546838238618, 22.245764193564064], [73.1867172218709, 22.24756204948757], [73.1881434213568, 22.249241686547943], [73.18973415728296, 22.250787995314607], [73.19147512454893, 22.252187065263207], [73.19335066514516, 22.253426310035994], [73.19534390901721, 22.254494580792233], [73.1955449776481, 22.254590825457164], [73.19621123525398, 22.25489781195191], [73.1964383515332, 22.254998453713288], [73.1983071226813, 22.255706621034467], [73.1974686, 22.253245499999995]]], [[[73.1827721, 22.2394988], [73.18264231608929, 22.239504127382933], [73.18282350321144, 22.240059885928396], [73.1827721, 22.2394988]]]]}}, {"type": "Feature", "properties": {"layer": "building", "distance_m": 265.3, "source": "Microsoft ML Buildings", "in_industrial_zone": false, "ghsl_2018": 0}, "geometry": {"type": "Polygon", "coordinates": [[[73.20213229999999, 22.227695199999996], [73.2020418, 22.2277067], [73.2020299, 22.2276263], [73.2021204, 22.2276148], [73.20213229999999, 22.227695199999996]]]}}, {"type": "Feature", "properties": {"layer": "building", "distance_m": 252.2, "source": "Microsoft ML Buildings", "in_industrial_zone": false, "ghsl_2018": 0}, "geometry": {"type": "Polygon", "coordinates": [[[73.20227109999999, 22.22770629999999], [73.20222749999999, 22.227703], [73.20223180000002, 22.227653699999998], [73.20227549999998, 22.227657], [73.20227109999999, 22.22770629999999]]]}}, {"type": "Feature", "properties": {"layer": "building", "distance_m": 450.2, "source": "Google Open Buildings", "in_industrial_zone": false, "ghsl_2018": 1}, "geometry": {"type": "Polygon", "coordinates": [[[73.20008299999999, 22.230007399999998], [73.20011590000001, 22.230011200000003], [73.20011139999998, 22.230045399999995], [73.20007849999999, 22.230041600000003], [73.20008299999999, 22.230007399999998]]]}}, {"type": "Feature", "properties": {"layer": "building", "distance_m": 451.1, "source": "Microsoft ML Buildings", "in_industrial_zone": false, "ghsl_2018": 1}, "geometry": {"type": "Polygon", "coordinates": [[[73.2000117, 22.2298266], [73.2000808, 22.229910299999997], [73.20004360000001, 22.229936600000002], [73.20002369999999, 22.2299125], [73.1999864, 22.2299388], [73.1999372, 22.2298793], [73.2000117, 22.2298266]]]}}, {"type": "Feature", "properties": {"layer": "building", "distance_m": 435.7, "source": "Google Open Buildings", "in_industrial_zone": false, "ghsl_2018": 1}, "geometry": {"type": "Polygon", "coordinates": [[[73.2004163, 22.23050990000001], [73.2004387, 22.230523000000005], [73.2004184, 22.2305531], [73.20039589999999, 22.230539999999994], [73.2004163, 22.23050990000001]]]}}, {"type": "Feature", "properties": {"layer": "building", "distance_m": 420.6, "source": "Google Open Buildings", "in_industrial_zone": false, "ghsl_2018": 1}, "geometry": {"type": "Polygon", "coordinates": [[[73.20044029999998, 22.230526], [73.2006367, 22.230621700000004], [73.2005398, 22.2307941], [73.2004764, 22.2307632], [73.2004917, 22.230736100000005], [73.2004725, 22.230726700000005], [73.2004572, 22.230753900000003], [73.2003434, 22.230698399999998], [73.20044029999998, 22.230526]]]}}, {"type": "Feature", "properties": {"layer": "building", "distance_m": 473.0, "source": "Google Open Buildings", "in_industrial_zone": false, "ghsl_2018": 1}, "geometry": {"type": "Polygon", "coordinates": [[[73.2000159, 22.2306469], [73.20000469999998, 22.230627199999997], [73.2000771, 22.2305916], [73.2000883, 22.230611200000006], [73.2000159, 22.2306469]]]}}, {"type": "Feature", "properties": {"layer": "building", "distance_m": 491.7, "source": "OpenStreetMap", "in_industrial_zone": false, "ghsl_2018": 1}, "geometry": {"type": "Polygon", "coordinates": [[[73.2013099, 22.234683199999996], [73.2013347, 22.234611199999993], [73.2014211, 22.2346367], [73.2013963, 22.2347087], [73.2013099, 22.234683199999996]]]}}, {"type": "Feature", "properties": {"layer": "building", "distance_m": 495.8, "source": "OpenStreetMap", "in_industrial_zone": false, "ghsl_2018": 1}, "geometry": {"type": "Polygon", "coordinates": [[[73.2012851, 22.234755199999995], [73.2013099, 22.234683199999996], [73.2013963, 22.2347087], [73.20137149999998, 22.234780699999998], [73.2012851, 22.234755199999995]]]}}, {"type": "Feature", "properties": {"layer": "building", "distance_m": 492.0, "source": "OpenStreetMap", "in_industrial_zone": false, "ghsl_2018": 1}, "geometry": {"type": "Polygon", "coordinates": [[[73.2013568, 22.2348967], [73.20138169999998, 22.234824699999997], [73.201468, 22.234850199999997], [73.20144319999999, 22.234922199999996], [73.2013568, 22.2348967]]]}}, {"type": "Feature", "properties": {"layer": "building", "distance_m": 486.2, "source": "OpenStreetMap", "in_industrial_zone": false, "ghsl_2018": 1}, "geometry": {"type": "Polygon", "coordinates": [[[73.20138839999998, 22.234793700000004], [73.20141320000002, 22.2347217], [73.2014996, 22.234747199999997], [73.20147479999999, 22.234819199999993], [73.20138839999998, 22.234793700000004]]]}}, {"type": "Feature", "properties": {"layer": "building", "distance_m": 478.1, "source": "OpenStreetMap", "in_industrial_zone": false, "ghsl_2018": 1}, "geometry": {"type": "Polygon", "coordinates": [[[73.20160949999999, 22.2348615], [73.2015891, 22.234920699999996], [73.20151889999998, 22.2348999], [73.2015393, 22.234840799999994], [73.20160949999999, 22.2348615]]]}}, {"type": "Feature", "properties": {"layer": "building", "distance_m": 484.1, "source": "OpenStreetMap", "in_industrial_zone": false, "ghsl_2018": 1}, "geometry": {"type": "Polygon", "coordinates": [[[73.20157199999998, 22.234944700000003], [73.20155159999999, 22.235003799999998], [73.2014813, 22.234983099999997], [73.20150169999998, 22.2349239], [73.20157199999998, 22.234944700000003]]]}}, {"type": "Feature", "properties": {"layer": "building", "distance_m": 489.9, "source": "OpenStreetMap", "in_industrial_zone": false, "ghsl_2018": 1}, "geometry": {"type": "Polygon", "coordinates": [[[73.2015359, 22.235139799999995], [73.20146009999999, 22.235128], [73.2014741, 22.235050899999997], [73.2015499, 22.235062699999993], [73.2015359, 22.235139799999995]]]}}, {"type": "Feature", "properties": {"layer": "building", "distance_m": 496.4, "source": "OpenStreetMap", "in_industrial_zone": false, "ghsl_2018": 1}, "geometry": {"type": "Polygon", "coordinates": [[[73.201332, 22.234968699999992], [73.2013568, 22.2348967], [73.20144319999999, 22.234922199999996], [73.20141840000001, 22.234994200000003], [73.201332, 22.234968699999992]]]}}, {"type": "Feature", "properties": {"layer": "building", "distance_m": 497.0, "source": "OpenStreetMap", "in_industrial_zone": false, "ghsl_2018": 1}, "geometry": {"type": "Polygon", "coordinates": [[[73.20146009999999, 22.235128], [73.2013843, 22.2351162], [73.2013983, 22.235039199999996], [73.2014741, 22.235050899999997], [73.20146009999999, 22.235128]]]}}, {"type": "Feature", "properties": {"layer": "building", "distance_m": 474.5, "source": "OpenStreetMap", "in_industrial_zone": false, "ghsl_2018": 1}, "geometry": {"type": "Polygon", "coordinates": [[[73.20162989999999, 22.2348024], [73.20160949999999, 22.2348615], [73.2015393, 22.234840799999994], [73.2015596, 22.234781599999998], [73.20162989999999, 22.2348024]]]}}, {"type": "Feature", "properties": {"layer": "building", "distance_m": 470.6, "source": "OpenStreetMap", "in_industrial_zone": false, "ghsl_2018": 1}, "geometry": {"type": "Polygon", "coordinates": [[[73.2016511, 22.2347324], [73.20163069999998, 22.234791600000005], [73.20156039999999, 22.234770799999993], [73.2015808, 22.2347117], [73.2016511, 22.2347324]]]}}, {"type": "Feature", "properties": {"layer": "building", "distance_m": 445.4, "source": "OpenStreetMap", "in_industrial_zone": false, "ghsl_2018": 1}, "geometry": {"type": "Polygon", "coordinates": [[[73.20181199999999, 22.234291699999996], [73.2017916, 22.2343509], [73.20172140000001, 22.2343301], [73.2017418, 22.23427099999999], [73.20181199999999, 22.234291699999996]]]}}, {"type": "Feature", "properties": {"layer": "building", "distance_m": 451.4, "source": "OpenStreetMap", "in_industrial_zone": false, "ghsl_2018": 1}, "geometry": {"type": "Polygon", "coordinates": [[[73.2017694, 22.2343778], [73.20174899999999, 22.234437], [73.20167869999999, 22.234416200000002], [73.20169909999998, 22.234357100000004], [73.2017694, 22.2343778]]]}}, {"type": "Feature", "properties": {"layer": "building", "distance_m": 454.6, "source": "OpenStreetMap", "in_industrial_zone": false, "ghsl_2018": 1}, "geometry": {"type": "Polygon", "coordinates": [[[73.20174899999999, 22.234437], [73.2017286, 22.234496099999998], [73.2016583, 22.2344754], [73.20167869999999, 22.234416200000002], [73.20174899999999, 22.234437]]]}}, {"type": "Feature", "properties": {"layer": "building", "distance_m": 461.7, "source": "OpenStreetMap", "in_industrial_zone": false, "ghsl_2018": 1}, "geometry": {"type": "Polygon", "coordinates": [[[73.20154729999999, 22.234371600000003], [73.20157209999999, 22.2342996], [73.20165849999998, 22.234325100000003], [73.20163369999999, 22.234397100000006], [73.20154729999999, 22.234371600000003]]]}}, {"type": "Feature", "properties": {"layer": "building", "distance_m": 458.8, "source": "OpenStreetMap", "in_industrial_zone": false, "ghsl_2018": 1}, "geometry": {"type": "Polygon", "coordinates": [[[73.2017238, 22.234525499999997], [73.20170339999999, 22.234584699999996], [73.2016331, 22.234563899999994], [73.2016535, 22.234504799999996], [73.2017238, 22.234525499999997]]]}}, {"type": "Feature", "properties": {"layer": "building", "distance_m": 462.0, "source": "OpenStreetMap", "in_industrial_zone": false, "ghsl_2018": 1}, "geometry": {"type": "Polygon", "coordinates": [[[73.20170339999999, 22.234584699999996], [73.20168300000002, 22.234643799999997], [73.2016127, 22.2346231], [73.2016331, 22.234563899999994], [73.20170339999999, 22.234584699999996]]]}}, {"type": "Feature", "properties": {"layer": "building", "distance_m": 467.2, "source": "OpenStreetMap", "in_industrial_zone": false, "ghsl_2018": 1}, "geometry": {"type": "Polygon", "coordinates": [[[73.20167149999999, 22.2346733], [73.2016511, 22.2347324], [73.2015808, 22.2347117], [73.20160119999998, 22.234652500000003], [73.20167149999999, 22.2346733]]]}}, {"type": "Feature", "properties": {"layer": "building", "distance_m": 482.1, "source": "OpenStreetMap", "in_industrial_zone": false, "ghsl_2018": 1}, "geometry": {"type": "Polygon", "coordinates": [[[73.20141320000002, 22.2347217], [73.201438, 22.2346497], [73.20152439999998, 22.23467520000001], [73.2014996, 22.234747199999997], [73.20141320000002, 22.2347217]]]}}, {"type": "Feature", "properties": {"layer": "building", "distance_m": 482.7, "source": "Microsoft ML Buildings", "in_industrial_zone": false, "ghsl_2018": 1}, "geometry": {"type": "Polygon", "coordinates": [[[73.20144469999998, 22.234512500000005], [73.2013787, 22.234493399999998], [73.20140549999999, 22.234414199999996], [73.2014714, 22.2344333], [73.20144469999998, 22.234512500000005]]]}}, {"type": "Feature", "properties": {"layer": "building", "distance_m": 477.5, "source": "OpenStreetMap", "in_industrial_zone": false, "ghsl_2018": 1}, "geometry": {"type": "Polygon", "coordinates": [[[73.2013991, 22.234411399999995], [73.2014239, 22.2343394], [73.2015103, 22.2343649], [73.2014855, 22.2344369], [73.2013991, 22.234411399999995]]]}}, {"type": "Feature", "properties": {"layer": "building", "distance_m": 473.6, "source": "OpenStreetMap", "in_industrial_zone": false, "ghsl_2018": 1}, "geometry": {"type": "Polygon", "coordinates": [[[73.2014239, 22.2343394], [73.2014487, 22.234267399999993], [73.2015351, 22.234292900000003], [73.2015103, 22.2343649], [73.2014239, 22.2343394]]]}}, {"type": "Feature", "properties": {"layer": "building", "distance_m": 465.5, "source": "OpenStreetMap", "in_industrial_zone": false, "ghsl_2018": 1}, "geometry": {"type": "Polygon", "coordinates": [[[73.20152249999998, 22.2344436], [73.20154729999999, 22.234371600000003], [73.20163369999999, 22.234397100000006], [73.2016089, 22.2344691], [73.20152249999998, 22.2344436]]]}}, {"type": "Feature", "properties": {"layer": "building", "distance_m": 463.4, "source": "OpenStreetMap", "in_industrial_zone": false, "ghsl_2018": 1}, "geometry": {"type": "Polygon", "coordinates": [[[73.20149499999998, 22.234174199999998], [73.20151979999999, 22.234102199999995], [73.20160619999999, 22.234127800000003], [73.20158139999998, 22.2341998], [73.20149499999998, 22.234174199999998]]]}}, {"type": "Feature", "properties": {"layer": "building", "distance_m": 467.1, "source": "OpenStreetMap", "in_industrial_zone": false, "ghsl_2018": 1}, "geometry": {"type": "Polygon", "coordinates": [[[73.20147019999999, 22.234246199999998], [73.20149499999998, 22.234174199999998], [73.20158139999998, 22.2341998], [73.20155659999999, 22.2342718], [73.20147019999999, 22.234246199999998]]]}}, {"type": "Feature", "properties": {"layer": "building", "distance_m": 458.8, "source": "OpenStreetMap", "in_industrial_zone": false, "ghsl_2018": 1}, "geometry": {"type": "Polygon", "coordinates": [[[73.2015278, 22.234091099999997], [73.2015526, 22.234019099999998], [73.201639, 22.234044599999997], [73.2016142, 22.234116600000004], [73.2015278, 22.234091099999997]]]}}, {"type": "Feature", "properties": {"layer": "building", "distance_m": 455.2, "source": "OpenStreetMap", "in_industrial_zone": false, "ghsl_2018": 1}, "geometry": {"type": "Polygon", "coordinates": [[[73.2015526, 22.234019099999998], [73.2015775, 22.233947100000005], [73.2016638, 22.23397260000001], [73.201639, 22.234044599999997], [73.2015526, 22.234019099999998]]]}}, {"type": "Feature", "properties": {"layer": "building", "distance_m": 457.1, "source": "OpenStreetMap", "in_industrial_zone": false, "ghsl_2018": 1}, "geometry": {"type": "Polygon", "coordinates": [[[73.2015788, 22.2342996], [73.2016036, 22.2342276], [73.20169, 22.234253099999997], [73.2016652, 22.2343251], [73.2015788, 22.2342996]]]}}, {"type": "Feature", "properties": {"layer": "building", "distance_m": 453.2, "source": "OpenStreetMap", "in_industrial_zone": false, "ghsl_2018": 1}, "geometry": {"type": "Polygon", "coordinates": [[[73.2016036, 22.2342276], [73.20162840000002, 22.234155599999994], [73.2017148, 22.234181099999997], [73.20169, 22.234253099999997], [73.2016036, 22.2342276]]]}}, {"type": "Feature", "properties": {"layer": "building", "distance_m": 447.9, "source": "OpenStreetMap", "in_industrial_zone": false, "ghsl_2018": 1}, "geometry": {"type": "Polygon", "coordinates": [[[73.2016418, 22.234142], [73.2016666, 22.234069999999996], [73.20175300000001, 22.23409549999999], [73.20172819999999, 22.2341675], [73.2016418, 22.234142]]]}}, {"type": "Feature", "properties": {"layer": "building", "distance_m": 442.3, "source": "OpenStreetMap", "in_industrial_zone": false, "ghsl_2018": 1}, "geometry": {"type": "Polygon", "coordinates": [[[73.2018324, 22.234232600000002], [73.20181199999999, 22.234291699999996], [73.2017418, 22.23427099999999], [73.2017621, 22.234211799999994], [73.2018324, 22.234232600000002]]]}}, {"type": "Feature", "properties": {"layer": "building", "distance_m": 444.3, "source": "OpenStreetMap", "in_industrial_zone": false, "ghsl_2018": 1}, "geometry": {"type": "Polygon", "coordinates": [[[73.2016666, 22.234069999999996], [73.20169139999999, 22.233998000000003], [73.20177779999999, 22.234023500000003], [73.20175300000001, 22.23409549999999], [73.2016666, 22.234069999999996]]]}}, {"type": "Feature", "properties": {"layer": "building", "distance_m": 437.1, "source": "OpenStreetMap", "in_industrial_zone": false, "ghsl_2018": 1}, "geometry": {"type": "Polygon", "coordinates": [[[73.2018697, 22.234160099999997], [73.20184929999999, 22.234219300000003], [73.20177899999999, 22.234198500000005], [73.20179939999998, 22.234139400000007], [73.2018697, 22.234160099999997]]]}}, {"type": "Feature", "properties": {"layer": "building", "distance_m": 432.9, "source": "Google Open Buildings", "in_industrial_zone": false, "ghsl_2018": 1}, "geometry": {"type": "Polygon", "coordinates": [[[73.2019174, 22.234192599999997], [73.2019038, 22.234228999999996], [73.2018789, 22.2342209], [73.20189249999999, 22.234184499999998], [73.2019174, 22.234192599999997]]]}}, {"type": "Feature", "properties": {"layer": "building", "distance_m": 434.0, "source": "OpenStreetMap", "in_industrial_zone": false, "ghsl_2018": 1}, "geometry": {"type": "Polygon", "coordinates": [[[73.2018901, 22.234100999999995], [73.2018697, 22.234160099999997], [73.20179939999998, 22.234139400000007], [73.2018198, 22.2340802], [73.2018901, 22.234100999999995]]]}}, {"type": "Feature", "properties": {"layer": "building", "distance_m": 439.6, "source": "Google Open Buildings", "in_industrial_zone": false, "ghsl_2018": 1}, "geometry": {"type": "Polygon", "coordinates": [[[73.20187319999998, 22.2343107], [73.2018202, 22.2344527], [73.2017953, 22.234444599999996], [73.20184829999998, 22.234302600000003], [73.20187319999998, 22.2343107]]]}}, {"type": "Feature", "properties": {"layer": "building", "distance_m": 447.6, "source": "Google Open Buildings", "in_industrial_zone": false, "ghsl_2018": 1}, "geometry": {"type": "Polygon", "coordinates": [[[73.2018202, 22.2344527], [73.20179899999998, 22.2345092], [73.20177409999998, 22.234501099999996], [73.2017953, 22.234444599999996], [73.2018202, 22.2344527]]]}}, {"type": "Feature", "properties": {"layer": "building", "distance_m": 383.5, "source": "Google Open Buildings", "in_industrial_zone": false, "ghsl_2018": 0}, "geometry": {"type": "Polygon", "coordinates": [[[73.2018166, 22.232492000000004], [73.20184939999999, 22.232495999999998], [73.20184530000002, 22.232524899999998], [73.2018125, 22.2325209], [73.2018166, 22.232492000000004]]]}}, {"type": "Feature", "properties": {"layer": "building", "distance_m": 367.4, "source": "Google Open Buildings", "in_industrial_zone": false, "ghsl_2018": 0}, "geometry": {"type": "Polygon", "coordinates": [[[73.201847, 22.232213599999998], [73.20178299999999, 22.2323295], [73.20175589999998, 22.232316499999996], [73.2018198, 22.232200600000002], [73.201847, 22.232213599999998]]]}}, {"type": "Feature", "properties": {"layer": "building", "distance_m": 377.2, "source": "Microsoft ML Buildings", "in_industrial_zone": false, "ghsl_2018": 1}, "geometry": {"type": "Polygon", "coordinates": [[[73.2013718, 22.231280999999992], [73.2013418, 22.231355], [73.2012407, 22.2313199], [73.2012706, 22.231245900000005], [73.2013718, 22.231280999999992]]]}}, {"type": "Feature", "properties": {"layer": "building", "distance_m": 364.1, "source": "Microsoft ML Buildings", "in_industrial_zone": false, "ghsl_2018": 1}, "geometry": {"type": "Polygon", "coordinates": [[[73.2013973, 22.2311439], [73.2013115, 22.2311433], [73.2013136, 22.2308975], [73.2013994, 22.230898099999997], [73.2013973, 22.2311439]]]}}, {"type": "Feature", "properties": {"layer": "building", "distance_m": 385.2, "source": "Google Open Buildings", "in_industrial_zone": false, "ghsl_2018": 1}, "geometry": {"type": "Polygon", "coordinates": [[[73.2011789, 22.231061299999997], [73.2012509, 22.231064200000006], [73.2012495, 22.231092600000007], [73.2011776, 22.2310896], [73.2011789, 22.231061299999997]]]}}, {"type": "Feature", "properties": {"layer": "building", "distance_m": 408.4, "source": "Google Open Buildings", "in_industrial_zone": false, "ghsl_2018": 1}, "geometry": {"type": "Polygon", "coordinates": [[[73.2009746, 22.2311287], [73.2010272, 22.231113999999998], [73.20103910000002, 22.231150899999996], [73.2010122, 22.231158400000005], [73.2009746, 22.2311287]]]}}, {"type": "Feature", "properties": {"layer": "building", "distance_m": 338.1, "source": "Google Open Buildings", "in_industrial_zone": false, "ghsl_2018": 1}, "geometry": {"type": "Polygon", "coordinates": [[[73.2013356, 22.2305254], [73.20147329999999, 22.230536799999996], [73.2014481, 22.2308005], [73.2013104, 22.230789099999996], [73.2013356, 22.2305254]]]}}, {"type": "Feature", "properties": {"layer": "building", "distance_m": 354.4, "source": "Microsoft ML Buildings", "in_industrial_zone": false, "ghsl_2018": 1}, "geometry": {"type": "Polygon", "coordinates": [[[73.2012811, 22.230542599999996], [73.20122249999999, 22.230538199999998], [73.2012253, 22.2305062], [73.2012839, 22.230510600000002], [73.2012811, 22.230542599999996]]]}}, {"type": "Feature", "properties": {"layer": "building", "distance_m": 336.2, "source": "Google Open Buildings", "in_industrial_zone": false, "ghsl_2018": 0}, "geometry": {"type": "Polygon", "coordinates": [[[73.2010764, 22.229425099999993], [73.2011178, 22.229423200000003], [73.2011191, 22.229449399999996], [73.2010777, 22.2294513], [73.2010764, 22.229425099999993]]]}}, {"type": "Feature", "properties": {"layer": "building", "distance_m": 257.5, "source": "Google Open Buildings", "in_industrial_zone": false, "ghsl_2018": 1}, "geometry": {"type": "Polygon", "coordinates": [[[73.20209329999999, 22.230109299999995], [73.202122, 22.230111000000004], [73.2021197, 22.230146700000006], [73.2020909, 22.230145099999998], [73.20209329999999, 22.230109299999995]]]}}, {"type": "Feature", "properties": {"layer": "building", "distance_m": 254.1, "source": "Microsoft ML Buildings", "in_industrial_zone": false, "ghsl_2018": 1}, "geometry": {"type": "Polygon", "coordinates": [[[73.2020703, 22.230045400000005], [73.2021265, 22.230043099999996], [73.2021295, 22.230105099999996], [73.20207329999998, 22.230107399999998], [73.2020703, 22.230045400000005]]]}}, {"type": "Feature", "properties": {"layer": "building", "distance_m": 226.7, "source": "Google Open Buildings", "in_industrial_zone": false, "ghsl_2018": 1}, "geometry": {"type": "Polygon", "coordinates": [[[73.2023907, 22.230070299999994], [73.20242629999998, 22.230062199999995], [73.20243350000001, 22.230089899999996], [73.20239789999998, 22.230097900000004], [73.2023907, 22.230070299999994]]]}}, {"type": "Feature", "properties": {"layer": "building", "distance_m": 81.9, "source": "Microsoft ML Buildings", "in_industrial_zone": false, "ghsl_2018": 1}, "geometry": {"type": "Polygon", "coordinates": [[[73.2040022, 22.22985829999999], [73.2039084, 22.229861800000002], [73.2039065, 22.229817199999992], [73.20400019999998, 22.2298137], [73.2040022, 22.22985829999999]]]}}, {"type": "Feature", "properties": {"layer": "building", "distance_m": 95.2, "source": "Google Open Buildings", "in_industrial_zone": false, "ghsl_2018": 1}, "geometry": {"type": "Polygon", "coordinates": [[[73.20385950000001, 22.229909900000003], [73.2039155, 22.2299057], [73.2039184, 22.229940200000012], [73.20386250000001, 22.2299444], [73.20385950000001, 22.229909900000003]]]}}, {"type": "Feature", "properties": {"layer": "building", "distance_m": 110.8, "source": "Microsoft ML Buildings", "in_industrial_zone": false, "ghsl_2018": 1}, "geometry": {"type": "Polygon", "coordinates": [[[73.2038217, 22.230119099999996], [73.20376269999998, 22.230120599999996], [73.20375949999999, 22.2300165], [73.2038185, 22.230014900000008], [73.2038217, 22.230119099999996]]]}}, {"type": "Feature", "properties": {"layer": "building", "distance_m": 150.1, "source": "Google Open Buildings", "in_industrial_zone": false, "ghsl_2018": 0}, "geometry": {"type": "Polygon", "coordinates": [[[73.20347849999999, 22.230790899999995], [73.2035153, 22.230794], [73.20351239999998, 22.230823900000008], [73.2034756, 22.2308209], [73.20347849999999, 22.230790899999995]]]}}, {"type": "Feature", "properties": {"layer": "building", "distance_m": 157.4, "source": "Google Open Buildings", "in_industrial_zone": false, "ghsl_2018": 0}, "geometry": {"type": "Polygon", "coordinates": [[[73.20354669999999, 22.231218700000007], [73.203584, 22.2312154], [73.2035866, 22.2312416], [73.2035493, 22.2312448], [73.20354669999999, 22.231218700000007]]]}}, {"type": "Feature", "properties": {"layer": "building", "distance_m": 84.0, "source": "Google Open Buildings", "in_industrial_zone": false, "ghsl_2018": 1}, "geometry": {"type": "Polygon", "coordinates": [[[73.2041059, 22.230634399999992], [73.2041367, 22.230638000000006], [73.20412630000001, 22.230714100000004], [73.2040955, 22.230710399999996], [73.2041059, 22.230634399999992]]]}}, {"type": "Feature", "properties": {"layer": "building", "distance_m": 140.4, "source": "Google Open Buildings", "in_industrial_zone": false, "ghsl_2018": 0}, "geometry": {"type": "Polygon", "coordinates": [[[73.2042756, 22.2317635], [73.2043044, 22.231766500000003], [73.20429920000001, 22.231810299999996], [73.20427040000001, 22.2318074], [73.2042756, 22.2317635]]]}}, {"type": "Feature", "properties": {"layer": "building", "distance_m": 179.4, "source": "Microsoft ML Buildings", "in_industrial_zone": false, "ghsl_2018": 1}, "geometry": {"type": "Polygon", "coordinates": [[[73.20409310000001, 22.232058700000003], [73.20406420000002, 22.232144699999996], [73.2039859, 22.232122299999997], [73.20401480000001, 22.232036199999996], [73.20409310000001, 22.232058700000003]]]}}, {"type": "Feature", "properties": {"layer": "building", "distance_m": 170.8, "source": "Google Open Buildings", "in_industrial_zone": false, "ghsl_2018": 1}, "geometry": {"type": "Polygon", "coordinates": [[[73.203445, 22.231379000000004], [73.2035188, 22.231388799999998], [73.2035143, 22.231417999999998], [73.20356130000002, 22.231424199999996], [73.2035422, 22.2315486], [73.2034214, 22.231532599999998], [73.203445, 22.231379000000004]]]}}, {"type": "Feature", "properties": {"layer": "building", "distance_m": 228.4, "source": "Google Open Buildings", "in_industrial_zone": false, "ghsl_2018": 1}, "geometry": {"type": "Polygon", "coordinates": [[[73.20338270000002, 22.2320801], [73.2034217, 22.232085], [73.2034054, 22.232197099999997], [73.2033664, 22.2321922], [73.20338270000002, 22.2320801]]]}}, {"type": "Feature", "properties": {"layer": "building", "distance_m": 222.2, "source": "Google Open Buildings", "in_industrial_zone": false, "ghsl_2018": 1}, "geometry": {"type": "Polygon", "coordinates": [[[73.20339, 22.232030499999997], [73.20345700000001, 22.232038999999993], [73.2034497, 22.232088500000007], [73.20338270000002, 22.2320801], [73.20339, 22.232030499999997]]]}}, {"type": "Feature", "properties": {"layer": "building", "distance_m": 217.0, "source": "Google Open Buildings", "in_industrial_zone": false, "ghsl_2018": 1}, "geometry": {"type": "Polygon", "coordinates": [[[73.20342909999998, 22.231974000000005], [73.20346540000001, 22.231977999999994], [73.2034623, 22.2320028], [73.203426, 22.231998799999996], [73.20342909999998, 22.231974000000005]]]}}, {"type": "Feature", "properties": {"layer": "building", "distance_m": 219.0, "source": "Google Open Buildings", "in_industrial_zone": false, "ghsl_2018": 1}, "geometry": {"type": "Polygon", "coordinates": [[[73.20340239999999, 22.231977300000004], [73.2034403, 22.231979099999993], [73.2034389, 22.232004000000003], [73.20340099999999, 22.232002199999997], [73.20340239999999, 22.231977300000004]]]}}, {"type": "Feature", "properties": {"layer": "building", "distance_m": 211.9, "source": "Microsoft ML Buildings", "in_industrial_zone": false, "ghsl_2018": 1}, "geometry": {"type": "Polygon", "coordinates": [[[73.2034197, 22.231956600000004], [73.20330730000002, 22.231951999999996], [73.2033116, 22.231862799999995], [73.203424, 22.2318674], [73.2034197, 22.231956600000004]]]}}, {"type": "Feature", "properties": {"layer": "building", "distance_m": 235.0, "source": "Microsoft ML Buildings", "in_industrial_zone": false, "ghsl_2018": 1}, "geometry": {"type": "Polygon", "coordinates": [[[73.2033218, 22.232072499999997], [73.203317, 22.232184100000005], [73.2032608, 22.232182000000005], [73.2032655, 22.232070500000003], [73.2033218, 22.232072499999997]]]}}, {"type": "Feature", "properties": {"layer": "building", "distance_m": 190.6, "source": "Google Open Buildings", "in_industrial_zone": false, "ghsl_2018": 1}, "geometry": {"type": "Polygon", "coordinates": [[[73.2034112, 22.2316582], [73.2035224, 22.231678000000006], [73.2034955, 22.231808299999997], [73.2033843, 22.231788400000003], [73.2034112, 22.2316582]]]}}, {"type": "Feature", "properties": {"layer": "building", "distance_m": 183.2, "source": "Google Open Buildings", "in_industrial_zone": false, "ghsl_2018": 1}, "geometry": {"type": "Polygon", "coordinates": [[[73.2034212, 22.2314256], [73.2033998, 22.231513300000007], [73.2033736, 22.231507700000005], [73.2033951, 22.2314201], [73.2034212, 22.2314256]]]}}, {"type": "Feature", "properties": {"layer": "building", "distance_m": 259.3, "source": "Google Open Buildings", "in_industrial_zone": false, "ghsl_2018": 1}, "geometry": {"type": "Polygon", "coordinates": [[[73.2026269, 22.231590799999996], [73.20268649999998, 22.231602600000002], [73.20267959999998, 22.2316328], [73.20262000000001, 22.231621], [73.2026269, 22.231590799999996]]]}}, {"type": "Feature", "properties": {"layer": "building", "distance_m": 249.2, "source": "Google Open Buildings", "in_industrial_zone": false, "ghsl_2018": 1}, "geometry": {"type": "Polygon", "coordinates": [[[73.2027517, 22.231622200000004], [73.202818, 22.231641899999996], [73.2028058, 22.231677399999995], [73.20273950000002, 22.231657700000003], [73.2027517, 22.231622200000004]]]}}, {"type": "Feature", "properties": {"layer": "building", "distance_m": 223.8, "source": "Microsoft ML Buildings", "in_industrial_zone": false, "ghsl_2018": 1}, "geometry": {"type": "Polygon", "coordinates": [[[73.2028906, 22.2317988], [73.2029237, 22.231691900000005], [73.20318639999999, 22.2317617], [73.2031532, 22.2318686], [73.2028906, 22.2317988]]]}}, {"type": "Feature", "properties": {"layer": "building", "distance_m": 201.7, "source": "Google Open Buildings", "in_industrial_zone": false, "ghsl_2018": 0}, "geometry": {"type": "Polygon", "coordinates": [[[73.2042369, 22.232542400000003], [73.20429430000002, 22.232551799999996], [73.20428920000002, 22.23257909999999], [73.20423180000002, 22.232569799999993], [73.2042369, 22.232542400000003]]]}}, {"type": "Feature", "properties": {"layer": "building", "distance_m": 157.1, "source": "Google Open Buildings", "in_industrial_zone": false, "ghsl_2018": 0}, "geometry": {"type": "Polygon", "coordinates": [[[73.2045899, 22.232714600000005], [73.204684, 22.232731], [73.204679, 22.232755699999995], [73.204585, 22.232739299999995], [73.2045899, 22.232714600000005]]]}}, {"type": "Feature", "properties": {"layer": "building", "distance_m": 158.5, "source": "Google Open Buildings", "in_industrial_zone": false, "ghsl_2018": 0}, "geometry": {"type": "Polygon", "coordinates": [[[73.2046111, 22.23262340000001], [73.2047129, 22.232624499999996], [73.2047126, 22.232647099999998], [73.2046108, 22.232646], [73.2046111, 22.23262340000001]]]}}, {"type": "Feature", "properties": {"layer": "building", "distance_m": 156.3, "source": "Google Open Buildings", "in_industrial_zone": false, "ghsl_2018": 0}, "geometry": {"type": "Polygon", "coordinates": [[[73.2046188, 22.232659500000004], [73.2047175, 22.2326703], [73.2047145, 22.232694299999995], [73.20461580000001, 22.232683599999998], [73.2046188, 22.232659500000004]]]}}, {"type": "Feature", "properties": {"layer": "building", "distance_m": 145.6, "source": "Microsoft ML Buildings", "in_industrial_zone": false, "ghsl_2018": 1}, "geometry": {"type": "Polygon", "coordinates": [[[73.20482880000002, 22.232291899999996], [73.2048334, 22.232170299999993], [73.2049218, 22.232173200000002], [73.2049173, 22.232294699999997], [73.20482880000002, 22.232291899999996]]]}}, {"type": "Feature", "properties": {"layer": "building", "distance_m": 127.0, "source": "Google Open Buildings", "in_industrial_zone": false, "ghsl_2018": 1}, "geometry": {"type": "Polygon", "coordinates": [[[73.2050121, 22.232599599999997], [73.2049824, 22.2327826], [73.2049064, 22.232771900000003], [73.2049361, 22.232588899999993], [73.2050121, 22.232599599999997]]]}}, {"type": "Feature", "properties": {"layer": "building", "distance_m": 133.3, "source": "Google Open Buildings", "in_industrial_zone": false, "ghsl_2018": 1}, "geometry": {"type": "Polygon", "coordinates": [[[73.2048087, 22.232964800000005], [73.204845, 22.232967499999997], [73.2048415, 22.233006400000004], [73.2048052, 22.2330036], [73.2048087, 22.232964800000005]]]}}, {"type": "Feature", "properties": {"layer": "building", "distance_m": 133.9, "source": "Google Open Buildings", "in_industrial_zone": false, "ghsl_2018": 1}, "geometry": {"type": "Polygon", "coordinates": [[[73.20481440000002, 22.232900399999995], [73.2048507, 22.2329032], [73.204845, 22.232967499999997], [73.2048087, 22.232964800000005], [73.20481440000002, 22.232900399999995]]]}}, {"type": "Feature", "properties": {"layer": "building", "distance_m": 141.9, "source": "Google Open Buildings", "in_industrial_zone": false, "ghsl_2018": 1}, "geometry": {"type": "Polygon", "coordinates": [[[73.20472699999999, 22.23273100000001], [73.20483170000001, 22.23273819999999], [73.2048285, 22.232778], [73.2047238, 22.2327708], [73.20472699999999, 22.23273100000001]]]}}, {"type": "Feature", "properties": {"layer": "building", "distance_m": 142.0, "source": "Google Open Buildings", "in_industrial_zone": false, "ghsl_2018": 1}, "geometry": {"type": "Polygon", "coordinates": [[[73.2047394, 22.2326812], [73.2048561, 22.2326873], [73.2048543, 22.23271779999999], [73.2047376, 22.2327117], [73.2047394, 22.2326812]]]}}, {"type": "Feature", "properties": {"layer": "building", "distance_m": 143.1, "source": "Google Open Buildings", "in_industrial_zone": false, "ghsl_2018": 1}, "geometry": {"type": "Polygon", "coordinates": [[[73.2047596, 22.2326502], [73.2048581, 22.2326553], [73.2048561, 22.2326873], [73.2047577, 22.2326822], [73.2047596, 22.2326502]]]}}, {"type": "Feature", "properties": {"layer": "building", "distance_m": 144.3, "source": "Google Open Buildings", "in_industrial_zone": false, "ghsl_2018": 1}, "geometry": {"type": "Polygon", "coordinates": [[[73.2047614, 22.2326217], [73.2048598, 22.232626799999995], [73.2048581, 22.2326553], [73.2047596, 22.2326502], [73.2047614, 22.2326217]]]}}, {"type": "Feature", "properties": {"layer": "building", "distance_m": 102.3, "source": "Google Open Buildings", "in_industrial_zone": false, "ghsl_2018": 1}, "geometry": {"type": "Polygon", "coordinates": [[[73.2050411, 22.233175599999992], [73.205108, 22.233192499999998], [73.20509940000001, 22.233222199999997], [73.2050324, 22.2332053], [73.2050411, 22.233175599999992]]]}}, {"type": "Feature", "properties": {"layer": "building", "distance_m": 37.0, "source": "Google Open Buildings", "in_industrial_zone": false, "ghsl_2018": 1}, "geometry": {"type": "Polygon", "coordinates": [[[73.2056504, 22.2334738], [73.2056762, 22.233482099999996], [73.2056922, 22.2335111], [73.2056425, 22.233495099999995], [73.2056504, 22.2334738]]]}}, {"type": "Feature", "properties": {"layer": "building", "distance_m": 87.9, "source": "Google Open Buildings", "in_industrial_zone": false, "ghsl_2018": 1}, "geometry": {"type": "Polygon", "coordinates": [[[73.20516370000001, 22.2329707], [73.2052939, 22.232995799999998], [73.2052628, 22.233136000000002], [73.2052036, 22.23312459999999], [73.2051988, 22.233145999999998], [73.2051278, 22.233132400000002], [73.20516370000001, 22.2329707]]]}}, {"type": "Feature", "properties": {"layer": "building", "distance_m": 57.6, "source": "Microsoft ML Buildings", "in_industrial_zone": false, "ghsl_2018": 1}, "geometry": {"type": "Polygon", "coordinates": [[[73.2058306, 22.232221900000003], [73.2058109, 22.232343299999997], [73.2056783, 22.2323248], [73.2056981, 22.2322034], [73.2058306, 22.232221900000003]]]}}, {"type": "Feature", "properties": {"layer": "building", "distance_m": 91.8, "source": "Google Open Buildings", "in_industrial_zone": false, "ghsl_2018": 0}, "geometry": {"type": "Polygon", "coordinates": [[[73.2047167, 22.231511999999995], [73.2047524, 22.2315143], [73.2047499, 22.231547399999997], [73.2047142, 22.2315451], [73.2047167, 22.231511999999995]]]}}, {"type": "Feature", "properties": {"layer": "building", "distance_m": 126.8, "source": "Google Open Buildings", "in_industrial_zone": false, "ghsl_2018": 0}, "geometry": {"type": "Polygon", "coordinates": [[[73.2045122, 22.231768599999995], [73.20455529999998, 22.231772600000003], [73.2045514, 22.2318088], [73.20450820000002, 22.2318047], [73.2045122, 22.231768599999995]]]}}, {"type": "Feature", "properties": {"layer": "building", "distance_m": 129.1, "source": "Microsoft ML Buildings", "in_industrial_zone": false, "ghsl_2018": 0}, "geometry": {"type": "Polygon", "coordinates": [[[73.2044454, 22.2317906], [73.2044466, 22.2317608], [73.20449750000002, 22.2317626], [73.2044963, 22.231792299999995], [73.2044454, 22.2317906]]]}}, {"type": "Feature", "properties": {"layer": "building", "distance_m": 123.9, "source": "Google Open Buildings", "in_industrial_zone": false, "ghsl_2018": 0}, "geometry": {"type": "Polygon", "coordinates": [[[73.2043252, 22.23159220000001], [73.2043044, 22.231766500000003], [73.2042756, 22.2317635], [73.20429650000001, 22.2315892], [73.2043252, 22.23159220000001]]]}}, {"type": "Feature", "properties": {"layer": "building", "distance_m": 96.7, "source": "Google Open Buildings", "in_industrial_zone": false, "ghsl_2018": 0}, "geometry": {"type": "Polygon", "coordinates": [[[73.2045588, 22.231480900000008], [73.204618, 22.231486500000006], [73.2046116, 22.231546400000003], [73.20455230000002, 22.2315408], [73.2045588, 22.231480900000008]]]}}, {"type": "Feature", "properties": {"layer": "building", "distance_m": 102.5, "source": "Google Open Buildings", "in_industrial_zone": false, "ghsl_2018": 0}, "geometry": {"type": "Polygon", "coordinates": [[[73.2043539, 22.2315667], [73.2046666, 22.2315784], [73.2046637, 22.2316449], [73.2043511, 22.231633199999997], [73.2043539, 22.2315667]]]}}, {"type": "Feature", "properties": {"layer": "building", "distance_m": 110.9, "source": "Microsoft ML Buildings", "in_industrial_zone": false, "ghsl_2018": 0}, "geometry": {"type": "Polygon", "coordinates": [[[73.20468940000002, 22.231680900000004], [73.204688, 22.23173409999999], [73.2043208, 22.231725700000002], [73.2043222, 22.2316726], [73.20468940000002, 22.231680900000004]]]}}, {"type": "Feature", "properties": {"layer": "building", "distance_m": 314.9, "source": "Microsoft ML Buildings", "in_industrial_zone": false, "ghsl_2018": 0}, "geometry": {"type": "Polygon", "coordinates": [[[73.2058412, 22.225761499999997], [73.2057505, 22.225722799999996], [73.2057913, 22.2256409], [73.205882, 22.225679599999996], [73.2058412, 22.225761499999997]]]}}, {"type": "Feature", "properties": {"layer": "building", "distance_m": 307.5, "source": "Microsoft ML Buildings", "in_industrial_zone": false, "ghsl_2018": 0}, "geometry": {"type": "Polygon", "coordinates": [[[73.2044568, 22.225818899999993], [73.20443559999998, 22.2257611], [73.20450769999998, 22.2257384], [73.20452899999998, 22.2257963], [73.2044568, 22.225818899999993]]]}}, {"type": "Feature", "properties": {"layer": "building", "distance_m": 131.2, "source": "Google Open Buildings", "in_industrial_zone": false, "ghsl_2018": 0}, "geometry": {"type": "Polygon", "coordinates": [[[73.20354409999999, 22.2278703], [73.2035746, 22.227872999999995], [73.20356969999999, 22.227921299999988], [73.2035393, 22.227918699999996], [73.20354409999999, 22.2278703]]]}}, {"type": "Feature", "properties": {"layer": "building", "distance_m": 133.7, "source": "Microsoft ML Buildings", "in_industrial_zone": false, "ghsl_2018": 0}, "geometry": {"type": "Polygon", "coordinates": [[[73.2034922, 22.2279191], [73.2034922, 22.227871900000007], [73.2035378, 22.227871900000004], [73.2035378, 22.227919100000005], [73.2034922, 22.2279191]]]}}, {"type": "Feature", "properties": {"layer": "building", "distance_m": 124.5, "source": "Google Open Buildings", "in_industrial_zone": false, "ghsl_2018": 0}, "geometry": {"type": "Polygon", "coordinates": [[[73.2034351, 22.228079500000003], [73.2034703, 22.228088], [73.2034606, 22.228122999999997], [73.2034253, 22.2281145], [73.2034351, 22.228079500000003]]]}}, {"type": "Feature", "properties": {"layer": "building", "distance_m": 150.5, "source": "Microsoft ML Buildings", "in_industrial_zone": false, "ghsl_2018": 0}, "geometry": {"type": "Polygon", "coordinates": [[[73.20297299999999, 22.228530199999994], [73.20290159999999, 22.228522199999997], [73.2029076, 22.2284757], [73.20297899999998, 22.2284837], [73.20297299999999, 22.228530199999994]]]}}, {"type": "Feature", "properties": {"layer": "building", "distance_m": 444.0, "source": "Microsoft ML Buildings", "in_industrial_zone": false, "ghsl_2018": 1}, "geometry": {"type": "Polygon", "coordinates": [[[73.204069, 22.224622999999994], [73.2040676, 22.224573400000004], [73.2041346, 22.2245717], [73.204136, 22.224621400000004], [73.204069, 22.224622999999994]]]}}, {"type": "Feature", "properties": {"layer": "building", "distance_m": 456.5, "source": "Google Open Buildings", "in_industrial_zone": false, "ghsl_2018": 1}, "geometry": {"type": "Polygon", "coordinates": [[[73.204234, 22.224428799999995], [73.20427029999999, 22.224437700000006], [73.20425719999999, 22.2244841], [73.2042209, 22.2244752], [73.204234, 22.224428799999995]]]}}, {"type": "Feature", "properties": {"layer": "building", "distance_m": 486.6, "source": "Microsoft ML Buildings", "in_industrial_zone": false, "ghsl_2018": 1}, "geometry": {"type": "Polygon", "coordinates": [[[73.2040893, 22.224172499999998], [73.2040866, 22.224238400000004], [73.2039795, 22.224234600000006], [73.2039822, 22.2241687], [73.2040893, 22.224172499999998]]]}}, {"type": "Feature", "properties": {"layer": "building", "distance_m": 469.0, "source": "Microsoft ML Buildings", "in_industrial_zone": false, "ghsl_2018": 1}, "geometry": {"type": "Polygon", "coordinates": [[[73.2039323, 22.224409199999997], [73.2039285, 22.2242901], [73.2040518, 22.2242868], [73.2040555, 22.2244059], [73.2039323, 22.224409199999997]]]}}, {"type": "Feature", "properties": {"layer": "building", "distance_m": 445.1, "source": "Google Open Buildings", "in_industrial_zone": false, "ghsl_2018": 1}, "geometry": {"type": "Polygon", "coordinates": [[[73.20452749999998, 22.224517599999995], [73.20453009999999, 22.2245477], [73.20448269999999, 22.224551300000005], [73.2044801, 22.224521199999998], [73.20452749999998, 22.224517599999995]]]}}, {"type": "Feature", "properties": {"layer": "building", "distance_m": 451.6, "source": "Google Open Buildings", "in_industrial_zone": false, "ghsl_2018": 1}, "geometry": {"type": "Polygon", "coordinates": [[[73.2045211, 22.224457100000002], [73.2045207, 22.224489900000005], [73.20447219999998, 22.224489399999996], [73.20447259999999, 22.224456499999995], [73.2045211, 22.224457100000002]]]}}, {"type": "Feature", "properties": {"layer": "building", "distance_m": 457.8, "source": "Google Open Buildings", "in_industrial_zone": false, "ghsl_2018": 1}, "geometry": {"type": "Polygon", "coordinates": [[[73.20450529999998, 22.2244037], [73.2045087, 22.224435400000004], [73.20446039999999, 22.224439799999992], [73.20445709999998, 22.22440810000001], [73.20450529999998, 22.2244037]]]}}, {"type": "Feature", "properties": {"layer": "building", "distance_m": 465.8, "source": "Google Open Buildings", "in_industrial_zone": false, "ghsl_2018": 1}, "geometry": {"type": "Polygon", "coordinates": [[[73.2044578, 22.224336200000003], [73.20450859999998, 22.224330099999992], [73.20451299999999, 22.224361699999996], [73.20446229999999, 22.2243679], [73.2044578, 22.224336200000003]]]}}, {"type": "Feature", "properties": {"layer": "building", "distance_m": 398.1, "source": "Microsoft ML Buildings", "in_industrial_zone": false, "ghsl_2018": 0}, "geometry": {"type": "Polygon", "coordinates": [[[73.2044544, 22.2248507], [73.20453219999999, 22.224848800000004], [73.20453579999999, 22.224975299999997], [73.20445809999998, 22.2249772], [73.2044544, 22.2248507]]]}}, {"type": "Feature", "properties": {"layer": "building", "distance_m": 406.1, "source": "Google Open Buildings", "in_industrial_zone": false, "ghsl_2018": 1}, "geometry": {"type": "Polygon", "coordinates": [[[73.20465919999998, 22.224852099999996], [73.20469479999998, 22.224857899999996], [73.20468959999998, 22.224885499999992], [73.20465399999999, 22.224879699999995], [73.20465919999998, 22.224852099999996]]]}}, {"type": "Feature", "properties": {"layer": "building", "distance_m": 349.4, "source": "Microsoft ML Buildings", "in_industrial_zone": false, "ghsl_2018": 0}, "geometry": {"type": "Polygon", "coordinates": [[[73.205844, 22.225446399999996], [73.2058205, 22.225386], [73.2058609, 22.225372599999996], [73.2058844, 22.225432999999995], [73.205844, 22.225446399999996]]]}}, {"type": "Feature", "properties": {"layer": "building", "distance_m": 352.3, "source": "Microsoft ML Buildings", "in_industrial_zone": false, "ghsl_2018": 1}, "geometry": {"type": "Polygon", "coordinates": [[[73.20713080000002, 22.2253638], [73.2071396, 22.225287699999996], [73.2072006, 22.225293700000005], [73.2071918, 22.2253698], [73.20713080000002, 22.2253638]]]}}, {"type": "Feature", "properties": {"layer": "building", "distance_m": 333.5, "source": "Microsoft ML Buildings", "in_industrial_zone": false, "ghsl_2018": 0}, "geometry": {"type": "Polygon", "coordinates": [[[73.2118722, 22.2347575], [73.2118715, 22.2347833], [73.21181790000001, 22.234782000000003], [73.2118186, 22.234756199999996], [73.2118722, 22.2347575]]]}}, {"type": "Feature", "properties": {"layer": "building", "distance_m": 157.6, "source": "Microsoft ML Buildings", "in_industrial_zone": false, "ghsl_2018": 1}, "geometry": {"type": "Polygon", "coordinates": [[[73.21012480000002, 22.234103199999996], [73.21013350000001, 22.234057500000002], [73.2102414, 22.2340751], [73.2102327, 22.2341208], [73.21012480000002, 22.234103199999996]]]}}, {"type": "Feature", "properties": {"layer": "building", "distance_m": 162.0, "source": "Google Open Buildings", "in_industrial_zone": false, "ghsl_2018": 1}, "geometry": {"type": "Polygon", "coordinates": [[[73.21017730000001, 22.234123600000004], [73.2102077, 22.23412739999999], [73.2102033, 22.234157399999994], [73.210173, 22.234153599999996], [73.21017730000001, 22.234123600000004]]]}}, {"type": "Feature", "properties": {"layer": "building", "distance_m": 178.1, "source": "Google Open Buildings", "in_industrial_zone": false, "ghsl_2018": 1}, "geometry": {"type": "Polygon", "coordinates": [[[73.2103146, 22.2339341], [73.21035189999999, 22.233935900000002], [73.2103481, 22.2340059], [73.2103107, 22.2340041], [73.2103146, 22.2339341]]]}}, {"type": "Feature", "properties": {"layer": "building", "distance_m": 73.8, "source": "Google Open Buildings", "in_industrial_zone": false, "ghsl_2018": 0}, "geometry": {"type": "Polygon", "coordinates": [[[73.2093258, 22.234264599999996], [73.2093974, 22.2342623], [73.2094006, 22.2343475], [73.2093289, 22.234349800000004], [73.2093258, 22.234264599999996]]]}}, {"type": "Feature", "properties": {"layer": "building", "distance_m": 74.3, "source": "Google Open Buildings", "in_industrial_zone": false, "ghsl_2018": 1}, "geometry": {"type": "Polygon", "coordinates": [[[73.2092876, 22.23459069999999], [73.20932620000002, 22.2345955], [73.2093154, 22.2346712], [73.20927670000002, 22.2346664], [73.2092876, 22.23459069999999]]]}}, {"type": "Feature", "properties": {"layer": "building", "distance_m": 87.5, "source": "Microsoft ML Buildings", "in_industrial_zone": false, "ghsl_2018": 1}, "geometry": {"type": "Polygon", "coordinates": [[[73.2094365, 22.2347064], [73.2093944, 22.2347012], [73.2094024, 22.23464509999999], [73.2094445, 22.234650199999994], [73.2094365, 22.2347064]]]}}, {"type": "Feature", "properties": {"layer": "building", "distance_m": 101.2, "source": "Microsoft ML Buildings", "in_industrial_zone": false, "ghsl_2018": 1}, "geometry": {"type": "Polygon", "coordinates": [[[73.2096368, 22.2346597], [73.2096317, 22.234698799999993], [73.2095365, 22.234688099999996], [73.2095417, 22.234649], [73.2096368, 22.2346597]]]}}, {"type": "Feature", "properties": {"layer": "building", "distance_m": 105.0, "source": "Google Open Buildings", "in_industrial_zone": false, "ghsl_2018": 1}, "geometry": {"type": "Polygon", "coordinates": [[[73.20961520000002, 22.2345235], [73.20972, 22.2345323], [73.2097074, 22.234663699999995], [73.20960260000001, 22.2346549], [73.20961520000002, 22.2345235]]]}}, {"type": "Feature", "properties": {"layer": "building", "distance_m": 100.8, "source": "Microsoft ML Buildings", "in_industrial_zone": false, "ghsl_2018": 1}, "geometry": {"type": "Polygon", "coordinates": [[[73.20958920000001, 22.2343983], [73.2096749, 22.234394999999996], [73.2096779, 22.234463399999996], [73.2095922, 22.234466600000005], [73.20958920000001, 22.2343983]]]}}, {"type": "Feature", "properties": {"layer": "building", "distance_m": 90.0, "source": "Microsoft ML Buildings", "in_industrial_zone": false, "ghsl_2018": 1}, "geometry": {"type": "Polygon", "coordinates": [[[73.2094832, 22.2342351], [73.2095582, 22.234233699999994], [73.2095603, 22.23433049999999], [73.2094853, 22.234331899999997], [73.2094832, 22.2342351]]]}}, {"type": "Feature", "properties": {"layer": "building", "distance_m": 92.6, "source": "Microsoft ML Buildings", "in_industrial_zone": false, "ghsl_2018": 1}, "geometry": {"type": "Polygon", "coordinates": [[[73.2095576, 22.23418939999999], [73.20955600000002, 22.2341622], [73.2094984, 22.23416509999999], [73.2094926, 22.234066099999996], [73.2096798, 22.2340566], [73.2096872, 22.234182900000004], [73.2095576, 22.23418939999999]]]}}, {"type": "Feature", "properties": {"layer": "building", "distance_m": 96.1, "source": "Google Open Buildings", "in_industrial_zone": false, "ghsl_2018": 1}, "geometry": {"type": "Polygon", "coordinates": [[[73.2095366, 22.233877500000002], [73.2095609, 22.2340107], [73.2095049, 22.234019500000002], [73.2094806, 22.233886299999998], [73.2095366, 22.233877500000002]]]}}, {"type": "Feature", "properties": {"layer": "building", "distance_m": 150.7, "source": "Google Open Buildings", "in_industrial_zone": false, "ghsl_2018": 1}, "geometry": {"type": "Polygon", "coordinates": [[[73.21006150000001, 22.233994599999996], [73.2101138, 22.234014599999995], [73.21009810000001, 22.234050100000005], [73.21004590000001, 22.234030000000004], [73.21006150000001, 22.233994599999996]]]}}, {"type": "Feature", "properties": {"layer": "building", "distance_m": 123.2, "source": "Google Open Buildings", "in_industrial_zone": false, "ghsl_2018": 1}, "geometry": {"type": "Polygon", "coordinates": [[[73.2100494, 22.2344912], [73.2100474, 22.234540299999995], [73.21002170000001, 22.234539400000003], [73.21001940000001, 22.2345952], [73.2098936, 22.2345908], [73.20989250000001, 22.2346196], [73.2098283, 22.234617399999994], [73.2098294, 22.234588500000005], [73.2097941, 22.2345873], [73.2097977, 22.234496300000004], [73.20996740000001, 22.23450220000001], [73.20996790000001, 22.234488400000004], [73.2100494, 22.2344912]]]}}, {"type": "Feature", "properties": {"layer": "building", "distance_m": 130.5, "source": "Google Open Buildings", "in_industrial_zone": false, "ghsl_2018": 1}, "geometry": {"type": "Polygon", "coordinates": [[[73.20988080000001, 22.234319400000008], [73.2099746, 22.234322700000003], [73.20996789999998, 22.234488299999995], [73.20987410000001, 22.2344851], [73.20988080000001, 22.234319400000008]]]}}, {"type": "Feature", "properties": {"layer": "building", "distance_m": 123.5, "source": "Google Open Buildings", "in_industrial_zone": false, "ghsl_2018": 1}, "geometry": {"type": "Polygon", "coordinates": [[[73.20981170000002, 22.234306700000005], [73.20984090000002, 22.234307800000007], [73.2098396, 22.234338799999996], [73.2098104, 22.234337799999995], [73.20981170000002, 22.234306700000005]]]}}, {"type": "Feature", "properties": {"layer": "building", "distance_m": 121.6, "source": "Google Open Buildings", "in_industrial_zone": false, "ghsl_2018": 1}, "geometry": {"type": "Polygon", "coordinates": [[[73.20986430000002, 22.2344101], [73.20986930000001, 22.2344893], [73.2097887, 22.23449369999999], [73.20978670000001, 22.2344618], [73.2098435, 22.234458699999994], [73.2098405, 22.234411399999992], [73.20986430000002, 22.2344101]]]}}, {"type": "Feature", "properties": {"layer": "building", "distance_m": 123.1, "source": "Google Open Buildings", "in_industrial_zone": false, "ghsl_2018": 1}, "geometry": {"type": "Polygon", "coordinates": [[[73.20973520000001, 22.2347345], [73.20978370000002, 22.234735000000004], [73.2097834, 22.234761699999996], [73.2097349, 22.234761199999998], [73.20973520000001, 22.2347345]]]}}, {"type": "Feature", "properties": {"layer": "building", "distance_m": 148.6, "source": "Google Open Buildings", "in_industrial_zone": false, "ghsl_2018": 1}, "geometry": {"type": "Polygon", "coordinates": [[[73.2095404, 22.235388099999998], [73.20979710000002, 22.235398699999994], [73.2097951, 22.235440099999998], [73.2098634, 22.2354429], [73.2098637, 22.235436299999996], [73.20988560000002, 22.2354372], [73.20987910000001, 22.2355727], [73.20953230000002, 22.2355583], [73.2095404, 22.235388099999998]]]}}, {"type": "Feature", "properties": {"layer": "building", "distance_m": 138.8, "source": "Google Open Buildings", "in_industrial_zone": false, "ghsl_2018": 1}, "geometry": {"type": "Polygon", "coordinates": [[[73.209634, 22.235244199999993], [73.2096313, 22.235334399999996], [73.209562, 22.235332699999997], [73.20956460000001, 22.235242400000004], [73.209634, 22.235244199999993]]]}}, {"type": "Feature", "properties": {"layer": "building", "distance_m": 108.5, "source": "Google Open Buildings", "in_industrial_zone": false, "ghsl_2018": 1}, "geometry": {"type": "Polygon", "coordinates": [[[73.2095357, 22.234826], [73.2095918, 22.2348295], [73.209587, 22.234896899999995], [73.2095309, 22.2348934], [73.2095357, 22.234826]]]}}, {"type": "Feature", "properties": {"layer": "building", "distance_m": 90.2, "source": "Google Open Buildings", "in_industrial_zone": false, "ghsl_2018": 1}, "geometry": {"type": "Polygon", "coordinates": [[[73.2093969, 22.234717199999995], [73.2094694, 22.2347215], [73.2094673, 22.234752399999998], [73.2093948, 22.234748199999984], [73.2093969, 22.234717199999995]]]}}, {"type": "Feature", "properties": {"layer": "building", "distance_m": 115.6, "source": "Google Open Buildings", "in_industrial_zone": false, "ghsl_2018": 1}, "geometry": {"type": "Polygon", "coordinates": [[[73.2090677, 22.2353548], [73.20909680000001, 22.2353551], [73.20909640000002, 22.2353867], [73.20906730000002, 22.235386400000003], [73.2090677, 22.2353548]]]}}, {"type": "Feature", "properties": {"layer": "building", "distance_m": 65.6, "source": "Microsoft ML Buildings", "in_industrial_zone": false, "ghsl_2018": 1}, "geometry": {"type": "Polygon", "coordinates": [[[73.20927690000002, 22.234586700000005], [73.20927550000002, 22.234664699999996], [73.2091977, 22.2346636], [73.2091991, 22.2345855], [73.20927690000002, 22.234586700000005]]]}}, {"type": "Feature", "properties": {"layer": "building", "distance_m": 51.4, "source": "Google Open Buildings", "in_industrial_zone": false, "ghsl_2018": 0}, "geometry": {"type": "Polygon", "coordinates": [[[73.2090749, 22.2340168], [73.2091435, 22.234020700000002], [73.2091404, 22.234067399999997], [73.2090719, 22.2340635], [73.2090749, 22.2340168]]]}}, {"type": "Feature", "properties": {"layer": "building", "distance_m": 67.4, "source": "Microsoft ML Buildings", "in_industrial_zone": false, "ghsl_2018": 0}, "geometry": {"type": "Polygon", "coordinates": [[[73.2088621, 22.2350622], [73.20876850000002, 22.235057], [73.2087716, 22.235010000000003], [73.2088651, 22.2350152], [73.2088621, 22.2350622]]]}}, {"type": "Feature", "properties": {"layer": "building", "distance_m": 65.5, "source": "Google Open Buildings", "in_industrial_zone": false, "ghsl_2018": 1}, "geometry": {"type": "Polygon", "coordinates": [[[73.2085314, 22.235101700000005], [73.2086578, 22.235116], [73.20862860000001, 22.235338500000005], [73.2085022, 22.235324099999996], [73.2085314, 22.235101700000005]]]}}, {"type": "Feature", "properties": {"layer": "building", "distance_m": 90.8, "source": "Google Open Buildings", "in_industrial_zone": false, "ghsl_2018": 1}, "geometry": {"type": "Polygon", "coordinates": [[[73.2084963, 22.235357299999993], [73.2085557, 22.235363599999996], [73.2085494, 22.235415099999997], [73.2085952, 22.235419999999998], [73.2085916, 22.235449300000003], [73.2084863, 22.235438099999996], [73.2084963, 22.235357299999993]]]}}, {"type": "Feature", "properties": {"layer": "building", "distance_m": 86.8, "source": "Google Open Buildings", "in_industrial_zone": false, "ghsl_2018": 1}, "geometry": {"type": "Polygon", "coordinates": [[[73.2084034, 22.23535059999999], [73.2084654, 22.235352099999997], [73.2084647, 22.2353754], [73.2084028, 22.235373799999994], [73.2084034, 22.23535059999999]]]}}, {"type": "Feature", "properties": {"layer": "building", "distance_m": 73.5, "source": "Google Open Buildings", "in_industrial_zone": false, "ghsl_2018": 1}, "geometry": {"type": "Polygon", "coordinates": [[[73.2083734, 22.235253099999994], [73.2083747, 22.235275599999998], [73.2083067, 22.235279], [73.2083054, 22.235256500000002], [73.2083734, 22.235253099999994]]]}}, {"type": "Feature", "properties": {"layer": "building", "distance_m": 75.4, "source": "Google Open Buildings", "in_industrial_zone": false, "ghsl_2018": 1}, "geometry": {"type": "Polygon", "coordinates": [[[73.208396, 22.235244199999993], [73.2084538, 22.235249200000002], [73.2084514, 22.235273], [73.2083936, 22.235268], [73.208396, 22.235244199999993]]]}}, {"type": "Feature", "properties": {"layer": "building", "distance_m": 59.3, "source": "Google Open Buildings", "in_industrial_zone": false, "ghsl_2018": 1}, "geometry": {"type": "Polygon", "coordinates": [[[73.2083921, 22.235089800000004], [73.2084882, 22.235091699999998], [73.2084877, 22.235114699999997], [73.2083916, 22.235112800000003], [73.2083921, 22.235089800000004]]]}}, {"type": "Feature", "properties": {"layer": "building", "distance_m": 47.6, "source": "Google Open Buildings", "in_industrial_zone": false, "ghsl_2018": 1}, "geometry": {"type": "Polygon", "coordinates": [[[73.2080343, 22.235074499999996], [73.2082209, 22.235067800000003], [73.2082221, 22.235096500000004], [73.2080355, 22.235103199999998], [73.2080343, 22.235074499999996]]]}}, {"type": "Feature", "properties": {"layer": "building", "distance_m": 65.4, "source": "Google Open Buildings", "in_industrial_zone": false, "ghsl_2018": 1}, "geometry": {"type": "Polygon", "coordinates": [[[73.2082199, 22.23520249999999], [73.2082825, 22.235200799999994], [73.20828370000001, 22.235241100000007], [73.2082211, 22.235242799999998], [73.2082199, 22.23520249999999]]]}}, {"type": "Feature", "properties": {"layer": "building", "distance_m": 75.0, "source": "Google Open Buildings", "in_industrial_zone": false, "ghsl_2018": 1}, "geometry": {"type": "Polygon", "coordinates": [[[73.2081991, 22.2352949], [73.2082852, 22.235292299999994], [73.2082868, 22.235339700000004], [73.2082008, 22.2353423], [73.2081991, 22.2352949]]]}}, {"type": "Feature", "properties": {"layer": "building", "distance_m": 77.9, "source": "Google Open Buildings", "in_industrial_zone": false, "ghsl_2018": 1}, "geometry": {"type": "Polygon", "coordinates": [[[73.2080126, 22.235357899999997], [73.2081161, 22.235361900000004], [73.2081136, 22.235418000000003], [73.2080101, 22.235414], [73.2080126, 22.235357899999997]]]}}, {"type": "Feature", "properties": {"layer": "building", "distance_m": 93.6, "source": "Google Open Buildings", "in_industrial_zone": false, "ghsl_2018": 1}, "geometry": {"type": "Polygon", "coordinates": [[[73.2079867, 22.2355074], [73.2080285, 22.235508900000003], [73.2080265, 22.235558], [73.2079848, 22.235556600000002], [73.2079867, 22.2355074]]]}}, {"type": "Feature", "properties": {"layer": "building", "distance_m": 78.9, "source": "Microsoft ML Buildings", "in_industrial_zone": false, "ghsl_2018": 1}, "geometry": {"type": "Polygon", "coordinates": [[[73.2077254, 22.235397], [73.2078407, 22.235395999999998], [73.2078428, 22.23560710000001], [73.207816, 22.235607299999998], [73.2078164, 22.235649500000005], [73.2077751, 22.235649799999997], [73.2077753, 22.235674699999997], [73.2077282, 22.2356751], [73.2077254, 22.235397]]]}}, {"type": "Feature", "properties": {"layer": "building", "distance_m": 39.8, "source": "Microsoft ML Buildings", "in_industrial_zone": false, "ghsl_2018": 1}, "geometry": {"type": "Polygon", "coordinates": [[[73.2078589, 22.2350356], [73.2079111, 22.2350347], [73.2079126, 22.235107900000003], [73.2078604, 22.235108800000003], [73.2078589, 22.2350356]]]}}, {"type": "Feature", "properties": {"layer": "building", "distance_m": 27.8, "source": "Microsoft ML Buildings", "in_industrial_zone": false, "ghsl_2018": 1}, "geometry": {"type": "Polygon", "coordinates": [[[73.2079024, 22.235017000000003], [73.2078975, 22.2349179], [73.2079269, 22.234916599999995], [73.2079319, 22.235015699999998], [73.2079024, 22.235017000000003]]]}}, {"type": "Feature", "properties": {"layer": "building", "distance_m": 53.1, "source": "Google Open Buildings", "in_industrial_zone": false, "ghsl_2018": 1}, "geometry": {"type": "Polygon", "coordinates": [[[73.2074501, 22.235160900000004], [73.2074744, 22.235161099999996], [73.2074739, 22.235199500000004], [73.2074496, 22.235199299999998], [73.2074501, 22.235160900000004]]]}}, {"type": "Feature", "properties": {"layer": "building", "distance_m": 92.5, "source": "Microsoft ML Buildings", "in_industrial_zone": false, "ghsl_2018": 1}, "geometry": {"type": "Polygon", "coordinates": [[[73.2070561, 22.235512399999998], [73.2070777, 22.23550120000001], [73.20710630000002, 22.235548499999993], [73.2070847, 22.235559600000002], [73.2070561, 22.235512399999998]]]}}, {"type": "Feature", "properties": {"layer": "building", "distance_m": 60.3, "source": "Google Open Buildings", "in_industrial_zone": false, "ghsl_2018": 1}, "geometry": {"type": "Polygon", "coordinates": [[[73.2071266, 22.235216700000006], [73.2072047, 22.235215999999998], [73.207205, 22.235247700000002], [73.2071269, 22.2352483], [73.2071266, 22.235216700000006]]]}}, {"type": "Feature", "properties": {"layer": "building", "distance_m": 37.7, "source": "Google Open Buildings", "in_industrial_zone": false, "ghsl_2018": 1}, "geometry": {"type": "Polygon", "coordinates": [[[73.2065456, 22.234864700000003], [73.2065699, 22.234861500000004], [73.2065805, 22.2349314], [73.2065562, 22.234934599999995], [73.2065456, 22.234864700000003]]]}}, {"type": "Feature", "properties": {"layer": "building", "distance_m": 25.5, "source": "Google Open Buildings", "in_industrial_zone": false, "ghsl_2018": 1}, "geometry": {"type": "Polygon", "coordinates": [[[73.2066782, 22.2347873], [73.2067399, 22.235016799999997], [73.2066403, 22.235039999999998], [73.2065786, 22.2348106], [73.2066782, 22.2347873]]]}}, {"type": "Feature", "properties": {"layer": "building", "distance_m": 22.2, "source": "Google Open Buildings", "in_industrial_zone": false, "ghsl_2018": 0}, "geometry": {"type": "Polygon", "coordinates": [[[73.206464, 22.234656000000008], [73.2064911, 22.234673], [73.2064745, 22.2346959], [73.2064474, 22.2346789], [73.206464, 22.234656000000008]]]}}, {"type": "Feature", "properties": {"layer": "building", "distance_m": 24.6, "source": "Google Open Buildings", "in_industrial_zone": false, "ghsl_2018": 0}, "geometry": {"type": "Polygon", "coordinates": [[[73.2063538, 22.234642699999995], [73.2063743, 22.234637399999997], [73.2063909, 22.2346935], [73.2063704, 22.2346987], [73.2063538, 22.234642699999995]]]}}, {"type": "Feature", "properties": {"layer": "building", "distance_m": 31.9, "source": "Microsoft ML Buildings", "in_industrial_zone": false, "ghsl_2018": 0}, "geometry": {"type": "Polygon", "coordinates": [[[73.2059784, 22.234316300000007], [73.2060069, 22.2343051], [73.2060262, 22.234347100000004], [73.2059978, 22.2343583], [73.2059784, 22.234316300000007]]]}}, {"type": "Feature", "properties": {"layer": "building", "distance_m": 26.7, "source": "Google Open Buildings", "in_industrial_zone": false, "ghsl_2018": 0}, "geometry": {"type": "Polygon", "coordinates": [[[73.2060286, 22.2343151], [73.206067, 22.234309200000006], [73.2060757, 22.234359], [73.2060374, 22.2343649], [73.2060286, 22.2343151]]]}}, {"type": "Feature", "properties": {"layer": "building", "distance_m": 41.0, "source": "Google Open Buildings", "in_industrial_zone": false, "ghsl_2018": 0}, "geometry": {"type": "Polygon", "coordinates": [[[73.2060397, 22.234564399999996], [73.2060962, 22.2346125], [73.2060818, 22.234627200000002], [73.2060253, 22.23457910000001], [73.2060397, 22.234564399999996]]]}}, {"type": "Feature", "properties": {"layer": "building", "distance_m": 107.4, "source": "Google Open Buildings", "in_industrial_zone": false, "ghsl_2018": 1}, "geometry": {"type": "Polygon", "coordinates": [[[73.2062533, 22.2354177], [73.2062662, 22.2354686], [73.2062204, 22.2354787], [73.2062075, 22.235427800000004], [73.2062533, 22.2354177]]]}}, {"type": "Feature", "properties": {"layer": "building", "distance_m": 101.2, "source": "Google Open Buildings", "in_industrial_zone": false, "ghsl_2018": 1}, "geometry": {"type": "Polygon", "coordinates": [[[73.2062186, 22.235340200000003], [73.206233, 22.2354159], [73.2061162, 22.23543520000001], [73.2061017, 22.235359499999994], [73.2062186, 22.235340200000003]]]}}, {"type": "Feature", "properties": {"layer": "building", "distance_m": 109.3, "source": "Google Open Buildings", "in_industrial_zone": false, "ghsl_2018": 1}, "geometry": {"type": "Polygon", "coordinates": [[[73.2062136, 22.23541910000001], [73.2062215, 22.23546049999999], [73.2061241, 22.235476599999995], [73.2061162, 22.23543520000001], [73.2062136, 22.23541910000001]]]}}, {"type": "Feature", "properties": {"layer": "building", "distance_m": 121.8, "source": "Google Open Buildings", "in_industrial_zone": false, "ghsl_2018": 1}, "geometry": {"type": "Polygon", "coordinates": [[[73.20594650000001, 22.2354414], [73.2059977, 22.235444199999996], [73.2059925, 22.235527499999996], [73.2059414, 22.2355247], [73.20594650000001, 22.2354414]]]}}, {"type": "Feature", "properties": {"layer": "building", "distance_m": 130.8, "source": "Google Open Buildings", "in_industrial_zone": false, "ghsl_2018": 1}, "geometry": {"type": "Polygon", "coordinates": [[[73.205988, 22.235552399999992], [73.2060378, 22.235554800000006], [73.2060304, 22.235690299999998], [73.2059805, 22.235687900000002], [73.205988, 22.235552399999992]]]}}, {"type": "Feature", "properties": {"layer": "building", "distance_m": 158.0, "source": "Microsoft ML Buildings", "in_industrial_zone": false, "ghsl_2018": 1}, "geometry": {"type": "Polygon", "coordinates": [[[73.20607310000001, 22.2358632], [73.2061025, 22.235857600000003], [73.206113, 22.235904], [73.2060836, 22.2359097], [73.20607310000001, 22.2358632]]]}}, {"type": "Feature", "properties": {"layer": "building", "distance_m": 138.3, "source": "Google Open Buildings", "in_industrial_zone": false, "ghsl_2018": 1}, "geometry": {"type": "Polygon", "coordinates": [[[73.20626520000002, 22.23574529999999], [73.2062986, 22.2357474], [73.2062959, 22.235785099999998], [73.2062625, 22.23578300000001], [73.20626520000002, 22.23574529999999]]]}}, {"type": "Feature", "properties": {"layer": "building", "distance_m": 140.5, "source": "Google Open Buildings", "in_industrial_zone": false, "ghsl_2018": 1}, "geometry": {"type": "Polygon", "coordinates": [[[73.2062274, 22.235764], [73.2062676, 22.2357552], [73.2062761, 22.2357885], [73.2062359, 22.2357973], [73.2062274, 22.235764]]]}}, {"type": "Feature", "properties": {"layer": "building", "distance_m": 145.1, "source": "Microsoft ML Buildings", "in_industrial_zone": false, "ghsl_2018": 1}, "geometry": {"type": "Polygon", "coordinates": [[[73.2062455, 22.235886400000005], [73.2061244, 22.2359146], [73.2060952, 22.235807099999995], [73.2062163, 22.235778999999997], [73.2062455, 22.235886400000005]]]}}, {"type": "Feature", "properties": {"layer": "building", "distance_m": 171.6, "source": "Google Open Buildings", "in_industrial_zone": false, "ghsl_2018": 1}, "geometry": {"type": "Polygon", "coordinates": [[[73.2061521, 22.2360523], [73.2062205, 22.23604329999999], [73.2062245, 22.2360696], [73.2061561, 22.236078599999995], [73.2061521, 22.2360523]]]}}, {"type": "Feature", "properties": {"layer": "building", "distance_m": 164.3, "source": "Microsoft ML Buildings", "in_industrial_zone": false, "ghsl_2018": 1}, "geometry": {"type": "Polygon", "coordinates": [[[73.2060876, 22.235966], [73.2061713, 22.235950799999998], [73.2061794, 22.235988999999996], [73.2060957, 22.236004200000004], [73.2060876, 22.235966]]]}}, {"type": "Feature", "properties": {"layer": "building", "distance_m": 181.3, "source": "Google Open Buildings", "in_industrial_zone": false, "ghsl_2018": 1}, "geometry": {"type": "Polygon", "coordinates": [[[73.2060512, 22.2360676], [73.2060564, 22.236100999999998], [73.205994, 22.2361095], [73.2059888, 22.236076000000004], [73.2060512, 22.2360676]]]}}, {"type": "Feature", "properties": {"layer": "building", "distance_m": 175.4, "source": "Microsoft ML Buildings", "in_industrial_zone": false, "ghsl_2018": 1}, "geometry": {"type": "Polygon", "coordinates": [[[73.2060137, 22.236044600000003], [73.2059507, 22.236061999999997], [73.2059308, 22.236000500000003], [73.2059938, 22.235983100000002], [73.2060137, 22.236044600000003]]]}}, {"type": "Feature", "properties": {"layer": "building", "distance_m": 261.4, "source": "OpenStreetMap", "in_industrial_zone": false, "ghsl_2018": 0}, "geometry": {"type": "Polygon", "coordinates": [[[73.2062798, 22.236910699999992], [73.2062779, 22.237138800000004], [73.2061473, 22.237137900000004], [73.2061492, 22.2369098], [73.2062798, 22.236910699999992]]]}}, {"type": "Feature", "properties": {"layer": "building", "distance_m": 277.3, "source": "OpenStreetMap", "in_industrial_zone": false, "ghsl_2018": 0}, "geometry": {"type": "Polygon", "coordinates": [[[73.2066474, 22.2372716], [73.2063527, 22.237265999999995], [73.2063559, 22.237125499999998], [73.2066505, 22.237131199999997], [73.2066474, 22.2372716]]]}}, {"type": "Feature", "properties": {"layer": "building", "distance_m": 166.8, "source": "Google Open Buildings", "in_industrial_zone": false, "ghsl_2018": 1}, "geometry": {"type": "Polygon", "coordinates": [[[73.2067495, 22.236137099999993], [73.2067793, 22.236138399999998], [73.2067776, 22.2361693], [73.2067479, 22.236168], [73.2067495, 22.236137099999993]]]}}, {"type": "Feature", "properties": {"layer": "building", "distance_m": 174.7, "source": "Microsoft ML Buildings", "in_industrial_zone": false, "ghsl_2018": 1}, "geometry": {"type": "Polygon", "coordinates": [[[73.2065955, 22.236208200000004], [73.2064481, 22.2362113], [73.2064472, 22.2361765], [73.20659470000001, 22.236173500000003], [73.2065955, 22.236208200000004]]]}}, {"type": "Feature", "properties": {"layer": "building", "distance_m": 152.0, "source": "Microsoft ML Buildings", "in_industrial_zone": false, "ghsl_2018": 1}, "geometry": {"type": "Polygon", "coordinates": [[[73.2065225, 22.236063000000005], [73.2064909, 22.235973199999997], [73.2065506, 22.2359553], [73.2065821, 22.2360451], [73.2065225, 22.236063000000005]]]}}, {"type": "Feature", "properties": {"layer": "building", "distance_m": 126.7, "source": "Google Open Buildings", "in_industrial_zone": false, "ghsl_2018": 1}, "geometry": {"type": "Polygon", "coordinates": [[[73.2064863, 22.235702599999996], [73.2065504, 22.235773700000003], [73.2065292, 22.235790299999998], [73.206465, 22.235719200000002], [73.2064863, 22.235702599999996]]]}}, {"type": "Feature", "properties": {"layer": "building", "distance_m": 164.2, "source": "Google Open Buildings", "in_industrial_zone": false, "ghsl_2018": 1}, "geometry": {"type": "Polygon", "coordinates": [[[73.20678, 22.236129899999995], [73.2068281, 22.2361239], [73.2068333, 22.236160500000008], [73.2067853, 22.2361665], [73.20678, 22.236129899999995]]]}}, {"type": "Feature", "properties": {"layer": "building", "distance_m": 168.1, "source": "Google Open Buildings", "in_industrial_zone": false, "ghsl_2018": 0}, "geometry": {"type": "Polygon", "coordinates": [[[73.2070411, 22.236183000000008], [73.2070822, 22.236222099999992], [73.2070626, 22.236239999999995], [73.2070215, 22.23620079999999], [73.2070411, 22.236183000000008]]]}}, {"type": "Feature", "properties": {"layer": "building", "distance_m": 89.2, "source": "Microsoft ML Buildings", "in_industrial_zone": false, "ghsl_2018": 1}, "geometry": {"type": "Polygon", "coordinates": [[[73.20708740000002, 22.235490600000006], [73.2071237, 22.2354736], [73.20719830000002, 22.235609900000007], [73.207162, 22.23562690000001], [73.20708740000002, 22.235490600000006]]]}}, {"type": "Feature", "properties": {"layer": "building", "distance_m": 124.4, "source": "Google Open Buildings", "in_industrial_zone": false, "ghsl_2018": 1}, "geometry": {"type": "Polygon", "coordinates": [[[73.207289, 22.2357991], [73.2073535, 22.235859399999995], [73.2073344, 22.2358771], [73.2072699, 22.235816900000003], [73.207289, 22.2357991]]]}}, {"type": "Feature", "properties": {"layer": "building", "distance_m": 92.3, "source": "Microsoft ML Buildings", "in_industrial_zone": false, "ghsl_2018": 1}, "geometry": {"type": "Polygon", "coordinates": [[[73.2074219, 22.235665300000004], [73.2072729, 22.235666600000002], [73.2072712, 22.235515200000002], [73.2074202, 22.235513799999993], [73.2074219, 22.235665300000004]]]}}, {"type": "Feature", "properties": {"layer": "building", "distance_m": 106.2, "source": "Google Open Buildings", "in_industrial_zone": false, "ghsl_2018": 1}, "geometry": {"type": "Polygon", "coordinates": [[[73.2075799, 22.235640900000007], [73.2076408, 22.235641699999995], [73.20764, 22.2356955], [73.2075791, 22.2356947], [73.2075799, 22.235640900000007]]]}}, {"type": "Feature", "properties": {"layer": "building", "distance_m": 108.2, "source": "Google Open Buildings", "in_industrial_zone": false, "ghsl_2018": 1}, "geometry": {"type": "Polygon", "coordinates": [[[73.207536, 22.2356585], [73.2075651, 22.235658899999997], [73.2075646, 22.235695000000003], [73.2075355, 22.235694699999996], [73.207536, 22.2356585]]]}}, {"type": "Feature", "properties": {"layer": "building", "distance_m": 245.3, "source": "Microsoft ML Buildings", "in_industrial_zone": false, "ghsl_2018": 1}, "geometry": {"type": "Polygon", "coordinates": [[[73.2077083, 22.237015099999994], [73.2076434, 22.2370721], [73.2074887, 22.2369211], [73.2075169, 22.236896399999992], [73.2075618, 22.23694010000001], [73.2075985, 22.236907900000002], [73.2077083, 22.237015099999994]]]}}, {"type": "Feature", "properties": {"layer": "building", "distance_m": 260.4, "source": "Google Open Buildings", "in_industrial_zone": false, "ghsl_2018": 1}, "geometry": {"type": "Polygon", "coordinates": [[[73.2075256, 22.2370332], [73.207612, 22.237094800000005], [73.2075887, 22.2371231], [73.2075023, 22.237061499999996], [73.2075256, 22.2370332]]]}}, {"type": "Feature", "properties": {"layer": "building", "distance_m": 261.3, "source": "Google Open Buildings", "in_industrial_zone": false, "ghsl_2018": 1}, "geometry": {"type": "Polygon", "coordinates": [[[73.2073871, 22.237039999999997], [73.20746150000001, 22.237109099999994], [73.2074397, 22.237129400000004], [73.2073652, 22.2370604], [73.2073871, 22.237039999999997]]]}}, {"type": "Feature", "properties": {"layer": "building", "distance_m": 232.8, "source": "Microsoft ML Buildings", "in_industrial_zone": false, "ghsl_2018": 0}, "geometry": {"type": "Polygon", "coordinates": [[[73.2074138, 22.236944600000005], [73.2073309, 22.2368727], [73.2074212, 22.2367834], [73.2075041, 22.236855300000006], [73.2074138, 22.236944600000005]]]}}, {"type": "Feature", "properties": {"layer": "building", "distance_m": 260.2, "source": "Microsoft ML Buildings", "in_industrial_zone": false, "ghsl_2018": 1}, "geometry": {"type": "Polygon", "coordinates": [[[73.2071439, 22.2372394], [73.2070823, 22.237238199999997], [73.20708740000002, 22.2370198], [73.2071491, 22.237021000000002], [73.2071439, 22.2372394]]]}}, {"type": "Feature", "properties": {"layer": "building", "distance_m": 241.8, "source": "Google Open Buildings", "in_industrial_zone": false, "ghsl_2018": 1}, "geometry": {"type": "Polygon", "coordinates": [[[73.207121, 22.236852999999993], [73.2071559, 22.236855800000004], [73.20715210000002, 22.236897100000007], [73.2071173, 22.236894299999996], [73.207121, 22.236852999999993]]]}}, {"type": "Feature", "properties": {"layer": "building", "distance_m": 215.0, "source": "Microsoft ML Buildings", "in_industrial_zone": false, "ghsl_2018": 0}, "geometry": {"type": "Polygon", "coordinates": [[[73.2071263, 22.2366927], [73.2070845, 22.2366943], [73.2070808, 22.236612499999996], [73.2071226, 22.2366109], [73.2071263, 22.2366927]]]}}, {"type": "Feature", "properties": {"layer": "building", "distance_m": 288.7, "source": "Microsoft ML Buildings", "in_industrial_zone": false, "ghsl_2018": 1}, "geometry": {"type": "Polygon", "coordinates": [[[73.20708380000002, 22.2373377], [73.2070821, 22.2372831], [73.2071855, 22.237280199999994], [73.2071873, 22.237334799999996], [73.20708380000002, 22.2373377]]]}}, {"type": "Feature", "properties": {"layer": "building", "distance_m": 296.6, "source": "Microsoft ML Buildings", "in_industrial_zone": false, "ghsl_2018": 1}, "geometry": {"type": "Polygon", "coordinates": [[[73.2070904, 22.2374269], [73.2070922, 22.23735], [73.2072011, 22.2373522], [73.2071993, 22.237429100000004], [73.2070904, 22.2374269]]]}}, {"type": "Feature", "properties": {"layer": "building", "distance_m": 285.1, "source": "Microsoft ML Buildings", "in_industrial_zone": false, "ghsl_2018": 1}, "geometry": {"type": "Polygon", "coordinates": [[[73.2072058, 22.2372646], [73.2074576, 22.237256100000007], [73.2074598, 22.237310699999995], [73.207208, 22.237319199999998], [73.2072058, 22.2372646]]]}}, {"type": "Feature", "properties": {"layer": "building", "distance_m": 385.8, "source": "Microsoft ML Buildings", "in_industrial_zone": false, "ghsl_2018": 0}, "geometry": {"type": "Polygon", "coordinates": [[[73.2072031, 22.238164], [73.2071931, 22.238216999999995], [73.2071453, 22.238209299999998], [73.2071553, 22.238156300000004], [73.2072031, 22.238164]]]}}, {"type": "Feature", "properties": {"layer": "building", "distance_m": 379.8, "source": "Microsoft ML Buildings", "in_industrial_zone": false, "ghsl_2018": 0}, "geometry": {"type": "Polygon", "coordinates": [[[73.2072163, 22.238104799999995], [73.2072143, 22.238154400000006], [73.2071554, 22.238152400000004], [73.2071574, 22.2381028], [73.2072163, 22.238104799999995]]]}}, {"type": "Feature", "properties": {"layer": "building", "distance_m": 319.4, "source": "Microsoft ML Buildings", "in_industrial_zone": false, "ghsl_2018": 1}, "geometry": {"type": "Polygon", "coordinates": [[[73.206574, 22.237552399999995], [73.2065311, 22.2375524], [73.2065311, 22.2375052], [73.206574, 22.237505199999998], [73.206574, 22.237552399999995]]]}}, {"type": "Feature", "properties": {"layer": "building", "distance_m": 304.5, "source": "Microsoft ML Buildings", "in_industrial_zone": false, "ghsl_2018": 1}, "geometry": {"type": "Polygon", "coordinates": [[[73.2065709, 22.2374902], [73.2064611, 22.2374948], [73.206455, 22.237371], [73.2065648, 22.237366399999996], [73.2065709, 22.2374902]]]}}, {"type": "Feature", "properties": {"layer": "building", "distance_m": 320.1, "source": "Microsoft ML Buildings", "in_industrial_zone": false, "ghsl_2018": 1}, "geometry": {"type": "Polygon", "coordinates": [[[73.206243, 22.237476499999996], [73.2064022, 22.2374787], [73.2064, 22.237610299999996], [73.2061228, 22.237606399999997], [73.2061242, 22.2375182], [73.2062422, 22.2375198], [73.206243, 22.237476499999996]]]}}, {"type": "Feature", "properties": {"layer": "building", "distance_m": 294.9, "source": "Microsoft ML Buildings", "in_industrial_zone": false, "ghsl_2018": 1}, "geometry": {"type": "Polygon", "coordinates": [[[73.2060697, 22.237192], [73.2061538, 22.237194000000002], [73.2061484, 22.237383699999995], [73.2060642, 22.237381699999997], [73.2060697, 22.237192]]]}}, {"type": "Feature", "properties": {"layer": "building", "distance_m": 479.8, "source": "Microsoft ML Buildings", "in_industrial_zone": false, "ghsl_2018": 0}, "geometry": {"type": "Polygon", "coordinates": [[[73.207302, 22.239016100000004], [73.2072951, 22.2390737], [73.20724210000002, 22.239068300000003], [73.207249, 22.239010599999997], [73.207302, 22.239016100000004]]]}}, {"type": "Feature", "properties": {"layer": "building", "distance_m": 301.3, "source": "Microsoft ML Buildings", "in_industrial_zone": false, "ghsl_2018": 1}, "geometry": {"type": "Polygon", "coordinates": [[[73.20913710000002, 22.237266], [73.20899400000002, 22.237269700000002], [73.20899220000001, 22.2372113], [73.20913530000001, 22.2372076], [73.20913710000002, 22.237266]]]}}, {"type": "Feature", "properties": {"layer": "building", "distance_m": 416.0, "source": "Google Open Buildings", "in_industrial_zone": false, "ghsl_2018": 0}, "geometry": {"type": "Polygon", "coordinates": [[[73.20849890000001, 22.2383881], [73.20850150000001, 22.2384291], [73.20843020000001, 22.238433100000005], [73.20842760000001, 22.238391999999997], [73.20849890000001, 22.2383881]]]}}, {"type": "Feature", "properties": {"layer": "building", "distance_m": 374.1, "source": "Microsoft ML Buildings", "in_industrial_zone": false, "ghsl_2018": 1}, "geometry": {"type": "Polygon", "coordinates": [[[73.20826610000002, 22.238045300000003], [73.20826290000001, 22.238201700000005], [73.20815570000002, 22.238199800000004], [73.2081588, 22.238043399999995], [73.20826610000002, 22.238045300000003]]]}}, {"type": "Feature", "properties": {"layer": "building", "distance_m": 405.0, "source": "Microsoft ML Buildings", "in_industrial_zone": false, "ghsl_2018": 0}, "geometry": {"type": "Polygon", "coordinates": [[[73.20816320000002, 22.238329400000005], [73.20816090000001, 22.2384151], [73.20810900000001, 22.2384139], [73.20811130000001, 22.238328299999996], [73.20816320000002, 22.238329400000005]]]}}, {"type": "Feature", "properties": {"layer": "building", "distance_m": 340.4, "source": "Microsoft ML Buildings", "in_industrial_zone": false, "ghsl_2018": 0}, "geometry": {"type": "Polygon", "coordinates": [[[73.207957, 22.237867799999993], [73.2078367, 22.237861100000003], [73.2078435, 22.237757199999997], [73.2079637, 22.237763899999997], [73.207957, 22.237867799999993]]]}}, {"type": "Feature", "properties": {"layer": "building", "distance_m": 281.4, "source": "Microsoft ML Buildings", "in_industrial_zone": false, "ghsl_2018": 1}, "geometry": {"type": "Polygon", "coordinates": [[[73.2078116, 22.237281999999997], [73.2075183, 22.237295], [73.2075154, 22.237238000000005], [73.2078087, 22.237224999999995], [73.2078116, 22.237281999999997]]]}}, {"type": "Feature", "properties": {"layer": "building", "distance_m": 310.4, "source": "Microsoft ML Buildings", "in_industrial_zone": false, "ghsl_2018": 1}, "geometry": {"type": "Polygon", "coordinates": [[[73.20791070000001, 22.237548], [73.20791040000002, 22.237576500000003], [73.2078434, 22.237575999999997], [73.2078443, 22.2374866], [73.2079515, 22.2374875], [73.2079509, 22.237548400000005], [73.20791070000001, 22.237548]]]}}, {"type": "Feature", "properties": {"layer": "building", "distance_m": 350.1, "source": "Google Open Buildings", "in_industrial_zone": false, "ghsl_2018": 1}, "geometry": {"type": "Polygon", "coordinates": [[[73.2081026, 22.23783879999999], [73.20807680000001, 22.2379314], [73.20805300000002, 22.237925599999997], [73.2080788, 22.2378331], [73.2081026, 22.23783879999999]]]}}, {"type": "Feature", "properties": {"layer": "building", "distance_m": 351.0, "source": "Google Open Buildings", "in_industrial_zone": false, "ghsl_2018": 1}, "geometry": {"type": "Polygon", "coordinates": [[[73.20813210000001, 22.2378421], [73.208123, 22.237974], [73.20808930000001, 22.237972000000006], [73.20809840000001, 22.2378401], [73.20813210000001, 22.2378421]]]}}, {"type": "Feature", "properties": {"layer": "building", "distance_m": 345.1, "source": "Google Open Buildings", "in_industrial_zone": false, "ghsl_2018": 1}, "geometry": {"type": "Polygon", "coordinates": [[[73.20818370000002, 22.237781499999993], [73.20818140000002, 22.2378988], [73.2081475, 22.237898199999997], [73.20814980000002, 22.2377809], [73.20818370000002, 22.237781499999993]]]}}, {"type": "Feature", "properties": {"layer": "building", "distance_m": 359.9, "source": "Google Open Buildings", "in_industrial_zone": false, "ghsl_2018": 1}, "geometry": {"type": "Polygon", "coordinates": [[[73.20822510000002, 22.237907200000002], [73.208255, 22.237905199999997], [73.20826310000001, 22.238008999999998], [73.20823320000001, 22.238010999999997], [73.20822510000002, 22.237907200000002]]]}}, {"type": "Feature", "properties": {"layer": "building", "distance_m": 345.6, "source": "Google Open Buildings", "in_industrial_zone": false, "ghsl_2018": 1}, "geometry": {"type": "Polygon", "coordinates": [[[73.20819400000002, 22.2377806], [73.20821850000002, 22.2377784], [73.20822940000001, 22.237881900000005], [73.20820490000001, 22.2378842], [73.20819400000002, 22.2377806]]]}}, {"type": "Feature", "properties": {"layer": "building", "distance_m": 324.4, "source": "Microsoft ML Buildings", "in_industrial_zone": false, "ghsl_2018": 1}, "geometry": {"type": "Polygon", "coordinates": [[[73.208201, 22.237603999999997], [73.20823730000001, 22.237582600000003], [73.20829080000001, 22.237660399999996], [73.20825450000001, 22.237681700000003], [73.208201, 22.237603999999997]]]}}, {"type": "Feature", "properties": {"layer": "building", "distance_m": 336.8, "source": "Google Open Buildings", "in_industrial_zone": false, "ghsl_2018": 1}, "geometry": {"type": "Polygon", "coordinates": [[[73.20830220000002, 22.2376933], [73.20832880000002, 22.237681899999995], [73.20835080000002, 22.2377264], [73.20832420000002, 22.2377378], [73.20830220000002, 22.2376933]]]}}, {"type": "Feature", "properties": {"layer": "building", "distance_m": 346.6, "source": "Microsoft ML Buildings", "in_industrial_zone": false, "ghsl_2018": 1}, "geometry": {"type": "Polygon", "coordinates": [[[73.20843670000001, 22.237922900000004], [73.20830740000001, 22.2379769], [73.20823150000001, 22.237821100000005], [73.20836070000001, 22.237767100000003], [73.20843670000001, 22.237922900000004]]]}}, {"type": "Feature", "properties": {"layer": "building", "distance_m": 213.1, "source": "Google Open Buildings", "in_industrial_zone": false, "ghsl_2018": 1}, "geometry": {"type": "Polygon", "coordinates": [[[73.2083116, 22.236546699999998], [73.20844910000001, 22.2365504], [73.2084451, 22.236678300000005], [73.2083077, 22.236674599999997], [73.2083116, 22.236546699999998]]]}}, {"type": "Feature", "properties": {"layer": "building", "distance_m": 223.2, "source": "Google Open Buildings", "in_industrial_zone": false, "ghsl_2018": 1}, "geometry": {"type": "Polygon", "coordinates": [[[73.2082253, 22.23665919999999], [73.20826300000002, 22.236649100000005], [73.20829470000001, 22.2366833], [73.20830180000002, 22.236706100000003], [73.2082659, 22.2367157], [73.2082253, 22.23665919999999]]]}}, {"type": "Feature", "properties": {"layer": "building", "distance_m": 263.8, "source": "Google Open Buildings", "in_industrial_zone": false, "ghsl_2018": 1}, "geometry": {"type": "Polygon", "coordinates": [[[73.2077176, 22.237083899999995], [73.2077413, 22.237065799999996], [73.2078004, 22.237132800000012], [73.2077767, 22.2371509], [73.2077176, 22.237083899999995]]]}}, {"type": "Feature", "properties": {"layer": "building", "distance_m": 156.6, "source": "Google Open Buildings", "in_industrial_zone": false, "ghsl_2018": 1}, "geometry": {"type": "Polygon", "coordinates": [[[73.2076883, 22.236097600000004], [73.2077622, 22.236166], [73.2077458, 22.236181399999996], [73.2076719, 22.236112999999996], [73.2076883, 22.236097600000004]]]}}, {"type": "Feature", "properties": {"layer": "building", "distance_m": 140.0, "source": "Google Open Buildings", "in_industrial_zone": false, "ghsl_2018": 1}, "geometry": {"type": "Polygon", "coordinates": [[[73.2076251, 22.2359472], [73.2077013, 22.235951999999997], [73.2076986, 22.235989700000005], [73.2076224, 22.2359849], [73.2076251, 22.2359472]]]}}, {"type": "Feature", "properties": {"layer": "building", "distance_m": 140.5, "source": "Google Open Buildings", "in_industrial_zone": false, "ghsl_2018": 1}, "geometry": {"type": "Polygon", "coordinates": [[[73.2077013, 22.235951999999997], [73.2077325, 22.235953900000002], [73.2077298, 22.235991599999995], [73.2076986, 22.235989700000005], [73.2077013, 22.235951999999997]]]}}, {"type": "Feature", "properties": {"layer": "building", "distance_m": 147.4, "source": "Google Open Buildings", "in_industrial_zone": false, "ghsl_2018": 1}, "geometry": {"type": "Polygon", "coordinates": [[[73.2077568, 22.236014500000003], [73.2078504, 22.236017499999996], [73.2078496, 22.2360375], [73.2077561, 22.236034500000002], [73.2077568, 22.236014500000003]]]}}, {"type": "Feature", "properties": {"layer": "building", "distance_m": 117.6, "source": "Google Open Buildings", "in_industrial_zone": false, "ghsl_2018": 1}, "geometry": {"type": "Polygon", "coordinates": [[[73.20776, 22.235745599999998], [73.20780590000001, 22.2357492], [73.2078023, 22.235788599999996], [73.2077564, 22.2357849], [73.20776, 22.235745599999998]]]}}, {"type": "Feature", "properties": {"layer": "building", "distance_m": 107.6, "source": "Google Open Buildings", "in_industrial_zone": false, "ghsl_2018": 1}, "geometry": {"type": "Polygon", "coordinates": [[[73.2076633, 22.235656700000003], [73.20769, 22.235654899999993], [73.2076929, 22.235690899999998], [73.2076661, 22.235692799999995], [73.2076633, 22.235656700000003]]]}}, {"type": "Feature", "properties": {"layer": "building", "distance_m": 125.1, "source": "Google Open Buildings", "in_industrial_zone": false, "ghsl_2018": 1}, "geometry": {"type": "Polygon", "coordinates": [[[73.20815590000001, 22.235765699999995], [73.2082039, 22.235770000000002], [73.2082012, 22.2357963], [73.2081531, 22.235792], [73.20815590000001, 22.235765699999995]]]}}, {"type": "Feature", "properties": {"layer": "building", "distance_m": 177.5, "source": "Microsoft ML Buildings", "in_industrial_zone": false, "ghsl_2018": 1}, "geometry": {"type": "Polygon", "coordinates": [[[73.2081292, 22.236369399999994], [73.2080761, 22.236364100000003], [73.2080882, 22.236261000000006], [73.2081412, 22.236266300000004], [73.2081292, 22.236369399999994]]]}}, {"type": "Feature", "properties": {"layer": "building", "distance_m": 182.0, "source": "Google Open Buildings", "in_industrial_zone": false, "ghsl_2018": 1}, "geometry": {"type": "Polygon", "coordinates": [[[73.2082466, 22.236279599999996], [73.2082327, 22.236366600000004], [73.2082099, 22.236363399999995], [73.2082238, 22.236276499999992], [73.2082466, 22.236279599999996]]]}}, {"type": "Feature", "properties": {"layer": "building", "distance_m": 182.9, "source": "Google Open Buildings", "in_industrial_zone": false, "ghsl_2018": 1}, "geometry": {"type": "Polygon", "coordinates": [[[73.2082818, 22.236284199999997], [73.2082567, 22.236372299999996], [73.208233, 22.236366499999995], [73.2082581, 22.2362783], [73.2082818, 22.236284199999997]]]}}, {"type": "Feature", "properties": {"layer": "building", "distance_m": 153.9, "source": "Microsoft ML Buildings", "in_industrial_zone": false, "ghsl_2018": 1}, "geometry": {"type": "Polygon", "coordinates": [[[73.2083078, 22.236077900000005], [73.2082173, 22.236070200000004], [73.2082225, 22.236018500000004], [73.2083129, 22.2360262], [73.2083078, 22.236077900000005]]]}}, {"type": "Feature", "properties": {"layer": "building", "distance_m": 165.1, "source": "Google Open Buildings", "in_industrial_zone": false, "ghsl_2018": 1}, "geometry": {"type": "Polygon", "coordinates": [[[73.2083303, 22.236100999999994], [73.2083519, 22.236102799999998], [73.2083477, 22.2361469], [73.2083261, 22.2361451], [73.2083303, 22.236100999999994]]]}}, {"type": "Feature", "properties": {"layer": "building", "distance_m": 162.8, "source": "Google Open Buildings", "in_industrial_zone": false, "ghsl_2018": 1}, "geometry": {"type": "Polygon", "coordinates": [[[73.20845540000002, 22.236064100000007], [73.2084448, 22.236155599999993], [73.2084137, 22.2361525], [73.2084244, 22.236060999999996], [73.20845540000002, 22.236064100000007]]]}}, {"type": "Feature", "properties": {"layer": "building", "distance_m": 164.5, "source": "Google Open Buildings", "in_industrial_zone": false, "ghsl_2018": 1}, "geometry": {"type": "Polygon", "coordinates": [[[73.2083917, 22.2360833], [73.2084214, 22.236086299999997], [73.2084137, 22.2361525], [73.208384, 22.2361495], [73.2083917, 22.2360833]]]}}, {"type": "Feature", "properties": {"layer": "building", "distance_m": 154.9, "source": "Google Open Buildings", "in_industrial_zone": false, "ghsl_2018": 1}, "geometry": {"type": "Polygon", "coordinates": [[[73.2083853, 22.235995999999997], [73.2084193, 22.235996400000005], [73.2084189, 22.236029499999997], [73.2083849, 22.236029100000003], [73.2083853, 22.235995999999997]]]}}, {"type": "Feature", "properties": {"layer": "building", "distance_m": 131.2, "source": "Google Open Buildings", "in_industrial_zone": false, "ghsl_2018": 1}, "geometry": {"type": "Polygon", "coordinates": [[[73.2083354, 22.235787299999995], [73.2084922, 22.2358012], [73.2084857, 22.235864499999998], [73.2083289, 22.235850499999998], [73.2083354, 22.235787299999995]]]}}, {"type": "Feature", "properties": {"layer": "building", "distance_m": 106.4, "source": "Google Open Buildings", "in_industrial_zone": false, "ghsl_2018": 1}, "geometry": {"type": "Polygon", "coordinates": [[[73.2084046, 22.235575399999995], [73.2084017, 22.235609799999995], [73.208289, 22.235601600000003], [73.2082919, 22.2355672], [73.2084046, 22.235575399999995]]]}}, {"type": "Feature", "properties": {"layer": "building", "distance_m": 136.8, "source": "Google Open Buildings", "in_industrial_zone": false, "ghsl_2018": 1}, "geometry": {"type": "Polygon", "coordinates": [[[73.2084922, 22.2358012], [73.2085631, 22.235807600000005], [73.2085525, 22.235910899999997], [73.2086658, 22.235921000000005], [73.2086495, 22.236079699999998], [73.2084653, 22.2360633], [73.2084922, 22.2358012]]]}}, {"type": "Feature", "properties": {"layer": "building", "distance_m": 129.8, "source": "Microsoft ML Buildings", "in_industrial_zone": false, "ghsl_2018": 1}, "geometry": {"type": "Polygon", "coordinates": [[[73.20860410000002, 22.235738800000007], [73.20860920000001, 22.235694600000002], [73.2087179, 22.235705300000003], [73.20871280000001, 22.235749500000008], [73.20860410000002, 22.235738800000007]]]}}, {"type": "Feature", "properties": {"layer": "building", "distance_m": 144.0, "source": "Google Open Buildings", "in_industrial_zone": false, "ghsl_2018": 1}, "geometry": {"type": "Polygon", "coordinates": [[[73.2086507, 22.235816299999993], [73.2087037, 22.235820399999994], [73.2087014, 22.2358462], [73.2086484, 22.2358421], [73.2086507, 22.235816299999993]]]}}, {"type": "Feature", "properties": {"layer": "building", "distance_m": 179.4, "source": "Google Open Buildings", "in_industrial_zone": false, "ghsl_2018": 1}, "geometry": {"type": "Polygon", "coordinates": [[[73.2086886, 22.2361448], [73.2087692, 22.236138599999997], [73.2087712, 22.2361612], [73.2086906, 22.2361674], [73.2086886, 22.2361448]]]}}, {"type": "Feature", "properties": {"layer": "building", "distance_m": 159.2, "source": "Google Open Buildings", "in_industrial_zone": false, "ghsl_2018": 1}, "geometry": {"type": "Polygon", "coordinates": [[[73.2086597, 22.235980399999995], [73.20869810000002, 22.235983800000003], [73.208702, 22.235945599999994], [73.20884860000001, 22.235958699999994], [73.2088344, 22.2360962], [73.2086495, 22.236079699999998], [73.2086597, 22.235980399999995]]]}}, {"type": "Feature", "properties": {"layer": "building", "distance_m": 193.3, "source": "Google Open Buildings", "in_industrial_zone": false, "ghsl_2018": 1}, "geometry": {"type": "Polygon", "coordinates": [[[73.20856470000001, 22.2363126], [73.2086504, 22.236351899999992], [73.2086384, 22.236374699999992], [73.2085527, 22.236335299999997], [73.20856470000001, 22.2363126]]]}}, {"type": "Feature", "properties": {"layer": "building", "distance_m": 195.4, "source": "Google Open Buildings", "in_industrial_zone": false, "ghsl_2018": 1}, "geometry": {"type": "Polygon", "coordinates": [[[73.2085527, 22.236335299999997], [73.2086384, 22.236374699999992], [73.2086243, 22.236401300000004], [73.2085386, 22.2363619], [73.2085527, 22.236335299999997]]]}}, {"type": "Feature", "properties": {"layer": "building", "distance_m": 184.0, "source": "Google Open Buildings", "in_industrial_zone": false, "ghsl_2018": 1}, "geometry": {"type": "Polygon", "coordinates": [[[73.2084468, 22.236252399999994], [73.2085528, 22.236266199999996], [73.2085498, 22.23628619999999], [73.2084438, 22.236272500000002], [73.2084468, 22.236252399999994]]]}}, {"type": "Feature", "properties": {"layer": "building", "distance_m": 215.2, "source": "Google Open Buildings", "in_industrial_zone": false, "ghsl_2018": 1}, "geometry": {"type": "Polygon", "coordinates": [[[73.2084868, 22.236532699999998], [73.2085442, 22.236536599999997], [73.2085407, 22.236580899999996], [73.2084833, 22.2365769], [73.2084868, 22.236532699999998]]]}}, {"type": "Feature", "properties": {"layer": "building", "distance_m": 197.9, "source": "Google Open Buildings", "in_industrial_zone": false, "ghsl_2018": 1}, "geometry": {"type": "Polygon", "coordinates": [[[73.2085386, 22.2363619], [73.2086243, 22.236401300000004], [73.2086125, 22.236423599999988], [73.2085268, 22.2363842], [73.2085386, 22.2363619]]]}}, {"type": "Feature", "properties": {"layer": "building", "distance_m": 234.7, "source": "Microsoft ML Buildings", "in_industrial_zone": false, "ghsl_2018": 1}, "geometry": {"type": "Polygon", "coordinates": [[[73.20846200000001, 22.2367169], [73.2085423, 22.236713299999995], [73.2085459, 22.2367826], [73.2084656, 22.236786199999994], [73.20846200000001, 22.2367169]]]}}, {"type": "Feature", "properties": {"layer": "building", "distance_m": 251.7, "source": "Google Open Buildings", "in_industrial_zone": false, "ghsl_2018": 1}, "geometry": {"type": "Polygon", "coordinates": [[[73.20856710000001, 22.2368542], [73.2085874, 22.236852199999998], [73.208593, 22.236901800000002], [73.2085727, 22.236903799999997], [73.20856710000001, 22.2368542]]]}}, {"type": "Feature", "properties": {"layer": "building", "distance_m": 244.2, "source": "Microsoft ML Buildings", "in_industrial_zone": false, "ghsl_2018": 1}, "geometry": {"type": "Polygon", "coordinates": [[[73.20861780000001, 22.2368509], [73.20856160000001, 22.2368533], [73.20855830000002, 22.236786400000003], [73.20861450000001, 22.236784], [73.20861780000001, 22.2368509]]]}}, {"type": "Feature", "properties": {"layer": "building", "distance_m": 288.8, "source": "Microsoft ML Buildings", "in_industrial_zone": false, "ghsl_2018": 1}, "geometry": {"type": "Polygon", "coordinates": [[[73.20887910000002, 22.237267899999996], [73.20883190000002, 22.237269500000004], [73.20882690000002, 22.237140499999995], [73.20887410000002, 22.237139000000003], [73.20887910000002, 22.237267899999996]]]}}, {"type": "Feature", "properties": {"layer": "building", "distance_m": 251.9, "source": "Google Open Buildings", "in_industrial_zone": false, "ghsl_2018": 1}, "geometry": {"type": "Polygon", "coordinates": [[[73.20886980000002, 22.236798799999992], [73.20887250000001, 22.236842300000003], [73.2087937, 22.236846499999995], [73.208791, 22.236803099999996], [73.20886980000002, 22.236798799999992]]]}}, {"type": "Feature", "properties": {"layer": "building", "distance_m": 221.6, "source": "Google Open Buildings", "in_industrial_zone": false, "ghsl_2018": 1}, "geometry": {"type": "Polygon", "coordinates": [[[73.2087533, 22.236527099999996], [73.20897700000002, 22.236532500000003], [73.20896970000001, 22.236794300000003], [73.20874590000001, 22.236788899999997], [73.2087533, 22.236527099999996]]]}}, {"type": "Feature", "properties": {"layer": "building", "distance_m": 211.0, "source": "Google Open Buildings", "in_industrial_zone": false, "ghsl_2018": 1}, "geometry": {"type": "Polygon", "coordinates": [[[73.2087262, 22.236434999999997], [73.20879870000002, 22.236440200000004], [73.20879720000002, 22.2364584], [73.20872470000002, 22.2364532], [73.2087262, 22.236434999999997]]]}}, {"type": "Feature", "properties": {"layer": "building", "distance_m": 215.0, "source": "Google Open Buildings", "in_industrial_zone": false, "ghsl_2018": 1}, "geometry": {"type": "Polygon", "coordinates": [[[73.2088229, 22.236440799999993], [73.20891970000001, 22.236449300000007], [73.20891670000002, 22.236479099999997], [73.20881990000001, 22.236470600000004], [73.2088229, 22.236440799999993]]]}}, {"type": "Feature", "properties": {"layer": "building", "distance_m": 212.3, "source": "Google Open Buildings", "in_industrial_zone": false, "ghsl_2018": 1}, "geometry": {"type": "Polygon", "coordinates": [[[73.2088256, 22.236413899999995], [73.2089224, 22.23642239999999], [73.20891970000001, 22.236449300000007], [73.2088229, 22.236440799999993], [73.2088256, 22.236413899999995]]]}}, {"type": "Feature", "properties": {"layer": "building", "distance_m": 283.8, "source": "Google Open Buildings", "in_industrial_zone": false, "ghsl_2018": 1}, "geometry": {"type": "Polygon", "coordinates": [[[73.20887290000002, 22.2370805], [73.20892790000002, 22.2370786], [73.20893580000002, 22.2372778], [73.20888080000002, 22.2372797], [73.20887290000002, 22.2370805]]]}}, {"type": "Feature", "properties": {"layer": "building", "distance_m": 275.7, "source": "Google Open Buildings", "in_industrial_zone": false, "ghsl_2018": 1}, "geometry": {"type": "Polygon", "coordinates": [[[73.20896420000001, 22.2369764], [73.20901160000001, 22.236974899999993], [73.20901410000002, 22.2370451], [73.20899460000001, 22.237045700000003], [73.20899390000001, 22.23702640000001], [73.20896600000002, 22.2370273], [73.20896420000001, 22.2369764]]]}}, {"type": "Feature", "properties": {"layer": "building", "distance_m": 281.2, "source": "Google Open Buildings", "in_industrial_zone": false, "ghsl_2018": 1}, "geometry": {"type": "Polygon", "coordinates": [[[73.20900760000002, 22.2370148], [73.20904840000001, 22.237013199999996], [73.20905010000001, 22.237051600000004], [73.2090093, 22.23705319999999], [73.20900760000002, 22.2370148]]]}}, {"type": "Feature", "properties": {"layer": "building", "distance_m": 293.2, "source": "Microsoft ML Buildings", "in_industrial_zone": false, "ghsl_2018": 1}, "geometry": {"type": "Polygon", "coordinates": [[[73.20894670000001, 22.237202400000005], [73.20894550000001, 22.2371491], [73.20905010000001, 22.237147100000005], [73.20905130000001, 22.237200399999995], [73.20894670000001, 22.237202400000005]]]}}, {"type": "Feature", "properties": {"layer": "building", "distance_m": 287.4, "source": "Microsoft ML Buildings", "in_industrial_zone": false, "ghsl_2018": 1}, "geometry": {"type": "Polygon", "coordinates": [[[73.20905390000001, 22.237058399999995], [73.20919330000001, 22.237061900000004], [73.20919120000002, 22.237133799999995], [73.2090518, 22.2371304], [73.20905390000001, 22.237058399999995]]]}}, {"type": "Feature", "properties": {"layer": "building", "distance_m": 162.5, "source": "Google Open Buildings", "in_industrial_zone": false, "ghsl_2018": 1}, "geometry": {"type": "Polygon", "coordinates": [[[73.20891590000001, 22.2359029], [73.2089805, 22.2359085], [73.2089678, 22.2360338], [73.2089965, 22.2360364], [73.20898910000001, 22.236109300000003], [73.2088349, 22.236095799999994], [73.20884880000001, 22.2359591], [73.2088787, 22.235961699999997], [73.2088809, 22.235939800000004], [73.2089119, 22.235942599999998], [73.20891590000001, 22.2359029]]]}}, {"type": "Feature", "properties": {"layer": "building", "distance_m": 181.6, "source": "Microsoft ML Buildings", "in_industrial_zone": false, "ghsl_2018": 1}, "geometry": {"type": "Polygon", "coordinates": [[[73.20959360000002, 22.235863300000005], [73.20949270000001, 22.235853700000007], [73.2094979, 22.235806999999994], [73.20959870000002, 22.2358166], [73.20959360000002, 22.235863300000005]]]}}, {"type": "Feature", "properties": {"layer": "building", "distance_m": 305.4, "source": "Google Open Buildings", "in_industrial_zone": false, "ghsl_2018": 1}, "geometry": {"type": "Polygon", "coordinates": [[[73.20975060000002, 22.237041199999997], [73.209755, 22.237121599999995], [73.20956500000001, 22.237130699999998], [73.20956060000002, 22.2370502], [73.20975060000002, 22.237041199999997]]]}}, {"type": "Feature", "properties": {"layer": "building", "distance_m": 302.1, "source": "Google Open Buildings", "in_industrial_zone": false, "ghsl_2018": 1}, "geometry": {"type": "Polygon", "coordinates": [[[73.20946770000002, 22.237054699999998], [73.20956060000002, 22.2370502], [73.20956500000001, 22.237130699999998], [73.20947210000001, 22.237135099999996], [73.20946770000002, 22.237054699999998]]]}}, {"type": "Feature", "properties": {"layer": "building", "distance_m": 298.4, "source": "Google Open Buildings", "in_industrial_zone": false, "ghsl_2018": 1}, "geometry": {"type": "Polygon", "coordinates": [[[73.20965400000001, 22.236937999999995], [73.20973920000002, 22.2369351], [73.20974350000002, 22.2370457], [73.20965830000002, 22.2370486], [73.20965400000001, 22.236937999999995]]]}}, {"type": "Feature", "properties": {"layer": "building", "distance_m": 279.8, "source": "Google Open Buildings", "in_industrial_zone": false, "ghsl_2018": 1}, "geometry": {"type": "Polygon", "coordinates": [[[73.20967250000001, 22.236738000000006], [73.20975270000001, 22.236740300000005], [73.20974630000002, 22.236932399999997], [73.20966620000002, 22.236930099999995], [73.20967250000001, 22.236738000000006]]]}}, {"type": "Feature", "properties": {"layer": "building", "distance_m": 299.2, "source": "Google Open Buildings", "in_industrial_zone": false, "ghsl_2018": 1}, "geometry": {"type": "Polygon", "coordinates": [[[73.20938340000001, 22.237058099999995], [73.20946810000001, 22.2370543], [73.20947230000002, 22.23713469999999], [73.20938760000001, 22.237138499999997], [73.20938340000001, 22.237058099999995]]]}}, {"type": "Feature", "properties": {"layer": "building", "distance_m": 296.9, "source": "Google Open Buildings", "in_industrial_zone": false, "ghsl_2018": 1}, "geometry": {"type": "Polygon", "coordinates": [[[73.20933320000002, 22.2370539], [73.20938860000001, 22.237052800000008], [73.20939240000001, 22.237215400000004], [73.20933710000001, 22.237216499999995], [73.20933320000002, 22.2370539]]]}}, {"type": "Feature", "properties": {"layer": "building", "distance_m": 314.1, "source": "Google Open Buildings", "in_industrial_zone": false, "ghsl_2018": 1}, "geometry": {"type": "Polygon", "coordinates": [[[73.20934030000001, 22.237217299999998], [73.20939840000001, 22.2372184], [73.20939600000001, 22.237325799999997], [73.20933800000002, 22.23732469999999], [73.20934030000001, 22.237217299999998]]]}}, {"type": "Feature", "properties": {"layer": "building", "distance_m": 325.3, "source": "Google Open Buildings", "in_industrial_zone": false, "ghsl_2018": 1}, "geometry": {"type": "Polygon", "coordinates": [[[73.20933960000002, 22.237325199999997], [73.20939500000001, 22.237324000000005], [73.20939660000002, 22.237390499999993], [73.20934120000001, 22.237391699999993], [73.20933960000002, 22.237325199999997]]]}}, {"type": "Feature", "properties": {"layer": "building", "distance_m": 314.1, "source": "OpenStreetMap", "in_industrial_zone": false, "ghsl_2018": 1}, "geometry": {"type": "Polygon", "coordinates": [[[73.2097447, 22.237380699999996], [73.20943240000001, 22.237412100000004], [73.20940680000001, 22.237194199999994], [73.20971910000002, 22.237162800000004], [73.2097447, 22.237380699999996]]]}}, {"type": "Feature", "properties": {"layer": "building", "distance_m": 347.8, "source": "Microsoft ML Buildings", "in_industrial_zone": false, "ghsl_2018": 1}, "geometry": {"type": "Polygon", "coordinates": [[[73.20935130000001, 22.237561999999997], [73.2093521, 22.237764300000002], [73.20941640000001, 22.237764000000002], [73.20941700000002, 22.2379055], [73.20934730000002, 22.237905800000004], [73.20934690000001, 22.23781890000001], [73.2092782, 22.237819099999996], [73.20927800000001, 22.237768299999995], [73.2092458, 22.2377685], [73.2092456, 22.2377274], [73.20928050000002, 22.237727299999996], [73.20927990000001, 22.237562300000008], [73.20935130000001, 22.237561999999997]]]}}, {"type": "Feature", "properties": {"layer": "building", "distance_m": 442.7, "source": "Google Open Buildings", "in_industrial_zone": false, "ghsl_2018": 0}, "geometry": {"type": "Polygon", "coordinates": [[[73.209807, 22.2382999], [73.20983, 22.238286899999995], [73.2098773, 22.238359200000005], [73.2098543, 22.238372300000005], [73.209807, 22.2382999]]]}}, {"type": "Feature", "properties": {"layer": "building", "distance_m": 421.0, "source": "Google Open Buildings", "in_industrial_zone": false, "ghsl_2018": 1}, "geometry": {"type": "Polygon", "coordinates": [[[73.2101709, 22.237987299999997], [73.21018290000002, 22.238100599999992], [73.210033, 22.238114399999997], [73.2100209, 22.238001199999996], [73.2101709, 22.237987299999997]]]}}, {"type": "Feature", "properties": {"layer": "building", "distance_m": 356.7, "source": "Microsoft ML Buildings", "in_industrial_zone": false, "ghsl_2018": 1}, "geometry": {"type": "Polygon", "coordinates": [[[73.2101705, 22.237388299999996], [73.2101143, 22.237390799999996], [73.2101099, 22.237306599999993], [73.2101661, 22.2373041], [73.2101705, 22.237388299999996]]]}}, {"type": "Feature", "properties": {"layer": "building", "distance_m": 419.5, "source": "Google Open Buildings", "in_industrial_zone": false, "ghsl_2018": 1}, "geometry": {"type": "Polygon", "coordinates": [[[73.2103606, 22.237825100000002], [73.2104773, 22.237827199999998], [73.2104764, 22.237871499999994], [73.2103597, 22.2378695], [73.2103606, 22.237825100000002]]]}}, {"type": "Feature", "properties": {"layer": "building", "distance_m": 425.3, "source": "Google Open Buildings", "in_industrial_zone": false, "ghsl_2018": 1}, "geometry": {"type": "Polygon", "coordinates": [[[73.2103898, 22.23787], [73.2104462, 22.237870999999995], [73.2104455, 22.2379075], [73.210389, 22.237906499999998], [73.2103898, 22.23787]]]}}, {"type": "Feature", "properties": {"layer": "building", "distance_m": 422.2, "source": "Google Open Buildings", "in_industrial_zone": false, "ghsl_2018": 1}, "geometry": {"type": "Polygon", "coordinates": [[[73.2103462, 22.237860799999993], [73.2104022, 22.2378641], [73.2104004, 22.237890500000002], [73.2103444, 22.237887199999996], [73.2103462, 22.237860799999993]]]}}, {"type": "Feature", "properties": {"layer": "building", "distance_m": 431.6, "source": "Google Open Buildings", "in_industrial_zone": false, "ghsl_2018": 1}, "geometry": {"type": "Polygon", "coordinates": [[[73.2103331, 22.2379642], [73.2103611, 22.2379613], [73.2103724, 22.238056500000003], [73.2103444, 22.238059399999997], [73.2103331, 22.2379642]]]}}, {"type": "Feature", "properties": {"layer": "building", "distance_m": 489.1, "source": "Google Open Buildings", "in_industrial_zone": false, "ghsl_2018": 1}, "geometry": {"type": "Polygon", "coordinates": [[[73.2101811, 22.2386072], [73.2102868, 22.238603600000005], [73.2102935, 22.2387737], [73.2101878, 22.2387773], [73.2101811, 22.2386072]]]}}, {"type": "Feature", "properties": {"layer": "building", "distance_m": 498.0, "source": "Google Open Buildings", "in_industrial_zone": false, "ghsl_2018": 1}, "geometry": {"type": "Polygon", "coordinates": [[[73.2103021, 22.2386466], [73.2103728, 22.238643999999997], [73.2103751, 22.238697699999996], [73.2103043, 22.2387003], [73.2103021, 22.2386466]]]}}, {"type": "Feature", "properties": {"layer": "building", "distance_m": 493.8, "source": "Google Open Buildings", "in_industrial_zone": false, "ghsl_2018": 1}, "geometry": {"type": "Polygon", "coordinates": [[[73.2103004, 22.2386059], [73.2103465, 22.238604199999997], [73.2103482, 22.2386449], [73.2103021, 22.2386466], [73.2103004, 22.2386059]]]}}, {"type": "Feature", "properties": {"layer": "building", "distance_m": 489.1, "source": "Google Open Buildings", "in_industrial_zone": false, "ghsl_2018": 1}, "geometry": {"type": "Polygon", "coordinates": [[[73.2103663, 22.238530099999995], [73.2104308, 22.2385339], [73.2104266, 22.2385952], [73.21036210000001, 22.238591299999996], [73.2103663, 22.238530099999995]]]}}, {"type": "Feature", "properties": {"layer": "building", "distance_m": 496.6, "source": "Google Open Buildings", "in_industrial_zone": false, "ghsl_2018": 1}, "geometry": {"type": "Polygon", "coordinates": [[[73.2103711, 22.238603299999998], [73.2104148, 22.238601700000004], [73.2104166, 22.2386424], [73.2103728, 22.238643999999997], [73.2103711, 22.238603299999998]]]}}, {"type": "Feature", "properties": {"layer": "building", "distance_m": 468.8, "source": "Google Open Buildings", "in_industrial_zone": false, "ghsl_2018": 1}, "geometry": {"type": "Polygon", "coordinates": [[[73.2106411, 22.2382984], [73.2106562, 22.2384411], [73.2103891, 22.238465599999998], [73.210374, 22.238322900000004], [73.2106411, 22.2382984]]]}}, {"type": "Feature", "properties": {"layer": "building", "distance_m": 426.0, "source": "Google Open Buildings", "in_industrial_zone": false, "ghsl_2018": 1}, "geometry": {"type": "Polygon", "coordinates": [[[73.2105186, 22.237810500000002], [73.2105985, 22.237816599999995], [73.2105925, 22.237884100000002], [73.2105126, 22.237878], [73.2105186, 22.237810500000002]]]}}, {"type": "Feature", "properties": {"layer": "building", "distance_m": 335.4, "source": "Google Open Buildings", "in_industrial_zone": false, "ghsl_2018": 0}, "geometry": {"type": "Polygon", "coordinates": [[[73.2110548, 22.2363567], [73.2113773, 22.236399999999996], [73.2113686, 22.2364562], [73.21104610000002, 22.236412899999994], [73.2110548, 22.2363567]]]}}, {"type": "Feature", "properties": {"layer": "building", "distance_m": 477.0, "source": "Google Open Buildings", "in_industrial_zone": false, "ghsl_2018": 1}, "geometry": {"type": "Polygon", "coordinates": [[[73.2112224, 22.237938899999996], [73.211266, 22.237939300000004], [73.2112656, 22.237975499999997], [73.2112219, 22.237975000000002], [73.2112224, 22.237938899999996]]]}}, {"type": "Feature", "properties": {"layer": "building", "distance_m": 465.0, "source": "Google Open Buildings", "in_industrial_zone": false, "ghsl_2018": 1}, "geometry": {"type": "Polygon", "coordinates": [[[73.2110294, 22.2379322], [73.2110965, 22.237933], [73.2110954, 22.238023300000002], [73.2110282, 22.238022499999996], [73.2110294, 22.2379322]]]}}, {"type": "Feature", "properties": {"layer": "building", "distance_m": 478.8, "source": "Microsoft ML Buildings", "in_industrial_zone": false, "ghsl_2018": 1}, "geometry": {"type": "Polygon", "coordinates": [[[73.2110884, 22.238109899999998], [73.2110851, 22.238196699999992], [73.2109833, 22.238193399999997], [73.2109866, 22.2381066], [73.2110884, 22.238109899999998]]]}}, {"type": "Feature", "properties": {"layer": "building", "distance_m": 488.7, "source": "Microsoft ML Buildings", "in_industrial_zone": false, "ghsl_2018": 1}, "geometry": {"type": "Polygon", "coordinates": [[[73.2109059, 22.2382575], [73.2112356, 22.238264500000003], [73.21123370000001, 22.2383414], [73.210904, 22.2383344], [73.2109059, 22.2382575]]]}}, {"type": "Feature", "properties": {"layer": "building", "distance_m": 483.2, "source": "Microsoft ML Buildings", "in_industrial_zone": false, "ghsl_2018": 1}, "geometry": {"type": "Polygon", "coordinates": [[[73.2111754, 22.2380943], [73.21117, 22.2381374], [73.2110949, 22.238129400000002], [73.21110030000001, 22.238086299999996], [73.2111754, 22.2380943]]]}}, {"type": "Feature", "properties": {"layer": "building", "distance_m": 490.6, "source": "Google Open Buildings", "in_industrial_zone": false, "ghsl_2018": 1}, "geometry": {"type": "Polygon", "coordinates": [[[73.2112256, 22.238087599999986], [73.2112693, 22.2380887], [73.2112681, 22.2381333], [73.2112244, 22.2381323], [73.2112256, 22.238087599999986]]]}}, {"type": "Feature", "properties": {"layer": "building", "distance_m": 175.8, "source": "Google Open Buildings", "in_industrial_zone": false, "ghsl_2018": 0}, "geometry": {"type": "Polygon", "coordinates": [[[73.2057893, 22.235923799999995], [73.2058419, 22.235918499999997], [73.2058456, 22.2359506], [73.205793, 22.235955900000004], [73.2057893, 22.235923799999995]]]}}, {"type": "Feature", "properties": {"layer": "building", "distance_m": 254.1, "source": "Google Open Buildings", "in_industrial_zone": false, "ghsl_2018": 1}, "geometry": {"type": "Polygon", "coordinates": [[[73.2054929, 22.236570699999998], [73.2055454, 22.2365713], [73.2055451, 22.2365939], [73.2054926, 22.2365933], [73.2054929, 22.236570699999998]]]}}, {"type": "Feature", "properties": {"layer": "building", "distance_m": 257.1, "source": "Google Open Buildings", "in_industrial_zone": false, "ghsl_2018": 1}, "geometry": {"type": "Polygon", "coordinates": [[[73.2054723, 22.236609500000004], [73.2055702, 22.236612399999995], [73.2055667, 22.236716499999996], [73.2054688, 22.2367136], [73.2054723, 22.236609500000004]]]}}, {"type": "Feature", "properties": {"layer": "building", "distance_m": 252.5, "source": "Google Open Buildings", "in_industrial_zone": false, "ghsl_2018": 1}, "geometry": {"type": "Polygon", "coordinates": [[[73.2052941, 22.236468600000002], [73.2053685, 22.2364708], [73.2053678, 22.236490500000006], [73.205377, 22.236490800000002], [73.2053748, 22.2365566], [73.2053731, 22.2365565], [73.205363, 22.2368587], [73.2053038, 22.236857000000004], [73.2052941, 22.236468600000002]]]}}, {"type": "Feature", "properties": {"layer": "building", "distance_m": 218.5, "source": "Microsoft ML Buildings", "in_industrial_zone": false, "ghsl_2018": 0}, "geometry": {"type": "Polygon", "coordinates": [[[73.2049869, 22.2358836], [73.204945, 22.235889699999998], [73.20494, 22.235860700000003], [73.2049819, 22.235854500000002], [73.2049869, 22.2358836]]]}}, {"type": "Feature", "properties": {"layer": "building", "distance_m": 491.7, "source": "Microsoft ML Buildings", "in_industrial_zone": false, "ghsl_2018": 1}, "geometry": {"type": "Polygon", "coordinates": [[[73.2037617, 22.238187], [73.2035591, 22.2381941], [73.2035552, 22.238098900000004], [73.20375779999999, 22.238091799999996], [73.2037617, 22.238187]]]}}, {"type": "Feature", "properties": {"layer": "building", "distance_m": 479.3, "source": "OpenStreetMap", "in_industrial_zone": false, "ghsl_2018": 1}, "geometry": {"type": "Polygon", "coordinates": [[[73.2028586, 22.2372386], [73.202726, 22.2372436], [73.2027235, 22.237185600000004], [73.20285599999998, 22.23718059999999], [73.2028586, 22.2372386]]]}}, {"type": "Feature", "properties": {"layer": "building", "distance_m": 473.6, "source": "OpenStreetMap", "in_industrial_zone": false, "ghsl_2018": 1}, "geometry": {"type": "Polygon", "coordinates": [[[73.2028267, 22.237120700000002], [73.2026942, 22.2371257], [73.2026916, 22.237067700000004], [73.20282419999998, 22.237062599999998], [73.2028267, 22.237120700000002]]]}}, {"type": "Feature", "properties": {"layer": "building", "distance_m": 492.0, "source": "OpenStreetMap", "in_industrial_zone": false, "ghsl_2018": 1}, "geometry": {"type": "Polygon", "coordinates": [[[73.2027011, 22.2372403], [73.2025685, 22.237245199999997], [73.20256599999999, 22.237187199999997], [73.20269849999998, 22.237182200000003], [73.2027011, 22.2372403]]]}}, {"type": "Feature", "properties": {"layer": "building", "distance_m": 498.1, "source": "OpenStreetMap", "in_industrial_zone": false, "ghsl_2018": 1}, "geometry": {"type": "Polygon", "coordinates": [[[73.20270639999998, 22.237333600000003], [73.2025739, 22.237338599999998], [73.2025713, 22.2372806], [73.2027038, 22.237275600000004], [73.20270639999998, 22.237333600000003]]]}}, {"type": "Feature", "properties": {"layer": "building", "distance_m": 485.1, "source": "OpenStreetMap", "in_industrial_zone": false, "ghsl_2018": 1}, "geometry": {"type": "Polygon", "coordinates": [[[73.20286919999998, 22.237331999999995], [73.2027367, 22.237337000000004], [73.20273410000001, 22.237279], [73.2028666, 22.2372739], [73.20286919999998, 22.237331999999995]]]}}, {"type": "Feature", "properties": {"layer": "building", "distance_m": 494.5, "source": "OpenStreetMap", "in_industrial_zone": false, "ghsl_2018": 1}, "geometry": {"type": "Polygon", "coordinates": [[[73.2028515, 22.2374417], [73.202719, 22.2374467], [73.20271640000001, 22.237388699999997], [73.2028489, 22.237383700000006], [73.2028515, 22.2374417]]]}}, {"type": "Feature", "properties": {"layer": "building", "distance_m": 493.1, "source": "OpenStreetMap", "in_industrial_zone": false, "ghsl_2018": 1}, "geometry": {"type": "Polygon", "coordinates": [[[73.2030482, 22.2376389], [73.2029825, 22.2376402], [73.2029807, 22.237561399999997], [73.2030463, 22.2375601], [73.2030482, 22.2376389]]]}}, {"type": "Feature", "properties": {"layer": "building", "distance_m": 487.8, "source": "OpenStreetMap", "in_industrial_zone": false, "ghsl_2018": 1}, "geometry": {"type": "Polygon", "coordinates": [[[73.20301780000001, 22.2375203], [73.2028853, 22.237525299999998], [73.2028827, 22.2374673], [73.2030153, 22.237462300000004], [73.20301780000001, 22.2375203]]]}}, {"type": "Feature", "properties": {"layer": "building", "distance_m": 499.2, "source": "OpenStreetMap", "in_industrial_zone": false, "ghsl_2018": 1}, "geometry": {"type": "Polygon", "coordinates": [[[73.20297440000002, 22.237647599999995], [73.2029088, 22.237648900000007], [73.20290690000002, 22.237570100000006], [73.2029725, 22.2375688], [73.20297440000002, 22.237647599999995]]]}}, {"type": "Feature", "properties": {"layer": "building", "distance_m": 472.6, "source": "OpenStreetMap", "in_industrial_zone": false, "ghsl_2018": 1}, "geometry": {"type": "Polygon", "coordinates": [[[73.2030267, 22.237327100000005], [73.2028941, 22.237332099999993], [73.2028916, 22.23727400000001], [73.20302409999998, 22.237269], [73.2030267, 22.237327100000005]]]}}, {"type": "Feature", "properties": {"layer": "building", "distance_m": 481.9, "source": "OpenStreetMap", "in_industrial_zone": false, "ghsl_2018": 1}, "geometry": {"type": "Polygon", "coordinates": [[[73.2030108, 22.237435200000004], [73.2028782, 22.237440200000005], [73.2028757, 22.237382099999998], [73.2030082, 22.237377100000003], [73.2030108, 22.237435200000004]]]}}, {"type": "Feature", "properties": {"layer": "building", "distance_m": 487.9, "source": "OpenStreetMap", "in_industrial_zone": false, "ghsl_2018": 1}, "geometry": {"type": "Polygon", "coordinates": [[[73.2031166, 22.237636400000003], [73.2030509, 22.2376378], [73.2030491, 22.237559], [73.2031147, 22.237557600000002], [73.2031166, 22.237636400000003]]]}}, {"type": "Feature", "properties": {"layer": "building", "distance_m": 475.8, "source": "OpenStreetMap", "in_industrial_zone": false, "ghsl_2018": 1}, "geometry": {"type": "Polygon", "coordinates": [[[73.2031806, 22.2375203], [73.2030481, 22.2375253], [73.2030456, 22.2374673], [73.2031781, 22.237462300000004], [73.2031806, 22.2375203]]]}}, {"type": "Feature", "properties": {"layer": "building", "distance_m": 482.9, "source": "OpenStreetMap", "in_industrial_zone": false, "ghsl_2018": 1}, "geometry": {"type": "Polygon", "coordinates": [[[73.20318629999998, 22.237636400000003], [73.2031207, 22.2376378], [73.20311879999998, 22.237559], [73.2031844, 22.2375576], [73.20318629999998, 22.237636400000003]]]}}, {"type": "Feature", "properties": {"layer": "building", "distance_m": 478.1, "source": "OpenStreetMap", "in_industrial_zone": false, "ghsl_2018": 1}, "geometry": {"type": "Polygon", "coordinates": [[[73.2032534, 22.237636400000003], [73.2031877, 22.2376378], [73.2031858, 22.237559], [73.2032515, 22.237557599999995], [73.2032534, 22.237636400000003]]]}}, {"type": "Feature", "properties": {"layer": "building", "distance_m": 444.5, "source": "Google Open Buildings", "in_industrial_zone": false, "ghsl_2018": 1}, "geometry": {"type": "Polygon", "coordinates": [[[73.20333419999999, 22.237281099999997], [73.2034089, 22.237276999999995], [73.20341379999999, 22.237354900000003], [73.2033391, 22.237358999999998], [73.20333419999999, 22.237281099999997]]]}}, {"type": "Feature", "properties": {"layer": "building", "distance_m": 473.3, "source": "OpenStreetMap", "in_industrial_zone": false, "ghsl_2018": 1}, "geometry": {"type": "Polygon", "coordinates": [[[73.2033204, 22.237635199999996], [73.2032548, 22.237636500000004], [73.2032529, 22.237557699999996], [73.2033185, 22.237556399999995], [73.2033204, 22.237635199999996]]]}}, {"type": "Feature", "properties": {"layer": "building", "distance_m": 496.6, "source": "Google Open Buildings", "in_industrial_zone": false, "ghsl_2018": 1}, "geometry": {"type": "Polygon", "coordinates": [[[73.2031573, 22.237704], [73.2031574, 22.2377909], [73.2030933, 22.237790900000004], [73.2030933, 22.2377717], [73.2030216, 22.237771700000007], [73.2030215, 22.237753399999992], [73.2029939, 22.237753399999995], [73.2029939, 22.2377041], [73.2031573, 22.237704]]]}}, {"type": "Feature", "properties": {"layer": "building", "distance_m": 481.1, "source": "OpenStreetMap", "in_industrial_zone": false, "ghsl_2018": 1}, "geometry": {"type": "Polygon", "coordinates": [[[73.20266389999999, 22.2370322], [73.2025314, 22.2370372], [73.2025288, 22.236979199999997], [73.2026614, 22.236974199999995], [73.20266389999999, 22.2370322]]]}}, {"type": "Feature", "properties": {"layer": "building", "distance_m": 486.3, "source": "OpenStreetMap", "in_industrial_zone": false, "ghsl_2018": 1}, "geometry": {"type": "Polygon", "coordinates": [[[73.2026728, 22.237122299999996], [73.20254019999999, 22.237127299999997], [73.20253769999998, 22.2370693], [73.20267020000001, 22.2370643], [73.2026728, 22.237122299999996]]]}}, {"type": "Feature", "properties": {"layer": "building", "distance_m": 499.4, "source": "OpenStreetMap", "in_industrial_zone": false, "ghsl_2018": 1}, "geometry": {"type": "Polygon", "coordinates": [[[73.2025188, 22.237127199999996], [73.2023863, 22.237132200000005], [73.2023837, 22.237074200000002], [73.20251629999998, 22.2370692], [73.2025188, 22.237127199999996]]]}}, {"type": "Feature", "properties": {"layer": "building", "distance_m": 494.1, "source": "OpenStreetMap", "in_industrial_zone": false, "ghsl_2018": 1}, "geometry": {"type": "Polygon", "coordinates": [[[73.2025153, 22.237040400000005], [73.2023827, 22.237045399999996], [73.2023802, 22.236987399999997], [73.2025127, 22.236982400000002], [73.2025153, 22.237040400000005]]]}}, {"type": "Feature", "properties": {"layer": "building", "distance_m": 495.7, "source": "Google Open Buildings", "in_industrial_zone": false, "ghsl_2018": 1}, "geometry": {"type": "Polygon", "coordinates": [[[73.2022522, 22.2367436], [73.2023271, 22.2367455], [73.2023213, 22.236938799999997], [73.2022464, 22.2369369], [73.20224799999998, 22.236883099999996], [73.2022249, 22.236882499999993], [73.2022274, 22.2367994], [73.2022505, 22.2368], [73.2022522, 22.2367436]]]}}, {"type": "Feature", "properties": {"layer": "building", "distance_m": 484.8, "source": "Google Open Buildings", "in_industrial_zone": false, "ghsl_2018": 1}, "geometry": {"type": "Polygon", "coordinates": [[[73.2022259, 22.236434799999998], [73.2022547, 22.236435999999998], [73.2022521, 22.236491600000004], [73.2022233, 22.2364905], [73.2022259, 22.236434799999998]]]}}, {"type": "Feature", "properties": {"layer": "building", "distance_m": 456.7, "source": "OpenStreetMap", "in_industrial_zone": false, "ghsl_2018": 1}, "geometry": {"type": "Polygon", "coordinates": [[[73.2021735, 22.236069199999992], [73.2021792, 22.23593230000001], [73.20227659999999, 22.235935799999996], [73.2022708, 22.2360727], [73.2021735, 22.236069199999992]]]}}, {"type": "Feature", "properties": {"layer": "building", "distance_m": 463.5, "source": "Google Open Buildings", "in_industrial_zone": false, "ghsl_2018": 1}, "geometry": {"type": "Polygon", "coordinates": [[[73.202245, 22.236118799999996], [73.2023017, 22.236120499999995], [73.20229719999999, 22.236251499999995], [73.20224049999999, 22.236249800000007], [73.202245, 22.236118799999996]]]}}, {"type": "Feature", "properties": {"layer": "building", "distance_m": 479.6, "source": "Google Open Buildings", "in_industrial_zone": false, "ghsl_2018": 1}, "geometry": {"type": "Polygon", "coordinates": [[[73.20217739999998, 22.236278999999996], [73.20221469999998, 22.236275799999998], [73.20221739999998, 22.236301899999994], [73.20217999999998, 22.236305200000004], [73.20217739999998, 22.236278999999996]]]}}, {"type": "Feature", "properties": {"layer": "building", "distance_m": 477.1, "source": "OpenStreetMap", "in_industrial_zone": false, "ghsl_2018": 1}, "geometry": {"type": "Polygon", "coordinates": [[[73.20195299999999, 22.23606430000001], [73.20195879999999, 22.2359275], [73.20205619999999, 22.235930999999997], [73.20205039999999, 22.2360678], [73.20195299999999, 22.23606430000001]]]}}, {"type": "Feature", "properties": {"layer": "building", "distance_m": 466.8, "source": "OpenStreetMap", "in_industrial_zone": false, "ghsl_2018": 1}, "geometry": {"type": "Polygon", "coordinates": [[[73.2020643, 22.236068099999997], [73.2020701, 22.235931200000003], [73.20216749999999, 22.235934699999998], [73.20216169999999, 22.236071599999995], [73.2020643, 22.236068099999997]]]}}, {"type": "Feature", "properties": {"layer": "building", "distance_m": 489.8, "source": "Google Open Buildings", "in_industrial_zone": false, "ghsl_2018": 1}, "geometry": {"type": "Polygon", "coordinates": [[[73.20186399999999, 22.235965499999995], [73.2019387, 22.235967700000003], [73.20193459999999, 22.236085099999993], [73.2018599, 22.2360828], [73.20186399999999, 22.235965499999995]]]}}, {"type": "Feature", "properties": {"layer": "building", "distance_m": 488.0, "source": "Google Open Buildings", "in_industrial_zone": false, "ghsl_2018": 1}, "geometry": {"type": "Polygon", "coordinates": [[[73.20215269999998, 22.236487], [73.2022544, 22.2364923], [73.20225079999999, 22.2365521], [73.20214909999999, 22.23654679999999], [73.20215269999998, 22.236487]]]}}, {"type": "Feature", "properties": {"layer": "flood_100yr"}, "geometry": {"type": "MultiPolygon", "coordinates": [[[[73.20541813663094, 22.207066666673754], [73.20541813663094, 22.20623333334042], [73.20625146996657, 22.20623333334042], [73.20625146996659, 22.20598376420271], [73.20602561181146, 22.206000411331956], [73.20538349716792, 22.205960841552837], [73.20280381480083, 22.206058045567147], [73.20125146995278, 22.20627202929217], [73.20125146995277, 22.207066666673754], [73.20291813662404, 22.207066666673757], [73.20291813662404, 22.206233333340425], [73.2045848032953, 22.20623333334042], [73.2045848032953, 22.207066666673754], [73.20541813663094, 22.207066666673754]]], [[[73.1945848032677, 22.208733333340415], [73.19375146993205, 22.208733333340415], [73.19375146993205, 22.210400000007088], [73.1945848032677, 22.21040000000708], [73.1945848032677, 22.208733333340415]]], [[[73.1804181365619, 22.227066666673736], [73.18041813656188, 22.2262333333404], [73.18125146989753, 22.2262333333404], [73.18125146989752, 22.225400000007074], [73.18208480323317, 22.225400000007067], [73.18208480323315, 22.226233333340396], [73.18375146990444, 22.2262333333404], [73.18375146990442, 22.225400000007074], [73.18458480324006, 22.225400000007074], [73.18458480324007, 22.22790000000706], [73.19041813658951, 22.227900000007065], [73.19041813658951, 22.230400000007066], [73.18958480325388, 22.230400000007066], [73.18958480325388, 22.2312333333404], [73.19041813658951, 22.2312333333404], [73.19041813658951, 22.232900000007067], [73.18958480325388, 22.232900000007067], [73.18958480325388, 22.2337333333404], [73.19041813658953, 22.233733333340393], [73.19041813658951, 22.234566666673725], [73.19208480326078, 22.23456666667373], [73.19208480326078, 22.230400000007066], [73.19958480328151, 22.230400000007066], [73.1995848032815, 22.2312333333404], [73.20041813661713, 22.2312333333404], [73.20041813661713, 22.233733333340396], [73.20125146995277, 22.233733333340396], [73.20125146995277, 22.23206666667373], [73.20458480329529, 22.23206666667373], [73.2045848032953, 22.234566666673736], [73.20541813663094, 22.234566666673725], [73.20541813663094, 22.232900000007067], [73.20625146996657, 22.232900000007067], [73.20625146996657, 22.236233333340397], [73.20875146997349, 22.236233333340405], [73.20875146997349, 22.237900000007063], [73.20958480330911, 22.237900000007066], [73.20958480330911, 22.23873333334039], [73.21041813664475, 22.23873333334039], [73.21041813664475, 22.239566666673728], [73.21291813665165, 22.239566666673724], [73.21291813665165, 22.24040000000706], [73.21208480331602, 22.24040000000706], [73.21208480331602, 22.241233333340386], [73.21291813665165, 22.241233333340386], [73.21291813665165, 22.24290000000706], [73.2137514699873, 22.242900000007054], [73.2137514699873, 22.244566666673727], [73.21458480332292, 22.244566666673723], [73.21458480332292, 22.245400000007052], [73.21541813665856, 22.24540000000706], [73.21541813665856, 22.247900000007053], [73.21458480332292, 22.247900000007053], [73.21458480332292, 22.249566666673715], [73.21625146999419, 22.249566666673708], [73.21625146999419, 22.252066666673713], [73.21541813665856, 22.252066666673716], [73.21541813665856, 22.254566666673714], [73.21625146999419, 22.254566666673714], [73.21625146999419, 22.25373333334038], [73.21708480332983, 22.25373333334038], [73.21708480332983, 22.252900000007042], [73.21791813666546, 22.25290000000705], [73.21791813666546, 22.25456666667371], [73.21949539994993, 22.254566667107245], [73.22006230322636, 22.254300568670082], [73.22023850467637, 22.25420995645788], [73.22212082751865, 22.253135030847396], [73.22389028407312, 22.251905169209135], [73.22553220263053, 22.25053057123881], [73.2256328085478, 22.250438293415662], [73.22719769932768, 22.24885943601513], [73.22859426845449, 22.247149258261224], [73.22980987412782, 22.245323248443615], [73.23083351475839, 22.243397943278847], [73.2316559284144, 22.24139077803954], [73.232269676459, 22.23931992856482], [73.23253781024354, 22.23790000053669], [73.23208480337127, 22.237900000007066], [73.23208480337125, 22.237066666673723], [73.23125147003563, 22.237066666673726], [73.2312514700356, 22.236233333340394], [73.23041813669998, 22.236233333340394], [73.23041813669997, 22.235400000007054], [73.2312514700356, 22.235400000007058], [73.23125147003562, 22.23456666667373], [73.23208480337125, 22.23456666667373], [73.23208480337125, 22.235400000007058], [73.23282229386375, 22.235400000224335], [73.23285092295893, 22.235062589870022], [73.23281317810573, 22.23291464869896], [73.23280685373675, 22.232822706104272], [73.23241183977473, 22.229962244637196], [73.23237923286864, 22.229805895101496], [73.23231923355436, 22.229566667105313], [73.23208480337125, 22.229566666673737], [73.23208480337125, 22.228733333340404], [73.23213156602742, 22.228733333453462], [73.2320732239127, 22.227607196508902], [73.23205834890598, 22.227466319266206], [73.23170750033877, 22.225264778985817], [73.23112555150898, 22.223106096872947], [73.23031816772003, 22.221011249109722], [73.22929320388607, 22.21900059069051], [73.22806062786428, 22.217093657732743], [73.22796918063072, 22.216966782241798], [73.2277472465122, 22.21668498351029], [73.22708480335625, 22.215746938875746], [73.22708480335744, 22.216233333340412], [73.22625147002181, 22.216233333340412], [73.22625147001884, 22.214711546238483], [73.22541813668609, 22.213759571748813], [73.22541813668617, 22.21540000000708], [73.22458480335052, 22.215400000007083], [73.22458480335054, 22.216233333340412], [73.22541813668617, 22.216233333340412], [73.22541813668616, 22.217066666673755], [73.2237514700149, 22.21706666667374], [73.2237514700149, 22.216233333340412], [73.22291813667927, 22.216233333340412], [73.22291813667927, 22.214566666673747], [73.22208480334363, 22.214566666673747], [73.22208480334363, 22.215400000007083], [73.22041813667236, 22.21540000000708], [73.22041813667236, 22.216233333340412], [73.21958480333674, 22.216233333340412], [73.21958480333674, 22.21706666667374], [73.2187514700011, 22.217066666673745], [73.2187514700011, 22.214566666673754], [73.21791813666546, 22.214566666673754], [73.21791813666546, 22.215400000007083], [73.21708480332983, 22.215400000007076], [73.21708480332983, 22.216233333340412], [73.21625146999419, 22.216233333340412], [73.21625146999419, 22.21540000000708], [73.21541813665856, 22.215400000007083], [73.21541813665856, 22.217066666673748], [73.21708480332983, 22.217066666673745], [73.21708480332983, 22.21790000000708], [73.22041813667236, 22.21790000000708], [73.22041813667236, 22.217066666673745], [73.221251470008, 22.217066666673745], [73.221251470008, 22.218733333340406], [73.22208480334363, 22.21873333334041], [73.22208480334362, 22.219566666673742], [73.221251470008, 22.21956666667374], [73.221251470008, 22.220400000007075], [73.22208480334363, 22.22040000000708], [73.22208480334362, 22.221233333340408], [73.22041813667235, 22.221233333340408], [73.22041813667236, 22.220400000007075], [73.21875147000108, 22.220400000007082], [73.21875147000111, 22.2187333333404], [73.21541813665856, 22.218733333340403], [73.21541813665856, 22.21790000000708], [73.21458480332292, 22.217900000007084], [73.21458480332292, 22.217066666673745], [73.21291813665165, 22.21706666667375], [73.21291813665165, 22.21540000000708], [73.21208480331602, 22.215400000007076], [73.21208480331602, 22.216233333340412], [73.21125146998038, 22.216233333340412], [73.21125146998038, 22.217900000007084], [73.21041813664475, 22.21790000000708], [73.21041813664475, 22.2187333333404], [73.20958480330911, 22.218733333340413], [73.20958480330911, 22.220400000007075], [73.20875146997348, 22.22040000000707], [73.20875146997348, 22.21956666667375], [73.20791813663784, 22.21956666667374], [73.20791813663784, 22.21790000000708], [73.20708480330222, 22.21790000000708], [73.20708480330222, 22.217066666673738], [73.20625146996656, 22.217066666673748], [73.20625146996656, 22.216233333340405], [73.20708480330221, 22.216233333340412], [73.20708480330221, 22.21540000000708], [73.20791813663784, 22.215400000007076], [73.20791813663784, 22.212900000007075], [73.20708480330221, 22.212900000007078], [73.20708480330221, 22.213733333340414], [73.20625146996656, 22.213733333340418], [73.20625146996656, 22.212066666673756], [73.20958480330911, 22.212066666673756], [73.20958480330911, 22.20873333334042], [73.21041813664475, 22.20873333334042], [73.21041813664475, 22.20790000000709], [73.21125146998038, 22.20790000000709], [73.21125146998031, 22.206330376038935], [73.21047174437983, 22.206233333468887], [73.21041813664475, 22.206233333340418], [73.21041813664475, 22.206226661450803], [73.20892233290414, 22.206040486355317], [73.20875146997321, 22.20603619944291], [73.20875146997348, 22.207900000007093], [73.20791813663784, 22.20790000000709], [73.20791813663784, 22.207066666673754], [73.20708480330221, 22.20706666667375], [73.20708480330221, 22.20790000000709], [73.2045848032953, 22.207900000007086], [73.2045848032953, 22.207066666673754], [73.20375146995967, 22.207066666673757], [73.20375146995967, 22.207900000007086], [73.20291813662404, 22.20790000000709], [73.20291813662404, 22.208733333340422], [73.20125146995277, 22.20873333334042], [73.20125146995277, 22.207900000007093], [73.20041813661713, 22.20790000000709], [73.20041813661727, 22.206386894147908], [73.2002498478894, 22.20641009015943], [73.20007564285247, 22.206443010374525], [73.19958480328161, 22.206559392910904], [73.1995848032815, 22.207066666673754], [73.19875146994586, 22.207066666673757], [73.19875146994586, 22.20790000000709], [73.19708480327459, 22.207900000007086], [73.19708480327579, 22.207207904413146], [73.19565428270595, 22.207680234157923], [73.19458480326787, 22.208131426008453], [73.1945848032677, 22.208733333340415], [73.19541813660332, 22.208733333340415], [73.19541813660332, 22.209566666673762], [73.19625146993896, 22.209566666673762], [73.19625146993896, 22.21123333334041], [73.19541813660332, 22.211233333340413], [73.19541813660332, 22.212066666673756], [73.1945848032677, 22.212066666673742], [73.1945848032677, 22.212900000007075], [73.19291813659642, 22.212900000007075], [73.19291813659642, 22.216233333340412], [73.19208480326078, 22.216233333340416], [73.19208480326078, 22.21540000000708], [73.19041813658951, 22.215400000007076], [73.19041813658951, 22.21623333334042], [73.18875146991826, 22.216233333340416], [73.18875146991824, 22.21540000000707], [73.18958480325388, 22.21540000000708], [73.18958480325388, 22.212900000007075], [73.18875146991826, 22.212900000007078], [73.18875146991826, 22.212066666673756], [73.18958480325388, 22.212066666673746], [73.18958480325388, 22.211233333340413], [73.18920821394191, 22.21123333386907], [73.18827293299681, 22.211951244891296], [73.1867417672331, 22.213356300310544], [73.18662709695734, 22.21347129107119], [73.18507191940265, 22.215195833612587], [73.18370894596265, 22.217056039186495], [73.18255174054316, 22.21903340619582], [73.18161182198016, 22.221108266971143], [73.18089854919647, 22.22325998326144], [73.18084998111948, 22.223437467119144], [73.18038378008733, 22.22556340108376], [73.18021319167609, 22.22706666811954], [73.1804181365619, 22.227066666673736]], [[73.20375146995967, 22.20873333334042], [73.20375146995967, 22.20956666667375], [73.20291813662404, 22.20956666667375], [73.20291813662404, 22.208733333340422], [73.20375146995967, 22.20873333334042]], [[73.20291813662404, 22.210400000007088], [73.2020848032884, 22.21040000000708], [73.2020848032884, 22.209566666673755], [73.20291813662404, 22.20956666667375], [73.20291813662404, 22.210400000007088]], [[73.20125146995277, 22.20956666667376], [73.20041813661713, 22.209566666673755], [73.20041813661713, 22.20873333334041], [73.20125146995277, 22.20873333334042], [73.20125146995277, 22.20956666667376]], [[73.2187514700011, 22.252900000007052], [73.21958480333674, 22.25290000000705], [73.21958480333674, 22.253733333340378], [73.2187514700011, 22.25373333334038], [73.2187514700011, 22.252900000007052]], [[73.21958480333674, 22.248733333340386], [73.22041813667236, 22.248733333340386], [73.22041813667236, 22.249566666673715], [73.21958480333674, 22.249566666673708], [73.21958480333674, 22.248733333340386]], [[73.22041813667236, 22.247900000007053], [73.22041813667236, 22.24706666667372], [73.22208480334363, 22.247066666673717], [73.22208480334363, 22.248733333340383], [73.221251470008, 22.248733333340386], [73.221251470008, 22.247900000007053], [73.22041813667236, 22.247900000007053]], [[73.2187514700011, 22.247066666673714], [73.2187514700011, 22.246233333340385], [73.22041813667236, 22.246233333340385], [73.22041813667236, 22.24706666667372], [73.2187514700011, 22.247066666673714]], [[73.2237514700149, 22.240400000007053], [73.22625147002181, 22.24040000000706], [73.22625147002181, 22.24290000000705], [73.2237514700149, 22.242900000007054], [73.2237514700149, 22.240400000007053]], [[73.21958480333674, 22.239566666673735], [73.22041813667236, 22.23956666667373], [73.22041813667236, 22.23873333334039], [73.21958480333674, 22.238733333340395], [73.21958480333674, 22.237900000007063], [73.22041813667236, 22.237900000007063], [73.22041813667238, 22.236233333340397], [73.22208480334363, 22.236233333340394], [73.22208480334363, 22.23540000000706], [73.22458480335052, 22.235400000007058], [73.22458480335054, 22.23623333334039], [73.22541813668617, 22.236233333340394], [73.22541813668617, 22.23540000000706], [73.2262514700218, 22.23540000000706], [73.22625147002181, 22.23623333334039], [73.22708480335744, 22.23623333334039], [73.22708480335744, 22.235400000007054], [73.22791813669308, 22.235400000007054], [73.22791813669308, 22.237066666673726], [73.22875147002871, 22.237066666673723], [73.22875147002871, 22.23873333334039], [73.22708480335744, 22.23873333334039], [73.22708480335744, 22.239566666673728], [73.22208480334363, 22.239566666673728], [73.22208480334363, 22.24206666667373], [73.221251470008, 22.24206666667372], [73.221251470008, 22.24040000000706], [73.22041813667235, 22.240400000007053], [73.22041813667235, 22.241233333340382], [73.21958480333674, 22.24123333334039], [73.21958480333674, 22.239566666673735]], [[73.23041813669998, 22.241233333340382], [73.23125147003562, 22.241233333340386], [73.23125147003562, 22.24206666667373], [73.23041813669997, 22.24206666667373], [73.23041813669998, 22.241233333340382]], [[73.21541813665857, 22.237900000007063], [73.21625146999419, 22.237900000007063], [73.21625146999419, 22.23873333334039], [73.21541813665856, 22.238733333340395], [73.21541813665857, 22.237900000007063]], [[73.21791813666546, 22.232066666673735], [73.21958480333674, 22.232066666673727], [73.21958480333673, 22.23456666667372], [73.2187514700011, 22.234566666673725], [73.2187514700011, 22.237066666673723], [73.21625146999419, 22.237066666673726], [73.21625146999419, 22.2312333333404], [73.21708480332983, 22.2312333333404], [73.21708480332983, 22.232900000007067], [73.21791813666547, 22.232900000007067], [73.21791813666546, 22.232066666673735]], [[73.22625147002181, 22.233733333340396], [73.22708480335744, 22.2337333333404], [73.22708480335744, 22.23456666667373], [73.22625147002181, 22.234566666673725], [73.22625147002181, 22.233733333340396]], [[73.23041813669998, 22.232900000007067], [73.23125147003562, 22.232900000007067], [73.23125147003562, 22.233733333340403], [73.23041813669998, 22.233733333340396], [73.23041813669998, 22.232900000007067]], [[73.20875146997348, 22.232066666673727], [73.20958480330913, 22.23206666667373], [73.20958480330911, 22.232900000007067], [73.20875146997346, 22.23290000000706], [73.20875146997348, 22.232066666673727]], [[73.21208480331603, 22.23206666667373], [73.21291813665165, 22.23206666667373], [73.21291813665165, 22.232900000007067], [73.21208480331602, 22.232900000007067], [73.21208480331603, 22.23206666667373]], [[73.21458480332292, 22.23040000000707], [73.21541813665856, 22.230400000007066], [73.21541813665856, 22.2312333333404], [73.21458480332292, 22.23123333334039], [73.21458480332292, 22.23040000000707]], [[73.18708480324698, 22.2262333333404], [73.18875146991826, 22.226233333340392], [73.18875146991826, 22.227066666673732], [73.18708480324698, 22.227066666673732], [73.18708480324698, 22.2262333333404]], [[73.20541813663094, 22.218733333340406], [73.2045848032953, 22.21873333334041], [73.2045848032953, 22.217900000007084], [73.20375146995967, 22.21790000000708], [73.20375146995967, 22.217066666673748], [73.20541813663094, 22.217066666673748], [73.20541813663094, 22.218733333340406]], [[73.18708480324698, 22.215400000007076], [73.18791813658261, 22.21540000000708], [73.18791813658261, 22.216233333340412], [73.18708480324698, 22.216233333340412], [73.18708480324698, 22.215400000007076]]], [[[73.20958480330911, 22.21290000000708], [73.20875146997348, 22.21290000000708], [73.20875146997348, 22.213733333340414], [73.20958480330911, 22.21373333334041], [73.20958480330911, 22.216233333340412], [73.21125146998038, 22.216233333340412], [73.21125146998038, 22.215400000007076], [73.21041813664475, 22.215400000007076], [73.21041813664475, 22.212066666673756], [73.20958480330911, 22.212066666673756], [73.20958480330911, 22.21290000000708]]], [[[73.20875146997348, 22.21540000000708], [73.20791813663784, 22.215400000007076], [73.20791813663784, 22.21706666667375], [73.20875146997348, 22.217066666673748], [73.20875146997348, 22.21540000000708]]], [[[73.22375147001489, 22.237066666673723], [73.22291813667925, 22.23706666667373], [73.22291813667927, 22.237900000007063], [73.2237514700149, 22.237900000007066], [73.22375147001489, 22.237066666673723]]], [[[73.22625147002182, 22.237900000007063], [73.22541813668617, 22.23790000000706], [73.22541813668617, 22.23873333334039], [73.22625147002181, 22.238733333340395], [73.22625147002182, 22.237900000007063]]], [[[73.21458480332292, 22.24623333334039], [73.21458480332292, 22.245400000007052], [73.21291813665165, 22.245400000007056], [73.21291813665165, 22.24623333334039], [73.21458480332292, 22.24623333334039]]], [[[73.21625146999419, 22.255400000007047], [73.21541813665856, 22.255400000007047], [73.2154181366585, 22.256128745272402], [73.21648633122773, 22.25580358822961], [73.2167421935504, 22.255715568190734], [73.2170848033297, 22.2555838494408], [73.21708480332983, 22.255400000007047], [73.21756300312558, 22.25540000052916], [73.21791813666536, 22.255263464503518], [73.21791813666546, 22.25456666667371], [73.21625146999419, 22.254566666673714], [73.21625146999419, 22.255400000007047]]]]}}, {"type": "Feature", "properties": {"layer": "airport", "name": "Vadodara Green Airport Harni", "icao": "VABO", "distance_m": 10019.3}, "geometry": {"type": "Polygon", "coordinates": [[[73.2181248, 22.3263243], [73.2182612, 22.3261173], [73.2182051, 22.325946899999998], [73.2197135, 22.325794], [73.2221818, 22.324553999999996], [73.2222157, 22.32429460000001], [73.2236361, 22.323952599999995], [73.2237532, 22.324970099999998], [73.2242585, 22.32534340000001], [73.2244957, 22.3253064], [73.2253954, 22.3257596], [73.2275644, 22.326489199999997], [73.2278633, 22.326571800000004], [73.2307194, 22.3267856], [73.2306886, 22.327024999999992], [73.2321182, 22.3279484], [73.2321737, 22.3282847], [73.2322908, 22.328472799999993], [73.2327837, 22.328615299999992], [73.2329008, 22.3285042], [73.2333969, 22.328943099999996], [73.233381, 22.329253999999995], [73.2336471, 22.329809800000003], [73.233587, 22.331016599999995], [73.2333037, 22.332001000000005], [73.2328059, 22.331905799999994], [73.2328059, 22.332278900000002], [73.2322051, 22.332231299999993], [73.2320849, 22.33323959999999], [73.2319648, 22.33323959999999], [73.2319304, 22.333684200000008], [73.2321364, 22.334160499999996], [73.2316987, 22.334271700000002], [73.2317931, 22.334978300000003], [73.2314584, 22.335279899999993], [73.2315442, 22.335494300000004], [73.230746, 22.3354864], [73.2301537, 22.3362247], [73.2311408, 22.338487300000004], [73.2322223, 22.339654299999992], [73.234574, 22.3420677], [73.2356641, 22.341670800000003], [73.237106, 22.342512299999996], [73.238754, 22.344068299999996], [73.2378356, 22.344941500000008], [73.2380244, 22.344973300000003], [73.2382476, 22.345449599999995], [73.2390286, 22.3459021], [73.2391231, 22.346481599999997], [73.2383334, 22.3473072], [73.2388484, 22.3478073], [73.237312, 22.3485932], [73.2361619, 22.3489822], [73.2360675, 22.348648800000003], [73.2369086, 22.348458299999997], [73.2365481, 22.348013699999996], [73.2349517, 22.3469023], [73.2331321, 22.344830399999996], [73.2325828, 22.344346100000003], [73.23054, 22.3423694], [73.2304198, 22.3420201], [73.2310807, 22.341980399999997], [73.2302567, 22.341361200000005], [73.2292268, 22.3412103], [73.2292697, 22.340948399999995], [73.2291409, 22.340813399999995], [73.2286345, 22.3407578], [73.2286517, 22.3404244], [73.2281367, 22.3403688], [73.2258965, 22.338789], [73.2256734, 22.3384953], [73.2244975, 22.3378363], [73.2244718, 22.337280599999996], [73.2198181, 22.333567500000004], [73.2199663, 22.333418099999992], [73.2195853, 22.333090799999987], [73.2192566, 22.333381799999998], [73.2183588, 22.332692299999994], [73.2184377, 22.332604599999996], [73.2179904, 22.332250699999996], [73.2166779, 22.3310274], [73.2160447, 22.331619499999995], [73.2158113, 22.33182179999999], [73.2147333, 22.328663799999994], [73.214318, 22.327435900000005], [73.2144725, 22.327332700000003], [73.2148759, 22.32793609999999], [73.2150021, 22.327945700000004], [73.215348, 22.327769299999996], [73.2153308, 22.32726119999999], [73.2155024, 22.327086499999997], [73.21560910000001, 22.326981300000003], [73.2159229, 22.326941600000005], [73.2161696, 22.326753100000005], [73.2167136, 22.326642099999997], [73.2166581, 22.3264437], [73.2170241, 22.326304500000003], [73.2181248, 22.3263243]]]}}, {"type": "Feature", "properties": {"layer": "airport_reference_point", "name": "Vadodara Green Airport Harni", "icao": "VABO", "distance_m": 11402.3}, "geometry": {"type": "Point", "coordinates": [73.226303, 22.336201000000003]}}]}